source,timestamp,acquisition_order,block,nominal_speed_um_per_s,baseline_method,distance_nm,force_median_pN,force_q25_pN,force_q75_pN,pixel_count
27-08-26/0/map1-0.2-data-2026.08.27-14.00.12.429.jpk-force-map,2026-08-27T14:00:12.429000,1,1,0.2,linear_drift_corrected,5.0,6327.941030225064,6124.942460925167,6559.9976100690565,64
27-08-26/0/map1-0.2-data-2026.08.27-14.00.12.429.jpk-force-map,2026-08-27T14:00:12.429000,1,1,0.2,linear_drift_corrected,10.0,4439.418096803163,4270.532731262709,4570.1546340277955,64
27-08-26/0/map1-0.2-data-2026.08.27-14.00.12.429.jpk-force-map,2026-08-27T14:00:12.429000,1,1,0.2,linear_drift_corrected,15.0,3150.1440517190435,3026.9143860017675,3231.065154063718,64
27-08-26/0/map1-0.2-data-2026.08.27-14.00.12.429.jpk-force-map,2026-08-27T14:00:12.429000,1,1,0.2,linear_drift_corrected,20.0,2283.3912604931525,2200.143934033461,2342.4480641484556,64
27-08-26/0/map1-0.2-data-2026.08.27-14.00.12.429.jpk-force-map,2026-08-27T14:00:12.429000,1,1,0.2,linear_drift_corrected,25.0,1673.799671049852,1623.171004478857,1732.895984242317,64
27-08-26/0/map1-0.2-data-2026.08.27-14.00.12.429.jpk-force-map,2026-08-27T14:00:12.429000,1,1,0.2,linear_drift_corrected,30.0,1251.0471709889198,1206.1393501525183,1289.5184302495647,64
27-08-26/0/map1-0.2-data-2026.08.27-14.00.12.429.jpk-force-map,2026-08-27T14:00:12.429000,1,1,0.2,linear_drift_corrected,35.0,943.1625151510164,901.8733869815188,971.4364913976656,64
27-08-26/0/map1-0.2-data-2026.08.27-14.00.12.429.jpk-force-map,2026-08-27T14:00:12.429000,1,1,0.2,linear_drift_corrected,40.0,708.5358925136377,677.8623677721495,734.061993392411,64
27-08-26/0/map1-0.2-data-2026.08.27-14.00.12.429.jpk-force-map,2026-08-27T14:00:12.429000,1,1,0.2,linear_drift_corrected,45.0,535.5740699142734,508.5465692174665,558.4949367304264,64
27-08-26/0/map1-0.2-data-2026.08.27-14.00.12.429.jpk-force-map,2026-08-27T14:00:12.429000,1,1,0.2,linear_drift_corrected,50.0,405.10899836878775,388.2213258125368,423.1993129984989,64
27-08-26/0/map1-0.2-data-2026.08.27-14.00.12.429.jpk-force-map,2026-08-27T14:00:12.429000,1,1,0.2,linear_drift_corrected,55.0,310.5063765553962,292.0116916227064,326.70752891232974,64
27-08-26/0/map1-0.2-data-2026.08.27-14.00.12.429.jpk-force-map,2026-08-27T14:00:12.429000,1,1,0.2,linear_drift_corrected,60.0,234.14637641422433,217.54562585786283,250.30881530253373,64
27-08-26/0/map1-0.2-data-2026.08.27-14.00.12.429.jpk-force-map,2026-08-27T14:00:12.429000,1,1,0.2,linear_drift_corrected,65.0,180.40826126437472,163.64696284306865,192.74707525729676,64
27-08-26/0/map1-0.2-data-2026.08.27-14.00.12.429.jpk-force-map,2026-08-27T14:00:12.429000,1,1,0.2,linear_drift_corrected,70.0,138.45009236178134,127.01839372962213,149.2293742566548,64
27-08-26/0/map1-0.2-data-2026.08.27-14.00.12.429.jpk-force-map,2026-08-27T14:00:12.429000,1,1,0.2,linear_drift_corrected,75.0,106.4358735002899,97.40897568712862,116.90699586893854,64
27-08-26/0/map1-0.2-data-2026.08.27-14.00.12.429.jpk-force-map,2026-08-27T14:00:12.429000,1,1,0.2,linear_drift_corrected,80.0,84.00661670998272,73.08734783196624,92.02551752176626,64
27-08-26/0/map1-0.2-data-2026.08.27-14.00.12.429.jpk-force-map,2026-08-27T14:00:12.429000,1,1,0.2,linear_drift_corrected,85.0,64.82542180356276,56.58870000989819,74.1868922306755,64
27-08-26/0/map1-0.2-data-2026.08.27-14.00.12.429.jpk-force-map,2026-08-27T14:00:12.429000,1,1,0.2,linear_drift_corrected,90.0,50.39760722447879,43.56289350685585,58.519829020447254,64
27-08-26/0/map1-0.2-data-2026.08.27-14.00.12.429.jpk-force-map,2026-08-27T14:00:12.429000,1,1,0.2,linear_drift_corrected,95.0,39.68491648982015,32.72716900685691,45.556562106843074,64
27-08-26/0/map1-0.2-data-2026.08.27-14.00.12.429.jpk-force-map,2026-08-27T14:00:12.429000,1,1,0.2,linear_drift_corrected,100.0,32.64878689652906,24.617066669325222,39.452178145709034,64
27-08-26/0/map1-0.2-data-2026.08.27-14.00.12.429.jpk-force-map,2026-08-27T14:00:12.429000,1,1,0.2,linear_drift_corrected,105.0,27.025868397739494,18.755498953889195,31.06549285131011,64
27-08-26/0/map1-0.2-data-2026.08.27-14.00.12.429.jpk-force-map,2026-08-27T14:00:12.429000,1,1,0.2,linear_drift_corrected,110.0,21.92072928224998,13.883783477724963,26.852360803235612,64
27-08-26/0/map1-0.2-data-2026.08.27-14.00.12.429.jpk-force-map,2026-08-27T14:00:12.429000,1,1,0.2,linear_drift_corrected,115.0,18.56607298403619,11.143692599096202,24.8988841963789,64
27-08-26/0/map1-0.2-data-2026.08.27-14.00.12.429.jpk-force-map,2026-08-27T14:00:12.429000,1,1,0.2,linear_drift_corrected,120.0,17.731230592020225,7.88663416451152,22.216243099181998,64
27-08-26/0/map1-0.2-data-2026.08.27-14.00.12.429.jpk-force-map,2026-08-27T14:00:12.429000,1,1,0.2,linear_drift_corrected,125.0,13.377238120010805,6.322075471280432,20.351687054904943,64
27-08-26/0/map1-0.2-data-2026.08.27-14.00.12.429.jpk-force-map,2026-08-27T14:00:12.429000,1,1,0.2,linear_drift_corrected,130.0,12.60538236788377,5.992857696106998,18.879408552010048,64
27-08-26/0/map1-0.2-data-2026.08.27-14.00.12.429.jpk-force-map,2026-08-27T14:00:12.429000,1,1,0.2,linear_drift_corrected,135.0,10.583444416525651,3.5049063253011035,16.788651166786586,64
27-08-26/0/map1-0.2-data-2026.08.27-14.00.12.429.jpk-force-map,2026-08-27T14:00:12.429000,1,1,0.2,linear_drift_corrected,140.0,9.95867940280892,3.3565212609763986,16.22002659122368,64
27-08-26/0/map1-0.2-data-2026.08.27-14.00.12.429.jpk-force-map,2026-08-27T14:00:12.429000,1,1,0.2,linear_drift_corrected,145.0,8.613009095410442,1.5058270617769467,14.117354550784604,64
27-08-26/0/map1-0.2-data-2026.08.27-14.00.12.429.jpk-force-map,2026-08-27T14:00:12.429000,1,1,0.2,linear_drift_corrected,150.0,7.462967979131154,-0.5286742433465651,13.348472183526518,64
27-08-26/0/map1-0.2-data-2026.08.27-14.00.12.429.jpk-force-map,2026-08-27T14:00:12.429000,1,1,0.2,linear_drift_corrected,155.0,9.138496533303616,0.16090336050045614,14.151025089242552,64
27-08-26/0/map1-0.2-data-2026.08.27-14.00.12.429.jpk-force-map,2026-08-27T14:00:12.429000,1,1,0.2,linear_drift_corrected,160.0,7.316109440017973,-0.020069403078596365,13.820747026505808,64
27-08-26/0/map1-0.2-data-2026.08.27-14.00.12.429.jpk-force-map,2026-08-27T14:00:12.429000,1,1,0.2,linear_drift_corrected,165.0,6.69094001293595,-1.1707800012474152,12.179081579672578,64
27-08-26/0/map1-0.2-data-2026.08.27-14.00.12.429.jpk-force-map,2026-08-27T14:00:12.429000,1,1,0.2,linear_drift_corrected,170.0,4.973527320599164,-1.8112069083371776,11.68254187304657,64
27-08-26/0/map1-0.2-data-2026.08.27-14.00.12.429.jpk-force-map,2026-08-27T14:00:12.429000,1,1,0.2,linear_drift_corrected,175.0,6.2770481732688115,-0.8343191145393997,12.336435365288477,64
27-08-26/0/map1-0.2-data-2026.08.27-14.00.12.429.jpk-force-map,2026-08-27T14:00:12.429000,1,1,0.2,linear_drift_corrected,180.0,5.928492188870651,-0.6426964687934377,11.764559358430652,64
27-08-26/0/map1-0.2-data-2026.08.27-14.00.12.429.jpk-force-map,2026-08-27T14:00:12.429000,1,1,0.2,linear_drift_corrected,185.0,5.703952880951016,-0.29205111904453995,10.758948021283905,64
27-08-26/0/map1-0.2-data-2026.08.27-14.00.12.429.jpk-force-map,2026-08-27T14:00:12.429000,1,1,0.2,linear_drift_corrected,190.0,4.6603670953764444,-1.6031148443287635,10.46130511274482,64
27-08-26/0/map1-0.2-data-2026.08.27-14.00.12.429.jpk-force-map,2026-08-27T14:00:12.429000,1,1,0.2,linear_drift_corrected,195.0,3.839533167750827,-1.4047843183782107,7.499900284992231,64
27-08-26/0/map1-0.2-data-2026.08.27-14.00.12.429.jpk-force-map,2026-08-27T14:00:12.429000,1,1,0.2,linear_drift_corrected,200.0,4.331089835333705,-0.49852082959873467,8.53834226975312,64
27-08-26/0/map1-0.2-data-2026.08.27-14.00.12.429.jpk-force-map,2026-08-27T14:00:12.429000,1,1,0.2,linear_drift_corrected,205.0,4.29710425693381,-0.6964326098601812,8.422241600562938,64
27-08-26/0/map1-0.2-data-2026.08.27-14.00.12.429.jpk-force-map,2026-08-27T14:00:12.429000,1,1,0.2,linear_drift_corrected,210.0,2.6052631522602447,-1.4298308347706763,6.3808042649874395,64
27-08-26/0/map1-0.2-data-2026.08.27-14.00.12.429.jpk-force-map,2026-08-27T14:00:12.429000,1,1,0.2,linear_drift_corrected,215.0,3.2220205948947,-2.7109866520822337,7.621660610038699,64
27-08-26/0/map1-0.2-data-2026.08.27-14.00.12.429.jpk-force-map,2026-08-27T14:00:12.429000,1,1,0.2,linear_drift_corrected,220.0,2.808869955362903,-0.9900325696931892,7.862262995688029,64
27-08-26/0/map1-0.2-data-2026.08.27-14.00.12.429.jpk-force-map,2026-08-27T14:00:12.429000,1,1,0.2,linear_drift_corrected,225.0,2.8259267301788613,-0.4742414568809965,5.949198211178675,64
27-08-26/0/map1-0.2-data-2026.08.27-14.00.12.429.jpk-force-map,2026-08-27T14:00:12.429000,1,1,0.2,linear_drift_corrected,230.0,2.493466891988273,-1.6264201999807988,5.7691428697669656,64
27-08-26/0/map1-0.2-data-2026.08.27-14.00.12.429.jpk-force-map,2026-08-27T14:00:12.429000,1,1,0.2,linear_drift_corrected,235.0,2.565597220841026,-1.5124723831526263,5.011566892329725,64
27-08-26/0/map1-0.2-data-2026.08.27-14.00.12.429.jpk-force-map,2026-08-27T14:00:12.429000,1,1,0.2,linear_drift_corrected,240.0,1.564149008539062,-1.6506808082673907,5.665521016500001,64
27-08-26/0/map1-0.2-data-2026.08.27-14.00.12.429.jpk-force-map,2026-08-27T14:00:12.429000,1,1,0.2,linear_drift_corrected,245.0,1.0072822372777377,-1.9882797547325182,4.652565852425285,64
27-08-26/0/map1-0.2-data-2026.08.27-14.00.12.429.jpk-force-map,2026-08-27T14:00:12.429000,1,1,0.2,linear_drift_corrected,250.0,1.0618763157337354,-1.9438161147138613,3.9164175077978123,64
27-08-26/0/map1-0.2-data-2026.08.27-14.00.12.429.jpk-force-map,2026-08-27T14:00:12.429000,1,1,0.2,linear_drift_corrected,255.0,0.9477928465573737,-1.7351277538919463,3.419988916103378,64
27-08-26/0/map1-0.2-data-2026.08.27-14.00.12.429.jpk-force-map,2026-08-27T14:00:12.429000,1,1,0.2,linear_drift_corrected,260.0,1.137366883020336,-2.0582544632859747,3.4840879366215285,64
27-08-26/0/map1-0.2-data-2026.08.27-14.00.12.429.jpk-force-map,2026-08-27T14:00:12.429000,1,1,0.2,linear_drift_corrected,265.0,0.4668509471600228,-1.665062827042088,2.7858110098204096,64
27-08-26/0/map1-0.2-data-2026.08.27-14.00.12.429.jpk-force-map,2026-08-27T14:00:12.429000,1,1,0.2,linear_drift_corrected,270.0,0.5540083920551188,-1.4956084006382078,2.165220931818693,64
27-08-26/0/map1-0.2-data-2026.08.27-14.00.12.429.jpk-force-map,2026-08-27T14:00:12.429000,1,1,0.2,linear_drift_corrected,275.0,-0.4740225558117708,-2.0858517417118607,1.4320805117242519,64
27-08-26/0/map1-0.2-data-2026.08.27-14.00.12.429.jpk-force-map,2026-08-27T14:00:12.429000,1,1,0.2,linear_drift_corrected,280.0,0.47874330674638615,-1.0482511317868644,1.758254107659561,64
27-08-26/0/map1-0.2-data-2026.08.27-14.00.12.429.jpk-force-map,2026-08-27T14:00:12.429000,1,1,0.2,linear_drift_corrected,285.0,-0.4573233703971542,-2.1214838690954845,1.4168751871948158,64
27-08-26/0/map1-0.2-data-2026.08.27-14.00.12.429.jpk-force-map,2026-08-27T14:00:12.429000,1,1,0.2,linear_drift_corrected,290.0,-0.31408913658534365,-1.653862722420924,1.182802796929537,64
27-08-26/0/map1-0.2-data-2026.08.27-14.00.12.429.jpk-force-map,2026-08-27T14:00:12.429000,1,1,0.2,linear_drift_corrected,295.0,-0.18808338986529885,-1.8504720887947221,1.0708121849870627,64
27-08-26/0/map1-0.2-data-2026.08.27-14.00.12.429.jpk-force-map,2026-08-27T14:00:12.429000,1,1,0.2,linear_drift_corrected,300.0,-0.3631434078721978,-1.6777145901985202,0.6090722318788707,64
27-08-26/0/map1-0.2-data-2026.08.27-14.00.12.429.jpk-force-map,2026-08-27T14:00:12.429000,1,1,0.2,linear_drift_corrected,305.0,0.11796557118212597,-1.5615479437850983,2.075541997617244,64
27-08-26/0/map1-0.2-data-2026.08.27-14.00.12.429.jpk-force-map,2026-08-27T14:00:12.429000,1,1,0.2,linear_drift_corrected,310.0,0.2986468519556563,-1.586979946044971,2.440677922273965,64
27-08-26/0/map1-0.2-data-2026.08.27-14.00.12.429.jpk-force-map,2026-08-27T14:00:12.429000,1,1,0.2,linear_drift_corrected,315.0,0.1566778098729192,-1.907775353880791,2.24737672780735,64
27-08-26/0/map1-0.2-data-2026.08.27-14.00.12.429.jpk-force-map,2026-08-27T14:00:12.429000,1,1,0.2,linear_drift_corrected,320.0,-0.41315363670083605,-2.7643652205549754,2.5236531458929212,64
27-08-26/0/map1-0.2-data-2026.08.27-14.00.12.429.jpk-force-map,2026-08-27T14:00:12.429000,1,1,0.2,linear_drift_corrected,325.0,0.3080821017343748,-2.2421103296058873,2.084702805171871,64
27-08-26/0/map1-0.2-data-2026.08.27-14.00.12.429.jpk-force-map,2026-08-27T14:00:12.429000,1,1,0.2,linear_drift_corrected,330.0,-0.892728204223646,-2.0071729870879422,0.9717916420879074,64
27-08-26/0/map1-0.2-data-2026.08.27-14.00.12.429.jpk-force-map,2026-08-27T14:00:12.429000,1,1,0.2,linear_drift_corrected,335.0,0.20718697248565512,-1.7559503788909665,1.8823529050322407,64
27-08-26/0/map1-0.2-data-2026.08.27-14.00.12.429.jpk-force-map,2026-08-27T14:00:12.429000,1,1,0.2,linear_drift_corrected,340.0,0.06456584029680346,-1.8006204923304159,1.7241319464580518,64
27-08-26/0/map1-0.2-data-2026.08.27-14.00.12.429.jpk-force-map,2026-08-27T14:00:12.429000,1,1,0.2,linear_drift_corrected,345.0,0.31392751684157716,-1.4131080566915282,1.4048443982301222,63
27-08-26/0/map1-0.2-data-2026.08.27-14.00.12.429.jpk-force-map,2026-08-27T14:00:12.429000,1,1,0.2,linear_drift_corrected,350.0,0.3865922066311738,-1.5572463569538049,1.887546074914515,63
27-08-26/0/map1-0.2-data-2026.08.27-14.00.12.429.jpk-force-map,2026-08-27T14:00:12.429000,1,1,0.2,linear_drift_corrected,355.0,-0.7081953002977751,-1.6412870499616115,1.8121776387068067,62
27-08-26/0/map1-0.2-data-2026.08.27-14.00.12.429.jpk-force-map,2026-08-27T14:00:12.429000,1,1,0.2,linear_drift_corrected,360.0,0.7353329989847696,-1.0915068071704597,2.241599851042985,61
27-08-26/0/map1-0.2-data-2026.08.27-14.00.12.429.jpk-force-map,2026-08-27T14:00:12.429000,1,1,0.2,linear_drift_corrected,365.0,-1.5975417020033924,-3.046246731968072,0.7169106451228893,26
27-08-26/0/map1-0.2-data-2026.08.27-14.00.12.429.jpk-force-map,2026-08-27T14:00:12.429000,1,1,0.2,far_constant_referenced,5.0,6317.12150447617,6148.173697902193,6547.16632123563,64
27-08-26/0/map1-0.2-data-2026.08.27-14.00.12.429.jpk-force-map,2026-08-27T14:00:12.429000,1,1,0.2,far_constant_referenced,10.0,4426.359649147898,4271.6917354007255,4570.446116914372,64
27-08-26/0/map1-0.2-data-2026.08.27-14.00.12.429.jpk-force-map,2026-08-27T14:00:12.429000,1,1,0.2,far_constant_referenced,15.0,3137.690428361165,3029.8087028036234,3235.9376583725307,64
27-08-26/0/map1-0.2-data-2026.08.27-14.00.12.429.jpk-force-map,2026-08-27T14:00:12.429000,1,1,0.2,far_constant_referenced,20.0,2271.614912974724,2202.543130117895,2336.9911886818177,64
27-08-26/0/map1-0.2-data-2026.08.27-14.00.12.429.jpk-force-map,2026-08-27T14:00:12.429000,1,1,0.2,far_constant_referenced,25.0,1671.9932506072214,1624.5122904210982,1709.6458140625664,64
27-08-26/0/map1-0.2-data-2026.08.27-14.00.12.429.jpk-force-map,2026-08-27T14:00:12.429000,1,1,0.2,far_constant_referenced,30.0,1245.0691646012178,1217.7095530455429,1275.3764542448018,64
27-08-26/0/map1-0.2-data-2026.08.27-14.00.12.429.jpk-force-map,2026-08-27T14:00:12.429000,1,1,0.2,far_constant_referenced,35.0,938.0208365949292,907.3148231647292,958.4506336090184,64
27-08-26/0/map1-0.2-data-2026.08.27-14.00.12.429.jpk-force-map,2026-08-27T14:00:12.429000,1,1,0.2,far_constant_referenced,40.0,709.4496450833248,683.8969431393604,721.864778637186,64
27-08-26/0/map1-0.2-data-2026.08.27-14.00.12.429.jpk-force-map,2026-08-27T14:00:12.429000,1,1,0.2,far_constant_referenced,45.0,538.2081983222124,516.4694584446179,545.929521656491,64
27-08-26/0/map1-0.2-data-2026.08.27-14.00.12.429.jpk-force-map,2026-08-27T14:00:12.429000,1,1,0.2,far_constant_referenced,50.0,406.39748686912685,394.59147028004116,415.33237625145256,64
27-08-26/0/map1-0.2-data-2026.08.27-14.00.12.429.jpk-force-map,2026-08-27T14:00:12.429000,1,1,0.2,far_constant_referenced,55.0,310.68933496701777,298.6694628907186,317.15859707779475,64
27-08-26/0/map1-0.2-data-2026.08.27-14.00.12.429.jpk-force-map,2026-08-27T14:00:12.429000,1,1,0.2,far_constant_referenced,60.0,233.09518824045117,227.50936724511246,241.19259079115008,64
27-08-26/0/map1-0.2-data-2026.08.27-14.00.12.429.jpk-force-map,2026-08-27T14:00:12.429000,1,1,0.2,far_constant_referenced,65.0,178.95449737410001,170.35601615419338,185.44108884649037,64
27-08-26/0/map1-0.2-data-2026.08.27-14.00.12.429.jpk-force-map,2026-08-27T14:00:12.429000,1,1,0.2,far_constant_referenced,70.0,138.84119426358998,131.93745096857094,142.5306082244935,64
27-08-26/0/map1-0.2-data-2026.08.27-14.00.12.429.jpk-force-map,2026-08-27T14:00:12.429000,1,1,0.2,far_constant_referenced,75.0,106.03714032209052,99.73521523056425,110.36436149655418,64
27-08-26/0/map1-0.2-data-2026.08.27-14.00.12.429.jpk-force-map,2026-08-27T14:00:12.429000,1,1,0.2,far_constant_referenced,80.0,81.67980206382092,78.54865722871673,86.31472333557733,64
27-08-26/0/map1-0.2-data-2026.08.27-14.00.12.429.jpk-force-map,2026-08-27T14:00:12.429000,1,1,0.2,far_constant_referenced,85.0,62.61949971961405,60.10551295813527,67.42618834090322,64
27-08-26/0/map1-0.2-data-2026.08.27-14.00.12.429.jpk-force-map,2026-08-27T14:00:12.429000,1,1,0.2,far_constant_referenced,90.0,50.12606334434474,45.713965118416105,53.94923645933081,64
27-08-26/0/map1-0.2-data-2026.08.27-14.00.12.429.jpk-force-map,2026-08-27T14:00:12.429000,1,1,0.2,far_constant_referenced,95.0,38.85324828840287,35.19571370143331,43.318166028446356,64
27-08-26/0/map1-0.2-data-2026.08.27-14.00.12.429.jpk-force-map,2026-08-27T14:00:12.429000,1,1,0.2,far_constant_referenced,100.0,31.188836288030476,27.777713583190287,35.62019397924733,64
27-08-26/0/map1-0.2-data-2026.08.27-14.00.12.429.jpk-force-map,2026-08-27T14:00:12.429000,1,1,0.2,far_constant_referenced,105.0,25.827566523656643,21.067366676427284,29.102732725614892,64
27-08-26/0/map1-0.2-data-2026.08.27-14.00.12.429.jpk-force-map,2026-08-27T14:00:12.429000,1,1,0.2,far_constant_referenced,110.0,20.92406984079892,17.013311590421964,24.947955921665795,64
27-08-26/0/map1-0.2-data-2026.08.27-14.00.12.429.jpk-force-map,2026-08-27T14:00:12.429000,1,1,0.2,far_constant_referenced,115.0,17.260697432559454,13.907465960414363,22.354413256085024,64
27-08-26/0/map1-0.2-data-2026.08.27-14.00.12.429.jpk-force-map,2026-08-27T14:00:12.429000,1,1,0.2,far_constant_referenced,120.0,16.09163660587261,10.38445663021706,18.665254662744598,64
27-08-26/0/map1-0.2-data-2026.08.27-14.00.12.429.jpk-force-map,2026-08-27T14:00:12.429000,1,1,0.2,far_constant_referenced,125.0,12.736688826151703,9.144825274383637,17.985846291508032,64
27-08-26/0/map1-0.2-data-2026.08.27-14.00.12.429.jpk-force-map,2026-08-27T14:00:12.429000,1,1,0.2,far_constant_referenced,130.0,11.243620010811515,7.538391077332265,15.471342856122458,64
27-08-26/0/map1-0.2-data-2026.08.27-14.00.12.429.jpk-force-map,2026-08-27T14:00:12.429000,1,1,0.2,far_constant_referenced,135.0,9.608970667418426,5.939255641563363,14.337772181937385,64
27-08-26/0/map1-0.2-data-2026.08.27-14.00.12.429.jpk-force-map,2026-08-27T14:00:12.429000,1,1,0.2,far_constant_referenced,140.0,9.557873399660057,5.018524923119792,12.968022144492299,64
27-08-26/0/map1-0.2-data-2026.08.27-14.00.12.429.jpk-force-map,2026-08-27T14:00:12.429000,1,1,0.2,far_constant_referenced,145.0,9.481025579483873,4.446163071100939,12.453296157605376,64
27-08-26/0/map1-0.2-data-2026.08.27-14.00.12.429.jpk-force-map,2026-08-27T14:00:12.429000,1,1,0.2,far_constant_referenced,150.0,6.621811566485604,3.5398101403426123,11.233625043164029,64
27-08-26/0/map1-0.2-data-2026.08.27-14.00.12.429.jpk-force-map,2026-08-27T14:00:12.429000,1,1,0.2,far_constant_referenced,155.0,7.7227783355108075,2.4699863364644856,11.979215184728483,64
27-08-26/0/map1-0.2-data-2026.08.27-14.00.12.429.jpk-force-map,2026-08-27T14:00:12.429000,1,1,0.2,far_constant_referenced,160.0,6.665592256620048,2.9917616558509863,10.810148419261095,64
27-08-26/0/map1-0.2-data-2026.08.27-14.00.12.429.jpk-force-map,2026-08-27T14:00:12.429000,1,1,0.2,far_constant_referenced,165.0,5.162760086073369,1.4213283464274924,9.933952616080393,64
27-08-26/0/map1-0.2-data-2026.08.27-14.00.12.429.jpk-force-map,2026-08-27T14:00:12.429000,1,1,0.2,far_constant_referenced,170.0,4.77600294224365,0.6035345110685039,8.879183620868888,64
27-08-26/0/map1-0.2-data-2026.08.27-14.00.12.429.jpk-force-map,2026-08-27T14:00:12.429000,1,1,0.2,far_constant_referenced,175.0,5.5972531478763,1.561441995687059,9.231929368551024,64
27-08-26/0/map1-0.2-data-2026.08.27-14.00.12.429.jpk-force-map,2026-08-27T14:00:12.429000,1,1,0.2,far_constant_referenced,180.0,3.691605370922464,1.87765830427322,7.929566673883005,64
27-08-26/0/map1-0.2-data-2026.08.27-14.00.12.429.jpk-force-map,2026-08-27T14:00:12.429000,1,1,0.2,far_constant_referenced,185.0,4.149402207561055,0.6485029573108475,7.246761320178284,64
27-08-26/0/map1-0.2-data-2026.08.27-14.00.12.429.jpk-force-map,2026-08-27T14:00:12.429000,1,1,0.2,far_constant_referenced,190.0,4.29682649566424,1.468054671709433,6.946057106360424,64
27-08-26/0/map1-0.2-data-2026.08.27-14.00.12.429.jpk-force-map,2026-08-27T14:00:12.429000,1,1,0.2,far_constant_referenced,195.0,2.992017023414276,-0.41449718772791516,6.155011538549609,64
27-08-26/0/map1-0.2-data-2026.08.27-14.00.12.429.jpk-force-map,2026-08-27T14:00:12.429000,1,1,0.2,far_constant_referenced,200.0,2.535657371665945,0.679616228555202,6.402640870689241,64
27-08-26/0/map1-0.2-data-2026.08.27-14.00.12.429.jpk-force-map,2026-08-27T14:00:12.429000,1,1,0.2,far_constant_referenced,205.0,3.708649671069854,0.9781230935735649,5.945081585272159,64
27-08-26/0/map1-0.2-data-2026.08.27-14.00.12.429.jpk-force-map,2026-08-27T14:00:12.429000,1,1,0.2,far_constant_referenced,210.0,2.103646720128256,-0.061044725161591505,4.442754211071544,64
27-08-26/0/map1-0.2-data-2026.08.27-14.00.12.429.jpk-force-map,2026-08-27T14:00:12.429000,1,1,0.2,far_constant_referenced,215.0,2.079309597478881,-0.4882093317791521,5.46831034481112,64
27-08-26/0/map1-0.2-data-2026.08.27-14.00.12.429.jpk-force-map,2026-08-27T14:00:12.429000,1,1,0.2,far_constant_referenced,220.0,1.995133322117446,-0.49065610936163107,6.028747125507398,64
27-08-26/0/map1-0.2-data-2026.08.27-14.00.12.429.jpk-force-map,2026-08-27T14:00:12.429000,1,1,0.2,far_constant_referenced,225.0,1.5714132082123098,-0.7351022551321388,5.497036226278765,64
27-08-26/0/map1-0.2-data-2026.08.27-14.00.12.429.jpk-force-map,2026-08-27T14:00:12.429000,1,1,0.2,far_constant_referenced,230.0,1.1982677493783491,-2.054034147504441,4.031161087027196,64
27-08-26/0/map1-0.2-data-2026.08.27-14.00.12.429.jpk-force-map,2026-08-27T14:00:12.429000,1,1,0.2,far_constant_referenced,235.0,1.4643726277751443,-1.0226223761532576,5.272752240438368,64
27-08-26/0/map1-0.2-data-2026.08.27-14.00.12.429.jpk-force-map,2026-08-27T14:00:12.429000,1,1,0.2,far_constant_referenced,240.0,1.4546567828131836,-1.5025827417637563,3.8424207027134116,64
27-08-26/0/map1-0.2-data-2026.08.27-14.00.12.429.jpk-force-map,2026-08-27T14:00:12.429000,1,1,0.2,far_constant_referenced,245.0,0.06569479032372581,-1.8438488266637298,3.9815544531840437,64
27-08-26/0/map1-0.2-data-2026.08.27-14.00.12.429.jpk-force-map,2026-08-27T14:00:12.429000,1,1,0.2,far_constant_referenced,250.0,0.7886225453506623,-1.8771594467079065,3.202196405474028,64
27-08-26/0/map1-0.2-data-2026.08.27-14.00.12.429.jpk-force-map,2026-08-27T14:00:12.429000,1,1,0.2,far_constant_referenced,255.0,0.514737864447657,-1.5857494244337718,3.3274452870441866,64
27-08-26/0/map1-0.2-data-2026.08.27-14.00.12.429.jpk-force-map,2026-08-27T14:00:12.429000,1,1,0.2,far_constant_referenced,260.0,0.7234147350312204,-1.8735189742373395,3.161551391464322,64
27-08-26/0/map1-0.2-data-2026.08.27-14.00.12.429.jpk-force-map,2026-08-27T14:00:12.429000,1,1,0.2,far_constant_referenced,265.0,0.14108167048723472,-2.7557901499097883,3.4055343123530495,64
27-08-26/0/map1-0.2-data-2026.08.27-14.00.12.429.jpk-force-map,2026-08-27T14:00:12.429000,1,1,0.2,far_constant_referenced,270.0,0.5341695543716969,-2.988584408262348,3.0022139096000355,64
27-08-26/0/map1-0.2-data-2026.08.27-14.00.12.429.jpk-force-map,2026-08-27T14:00:12.429000,1,1,0.2,far_constant_referenced,275.0,-1.2211201768928726,-2.628100429537577,2.8939855730549113,64
27-08-26/0/map1-0.2-data-2026.08.27-14.00.12.429.jpk-force-map,2026-08-27T14:00:12.429000,1,1,0.2,far_constant_referenced,280.0,0.37313358127299057,-1.9443270546052172,2.286080119509445,64
27-08-26/0/map1-0.2-data-2026.08.27-14.00.12.429.jpk-force-map,2026-08-27T14:00:12.429000,1,1,0.2,far_constant_referenced,285.0,-0.9433396559560103,-2.4174459450347783,1.0681193738635477,64
27-08-26/0/map1-0.2-data-2026.08.27-14.00.12.429.jpk-force-map,2026-08-27T14:00:12.429000,1,1,0.2,far_constant_referenced,290.0,-0.47094529675224217,-2.0043918809779635,1.1729685442818503,64
27-08-26/0/map1-0.2-data-2026.08.27-14.00.12.429.jpk-force-map,2026-08-27T14:00:12.429000,1,1,0.2,far_constant_referenced,295.0,-0.7317052726639512,-1.9460077294977376,1.1819657967982957,64
27-08-26/0/map1-0.2-data-2026.08.27-14.00.12.429.jpk-force-map,2026-08-27T14:00:12.429000,1,1,0.2,far_constant_referenced,300.0,-0.5871909870250254,-2.2250294555671015,0.7355951739169968,64
27-08-26/0/map1-0.2-data-2026.08.27-14.00.12.429.jpk-force-map,2026-08-27T14:00:12.429000,1,1,0.2,far_constant_referenced,305.0,0.16784181559670386,-1.6696881485737862,2.065210932479105,64
27-08-26/0/map1-0.2-data-2026.08.27-14.00.12.429.jpk-force-map,2026-08-27T14:00:12.429000,1,1,0.2,far_constant_referenced,310.0,0.2996946211261433,-1.9233928532049003,2.136494115290148,64
27-08-26/0/map1-0.2-data-2026.08.27-14.00.12.429.jpk-force-map,2026-08-27T14:00:12.429000,1,1,0.2,far_constant_referenced,315.0,0.14642657297249898,-1.9231612407637577,1.8591886967965112,64
27-08-26/0/map1-0.2-data-2026.08.27-14.00.12.429.jpk-force-map,2026-08-27T14:00:12.429000,1,1,0.2,far_constant_referenced,320.0,-0.37215962126442265,-2.510126554128304,2.3748767661302326,64
27-08-26/0/map1-0.2-data-2026.08.27-14.00.12.429.jpk-force-map,2026-08-27T14:00:12.429000,1,1,0.2,far_constant_referenced,325.0,0.3843222438085362,-2.523245320339323,1.8406775178560806,64
27-08-26/0/map1-0.2-data-2026.08.27-14.00.12.429.jpk-force-map,2026-08-27T14:00:12.429000,1,1,0.2,far_constant_referenced,330.0,-0.9345740158802623,-2.242073755714521,0.7538569240748892,64
27-08-26/0/map1-0.2-data-2026.08.27-14.00.12.429.jpk-force-map,2026-08-27T14:00:12.429000,1,1,0.2,far_constant_referenced,335.0,-0.010202824966303894,-1.3439579135639368,2.187805179148117,64
27-08-26/0/map1-0.2-data-2026.08.27-14.00.12.429.jpk-force-map,2026-08-27T14:00:12.429000,1,1,0.2,far_constant_referenced,340.0,0.09389212032351367,-2.218455225510394,2.3906917387060016,64
27-08-26/0/map1-0.2-data-2026.08.27-14.00.12.429.jpk-force-map,2026-08-27T14:00:12.429000,1,1,0.2,far_constant_referenced,345.0,0.1576389906304,-1.4561058452648874,1.8112686766261565,63
27-08-26/0/map1-0.2-data-2026.08.27-14.00.12.429.jpk-force-map,2026-08-27T14:00:12.429000,1,1,0.2,far_constant_referenced,350.0,0.5244418318486473,-2.0102534573700552,2.1041455776933917,63
27-08-26/0/map1-0.2-data-2026.08.27-14.00.12.429.jpk-force-map,2026-08-27T14:00:12.429000,1,1,0.2,far_constant_referenced,355.0,0.09341701788025922,-2.2254986192299,2.8567672354161746,62
27-08-26/0/map1-0.2-data-2026.08.27-14.00.12.429.jpk-force-map,2026-08-27T14:00:12.429000,1,1,0.2,far_constant_referenced,360.0,1.4147363000292703,-1.5781952955880705,3.3306344121935876,61
27-08-26/0/map1-0.2-data-2026.08.27-14.00.12.429.jpk-force-map,2026-08-27T14:00:12.429000,1,1,0.2,far_constant_referenced,365.0,-0.0861123178172445,-4.550531200295502,2.866489019158798,26
27-08-26/0/map1-0.1-data-2026.08.27-14.04.47.122.jpk-force-map,2026-08-27T14:04:47.122000,2,1,0.1,linear_drift_corrected,5.0,6067.9336464698845,5856.819583676368,6254.57163026279,64
27-08-26/0/map1-0.1-data-2026.08.27-14.04.47.122.jpk-force-map,2026-08-27T14:04:47.122000,2,1,0.1,linear_drift_corrected,10.0,4300.598758130679,4114.100197964508,4424.893868310036,64
27-08-26/0/map1-0.1-data-2026.08.27-14.04.47.122.jpk-force-map,2026-08-27T14:04:47.122000,2,1,0.1,linear_drift_corrected,15.0,2978.038267952632,2861.892831182416,3073.9119515006587,64
27-08-26/0/map1-0.1-data-2026.08.27-14.04.47.122.jpk-force-map,2026-08-27T14:04:47.122000,2,1,0.1,linear_drift_corrected,20.0,2129.3328317404985,2039.4218177255202,2190.1035874537274,64
27-08-26/0/map1-0.1-data-2026.08.27-14.04.47.122.jpk-force-map,2026-08-27T14:04:47.122000,2,1,0.1,linear_drift_corrected,25.0,1533.6816026976617,1470.8575068848372,1582.6445093893321,64
27-08-26/0/map1-0.1-data-2026.08.27-14.04.47.122.jpk-force-map,2026-08-27T14:04:47.122000,2,1,0.1,linear_drift_corrected,30.0,1119.0602248933692,1074.7093401746376,1156.8732869412913,64
27-08-26/0/map1-0.1-data-2026.08.27-14.04.47.122.jpk-force-map,2026-08-27T14:04:47.122000,2,1,0.1,linear_drift_corrected,35.0,823.2982594458063,786.4802951616052,856.6795077354703,64
27-08-26/0/map1-0.1-data-2026.08.27-14.04.47.122.jpk-force-map,2026-08-27T14:04:47.122000,2,1,0.1,linear_drift_corrected,40.0,606.1365389108116,571.4480068156107,634.093417316519,64
27-08-26/0/map1-0.1-data-2026.08.27-14.04.47.122.jpk-force-map,2026-08-27T14:04:47.122000,2,1,0.1,linear_drift_corrected,45.0,448.7407416992909,420.17480529797774,471.9018792399769,64
27-08-26/0/map1-0.1-data-2026.08.27-14.04.47.122.jpk-force-map,2026-08-27T14:04:47.122000,2,1,0.1,linear_drift_corrected,50.0,330.56665494626924,311.136914190062,351.7216629215548,64
27-08-26/0/map1-0.1-data-2026.08.27-14.04.47.122.jpk-force-map,2026-08-27T14:04:47.122000,2,1,0.1,linear_drift_corrected,55.0,244.52223806429717,229.74573495495315,260.2724072585062,64
27-08-26/0/map1-0.1-data-2026.08.27-14.04.47.122.jpk-force-map,2026-08-27T14:04:47.122000,2,1,0.1,linear_drift_corrected,60.0,182.72039877271743,169.3379387423198,195.3225339032553,64
27-08-26/0/map1-0.1-data-2026.08.27-14.04.47.122.jpk-force-map,2026-08-27T14:04:47.122000,2,1,0.1,linear_drift_corrected,65.0,135.36165632206672,123.97943193554843,147.71070004139636,64
27-08-26/0/map1-0.1-data-2026.08.27-14.04.47.122.jpk-force-map,2026-08-27T14:04:47.122000,2,1,0.1,linear_drift_corrected,70.0,103.65335121867432,89.82912168709602,112.19751012724407,64
27-08-26/0/map1-0.1-data-2026.08.27-14.04.47.122.jpk-force-map,2026-08-27T14:04:47.122000,2,1,0.1,linear_drift_corrected,75.0,77.99779401580022,66.7462812418737,87.02064771179897,64
27-08-26/0/map1-0.1-data-2026.08.27-14.04.47.122.jpk-force-map,2026-08-27T14:04:47.122000,2,1,0.1,linear_drift_corrected,80.0,59.83159564893262,51.307648951650904,68.03337992823421,64
27-08-26/0/map1-0.1-data-2026.08.27-14.04.47.122.jpk-force-map,2026-08-27T14:04:47.122000,2,1,0.1,linear_drift_corrected,85.0,46.307376290490865,36.78631826972293,56.291632855809496,64
27-08-26/0/map1-0.1-data-2026.08.27-14.04.47.122.jpk-force-map,2026-08-27T14:04:47.122000,2,1,0.1,linear_drift_corrected,90.0,35.71843790858706,28.26689047249581,43.912473718607714,64
27-08-26/0/map1-0.1-data-2026.08.27-14.04.47.122.jpk-force-map,2026-08-27T14:04:47.122000,2,1,0.1,linear_drift_corrected,95.0,29.159739758063772,21.59944159102585,35.685357388533276,64
27-08-26/0/map1-0.1-data-2026.08.27-14.04.47.122.jpk-force-map,2026-08-27T14:04:47.122000,2,1,0.1,linear_drift_corrected,100.0,23.800435075427885,13.609321888734627,31.737370473304487,64
27-08-26/0/map1-0.1-data-2026.08.27-14.04.47.122.jpk-force-map,2026-08-27T14:04:47.122000,2,1,0.1,linear_drift_corrected,105.0,19.69947031820034,10.886608509880546,27.307399118002976,64
27-08-26/0/map1-0.1-data-2026.08.27-14.04.47.122.jpk-force-map,2026-08-27T14:04:47.122000,2,1,0.1,linear_drift_corrected,110.0,16.35601867004013,7.612738463938487,25.72409476963894,64
27-08-26/0/map1-0.1-data-2026.08.27-14.04.47.122.jpk-force-map,2026-08-27T14:04:47.122000,2,1,0.1,linear_drift_corrected,115.0,13.83033203320879,4.135341957834518,21.970430882644287,64
27-08-26/0/map1-0.1-data-2026.08.27-14.04.47.122.jpk-force-map,2026-08-27T14:04:47.122000,2,1,0.1,linear_drift_corrected,120.0,10.310347480016633,3.5359436202510177,21.09618856637797,64
27-08-26/0/map1-0.1-data-2026.08.27-14.04.47.122.jpk-force-map,2026-08-27T14:04:47.122000,2,1,0.1,linear_drift_corrected,125.0,10.428129459871153,1.8234181554178952,19.990947295946505,64
27-08-26/0/map1-0.1-data-2026.08.27-14.04.47.122.jpk-force-map,2026-08-27T14:04:47.122000,2,1,0.1,linear_drift_corrected,130.0,10.839683272080222,0.4563599186668599,17.687352546381852,64
27-08-26/0/map1-0.1-data-2026.08.27-14.04.47.122.jpk-force-map,2026-08-27T14:04:47.122000,2,1,0.1,linear_drift_corrected,135.0,9.491028468926942,-0.021927716987928763,17.827002222980376,64
27-08-26/0/map1-0.1-data-2026.08.27-14.04.47.122.jpk-force-map,2026-08-27T14:04:47.122000,2,1,0.1,linear_drift_corrected,140.0,9.57331105715674,-0.13910844439854245,16.010649313569367,64
27-08-26/0/map1-0.1-data-2026.08.27-14.04.47.122.jpk-force-map,2026-08-27T14:04:47.122000,2,1,0.1,linear_drift_corrected,145.0,9.687541314631092,-0.003668011929761794,16.73250392113352,64
27-08-26/0/map1-0.1-data-2026.08.27-14.04.47.122.jpk-force-map,2026-08-27T14:04:47.122000,2,1,0.1,linear_drift_corrected,150.0,8.763377620924704,-1.0824790485582796,14.138477376246225,64
27-08-26/0/map1-0.1-data-2026.08.27-14.04.47.122.jpk-force-map,2026-08-27T14:04:47.122000,2,1,0.1,linear_drift_corrected,155.0,7.927948880481583,-2.6868269283286725,13.601845133016507,64
27-08-26/0/map1-0.1-data-2026.08.27-14.04.47.122.jpk-force-map,2026-08-27T14:04:47.122000,2,1,0.1,linear_drift_corrected,160.0,7.906131520993599,-2.1562040215897955,13.461168344542973,64
27-08-26/0/map1-0.1-data-2026.08.27-14.04.47.122.jpk-force-map,2026-08-27T14:04:47.122000,2,1,0.1,linear_drift_corrected,165.0,7.535369895912477,-2.658970547905142,13.266180166250898,64
27-08-26/0/map1-0.1-data-2026.08.27-14.04.47.122.jpk-force-map,2026-08-27T14:04:47.122000,2,1,0.1,linear_drift_corrected,170.0,7.2590704431971105,-3.126249991853571,13.902002652878922,64
27-08-26/0/map1-0.1-data-2026.08.27-14.04.47.122.jpk-force-map,2026-08-27T14:04:47.122000,2,1,0.1,linear_drift_corrected,175.0,5.920120877711691,-2.5707204990462342,12.720205125092473,64
27-08-26/0/map1-0.1-data-2026.08.27-14.04.47.122.jpk-force-map,2026-08-27T14:04:47.122000,2,1,0.1,linear_drift_corrected,180.0,5.255932012365486,-0.9938163111614211,12.082651285973984,64
27-08-26/0/map1-0.1-data-2026.08.27-14.04.47.122.jpk-force-map,2026-08-27T14:04:47.122000,2,1,0.1,linear_drift_corrected,185.0,5.837806488583414,-2.189903281333879,12.256164485651999,64
27-08-26/0/map1-0.1-data-2026.08.27-14.04.47.122.jpk-force-map,2026-08-27T14:04:47.122000,2,1,0.1,linear_drift_corrected,190.0,5.257393646156271,-2.7250877185866846,12.493512375012727,64
27-08-26/0/map1-0.1-data-2026.08.27-14.04.47.122.jpk-force-map,2026-08-27T14:04:47.122000,2,1,0.1,linear_drift_corrected,195.0,5.18986280703801,-2.3021310568286593,11.409421029514737,64
27-08-26/0/map1-0.1-data-2026.08.27-14.04.47.122.jpk-force-map,2026-08-27T14:04:47.122000,2,1,0.1,linear_drift_corrected,200.0,4.73341287694026,-2.088520594840274,10.85965669760876,64
27-08-26/0/map1-0.1-data-2026.08.27-14.04.47.122.jpk-force-map,2026-08-27T14:04:47.122000,2,1,0.1,linear_drift_corrected,205.0,4.091754476434064,-1.438484954098739,9.995825868226998,64
27-08-26/0/map1-0.1-data-2026.08.27-14.04.47.122.jpk-force-map,2026-08-27T14:04:47.122000,2,1,0.1,linear_drift_corrected,210.0,5.329987822190608,-2.8025223156029515,8.33372047381554,64
27-08-26/0/map1-0.1-data-2026.08.27-14.04.47.122.jpk-force-map,2026-08-27T14:04:47.122000,2,1,0.1,linear_drift_corrected,215.0,3.7147692115388677,-2.037113269402587,9.025277081448113,64
27-08-26/0/map1-0.1-data-2026.08.27-14.04.47.122.jpk-force-map,2026-08-27T14:04:47.122000,2,1,0.1,linear_drift_corrected,220.0,2.4939041549514185,-2.75071895894415,6.715628637904385,64
27-08-26/0/map1-0.1-data-2026.08.27-14.04.47.122.jpk-force-map,2026-08-27T14:04:47.122000,2,1,0.1,linear_drift_corrected,225.0,1.7902476679721055,-1.6652262596076572,8.731533106320558,64
27-08-26/0/map1-0.1-data-2026.08.27-14.04.47.122.jpk-force-map,2026-08-27T14:04:47.122000,2,1,0.1,linear_drift_corrected,230.0,2.053921766968596,-1.2445374606902184,6.3803529321982655,64
27-08-26/0/map1-0.1-data-2026.08.27-14.04.47.122.jpk-force-map,2026-08-27T14:04:47.122000,2,1,0.1,linear_drift_corrected,235.0,1.7281497886733947,-2.2210690459692524,5.3618193316337415,64
27-08-26/0/map1-0.1-data-2026.08.27-14.04.47.122.jpk-force-map,2026-08-27T14:04:47.122000,2,1,0.1,linear_drift_corrected,240.0,1.7894926680480143,-2.87445682387059,3.718717467807523,64
27-08-26/0/map1-0.1-data-2026.08.27-14.04.47.122.jpk-force-map,2026-08-27T14:04:47.122000,2,1,0.1,linear_drift_corrected,245.0,1.5334496988346331,-2.332387007684197,4.249472621449434,64
27-08-26/0/map1-0.1-data-2026.08.27-14.04.47.122.jpk-force-map,2026-08-27T14:04:47.122000,2,1,0.1,linear_drift_corrected,250.0,0.8988816180156771,-1.8684696916431438,3.4049514241724097,64
27-08-26/0/map1-0.1-data-2026.08.27-14.04.47.122.jpk-force-map,2026-08-27T14:04:47.122000,2,1,0.1,linear_drift_corrected,255.0,-0.08580212690862542,-2.2655378027177786,3.911061076551186,64
27-08-26/0/map1-0.1-data-2026.08.27-14.04.47.122.jpk-force-map,2026-08-27T14:04:47.122000,2,1,0.1,linear_drift_corrected,260.0,0.4681752213720304,-1.4990837262616308,2.7915780601364544,64
27-08-26/0/map1-0.1-data-2026.08.27-14.04.47.122.jpk-force-map,2026-08-27T14:04:47.122000,2,1,0.1,linear_drift_corrected,265.0,0.6352663236170397,-1.031294504747087,1.8323330813045338,64
27-08-26/0/map1-0.1-data-2026.08.27-14.04.47.122.jpk-force-map,2026-08-27T14:04:47.122000,2,1,0.1,linear_drift_corrected,270.0,0.01964547603023161,-1.7736891149785934,1.9546218615274544,64
27-08-26/0/map1-0.1-data-2026.08.27-14.04.47.122.jpk-force-map,2026-08-27T14:04:47.122000,2,1,0.1,linear_drift_corrected,275.0,-0.009515319247332725,-1.6051841609701383,1.6977893848401602,64
27-08-26/0/map1-0.1-data-2026.08.27-14.04.47.122.jpk-force-map,2026-08-27T14:04:47.122000,2,1,0.1,linear_drift_corrected,280.0,0.24035415418515044,-1.0396371904624189,2.5775042334576734,64
27-08-26/0/map1-0.1-data-2026.08.27-14.04.47.122.jpk-force-map,2026-08-27T14:04:47.122000,2,1,0.1,linear_drift_corrected,285.0,0.06091486468515179,-1.5544573217572726,1.9324926491446113,64
27-08-26/0/map1-0.1-data-2026.08.27-14.04.47.122.jpk-force-map,2026-08-27T14:04:47.122000,2,1,0.1,linear_drift_corrected,290.0,0.4236766461915009,-1.5320325716145915,1.9616915417547085,64
27-08-26/0/map1-0.1-data-2026.08.27-14.04.47.122.jpk-force-map,2026-08-27T14:04:47.122000,2,1,0.1,linear_drift_corrected,295.0,0.23460441020163075,-1.9064486529294937,1.6938503374144445,64
27-08-26/0/map1-0.1-data-2026.08.27-14.04.47.122.jpk-force-map,2026-08-27T14:04:47.122000,2,1,0.1,linear_drift_corrected,300.0,-0.5220924761152601,-1.5450997441555523,0.9346784716283031,64
27-08-26/0/map1-0.1-data-2026.08.27-14.04.47.122.jpk-force-map,2026-08-27T14:04:47.122000,2,1,0.1,linear_drift_corrected,305.0,-0.8752317395402145,-2.519104929403432,1.6583986037756075,64
27-08-26/0/map1-0.1-data-2026.08.27-14.04.47.122.jpk-force-map,2026-08-27T14:04:47.122000,2,1,0.1,linear_drift_corrected,310.0,-0.48138476155623267,-1.7208921992659274,1.4829228782977575,64
27-08-26/0/map1-0.1-data-2026.08.27-14.04.47.122.jpk-force-map,2026-08-27T14:04:47.122000,2,1,0.1,linear_drift_corrected,315.0,-0.2109974606291879,-2.200829689644442,1.3645001765798264,64
27-08-26/0/map1-0.1-data-2026.08.27-14.04.47.122.jpk-force-map,2026-08-27T14:04:47.122000,2,1,0.1,linear_drift_corrected,320.0,-0.1214180951487996,-2.1038727858437998,2.05751628735095,64
27-08-26/0/map1-0.1-data-2026.08.27-14.04.47.122.jpk-force-map,2026-08-27T14:04:47.122000,2,1,0.1,linear_drift_corrected,325.0,-0.32612630573759793,-1.9330490835638736,1.4259928405283877,64
27-08-26/0/map1-0.1-data-2026.08.27-14.04.47.122.jpk-force-map,2026-08-27T14:04:47.122000,2,1,0.1,linear_drift_corrected,330.0,-0.29847593006837403,-2.043170079226187,1.1496246027712824,64
27-08-26/0/map1-0.1-data-2026.08.27-14.04.47.122.jpk-force-map,2026-08-27T14:04:47.122000,2,1,0.1,linear_drift_corrected,335.0,-0.9161066307877739,-2.595437813537672,1.8534724888643628,64
27-08-26/0/map1-0.1-data-2026.08.27-14.04.47.122.jpk-force-map,2026-08-27T14:04:47.122000,2,1,0.1,linear_drift_corrected,340.0,-0.32534649255400083,-2.164668503474492,1.899295266145422,64
27-08-26/0/map1-0.1-data-2026.08.27-14.04.47.122.jpk-force-map,2026-08-27T14:04:47.122000,2,1,0.1,linear_drift_corrected,345.0,0.34902645334336435,-1.2519888954590066,1.9452500905579155,63
27-08-26/0/map1-0.1-data-2026.08.27-14.04.47.122.jpk-force-map,2026-08-27T14:04:47.122000,2,1,0.1,linear_drift_corrected,350.0,0.3096981446771945,-1.0567001080753349,1.4813296388438983,63
27-08-26/0/map1-0.1-data-2026.08.27-14.04.47.122.jpk-force-map,2026-08-27T14:04:47.122000,2,1,0.1,linear_drift_corrected,355.0,0.6402295621687057,-1.1778050176499102,2.546570854242455,63
27-08-26/0/map1-0.1-data-2026.08.27-14.04.47.122.jpk-force-map,2026-08-27T14:04:47.122000,2,1,0.1,linear_drift_corrected,360.0,0.4329041236984259,-0.9961178867419102,3.480664853196518,60
27-08-26/0/map1-0.1-data-2026.08.27-14.04.47.122.jpk-force-map,2026-08-27T14:04:47.122000,2,1,0.1,linear_drift_corrected,365.0,0.9404342973016095,-0.6165395689218927,5.28733354613451,17
27-08-26/0/map1-0.1-data-2026.08.27-14.04.47.122.jpk-force-map,2026-08-27T14:04:47.122000,2,1,0.1,far_constant_referenced,5.0,6084.151339443628,5847.375485066008,6258.709310074374,64
27-08-26/0/map1-0.1-data-2026.08.27-14.04.47.122.jpk-force-map,2026-08-27T14:04:47.122000,2,1,0.1,far_constant_referenced,10.0,4299.534650855455,4113.448711401685,4438.441046990583,64
27-08-26/0/map1-0.1-data-2026.08.27-14.04.47.122.jpk-force-map,2026-08-27T14:04:47.122000,2,1,0.1,far_constant_referenced,15.0,2984.432131685196,2876.496891776217,3087.8278033827555,64
27-08-26/0/map1-0.1-data-2026.08.27-14.04.47.122.jpk-force-map,2026-08-27T14:04:47.122000,2,1,0.1,far_constant_referenced,20.0,2136.046925115515,2047.4254190714687,2194.5019618801202,64
27-08-26/0/map1-0.1-data-2026.08.27-14.04.47.122.jpk-force-map,2026-08-27T14:04:47.122000,2,1,0.1,far_constant_referenced,25.0,1539.080123322659,1482.392562666984,1587.986996593786,64
27-08-26/0/map1-0.1-data-2026.08.27-14.04.47.122.jpk-force-map,2026-08-27T14:04:47.122000,2,1,0.1,far_constant_referenced,30.0,1128.1853879922337,1082.242785761842,1158.5077680771674,64
27-08-26/0/map1-0.1-data-2026.08.27-14.04.47.122.jpk-force-map,2026-08-27T14:04:47.122000,2,1,0.1,far_constant_referenced,35.0,833.7638101067566,802.1777287884643,854.5059513445202,64
27-08-26/0/map1-0.1-data-2026.08.27-14.04.47.122.jpk-force-map,2026-08-27T14:04:47.122000,2,1,0.1,far_constant_referenced,40.0,614.2815064956379,586.7448658308723,636.8553339375213,64
27-08-26/0/map1-0.1-data-2026.08.27-14.04.47.122.jpk-force-map,2026-08-27T14:04:47.122000,2,1,0.1,far_constant_referenced,45.0,457.150139070593,432.80446457730216,476.0384721467286,64
27-08-26/0/map1-0.1-data-2026.08.27-14.04.47.122.jpk-force-map,2026-08-27T14:04:47.122000,2,1,0.1,far_constant_referenced,50.0,338.78741606639085,318.10000069129524,354.13371195948173,64
27-08-26/0/map1-0.1-data-2026.08.27-14.04.47.122.jpk-force-map,2026-08-27T14:04:47.122000,2,1,0.1,far_constant_referenced,55.0,249.96328476913044,236.0925620439116,267.58619436555136,64
27-08-26/0/map1-0.1-data-2026.08.27-14.04.47.122.jpk-force-map,2026-08-27T14:04:47.122000,2,1,0.1,far_constant_referenced,60.0,189.33069909936782,176.50617570904245,198.72069505074796,64
27-08-26/0/map1-0.1-data-2026.08.27-14.04.47.122.jpk-force-map,2026-08-27T14:04:47.122000,2,1,0.1,far_constant_referenced,65.0,142.11052858305885,132.64020468610656,147.96048872043608,64
27-08-26/0/map1-0.1-data-2026.08.27-14.04.47.122.jpk-force-map,2026-08-27T14:04:47.122000,2,1,0.1,far_constant_referenced,70.0,108.00360121176521,99.2119611548235,112.38311334887565,64
27-08-26/0/map1-0.1-data-2026.08.27-14.04.47.122.jpk-force-map,2026-08-27T14:04:47.122000,2,1,0.1,far_constant_referenced,75.0,81.95808144232292,74.85073893408114,87.52928115997442,64
27-08-26/0/map1-0.1-data-2026.08.27-14.04.47.122.jpk-force-map,2026-08-27T14:04:47.122000,2,1,0.1,far_constant_referenced,80.0,63.93065180947985,55.20954071022068,68.54319575616479,64
27-08-26/0/map1-0.1-data-2026.08.27-14.04.47.122.jpk-force-map,2026-08-27T14:04:47.122000,2,1,0.1,far_constant_referenced,85.0,50.16351329442433,43.89928164297984,54.54888700792693,64
27-08-26/0/map1-0.1-data-2026.08.27-14.04.47.122.jpk-force-map,2026-08-27T14:04:47.122000,2,1,0.1,far_constant_referenced,90.0,40.61052157236749,34.07578440614665,42.86910513798082,64
27-08-26/0/map1-0.1-data-2026.08.27-14.04.47.122.jpk-force-map,2026-08-27T14:04:47.122000,2,1,0.1,far_constant_referenced,95.0,32.16380588913785,27.524507736124043,35.17867534006665,64
27-08-26/0/map1-0.1-data-2026.08.27-14.04.47.122.jpk-force-map,2026-08-27T14:04:47.122000,2,1,0.1,far_constant_referenced,100.0,26.81564895219428,23.037473977353006,30.327986293762883,64
27-08-26/0/map1-0.1-data-2026.08.27-14.04.47.122.jpk-force-map,2026-08-27T14:04:47.122000,2,1,0.1,far_constant_referenced,105.0,22.99561151333274,19.06418630667937,25.917081762722734,64
27-08-26/0/map1-0.1-data-2026.08.27-14.04.47.122.jpk-force-map,2026-08-27T14:04:47.122000,2,1,0.1,far_constant_referenced,110.0,19.386745232881182,15.0935592096876,23.163970002836212,64
27-08-26/0/map1-0.1-data-2026.08.27-14.04.47.122.jpk-force-map,2026-08-27T14:04:47.122000,2,1,0.1,far_constant_referenced,115.0,17.618782143946248,12.879742171777956,20.928476415959004,64
27-08-26/0/map1-0.1-data-2026.08.27-14.04.47.122.jpk-force-map,2026-08-27T14:04:47.122000,2,1,0.1,far_constant_referenced,120.0,15.489836218721313,11.75175989008008,19.108691528039635,64
27-08-26/0/map1-0.1-data-2026.08.27-14.04.47.122.jpk-force-map,2026-08-27T14:04:47.122000,2,1,0.1,far_constant_referenced,125.0,14.073128243553086,9.423615388012125,17.650655579099674,64
27-08-26/0/map1-0.1-data-2026.08.27-14.04.47.122.jpk-force-map,2026-08-27T14:04:47.122000,2,1,0.1,far_constant_referenced,130.0,12.807241538956497,10.040227093827749,16.44847417334607,64
27-08-26/0/map1-0.1-data-2026.08.27-14.04.47.122.jpk-force-map,2026-08-27T14:04:47.122000,2,1,0.1,far_constant_referenced,135.0,12.304666297053043,8.937591527471085,15.312777415727933,64
27-08-26/0/map1-0.1-data-2026.08.27-14.04.47.122.jpk-force-map,2026-08-27T14:04:47.122000,2,1,0.1,far_constant_referenced,140.0,11.231445510706315,8.656853493825844,15.53163929493618,64
27-08-26/0/map1-0.1-data-2026.08.27-14.04.47.122.jpk-force-map,2026-08-27T14:04:47.122000,2,1,0.1,far_constant_referenced,145.0,11.165299373061568,7.670481434083301,14.090629829802008,64
27-08-26/0/map1-0.1-data-2026.08.27-14.04.47.122.jpk-force-map,2026-08-27T14:04:47.122000,2,1,0.1,far_constant_referenced,150.0,9.665887940105552,6.9786491339589976,13.903320691598013,64
27-08-26/0/map1-0.1-data-2026.08.27-14.04.47.122.jpk-force-map,2026-08-27T14:04:47.122000,2,1,0.1,far_constant_referenced,155.0,9.248439178449775,5.131433018729536,12.335090669754857,64
27-08-26/0/map1-0.1-data-2026.08.27-14.04.47.122.jpk-force-map,2026-08-27T14:04:47.122000,2,1,0.1,far_constant_referenced,160.0,9.061141917807001,7.145570438572152,12.640136132146736,64
27-08-26/0/map1-0.1-data-2026.08.27-14.04.47.122.jpk-force-map,2026-08-27T14:04:47.122000,2,1,0.1,far_constant_referenced,165.0,8.751244471714642,6.187615443709285,12.287182527145635,64
27-08-26/0/map1-0.1-data-2026.08.27-14.04.47.122.jpk-force-map,2026-08-27T14:04:47.122000,2,1,0.1,far_constant_referenced,170.0,7.924186138714535,5.6415089404540435,11.804811016636071,64
27-08-26/0/map1-0.1-data-2026.08.27-14.04.47.122.jpk-force-map,2026-08-27T14:04:47.122000,2,1,0.1,far_constant_referenced,175.0,8.281771992536045,4.4688076412967055,11.380603922727008,64
27-08-26/0/map1-0.1-data-2026.08.27-14.04.47.122.jpk-force-map,2026-08-27T14:04:47.122000,2,1,0.1,far_constant_referenced,180.0,7.958726086330124,3.9915316044897056,11.001080213593875,64
27-08-26/0/map1-0.1-data-2026.08.27-14.04.47.122.jpk-force-map,2026-08-27T14:04:47.122000,2,1,0.1,far_constant_referenced,185.0,7.334560251668592,4.008094863413415,9.682421505126541,64
27-08-26/0/map1-0.1-data-2026.08.27-14.04.47.122.jpk-force-map,2026-08-27T14:04:47.122000,2,1,0.1,far_constant_referenced,190.0,6.285153975283926,3.526453822910085,10.429211280359773,64
27-08-26/0/map1-0.1-data-2026.08.27-14.04.47.122.jpk-force-map,2026-08-27T14:04:47.122000,2,1,0.1,far_constant_referenced,195.0,6.264249467786183,3.9321794317816483,10.07408408168146,64
27-08-26/0/map1-0.1-data-2026.08.27-14.04.47.122.jpk-force-map,2026-08-27T14:04:47.122000,2,1,0.1,far_constant_referenced,200.0,6.171818287475343,3.4702313875463258,9.456450905613018,64
27-08-26/0/map1-0.1-data-2026.08.27-14.04.47.122.jpk-force-map,2026-08-27T14:04:47.122000,2,1,0.1,far_constant_referenced,205.0,6.081786374502242,2.926565723092544,9.579769683507733,64
27-08-26/0/map1-0.1-data-2026.08.27-14.04.47.122.jpk-force-map,2026-08-27T14:04:47.122000,2,1,0.1,far_constant_referenced,210.0,5.664883980656013,2.580916818154682,8.413612920504514,64
27-08-26/0/map1-0.1-data-2026.08.27-14.04.47.122.jpk-force-map,2026-08-27T14:04:47.122000,2,1,0.1,far_constant_referenced,215.0,4.845118470158038,2.1206791427143794,8.023678529086425,64
27-08-26/0/map1-0.1-data-2026.08.27-14.04.47.122.jpk-force-map,2026-08-27T14:04:47.122000,2,1,0.1,far_constant_referenced,220.0,4.302658378153639,1.3157724611253563,7.819604213420595,64
27-08-26/0/map1-0.1-data-2026.08.27-14.04.47.122.jpk-force-map,2026-08-27T14:04:47.122000,2,1,0.1,far_constant_referenced,225.0,4.748292592248324,1.4870231367514848,7.233333737379254,64
27-08-26/0/map1-0.1-data-2026.08.27-14.04.47.122.jpk-force-map,2026-08-27T14:04:47.122000,2,1,0.1,far_constant_referenced,230.0,4.249138087935116,0.8861610769251687,7.175448443464355,64
27-08-26/0/map1-0.1-data-2026.08.27-14.04.47.122.jpk-force-map,2026-08-27T14:04:47.122000,2,1,0.1,far_constant_referenced,235.0,3.11314439128998,-0.3575858538213928,6.214375588818622,64
27-08-26/0/map1-0.1-data-2026.08.27-14.04.47.122.jpk-force-map,2026-08-27T14:04:47.122000,2,1,0.1,far_constant_referenced,240.0,2.743419670046562,-1.4891907916481255,5.301668162883522,64
27-08-26/0/map1-0.1-data-2026.08.27-14.04.47.122.jpk-force-map,2026-08-27T14:04:47.122000,2,1,0.1,far_constant_referenced,245.0,1.3349784773889168,-1.223068096909712,5.107802610964261,64
27-08-26/0/map1-0.1-data-2026.08.27-14.04.47.122.jpk-force-map,2026-08-27T14:04:47.122000,2,1,0.1,far_constant_referenced,250.0,1.2955687297312575,-2.3753578073541646,4.687960520751274,64
27-08-26/0/map1-0.1-data-2026.08.27-14.04.47.122.jpk-force-map,2026-08-27T14:04:47.122000,2,1,0.1,far_constant_referenced,255.0,1.8428986217776355,-0.8153945680211906,4.448087235995631,64
27-08-26/0/map1-0.1-data-2026.08.27-14.04.47.122.jpk-force-map,2026-08-27T14:04:47.122000,2,1,0.1,far_constant_referenced,260.0,0.8966489633574843,-0.7835092553066884,3.8801082040147694,64
27-08-26/0/map1-0.1-data-2026.08.27-14.04.47.122.jpk-force-map,2026-08-27T14:04:47.122000,2,1,0.1,far_constant_referenced,265.0,1.1145903315821095,-1.080281996407513,3.6658191858216522,64
27-08-26/0/map1-0.1-data-2026.08.27-14.04.47.122.jpk-force-map,2026-08-27T14:04:47.122000,2,1,0.1,far_constant_referenced,270.0,0.6139630096954054,-1.6234547420765852,2.65268104218945,64
27-08-26/0/map1-0.1-data-2026.08.27-14.04.47.122.jpk-force-map,2026-08-27T14:04:47.122000,2,1,0.1,far_constant_referenced,275.0,0.46315361668494354,-1.2884897033286333,3.135545471483634,64
27-08-26/0/map1-0.1-data-2026.08.27-14.04.47.122.jpk-force-map,2026-08-27T14:04:47.122000,2,1,0.1,far_constant_referenced,280.0,1.2790351647104476,-1.0744263587959946,3.067433597480477,64
27-08-26/0/map1-0.1-data-2026.08.27-14.04.47.122.jpk-force-map,2026-08-27T14:04:47.122000,2,1,0.1,far_constant_referenced,285.0,-0.10556776286340258,-1.4809121315766913,2.6458633221304373,64
27-08-26/0/map1-0.1-data-2026.08.27-14.04.47.122.jpk-force-map,2026-08-27T14:04:47.122000,2,1,0.1,far_constant_referenced,290.0,1.0688498438696774,-2.148181635391081,2.5519533854652607,64
27-08-26/0/map1-0.1-data-2026.08.27-14.04.47.122.jpk-force-map,2026-08-27T14:04:47.122000,2,1,0.1,far_constant_referenced,295.0,0.181465378153373,-1.528345171742584,1.8548058767586073,64
27-08-26/0/map1-0.1-data-2026.08.27-14.04.47.122.jpk-force-map,2026-08-27T14:04:47.122000,2,1,0.1,far_constant_referenced,300.0,-0.4466200516640151,-1.5451281655461249,0.9489339872239462,64
27-08-26/0/map1-0.1-data-2026.08.27-14.04.47.122.jpk-force-map,2026-08-27T14:04:47.122000,2,1,0.1,far_constant_referenced,305.0,-0.6144499896995412,-2.4247268899758523,1.617147757144064,64
27-08-26/0/map1-0.1-data-2026.08.27-14.04.47.122.jpk-force-map,2026-08-27T14:04:47.122000,2,1,0.1,far_constant_referenced,310.0,-0.3590349162728299,-1.7857259815274862,1.4578280916210107,64
27-08-26/0/map1-0.1-data-2026.08.27-14.04.47.122.jpk-force-map,2026-08-27T14:04:47.122000,2,1,0.1,far_constant_referenced,315.0,-0.4281266890651287,-2.411133021321579,1.3405787474372932,64
27-08-26/0/map1-0.1-data-2026.08.27-14.04.47.122.jpk-force-map,2026-08-27T14:04:47.122000,2,1,0.1,far_constant_referenced,320.0,-0.4363934715756818,-2.359038038432582,1.8618611480390395,64
27-08-26/0/map1-0.1-data-2026.08.27-14.04.47.122.jpk-force-map,2026-08-27T14:04:47.122000,2,1,0.1,far_constant_referenced,325.0,-0.7210154676935115,-2.31599375708493,0.9710856386347511,64
27-08-26/0/map1-0.1-data-2026.08.27-14.04.47.122.jpk-force-map,2026-08-27T14:04:47.122000,2,1,0.1,far_constant_referenced,330.0,-0.8907814481849069,-2.561188189203645,0.9007407831489502,64
27-08-26/0/map1-0.1-data-2026.08.27-14.04.47.122.jpk-force-map,2026-08-27T14:04:47.122000,2,1,0.1,far_constant_referenced,335.0,-1.2994289370815517,-3.5782340504307335,1.4038148826176884,64
27-08-26/0/map1-0.1-data-2026.08.27-14.04.47.122.jpk-force-map,2026-08-27T14:04:47.122000,2,1,0.1,far_constant_referenced,340.0,-0.7020113699683413,-2.8696543891861106,1.4415142614801357,64
27-08-26/0/map1-0.1-data-2026.08.27-14.04.47.122.jpk-force-map,2026-08-27T14:04:47.122000,2,1,0.1,far_constant_referenced,345.0,0.011687520100918398,-2.3274318484033993,2.096330142504034,63
27-08-26/0/map1-0.1-data-2026.08.27-14.04.47.122.jpk-force-map,2026-08-27T14:04:47.122000,2,1,0.1,far_constant_referenced,350.0,-0.14789939054626183,-2.546857911762698,1.7708849689602555,63
27-08-26/0/map1-0.1-data-2026.08.27-14.04.47.122.jpk-force-map,2026-08-27T14:04:47.122000,2,1,0.1,far_constant_referenced,355.0,-0.3745945212854868,-2.043308709850824,2.8704026755340215,63
27-08-26/0/map1-0.1-data-2026.08.27-14.04.47.122.jpk-force-map,2026-08-27T14:04:47.122000,2,1,0.1,far_constant_referenced,360.0,0.5833307796744941,-1.4147422388098148,2.4167214138090447,60
27-08-26/0/map1-0.1-data-2026.08.27-14.04.47.122.jpk-force-map,2026-08-27T14:04:47.122000,2,1,0.1,far_constant_referenced,365.0,3.7149210233192127,-1.174429484294287,5.597728250319614,17
27-08-26/0/map1-0.05-data-2026.08.27-14.14.18.398.jpk-force-map,2026-08-27T14:14:18.398000,3,1,0.05,linear_drift_corrected,5.0,5858.174783670717,5597.262608932579,6133.3273807528185,64
27-08-26/0/map1-0.05-data-2026.08.27-14.14.18.398.jpk-force-map,2026-08-27T14:14:18.398000,3,1,0.05,linear_drift_corrected,10.0,3942.606419384487,3760.1258699357236,4083.790153432115,64
27-08-26/0/map1-0.05-data-2026.08.27-14.14.18.398.jpk-force-map,2026-08-27T14:14:18.398000,3,1,0.05,linear_drift_corrected,15.0,2669.6262605284483,2561.118661608774,2756.1095089220826,64
27-08-26/0/map1-0.05-data-2026.08.27-14.14.18.398.jpk-force-map,2026-08-27T14:14:18.398000,3,1,0.05,linear_drift_corrected,20.0,1842.1209370583456,1762.2568125119772,1903.1905723434209,64
27-08-26/0/map1-0.05-data-2026.08.27-14.14.18.398.jpk-force-map,2026-08-27T14:14:18.398000,3,1,0.05,linear_drift_corrected,25.0,1287.83033303927,1225.4542683181164,1337.8444494676417,64
27-08-26/0/map1-0.05-data-2026.08.27-14.14.18.398.jpk-force-map,2026-08-27T14:14:18.398000,3,1,0.05,linear_drift_corrected,30.0,898.4621822958575,852.9470924205615,940.4579353070844,64
27-08-26/0/map1-0.05-data-2026.08.27-14.14.18.398.jpk-force-map,2026-08-27T14:14:18.398000,3,1,0.05,linear_drift_corrected,35.0,631.2628292143395,607.9289452644399,676.8421235194083,64
27-08-26/0/map1-0.05-data-2026.08.27-14.14.18.398.jpk-force-map,2026-08-27T14:14:18.398000,3,1,0.05,linear_drift_corrected,40.0,448.4248985039755,431.97741148747895,486.2770526309254,64
27-08-26/0/map1-0.05-data-2026.08.27-14.14.18.398.jpk-force-map,2026-08-27T14:14:18.398000,3,1,0.05,linear_drift_corrected,45.0,318.009777300774,297.7009204241278,348.2071046632668,64
27-08-26/0/map1-0.05-data-2026.08.27-14.14.18.398.jpk-force-map,2026-08-27T14:14:18.398000,3,1,0.05,linear_drift_corrected,50.0,225.9779360136426,204.5357879830808,250.68194913166275,64
27-08-26/0/map1-0.05-data-2026.08.27-14.14.18.398.jpk-force-map,2026-08-27T14:14:18.398000,3,1,0.05,linear_drift_corrected,55.0,158.7346492200583,141.66423633585057,180.1660776802171,64
27-08-26/0/map1-0.05-data-2026.08.27-14.14.18.398.jpk-force-map,2026-08-27T14:14:18.398000,3,1,0.05,linear_drift_corrected,60.0,114.77265299860785,96.08874919243944,131.78677157273842,64
27-08-26/0/map1-0.05-data-2026.08.27-14.14.18.398.jpk-force-map,2026-08-27T14:14:18.398000,3,1,0.05,linear_drift_corrected,65.0,82.92399303973792,68.04275502159499,99.83135237711826,64
27-08-26/0/map1-0.05-data-2026.08.27-14.14.18.398.jpk-force-map,2026-08-27T14:14:18.398000,3,1,0.05,linear_drift_corrected,70.0,60.047472440605205,43.29759169540912,73.5107021484144,64
27-08-26/0/map1-0.05-data-2026.08.27-14.14.18.398.jpk-force-map,2026-08-27T14:14:18.398000,3,1,0.05,linear_drift_corrected,75.0,45.69600336722226,30.725466315966656,57.04275208148951,64
27-08-26/0/map1-0.05-data-2026.08.27-14.14.18.398.jpk-force-map,2026-08-27T14:14:18.398000,3,1,0.05,linear_drift_corrected,80.0,33.53560640369662,20.98509205049451,45.39988010505092,64
27-08-26/0/map1-0.05-data-2026.08.27-14.14.18.398.jpk-force-map,2026-08-27T14:14:18.398000,3,1,0.05,linear_drift_corrected,85.0,26.61054934351753,14.34167629654333,36.43263270694424,64
27-08-26/0/map1-0.05-data-2026.08.27-14.14.18.398.jpk-force-map,2026-08-27T14:14:18.398000,3,1,0.05,linear_drift_corrected,90.0,20.795554532127127,8.128714000285775,29.77260565376263,64
27-08-26/0/map1-0.05-data-2026.08.27-14.14.18.398.jpk-force-map,2026-08-27T14:14:18.398000,3,1,0.05,linear_drift_corrected,95.0,17.349529116682653,6.9298496870320285,26.654635420306064,64
27-08-26/0/map1-0.05-data-2026.08.27-14.14.18.398.jpk-force-map,2026-08-27T14:14:18.398000,3,1,0.05,linear_drift_corrected,100.0,13.443680269660565,5.538719775979762,25.399338667023883,64
27-08-26/0/map1-0.05-data-2026.08.27-14.14.18.398.jpk-force-map,2026-08-27T14:14:18.398000,3,1,0.05,linear_drift_corrected,105.0,11.846394169941082,2.0053832824571325,21.628025056858057,64
27-08-26/0/map1-0.05-data-2026.08.27-14.14.18.398.jpk-force-map,2026-08-27T14:14:18.398000,3,1,0.05,linear_drift_corrected,110.0,10.28351190129418,2.807412916063823,21.21805439596587,64
27-08-26/0/map1-0.05-data-2026.08.27-14.14.18.398.jpk-force-map,2026-08-27T14:14:18.398000,3,1,0.05,linear_drift_corrected,115.0,8.753285707132171,0.9915429207496916,19.471783645181365,64
27-08-26/0/map1-0.05-data-2026.08.27-14.14.18.398.jpk-force-map,2026-08-27T14:14:18.398000,3,1,0.05,linear_drift_corrected,120.0,8.525351616933222,-0.7854091943856392,18.377769171886968,64
27-08-26/0/map1-0.05-data-2026.08.27-14.14.18.398.jpk-force-map,2026-08-27T14:14:18.398000,3,1,0.05,linear_drift_corrected,125.0,7.602498626196869,-1.66663558388024,19.059725217194433,64
27-08-26/0/map1-0.05-data-2026.08.27-14.14.18.398.jpk-force-map,2026-08-27T14:14:18.398000,3,1,0.05,linear_drift_corrected,130.0,7.495531659658797,-0.9873082192650202,15.74893836316683,64
27-08-26/0/map1-0.05-data-2026.08.27-14.14.18.398.jpk-force-map,2026-08-27T14:14:18.398000,3,1,0.05,linear_drift_corrected,135.0,6.1911547829344595,-2.7020297002216513,15.770825317785986,64
27-08-26/0/map1-0.05-data-2026.08.27-14.14.18.398.jpk-force-map,2026-08-27T14:14:18.398000,3,1,0.05,linear_drift_corrected,140.0,5.888298124852438,-2.50349212852538,16.10639153797748,64
27-08-26/0/map1-0.05-data-2026.08.27-14.14.18.398.jpk-force-map,2026-08-27T14:14:18.398000,3,1,0.05,linear_drift_corrected,145.0,7.166351313586272,-1.7298046834868979,14.756012765763348,64
27-08-26/0/map1-0.05-data-2026.08.27-14.14.18.398.jpk-force-map,2026-08-27T14:14:18.398000,3,1,0.05,linear_drift_corrected,150.0,6.392925453172292,-1.1632409739065663,14.872131034716917,64
27-08-26/0/map1-0.05-data-2026.08.27-14.14.18.398.jpk-force-map,2026-08-27T14:14:18.398000,3,1,0.05,linear_drift_corrected,155.0,7.283467681986098,-1.9294820637008328,12.914521436460774,64
27-08-26/0/map1-0.05-data-2026.08.27-14.14.18.398.jpk-force-map,2026-08-27T14:14:18.398000,3,1,0.05,linear_drift_corrected,160.0,6.85830097580766,-1.6076277779368864,12.579406285333258,64
27-08-26/0/map1-0.05-data-2026.08.27-14.14.18.398.jpk-force-map,2026-08-27T14:14:18.398000,3,1,0.05,linear_drift_corrected,165.0,7.692234910888137,-1.2949749625874636,12.157228375010067,64
27-08-26/0/map1-0.05-data-2026.08.27-14.14.18.398.jpk-force-map,2026-08-27T14:14:18.398000,3,1,0.05,linear_drift_corrected,170.0,7.346278420081128,-1.8671612691166524,12.873853575541226,64
27-08-26/0/map1-0.05-data-2026.08.27-14.14.18.398.jpk-force-map,2026-08-27T14:14:18.398000,3,1,0.05,linear_drift_corrected,175.0,5.56908745839152,-0.12924645708481625,12.36410791731771,64
27-08-26/0/map1-0.05-data-2026.08.27-14.14.18.398.jpk-force-map,2026-08-27T14:14:18.398000,3,1,0.05,linear_drift_corrected,180.0,6.084403029316055,-3.5343958530693214,11.207780643979277,64
27-08-26/0/map1-0.05-data-2026.08.27-14.14.18.398.jpk-force-map,2026-08-27T14:14:18.398000,3,1,0.05,linear_drift_corrected,185.0,5.226375521097223,-3.4256735475790676,11.746554139979766,64
27-08-26/0/map1-0.05-data-2026.08.27-14.14.18.398.jpk-force-map,2026-08-27T14:14:18.398000,3,1,0.05,linear_drift_corrected,190.0,4.6637946740416,-0.8469426493836147,12.142933177816712,64
27-08-26/0/map1-0.05-data-2026.08.27-14.14.18.398.jpk-force-map,2026-08-27T14:14:18.398000,3,1,0.05,linear_drift_corrected,195.0,4.3976481273528645,-2.665079558149454,9.75793026910974,64
27-08-26/0/map1-0.05-data-2026.08.27-14.14.18.398.jpk-force-map,2026-08-27T14:14:18.398000,3,1,0.05,linear_drift_corrected,200.0,3.2273405443238454,-2.508526289393969,9.984604648793681,64
27-08-26/0/map1-0.05-data-2026.08.27-14.14.18.398.jpk-force-map,2026-08-27T14:14:18.398000,3,1,0.05,linear_drift_corrected,205.0,3.417849499045399,-3.503981082730907,9.094399847292205,64
27-08-26/0/map1-0.05-data-2026.08.27-14.14.18.398.jpk-force-map,2026-08-27T14:14:18.398000,3,1,0.05,linear_drift_corrected,210.0,2.385202351800315,-2.8703540272532098,9.103910719244935,64
27-08-26/0/map1-0.05-data-2026.08.27-14.14.18.398.jpk-force-map,2026-08-27T14:14:18.398000,3,1,0.05,linear_drift_corrected,215.0,2.6569368725457183,-1.871225275138663,7.555899040301622,64
27-08-26/0/map1-0.05-data-2026.08.27-14.14.18.398.jpk-force-map,2026-08-27T14:14:18.398000,3,1,0.05,linear_drift_corrected,220.0,1.9529874078518996,-2.5958399941840367,8.43562558060984,64
27-08-26/0/map1-0.05-data-2026.08.27-14.14.18.398.jpk-force-map,2026-08-27T14:14:18.398000,3,1,0.05,linear_drift_corrected,225.0,1.8376641846007618,-2.4329996402185823,8.182328771187873,64
27-08-26/0/map1-0.05-data-2026.08.27-14.14.18.398.jpk-force-map,2026-08-27T14:14:18.398000,3,1,0.05,linear_drift_corrected,230.0,1.411689391596019,-2.3980618859414395,7.830320657873925,64
27-08-26/0/map1-0.05-data-2026.08.27-14.14.18.398.jpk-force-map,2026-08-27T14:14:18.398000,3,1,0.05,linear_drift_corrected,235.0,1.7860524984366513,-2.6976229418631483,5.241937555570037,64
27-08-26/0/map1-0.05-data-2026.08.27-14.14.18.398.jpk-force-map,2026-08-27T14:14:18.398000,3,1,0.05,linear_drift_corrected,240.0,-0.24804772808261016,-2.8500074515550287,5.0947469281777975,64
27-08-26/0/map1-0.05-data-2026.08.27-14.14.18.398.jpk-force-map,2026-08-27T14:14:18.398000,3,1,0.05,linear_drift_corrected,245.0,1.759460772282277,-2.8941508241491873,5.30275306436897,64
27-08-26/0/map1-0.05-data-2026.08.27-14.14.18.398.jpk-force-map,2026-08-27T14:14:18.398000,3,1,0.05,linear_drift_corrected,250.0,0.9893627901703878,-1.4966861961518432,5.8654071353688995,64
27-08-26/0/map1-0.05-data-2026.08.27-14.14.18.398.jpk-force-map,2026-08-27T14:14:18.398000,3,1,0.05,linear_drift_corrected,255.0,1.1462698898911534,-1.847267559033678,4.78711638852274,64
27-08-26/0/map1-0.05-data-2026.08.27-14.14.18.398.jpk-force-map,2026-08-27T14:14:18.398000,3,1,0.05,linear_drift_corrected,260.0,0.27547319078947907,-1.6676265819693792,3.1011569741632155,64
27-08-26/0/map1-0.05-data-2026.08.27-14.14.18.398.jpk-force-map,2026-08-27T14:14:18.398000,3,1,0.05,linear_drift_corrected,265.0,0.4330581683762881,-1.1474937840219779,2.0079939716702007,64
27-08-26/0/map1-0.05-data-2026.08.27-14.14.18.398.jpk-force-map,2026-08-27T14:14:18.398000,3,1,0.05,linear_drift_corrected,270.0,-0.17622775849603264,-2.1951782121996737,1.4793439644775195,64
27-08-26/0/map1-0.05-data-2026.08.27-14.14.18.398.jpk-force-map,2026-08-27T14:14:18.398000,3,1,0.05,linear_drift_corrected,275.0,-0.4117079559079311,-1.885913265697102,1.340754870834637,64
27-08-26/0/map1-0.05-data-2026.08.27-14.14.18.398.jpk-force-map,2026-08-27T14:14:18.398000,3,1,0.05,linear_drift_corrected,280.0,-0.29606412576222735,-1.6611536163612795,1.5258924063115589,64
27-08-26/0/map1-0.05-data-2026.08.27-14.14.18.398.jpk-force-map,2026-08-27T14:14:18.398000,3,1,0.05,linear_drift_corrected,285.0,0.10293209080459721,-1.395556551834144,1.2813013298867564,64
27-08-26/0/map1-0.05-data-2026.08.27-14.14.18.398.jpk-force-map,2026-08-27T14:14:18.398000,3,1,0.05,linear_drift_corrected,290.0,-0.17455168425824447,-1.4383734795679783,1.4782447005541646,64
27-08-26/0/map1-0.05-data-2026.08.27-14.14.18.398.jpk-force-map,2026-08-27T14:14:18.398000,3,1,0.05,linear_drift_corrected,295.0,-0.03729550165062606,-1.8882328496784098,2.1775226769188394,64
27-08-26/0/map1-0.05-data-2026.08.27-14.14.18.398.jpk-force-map,2026-08-27T14:14:18.398000,3,1,0.05,linear_drift_corrected,300.0,-1.1972529919271344,-2.717047394952644,1.843422731347815,64
27-08-26/0/map1-0.05-data-2026.08.27-14.14.18.398.jpk-force-map,2026-08-27T14:14:18.398000,3,1,0.05,linear_drift_corrected,305.0,-0.1149999790374269,-1.8971471418150596,1.0047893842569646,64
27-08-26/0/map1-0.05-data-2026.08.27-14.14.18.398.jpk-force-map,2026-08-27T14:14:18.398000,3,1,0.05,linear_drift_corrected,310.0,0.053719121824735025,-1.5785416364182798,1.9074376428775683,64
27-08-26/0/map1-0.05-data-2026.08.27-14.14.18.398.jpk-force-map,2026-08-27T14:14:18.398000,3,1,0.05,linear_drift_corrected,315.0,0.43146593307923126,-1.6014176272629974,1.955563356884634,64
27-08-26/0/map1-0.05-data-2026.08.27-14.14.18.398.jpk-force-map,2026-08-27T14:14:18.398000,3,1,0.05,linear_drift_corrected,320.0,0.13271132222520227,-1.3248881677843276,2.0250422274138433,64
27-08-26/0/map1-0.05-data-2026.08.27-14.14.18.398.jpk-force-map,2026-08-27T14:14:18.398000,3,1,0.05,linear_drift_corrected,325.0,0.6353717833145398,-1.5633784036739358,2.4040651100582617,64
27-08-26/0/map1-0.05-data-2026.08.27-14.14.18.398.jpk-force-map,2026-08-27T14:14:18.398000,3,1,0.05,linear_drift_corrected,330.0,-0.04103518972769313,-1.8158326844787394,1.7729222851628261,64
27-08-26/0/map1-0.05-data-2026.08.27-14.14.18.398.jpk-force-map,2026-08-27T14:14:18.398000,3,1,0.05,linear_drift_corrected,335.0,0.3272256136945723,-0.8381808095571149,1.84675346703419,64
27-08-26/0/map1-0.05-data-2026.08.27-14.14.18.398.jpk-force-map,2026-08-27T14:14:18.398000,3,1,0.05,linear_drift_corrected,340.0,-0.4107153195780974,-1.380983484318516,1.2639935878788475,64
27-08-26/0/map1-0.05-data-2026.08.27-14.14.18.398.jpk-force-map,2026-08-27T14:14:18.398000,3,1,0.05,linear_drift_corrected,345.0,-0.2762325209962789,-1.2498191598284545,0.8850368156372094,63
27-08-26/0/map1-0.05-data-2026.08.27-14.14.18.398.jpk-force-map,2026-08-27T14:14:18.398000,3,1,0.05,linear_drift_corrected,350.0,-0.03183441039863378,-2.128324356975236,1.181042421918175,63
27-08-26/0/map1-0.05-data-2026.08.27-14.14.18.398.jpk-force-map,2026-08-27T14:14:18.398000,3,1,0.05,linear_drift_corrected,355.0,-0.11284556098058549,-1.3753294267188687,1.2377770842669589,62
27-08-26/0/map1-0.05-data-2026.08.27-14.14.18.398.jpk-force-map,2026-08-27T14:14:18.398000,3,1,0.05,linear_drift_corrected,360.0,0.7008554999131185,-1.6768009278454556,2.568024683742554,60
27-08-26/0/map1-0.05-data-2026.08.27-14.14.18.398.jpk-force-map,2026-08-27T14:14:18.398000,3,1,0.05,linear_drift_corrected,365.0,1.5382515316662064,-2.0877026079823553,7.618030450038018,16
27-08-26/0/map1-0.05-data-2026.08.27-14.14.18.398.jpk-force-map,2026-08-27T14:14:18.398000,3,1,0.05,far_constant_referenced,5.0,5864.232666116056,5613.6704672071155,6141.17263581048,64
27-08-26/0/map1-0.05-data-2026.08.27-14.14.18.398.jpk-force-map,2026-08-27T14:14:18.398000,3,1,0.05,far_constant_referenced,10.0,3947.020016756792,3754.5285204910892,4101.109724891896,64
27-08-26/0/map1-0.05-data-2026.08.27-14.14.18.398.jpk-force-map,2026-08-27T14:14:18.398000,3,1,0.05,far_constant_referenced,15.0,2679.7754693776214,2551.5198960574508,2778.486832904461,64
27-08-26/0/map1-0.05-data-2026.08.27-14.14.18.398.jpk-force-map,2026-08-27T14:14:18.398000,3,1,0.05,far_constant_referenced,20.0,1850.380475664225,1767.5646858425393,1909.5574781014104,64
27-08-26/0/map1-0.05-data-2026.08.27-14.14.18.398.jpk-force-map,2026-08-27T14:14:18.398000,3,1,0.05,far_constant_referenced,25.0,1294.747146953886,1224.2476931330127,1337.0706206910545,64
27-08-26/0/map1-0.05-data-2026.08.27-14.14.18.398.jpk-force-map,2026-08-27T14:14:18.398000,3,1,0.05,far_constant_referenced,30.0,909.3418596159029,853.8943994797237,944.5514403698949,64
27-08-26/0/map1-0.05-data-2026.08.27-14.14.18.398.jpk-force-map,2026-08-27T14:14:18.398000,3,1,0.05,far_constant_referenced,35.0,650.4818540069715,604.4319855224823,677.1141015385565,64
27-08-26/0/map1-0.05-data-2026.08.27-14.14.18.398.jpk-force-map,2026-08-27T14:14:18.398000,3,1,0.05,far_constant_referenced,40.0,461.50436981894836,428.95575470599783,489.148543982936,64
27-08-26/0/map1-0.05-data-2026.08.27-14.14.18.398.jpk-force-map,2026-08-27T14:14:18.398000,3,1,0.05,far_constant_referenced,45.0,327.4430980927579,306.77318430391114,352.11497198472125,64
27-08-26/0/map1-0.05-data-2026.08.27-14.14.18.398.jpk-force-map,2026-08-27T14:14:18.398000,3,1,0.05,far_constant_referenced,50.0,234.53185051823084,217.71606870732066,253.2705797738055,64
27-08-26/0/map1-0.05-data-2026.08.27-14.14.18.398.jpk-force-map,2026-08-27T14:14:18.398000,3,1,0.05,far_constant_referenced,55.0,168.4484501511253,154.64432491087206,182.8976338559766,64
27-08-26/0/map1-0.05-data-2026.08.27-14.14.18.398.jpk-force-map,2026-08-27T14:14:18.398000,3,1,0.05,far_constant_referenced,60.0,121.54593312829289,109.38407074808369,132.67523161372628,64
27-08-26/0/map1-0.05-data-2026.08.27-14.14.18.398.jpk-force-map,2026-08-27T14:14:18.398000,3,1,0.05,far_constant_referenced,65.0,89.24690120627929,79.00840792415275,98.63543621764683,64
27-08-26/0/map1-0.05-data-2026.08.27-14.14.18.398.jpk-force-map,2026-08-27T14:14:18.398000,3,1,0.05,far_constant_referenced,70.0,66.88616908770061,57.001829044244026,71.91565699969567,64
27-08-26/0/map1-0.05-data-2026.08.27-14.14.18.398.jpk-force-map,2026-08-27T14:14:18.398000,3,1,0.05,far_constant_referenced,75.0,50.06232835159882,43.89881247931724,55.58170033148526,64
27-08-26/0/map1-0.05-data-2026.08.27-14.14.18.398.jpk-force-map,2026-08-27T14:14:18.398000,3,1,0.05,far_constant_referenced,80.0,38.60174093257117,33.96265657565687,43.46605354143157,64
27-08-26/0/map1-0.05-data-2026.08.27-14.14.18.398.jpk-force-map,2026-08-27T14:14:18.398000,3,1,0.05,far_constant_referenced,85.0,29.818854638144096,25.287553209234314,33.906244099315764,64
27-08-26/0/map1-0.05-data-2026.08.27-14.14.18.398.jpk-force-map,2026-08-27T14:14:18.398000,3,1,0.05,far_constant_referenced,90.0,24.330589990721567,20.233484684587914,29.420409974213477,64
27-08-26/0/map1-0.05-data-2026.08.27-14.14.18.398.jpk-force-map,2026-08-27T14:14:18.398000,3,1,0.05,far_constant_referenced,95.0,20.720250892696342,18.266085467588255,25.314794395567205,64
27-08-26/0/map1-0.05-data-2026.08.27-14.14.18.398.jpk-force-map,2026-08-27T14:14:18.398000,3,1,0.05,far_constant_referenced,100.0,19.64554541121504,14.406608587166357,22.58792610688324,64
27-08-26/0/map1-0.05-data-2026.08.27-14.14.18.398.jpk-force-map,2026-08-27T14:14:18.398000,3,1,0.05,far_constant_referenced,105.0,17.43776811311389,12.13340374386571,20.992680572367455,64
27-08-26/0/map1-0.05-data-2026.08.27-14.14.18.398.jpk-force-map,2026-08-27T14:14:18.398000,3,1,0.05,far_constant_referenced,110.0,14.989707754399895,12.074075326279901,18.293795817583664,64
27-08-26/0/map1-0.05-data-2026.08.27-14.14.18.398.jpk-force-map,2026-08-27T14:14:18.398000,3,1,0.05,far_constant_referenced,115.0,13.031513647235776,9.598239290984449,17.745990823094196,64
27-08-26/0/map1-0.05-data-2026.08.27-14.14.18.398.jpk-force-map,2026-08-27T14:14:18.398000,3,1,0.05,far_constant_referenced,120.0,12.341664899811608,8.217781632227041,16.706353840696373,64
27-08-26/0/map1-0.05-data-2026.08.27-14.14.18.398.jpk-force-map,2026-08-27T14:14:18.398000,3,1,0.05,far_constant_referenced,125.0,11.607512849565563,7.600190027622318,15.814087697376738,64
27-08-26/0/map1-0.05-data-2026.08.27-14.14.18.398.jpk-force-map,2026-08-27T14:14:18.398000,3,1,0.05,far_constant_referenced,130.0,11.483463601664363,7.279086102652601,15.42198565106195,64
27-08-26/0/map1-0.05-data-2026.08.27-14.14.18.398.jpk-force-map,2026-08-27T14:14:18.398000,3,1,0.05,far_constant_referenced,135.0,9.719372597640898,6.679720615522428,13.79145188258268,64
27-08-26/0/map1-0.05-data-2026.08.27-14.14.18.398.jpk-force-map,2026-08-27T14:14:18.398000,3,1,0.05,far_constant_referenced,140.0,10.931762767141185,6.778470658326926,13.43288612997221,64
27-08-26/0/map1-0.05-data-2026.08.27-14.14.18.398.jpk-force-map,2026-08-27T14:14:18.398000,3,1,0.05,far_constant_referenced,145.0,9.247001993559234,6.060388948219755,15.088707225987047,64
27-08-26/0/map1-0.05-data-2026.08.27-14.14.18.398.jpk-force-map,2026-08-27T14:14:18.398000,3,1,0.05,far_constant_referenced,150.0,9.094719782975128,5.947272995291177,14.826753555186952,64
27-08-26/0/map1-0.05-data-2026.08.27-14.14.18.398.jpk-force-map,2026-08-27T14:14:18.398000,3,1,0.05,far_constant_referenced,155.0,8.639357846357541,5.139919536119935,13.544036346542333,64
27-08-26/0/map1-0.05-data-2026.08.27-14.14.18.398.jpk-force-map,2026-08-27T14:14:18.398000,3,1,0.05,far_constant_referenced,160.0,8.757100109326146,4.026796083331006,12.34335745226524,64
27-08-26/0/map1-0.05-data-2026.08.27-14.14.18.398.jpk-force-map,2026-08-27T14:14:18.398000,3,1,0.05,far_constant_referenced,165.0,7.84244476337412,4.589917192830955,12.533820082935346,64
27-08-26/0/map1-0.05-data-2026.08.27-14.14.18.398.jpk-force-map,2026-08-27T14:14:18.398000,3,1,0.05,far_constant_referenced,170.0,8.215602099769214,4.795232713629389,11.967301990967034,64
27-08-26/0/map1-0.05-data-2026.08.27-14.14.18.398.jpk-force-map,2026-08-27T14:14:18.398000,3,1,0.05,far_constant_referenced,175.0,8.565420028645514,5.188831332640104,11.655700114859982,64
27-08-26/0/map1-0.05-data-2026.08.27-14.14.18.398.jpk-force-map,2026-08-27T14:14:18.398000,3,1,0.05,far_constant_referenced,180.0,7.141419230975286,4.2753874979180315,10.610896393393084,64
27-08-26/0/map1-0.05-data-2026.08.27-14.14.18.398.jpk-force-map,2026-08-27T14:14:18.398000,3,1,0.05,far_constant_referenced,185.0,6.596037258945733,3.3615041934360628,10.901843190785096,64
27-08-26/0/map1-0.05-data-2026.08.27-14.14.18.398.jpk-force-map,2026-08-27T14:14:18.398000,3,1,0.05,far_constant_referenced,190.0,6.699645224231178,4.261799568044506,10.807707580459574,64
27-08-26/0/map1-0.05-data-2026.08.27-14.14.18.398.jpk-force-map,2026-08-27T14:14:18.398000,3,1,0.05,far_constant_referenced,195.0,6.964312917737624,3.3359793146789425,9.557136990873213,64
27-08-26/0/map1-0.05-data-2026.08.27-14.14.18.398.jpk-force-map,2026-08-27T14:14:18.398000,3,1,0.05,far_constant_referenced,200.0,6.3950926806240425,2.3525231961811555,8.667103829036297,64
27-08-26/0/map1-0.05-data-2026.08.27-14.14.18.398.jpk-force-map,2026-08-27T14:14:18.398000,3,1,0.05,far_constant_referenced,205.0,5.809350756050629,2.168076550197139,8.371281292821697,64
27-08-26/0/map1-0.05-data-2026.08.27-14.14.18.398.jpk-force-map,2026-08-27T14:14:18.398000,3,1,0.05,far_constant_referenced,210.0,4.945305697852939,2.6631154795965997,7.718627127913987,64
27-08-26/0/map1-0.05-data-2026.08.27-14.14.18.398.jpk-force-map,2026-08-27T14:14:18.398000,3,1,0.05,far_constant_referenced,215.0,4.725440164733652,2.7704054888163214,7.421379284369937,64
27-08-26/0/map1-0.05-data-2026.08.27-14.14.18.398.jpk-force-map,2026-08-27T14:14:18.398000,3,1,0.05,far_constant_referenced,220.0,4.048704244739825,1.586242343218526,7.838323249679932,64
27-08-26/0/map1-0.05-data-2026.08.27-14.14.18.398.jpk-force-map,2026-08-27T14:14:18.398000,3,1,0.05,far_constant_referenced,225.0,4.316757043153534,0.8010464742387066,6.803769863423672,64
27-08-26/0/map1-0.05-data-2026.08.27-14.14.18.398.jpk-force-map,2026-08-27T14:14:18.398000,3,1,0.05,far_constant_referenced,230.0,4.634422414191047,0.3315680562796013,7.45397131196861,64
27-08-26/0/map1-0.05-data-2026.08.27-14.14.18.398.jpk-force-map,2026-08-27T14:14:18.398000,3,1,0.05,far_constant_referenced,235.0,3.61277399804622,1.1466597464933208,5.659990425491723,64
27-08-26/0/map1-0.05-data-2026.08.27-14.14.18.398.jpk-force-map,2026-08-27T14:14:18.398000,3,1,0.05,far_constant_referenced,240.0,2.630048349554743,-0.5490165057194942,5.027290563195534,64
27-08-26/0/map1-0.05-data-2026.08.27-14.14.18.398.jpk-force-map,2026-08-27T14:14:18.398000,3,1,0.05,far_constant_referenced,245.0,3.309183536886442,-1.024326806168044,6.27520057910023,64
27-08-26/0/map1-0.05-data-2026.08.27-14.14.18.398.jpk-force-map,2026-08-27T14:14:18.398000,3,1,0.05,far_constant_referenced,250.0,3.1394056788341063,0.12428679912269405,5.8553287949845405,64
27-08-26/0/map1-0.05-data-2026.08.27-14.14.18.398.jpk-force-map,2026-08-27T14:14:18.398000,3,1,0.05,far_constant_referenced,255.0,2.197526962890651,-0.3892276765339605,5.305088900473939,64
27-08-26/0/map1-0.05-data-2026.08.27-14.14.18.398.jpk-force-map,2026-08-27T14:14:18.398000,3,1,0.05,far_constant_referenced,260.0,1.8545623867564358,-1.3194307499374007,4.356653770815337,64
27-08-26/0/map1-0.05-data-2026.08.27-14.14.18.398.jpk-force-map,2026-08-27T14:14:18.398000,3,1,0.05,far_constant_referenced,265.0,1.4288705977122529,-1.4154905251576553,4.520605685158779,64
27-08-26/0/map1-0.05-data-2026.08.27-14.14.18.398.jpk-force-map,2026-08-27T14:14:18.398000,3,1,0.05,far_constant_referenced,270.0,0.46753643672278056,-2.152772312747846,2.737558093654464,64
27-08-26/0/map1-0.05-data-2026.08.27-14.14.18.398.jpk-force-map,2026-08-27T14:14:18.398000,3,1,0.05,far_constant_referenced,275.0,0.18097839814913347,-1.509127277917979,2.550741874235336,64
27-08-26/0/map1-0.05-data-2026.08.27-14.14.18.398.jpk-force-map,2026-08-27T14:14:18.398000,3,1,0.05,far_constant_referenced,280.0,0.44418515164301015,-1.62442276330449,2.4892220466306125,64
27-08-26/0/map1-0.05-data-2026.08.27-14.14.18.398.jpk-force-map,2026-08-27T14:14:18.398000,3,1,0.05,far_constant_referenced,285.0,0.38143599646661,-0.8363050142994264,2.2194410630799917,64
27-08-26/0/map1-0.05-data-2026.08.27-14.14.18.398.jpk-force-map,2026-08-27T14:14:18.398000,3,1,0.05,far_constant_referenced,290.0,0.5687213795483017,-1.3525038187597724,2.7492396749749624,64
27-08-26/0/map1-0.05-data-2026.08.27-14.14.18.398.jpk-force-map,2026-08-27T14:14:18.398000,3,1,0.05,far_constant_referenced,295.0,1.0571742013298477,-2.205324581738494,2.4013696661154413,64
27-08-26/0/map1-0.05-data-2026.08.27-14.14.18.398.jpk-force-map,2026-08-27T14:14:18.398000,3,1,0.05,far_constant_referenced,300.0,-1.0177644536722772,-2.19924327046643,2.2843994446169065,64
27-08-26/0/map1-0.05-data-2026.08.27-14.14.18.398.jpk-force-map,2026-08-27T14:14:18.398000,3,1,0.05,far_constant_referenced,305.0,0.4373793091451903,-1.9822877398113208,1.3162178696657127,64
27-08-26/0/map1-0.05-data-2026.08.27-14.14.18.398.jpk-force-map,2026-08-27T14:14:18.398000,3,1,0.05,far_constant_referenced,310.0,0.11142340047498019,-1.5186174492195197,1.8900644168193272,64
27-08-26/0/map1-0.05-data-2026.08.27-14.14.18.398.jpk-force-map,2026-08-27T14:14:18.398000,3,1,0.05,far_constant_referenced,315.0,0.5244418318486029,-1.7424203938362517,2.004890738543199,64
27-08-26/0/map1-0.05-data-2026.08.27-14.14.18.398.jpk-force-map,2026-08-27T14:14:18.398000,3,1,0.05,far_constant_referenced,320.0,0.01801826015569119,-1.6611659985000247,1.8963951568740223,64
27-08-26/0/map1-0.05-data-2026.08.27-14.14.18.398.jpk-force-map,2026-08-27T14:14:18.398000,3,1,0.05,far_constant_referenced,325.0,0.4558489166218399,-1.984936435931731,2.531268612847556,64
27-08-26/0/map1-0.05-data-2026.08.27-14.14.18.398.jpk-force-map,2026-08-27T14:14:18.398000,3,1,0.05,far_constant_referenced,330.0,-0.29287690106723474,-3.312117294472731,1.9927162384379855,64
27-08-26/0/map1-0.05-data-2026.08.27-14.14.18.398.jpk-force-map,2026-08-27T14:14:18.398000,3,1,0.05,far_constant_referenced,335.0,-0.25053339582334605,-1.9664430733329854,1.6901175536282456,64
27-08-26/0/map1-0.05-data-2026.08.27-14.14.18.398.jpk-force-map,2026-08-27T14:14:18.398000,3,1,0.05,far_constant_referenced,340.0,-0.4111061440400495,-3.0810215273539985,1.21019875948135,64
27-08-26/0/map1-0.05-data-2026.08.27-14.14.18.398.jpk-force-map,2026-08-27T14:14:18.398000,3,1,0.05,far_constant_referenced,345.0,-0.9856475285167513,-2.962798223161669,1.0489074188194278,63
27-08-26/0/map1-0.05-data-2026.08.27-14.14.18.398.jpk-force-map,2026-08-27T14:14:18.398000,3,1,0.05,far_constant_referenced,350.0,-1.4926293455803168,-2.8518974353741644,1.0274921761953564,63
27-08-26/0/map1-0.05-data-2026.08.27-14.14.18.398.jpk-force-map,2026-08-27T14:14:18.398000,3,1,0.05,far_constant_referenced,355.0,-0.4110823889178942,-3.052325339788927,1.374376347485354,62
27-08-26/0/map1-0.05-data-2026.08.27-14.14.18.398.jpk-force-map,2026-08-27T14:14:18.398000,3,1,0.05,far_constant_referenced,360.0,-0.9739837635378623,-2.561223821886867,2.069356201295322,60
27-08-26/0/map1-0.05-data-2026.08.27-14.14.18.398.jpk-force-map,2026-08-27T14:14:18.398000,3,1,0.05,far_constant_referenced,365.0,-0.5993654871301685,-4.106334171091424,4.193675816480261,16
27-08-26/0/map1-0.05-data-2026.08.27-14.27.55.012.jpk-force-map,2026-08-27T14:27:55.012000,4,1,0.05,linear_drift_corrected,5.0,5597.537048163946,5439.39866918503,5757.696962585502,64
27-08-26/0/map1-0.05-data-2026.08.27-14.27.55.012.jpk-force-map,2026-08-27T14:27:55.012000,4,1,0.05,linear_drift_corrected,10.0,3672.98259310831,3547.8031643317586,3807.056943131027,64
27-08-26/0/map1-0.05-data-2026.08.27-14.27.55.012.jpk-force-map,2026-08-27T14:27:55.012000,4,1,0.05,linear_drift_corrected,15.0,2412.2244203828204,2334.78239922847,2529.505565695642,64
27-08-26/0/map1-0.05-data-2026.08.27-14.27.55.012.jpk-force-map,2026-08-27T14:27:55.012000,4,1,0.05,linear_drift_corrected,20.0,1620.639725331341,1551.6061146965455,1712.7332136357918,64
27-08-26/0/map1-0.05-data-2026.08.27-14.27.55.012.jpk-force-map,2026-08-27T14:27:55.012000,4,1,0.05,linear_drift_corrected,25.0,1089.7096476865195,1033.884068045769,1154.8217070642797,64
27-08-26/0/map1-0.05-data-2026.08.27-14.27.55.012.jpk-force-map,2026-08-27T14:27:55.012000,4,1,0.05,linear_drift_corrected,30.0,724.8291042219082,686.4865413618539,785.8806849358521,64
27-08-26/0/map1-0.05-data-2026.08.27-14.27.55.012.jpk-force-map,2026-08-27T14:27:55.012000,4,1,0.05,linear_drift_corrected,35.0,490.6552227259448,456.55879113318963,540.957143258919,64
27-08-26/0/map1-0.05-data-2026.08.27-14.27.55.012.jpk-force-map,2026-08-27T14:27:55.012000,4,1,0.05,linear_drift_corrected,40.0,336.24930034878696,297.35267535078555,368.83901052291276,64
27-08-26/0/map1-0.05-data-2026.08.27-14.27.55.012.jpk-force-map,2026-08-27T14:27:55.012000,4,1,0.05,linear_drift_corrected,45.0,228.07187879301637,196.75425063807182,252.98305881004026,64
27-08-26/0/map1-0.05-data-2026.08.27-14.27.55.012.jpk-force-map,2026-08-27T14:27:55.012000,4,1,0.05,linear_drift_corrected,50.0,156.2968452085014,128.77640719293535,169.1433742007525,64
27-08-26/0/map1-0.05-data-2026.08.27-14.27.55.012.jpk-force-map,2026-08-27T14:27:55.012000,4,1,0.05,linear_drift_corrected,55.0,106.78417420303755,82.26208676280123,114.93950850617621,64
27-08-26/0/map1-0.05-data-2026.08.27-14.27.55.012.jpk-force-map,2026-08-27T14:27:55.012000,4,1,0.05,linear_drift_corrected,60.0,73.681152314462,56.57842382707509,82.56394641830533,64
27-08-26/0/map1-0.05-data-2026.08.27-14.27.55.012.jpk-force-map,2026-08-27T14:27:55.012000,4,1,0.05,linear_drift_corrected,65.0,50.517901343041785,34.386579974763194,60.12499863040699,64
27-08-26/0/map1-0.05-data-2026.08.27-14.27.55.012.jpk-force-map,2026-08-27T14:27:55.012000,4,1,0.05,linear_drift_corrected,70.0,35.21839953262414,21.864500163093243,44.259110907127784,64
27-08-26/0/map1-0.05-data-2026.08.27-14.27.55.012.jpk-force-map,2026-08-27T14:27:55.012000,4,1,0.05,linear_drift_corrected,75.0,26.463295140278085,12.254372023475462,33.628341265879065,64
27-08-26/0/map1-0.05-data-2026.08.27-14.27.55.012.jpk-force-map,2026-08-27T14:27:55.012000,4,1,0.05,linear_drift_corrected,80.0,19.12102013367087,7.393495384476422,26.10448396800292,64
27-08-26/0/map1-0.05-data-2026.08.27-14.27.55.012.jpk-force-map,2026-08-27T14:27:55.012000,4,1,0.05,linear_drift_corrected,85.0,13.46942447193187,1.9582710957023075,20.797318050453647,64
27-08-26/0/map1-0.05-data-2026.08.27-14.27.55.012.jpk-force-map,2026-08-27T14:27:55.012000,4,1,0.05,linear_drift_corrected,90.0,10.787900225474734,0.2826632987670745,20.25285088039722,64
27-08-26/0/map1-0.05-data-2026.08.27-14.27.55.012.jpk-force-map,2026-08-27T14:27:55.012000,4,1,0.05,linear_drift_corrected,95.0,9.14813022753897,-0.5392842036016049,16.872523810591854,64
27-08-26/0/map1-0.05-data-2026.08.27-14.27.55.012.jpk-force-map,2026-08-27T14:27:55.012000,4,1,0.05,linear_drift_corrected,100.0,7.550951011447434,-0.7358945687507873,15.373937806328302,64
27-08-26/0/map1-0.05-data-2026.08.27-14.27.55.012.jpk-force-map,2026-08-27T14:27:55.012000,4,1,0.05,linear_drift_corrected,105.0,6.343354710760131,-0.659726946657545,16.67029751651625,64
27-08-26/0/map1-0.05-data-2026.08.27-14.27.55.012.jpk-force-map,2026-08-27T14:27:55.012000,4,1,0.05,linear_drift_corrected,110.0,6.909073777665547,-0.9941965753857167,17.205862655798654,64
27-08-26/0/map1-0.05-data-2026.08.27-14.27.55.012.jpk-force-map,2026-08-27T14:27:55.012000,4,1,0.05,linear_drift_corrected,115.0,6.786982754142615,-1.5867956314575231,14.842857679744728,64
27-08-26/0/map1-0.05-data-2026.08.27-14.27.55.012.jpk-force-map,2026-08-27T14:27:55.012000,4,1,0.05,linear_drift_corrected,120.0,6.662176645540921,-1.5897970616875554,13.76367235125193,64
27-08-26/0/map1-0.05-data-2026.08.27-14.27.55.012.jpk-force-map,2026-08-27T14:27:55.012000,4,1,0.05,linear_drift_corrected,125.0,6.491850844038477,-1.6186038061159143,12.763886322865924,64
27-08-26/0/map1-0.05-data-2026.08.27-14.27.55.012.jpk-force-map,2026-08-27T14:27:55.012000,4,1,0.05,linear_drift_corrected,130.0,6.064105298626543,-2.0686141191775307,13.778062977001069,64
27-08-26/0/map1-0.05-data-2026.08.27-14.27.55.012.jpk-force-map,2026-08-27T14:27:55.012000,4,1,0.05,linear_drift_corrected,135.0,7.002327694769001,-2.6990628125573557,13.355511734765427,64
27-08-26/0/map1-0.05-data-2026.08.27-14.27.55.012.jpk-force-map,2026-08-27T14:27:55.012000,4,1,0.05,linear_drift_corrected,140.0,6.858505682776693,-2.998103799601692,12.912764094065498,64
27-08-26/0/map1-0.05-data-2026.08.27-14.27.55.012.jpk-force-map,2026-08-27T14:27:55.012000,4,1,0.05,linear_drift_corrected,145.0,6.114665736622689,-2.3273216964785224,11.916710204473414,64
27-08-26/0/map1-0.05-data-2026.08.27-14.27.55.012.jpk-force-map,2026-08-27T14:27:55.012000,4,1,0.05,linear_drift_corrected,150.0,7.62300225926393,-2.2195026316523436,11.492825671996629,64
27-08-26/0/map1-0.05-data-2026.08.27-14.27.55.012.jpk-force-map,2026-08-27T14:27:55.012000,4,1,0.05,linear_drift_corrected,155.0,6.168623369232192,-1.4242216512561905,13.011096414467083,64
27-08-26/0/map1-0.05-data-2026.08.27-14.27.55.012.jpk-force-map,2026-08-27T14:27:55.012000,4,1,0.05,linear_drift_corrected,160.0,5.290668365009665,-2.0474814647353394,11.527202801201879,64
27-08-26/0/map1-0.05-data-2026.08.27-14.27.55.012.jpk-force-map,2026-08-27T14:27:55.012000,4,1,0.05,linear_drift_corrected,165.0,5.372832563395878,-0.5936955487120571,13.466173608296222,64
27-08-26/0/map1-0.05-data-2026.08.27-14.27.55.012.jpk-force-map,2026-08-27T14:27:55.012000,4,1,0.05,linear_drift_corrected,170.0,5.163940669362983,0.170821858571629,13.264649256335428,64
27-08-26/0/map1-0.05-data-2026.08.27-14.27.55.012.jpk-force-map,2026-08-27T14:27:55.012000,4,1,0.05,linear_drift_corrected,175.0,5.0852072700626545,-2.0669883453770814,11.798028143164853,64
27-08-26/0/map1-0.05-data-2026.08.27-14.27.55.012.jpk-force-map,2026-08-27T14:27:55.012000,4,1,0.05,linear_drift_corrected,180.0,4.1153952579828825,-2.858117847358412,9.666798397150478,64
27-08-26/0/map1-0.05-data-2026.08.27-14.27.55.012.jpk-force-map,2026-08-27T14:27:55.012000,4,1,0.05,linear_drift_corrected,185.0,3.4488817091528046,-3.177951190976486,11.38791377554701,64
27-08-26/0/map1-0.05-data-2026.08.27-14.27.55.012.jpk-force-map,2026-08-27T14:27:55.012000,4,1,0.05,linear_drift_corrected,190.0,3.2018537238313165,-3.2917313247955713,9.242985077276657,64
27-08-26/0/map1-0.05-data-2026.08.27-14.27.55.012.jpk-force-map,2026-08-27T14:27:55.012000,4,1,0.05,linear_drift_corrected,195.0,2.6409085136205963,-3.4950517867867408,9.190403533581668,64
27-08-26/0/map1-0.05-data-2026.08.27-14.27.55.012.jpk-force-map,2026-08-27T14:27:55.012000,4,1,0.05,linear_drift_corrected,200.0,2.0739022546093606,-2.020336780884765,9.490025269046622,64
27-08-26/0/map1-0.05-data-2026.08.27-14.27.55.012.jpk-force-map,2026-08-27T14:27:55.012000,4,1,0.05,linear_drift_corrected,205.0,2.0856086888487093,-2.6404330477888003,8.153423753408546,64
27-08-26/0/map1-0.05-data-2026.08.27-14.27.55.012.jpk-force-map,2026-08-27T14:27:55.012000,4,1,0.05,linear_drift_corrected,210.0,1.9864691858838375,-2.667462892166779,7.615237438387867,64
27-08-26/0/map1-0.05-data-2026.08.27-14.27.55.012.jpk-force-map,2026-08-27T14:27:55.012000,4,1,0.05,linear_drift_corrected,215.0,2.915272022089273,-2.1298636859755087,7.613775121373731,64
27-08-26/0/map1-0.05-data-2026.08.27-14.27.55.012.jpk-force-map,2026-08-27T14:27:55.012000,4,1,0.05,linear_drift_corrected,220.0,2.491455031808922,-1.9774106688415234,7.2568975180191,64
27-08-26/0/map1-0.05-data-2026.08.27-14.27.55.012.jpk-force-map,2026-08-27T14:27:55.012000,4,1,0.05,linear_drift_corrected,225.0,0.9748215650357678,-2.0367115667488034,5.331096730590969,64
27-08-26/0/map1-0.05-data-2026.08.27-14.27.55.012.jpk-force-map,2026-08-27T14:27:55.012000,4,1,0.05,linear_drift_corrected,230.0,1.419035062260999,-1.6656710659280665,4.318304352298423,64
27-08-26/0/map1-0.05-data-2026.08.27-14.27.55.012.jpk-force-map,2026-08-27T14:27:55.012000,4,1,0.05,linear_drift_corrected,235.0,1.534158398270149,-0.6027445035874606,4.600930759677848,64
27-08-26/0/map1-0.05-data-2026.08.27-14.27.55.012.jpk-force-map,2026-08-27T14:27:55.012000,4,1,0.05,linear_drift_corrected,240.0,0.7236217469959783,-2.0388163651389513,3.4752374811783246,64
27-08-26/0/map1-0.05-data-2026.08.27-14.27.55.012.jpk-force-map,2026-08-27T14:27:55.012000,4,1,0.05,linear_drift_corrected,245.0,1.4504009391776767,-0.9983333610345806,4.395258647448881,64
27-08-26/0/map1-0.05-data-2026.08.27-14.27.55.012.jpk-force-map,2026-08-27T14:27:55.012000,4,1,0.05,linear_drift_corrected,250.0,1.3070656817598554,-0.9240348802222795,3.287633246188671,64
27-08-26/0/map1-0.05-data-2026.08.27-14.27.55.012.jpk-force-map,2026-08-27T14:27:55.012000,4,1,0.05,linear_drift_corrected,255.0,0.9031876958665941,-1.973776307722574,2.9969228575286024,64
27-08-26/0/map1-0.05-data-2026.08.27-14.27.55.012.jpk-force-map,2026-08-27T14:27:55.012000,4,1,0.05,linear_drift_corrected,260.0,0.40798999558793403,-1.6163265057522014,2.786514483674585,64
27-08-26/0/map1-0.05-data-2026.08.27-14.27.55.012.jpk-force-map,2026-08-27T14:27:55.012000,4,1,0.05,linear_drift_corrected,265.0,0.6092989658346326,-1.7309661955449296,2.014985137263706,64
27-08-26/0/map1-0.05-data-2026.08.27-14.27.55.012.jpk-force-map,2026-08-27T14:27:55.012000,4,1,0.05,linear_drift_corrected,270.0,0.21355036279513567,-1.7597234489091371,2.2579950306731917,64
27-08-26/0/map1-0.05-data-2026.08.27-14.27.55.012.jpk-force-map,2026-08-27T14:27:55.012000,4,1,0.05,linear_drift_corrected,275.0,-0.03195014579963648,-1.595974761987121,1.6323655321179258,64
27-08-26/0/map1-0.05-data-2026.08.27-14.27.55.012.jpk-force-map,2026-08-27T14:27:55.012000,4,1,0.05,linear_drift_corrected,280.0,0.3693145775441369,-1.554870374423952,1.9928387624127504,64
27-08-26/0/map1-0.05-data-2026.08.27-14.27.55.012.jpk-force-map,2026-08-27T14:27:55.012000,4,1,0.05,linear_drift_corrected,285.0,0.8587154625187192,-1.1688656202480496,1.927114157900952,64
27-08-26/0/map1-0.05-data-2026.08.27-14.27.55.012.jpk-force-map,2026-08-27T14:27:55.012000,4,1,0.05,linear_drift_corrected,290.0,-0.1687413553079147,-1.6588028305596483,1.710581419409933,64
27-08-26/0/map1-0.05-data-2026.08.27-14.27.55.012.jpk-force-map,2026-08-27T14:27:55.012000,4,1,0.05,linear_drift_corrected,295.0,-0.9998743924706996,-1.933767162121758,0.9404289759881309,64
27-08-26/0/map1-0.05-data-2026.08.27-14.27.55.012.jpk-force-map,2026-08-27T14:27:55.012000,4,1,0.05,linear_drift_corrected,300.0,-0.49646694128958446,-1.819870063321068,1.1497348970820052,64
27-08-26/0/map1-0.05-data-2026.08.27-14.27.55.012.jpk-force-map,2026-08-27T14:27:55.012000,4,1,0.05,linear_drift_corrected,305.0,-0.07992458580631538,-1.9868282330293452,1.4709530599491398,64
27-08-26/0/map1-0.05-data-2026.08.27-14.27.55.012.jpk-force-map,2026-08-27T14:27:55.012000,4,1,0.05,linear_drift_corrected,310.0,-0.7792222625237055,-3.065367234377698,1.3016901596146428,64
27-08-26/0/map1-0.05-data-2026.08.27-14.27.55.012.jpk-force-map,2026-08-27T14:27:55.012000,4,1,0.05,linear_drift_corrected,315.0,-0.32317683721908885,-1.7937278900749014,1.0553670055539726,64
27-08-26/0/map1-0.05-data-2026.08.27-14.27.55.012.jpk-force-map,2026-08-27T14:27:55.012000,4,1,0.05,linear_drift_corrected,320.0,-0.17669876572047702,-1.7322209019721522,1.3362798424100886,64
27-08-26/0/map1-0.05-data-2026.08.27-14.27.55.012.jpk-force-map,2026-08-27T14:27:55.012000,4,1,0.05,linear_drift_corrected,325.0,-0.34644078153228386,-1.07949647961239,1.4248873596678062,64
27-08-26/0/map1-0.05-data-2026.08.27-14.27.55.012.jpk-force-map,2026-08-27T14:27:55.012000,4,1,0.05,linear_drift_corrected,330.0,0.23251166140762486,-1.0393727239557669,1.4652428899343506,64
27-08-26/0/map1-0.05-data-2026.08.27-14.27.55.012.jpk-force-map,2026-08-27T14:27:55.012000,4,1,0.05,linear_drift_corrected,335.0,0.04456423569151978,-1.4063356822508828,1.1876995701307655,64
27-08-26/0/map1-0.05-data-2026.08.27-14.27.55.012.jpk-force-map,2026-08-27T14:27:55.012000,4,1,0.05,linear_drift_corrected,340.0,-0.11211305641029036,-1.4232207496683267,1.6201214588688821,64
27-08-26/0/map1-0.05-data-2026.08.27-14.27.55.012.jpk-force-map,2026-08-27T14:27:55.012000,4,1,0.05,linear_drift_corrected,345.0,0.8469330673897899,-0.9932446098808617,2.028698364831192,64
27-08-26/0/map1-0.05-data-2026.08.27-14.27.55.012.jpk-force-map,2026-08-27T14:27:55.012000,4,1,0.05,linear_drift_corrected,350.0,-0.1652932199214257,-1.632350452538017,0.9541515040654718,63
27-08-26/0/map1-0.05-data-2026.08.27-14.27.55.012.jpk-force-map,2026-08-27T14:27:55.012000,4,1,0.05,linear_drift_corrected,355.0,0.5067945999784063,-1.7014153822268545,2.1145009718132655,63
27-08-26/0/map1-0.05-data-2026.08.27-14.27.55.012.jpk-force-map,2026-08-27T14:27:55.012000,4,1,0.05,linear_drift_corrected,360.0,0.26756704290336086,-1.6961609659662962,2.2986092046839683,60
27-08-26/0/map1-0.05-data-2026.08.27-14.27.55.012.jpk-force-map,2026-08-27T14:27:55.012000,4,1,0.05,linear_drift_corrected,365.0,5.376666465738915,0.34247824929389925,8.924042946618588,12
27-08-26/0/map1-0.05-data-2026.08.27-14.27.55.012.jpk-force-map,2026-08-27T14:27:55.012000,4,1,0.05,far_constant_referenced,5.0,5613.97796538587,5458.303416459756,5766.705911143355,64
27-08-26/0/map1-0.05-data-2026.08.27-14.27.55.012.jpk-force-map,2026-08-27T14:27:55.012000,4,1,0.05,far_constant_referenced,10.0,3693.573340262442,3555.8649683866884,3836.8538858158545,64
27-08-26/0/map1-0.05-data-2026.08.27-14.27.55.012.jpk-force-map,2026-08-27T14:27:55.012000,4,1,0.05,far_constant_referenced,15.0,2426.145866565105,2350.6142998912383,2541.6323965827473,64
27-08-26/0/map1-0.05-data-2026.08.27-14.27.55.012.jpk-force-map,2026-08-27T14:27:55.012000,4,1,0.05,far_constant_referenced,20.0,1623.9095338902803,1568.8841428870164,1722.5520550731103,64
27-08-26/0/map1-0.05-data-2026.08.27-14.27.55.012.jpk-force-map,2026-08-27T14:27:55.012000,4,1,0.05,far_constant_referenced,25.0,1100.4721279942346,1047.6834123951755,1167.9600737139644,64
27-08-26/0/map1-0.05-data-2026.08.27-14.27.55.012.jpk-force-map,2026-08-27T14:27:55.012000,4,1,0.05,far_constant_referenced,30.0,738.9785328228658,698.7961616946857,791.726864714259,64
27-08-26/0/map1-0.05-data-2026.08.27-14.27.55.012.jpk-force-map,2026-08-27T14:27:55.012000,4,1,0.05,far_constant_referenced,35.0,501.8692159179736,472.03110775332163,543.9859250718921,64
27-08-26/0/map1-0.05-data-2026.08.27-14.27.55.012.jpk-force-map,2026-08-27T14:27:55.012000,4,1,0.05,far_constant_referenced,40.0,344.0382482678593,317.619802774463,373.6167604575852,64
27-08-26/0/map1-0.05-data-2026.08.27-14.27.55.012.jpk-force-map,2026-08-27T14:27:55.012000,4,1,0.05,far_constant_referenced,45.0,237.23632366550186,215.68368735366184,256.3975674625321,64
27-08-26/0/map1-0.05-data-2026.08.27-14.27.55.012.jpk-force-map,2026-08-27T14:27:55.012000,4,1,0.05,far_constant_referenced,50.0,162.70232365269413,145.48978973030694,178.24103603525242,64
27-08-26/0/map1-0.05-data-2026.08.27-14.27.55.012.jpk-force-map,2026-08-27T14:27:55.012000,4,1,0.05,far_constant_referenced,55.0,112.11261971166033,99.93124843738018,123.80991504541629,64
27-08-26/0/map1-0.05-data-2026.08.27-14.27.55.012.jpk-force-map,2026-08-27T14:27:55.012000,4,1,0.05,far_constant_referenced,60.0,80.6994994377894,69.1483871870039,87.46749408724534,64
27-08-26/0/map1-0.05-data-2026.08.27-14.27.55.012.jpk-force-map,2026-08-27T14:27:55.012000,4,1,0.05,far_constant_referenced,65.0,56.29202599420836,47.60476000524174,64.09873117629812,64
27-08-26/0/map1-0.05-data-2026.08.27-14.27.55.012.jpk-force-map,2026-08-27T14:27:55.012000,4,1,0.05,far_constant_referenced,70.0,41.58790231837371,34.92497657421594,47.601095777649086,64
27-08-26/0/map1-0.05-data-2026.08.27-14.27.55.012.jpk-force-map,2026-08-27T14:27:55.012000,4,1,0.05,far_constant_referenced,75.0,31.684593809875206,25.82270860117557,37.08602754703526,64
27-08-26/0/map1-0.05-data-2026.08.27-14.27.55.012.jpk-force-map,2026-08-27T14:27:55.012000,4,1,0.05,far_constant_referenced,80.0,23.935079084377236,19.469448690669065,29.06770579799513,64
27-08-26/0/map1-0.05-data-2026.08.27-14.27.55.012.jpk-force-map,2026-08-27T14:27:55.012000,4,1,0.05,far_constant_referenced,85.0,20.07271001783287,15.559171481515556,24.283899298123004,64
27-08-26/0/map1-0.05-data-2026.08.27-14.27.55.012.jpk-force-map,2026-08-27T14:27:55.012000,4,1,0.05,far_constant_referenced,90.0,17.249520647584863,13.365510664755877,22.278266212012436,64
27-08-26/0/map1-0.05-data-2026.08.27-14.27.55.012.jpk-force-map,2026-08-27T14:27:55.012000,4,1,0.05,far_constant_referenced,95.0,15.721900007068012,11.91062226950169,19.313294395173404,64
27-08-26/0/map1-0.05-data-2026.08.27-14.27.55.012.jpk-force-map,2026-08-27T14:27:55.012000,4,1,0.05,far_constant_referenced,100.0,14.340230837080627,9.29324133883686,18.583032246180487,64
27-08-26/0/map1-0.05-data-2026.08.27-14.27.55.012.jpk-force-map,2026-08-27T14:27:55.012000,4,1,0.05,far_constant_referenced,105.0,13.680978686993981,10.201013638144087,19.237616514763396,64
27-08-26/0/map1-0.05-data-2026.08.27-14.27.55.012.jpk-force-map,2026-08-27T14:27:55.012000,4,1,0.05,far_constant_referenced,110.0,12.894315939221016,9.643765982597342,18.11477127823195,64
27-08-26/0/map1-0.05-data-2026.08.27-14.27.55.012.jpk-force-map,2026-08-27T14:27:55.012000,4,1,0.05,far_constant_referenced,115.0,12.265256549395264,8.779720924399683,16.439975778394675,64
27-08-26/0/map1-0.05-data-2026.08.27-14.27.55.012.jpk-force-map,2026-08-27T14:27:55.012000,4,1,0.05,far_constant_referenced,120.0,12.173347981771858,8.164029729567455,16.660856842986135,64
27-08-26/0/map1-0.05-data-2026.08.27-14.27.55.012.jpk-force-map,2026-08-27T14:27:55.012000,4,1,0.05,far_constant_referenced,125.0,11.78024822032641,8.045806425375211,15.792215168651191,64
27-08-26/0/map1-0.05-data-2026.08.27-14.27.55.012.jpk-force-map,2026-08-27T14:27:55.012000,4,1,0.05,far_constant_referenced,130.0,11.524833146899898,7.907420961252647,15.989715254260162,64
27-08-26/0/map1-0.05-data-2026.08.27-14.27.55.012.jpk-force-map,2026-08-27T14:27:55.012000,4,1,0.05,far_constant_referenced,135.0,11.391495646235583,7.691148390359507,15.9554128578662,64
27-08-26/0/map1-0.05-data-2026.08.27-14.27.55.012.jpk-force-map,2026-08-27T14:27:55.012000,4,1,0.05,far_constant_referenced,140.0,9.500944249412049,7.248923036294454,14.473746501161116,64
27-08-26/0/map1-0.05-data-2026.08.27-14.27.55.012.jpk-force-map,2026-08-27T14:27:55.012000,4,1,0.05,far_constant_referenced,145.0,10.386867775115835,7.025844622903459,14.382782199643412,64
27-08-26/0/map1-0.05-data-2026.08.27-14.27.55.012.jpk-force-map,2026-08-27T14:27:55.012000,4,1,0.05,far_constant_referenced,150.0,9.844906540676813,7.546669737403786,13.572293064347544,64
27-08-26/0/map1-0.05-data-2026.08.27-14.27.55.012.jpk-force-map,2026-08-27T14:27:55.012000,4,1,0.05,far_constant_referenced,155.0,9.984052168708402,5.4160431372863025,14.173137307831894,64
27-08-26/0/map1-0.05-data-2026.08.27-14.27.55.012.jpk-force-map,2026-08-27T14:27:55.012000,4,1,0.05,far_constant_referenced,160.0,9.586118239904117,6.645679525472229,13.041235430978299,64
27-08-26/0/map1-0.05-data-2026.08.27-14.27.55.012.jpk-force-map,2026-08-27T14:27:55.012000,4,1,0.05,far_constant_referenced,165.0,9.552991722056909,6.726429124462643,14.190140036515473,64
27-08-26/0/map1-0.05-data-2026.08.27-14.27.55.012.jpk-force-map,2026-08-27T14:27:55.012000,4,1,0.05,far_constant_referenced,170.0,9.608958789857574,6.648340099153742,15.062926979666681,64
27-08-26/0/map1-0.05-data-2026.08.27-14.27.55.012.jpk-force-map,2026-08-27T14:27:55.012000,4,1,0.05,far_constant_referenced,175.0,8.867038814666364,5.351055061846728,12.874878310516479,64
27-08-26/0/map1-0.05-data-2026.08.27-14.27.55.012.jpk-force-map,2026-08-27T14:27:55.012000,4,1,0.05,far_constant_referenced,180.0,7.9713875664394696,4.865530058870908,12.534051695376373,64
27-08-26/0/map1-0.05-data-2026.08.27-14.27.55.012.jpk-force-map,2026-08-27T14:27:55.012000,4,1,0.05,far_constant_referenced,185.0,7.764124125624203,4.178603191471984,12.71312374497246,64
27-08-26/0/map1-0.05-data-2026.08.27-14.27.55.012.jpk-force-map,2026-08-27T14:27:55.012000,4,1,0.05,far_constant_referenced,190.0,6.257894972609291,3.8788729376625826,11.140487147969132,64
27-08-26/0/map1-0.05-data-2026.08.27-14.27.55.012.jpk-force-map,2026-08-27T14:27:55.012000,4,1,0.05,far_constant_referenced,195.0,7.428939351996257,3.69109463579614,10.35039178504462,64
27-08-26/0/map1-0.05-data-2026.08.27-14.27.55.012.jpk-force-map,2026-08-27T14:27:55.012000,4,1,0.05,far_constant_referenced,200.0,6.053102064498273,2.0192388323257235,10.972871006033044,64
27-08-26/0/map1-0.05-data-2026.08.27-14.27.55.012.jpk-force-map,2026-08-27T14:27:55.012000,4,1,0.05,far_constant_referenced,205.0,6.191736957403492,2.79181479265986,10.533068674427911,64
27-08-26/0/map1-0.05-data-2026.08.27-14.27.55.012.jpk-force-map,2026-08-27T14:27:55.012000,4,1,0.05,far_constant_referenced,210.0,5.447904694878675,2.5612119443258283,8.9042630910856,64
27-08-26/0/map1-0.05-data-2026.08.27-14.27.55.012.jpk-force-map,2026-08-27T14:27:55.012000,4,1,0.05,far_constant_referenced,215.0,5.546619104999931,2.945759861794935,9.256741593643426,64
27-08-26/0/map1-0.05-data-2026.08.27-14.27.55.012.jpk-force-map,2026-08-27T14:27:55.012000,4,1,0.05,far_constant_referenced,220.0,5.65950344548752,2.3768306249277775,8.887491974843119,64
27-08-26/0/map1-0.05-data-2026.08.27-14.27.55.012.jpk-force-map,2026-08-27T14:27:55.012000,4,1,0.05,far_constant_referenced,225.0,4.8762376801829665,0.8586704618097698,8.257221073787356,64
27-08-26/0/map1-0.05-data-2026.08.27-14.27.55.012.jpk-force-map,2026-08-27T14:27:55.012000,4,1,0.05,far_constant_referenced,230.0,4.55563855155911,1.5514767219424694,7.361314457997295,64
27-08-26/0/map1-0.05-data-2026.08.27-14.27.55.012.jpk-force-map,2026-08-27T14:27:55.012000,4,1,0.05,far_constant_referenced,235.0,4.813963627449784,1.5062291530149083,7.246755381397662,64
27-08-26/0/map1-0.05-data-2026.08.27-14.27.55.012.jpk-force-map,2026-08-27T14:27:55.012000,4,1,0.05,far_constant_referenced,240.0,3.667755228277401,1.160562431735387,6.265716346579304,64
27-08-26/0/map1-0.05-data-2026.08.27-14.27.55.012.jpk-force-map,2026-08-27T14:27:55.012000,4,1,0.05,far_constant_referenced,245.0,3.973269854331909,1.1736811979463226,6.454225118452065,64
27-08-26/0/map1-0.05-data-2026.08.27-14.27.55.012.jpk-force-map,2026-08-27T14:27:55.012000,4,1,0.05,far_constant_referenced,250.0,3.8292781813804115,1.644157331035962,5.513076872514995,64
27-08-26/0/map1-0.05-data-2026.08.27-14.27.55.012.jpk-force-map,2026-08-27T14:27:55.012000,4,1,0.05,far_constant_referenced,255.0,3.0732476636282406,0.16319768921502506,4.96893610561811,64
27-08-26/0/map1-0.05-data-2026.08.27-14.27.55.012.jpk-force-map,2026-08-27T14:27:55.012000,4,1,0.05,far_constant_referenced,260.0,1.7971343789431744,-0.05572357779854922,5.009082262062518,64
27-08-26/0/map1-0.05-data-2026.08.27-14.27.55.012.jpk-force-map,2026-08-27T14:27:55.012000,4,1,0.05,far_constant_referenced,265.0,1.6365972634096333,-0.8355626667320748,4.2399032841968065,64
27-08-26/0/map1-0.05-data-2026.08.27-14.27.55.012.jpk-force-map,2026-08-27T14:27:55.012000,4,1,0.05,far_constant_referenced,270.0,1.5154580179726775,-0.6937683425800251,3.7869524924780853,64
27-08-26/0/map1-0.05-data-2026.08.27-14.27.55.012.jpk-force-map,2026-08-27T14:27:55.012000,4,1,0.05,far_constant_referenced,275.0,1.218198296867565,-1.057168262549318,3.327474980946895,64
27-08-26/0/map1-0.05-data-2026.08.27-14.27.55.012.jpk-force-map,2026-08-27T14:27:55.012000,4,1,0.05,far_constant_referenced,280.0,1.3456801599203416,-1.656290259677389,3.390693299785831,64
27-08-26/0/map1-0.05-data-2026.08.27-14.27.55.012.jpk-force-map,2026-08-27T14:27:55.012000,4,1,0.05,far_constant_referenced,285.0,1.2459442795463245,-0.49504486817997906,3.21580809046979,64
27-08-26/0/map1-0.05-data-2026.08.27-14.27.55.012.jpk-force-map,2026-08-27T14:27:55.012000,4,1,0.05,far_constant_referenced,290.0,0.7759966979246923,-0.8747348631680865,3.0216515383043605,64
27-08-26/0/map1-0.05-data-2026.08.27-14.27.55.012.jpk-force-map,2026-08-27T14:27:55.012000,4,1,0.05,far_constant_referenced,295.0,-0.1770944356765729,-1.5930719408384268,1.3991885725777928,64
27-08-26/0/map1-0.05-data-2026.08.27-14.27.55.012.jpk-force-map,2026-08-27T14:27:55.012000,4,1,0.05,far_constant_referenced,300.0,0.01703242258617388,-1.5045069066585446,1.669907883453596,64
27-08-26/0/map1-0.05-data-2026.08.27-14.27.55.012.jpk-force-map,2026-08-27T14:27:55.012000,4,1,0.05,far_constant_referenced,305.0,-0.058401967821699825,-1.9732607933918385,1.9509012846620877,64
27-08-26/0/map1-0.05-data-2026.08.27-14.27.55.012.jpk-force-map,2026-08-27T14:27:55.012000,4,1,0.05,far_constant_referenced,310.0,-0.6840524976180247,-3.050145807331053,1.1690667654674343,64
27-08-26/0/map1-0.05-data-2026.08.27-14.27.55.012.jpk-force-map,2026-08-27T14:27:55.012000,4,1,0.05,far_constant_referenced,315.0,-0.31379328612602986,-1.9966180172521937,0.917773205735094,64
27-08-26/0/map1-0.05-data-2026.08.27-14.27.55.012.jpk-force-map,2026-08-27T14:27:55.012000,4,1,0.05,far_constant_referenced,320.0,-0.24031869329603486,-1.9440716870420494,1.0484085612541367,64
27-08-26/0/map1-0.05-data-2026.08.27-14.27.55.012.jpk-force-map,2026-08-27T14:27:55.012000,4,1,0.05,far_constant_referenced,325.0,-0.6168967672816571,-1.9542982671304234,1.180261366783665,64
27-08-26/0/map1-0.05-data-2026.08.27-14.27.55.012.jpk-force-map,2026-08-27T14:27:55.012000,4,1,0.05,far_constant_referenced,330.0,-0.5619155370504745,-1.702737462273877,1.4814169279224536,64
27-08-26/0/map1-0.05-data-2026.08.27-14.27.55.012.jpk-force-map,2026-08-27T14:27:55.012000,4,1,0.05,far_constant_referenced,335.0,-0.8445658580293658,-2.9156383669005366,0.8472383092719749,64
27-08-26/0/map1-0.05-data-2026.08.27-14.27.55.012.jpk-force-map,2026-08-27T14:27:55.012000,4,1,0.05,far_constant_referenced,340.0,-0.7351141326933757,-3.704741953475012,1.4570916828342182,64
27-08-26/0/map1-0.05-data-2026.08.27-14.27.55.012.jpk-force-map,2026-08-27T14:27:55.012000,4,1,0.05,far_constant_referenced,345.0,-0.5273755894349528,-3.118976273779439,1.536879199377323,64
27-08-26/0/map1-0.05-data-2026.08.27-14.27.55.012.jpk-force-map,2026-08-27T14:27:55.012000,4,1,0.05,far_constant_referenced,350.0,-1.5003972705254676,-3.5578165229372223,0.19312914313220275,63
27-08-26/0/map1-0.05-data-2026.08.27-14.27.55.012.jpk-force-map,2026-08-27T14:27:55.012000,4,1,0.05,far_constant_referenced,355.0,-1.4439551002816848,-3.750945666069395,1.0420896987605321,63
27-08-26/0/map1-0.05-data-2026.08.27-14.27.55.012.jpk-force-map,2026-08-27T14:27:55.012000,4,1,0.05,far_constant_referenced,360.0,-1.2513010595926144,-3.5955277793606353,0.884973320817551,60
27-08-26/0/map1-0.05-data-2026.08.27-14.27.55.012.jpk-force-map,2026-08-27T14:27:55.012000,4,1,0.05,far_constant_referenced,365.0,3.2357445767396467,-4.267120715407593,7.395628731952305,12
27-08-26/0/map1-0.1-data-2026.08.27-14.40.56.507.jpk-force-map,2026-08-27T14:40:56.507000,5,1,0.1,linear_drift_corrected,5.0,5257.969382792686,5068.73219666387,5494.949764990908,64
27-08-26/0/map1-0.1-data-2026.08.27-14.40.56.507.jpk-force-map,2026-08-27T14:40:56.507000,5,1,0.1,linear_drift_corrected,10.0,3347.8454735737732,3237.219199380574,3565.9219848342277,64
27-08-26/0/map1-0.1-data-2026.08.27-14.40.56.507.jpk-force-map,2026-08-27T14:40:56.507000,5,1,0.1,linear_drift_corrected,15.0,2130.0157712083233,2046.8258996182192,2242.1642826832376,64
27-08-26/0/map1-0.1-data-2026.08.27-14.40.56.507.jpk-force-map,2026-08-27T14:40:56.507000,5,1,0.1,linear_drift_corrected,20.0,1375.3157330974263,1316.0001323398455,1461.9696029983343,64
27-08-26/0/map1-0.1-data-2026.08.27-14.40.56.507.jpk-force-map,2026-08-27T14:40:56.507000,5,1,0.1,linear_drift_corrected,25.0,886.5166420649986,844.1274907518906,927.3776886277136,64
27-08-26/0/map1-0.1-data-2026.08.27-14.40.56.507.jpk-force-map,2026-08-27T14:40:56.507000,5,1,0.1,linear_drift_corrected,30.0,574.5899913765445,539.0193934151978,607.1992372941479,64
27-08-26/0/map1-0.1-data-2026.08.27-14.40.56.507.jpk-force-map,2026-08-27T14:40:56.507000,5,1,0.1,linear_drift_corrected,35.0,376.09155949314226,346.34032503377307,397.1588133651039,64
27-08-26/0/map1-0.1-data-2026.08.27-14.40.56.507.jpk-force-map,2026-08-27T14:40:56.507000,5,1,0.1,linear_drift_corrected,40.0,239.94967786597843,217.96060937057672,254.3327495605883,64
27-08-26/0/map1-0.1-data-2026.08.27-14.40.56.507.jpk-force-map,2026-08-27T14:40:56.507000,5,1,0.1,linear_drift_corrected,45.0,154.52164378486427,133.50203104858005,165.54903011327374,64
27-08-26/0/map1-0.1-data-2026.08.27-14.40.56.507.jpk-force-map,2026-08-27T14:40:56.507000,5,1,0.1,linear_drift_corrected,50.0,99.63207692532478,83.08390192123271,109.82621934032616,64
27-08-26/0/map1-0.1-data-2026.08.27-14.40.56.507.jpk-force-map,2026-08-27T14:40:56.507000,5,1,0.1,linear_drift_corrected,55.0,63.72622966272839,47.309022435318845,74.49745815866744,64
27-08-26/0/map1-0.1-data-2026.08.27-14.40.56.507.jpk-force-map,2026-08-27T14:40:56.507000,5,1,0.1,linear_drift_corrected,60.0,40.38060008618365,28.121178553823214,53.58356477851508,64
27-08-26/0/map1-0.1-data-2026.08.27-14.40.56.507.jpk-force-map,2026-08-27T14:40:56.507000,5,1,0.1,linear_drift_corrected,65.0,25.483552117493012,13.57124951921042,38.39497113127264,64
27-08-26/0/map1-0.1-data-2026.08.27-14.40.56.507.jpk-force-map,2026-08-27T14:40:56.507000,5,1,0.1,linear_drift_corrected,70.0,17.104138127209858,5.282702469037151,27.806883201760716,64
27-08-26/0/map1-0.1-data-2026.08.27-14.40.56.507.jpk-force-map,2026-08-27T14:40:56.507000,5,1,0.1,linear_drift_corrected,75.0,10.801235659358792,1.0462800630213815,21.567146609447363,64
27-08-26/0/map1-0.1-data-2026.08.27-14.40.56.507.jpk-force-map,2026-08-27T14:40:56.507000,5,1,0.1,linear_drift_corrected,80.0,8.287126454631458,-2.207364064666103,18.983881299364228,64
27-08-26/0/map1-0.1-data-2026.08.27-14.40.56.507.jpk-force-map,2026-08-27T14:40:56.507000,5,1,0.1,linear_drift_corrected,85.0,6.4715060268109905,-4.754354562234069,16.464271898234827,64
27-08-26/0/map1-0.1-data-2026.08.27-14.40.56.507.jpk-force-map,2026-08-27T14:40:56.507000,5,1,0.1,linear_drift_corrected,90.0,4.646293291724422,-5.94907404590605,15.702537687212324,64
27-08-26/0/map1-0.1-data-2026.08.27-14.40.56.507.jpk-force-map,2026-08-27T14:40:56.507000,5,1,0.1,linear_drift_corrected,95.0,3.8649347286033424,-4.709234395169367,14.421206820353508,64
27-08-26/0/map1-0.1-data-2026.08.27-14.40.56.507.jpk-force-map,2026-08-27T14:40:56.507000,5,1,0.1,linear_drift_corrected,100.0,5.567095813466427,-5.990055534995165,13.789854098151839,64
27-08-26/0/map1-0.1-data-2026.08.27-14.40.56.507.jpk-force-map,2026-08-27T14:40:56.507000,5,1,0.1,linear_drift_corrected,105.0,4.30415186837018,-7.532560242025065,12.790545253291437,64
27-08-26/0/map1-0.1-data-2026.08.27-14.40.56.507.jpk-force-map,2026-08-27T14:40:56.507000,5,1,0.1,linear_drift_corrected,110.0,3.8520675035684038,-6.316396235842731,11.68346462675153,64
27-08-26/0/map1-0.1-data-2026.08.27-14.40.56.507.jpk-force-map,2026-08-27T14:40:56.507000,5,1,0.1,linear_drift_corrected,115.0,3.137143260843418,-6.793852567141134,12.964864358044737,64
27-08-26/0/map1-0.1-data-2026.08.27-14.40.56.507.jpk-force-map,2026-08-27T14:40:56.507000,5,1,0.1,linear_drift_corrected,120.0,4.193856085150932,-5.8483468747468,13.10031767093719,64
27-08-26/0/map1-0.1-data-2026.08.27-14.40.56.507.jpk-force-map,2026-08-27T14:40:56.507000,5,1,0.1,linear_drift_corrected,125.0,5.301848134828523,-4.205388305610784,13.129069349704439,64
27-08-26/0/map1-0.1-data-2026.08.27-14.40.56.507.jpk-force-map,2026-08-27T14:40:56.507000,5,1,0.1,linear_drift_corrected,130.0,4.752479742022196,-4.208666899926092,10.422585372057336,64
27-08-26/0/map1-0.1-data-2026.08.27-14.40.56.507.jpk-force-map,2026-08-27T14:40:56.507000,5,1,0.1,linear_drift_corrected,135.0,3.940755215546571,-5.138599383918682,11.229396794704911,64
27-08-26/0/map1-0.1-data-2026.08.27-14.40.56.507.jpk-force-map,2026-08-27T14:40:56.507000,5,1,0.1,linear_drift_corrected,140.0,4.429386518812038,-3.678544001327425,10.432801690462501,64
27-08-26/0/map1-0.1-data-2026.08.27-14.40.56.507.jpk-force-map,2026-08-27T14:40:56.507000,5,1,0.1,linear_drift_corrected,145.0,4.884041044780993,-3.341586521498363,10.797813219870012,64
27-08-26/0/map1-0.1-data-2026.08.27-14.40.56.507.jpk-force-map,2026-08-27T14:40:56.507000,5,1,0.1,linear_drift_corrected,150.0,4.550025776925633,-2.5922537243733053,11.241552130641805,64
27-08-26/0/map1-0.1-data-2026.08.27-14.40.56.507.jpk-force-map,2026-08-27T14:40:56.507000,5,1,0.1,linear_drift_corrected,155.0,3.7698029672741926,-1.8231411007020264,11.862444969169147,64
27-08-26/0/map1-0.1-data-2026.08.27-14.40.56.507.jpk-force-map,2026-08-27T14:40:56.507000,5,1,0.1,linear_drift_corrected,160.0,3.9910769646375464,-3.572512098500436,10.886245614962895,64
27-08-26/0/map1-0.1-data-2026.08.27-14.40.56.507.jpk-force-map,2026-08-27T14:40:56.507000,5,1,0.1,linear_drift_corrected,165.0,4.30645273542076,-2.1969202860708172,9.238673967432945,64
27-08-26/0/map1-0.1-data-2026.08.27-14.40.56.507.jpk-force-map,2026-08-27T14:40:56.507000,5,1,0.1,linear_drift_corrected,170.0,4.384682217433253,0.19143042154318496,9.460698624026907,64
27-08-26/0/map1-0.1-data-2026.08.27-14.40.56.507.jpk-force-map,2026-08-27T14:40:56.507000,5,1,0.1,linear_drift_corrected,175.0,2.934772973067135,-1.6976495139429648,9.432931871479143,64
27-08-26/0/map1-0.1-data-2026.08.27-14.40.56.507.jpk-force-map,2026-08-27T14:40:56.507000,5,1,0.1,linear_drift_corrected,180.0,3.311611537894364,-1.389628978298624,10.614424649870791,64
27-08-26/0/map1-0.1-data-2026.08.27-14.40.56.507.jpk-force-map,2026-08-27T14:40:56.507000,5,1,0.1,linear_drift_corrected,185.0,4.6257671533943885,-1.597877399317614,9.703611338677439,64
27-08-26/0/map1-0.1-data-2026.08.27-14.40.56.507.jpk-force-map,2026-08-27T14:40:56.507000,5,1,0.1,linear_drift_corrected,190.0,4.1478206870832635,-1.182601773682474,10.46876342213133,64
27-08-26/0/map1-0.1-data-2026.08.27-14.40.56.507.jpk-force-map,2026-08-27T14:40:56.507000,5,1,0.1,linear_drift_corrected,195.0,4.391800191961604,-1.8505124687608698,8.422561150861075,64
27-08-26/0/map1-0.1-data-2026.08.27-14.40.56.507.jpk-force-map,2026-08-27T14:40:56.507000,5,1,0.1,linear_drift_corrected,200.0,3.758086563123835,-1.331520162617865,7.196207964709707,64
27-08-26/0/map1-0.1-data-2026.08.27-14.40.56.507.jpk-force-map,2026-08-27T14:40:56.507000,5,1,0.1,linear_drift_corrected,205.0,3.7753906755536137,-1.677924469852483,7.145066482029568,64
27-08-26/0/map1-0.1-data-2026.08.27-14.40.56.507.jpk-force-map,2026-08-27T14:40:56.507000,5,1,0.1,linear_drift_corrected,210.0,3.138799404753984,-1.4826294068856716,7.552600361089863,64
27-08-26/0/map1-0.1-data-2026.08.27-14.40.56.507.jpk-force-map,2026-08-27T14:40:56.507000,5,1,0.1,linear_drift_corrected,215.0,2.3536094208643483,-0.35896151272274807,6.791808858782648,64
27-08-26/0/map1-0.1-data-2026.08.27-14.40.56.507.jpk-force-map,2026-08-27T14:40:56.507000,5,1,0.1,linear_drift_corrected,220.0,2.517355577353544,-1.4913423239105117,6.7358834813669555,64
27-08-26/0/map1-0.1-data-2026.08.27-14.40.56.507.jpk-force-map,2026-08-27T14:40:56.507000,5,1,0.1,linear_drift_corrected,225.0,3.2842023046852633,-1.268420802406571,6.567135186147019,64
27-08-26/0/map1-0.1-data-2026.08.27-14.40.56.507.jpk-force-map,2026-08-27T14:40:56.507000,5,1,0.1,linear_drift_corrected,230.0,2.226834226774325,-2.027573716690341,6.159736475603115,64
27-08-26/0/map1-0.1-data-2026.08.27-14.40.56.507.jpk-force-map,2026-08-27T14:40:56.507000,5,1,0.1,linear_drift_corrected,235.0,2.131620627422197,-1.0058518465307569,6.528596096574195,64
27-08-26/0/map1-0.1-data-2026.08.27-14.40.56.507.jpk-force-map,2026-08-27T14:40:56.507000,5,1,0.1,linear_drift_corrected,240.0,1.9344667079992979,-0.44598113969876024,6.272472154815407,64
27-08-26/0/map1-0.1-data-2026.08.27-14.40.56.507.jpk-force-map,2026-08-27T14:40:56.507000,5,1,0.1,linear_drift_corrected,245.0,1.7991414397033016,-0.2250087731396565,4.659979180139786,64
27-08-26/0/map1-0.1-data-2026.08.27-14.40.56.507.jpk-force-map,2026-08-27T14:40:56.507000,5,1,0.1,linear_drift_corrected,250.0,1.386062356748114,-1.4013290406151304,4.063456454356135,64
27-08-26/0/map1-0.1-data-2026.08.27-14.40.56.507.jpk-force-map,2026-08-27T14:40:56.507000,5,1,0.1,linear_drift_corrected,255.0,1.7082450802732865,-0.9182802614175558,4.143880605801751,64
27-08-26/0/map1-0.1-data-2026.08.27-14.40.56.507.jpk-force-map,2026-08-27T14:40:56.507000,5,1,0.1,linear_drift_corrected,260.0,0.7743847059242656,-1.2904081328027293,2.9885380688302385,64
27-08-26/0/map1-0.1-data-2026.08.27-14.40.56.507.jpk-force-map,2026-08-27T14:40:56.507000,5,1,0.1,linear_drift_corrected,265.0,0.12510929944653715,-1.1065669043974715,2.1852180029568924,64
27-08-26/0/map1-0.1-data-2026.08.27-14.40.56.507.jpk-force-map,2026-08-27T14:40:56.507000,5,1,0.1,linear_drift_corrected,270.0,0.4167964579587823,-1.1683255835162987,2.062989526990132,64
27-08-26/0/map1-0.1-data-2026.08.27-14.40.56.507.jpk-force-map,2026-08-27T14:40:56.507000,5,1,0.1,linear_drift_corrected,275.0,0.04348384412069509,-1.0892064875147773,1.8189409431761232,64
27-08-26/0/map1-0.1-data-2026.08.27-14.40.56.507.jpk-force-map,2026-08-27T14:40:56.507000,5,1,0.1,linear_drift_corrected,280.0,0.3485746245426654,-1.3945739147594762,1.8251035971111167,64
27-08-26/0/map1-0.1-data-2026.08.27-14.40.56.507.jpk-force-map,2026-08-27T14:40:56.507000,5,1,0.1,linear_drift_corrected,285.0,0.479306001001114,-0.7480167886505404,1.830932387513175,64
27-08-26/0/map1-0.1-data-2026.08.27-14.40.56.507.jpk-force-map,2026-08-27T14:40:56.507000,5,1,0.1,linear_drift_corrected,290.0,0.19319983463245777,-1.9679086637483212,2.160611313838863,64
27-08-26/0/map1-0.1-data-2026.08.27-14.40.56.507.jpk-force-map,2026-08-27T14:40:56.507000,5,1,0.1,linear_drift_corrected,295.0,-0.12672056085554287,-2.6165461472914626,1.7183088393284518,64
27-08-26/0/map1-0.1-data-2026.08.27-14.40.56.507.jpk-force-map,2026-08-27T14:40:56.507000,5,1,0.1,linear_drift_corrected,300.0,0.2802114268002779,-1.612645079615922,1.927238017775346,64
27-08-26/0/map1-0.1-data-2026.08.27-14.40.56.507.jpk-force-map,2026-08-27T14:40:56.507000,5,1,0.1,linear_drift_corrected,305.0,-0.06114223352384858,-1.9598543068466345,1.3274820629456796,64
27-08-26/0/map1-0.1-data-2026.08.27-14.40.56.507.jpk-force-map,2026-08-27T14:40:56.507000,5,1,0.1,linear_drift_corrected,310.0,-0.8844813856434519,-2.3061777815903435,0.4401538665497705,64
27-08-26/0/map1-0.1-data-2026.08.27-14.40.56.507.jpk-force-map,2026-08-27T14:40:56.507000,5,1,0.1,linear_drift_corrected,315.0,-0.8528552712779368,-2.6665120141407233,1.324268993968213,64
27-08-26/0/map1-0.1-data-2026.08.27-14.40.56.507.jpk-force-map,2026-08-27T14:40:56.507000,5,1,0.1,linear_drift_corrected,320.0,-0.6022374932296317,-2.853178953573932,1.2353037200013317,64
27-08-26/0/map1-0.1-data-2026.08.27-14.40.56.507.jpk-force-map,2026-08-27T14:40:56.507000,5,1,0.1,linear_drift_corrected,325.0,-0.7536266899952926,-2.194560545325266,1.0240172515944925,64
27-08-26/0/map1-0.1-data-2026.08.27-14.40.56.507.jpk-force-map,2026-08-27T14:40:56.507000,5,1,0.1,linear_drift_corrected,330.0,-0.6931525563961147,-2.5223871770528725,1.294487968146345,64
27-08-26/0/map1-0.1-data-2026.08.27-14.40.56.507.jpk-force-map,2026-08-27T14:40:56.507000,5,1,0.1,linear_drift_corrected,335.0,-0.23737646100508136,-1.8131547171194602,1.311275286310658,64
27-08-26/0/map1-0.1-data-2026.08.27-14.40.56.507.jpk-force-map,2026-08-27T14:40:56.507000,5,1,0.1,linear_drift_corrected,340.0,-0.47915250182137736,-1.8347891635061053,1.151961695166305,64
27-08-26/0/map1-0.1-data-2026.08.27-14.40.56.507.jpk-force-map,2026-08-27T14:40:56.507000,5,1,0.1,linear_drift_corrected,345.0,-0.48009418531730474,-1.9085728116858622,1.92840431117919,64
27-08-26/0/map1-0.1-data-2026.08.27-14.40.56.507.jpk-force-map,2026-08-27T14:40:56.507000,5,1,0.1,linear_drift_corrected,350.0,0.5227512167339865,-1.283755599915588,2.5550079062446307,63
27-08-26/0/map1-0.1-data-2026.08.27-14.40.56.507.jpk-force-map,2026-08-27T14:40:56.507000,5,1,0.1,linear_drift_corrected,355.0,0.8701804784691087,-0.41700607150958424,2.7680014789394947,63
27-08-26/0/map1-0.1-data-2026.08.27-14.40.56.507.jpk-force-map,2026-08-27T14:40:56.507000,5,1,0.1,linear_drift_corrected,360.0,2.11097237556078,-0.43932873949027,3.775808238595121,60
27-08-26/0/map1-0.1-data-2026.08.27-14.40.56.507.jpk-force-map,2026-08-27T14:40:56.507000,5,1,0.1,linear_drift_corrected,365.0,7.279458701010712,3.0682241023751256,11.562172758874173,5
27-08-26/0/map1-0.1-data-2026.08.27-14.40.56.507.jpk-force-map,2026-08-27T14:40:56.507000,5,1,0.1,far_constant_referenced,5.0,5271.44443782077,5097.861686219914,5540.567772692042,64
27-08-26/0/map1-0.1-data-2026.08.27-14.40.56.507.jpk-force-map,2026-08-27T14:40:56.507000,5,1,0.1,far_constant_referenced,10.0,3357.3668469529853,3259.9858355934953,3586.895233295544,64
27-08-26/0/map1-0.1-data-2026.08.27-14.40.56.507.jpk-force-map,2026-08-27T14:40:56.507000,5,1,0.1,far_constant_referenced,15.0,2136.061997740523,2071.508391607612,2257.1382267771965,64
27-08-26/0/map1-0.1-data-2026.08.27-14.40.56.507.jpk-force-map,2026-08-27T14:40:56.507000,5,1,0.1,far_constant_referenced,20.0,1385.823798321829,1339.8580645412376,1468.40214975878,64
27-08-26/0/map1-0.1-data-2026.08.27-14.40.56.507.jpk-force-map,2026-08-27T14:40:56.507000,5,1,0.1,far_constant_referenced,25.0,901.0425800983373,865.6571342362403,953.4067738481185,64
27-08-26/0/map1-0.1-data-2026.08.27-14.40.56.507.jpk-force-map,2026-08-27T14:40:56.507000,5,1,0.1,far_constant_referenced,30.0,585.9425959678425,564.6611837632241,619.6486081425012,64
27-08-26/0/map1-0.1-data-2026.08.27-14.40.56.507.jpk-force-map,2026-08-27T14:40:56.507000,5,1,0.1,far_constant_referenced,35.0,387.7361399239771,369.0375687024079,410.64173140189774,64
27-08-26/0/map1-0.1-data-2026.08.27-14.40.56.507.jpk-force-map,2026-08-27T14:40:56.507000,5,1,0.1,far_constant_referenced,40.0,253.19076256335956,240.23271757017332,268.5426468489377,64
27-08-26/0/map1-0.1-data-2026.08.27-14.40.56.507.jpk-force-map,2026-08-27T14:40:56.507000,5,1,0.1,far_constant_referenced,45.0,164.43914377648196,156.44124549371583,177.74406700217773,64
27-08-26/0/map1-0.1-data-2026.08.27-14.40.56.507.jpk-force-map,2026-08-27T14:40:56.507000,5,1,0.1,far_constant_referenced,50.0,110.59959659370867,104.46136211018208,122.89722543582258,64
27-08-26/0/map1-0.1-data-2026.08.27-14.40.56.507.jpk-force-map,2026-08-27T14:40:56.507000,5,1,0.1,far_constant_referenced,55.0,75.56687272417152,69.64586101642433,82.34191670612748,64
27-08-26/0/map1-0.1-data-2026.08.27-14.40.56.507.jpk-force-map,2026-08-27T14:40:56.507000,5,1,0.1,far_constant_referenced,60.0,54.22341807926097,48.32698698416521,58.809433493277666,64
27-08-26/0/map1-0.1-data-2026.08.27-14.40.56.507.jpk-force-map,2026-08-27T14:40:56.507000,5,1,0.1,far_constant_referenced,65.0,39.72750804912776,33.31853049960327,43.93262195692651,64
27-08-26/0/map1-0.1-data-2026.08.27-14.40.56.507.jpk-force-map,2026-08-27T14:40:56.507000,5,1,0.1,far_constant_referenced,70.0,30.516993923200967,24.919758591666035,34.271110898078206,64
27-08-26/0/map1-0.1-data-2026.08.27-14.40.56.507.jpk-force-map,2026-08-27T14:40:56.507000,5,1,0.1,far_constant_referenced,75.0,23.715653021017857,19.591544079772834,27.86843439470571,64
27-08-26/0/map1-0.1-data-2026.08.27-14.40.56.507.jpk-force-map,2026-08-27T14:40:56.507000,5,1,0.1,far_constant_referenced,80.0,19.757930894137335,17.310547556404863,24.145953303760308,64
27-08-26/0/map1-0.1-data-2026.08.27-14.40.56.507.jpk-force-map,2026-08-27T14:40:56.507000,5,1,0.1,far_constant_referenced,85.0,17.176509279636896,14.67008852456497,22.7438487899378,64
27-08-26/0/map1-0.1-data-2026.08.27-14.40.56.507.jpk-force-map,2026-08-27T14:40:56.507000,5,1,0.1,far_constant_referenced,90.0,16.701703775534185,12.284005279557277,20.192613996917625,64
27-08-26/0/map1-0.1-data-2026.08.27-14.40.56.507.jpk-force-map,2026-08-27T14:40:56.507000,5,1,0.1,far_constant_referenced,95.0,16.463819982259174,12.211748136737771,20.027474326466365,64
27-08-26/0/map1-0.1-data-2026.08.27-14.40.56.507.jpk-force-map,2026-08-27T14:40:56.507000,5,1,0.1,far_constant_referenced,100.0,15.232960205282225,11.397862018973463,18.814846605744467,64
27-08-26/0/map1-0.1-data-2026.08.27-14.40.56.507.jpk-force-map,2026-08-27T14:40:56.507000,5,1,0.1,far_constant_referenced,105.0,14.48519647004054,11.354544553721198,18.157334518355817,64
27-08-26/0/map1-0.1-data-2026.08.27-14.40.56.507.jpk-force-map,2026-08-27T14:40:56.507000,5,1,0.1,far_constant_referenced,110.0,14.23416421665194,10.633511269686037,18.207451887325462,64
27-08-26/0/map1-0.1-data-2026.08.27-14.40.56.507.jpk-force-map,2026-08-27T14:40:56.507000,5,1,0.1,far_constant_referenced,115.0,14.534322062660191,10.03465651768217,18.598336483629808,64
27-08-26/0/map1-0.1-data-2026.08.27-14.40.56.507.jpk-force-map,2026-08-27T14:40:56.507000,5,1,0.1,far_constant_referenced,120.0,14.898262411658475,10.210759177008793,17.678621296658353,64
27-08-26/0/map1-0.1-data-2026.08.27-14.40.56.507.jpk-force-map,2026-08-27T14:40:56.507000,5,1,0.1,far_constant_referenced,125.0,14.644272645561408,10.428961851577089,17.465769463355905,64
27-08-26/0/map1-0.1-data-2026.08.27-14.40.56.507.jpk-force-map,2026-08-27T14:40:56.507000,5,1,0.1,far_constant_referenced,130.0,14.170452979028262,9.30734594261727,17.28161975639877,64
27-08-26/0/map1-0.1-data-2026.08.27-14.40.56.507.jpk-force-map,2026-08-27T14:40:56.507000,5,1,0.1,far_constant_referenced,135.0,13.979224245668602,10.126131554326266,16.07559595963636,64
27-08-26/0/map1-0.1-data-2026.08.27-14.40.56.507.jpk-force-map,2026-08-27T14:40:56.507000,5,1,0.1,far_constant_referenced,140.0,13.34189807333236,9.888699108372276,16.52779252622663,64
27-08-26/0/map1-0.1-data-2026.08.27-14.40.56.507.jpk-force-map,2026-08-27T14:40:56.507000,5,1,0.1,far_constant_referenced,145.0,13.117637842614052,10.557174184636228,16.41052536570112,64
27-08-26/0/map1-0.1-data-2026.08.27-14.40.56.507.jpk-force-map,2026-08-27T14:40:56.507000,5,1,0.1,far_constant_referenced,150.0,13.571538839219052,10.290291325988592,16.37090182194416,64
27-08-26/0/map1-0.1-data-2026.08.27-14.40.56.507.jpk-force-map,2026-08-27T14:40:56.507000,5,1,0.1,far_constant_referenced,155.0,13.04853419226093,8.985024567637067,15.80726997731789,64
27-08-26/0/map1-0.1-data-2026.08.27-14.40.56.507.jpk-force-map,2026-08-27T14:40:56.507000,5,1,0.1,far_constant_referenced,160.0,12.846651286614039,9.004961053906875,16.379887196899823,64
27-08-26/0/map1-0.1-data-2026.08.27-14.40.56.507.jpk-force-map,2026-08-27T14:40:56.507000,5,1,0.1,far_constant_referenced,165.0,12.590250375618055,9.05361154408333,14.90332819145839,64
27-08-26/0/map1-0.1-data-2026.08.27-14.40.56.507.jpk-force-map,2026-08-27T14:40:56.507000,5,1,0.1,far_constant_referenced,170.0,11.920831033248495,8.443289006858535,15.86686564002788,64
27-08-26/0/map1-0.1-data-2026.08.27-14.40.56.507.jpk-force-map,2026-08-27T14:40:56.507000,5,1,0.1,far_constant_referenced,175.0,11.822080990443881,7.302663061392913,14.22174622654464,64
27-08-26/0/map1-0.1-data-2026.08.27-14.40.56.507.jpk-force-map,2026-08-27T14:40:56.507000,5,1,0.1,far_constant_referenced,180.0,11.332167228649766,7.298303996477216,14.418539597269454,64
27-08-26/0/map1-0.1-data-2026.08.27-14.40.56.507.jpk-force-map,2026-08-27T14:40:56.507000,5,1,0.1,far_constant_referenced,185.0,10.96534063230934,8.283244810109748,14.573007279091954,64
27-08-26/0/map1-0.1-data-2026.08.27-14.40.56.507.jpk-force-map,2026-08-27T14:40:56.507000,5,1,0.1,far_constant_referenced,190.0,10.831551784324063,8.092057648213828,13.878282792845113,64
27-08-26/0/map1-0.1-data-2026.08.27-14.40.56.507.jpk-force-map,2026-08-27T14:40:56.507000,5,1,0.1,far_constant_referenced,195.0,10.655918288660118,7.170614276105627,13.12831577002346,64
27-08-26/0/map1-0.1-data-2026.08.27-14.40.56.507.jpk-force-map,2026-08-27T14:40:56.507000,5,1,0.1,far_constant_referenced,200.0,9.060203590481759,6.703327268165422,12.628692102047797,64
27-08-26/0/map1-0.1-data-2026.08.27-14.40.56.507.jpk-force-map,2026-08-27T14:40:56.507000,5,1,0.1,far_constant_referenced,205.0,8.27351708758664,5.5098758698044055,11.539151546779705,64
27-08-26/0/map1-0.1-data-2026.08.27-14.40.56.507.jpk-force-map,2026-08-27T14:40:56.507000,5,1,0.1,far_constant_referenced,210.0,9.057756812899607,5.108301468529663,11.730837566240869,64
27-08-26/0/map1-0.1-data-2026.08.27-14.40.56.507.jpk-force-map,2026-08-27T14:40:56.507000,5,1,0.1,far_constant_referenced,215.0,8.33138456515986,5.636645079192415,11.06725604514119,64
27-08-26/0/map1-0.1-data-2026.08.27-14.40.56.507.jpk-force-map,2026-08-27T14:40:56.507000,5,1,0.1,far_constant_referenced,220.0,7.7188706179160995,5.415306728499454,11.07090245639223,64
27-08-26/0/map1-0.1-data-2026.08.27-14.40.56.507.jpk-force-map,2026-08-27T14:40:56.507000,5,1,0.1,far_constant_referenced,225.0,7.660492405216566,4.974263191761668,11.357686168626437,64
27-08-26/0/map1-0.1-data-2026.08.27-14.40.56.507.jpk-force-map,2026-08-27T14:40:56.507000,5,1,0.1,far_constant_referenced,230.0,6.398988520657643,4.177854905124103,10.111534031761236,64
27-08-26/0/map1-0.1-data-2026.08.27-14.40.56.507.jpk-force-map,2026-08-27T14:40:56.507000,5,1,0.1,far_constant_referenced,235.0,6.921494310050541,3.6760160720073225,10.099834634099125,64
27-08-26/0/map1-0.1-data-2026.08.27-14.40.56.507.jpk-force-map,2026-08-27T14:40:56.507000,5,1,0.1,far_constant_referenced,240.0,6.467593313445599,3.8562640001502073,8.632557942640236,64
27-08-26/0/map1-0.1-data-2026.08.27-14.40.56.507.jpk-force-map,2026-08-27T14:40:56.507000,5,1,0.1,far_constant_referenced,245.0,5.702797155617674,2.9686301056510986,7.7269057879855705,64
27-08-26/0/map1-0.1-data-2026.08.27-14.40.56.507.jpk-force-map,2026-08-27T14:40:56.507000,5,1,0.1,far_constant_referenced,250.0,5.111235226115982,1.4144809324660397,7.681165300273212,64
27-08-26/0/map1-0.1-data-2026.08.27-14.40.56.507.jpk-force-map,2026-08-27T14:40:56.507000,5,1,0.1,far_constant_referenced,255.0,4.686992499523265,1.536641648155785,6.955321604001383,64
27-08-26/0/map1-0.1-data-2026.08.27-14.40.56.507.jpk-force-map,2026-08-27T14:40:56.507000,5,1,0.1,far_constant_referenced,260.0,4.06036800971861,0.6100909247838446,6.043611893196761,64
27-08-26/0/map1-0.1-data-2026.08.27-14.40.56.507.jpk-force-map,2026-08-27T14:40:56.507000,5,1,0.1,far_constant_referenced,265.0,2.7988641251597626,0.5455957681289882,5.1618098811871125,64
27-08-26/0/map1-0.1-data-2026.08.27-14.40.56.507.jpk-force-map,2026-08-27T14:40:56.507000,5,1,0.1,far_constant_referenced,270.0,2.2213771055357716,0.28556032344304233,4.718842179554738,64
27-08-26/0/map1-0.1-data-2026.08.27-14.40.56.507.jpk-force-map,2026-08-27T14:40:56.507000,5,1,0.1,far_constant_referenced,275.0,2.5259177715818364,-0.4142596365063176,4.963585264352316,64
27-08-26/0/map1-0.1-data-2026.08.27-14.40.56.507.jpk-force-map,2026-08-27T14:40:56.507000,5,1,0.1,far_constant_referenced,280.0,2.0472283050065916,-0.21941418579831373,4.1391756274727225,64
27-08-26/0/map1-0.1-data-2026.08.27-14.40.56.507.jpk-force-map,2026-08-27T14:40:56.507000,5,1,0.1,far_constant_referenced,285.0,1.954262634447261,0.16055493187504075,4.134323643772271,64
27-08-26/0/map1-0.1-data-2026.08.27-14.40.56.507.jpk-force-map,2026-08-27T14:40:56.507000,5,1,0.1,far_constant_referenced,290.0,1.2770634895713417,-1.0060828723517996,3.6684797595031506,64
27-08-26/0/map1-0.1-data-2026.08.27-14.40.56.507.jpk-force-map,2026-08-27T14:40:56.507000,5,1,0.1,far_constant_referenced,295.0,0.5278388143170425,-1.2191722568759884,2.8382560564757737,64
27-08-26/0/map1-0.1-data-2026.08.27-14.40.56.507.jpk-force-map,2026-08-27T14:40:56.507000,5,1,0.1,far_constant_referenced,300.0,0.878630703201793,-1.403814882617748,2.3430152085379965,64
27-08-26/0/map1-0.1-data-2026.08.27-14.40.56.507.jpk-force-map,2026-08-27T14:40:56.507000,5,1,0.1,far_constant_referenced,305.0,0.29822180355249905,-1.6417105534538443,1.7866999415359208,64
27-08-26/0/map1-0.1-data-2026.08.27-14.40.56.507.jpk-force-map,2026-08-27T14:40:56.507000,5,1,0.1,far_constant_referenced,310.0,-0.7496997776974351,-2.2753962533196086,0.4594953278729066,64
27-08-26/0/map1-0.1-data-2026.08.27-14.40.56.507.jpk-force-map,2026-08-27T14:40:56.507000,5,1,0.1,far_constant_referenced,315.0,-0.9092866883447043,-3.109747408821703,1.2291434694011503,64
27-08-26/0/map1-0.1-data-2026.08.27-14.40.56.507.jpk-force-map,2026-08-27T14:40:56.507000,5,1,0.1,far_constant_referenced,320.0,-0.6606655798549314,-3.224573730545534,1.1736811979463764,64
27-08-26/0/map1-0.1-data-2026.08.27-14.40.56.507.jpk-force-map,2026-08-27T14:40:56.507000,5,1,0.1,far_constant_referenced,325.0,-1.561685485689201,-2.9504277432986648,0.4638722091300881,64
27-08-26/0/map1-0.1-data-2026.08.27-14.40.56.507.jpk-force-map,2026-08-27T14:40:56.507000,5,1,0.1,far_constant_referenced,330.0,-1.0897781064895982,-3.7416989847699598,0.06591452520364582,64
27-08-26/0/map1-0.1-data-2026.08.27-14.40.56.507.jpk-force-map,2026-08-27T14:40:56.507000,5,1,0.1,far_constant_referenced,335.0,-1.8375418417313418,-3.45151829006749,0.49114308936572243,64
27-08-26/0/map1-0.1-data-2026.08.27-14.40.56.507.jpk-force-map,2026-08-27T14:40:56.507000,5,1,0.1,far_constant_referenced,340.0,-1.595239595735194,-4.224064556499008,-0.27559504969838056,64
27-08-26/0/map1-0.1-data-2026.08.27-14.40.56.507.jpk-force-map,2026-08-27T14:40:56.507000,5,1,0.1,far_constant_referenced,345.0,-1.7412029438257934,-4.259091484118704,0.3531911562225189,64
27-08-26/0/map1-0.1-data-2026.08.27-14.40.56.507.jpk-force-map,2026-08-27T14:40:56.507000,5,1,0.1,far_constant_referenced,350.0,-2.1124242377650333,-4.445664213535655,1.2269520593823025,63
27-08-26/0/map1-0.1-data-2026.08.27-14.40.56.507.jpk-force-map,2026-08-27T14:40:56.507000,5,1,0.1,far_constant_referenced,355.0,-1.4342392553196648,-2.997361925899303,0.4840818793047163,63
27-08-26/0/map1-0.1-data-2026.08.27-14.40.56.507.jpk-force-map,2026-08-27T14:40:56.507000,5,1,0.1,far_constant_referenced,360.0,-0.7151598300819042,-3.3211383021116205,1.7373071037919963,60
27-08-26/0/map1-0.1-data-2026.08.27-14.40.56.507.jpk-force-map,2026-08-27T14:40:56.507000,5,1,0.1,far_constant_referenced,365.0,1.5237010453610385,-1.4011246150335122,8.753192391731542,5
27-08-26/0/map1-0.2-data-2026.08.27-14.47.23.611.jpk-force-map,2026-08-27T14:47:23.611000,6,1,0.2,linear_drift_corrected,5.0,5156.59988979532,4930.469424037415,5426.149213063507,64
27-08-26/0/map1-0.2-data-2026.08.27-14.47.23.611.jpk-force-map,2026-08-27T14:47:23.611000,6,1,0.2,linear_drift_corrected,10.0,3224.755822753461,3079.7724611921726,3400.5409010981034,64
27-08-26/0/map1-0.2-data-2026.08.27-14.47.23.611.jpk-force-map,2026-08-27T14:47:23.611000,6,1,0.2,linear_drift_corrected,15.0,2021.1310138202784,1928.817859292315,2125.192908640598,64
27-08-26/0/map1-0.2-data-2026.08.27-14.47.23.611.jpk-force-map,2026-08-27T14:47:23.611000,6,1,0.2,linear_drift_corrected,20.0,1275.9518738494949,1228.008378558976,1334.6393570324776,64
27-08-26/0/map1-0.2-data-2026.08.27-14.47.23.611.jpk-force-map,2026-08-27T14:47:23.611000,6,1,0.2,linear_drift_corrected,25.0,805.7543670684445,770.531484727746,837.4175829844766,64
27-08-26/0/map1-0.2-data-2026.08.27-14.47.23.611.jpk-force-map,2026-08-27T14:47:23.611000,6,1,0.2,linear_drift_corrected,30.0,504.0148875176802,482.3643353625516,531.9481830357881,64
27-08-26/0/map1-0.2-data-2026.08.27-14.47.23.611.jpk-force-map,2026-08-27T14:47:23.611000,6,1,0.2,linear_drift_corrected,35.0,316.042525727922,299.75826650328156,332.07113747786264,64
27-08-26/0/map1-0.2-data-2026.08.27-14.47.23.611.jpk-force-map,2026-08-27T14:47:23.611000,6,1,0.2,linear_drift_corrected,40.0,199.2672473415301,190.24988782507683,209.11310214663484,64
27-08-26/0/map1-0.2-data-2026.08.27-14.47.23.611.jpk-force-map,2026-08-27T14:47:23.611000,6,1,0.2,linear_drift_corrected,45.0,123.70684570701849,112.21172739100209,133.82316991116068,64
27-08-26/0/map1-0.2-data-2026.08.27-14.47.23.611.jpk-force-map,2026-08-27T14:47:23.611000,6,1,0.2,linear_drift_corrected,50.0,76.15646987116745,66.99171349834039,86.57948624945837,64
27-08-26/0/map1-0.2-data-2026.08.27-14.47.23.611.jpk-force-map,2026-08-27T14:47:23.611000,6,1,0.2,linear_drift_corrected,55.0,47.049317747945786,34.89137970173535,55.15522677077652,64
27-08-26/0/map1-0.2-data-2026.08.27-14.47.23.611.jpk-force-map,2026-08-27T14:47:23.611000,6,1,0.2,linear_drift_corrected,60.0,26.956131928696895,17.555473842739293,36.32037504402257,64
27-08-26/0/map1-0.2-data-2026.08.27-14.47.23.611.jpk-force-map,2026-08-27T14:47:23.611000,6,1,0.2,linear_drift_corrected,65.0,16.07213899726505,6.733740545738716,26.291347877066848,64
27-08-26/0/map1-0.2-data-2026.08.27-14.47.23.611.jpk-force-map,2026-08-27T14:47:23.611000,6,1,0.2,linear_drift_corrected,70.0,7.390116024345726,0.27737517757506075,17.306508916064722,64
27-08-26/0/map1-0.2-data-2026.08.27-14.47.23.611.jpk-force-map,2026-08-27T14:47:23.611000,6,1,0.2,linear_drift_corrected,75.0,4.992527124185092,-3.032968396333165,15.870155391142585,64
27-08-26/0/map1-0.2-data-2026.08.27-14.47.23.611.jpk-force-map,2026-08-27T14:47:23.611000,6,1,0.2,linear_drift_corrected,80.0,3.0488304828389343,-5.930417108842764,12.057540592848706,64
27-08-26/0/map1-0.2-data-2026.08.27-14.47.23.611.jpk-force-map,2026-08-27T14:47:23.611000,6,1,0.2,linear_drift_corrected,85.0,2.7933499805340714,-6.235488741689105,11.467624066156866,64
27-08-26/0/map1-0.2-data-2026.08.27-14.47.23.611.jpk-force-map,2026-08-27T14:47:23.611000,6,1,0.2,linear_drift_corrected,90.0,2.183307917972022,-5.159299692835248,8.804350123984028,64
27-08-26/0/map1-0.2-data-2026.08.27-14.47.23.611.jpk-force-map,2026-08-27T14:47:23.611000,6,1,0.2,linear_drift_corrected,95.0,0.7625774865127795,-5.875913116305167,8.761008293757708,64
27-08-26/0/map1-0.2-data-2026.08.27-14.47.23.611.jpk-force-map,2026-08-27T14:47:23.611000,6,1,0.2,linear_drift_corrected,100.0,0.4591957297515865,-6.314443574787135,8.118484960305915,64
27-08-26/0/map1-0.2-data-2026.08.27-14.47.23.611.jpk-force-map,2026-08-27T14:47:23.611000,6,1,0.2,linear_drift_corrected,105.0,2.252764120012681,-5.805562379909577,8.654702502638976,64
27-08-26/0/map1-0.2-data-2026.08.27-14.47.23.611.jpk-force-map,2026-08-27T14:47:23.611000,6,1,0.2,linear_drift_corrected,110.0,0.6609509345591943,-6.441602459645637,7.108907808869509,64
27-08-26/0/map1-0.2-data-2026.08.27-14.47.23.611.jpk-force-map,2026-08-27T14:47:23.611000,6,1,0.2,linear_drift_corrected,115.0,-0.9517472604407525,-5.324568224613933,8.210647282278526,64
27-08-26/0/map1-0.2-data-2026.08.27-14.47.23.611.jpk-force-map,2026-08-27T14:47:23.611000,6,1,0.2,linear_drift_corrected,120.0,0.998594555383137,-3.999142851514187,9.522984509423608,64
27-08-26/0/map1-0.2-data-2026.08.27-14.47.23.611.jpk-force-map,2026-08-27T14:47:23.611000,6,1,0.2,linear_drift_corrected,125.0,1.2716043984062284,-5.170142932187662,7.507210379847904,64
27-08-26/0/map1-0.2-data-2026.08.27-14.47.23.611.jpk-force-map,2026-08-27T14:47:23.611000,6,1,0.2,linear_drift_corrected,130.0,0.13480225435390264,-5.288614514293192,7.303437941763894,64
27-08-26/0/map1-0.2-data-2026.08.27-14.47.23.611.jpk-force-map,2026-08-27T14:47:23.611000,6,1,0.2,linear_drift_corrected,135.0,2.036882028194281,-6.080118693129684,7.301266262046606,64
27-08-26/0/map1-0.2-data-2026.08.27-14.47.23.611.jpk-force-map,2026-08-27T14:47:23.611000,6,1,0.2,linear_drift_corrected,140.0,0.6490775603268748,-5.241912764058682,5.979670174219927,64
27-08-26/0/map1-0.2-data-2026.08.27-14.47.23.611.jpk-force-map,2026-08-27T14:47:23.611000,6,1,0.2,linear_drift_corrected,145.0,1.473537333891538,-4.528532767126067,6.651030081559062,64
27-08-26/0/map1-0.2-data-2026.08.27-14.47.23.611.jpk-force-map,2026-08-27T14:47:23.611000,6,1,0.2,linear_drift_corrected,150.0,3.010840273205697,-4.155262892970156,5.5494285776078005,64
27-08-26/0/map1-0.2-data-2026.08.27-14.47.23.611.jpk-force-map,2026-08-27T14:47:23.611000,6,1,0.2,linear_drift_corrected,155.0,0.5432062641935462,-5.223336891456407,7.219230230074809,64
27-08-26/0/map1-0.2-data-2026.08.27-14.47.23.611.jpk-force-map,2026-08-27T14:47:23.611000,6,1,0.2,linear_drift_corrected,160.0,0.8702916582711377,-3.6574521587861826,6.811347693766633,64
27-08-26/0/map1-0.2-data-2026.08.27-14.47.23.611.jpk-force-map,2026-08-27T14:47:23.611000,6,1,0.2,linear_drift_corrected,165.0,1.5666140059471738,-2.999321039959821,7.032830884712844,64
27-08-26/0/map1-0.2-data-2026.08.27-14.47.23.611.jpk-force-map,2026-08-27T14:47:23.611000,6,1,0.2,linear_drift_corrected,170.0,1.9794675464994067,-2.162128247691067,6.216879176414836,64
27-08-26/0/map1-0.2-data-2026.08.27-14.47.23.611.jpk-force-map,2026-08-27T14:47:23.611000,6,1,0.2,linear_drift_corrected,175.0,2.012942963492394,-1.7779015838974872,6.374466236153364,64
27-08-26/0/map1-0.2-data-2026.08.27-14.47.23.611.jpk-force-map,2026-08-27T14:47:23.611000,6,1,0.2,linear_drift_corrected,180.0,3.5022350181445034,-2.669702352978421,6.921068873701063,64
27-08-26/0/map1-0.2-data-2026.08.27-14.47.23.611.jpk-force-map,2026-08-27T14:47:23.611000,6,1,0.2,linear_drift_corrected,185.0,2.8959027841413523,-3.2632336202184713,6.5076963371751155,64
27-08-26/0/map1-0.2-data-2026.08.27-14.47.23.611.jpk-force-map,2026-08-27T14:47:23.611000,6,1,0.2,linear_drift_corrected,190.0,3.1247192842854052,-1.6131732260327438,7.0559849352477375,64
27-08-26/0/map1-0.2-data-2026.08.27-14.47.23.611.jpk-force-map,2026-08-27T14:47:23.611000,6,1,0.2,linear_drift_corrected,195.0,2.2877332190027637,-2.958851671080052,6.617160438769133,64
27-08-26/0/map1-0.2-data-2026.08.27-14.47.23.611.jpk-force-map,2026-08-27T14:47:23.611000,6,1,0.2,linear_drift_corrected,200.0,2.795274157316125,-2.366851696586811,6.262245770005842,64
27-08-26/0/map1-0.2-data-2026.08.27-14.47.23.611.jpk-force-map,2026-08-27T14:47:23.611000,6,1,0.2,linear_drift_corrected,205.0,2.7588643259889634,-1.585204408757262,6.937934544481525,64
27-08-26/0/map1-0.2-data-2026.08.27-14.47.23.611.jpk-force-map,2026-08-27T14:47:23.611000,6,1,0.2,linear_drift_corrected,210.0,3.4982644114953496,-1.1759695067845954,7.221953933450308,64
27-08-26/0/map1-0.2-data-2026.08.27-14.47.23.611.jpk-force-map,2026-08-27T14:47:23.611000,6,1,0.2,linear_drift_corrected,215.0,3.728219683778422,-2.741347117942812,7.4266411590612265,64
27-08-26/0/map1-0.2-data-2026.08.27-14.47.23.611.jpk-force-map,2026-08-27T14:47:23.611000,6,1,0.2,linear_drift_corrected,220.0,1.1065790236891206,-2.098071743400459,6.900661978047109,64
27-08-26/0/map1-0.2-data-2026.08.27-14.47.23.611.jpk-force-map,2026-08-27T14:47:23.611000,6,1,0.2,linear_drift_corrected,225.0,2.113353919321983,-0.5351604279890366,7.173876386387027,64
27-08-26/0/map1-0.2-data-2026.08.27-14.47.23.611.jpk-force-map,2026-08-27T14:47:23.611000,6,1,0.2,linear_drift_corrected,230.0,1.369006394673034,-1.952363762728159,6.78770646752056,64
27-08-26/0/map1-0.2-data-2026.08.27-14.47.23.611.jpk-force-map,2026-08-27T14:47:23.611000,6,1,0.2,linear_drift_corrected,235.0,1.3843273659650852,-2.0967899127212206,5.610523207224458,64
27-08-26/0/map1-0.2-data-2026.08.27-14.47.23.611.jpk-force-map,2026-08-27T14:47:23.611000,6,1,0.2,linear_drift_corrected,240.0,2.143752855388387,-2.138585400903701,6.299434995956018,64
27-08-26/0/map1-0.2-data-2026.08.27-14.47.23.611.jpk-force-map,2026-08-27T14:47:23.611000,6,1,0.2,linear_drift_corrected,245.0,2.0611247818456944,-2.724469598130155,4.895165566086124,64
27-08-26/0/map1-0.2-data-2026.08.27-14.47.23.611.jpk-force-map,2026-08-27T14:47:23.611000,6,1,0.2,linear_drift_corrected,250.0,1.5507255274895368,-1.6620222572147962,4.056734438993315,64
27-08-26/0/map1-0.2-data-2026.08.27-14.47.23.611.jpk-force-map,2026-08-27T14:47:23.611000,6,1,0.2,linear_drift_corrected,255.0,0.6340480485988174,-1.4851937636407269,3.6549447382734996,64
27-08-26/0/map1-0.2-data-2026.08.27-14.47.23.611.jpk-force-map,2026-08-27T14:47:23.611000,6,1,0.2,linear_drift_corrected,260.0,1.0112873181272546,-1.0720474235245576,3.036978087961363,64
27-08-26/0/map1-0.2-data-2026.08.27-14.47.23.611.jpk-force-map,2026-08-27T14:47:23.611000,6,1,0.2,linear_drift_corrected,265.0,0.9445436692123166,-1.2434914055448136,2.238806428936067,64
27-08-26/0/map1-0.2-data-2026.08.27-14.47.23.611.jpk-force-map,2026-08-27T14:47:23.611000,6,1,0.2,linear_drift_corrected,270.0,0.48070471000447923,-1.4483740196158281,2.4542013230299182,64
27-08-26/0/map1-0.2-data-2026.08.27-14.47.23.611.jpk-force-map,2026-08-27T14:47:23.611000,6,1,0.2,linear_drift_corrected,275.0,0.3912315776555485,-1.134523014507384,2.0541817846514796,64
27-08-26/0/map1-0.2-data-2026.08.27-14.47.23.611.jpk-force-map,2026-08-27T14:47:23.611000,6,1,0.2,linear_drift_corrected,280.0,0.38299042044086207,-1.7295932617713614,2.3331735351803795,64
27-08-26/0/map1-0.2-data-2026.08.27-14.47.23.611.jpk-force-map,2026-08-27T14:47:23.611000,6,1,0.2,linear_drift_corrected,285.0,0.41064708174213843,-1.7226198508530581,2.0797928168565636,64
27-08-26/0/map1-0.2-data-2026.08.27-14.47.23.611.jpk-force-map,2026-08-27T14:47:23.611000,6,1,0.2,linear_drift_corrected,290.0,0.057867117970483384,-2.1637420016974414,1.8097879376115602,64
27-08-26/0/map1-0.2-data-2026.08.27-14.47.23.611.jpk-force-map,2026-08-27T14:47:23.611000,6,1,0.2,linear_drift_corrected,295.0,-0.8897766487668437,-2.0740134261452714,1.206805389906695,64
27-08-26/0/map1-0.2-data-2026.08.27-14.47.23.611.jpk-force-map,2026-08-27T14:47:23.611000,6,1,0.2,linear_drift_corrected,300.0,-0.37067475826468543,-2.4981089745721303,1.314929791966915,64
27-08-26/0/map1-0.2-data-2026.08.27-14.47.23.611.jpk-force-map,2026-08-27T14:47:23.611000,6,1,0.2,linear_drift_corrected,305.0,-0.7604651124760919,-2.375829785161554,1.0188341432882126,64
27-08-26/0/map1-0.2-data-2026.08.27-14.47.23.611.jpk-force-map,2026-08-27T14:47:23.611000,6,1,0.2,linear_drift_corrected,310.0,-0.30504679854487493,-2.2245778122779267,1.9838996106712843,64
27-08-26/0/map1-0.2-data-2026.08.27-14.47.23.611.jpk-force-map,2026-08-27T14:47:23.611000,6,1,0.2,linear_drift_corrected,315.0,-0.6658585565578095,-2.338734700953593,1.5341876021562055,64
27-08-26/0/map1-0.2-data-2026.08.27-14.47.23.611.jpk-force-map,2026-08-27T14:47:23.611000,6,1,0.2,linear_drift_corrected,320.0,-0.005022544711586391,-2.576637321971881,1.7241469765713688,64
27-08-26/0/map1-0.2-data-2026.08.27-14.47.23.611.jpk-force-map,2026-08-27T14:47:23.611000,6,1,0.2,linear_drift_corrected,325.0,-0.9151323220698373,-2.2598840116424825,1.1565077381990903,64
27-08-26/0/map1-0.2-data-2026.08.27-14.47.23.611.jpk-force-map,2026-08-27T14:47:23.611000,6,1,0.2,linear_drift_corrected,330.0,-0.8642294667949518,-3.1729651770487113,1.1687637917098261,64
27-08-26/0/map1-0.2-data-2026.08.27-14.47.23.611.jpk-force-map,2026-08-27T14:47:23.611000,6,1,0.2,linear_drift_corrected,335.0,-0.41980985781277885,-1.937678170206424,1.6994266357816779,64
27-08-26/0/map1-0.2-data-2026.08.27-14.47.23.611.jpk-force-map,2026-08-27T14:47:23.611000,6,1,0.2,linear_drift_corrected,340.0,-0.10687189668189584,-2.1328503764009827,1.3958696141930458,64
27-08-26/0/map1-0.2-data-2026.08.27-14.47.23.611.jpk-force-map,2026-08-27T14:47:23.611000,6,1,0.2,linear_drift_corrected,345.0,0.9731132665790294,-1.561043242392942,2.421588669460771,64
27-08-26/0/map1-0.2-data-2026.08.27-14.47.23.611.jpk-force-map,2026-08-27T14:47:23.611000,6,1,0.2,linear_drift_corrected,350.0,0.5699113099757486,-0.9654978737730107,1.985369714718498,63
27-08-26/0/map1-0.2-data-2026.08.27-14.47.23.611.jpk-force-map,2026-08-27T14:47:23.611000,6,1,0.2,linear_drift_corrected,355.0,0.9622979753232235,-1.452123408751381,2.584494785761499,63
27-08-26/0/map1-0.2-data-2026.08.27-14.47.23.611.jpk-force-map,2026-08-27T14:47:23.611000,6,1,0.2,linear_drift_corrected,360.0,0.8370514896014762,-1.5287686416707542,4.101993693625763,60
27-08-26/0/map1-0.2-data-2026.08.27-14.47.23.611.jpk-force-map,2026-08-27T14:47:23.611000,6,1,0.2,linear_drift_corrected,365.0,2.737713530946841,-0.2322991675412516,5.545829579610887,5
27-08-26/0/map1-0.2-data-2026.08.27-14.47.23.611.jpk-force-map,2026-08-27T14:47:23.611000,6,1,0.2,far_constant_referenced,5.0,5184.677773286166,4954.328166431877,5458.372514171328,64
27-08-26/0/map1-0.2-data-2026.08.27-14.47.23.611.jpk-force-map,2026-08-27T14:47:23.611000,6,1,0.2,far_constant_referenced,10.0,3254.4939126572604,3100.072422669777,3406.6240370105543,64
27-08-26/0/map1-0.2-data-2026.08.27-14.47.23.611.jpk-force-map,2026-08-27T14:47:23.611000,6,1,0.2,far_constant_referenced,15.0,2042.682239769265,1946.1509194354087,2147.3155830250794,64
27-08-26/0/map1-0.2-data-2026.08.27-14.47.23.611.jpk-force-map,2026-08-27T14:47:23.611000,6,1,0.2,far_constant_referenced,20.0,1298.0086658381654,1240.9659898613731,1353.590128618429,64
27-08-26/0/map1-0.2-data-2026.08.27-14.47.23.611.jpk-force-map,2026-08-27T14:47:23.611000,6,1,0.2,far_constant_referenced,25.0,829.6494229492541,785.1785218018227,857.610567646956,64
27-08-26/0/map1-0.2-data-2026.08.27-14.47.23.611.jpk-force-map,2026-08-27T14:47:23.611000,6,1,0.2,far_constant_referenced,30.0,523.1114499873753,500.5670907745272,548.1635364870142,64
27-08-26/0/map1-0.2-data-2026.08.27-14.47.23.611.jpk-force-map,2026-08-27T14:47:23.611000,6,1,0.2,far_constant_referenced,35.0,331.51074704741757,316.9479901035362,348.4746954939983,64
27-08-26/0/map1-0.2-data-2026.08.27-14.47.23.611.jpk-force-map,2026-08-27T14:47:23.611000,6,1,0.2,far_constant_referenced,40.0,215.95124723329087,206.64466145458246,227.13259319136918,64
27-08-26/0/map1-0.2-data-2026.08.27-14.47.23.611.jpk-force-map,2026-08-27T14:47:23.611000,6,1,0.2,far_constant_referenced,45.0,139.6434522490586,132.85303870306748,146.84468687762396,64
27-08-26/0/map1-0.2-data-2026.08.27-14.47.23.611.jpk-force-map,2026-08-27T14:47:23.611000,6,1,0.2,far_constant_referenced,50.0,91.91438762835264,87.53878320883689,97.65905912555155,64
27-08-26/0/map1-0.2-data-2026.08.27-14.47.23.611.jpk-force-map,2026-08-27T14:47:23.611000,6,1,0.2,far_constant_referenced,55.0,63.06026413366646,58.61700512624902,66.91073188401035,64
27-08-26/0/map1-0.2-data-2026.08.27-14.47.23.611.jpk-force-map,2026-08-27T14:47:23.611000,6,1,0.2,far_constant_referenced,60.0,44.52396415154834,38.94762738873051,47.25226368634227,64
27-08-26/0/map1-0.2-data-2026.08.27-14.47.23.611.jpk-force-map,2026-08-27T14:47:23.611000,6,1,0.2,far_constant_referenced,65.0,32.13367251668231,29.20365042331604,36.19547771129154,64
27-08-26/0/map1-0.2-data-2026.08.27-14.47.23.611.jpk-force-map,2026-08-27T14:47:23.611000,6,1,0.2,far_constant_referenced,70.0,25.528869617660945,20.19603473450826,29.36252468029861,64
27-08-26/0/map1-0.2-data-2026.08.27-14.47.23.611.jpk-force-map,2026-08-27T14:47:23.611000,6,1,0.2,far_constant_referenced,75.0,21.543389630540588,16.357022891824258,25.049639722056636,64
27-08-26/0/map1-0.2-data-2026.08.27-14.47.23.611.jpk-force-map,2026-08-27T14:47:23.611000,6,1,0.2,far_constant_referenced,80.0,18.81751311820664,15.374534794554346,22.142535382790825,64
27-08-26/0/map1-0.2-data-2026.08.27-14.47.23.611.jpk-force-map,2026-08-27T14:47:23.611000,6,1,0.2,far_constant_referenced,85.0,17.9500829551016,14.54478619397009,21.749685050128004,64
27-08-26/0/map1-0.2-data-2026.08.27-14.47.23.611.jpk-force-map,2026-08-27T14:47:23.611000,6,1,0.2,far_constant_referenced,90.0,16.04831914062027,12.960022607105886,20.68207047261027,64
27-08-26/0/map1-0.2-data-2026.08.27-14.47.23.611.jpk-force-map,2026-08-27T14:47:23.611000,6,1,0.2,far_constant_referenced,95.0,15.841578312492366,12.561821433177274,18.55993632866394,64
27-08-26/0/map1-0.2-data-2026.08.27-14.47.23.611.jpk-force-map,2026-08-27T14:47:23.611000,6,1,0.2,far_constant_referenced,100.0,15.20766100018555,12.131972497755756,17.757185424410437,64
27-08-26/0/map1-0.2-data-2026.08.27-14.47.23.611.jpk-force-map,2026-08-27T14:47:23.611000,6,1,0.2,far_constant_referenced,105.0,15.326365345601456,12.117369036410018,17.595413042524868,64
27-08-26/0/map1-0.2-data-2026.08.27-14.47.23.611.jpk-force-map,2026-08-27T14:47:23.611000,6,1,0.2,far_constant_referenced,110.0,13.600745761910407,11.553986620566393,18.231284213628843,64
27-08-26/0/map1-0.2-data-2026.08.27-14.47.23.611.jpk-force-map,2026-08-27T14:47:23.611000,6,1,0.2,far_constant_referenced,115.0,14.737190805876441,10.640810030968627,17.78954583956803,64
27-08-26/0/map1-0.2-data-2026.08.27-14.47.23.611.jpk-force-map,2026-08-27T14:47:23.611000,6,1,0.2,far_constant_referenced,120.0,13.86199271782634,9.399028836580243,18.209162256120642,64
27-08-26/0/map1-0.2-data-2026.08.27-14.47.23.611.jpk-force-map,2026-08-27T14:47:23.611000,6,1,0.2,far_constant_referenced,125.0,13.945171278057266,10.307098074914443,17.198714380072495,64
27-08-26/0/map1-0.2-data-2026.08.27-14.47.23.611.jpk-force-map,2026-08-27T14:47:23.611000,6,1,0.2,far_constant_referenced,130.0,12.800922676462871,9.643760043816837,15.848384154990098,64
27-08-26/0/map1-0.2-data-2026.08.27-14.47.23.611.jpk-force-map,2026-08-27T14:47:23.611000,6,1,0.2,far_constant_referenced,135.0,13.003316317235988,10.693635483864082,15.747199212164658,64
27-08-26/0/map1-0.2-data-2026.08.27-14.47.23.611.jpk-force-map,2026-08-27T14:47:23.611000,6,1,0.2,far_constant_referenced,140.0,13.092326759956434,9.597989862201905,14.82039906001003,64
27-08-26/0/map1-0.2-data-2026.08.27-14.47.23.611.jpk-force-map,2026-08-27T14:47:23.611000,6,1,0.2,far_constant_referenced,145.0,13.046111169800866,9.119781436850236,16.290128467831558,64
27-08-26/0/map1-0.2-data-2026.08.27-14.47.23.611.jpk-force-map,2026-08-27T14:47:23.611000,6,1,0.2,far_constant_referenced,150.0,12.852970149107751,9.338958071426923,15.29376737922231,64
27-08-26/0/map1-0.2-data-2026.08.27-14.47.23.611.jpk-force-map,2026-08-27T14:47:23.611000,6,1,0.2,far_constant_referenced,155.0,11.821605888000805,8.289557733822843,15.163143901264327,64
27-08-26/0/map1-0.2-data-2026.08.27-14.47.23.611.jpk-force-map,2026-08-27T14:47:23.611000,6,1,0.2,far_constant_referenced,160.0,11.776839360296911,7.880642999801717,15.652784479153595,64
27-08-26/0/map1-0.2-data-2026.08.27-14.47.23.611.jpk-force-map,2026-08-27T14:47:23.611000,6,1,0.2,far_constant_referenced,165.0,12.096476406473439,7.9903679090424395,14.516814537630871,64
27-08-26/0/map1-0.2-data-2026.08.27-14.47.23.611.jpk-force-map,2026-08-27T14:47:23.611000,6,1,0.2,far_constant_referenced,170.0,12.312968712246507,8.128551454626667,15.620465635459766,64
27-08-26/0/map1-0.2-data-2026.08.27-14.47.23.611.jpk-force-map,2026-08-27T14:47:23.611000,6,1,0.2,far_constant_referenced,175.0,11.982606228416483,7.9782112252789155,15.24727860516207,64
27-08-26/0/map1-0.2-data-2026.08.27-14.47.23.611.jpk-force-map,2026-08-27T14:47:23.611000,6,1,0.2,far_constant_referenced,180.0,11.886302963194023,9.349909182741166,14.144648977585772,64
27-08-26/0/map1-0.2-data-2026.08.27-14.47.23.611.jpk-force-map,2026-08-27T14:47:23.611000,6,1,0.2,far_constant_referenced,185.0,11.350173611244427,7.465421280848009,13.33532978205608,64
27-08-26/0/map1-0.2-data-2026.08.27-14.47.23.611.jpk-force-map,2026-08-27T14:47:23.611000,6,1,0.2,far_constant_referenced,190.0,11.095245517822207,7.359847579204091,13.723809172242099,64
27-08-26/0/map1-0.2-data-2026.08.27-14.47.23.611.jpk-force-map,2026-08-27T14:47:23.611000,6,1,0.2,far_constant_referenced,195.0,9.896015685996588,7.035821774209177,12.68781860109527,64
27-08-26/0/map1-0.2-data-2026.08.27-14.47.23.611.jpk-force-map,2026-08-27T14:47:23.611000,6,1,0.2,far_constant_referenced,200.0,10.105191414145345,6.7935314057741465,12.597786688122168,64
27-08-26/0/map1-0.2-data-2026.08.27-14.47.23.611.jpk-force-map,2026-08-27T14:47:23.611000,6,1,0.2,far_constant_referenced,205.0,9.971414443721125,6.009552986804927,12.36621581856027,64
27-08-26/0/map1-0.2-data-2026.08.27-14.47.23.611.jpk-force-map,2026-08-27T14:47:23.611000,6,1,0.2,far_constant_referenced,210.0,9.797218132947679,7.043381841835481,12.437985981375524,64
27-08-26/0/map1-0.2-data-2026.08.27-14.47.23.611.jpk-force-map,2026-08-27T14:47:23.611000,6,1,0.2,far_constant_referenced,215.0,9.28153006361378,6.144808713583424,13.169204274035131,64
27-08-26/0/map1-0.2-data-2026.08.27-14.47.23.611.jpk-force-map,2026-08-27T14:47:23.611000,6,1,0.2,far_constant_referenced,220.0,9.8016365856687,5.382946313341816,11.49585783664947,64
27-08-26/0/map1-0.2-data-2026.08.27-14.47.23.611.jpk-force-map,2026-08-27T14:47:23.611000,6,1,0.2,far_constant_referenced,225.0,9.323873568857579,5.883555818886931,11.59242834699622,64
27-08-26/0/map1-0.2-data-2026.08.27-14.47.23.611.jpk-force-map,2026-08-27T14:47:23.611000,6,1,0.2,far_constant_referenced,230.0,7.793794273197621,4.194875450149182,11.02735931747941,64
27-08-26/0/map1-0.2-data-2026.08.27-14.47.23.611.jpk-force-map,2026-08-27T14:47:23.611000,6,1,0.2,far_constant_referenced,235.0,6.482689693576061,3.7241855209600665,10.149001798182452,64
27-08-26/0/map1-0.2-data-2026.08.27-14.47.23.611.jpk-force-map,2026-08-27T14:47:23.611000,6,1,0.2,far_constant_referenced,240.0,7.958737963891124,3.2525216317627246,10.5379325356894,64
27-08-26/0/map1-0.2-data-2026.08.27-14.47.23.611.jpk-force-map,2026-08-27T14:47:23.611000,6,1,0.2,far_constant_referenced,245.0,5.804967936012741,2.5816354105998562,9.250642466029726,64
27-08-26/0/map1-0.2-data-2026.08.27-14.47.23.611.jpk-force-map,2026-08-27T14:47:23.611000,6,1,0.2,far_constant_referenced,250.0,5.334521496825752,2.592598399475026,7.929299428758864,64
27-08-26/0/map1-0.2-data-2026.08.27-14.47.23.611.jpk-force-map,2026-08-27T14:47:23.611000,6,1,0.2,far_constant_referenced,255.0,4.979857523029558,2.127484985212288,6.734678090631448,64
27-08-26/0/map1-0.2-data-2026.08.27-14.47.23.611.jpk-force-map,2026-08-27T14:47:23.611000,6,1,0.2,far_constant_referenced,260.0,4.294854820525252,2.1345402564927203,6.920763840044293,64
27-08-26/0/map1-0.2-data-2026.08.27-14.47.23.611.jpk-force-map,2026-08-27T14:47:23.611000,6,1,0.2,far_constant_referenced,265.0,4.103673597409978,1.8562549392101484,5.537657485166323,64
27-08-26/0/map1-0.2-data-2026.08.27-14.47.23.611.jpk-force-map,2026-08-27T14:47:23.611000,6,1,0.2,far_constant_referenced,270.0,3.3311095146368412,0.992934412238133,5.40386269840053,64
27-08-26/0/map1-0.2-data-2026.08.27-14.47.23.611.jpk-force-map,2026-08-27T14:47:23.611000,6,1,0.2,far_constant_referenced,275.0,3.062557858657775,1.4298267413791579,4.614503744262853,64
27-08-26/0/map1-0.2-data-2026.08.27-14.47.23.611.jpk-force-map,2026-08-27T14:47:23.611000,6,1,0.2,far_constant_referenced,280.0,2.0292100448508408,0.08124251777517538,4.381002771025703,64
27-08-26/0/map1-0.2-data-2026.08.27-14.47.23.611.jpk-force-map,2026-08-27T14:47:23.611000,6,1,0.2,far_constant_referenced,285.0,1.7445999262941,-0.3745885825049721,4.26079591413352,64
27-08-26/0/map1-0.2-data-2026.08.27-14.47.23.611.jpk-force-map,2026-08-27T14:47:23.611000,6,1,0.2,far_constant_referenced,290.0,1.284356312073327,-0.6462937309501735,3.3184539733079292,64
27-08-26/0/map1-0.2-data-2026.08.27-14.47.23.611.jpk-force-map,2026-08-27T14:47:23.611000,6,1,0.2,far_constant_referenced,295.0,0.379476198888704,-1.3230474672857973,2.482398387791197,64
27-08-26/0/map1-0.2-data-2026.08.27-14.47.23.611.jpk-force-map,2026-08-27T14:47:23.611000,6,1,0.2,far_constant_referenced,300.0,0.3366813463237679,-2.1253054527543656,2.178582252970836,64
27-08-26/0/map1-0.2-data-2026.08.27-14.47.23.611.jpk-force-map,2026-08-27T14:47:23.611000,6,1,0.2,far_constant_referenced,305.0,-0.4198599065547237,-2.0783475150315347,1.5091332166984048,64
27-08-26/0/map1-0.2-data-2026.08.27-14.47.23.611.jpk-force-map,2026-08-27T14:47:23.611000,6,1,0.2,far_constant_referenced,310.0,-0.02335128507980743,-2.2206585130904943,1.887136598013583,64
27-08-26/0/map1-0.2-data-2026.08.27-14.47.23.611.jpk-force-map,2026-08-27T14:47:23.611000,6,1,0.2,far_constant_referenced,315.0,-0.9394319383612427,-2.6692027296492897,1.1464637667356414,64
27-08-26/0/map1-0.2-data-2026.08.27-14.47.23.611.jpk-force-map,2026-08-27T14:47:23.611000,6,1,0.2,far_constant_referenced,320.0,-0.47872509925839285,-3.336199049558831,1.248854282010584,64
27-08-26/0/map1-0.2-data-2026.08.27-14.47.23.611.jpk-force-map,2026-08-27T14:47:23.611000,6,1,0.2,far_constant_referenced,325.0,-1.94650658706311,-3.176641832814343,0.04596616137282235,64
27-08-26/0/map1-0.2-data-2026.08.27-14.47.23.611.jpk-force-map,2026-08-27T14:47:23.611000,6,1,0.2,far_constant_referenced,330.0,-2.570197319281565,-4.598665016565009,0.08952117784681733,64
27-08-26/0/map1-0.2-data-2026.08.27-14.47.23.611.jpk-force-map,2026-08-27T14:47:23.611000,6,1,0.2,far_constant_referenced,335.0,-1.414249320025016,-3.7477981123836788,0.19363987825857534,64
27-08-26/0/map1-0.2-data-2026.08.27-14.47.23.611.jpk-force-map,2026-08-27T14:47:23.611000,6,1,0.2,far_constant_referenced,340.0,-2.7059459648447426,-4.574844567822596,-0.43859082037500025,64
27-08-26/0/map1-0.2-data-2026.08.27-14.47.23.611.jpk-force-map,2026-08-27T14:47:23.611000,6,1,0.2,far_constant_referenced,345.0,-2.2675808181300736,-3.746562846031395,0.37145290638035205,64
27-08-26/0/map1-0.2-data-2026.08.27-14.47.23.611.jpk-force-map,2026-08-27T14:47:23.611000,6,1,0.2,far_constant_referenced,350.0,-1.7738187265466925,-4.7813715998510915,0.2666037359621681,63
27-08-26/0/map1-0.2-data-2026.08.27-14.47.23.611.jpk-force-map,2026-08-27T14:47:23.611000,6,1,0.2,far_constant_referenced,355.0,-2.439318473760397,-4.322600803204052,0.031629945151330816,63
27-08-26/0/map1-0.2-data-2026.08.27-14.47.23.611.jpk-force-map,2026-08-27T14:47:23.611000,6,1,0.2,far_constant_referenced,360.0,-1.1175122116072203,-4.932667972865631,0.594525380990836,60
27-08-26/0/map1-0.2-data-2026.08.27-14.47.23.611.jpk-force-map,2026-08-27T14:47:23.611000,6,1,0.2,far_constant_referenced,365.0,-3.0746967260797704,-6.448161623521648,4.384387875933011,5
27-08-26/0/map2-0.1-data-2026.08.27-14.58.45.160.jpk-force-map,2026-08-27T14:58:45.160000,7,2,0.1,linear_drift_corrected,5.0,5744.166753661264,5546.039875973009,5928.97812834841,64
27-08-26/0/map2-0.1-data-2026.08.27-14.58.45.160.jpk-force-map,2026-08-27T14:58:45.160000,7,2,0.1,linear_drift_corrected,10.0,4185.61093686908,4018.5381115404666,4277.156344381003,64
27-08-26/0/map2-0.1-data-2026.08.27-14.58.45.160.jpk-force-map,2026-08-27T14:58:45.160000,7,2,0.1,linear_drift_corrected,15.0,3117.90863992959,3013.2076442131847,3187.2519411775393,64
27-08-26/0/map2-0.1-data-2026.08.27-14.58.45.160.jpk-force-map,2026-08-27T14:58:45.160000,7,2,0.1,linear_drift_corrected,20.0,2389.7417884259094,2315.618029367411,2434.690052119068,64
27-08-26/0/map2-0.1-data-2026.08.27-14.58.45.160.jpk-force-map,2026-08-27T14:58:45.160000,7,2,0.1,linear_drift_corrected,25.0,1872.8421073018553,1818.312874916181,1911.2221184636437,64
27-08-26/0/map2-0.1-data-2026.08.27-14.58.45.160.jpk-force-map,2026-08-27T14:58:45.160000,7,2,0.1,linear_drift_corrected,30.0,1478.6474821340632,1440.734001715258,1517.7041444491315,64
27-08-26/0/map2-0.1-data-2026.08.27-14.58.45.160.jpk-force-map,2026-08-27T14:58:45.160000,7,2,0.1,linear_drift_corrected,35.0,1183.4771268967988,1158.6567959759109,1220.8964750507873,64
27-08-26/0/map2-0.1-data-2026.08.27-14.58.45.160.jpk-force-map,2026-08-27T14:58:45.160000,7,2,0.1,linear_drift_corrected,40.0,955.7759381225552,932.8291337941546,978.0832513918509,64
27-08-26/0/map2-0.1-data-2026.08.27-14.58.45.160.jpk-force-map,2026-08-27T14:58:45.160000,7,2,0.1,linear_drift_corrected,45.0,773.5108215399598,755.41556549913,796.2158140095082,64
27-08-26/0/map2-0.1-data-2026.08.27-14.58.45.160.jpk-force-map,2026-08-27T14:58:45.160000,7,2,0.1,linear_drift_corrected,50.0,625.0023858261081,614.6147869094295,650.099259648048,64
27-08-26/0/map2-0.1-data-2026.08.27-14.58.45.160.jpk-force-map,2026-08-27T14:58:45.160000,7,2,0.1,linear_drift_corrected,55.0,512.0795712989741,500.930802869343,531.3465855415441,64
27-08-26/0/map2-0.1-data-2026.08.27-14.58.45.160.jpk-force-map,2026-08-27T14:58:45.160000,7,2,0.1,linear_drift_corrected,60.0,417.9827176633016,406.89743923307975,435.769658827745,64
27-08-26/0/map2-0.1-data-2026.08.27-14.58.45.160.jpk-force-map,2026-08-27T14:58:45.160000,7,2,0.1,linear_drift_corrected,65.0,342.08814355995935,333.4029565021533,360.07748846918776,64
27-08-26/0/map2-0.1-data-2026.08.27-14.58.45.160.jpk-force-map,2026-08-27T14:58:45.160000,7,2,0.1,linear_drift_corrected,70.0,282.04647462215974,272.44968886384333,294.7602560640023,64
27-08-26/0/map2-0.1-data-2026.08.27-14.58.45.160.jpk-force-map,2026-08-27T14:58:45.160000,7,2,0.1,linear_drift_corrected,75.0,234.55947107498838,220.3314599297662,243.61294958655006,64
27-08-26/0/map2-0.1-data-2026.08.27-14.58.45.160.jpk-force-map,2026-08-27T14:58:45.160000,7,2,0.1,linear_drift_corrected,80.0,191.69837436979623,181.98361764425334,205.6213190871372,64
27-08-26/0/map2-0.1-data-2026.08.27-14.58.45.160.jpk-force-map,2026-08-27T14:58:45.160000,7,2,0.1,linear_drift_corrected,85.0,158.0213500568758,148.8662054430173,171.56840920423193,64
27-08-26/0/map2-0.1-data-2026.08.27-14.58.45.160.jpk-force-map,2026-08-27T14:58:45.160000,7,2,0.1,linear_drift_corrected,90.0,132.5859632079552,121.51198072136307,143.4705781044729,64
27-08-26/0/map2-0.1-data-2026.08.27-14.58.45.160.jpk-force-map,2026-08-27T14:58:45.160000,7,2,0.1,linear_drift_corrected,95.0,109.44421146381778,99.55496107902823,118.45377479093169,64
27-08-26/0/map2-0.1-data-2026.08.27-14.58.45.160.jpk-force-map,2026-08-27T14:58:45.160000,7,2,0.1,linear_drift_corrected,100.0,91.82225231321368,80.76779764186854,101.47615915275739,64
27-08-26/0/map2-0.1-data-2026.08.27-14.58.45.160.jpk-force-map,2026-08-27T14:58:45.160000,7,2,0.1,linear_drift_corrected,105.0,75.3999485518579,66.8974116235077,86.3432386163906,64
27-08-26/0/map2-0.1-data-2026.08.27-14.58.45.160.jpk-force-map,2026-08-27T14:58:45.160000,7,2,0.1,linear_drift_corrected,110.0,64.80644100953779,54.80259389072931,73.11723082858389,64
27-08-26/0/map2-0.1-data-2026.08.27-14.58.45.160.jpk-force-map,2026-08-27T14:58:45.160000,7,2,0.1,linear_drift_corrected,115.0,54.33213529831919,43.925762302417525,62.11751475884564,64
27-08-26/0/map2-0.1-data-2026.08.27-14.58.45.160.jpk-force-map,2026-08-27T14:58:45.160000,7,2,0.1,linear_drift_corrected,120.0,45.35231087050943,37.4861510276402,53.316911645244936,64
27-08-26/0/map2-0.1-data-2026.08.27-14.58.45.160.jpk-force-map,2026-08-27T14:58:45.160000,7,2,0.1,linear_drift_corrected,125.0,38.30410028726706,31.253767380729958,49.036304398862406,64
27-08-26/0/map2-0.1-data-2026.08.27-14.58.45.160.jpk-force-map,2026-08-27T14:58:45.160000,7,2,0.1,linear_drift_corrected,130.0,31.84123674621687,24.656674093644025,43.9111059695021,64
27-08-26/0/map2-0.1-data-2026.08.27-14.58.45.160.jpk-force-map,2026-08-27T14:58:45.160000,7,2,0.1,linear_drift_corrected,135.0,28.08698632110014,21.48602311951643,39.22778547301776,64
27-08-26/0/map2-0.1-data-2026.08.27-14.58.45.160.jpk-force-map,2026-08-27T14:58:45.160000,7,2,0.1,linear_drift_corrected,140.0,24.884348937885658,18.376303497370255,33.1398940544579,64
27-08-26/0/map2-0.1-data-2026.08.27-14.58.45.160.jpk-force-map,2026-08-27T14:58:45.160000,7,2,0.1,linear_drift_corrected,145.0,21.644299950350764,15.812269452371076,27.882011182774583,64
27-08-26/0/map2-0.1-data-2026.08.27-14.58.45.160.jpk-force-map,2026-08-27T14:58:45.160000,7,2,0.1,linear_drift_corrected,150.0,19.821028232587175,12.621867103189178,27.388039729431313,64
27-08-26/0/map2-0.1-data-2026.08.27-14.58.45.160.jpk-force-map,2026-08-27T14:58:45.160000,7,2,0.1,linear_drift_corrected,155.0,16.637049951248123,9.67220420215928,25.570668381580383,64
27-08-26/0/map2-0.1-data-2026.08.27-14.58.45.160.jpk-force-map,2026-08-27T14:58:45.160000,7,2,0.1,linear_drift_corrected,160.0,14.450335091891665,9.502447870229144,22.360029282282678,64
27-08-26/0/map2-0.1-data-2026.08.27-14.58.45.160.jpk-force-map,2026-08-27T14:58:45.160000,7,2,0.1,linear_drift_corrected,165.0,12.50827178036571,7.698959789245263,17.843556568068987,64
27-08-26/0/map2-0.1-data-2026.08.27-14.58.45.160.jpk-force-map,2026-08-27T14:58:45.160000,7,2,0.1,linear_drift_corrected,170.0,12.878809285260104,5.463035186156613,19.826134166304314,64
27-08-26/0/map2-0.1-data-2026.08.27-14.58.45.160.jpk-force-map,2026-08-27T14:58:45.160000,7,2,0.1,linear_drift_corrected,175.0,11.708341804418524,4.794919281099979,17.903748261331714,64
27-08-26/0/map2-0.1-data-2026.08.27-14.58.45.160.jpk-force-map,2026-08-27T14:58:45.160000,7,2,0.1,linear_drift_corrected,180.0,11.450105138051878,4.1223016135577835,16.183193711386522,64
27-08-26/0/map2-0.1-data-2026.08.27-14.58.45.160.jpk-force-map,2026-08-27T14:58:45.160000,7,2,0.1,linear_drift_corrected,185.0,9.893262802064088,3.397289177202752,15.608949530277929,64
27-08-26/0/map2-0.1-data-2026.08.27-14.58.45.160.jpk-force-map,2026-08-27T14:58:45.160000,7,2,0.1,linear_drift_corrected,190.0,8.503683554862743,2.545197065880587,13.813276844092302,64
27-08-26/0/map2-0.1-data-2026.08.27-14.58.45.160.jpk-force-map,2026-08-27T14:58:45.160000,7,2,0.1,linear_drift_corrected,195.0,8.253882629269789,3.4859236658522708,12.375728897774906,64
27-08-26/0/map2-0.1-data-2026.08.27-14.58.45.160.jpk-force-map,2026-08-27T14:58:45.160000,7,2,0.1,linear_drift_corrected,200.0,7.2658226019832695,3.142691686288942,12.188305690264034,64
27-08-26/0/map2-0.1-data-2026.08.27-14.58.45.160.jpk-force-map,2026-08-27T14:58:45.160000,7,2,0.1,linear_drift_corrected,205.0,6.728071277505012,0.7192007695941043,11.30269703410044,64
27-08-26/0/map2-0.1-data-2026.08.27-14.58.45.160.jpk-force-map,2026-08-27T14:58:45.160000,7,2,0.1,linear_drift_corrected,210.0,6.101819843256895,2.03527482403326,10.467984813155802,64
27-08-26/0/map2-0.1-data-2026.08.27-14.58.45.160.jpk-force-map,2026-08-27T14:58:45.160000,7,2,0.1,linear_drift_corrected,215.0,5.180049256616096,0.8302183596289453,9.973130812804804,64
27-08-26/0/map2-0.1-data-2026.08.27-14.58.45.160.jpk-force-map,2026-08-27T14:58:45.160000,7,2,0.1,linear_drift_corrected,220.0,3.8566716264772096,0.35564946665720387,8.312856463148625,64
27-08-26/0/map2-0.1-data-2026.08.27-14.58.45.160.jpk-force-map,2026-08-27T14:58:45.160000,7,2,0.1,linear_drift_corrected,225.0,4.256336570126665,-0.5454014820783497,9.20624638253139,64
27-08-26/0/map2-0.1-data-2026.08.27-14.58.45.160.jpk-force-map,2026-08-27T14:58:45.160000,7,2,0.1,linear_drift_corrected,230.0,3.736958280702468,0.9638482852476005,7.595221083409477,64
27-08-26/0/map2-0.1-data-2026.08.27-14.58.45.160.jpk-force-map,2026-08-27T14:58:45.160000,7,2,0.1,linear_drift_corrected,235.0,3.053299044792608,-0.2016032183537662,7.334013440752803,64
27-08-26/0/map2-0.1-data-2026.08.27-14.58.45.160.jpk-force-map,2026-08-27T14:58:45.160000,7,2,0.1,linear_drift_corrected,240.0,2.6604320783142708,-0.1005305131824379,6.408906164395653,64
27-08-26/0/map2-0.1-data-2026.08.27-14.58.45.160.jpk-force-map,2026-08-27T14:58:45.160000,7,2,0.1,linear_drift_corrected,245.0,2.7012032518168434,-0.3325960059983778,5.470432550554044,64
27-08-26/0/map2-0.1-data-2026.08.27-14.58.45.160.jpk-force-map,2026-08-27T14:58:45.160000,7,2,0.1,linear_drift_corrected,250.0,2.560352765613635,1.2858506056754528,4.745157574743641,64
27-08-26/0/map2-0.1-data-2026.08.27-14.58.45.160.jpk-force-map,2026-08-27T14:58:45.160000,7,2,0.1,linear_drift_corrected,255.0,1.6731129344421267,-0.09729517932907429,4.5892087869442815,64
27-08-26/0/map2-0.1-data-2026.08.27-14.58.45.160.jpk-force-map,2026-08-27T14:58:45.160000,7,2,0.1,linear_drift_corrected,260.0,1.0211636361211593,-0.7997798287128954,3.0183164193273466,64
27-08-26/0/map2-0.1-data-2026.08.27-14.58.45.160.jpk-force-map,2026-08-27T14:58:45.160000,7,2,0.1,linear_drift_corrected,265.0,0.46881541306071006,-1.0930189803845751,2.598315656134922,64
27-08-26/0/map2-0.1-data-2026.08.27-14.58.45.160.jpk-force-map,2026-08-27T14:58:45.160000,7,2,0.1,linear_drift_corrected,270.0,0.17618260222126159,-1.5763356891585356,1.766533155665548,64
27-08-26/0/map2-0.1-data-2026.08.27-14.58.45.160.jpk-force-map,2026-08-27T14:58:45.160000,7,2,0.1,linear_drift_corrected,275.0,0.041946513014823925,-1.2350945980197834,1.5101977202264028,64
27-08-26/0/map2-0.1-data-2026.08.27-14.58.45.160.jpk-force-map,2026-08-27T14:58:45.160000,7,2,0.1,linear_drift_corrected,280.0,-0.14650381784834235,-1.7572584153888902,1.1774692490215557,64
27-08-26/0/map2-0.1-data-2026.08.27-14.58.45.160.jpk-force-map,2026-08-27T14:58:45.160000,7,2,0.1,linear_drift_corrected,285.0,-1.228075121575132,-2.3841795306464095,0.42644247510836764,64
27-08-26/0/map2-0.1-data-2026.08.27-14.58.45.160.jpk-force-map,2026-08-27T14:58:45.160000,7,2,0.1,linear_drift_corrected,290.0,-0.12974452480607954,-1.5265264943641865,1.2191081412344666,64
27-08-26/0/map2-0.1-data-2026.08.27-14.58.45.160.jpk-force-map,2026-08-27T14:58:45.160000,7,2,0.1,linear_drift_corrected,295.0,-0.6080935545655284,-1.6552561721098973,1.187041642342727,64
27-08-26/0/map2-0.1-data-2026.08.27-14.58.45.160.jpk-force-map,2026-08-27T14:58:45.160000,7,2,0.1,linear_drift_corrected,300.0,0.3168566654706332,-1.294169714969373,2.4262552876417365,64
27-08-26/0/map2-0.1-data-2026.08.27-14.58.45.160.jpk-force-map,2026-08-27T14:58:45.160000,7,2,0.1,linear_drift_corrected,305.0,-0.0647295590918457,-1.8696253189677126,1.2276053027026181,64
27-08-26/0/map2-0.1-data-2026.08.27-14.58.45.160.jpk-force-map,2026-08-27T14:58:45.160000,7,2,0.1,linear_drift_corrected,310.0,-0.28962577185189775,-1.6918034093401368,1.1551528524632315,64
27-08-26/0/map2-0.1-data-2026.08.27-14.58.45.160.jpk-force-map,2026-08-27T14:58:45.160000,7,2,0.1,linear_drift_corrected,315.0,-0.09456642168956769,-2.100304474728454,0.777638638981975,64
27-08-26/0/map2-0.1-data-2026.08.27-14.58.45.160.jpk-force-map,2026-08-27T14:58:45.160000,7,2,0.1,linear_drift_corrected,320.0,-0.04498031464034548,-2.290645419181339,1.1165334628969659,64
27-08-26/0/map2-0.1-data-2026.08.27-14.58.45.160.jpk-force-map,2026-08-27T14:58:45.160000,7,2,0.1,linear_drift_corrected,325.0,-0.5908741453148822,-1.952099036190139,0.932109404617905,64
27-08-26/0/map2-0.1-data-2026.08.27-14.58.45.160.jpk-force-map,2026-08-27T14:58:45.160000,7,2,0.1,linear_drift_corrected,330.0,-0.06471276001219894,-1.893565080876277,1.0781217101238865,64
27-08-26/0/map2-0.1-data-2026.08.27-14.58.45.160.jpk-force-map,2026-08-27T14:58:45.160000,7,2,0.1,linear_drift_corrected,335.0,-0.3214204035541668,-1.7217071327956672,1.2932944454778397,64
27-08-26/0/map2-0.1-data-2026.08.27-14.58.45.160.jpk-force-map,2026-08-27T14:58:45.160000,7,2,0.1,linear_drift_corrected,340.0,-0.24520643743090473,-2.078156340627432,1.9906053741922523,63
27-08-26/0/map2-0.1-data-2026.08.27-14.58.45.160.jpk-force-map,2026-08-27T14:58:45.160000,7,2,0.1,linear_drift_corrected,345.0,0.17910121114161776,-1.185450254201378,1.6485616137636057,63
27-08-26/0/map2-0.1-data-2026.08.27-14.58.45.160.jpk-force-map,2026-08-27T14:58:45.160000,7,2,0.1,linear_drift_corrected,350.0,0.42954194791686545,-0.9495700628515578,1.4346816751866678,62
27-08-26/0/map2-0.1-data-2026.08.27-14.58.45.160.jpk-force-map,2026-08-27T14:58:45.160000,7,2,0.1,linear_drift_corrected,355.0,0.3352253804886924,-0.854453240669236,2.076894754271666,61
27-08-26/0/map2-0.1-data-2026.08.27-14.58.45.160.jpk-force-map,2026-08-27T14:58:45.160000,7,2,0.1,linear_drift_corrected,360.0,2.941900627194534,0.13315918924359565,4.387166566947647,55
27-08-26/0/map2-0.1-data-2026.08.27-14.58.45.160.jpk-force-map,2026-08-27T14:58:45.160000,7,2,0.1,linear_drift_corrected,365.0,4.419064713387417,4.419064713387417,4.419064713387417,1
27-08-26/0/map2-0.1-data-2026.08.27-14.58.45.160.jpk-force-map,2026-08-27T14:58:45.160000,7,2,0.1,far_constant_referenced,5.0,5781.701005371703,5579.329320270141,5962.195749233746,64
27-08-26/0/map2-0.1-data-2026.08.27-14.58.45.160.jpk-force-map,2026-08-27T14:58:45.160000,7,2,0.1,far_constant_referenced,10.0,4179.179181918912,4051.2826375762334,4313.581505933902,64
27-08-26/0/map2-0.1-data-2026.08.27-14.58.45.160.jpk-force-map,2026-08-27T14:58:45.160000,7,2,0.1,far_constant_referenced,15.0,3136.7796926103692,3042.8674695147533,3217.9600669859724,64
27-08-26/0/map2-0.1-data-2026.08.27-14.58.45.160.jpk-force-map,2026-08-27T14:58:45.160000,7,2,0.1,far_constant_referenced,20.0,2409.188272613701,2341.9815162749373,2458.707178790848,64
27-08-26/0/map2-0.1-data-2026.08.27-14.58.45.160.jpk-force-map,2026-08-27T14:58:45.160000,7,2,0.1,far_constant_referenced,25.0,1886.6508889083593,1841.6046802737617,1923.4593675468986,64
27-08-26/0/map2-0.1-data-2026.08.27-14.58.45.160.jpk-force-map,2026-08-27T14:58:45.160000,7,2,0.1,far_constant_referenced,30.0,1500.5133974401467,1465.2649473675258,1528.4957317068122,64
27-08-26/0/map2-0.1-data-2026.08.27-14.58.45.160.jpk-force-map,2026-08-27T14:58:45.160000,7,2,0.1,far_constant_referenced,35.0,1206.261157942962,1180.6084766286217,1225.9772501282014,64
27-08-26/0/map2-0.1-data-2026.08.27-14.58.45.160.jpk-force-map,2026-08-27T14:58:45.160000,7,2,0.1,far_constant_referenced,40.0,976.6901727275966,956.3564770601915,992.7806215773613,64
27-08-26/0/map2-0.1-data-2026.08.27-14.58.45.160.jpk-force-map,2026-08-27T14:58:45.160000,7,2,0.1,far_constant_referenced,45.0,791.1343050696266,773.4092425091524,807.3251786983078,64
27-08-26/0/map2-0.1-data-2026.08.27-14.58.45.160.jpk-force-map,2026-08-27T14:58:45.160000,7,2,0.1,far_constant_referenced,50.0,646.7707931910028,633.2270003344624,660.3479501166119,64
27-08-26/0/map2-0.1-data-2026.08.27-14.58.45.160.jpk-force-map,2026-08-27T14:58:45.160000,7,2,0.1,far_constant_referenced,55.0,531.0444255212878,519.593298579659,543.2325788829436,64
27-08-26/0/map2-0.1-data-2026.08.27-14.58.45.160.jpk-force-map,2026-08-27T14:58:45.160000,7,2,0.1,far_constant_referenced,60.0,438.8376360943111,426.5546107135428,446.838925420765,64
27-08-26/0/map2-0.1-data-2026.08.27-14.58.45.160.jpk-force-map,2026-08-27T14:58:45.160000,7,2,0.1,far_constant_referenced,65.0,359.6112868019338,350.8931035214804,371.1241889387305,64
27-08-26/0/map2-0.1-data-2026.08.27-14.58.45.160.jpk-force-map,2026-08-27T14:58:45.160000,7,2,0.1,far_constant_referenced,70.0,298.3826851172649,292.47263045961245,305.2577559798412,64
27-08-26/0/map2-0.1-data-2026.08.27-14.58.45.160.jpk-force-map,2026-08-27T14:58:45.160000,7,2,0.1,far_constant_referenced,75.0,247.60229881068108,241.24998910506082,256.3797926923785,64
27-08-26/0/map2-0.1-data-2026.08.27-14.58.45.160.jpk-force-map,2026-08-27T14:58:45.160000,7,2,0.1,far_constant_referenced,80.0,207.54786089287467,201.69178975032276,211.90766815615623,64
27-08-26/0/map2-0.1-data-2026.08.27-14.58.45.160.jpk-force-map,2026-08-27T14:58:45.160000,7,2,0.1,far_constant_referenced,85.0,172.89461322222624,168.46883798471606,179.12404955849203,64
27-08-26/0/map2-0.1-data-2026.08.27-14.58.45.160.jpk-force-map,2026-08-27T14:58:45.160000,7,2,0.1,far_constant_referenced,90.0,146.1290400675378,141.046524784109,149.8707687462105,64
27-08-26/0/map2-0.1-data-2026.08.27-14.58.45.160.jpk-force-map,2026-08-27T14:58:45.160000,7,2,0.1,far_constant_referenced,95.0,123.49973253785802,117.48168115610166,127.61970214906725,64
27-08-26/0/map2-0.1-data-2026.08.27-14.58.45.160.jpk-force-map,2026-08-27T14:58:45.160000,7,2,0.1,far_constant_referenced,100.0,104.45844616893741,99.50873389592442,108.46480096965273,64
27-08-26/0/map2-0.1-data-2026.08.27-14.58.45.160.jpk-force-map,2026-08-27T14:58:45.160000,7,2,0.1,far_constant_referenced,105.0,89.18463903110708,84.99020898949831,93.0416394400441,64
27-08-26/0/map2-0.1-data-2026.08.27-14.58.45.160.jpk-force-map,2026-08-27T14:58:45.160000,7,2,0.1,far_constant_referenced,110.0,77.8587669098288,71.92099596340022,80.99652160767296,64
27-08-26/0/map2-0.1-data-2026.08.27-14.58.45.160.jpk-force-map,2026-08-27T14:58:45.160000,7,2,0.1,far_constant_referenced,115.0,66.51981759380334,61.96197575466424,69.24938208885217,64
27-08-26/0/map2-0.1-data-2026.08.27-14.58.45.160.jpk-force-map,2026-08-27T14:58:45.160000,7,2,0.1,far_constant_referenced,120.0,57.457202858422676,54.114168272463274,60.608794914922996,64
27-08-26/0/map2-0.1-data-2026.08.27-14.58.45.160.jpk-force-map,2026-08-27T14:58:45.160000,7,2,0.1,far_constant_referenced,125.0,50.11293863935323,46.73630837188401,53.75537684619233,64
27-08-26/0/map2-0.1-data-2026.08.27-14.58.45.160.jpk-force-map,2026-08-27T14:58:45.160000,7,2,0.1,far_constant_referenced,130.0,44.7813152674305,41.06758793899979,47.65558408909552,64
27-08-26/0/map2-0.1-data-2026.08.27-14.58.45.160.jpk-force-map,2026-08-27T14:58:45.160000,7,2,0.1,far_constant_referenced,135.0,40.44949747682976,36.522164089967944,42.73798874123811,64
27-08-26/0/map2-0.1-data-2026.08.27-14.58.45.160.jpk-force-map,2026-08-27T14:58:45.160000,7,2,0.1,far_constant_referenced,140.0,35.857858037642515,31.585119235844928,38.94448577382538,64
27-08-26/0/map2-0.1-data-2026.08.27-14.58.45.160.jpk-force-map,2026-08-27T14:58:45.160000,7,2,0.1,far_constant_referenced,145.0,31.932727938360713,28.8519320846672,35.13101662624011,64
27-08-26/0/map2-0.1-data-2026.08.27-14.58.45.160.jpk-force-map,2026-08-27T14:58:45.160000,7,2,0.1,far_constant_referenced,150.0,28.974775760118952,26.417453717046236,32.037820598780975,64
27-08-26/0/map2-0.1-data-2026.08.27-14.58.45.160.jpk-force-map,2026-08-27T14:58:45.160000,7,2,0.1,far_constant_referenced,155.0,26.078610654606198,23.3561370635211,30.100275631551376,64
27-08-26/0/map2-0.1-data-2026.08.27-14.58.45.160.jpk-force-map,2026-08-27T14:58:45.160000,7,2,0.1,far_constant_referenced,160.0,24.945538837986376,21.77011445518258,27.817865678415103,64
27-08-26/0/map2-0.1-data-2026.08.27-14.58.45.160.jpk-force-map,2026-08-27T14:58:45.160000,7,2,0.1,far_constant_referenced,165.0,21.397461915133334,18.119171914611435,25.5928243452867,64
27-08-26/0/map2-0.1-data-2026.08.27-14.58.45.160.jpk-force-map,2026-08-27T14:58:45.160000,7,2,0.1,far_constant_referenced,170.0,20.57673432218799,16.92016775644629,24.971105288207276,64
27-08-26/0/map2-0.1-data-2026.08.27-14.58.45.160.jpk-force-map,2026-08-27T14:58:45.160000,7,2,0.1,far_constant_referenced,175.0,19.367289787835112,15.617276510310315,22.302116354657507,64
27-08-26/0/map2-0.1-data-2026.08.27-14.58.45.160.jpk-force-map,2026-08-27T14:58:45.160000,7,2,0.1,far_constant_referenced,180.0,17.81824202713312,15.454565801099518,20.677420407448245,64
27-08-26/0/map2-0.1-data-2026.08.27-14.58.45.160.jpk-force-map,2026-08-27T14:58:45.160000,7,2,0.1,far_constant_referenced,185.0,16.111092050918703,13.372548119694741,19.504000515845675,64
27-08-26/0/map2-0.1-data-2026.08.27-14.58.45.160.jpk-force-map,2026-08-27T14:58:45.160000,7,2,0.1,far_constant_referenced,190.0,14.950309884303358,12.396901497605914,18.37211051655308,64
27-08-26/0/map2-0.1-data-2026.08.27-14.58.45.160.jpk-force-map,2026-08-27T14:58:45.160000,7,2,0.1,far_constant_referenced,195.0,15.380859595828484,10.8437144068682,18.33028962399662,64
27-08-26/0/map2-0.1-data-2026.08.27-14.58.45.160.jpk-force-map,2026-08-27T14:58:45.160000,7,2,0.1,far_constant_referenced,200.0,13.493717059034422,10.183494235553672,16.249257780161344,64
27-08-26/0/map2-0.1-data-2026.08.27-14.58.45.160.jpk-force-map,2026-08-27T14:58:45.160000,7,2,0.1,far_constant_referenced,205.0,11.618713389662314,9.609196341079112,14.651102243181414,64
27-08-26/0/map2-0.1-data-2026.08.27-14.58.45.160.jpk-force-map,2026-08-27T14:58:45.160000,7,2,0.1,far_constant_referenced,210.0,11.423137468947996,9.04436486278393,13.989415193073715,64
27-08-26/0/map2-0.1-data-2026.08.27-14.58.45.160.jpk-force-map,2026-08-27T14:58:45.160000,7,2,0.1,far_constant_referenced,215.0,10.713821398916576,7.722540784289282,14.106456679938681,64
27-08-26/0/map2-0.1-data-2026.08.27-14.58.45.160.jpk-force-map,2026-08-27T14:58:45.160000,7,2,0.1,far_constant_referenced,220.0,9.912537373456312,6.608205820270371,12.691963869911623,64
27-08-26/0/map2-0.1-data-2026.08.27-14.58.45.160.jpk-force-map,2026-08-27T14:58:45.160000,7,2,0.1,far_constant_referenced,225.0,9.187626065729145,5.063042022040991,13.117649720175178,64
27-08-26/0/map2-0.1-data-2026.08.27-14.58.45.160.jpk-force-map,2026-08-27T14:58:45.160000,7,2,0.1,far_constant_referenced,230.0,8.139716362040305,5.1705814600433815,11.81064883790615,64
27-08-26/0/map2-0.1-data-2026.08.27-14.58.45.160.jpk-force-map,2026-08-27T14:58:45.160000,7,2,0.1,far_constant_referenced,235.0,7.167680518519275,4.880388887779817,10.019809566334459,64
27-08-26/0/map2-0.1-data-2026.08.27-14.58.45.160.jpk-force-map,2026-08-27T14:58:45.160000,7,2,0.1,far_constant_referenced,240.0,7.528164497243861,4.146005225092755,9.69554621011794,64
27-08-26/0/map2-0.1-data-2026.08.27-14.58.45.160.jpk-force-map,2026-08-27T14:58:45.160000,7,2,0.1,far_constant_referenced,245.0,6.157672112231101,3.8185586825072795,8.37496927553649,64
27-08-26/0/map2-0.1-data-2026.08.27-14.58.45.160.jpk-force-map,2026-08-27T14:58:45.160000,7,2,0.1,far_constant_referenced,250.0,6.037530581924697,3.998337446987531,8.844423938373389,64
27-08-26/0/map2-0.1-data-2026.08.27-14.58.45.160.jpk-force-map,2026-08-27T14:58:45.160000,7,2,0.1,far_constant_referenced,255.0,5.514062710084485,2.495297419122129,7.718419270595119,64
27-08-26/0/map2-0.1-data-2026.08.27-14.58.45.160.jpk-force-map,2026-08-27T14:58:45.160000,7,2,0.1,far_constant_referenced,260.0,3.826356301355152,2.1878170567092052,6.081323149620172,64
27-08-26/0/map2-0.1-data-2026.08.27-14.58.45.160.jpk-force-map,2026-08-27T14:58:45.160000,7,2,0.1,far_constant_referenced,265.0,3.244011359250096,0.4570782441933857,6.429662322142261,64
27-08-26/0/map2-0.1-data-2026.08.27-14.58.45.160.jpk-force-map,2026-08-27T14:58:45.160000,7,2,0.1,far_constant_referenced,270.0,2.651938694621972,-0.15349372181409482,4.604300919296675,64
27-08-26/0/map2-0.1-data-2026.08.27-14.58.45.160.jpk-force-map,2026-08-27T14:58:45.160000,7,2,0.1,far_constant_referenced,275.0,2.343490310981142,0.21285777208314413,4.59502454409455,64
27-08-26/0/map2-0.1-data-2026.08.27-14.58.45.160.jpk-force-map,2026-08-27T14:58:45.160000,7,2,0.1,far_constant_referenced,280.0,1.881797634308863,-0.1877901794275051,3.5729010255065763,64
27-08-26/0/map2-0.1-data-2026.08.27-14.58.45.160.jpk-force-map,2026-08-27T14:58:45.160000,7,2,0.1,far_constant_referenced,285.0,0.5580196970168029,-1.337395561068258,2.735129132413972,64
27-08-26/0/map2-0.1-data-2026.08.27-14.58.45.160.jpk-force-map,2026-08-27T14:58:45.160000,7,2,0.1,far_constant_referenced,290.0,0.8737490255986057,-0.793973386616595,2.753384943791232,64
27-08-26/0/map2-0.1-data-2026.08.27-14.58.45.160.jpk-force-map,2026-08-27T14:58:45.160000,7,2,0.1,far_constant_referenced,295.0,0.5127780668698028,-1.3721968150274992,2.369525924864646,64
27-08-26/0/map2-0.1-data-2026.08.27-14.58.45.160.jpk-force-map,2026-08-27T14:58:45.160000,7,2,0.1,far_constant_referenced,300.0,1.042101576321586,-0.7399661163938431,3.2680990531167806,64
27-08-26/0/map2-0.1-data-2026.08.27-14.58.45.160.jpk-force-map,2026-08-27T14:58:45.160000,7,2,0.1,far_constant_referenced,305.0,0.27244749601267176,-1.0547452400893584,1.3505440211818778,64
27-08-26/0/map2-0.1-data-2026.08.27-14.58.45.160.jpk-force-map,2026-08-27T14:58:45.160000,7,2,0.1,far_constant_referenced,310.0,-0.37265847882979536,-1.4639034641126027,1.571923943338652,64
27-08-26/0/map2-0.1-data-2026.08.27-14.58.45.160.jpk-force-map,2026-08-27T14:58:45.160000,7,2,0.1,far_constant_referenced,315.0,-0.704458147550435,-2.501111485269929,0.6521493685618567,64
27-08-26/0/map2-0.1-data-2026.08.27-14.58.45.160.jpk-force-map,2026-08-27T14:58:45.160000,7,2,0.1,far_constant_referenced,320.0,-0.8888454057290673,-2.906611420481063,0.7969190217640003,64
27-08-26/0/map2-0.1-data-2026.08.27-14.58.45.160.jpk-force-map,2026-08-27T14:58:45.160000,7,2,0.1,far_constant_referenced,325.0,-1.4118262975650406,-3.099544583855459,0.046708508940178695,64
27-08-26/0/map2-0.1-data-2026.08.27-14.58.45.160.jpk-force-map,2026-08-27T14:58:45.160000,7,2,0.1,far_constant_referenced,330.0,-1.5568275632082134,-2.7434137312660325,-0.12235669544749306,64
27-08-26/0/map2-0.1-data-2026.08.27-14.58.45.160.jpk-force-map,2026-08-27T14:58:45.160000,7,2,0.1,far_constant_referenced,335.0,-2.142082507777406,-3.9455654431169047,1.3724521825906804,64
27-08-26/0/map2-0.1-data-2026.08.27-14.58.45.160.jpk-force-map,2026-08-27T14:58:45.160000,7,2,0.1,far_constant_referenced,340.0,-1.9187724819454228,-4.393640496012992,0.44614494922087167,63
27-08-26/0/map2-0.1-data-2026.08.27-14.58.45.160.jpk-force-map,2026-08-27T14:58:45.160000,7,2,0.1,far_constant_referenced,345.0,-1.1383929639828743,-4.509886186285737,0.5001403418825681,63
27-08-26/0/map2-0.1-data-2026.08.27-14.58.45.160.jpk-force-map,2026-08-27T14:58:45.160000,7,2,0.1,far_constant_referenced,350.0,-2.0428454849687245,-4.420881682345925,0.3505602764437178,62
27-08-26/0/map2-0.1-data-2026.08.27-14.58.45.160.jpk-force-map,2026-08-27T14:58:45.160000,7,2,0.1,far_constant_referenced,355.0,-1.7027671561765247,-4.6821345770423735,-0.04280673012597662,61
27-08-26/0/map2-0.1-data-2026.08.27-14.58.45.160.jpk-force-map,2026-08-27T14:58:45.160000,7,2,0.1,far_constant_referenced,360.0,-0.8387458531010276,-2.9224263930567416,1.9270630195780416,55
27-08-26/0/map2-0.1-data-2026.08.27-14.58.45.160.jpk-force-map,2026-08-27T14:58:45.160000,7,2,0.1,far_constant_referenced,365.0,-0.08463950024354092,-0.08463950024354092,-0.08463950024354092,1
27-08-26/0/map2-0.05-data-2026.08.27-15.05.27.190.jpk-force-map,2026-08-27T15:05:27.190000,8,2,0.05,linear_drift_corrected,5.0,5973.110898707815,5713.47880728685,6217.0254138328555,64
27-08-26/0/map2-0.05-data-2026.08.27-15.05.27.190.jpk-force-map,2026-08-27T15:05:27.190000,8,2,0.05,linear_drift_corrected,10.0,4346.71846224888,4177.237697970542,4471.822893296726,64
27-08-26/0/map2-0.05-data-2026.08.27-15.05.27.190.jpk-force-map,2026-08-27T15:05:27.190000,8,2,0.05,linear_drift_corrected,15.0,3249.790507336459,3131.115660647358,3338.1776922891695,64
27-08-26/0/map2-0.05-data-2026.08.27-15.05.27.190.jpk-force-map,2026-08-27T15:05:27.190000,8,2,0.05,linear_drift_corrected,20.0,2494.912620395899,2409.567871951761,2563.012559209952,64
27-08-26/0/map2-0.05-data-2026.08.27-15.05.27.190.jpk-force-map,2026-08-27T15:05:27.190000,8,2,0.05,linear_drift_corrected,25.0,1943.6611697156266,1878.376220111259,2001.1323818959652,64
27-08-26/0/map2-0.05-data-2026.08.27-15.05.27.190.jpk-force-map,2026-08-27T15:05:27.190000,8,2,0.05,linear_drift_corrected,30.0,1534.93585891587,1481.5963425739355,1580.7029710959216,64
27-08-26/0/map2-0.05-data-2026.08.27-15.05.27.190.jpk-force-map,2026-08-27T15:05:27.190000,8,2,0.05,linear_drift_corrected,35.0,1226.6861917268625,1183.179122025363,1253.6253913258304,64
27-08-26/0/map2-0.05-data-2026.08.27-15.05.27.190.jpk-force-map,2026-08-27T15:05:27.190000,8,2,0.05,linear_drift_corrected,40.0,982.7252563919797,942.8660967861854,1007.3845576341051,64
27-08-26/0/map2-0.05-data-2026.08.27-15.05.27.190.jpk-force-map,2026-08-27T15:05:27.190000,8,2,0.05,linear_drift_corrected,45.0,793.7373638204913,763.7709230410356,814.4685596805175,64
27-08-26/0/map2-0.05-data-2026.08.27-15.05.27.190.jpk-force-map,2026-08-27T15:05:27.190000,8,2,0.05,linear_drift_corrected,50.0,641.07011068464,613.8035712859448,660.7236968244629,64
27-08-26/0/map2-0.05-data-2026.08.27-15.05.27.190.jpk-force-map,2026-08-27T15:05:27.190000,8,2,0.05,linear_drift_corrected,55.0,522.4724869345088,494.36670932420265,536.3488741790013,64
27-08-26/0/map2-0.05-data-2026.08.27-15.05.27.190.jpk-force-map,2026-08-27T15:05:27.190000,8,2,0.05,linear_drift_corrected,60.0,420.9307661834868,401.31026441589756,439.5712466043925,64
27-08-26/0/map2-0.05-data-2026.08.27-15.05.27.190.jpk-force-map,2026-08-27T15:05:27.190000,8,2,0.05,linear_drift_corrected,65.0,344.9415191323343,322.38749125179277,358.6902672427281,64
27-08-26/0/map2-0.05-data-2026.08.27-15.05.27.190.jpk-force-map,2026-08-27T15:05:27.190000,8,2,0.05,linear_drift_corrected,70.0,279.9923954005833,257.1406733415977,293.9272500416388,64
27-08-26/0/map2-0.05-data-2026.08.27-15.05.27.190.jpk-force-map,2026-08-27T15:05:27.190000,8,2,0.05,linear_drift_corrected,75.0,227.14267679733604,211.01297413747153,240.01779508407864,64
27-08-26/0/map2-0.05-data-2026.08.27-15.05.27.190.jpk-force-map,2026-08-27T15:05:27.190000,8,2,0.05,linear_drift_corrected,80.0,186.63369387841055,168.39920654298655,195.14889199613174,64
27-08-26/0/map2-0.05-data-2026.08.27-15.05.27.190.jpk-force-map,2026-08-27T15:05:27.190000,8,2,0.05,linear_drift_corrected,85.0,151.71052166206667,135.85782875128928,160.9663061392614,64
27-08-26/0/map2-0.05-data-2026.08.27-15.05.27.190.jpk-force-map,2026-08-27T15:05:27.190000,8,2,0.05,linear_drift_corrected,90.0,122.62776467999318,109.66888368010636,133.2622686440052,64
27-08-26/0/map2-0.05-data-2026.08.27-15.05.27.190.jpk-force-map,2026-08-27T15:05:27.190000,8,2,0.05,linear_drift_corrected,95.0,101.7618923312456,86.12005600203076,110.77984884658485,64
27-08-26/0/map2-0.05-data-2026.08.27-15.05.27.190.jpk-force-map,2026-08-27T15:05:27.190000,8,2,0.05,linear_drift_corrected,100.0,82.6296981828248,71.31319590951763,92.56486460376223,64
27-08-26/0/map2-0.05-data-2026.08.27-15.05.27.190.jpk-force-map,2026-08-27T15:05:27.190000,8,2,0.05,linear_drift_corrected,105.0,66.30784177531007,57.40266580923137,78.16595569462237,64
27-08-26/0/map2-0.05-data-2026.08.27-15.05.27.190.jpk-force-map,2026-08-27T15:05:27.190000,8,2,0.05,linear_drift_corrected,110.0,55.02051540952408,44.25963431375958,65.61569419186398,64
27-08-26/0/map2-0.05-data-2026.08.27-15.05.27.190.jpk-force-map,2026-08-27T15:05:27.190000,8,2,0.05,linear_drift_corrected,115.0,43.97032119912747,35.82789788563585,56.055702524178976,64
27-08-26/0/map2-0.05-data-2026.08.27-15.05.27.190.jpk-force-map,2026-08-27T15:05:27.190000,8,2,0.05,linear_drift_corrected,120.0,38.348833345470794,29.11174822323556,46.647924477236614,64
27-08-26/0/map2-0.05-data-2026.08.27-15.05.27.190.jpk-force-map,2026-08-27T15:05:27.190000,8,2,0.05,linear_drift_corrected,125.0,32.6520655702046,22.785760290053364,40.61610120574498,64
27-08-26/0/map2-0.05-data-2026.08.27-15.05.27.190.jpk-force-map,2026-08-27T15:05:27.190000,8,2,0.05,linear_drift_corrected,130.0,26.873050587469535,18.870000849854783,33.402532467186056,64
27-08-26/0/map2-0.05-data-2026.08.27-15.05.27.190.jpk-force-map,2026-08-27T15:05:27.190000,8,2,0.05,linear_drift_corrected,135.0,22.885872218234816,15.495053643724177,30.020752326584343,64
27-08-26/0/map2-0.05-data-2026.08.27-15.05.27.190.jpk-force-map,2026-08-27T15:05:27.190000,8,2,0.05,linear_drift_corrected,140.0,18.03603989305051,11.376914921909675,26.414389343421625,64
27-08-26/0/map2-0.05-data-2026.08.27-15.05.27.190.jpk-force-map,2026-08-27T15:05:27.190000,8,2,0.05,linear_drift_corrected,145.0,16.44122069976669,9.282551456831314,24.156121790154746,64
27-08-26/0/map2-0.05-data-2026.08.27-15.05.27.190.jpk-force-map,2026-08-27T15:05:27.190000,8,2,0.05,linear_drift_corrected,150.0,12.96756919830314,7.5183228148881245,21.43712013709136,64
27-08-26/0/map2-0.05-data-2026.08.27-15.05.27.190.jpk-force-map,2026-08-27T15:05:27.190000,8,2,0.05,linear_drift_corrected,155.0,12.5829764998073,5.339322505596866,18.520503594942006,64
27-08-26/0/map2-0.05-data-2026.08.27-15.05.27.190.jpk-force-map,2026-08-27T15:05:27.190000,8,2,0.05,linear_drift_corrected,160.0,10.791960303709228,4.987537799012818,17.554924533676648,64
27-08-26/0/map2-0.05-data-2026.08.27-15.05.27.190.jpk-force-map,2026-08-27T15:05:27.190000,8,2,0.05,linear_drift_corrected,165.0,9.682380391885118,3.0923375856961584,15.327588021974691,64
27-08-26/0/map2-0.05-data-2026.08.27-15.05.27.190.jpk-force-map,2026-08-27T15:05:27.190000,8,2,0.05,linear_drift_corrected,170.0,7.908084465510986,2.7361335171846095,13.692108357148067,64
27-08-26/0/map2-0.05-data-2026.08.27-15.05.27.190.jpk-force-map,2026-08-27T15:05:27.190000,8,2,0.05,linear_drift_corrected,175.0,6.986474344844402,0.6848784621381905,12.424370264993572,64
27-08-26/0/map2-0.05-data-2026.08.27-15.05.27.190.jpk-force-map,2026-08-27T15:05:27.190000,8,2,0.05,linear_drift_corrected,180.0,5.970655625422922,0.11549819894983979,11.641340226481653,64
27-08-26/0/map2-0.05-data-2026.08.27-15.05.27.190.jpk-force-map,2026-08-27T15:05:27.190000,8,2,0.05,linear_drift_corrected,185.0,4.179745424409063,0.24773755582504825,9.332716537806315,64
27-08-26/0/map2-0.05-data-2026.08.27-15.05.27.190.jpk-force-map,2026-08-27T15:05:27.190000,8,2,0.05,linear_drift_corrected,190.0,4.566306363064733,-0.03734423979458182,8.96382167953265,64
27-08-26/0/map2-0.05-data-2026.08.27-15.05.27.190.jpk-force-map,2026-08-27T15:05:27.190000,8,2,0.05,linear_drift_corrected,195.0,4.666835481644249,-0.7818451568267525,10.255571640391212,64
27-08-26/0/map2-0.05-data-2026.08.27-15.05.27.190.jpk-force-map,2026-08-27T15:05:27.190000,8,2,0.05,linear_drift_corrected,200.0,3.6530417433051285,-0.8442095965700936,10.510262267758812,64
27-08-26/0/map2-0.05-data-2026.08.27-15.05.27.190.jpk-force-map,2026-08-27T15:05:27.190000,8,2,0.05,linear_drift_corrected,205.0,4.397818365203557,-2.1551040411995475,8.647709792253488,64
27-08-26/0/map2-0.05-data-2026.08.27-15.05.27.190.jpk-force-map,2026-08-27T15:05:27.190000,8,2,0.05,linear_drift_corrected,210.0,3.3344844428618163,-1.0579630676024594,6.645181349288188,64
27-08-26/0/map2-0.05-data-2026.08.27-15.05.27.190.jpk-force-map,2026-08-27T15:05:27.190000,8,2,0.05,linear_drift_corrected,215.0,2.745624084043696,-1.5772217812941145,7.63809996119177,64
27-08-26/0/map2-0.05-data-2026.08.27-15.05.27.190.jpk-force-map,2026-08-27T15:05:27.190000,8,2,0.05,linear_drift_corrected,220.0,2.446003218889383,-1.578942471288159,6.592057004053933,64
27-08-26/0/map2-0.05-data-2026.08.27-15.05.27.190.jpk-force-map,2026-08-27T15:05:27.190000,8,2,0.05,linear_drift_corrected,225.0,2.1722185417841455,-1.0746608886194986,5.515872257963089,64
27-08-26/0/map2-0.05-data-2026.08.27-15.05.27.190.jpk-force-map,2026-08-27T15:05:27.190000,8,2,0.05,linear_drift_corrected,230.0,1.837624090913867,-0.8164725765412564,4.8393881031057955,64
27-08-26/0/map2-0.05-data-2026.08.27-15.05.27.190.jpk-force-map,2026-08-27T15:05:27.190000,8,2,0.05,linear_drift_corrected,235.0,0.8541261727454555,-2.0322273466950644,4.7550321977458125,64
27-08-26/0/map2-0.05-data-2026.08.27-15.05.27.190.jpk-force-map,2026-08-27T15:05:27.190000,8,2,0.05,linear_drift_corrected,240.0,1.6920625347765257,-1.8931963393154556,4.9061531418354685,64
27-08-26/0/map2-0.05-data-2026.08.27-15.05.27.190.jpk-force-map,2026-08-27T15:05:27.190000,8,2,0.05,linear_drift_corrected,245.0,0.31828552783023367,-2.202304898615779,4.232499997910895,64
27-08-26/0/map2-0.05-data-2026.08.27-15.05.27.190.jpk-force-map,2026-08-27T15:05:27.190000,8,2,0.05,linear_drift_corrected,250.0,1.398664968154042,-1.242754527946049,3.2598389052220456,64
27-08-26/0/map2-0.05-data-2026.08.27-15.05.27.190.jpk-force-map,2026-08-27T15:05:27.190000,8,2,0.05,linear_drift_corrected,255.0,1.501276034623255,-1.0381611680236005,3.0466383446202836,64
27-08-26/0/map2-0.05-data-2026.08.27-15.05.27.190.jpk-force-map,2026-08-27T15:05:27.190000,8,2,0.05,linear_drift_corrected,260.0,0.7978347147111168,-0.8586497954459593,3.5787193698288227,64
27-08-26/0/map2-0.05-data-2026.08.27-15.05.27.190.jpk-force-map,2026-08-27T15:05:27.190000,8,2,0.05,linear_drift_corrected,265.0,0.46137614834421026,-1.0502971248112296,3.5163744143957465,64
27-08-26/0/map2-0.05-data-2026.08.27-15.05.27.190.jpk-force-map,2026-08-27T15:05:27.190000,8,2,0.05,linear_drift_corrected,270.0,0.28094207086531764,-1.5133297491101798,1.266199789782941,64
27-08-26/0/map2-0.05-data-2026.08.27-15.05.27.190.jpk-force-map,2026-08-27T15:05:27.190000,8,2,0.05,linear_drift_corrected,275.0,0.23998305980966617,-1.9389679779164064,1.480231053271499,64
27-08-26/0/map2-0.05-data-2026.08.27-15.05.27.190.jpk-force-map,2026-08-27T15:05:27.190000,8,2,0.05,linear_drift_corrected,280.0,-0.07618994946320853,-1.420712154481383,1.6695554376158164,64
27-08-26/0/map2-0.05-data-2026.08.27-15.05.27.190.jpk-force-map,2026-08-27T15:05:27.190000,8,2,0.05,linear_drift_corrected,285.0,-0.29290740704306506,-2.786147494839525,1.940847071933764,64
27-08-26/0/map2-0.05-data-2026.08.27-15.05.27.190.jpk-force-map,2026-08-27T15:05:27.190000,8,2,0.05,linear_drift_corrected,290.0,-0.010322357837246717,-2.064131605461535,1.5486130756172278,64
27-08-26/0/map2-0.05-data-2026.08.27-15.05.27.190.jpk-force-map,2026-08-27T15:05:27.190000,8,2,0.05,linear_drift_corrected,295.0,-0.3058036887642779,-2.140288153725091,1.0314527287645192,64
27-08-26/0/map2-0.05-data-2026.08.27-15.05.27.190.jpk-force-map,2026-08-27T15:05:27.190000,8,2,0.05,linear_drift_corrected,300.0,-0.2996519840451599,-1.7484933552705657,1.3546872066925033,64
27-08-26/0/map2-0.05-data-2026.08.27-15.05.27.190.jpk-force-map,2026-08-27T15:05:27.190000,8,2,0.05,linear_drift_corrected,305.0,-0.5188714738153468,-2.9182934491286283,1.33654278384521,64
27-08-26/0/map2-0.05-data-2026.08.27-15.05.27.190.jpk-force-map,2026-08-27T15:05:27.190000,8,2,0.05,linear_drift_corrected,310.0,-0.6896625836977205,-2.928845766239644,1.7702717831237416,64
27-08-26/0/map2-0.05-data-2026.08.27-15.05.27.190.jpk-force-map,2026-08-27T15:05:27.190000,8,2,0.05,linear_drift_corrected,315.0,-0.447001284006829,-2.1652274167114265,1.312108283403128,64
27-08-26/0/map2-0.05-data-2026.08.27-15.05.27.190.jpk-force-map,2026-08-27T15:05:27.190000,8,2,0.05,linear_drift_corrected,320.0,0.17988008355664942,-2.0231666236218584,1.9892756969537182,64
27-08-26/0/map2-0.05-data-2026.08.27-15.05.27.190.jpk-force-map,2026-08-27T15:05:27.190000,8,2,0.05,linear_drift_corrected,325.0,-0.2530994528490734,-2.143606523550053,1.7806063321659042,64
27-08-26/0/map2-0.05-data-2026.08.27-15.05.27.190.jpk-force-map,2026-08-27T15:05:27.190000,8,2,0.05,linear_drift_corrected,330.0,-0.3514090532498466,-2.040826321331555,2.0545872388963273,64
27-08-26/0/map2-0.05-data-2026.08.27-15.05.27.190.jpk-force-map,2026-08-27T15:05:27.190000,8,2,0.05,linear_drift_corrected,335.0,0.16461737523791392,-1.5123106564926934,2.052017094892474,64
27-08-26/0/map2-0.05-data-2026.08.27-15.05.27.190.jpk-force-map,2026-08-27T15:05:27.190000,8,2,0.05,linear_drift_corrected,340.0,0.1332354450185138,-1.6832706103259794,1.8305391790785426,63
27-08-26/0/map2-0.05-data-2026.08.27-15.05.27.190.jpk-force-map,2026-08-27T15:05:27.190000,8,2,0.05,linear_drift_corrected,345.0,0.47582396106569835,-1.9654880899181242,1.6590641081050572,63
27-08-26/0/map2-0.05-data-2026.08.27-15.05.27.190.jpk-force-map,2026-08-27T15:05:27.190000,8,2,0.05,linear_drift_corrected,350.0,-0.31039496330994487,-1.5749665447855041,1.8994259873470867,63
27-08-26/0/map2-0.05-data-2026.08.27-15.05.27.190.jpk-force-map,2026-08-27T15:05:27.190000,8,2,0.05,linear_drift_corrected,355.0,0.2649021604796595,-1.6177473934289748,2.7483698890736843,62
27-08-26/0/map2-0.05-data-2026.08.27-15.05.27.190.jpk-force-map,2026-08-27T15:05:27.190000,8,2,0.05,linear_drift_corrected,360.0,0.5460282124274667,-1.8069233823509327,3.7098316149167454,58
27-08-26/0/map2-0.05-data-2026.08.27-15.05.27.190.jpk-force-map,2026-08-27T15:05:27.190000,8,2,0.05,linear_drift_corrected,365.0,8.104229721587489,8.104229721587489,8.104229721587489,1
27-08-26/0/map2-0.05-data-2026.08.27-15.05.27.190.jpk-force-map,2026-08-27T15:05:27.190000,8,2,0.05,far_constant_referenced,5.0,5990.5531768792625,5731.753230157924,6233.231044805686,64
27-08-26/0/map2-0.05-data-2026.08.27-15.05.27.190.jpk-force-map,2026-08-27T15:05:27.190000,8,2,0.05,far_constant_referenced,10.0,4358.099139345395,4187.918976421746,4484.930705929116,64
27-08-26/0/map2-0.05-data-2026.08.27-15.05.27.190.jpk-force-map,2026-08-27T15:05:27.190000,8,2,0.05,far_constant_referenced,15.0,3266.871115219818,3152.1746271160755,3351.7241265013017,64
27-08-26/0/map2-0.05-data-2026.08.27-15.05.27.190.jpk-force-map,2026-08-27T15:05:27.190000,8,2,0.05,far_constant_referenced,20.0,2514.016455381443,2430.6100241412396,2580.1928154803277,64
27-08-26/0/map2-0.05-data-2026.08.27-15.05.27.190.jpk-force-map,2026-08-27T15:05:27.190000,8,2,0.05,far_constant_referenced,25.0,1965.5863092196857,1905.1512058191906,2009.461028066356,64
27-08-26/0/map2-0.05-data-2026.08.27-15.05.27.190.jpk-force-map,2026-08-27T15:05:27.190000,8,2,0.05,far_constant_referenced,30.0,1553.1167399434578,1500.2638083104293,1593.5613616814649,64
27-08-26/0/map2-0.05-data-2026.08.27-15.05.27.190.jpk-force-map,2026-08-27T15:05:27.190000,8,2,0.05,far_constant_referenced,35.0,1245.5843538129866,1204.1781603627683,1274.4197345162913,64
27-08-26/0/map2-0.05-data-2026.08.27-15.05.27.190.jpk-force-map,2026-08-27T15:05:27.190000,8,2,0.05,far_constant_referenced,40.0,999.284952187222,971.5208384114665,1021.0915366936953,64
27-08-26/0/map2-0.05-data-2026.08.27-15.05.27.190.jpk-force-map,2026-08-27T15:05:27.190000,8,2,0.05,far_constant_referenced,45.0,811.9576769476045,789.6135021491689,829.0413155771704,64
27-08-26/0/map2-0.05-data-2026.08.27-15.05.27.190.jpk-force-map,2026-08-27T15:05:27.190000,8,2,0.05,far_constant_referenced,50.0,657.4374012846333,638.8210524796284,676.6278401267941,64
27-08-26/0/map2-0.05-data-2026.08.27-15.05.27.190.jpk-force-map,2026-08-27T15:05:27.190000,8,2,0.05,far_constant_referenced,55.0,535.8681049936997,520.9596397570749,549.668298761236,64
27-08-26/0/map2-0.05-data-2026.08.27-15.05.27.190.jpk-force-map,2026-08-27T15:05:27.190000,8,2,0.05,far_constant_referenced,60.0,439.71089813990557,424.6971442631027,451.14717219140607,64
27-08-26/0/map2-0.05-data-2026.08.27-15.05.27.190.jpk-force-map,2026-08-27T15:05:27.190000,8,2,0.05,far_constant_referenced,65.0,359.14764620524465,347.15964756409886,372.42045844456544,64
27-08-26/0/map2-0.05-data-2026.08.27-15.05.27.190.jpk-force-map,2026-08-27T15:05:27.190000,8,2,0.05,far_constant_referenced,70.0,295.71566192007367,281.86681766236086,306.9502906171489,64
27-08-26/0/map2-0.05-data-2026.08.27-15.05.27.190.jpk-force-map,2026-08-27T15:05:27.190000,8,2,0.05,far_constant_referenced,75.0,242.75231054048106,229.61936252163707,251.32770178165183,64
27-08-26/0/map2-0.05-data-2026.08.27-15.05.27.190.jpk-force-map,2026-08-27T15:05:27.190000,8,2,0.05,far_constant_referenced,80.0,198.53683040525686,188.1144012122727,209.24892361903653,64
27-08-26/0/map2-0.05-data-2026.08.27-15.05.27.190.jpk-force-map,2026-08-27T15:05:27.190000,8,2,0.05,far_constant_referenced,85.0,163.97599015979702,153.91676490702443,174.29377210090135,64
27-08-26/0/map2-0.05-data-2026.08.27-15.05.27.190.jpk-force-map,2026-08-27T15:05:27.190000,8,2,0.05,far_constant_referenced,90.0,135.77572640246802,127.18331461627216,146.57759616165765,64
27-08-26/0/map2-0.05-data-2026.08.27-15.05.27.190.jpk-force-map,2026-08-27T15:05:27.190000,8,2,0.05,far_constant_referenced,95.0,114.1865962842151,107.59201402650149,122.1236755154801,64
27-08-26/0/map2-0.05-data-2026.08.27-15.05.27.190.jpk-force-map,2026-08-27T15:05:27.190000,8,2,0.05,far_constant_referenced,100.0,96.01222934327313,87.64580597293238,102.3056501010674,64
27-08-26/0/map2-0.05-data-2026.08.27-15.05.27.190.jpk-force-map,2026-08-27T15:05:27.190000,8,2,0.05,far_constant_referenced,105.0,81.54114341579351,72.7232301937467,87.52492803383922,64
27-08-26/0/map2-0.05-data-2026.08.27-15.05.27.190.jpk-force-map,2026-08-27T15:05:27.190000,8,2,0.05,far_constant_referenced,110.0,68.48530452346948,62.10114513781795,74.95972149575456,64
27-08-26/0/map2-0.05-data-2026.08.27-15.05.27.190.jpk-force-map,2026-08-27T15:05:27.190000,8,2,0.05,far_constant_referenced,115.0,58.56545057238907,53.979684587154914,63.929422481908354,64
27-08-26/0/map2-0.05-data-2026.08.27-15.05.27.190.jpk-force-map,2026-08-27T15:05:27.190000,8,2,0.05,far_constant_referenced,120.0,51.77627229275002,45.89103579897047,56.53938214244329,64
27-08-26/0/map2-0.05-data-2026.08.27-15.05.27.190.jpk-force-map,2026-08-27T15:05:27.190000,8,2,0.05,far_constant_referenced,125.0,44.010687227113195,39.54626834463495,49.01950224405147,64
27-08-26/0/map2-0.05-data-2026.08.27-15.05.27.190.jpk-force-map,2026-08-27T15:05:27.190000,8,2,0.05,far_constant_referenced,130.0,39.24343804738413,34.942478160464674,42.647743032165636,64
27-08-26/0/map2-0.05-data-2026.08.27-15.05.27.190.jpk-force-map,2026-08-27T15:05:27.190000,8,2,0.05,far_constant_referenced,135.0,34.17258652893423,31.054067541256202,39.54821626465177,64
27-08-26/0/map2-0.05-data-2026.08.27-15.05.27.190.jpk-force-map,2026-08-27T15:05:27.190000,8,2,0.05,far_constant_referenced,140.0,30.613807923549707,25.516926729996754,35.98456785922514,64
27-08-26/0/map2-0.05-data-2026.08.27-15.05.27.190.jpk-force-map,2026-08-27T15:05:27.190000,8,2,0.05,far_constant_referenced,145.0,27.759463710593426,22.614917864433473,32.25721102945724,64
27-08-26/0/map2-0.05-data-2026.08.27-15.05.27.190.jpk-force-map,2026-08-27T15:05:27.190000,8,2,0.05,far_constant_referenced,150.0,25.075443723499127,19.236660371096573,30.77265248662951,64
27-08-26/0/map2-0.05-data-2026.08.27-15.05.27.190.jpk-force-map,2026-08-27T15:05:27.190000,8,2,0.05,far_constant_referenced,155.0,22.952804783206773,18.856685314642615,27.900082156198675,64
27-08-26/0/map2-0.05-data-2026.08.27-15.05.27.190.jpk-force-map,2026-08-27T15:05:27.190000,8,2,0.05,far_constant_referenced,160.0,22.16322015540856,16.87440351361181,24.856005782578613,64
27-08-26/0/map2-0.05-data-2026.08.27-15.05.27.190.jpk-force-map,2026-08-27T15:05:27.190000,8,2,0.05,far_constant_referenced,165.0,19.15174768694824,15.65448890916845,23.30624536821197,64
27-08-26/0/map2-0.05-data-2026.08.27-15.05.27.190.jpk-force-map,2026-08-27T15:05:27.190000,8,2,0.05,far_constant_referenced,170.0,17.73745085667892,13.817950721348224,20.920423429548002,64
27-08-26/0/map2-0.05-data-2026.08.27-15.05.27.190.jpk-force-map,2026-08-27T15:05:27.190000,8,2,0.05,far_constant_referenced,175.0,16.321764351763434,11.6848832824292,19.1770468920449,64
27-08-26/0/map2-0.05-data-2026.08.27-15.05.27.190.jpk-force-map,2026-08-27T15:05:27.190000,8,2,0.05,far_constant_referenced,180.0,15.14004204496722,10.174995840602191,18.5460395822023,64
27-08-26/0/map2-0.05-data-2026.08.27-15.05.27.190.jpk-force-map,2026-08-27T15:05:27.190000,8,2,0.05,far_constant_referenced,185.0,13.392995341091012,9.638866488652582,17.38867221439694,64
27-08-26/0/map2-0.05-data-2026.08.27-15.05.27.190.jpk-force-map,2026-08-27T15:05:27.190000,8,2,0.05,far_constant_referenced,190.0,12.673927793414325,9.12609436056333,17.87710721983686,64
27-08-26/0/map2-0.05-data-2026.08.27-15.05.27.190.jpk-force-map,2026-08-27T15:05:27.190000,8,2,0.05,far_constant_referenced,195.0,11.919845195678896,9.258428207316525,16.25851633902183,64
27-08-26/0/map2-0.05-data-2026.08.27-15.05.27.190.jpk-force-map,2026-08-27T15:05:27.190000,8,2,0.05,far_constant_referenced,200.0,11.425085388964824,8.01589872658017,15.064162246018853,64
27-08-26/0/map2-0.05-data-2026.08.27-15.05.27.190.jpk-force-map,2026-08-27T15:05:27.190000,8,2,0.05,far_constant_referenced,205.0,10.947833107280067,6.314337142853052,13.774657011218025,64
27-08-26/0/map2-0.05-data-2026.08.27-15.05.27.190.jpk-force-map,2026-08-27T15:05:27.190000,8,2,0.05,far_constant_referenced,210.0,9.406577026645444,6.364929614265853,12.599514873259059,64
27-08-26/0/map2-0.05-data-2026.08.27-15.05.27.190.jpk-force-map,2026-08-27T15:05:27.190000,8,2,0.05,far_constant_referenced,215.0,9.512619891951982,5.363211745610293,12.229516968110822,64
27-08-26/0/map2-0.05-data-2026.08.27-15.05.27.190.jpk-force-map,2026-08-27T15:05:27.190000,8,2,0.05,far_constant_referenced,220.0,8.072085529260796,4.8149375874582105,11.58491578961418,64
27-08-26/0/map2-0.05-data-2026.08.27-15.05.27.190.jpk-force-map,2026-08-27T15:05:27.190000,8,2,0.05,far_constant_referenced,225.0,7.769492783231511,4.792827507511069,10.788020522972355,64
27-08-26/0/map2-0.05-data-2026.08.27-15.05.27.190.jpk-force-map,2026-08-27T15:05:27.190000,8,2,0.05,far_constant_referenced,230.0,6.924392434953652,4.0895392997267885,10.23530415697697,64
27-08-26/0/map2-0.05-data-2026.08.27-15.05.27.190.jpk-force-map,2026-08-27T15:05:27.190000,8,2,0.05,far_constant_referenced,235.0,5.870151991210152,3.776482422387603,9.05628399532594,64
27-08-26/0/map2-0.05-data-2026.08.27-15.05.27.190.jpk-force-map,2026-08-27T15:05:27.190000,8,2,0.05,far_constant_referenced,240.0,6.336239365481399,3.662653815794325,9.033413751469775,64
27-08-26/0/map2-0.05-data-2026.08.27-15.05.27.190.jpk-force-map,2026-08-27T15:05:27.190000,8,2,0.05,far_constant_referenced,245.0,5.183213246250094,2.0630195224601016,7.675107744123281,64
27-08-26/0/map2-0.05-data-2026.08.27-15.05.27.190.jpk-force-map,2026-08-27T15:05:27.190000,8,2,0.05,far_constant_referenced,250.0,5.6833417105715895,2.1622684228298867,8.03560360040897,64
27-08-26/0/map2-0.05-data-2026.08.27-15.05.27.190.jpk-force-map,2026-08-27T15:05:27.190000,8,2,0.05,far_constant_referenced,255.0,4.603315081727159,2.2556795019296976,7.331614616521134,64
27-08-26/0/map2-0.05-data-2026.08.27-15.05.27.190.jpk-force-map,2026-08-27T15:05:27.190000,8,2,0.05,far_constant_referenced,260.0,4.175687250227298,1.8691539705410618,7.16064900236098,64
27-08-26/0/map2-0.05-data-2026.08.27-15.05.27.190.jpk-force-map,2026-08-27T15:05:27.190000,8,2,0.05,far_constant_referenced,265.0,3.6512097856954,1.132335407833018,6.394629455741999,64
27-08-26/0/map2-0.05-data-2026.08.27-15.05.27.190.jpk-force-map,2026-08-27T15:05:27.190000,8,2,0.05,far_constant_referenced,270.0,2.42379450143111,0.825122290544277,4.9295026028383475,64
27-08-26/0/map2-0.05-data-2026.08.27-15.05.27.190.jpk-force-map,2026-08-27T15:05:27.190000,8,2,0.05,far_constant_referenced,275.0,2.012664602268898,0.08416439780041982,4.784507275975712,64
27-08-26/0/map2-0.05-data-2026.08.27-15.05.27.190.jpk-force-map,2026-08-27T15:05:27.190000,8,2,0.05,far_constant_referenced,280.0,1.8346080841450236,-0.06010639783643808,3.9752474682514336,64
27-08-26/0/map2-0.05-data-2026.08.27-15.05.27.190.jpk-force-map,2026-08-27T15:05:27.190000,8,2,0.05,far_constant_referenced,285.0,1.1136044940125713,-1.263683417016696,3.9241680168344666,64
27-08-26/0/map2-0.05-data-2026.08.27-15.05.27.190.jpk-force-map,2026-08-27T15:05:27.190000,8,2,0.05,far_constant_referenced,290.0,1.2892617447986625,-1.0170339836659403,3.1199383562267853,64
27-08-26/0/map2-0.05-data-2026.08.27-15.05.27.190.jpk-force-map,2026-08-27T15:05:27.190000,8,2,0.05,far_constant_referenced,295.0,0.3147672461344274,-1.091221230160617,2.4201065187163215,64
27-08-26/0/map2-0.05-data-2026.08.27-15.05.27.190.jpk-force-map,2026-08-27T15:05:27.190000,8,2,0.05,far_constant_referenced,300.0,0.3118334885481312,-1.3208560572668084,2.0065832909968484,64
27-08-26/0/map2-0.05-data-2026.08.27-15.05.27.190.jpk-force-map,2026-08-27T15:05:27.190000,8,2,0.05,far_constant_referenced,305.0,0.012649602548323459,-2.6833251497712203,1.7278347488321777,64
27-08-26/0/map2-0.05-data-2026.08.27-15.05.27.190.jpk-force-map,2026-08-27T15:05:27.190000,8,2,0.05,far_constant_referenced,310.0,-0.7180698325460746,-2.7747942476347585,1.6601920384915976,64
27-08-26/0/map2-0.05-data-2026.08.27-15.05.27.190.jpk-force-map,2026-08-27T15:05:27.190000,8,2,0.05,far_constant_referenced,315.0,-0.6733151824032696,-2.464653311540295,0.7961707354160783,64
27-08-26/0/map2-0.05-data-2026.08.27-15.05.27.190.jpk-force-map,2026-08-27T15:05:27.190000,8,2,0.05,far_constant_referenced,320.0,-0.7195426501198079,-2.721529324979377,1.3176966260200182,64
27-08-26/0/map2-0.05-data-2026.08.27-15.05.27.190.jpk-force-map,2026-08-27T15:05:27.190000,8,2,0.05,far_constant_referenced,325.0,-0.9107119956741119,-3.6485492120138865,0.7112758676093289,64
27-08-26/0/map2-0.05-data-2026.08.27-15.05.27.190.jpk-force-map,2026-08-27T15:05:27.190000,8,2,0.05,far_constant_referenced,330.0,-1.3524978799792058,-3.432306335023474,0.99975807107766,64
27-08-26/0/map2-0.05-data-2026.08.27-15.05.27.190.jpk-force-map,2026-08-27T15:05:27.190000,8,2,0.05,far_constant_referenced,335.0,-1.9109808018780705,-3.29533430066916,0.1265138418248974,64
27-08-26/0/map2-0.05-data-2026.08.27-15.05.27.190.jpk-force-map,2026-08-27T15:05:27.190000,8,2,0.05,far_constant_referenced,340.0,-1.5996224157730679,-4.079823454764813,0.41887406898518553,63
27-08-26/0/map2-0.05-data-2026.08.27-15.05.27.190.jpk-force-map,2026-08-27T15:05:27.190000,8,2,0.05,far_constant_referenced,345.0,-2.7263753698992317,-5.351066939407813,0.052522575087970605,63
27-08-26/0/map2-0.05-data-2026.08.27-15.05.27.190.jpk-force-map,2026-08-27T15:05:27.190000,8,2,0.05,far_constant_referenced,350.0,-2.8324419903279474,-4.7993779824457095,-0.4198480289936053,63
27-08-26/0/map2-0.05-data-2026.08.27-15.05.27.190.jpk-force-map,2026-08-27T15:05:27.190000,8,2,0.05,far_constant_referenced,355.0,-2.5142658841640806,-5.288311845450921,0.26779743085056706,62
27-08-26/0/map2-0.05-data-2026.08.27-15.05.27.190.jpk-force-map,2026-08-27T15:05:27.190000,8,2,0.05,far_constant_referenced,360.0,-2.055970189960162,-5.51378952617965,0.9007407831489354,58
27-08-26/0/map2-0.05-data-2026.08.27-15.05.27.190.jpk-force-map,2026-08-27T15:05:27.190000,8,2,0.05,far_constant_referenced,365.0,4.432064406101075,4.432064406101075,4.432064406101075,1
27-08-26/0/map2-0.2-data-2026.08.27-15.16.41.656.jpk-force-map,2026-08-27T15:16:41.656000,9,2,0.2,linear_drift_corrected,5.0,6010.136688925786,5754.455691531183,6209.502648694171,64
27-08-26/0/map2-0.2-data-2026.08.27-15.16.41.656.jpk-force-map,2026-08-27T15:16:41.656000,9,2,0.2,linear_drift_corrected,10.0,4365.2233768197275,4155.72124448708,4500.180626938569,64
27-08-26/0/map2-0.2-data-2026.08.27-15.16.41.656.jpk-force-map,2026-08-27T15:16:41.656000,9,2,0.2,linear_drift_corrected,15.0,3259.781906921543,3096.798809675527,3342.615975593816,64
27-08-26/0/map2-0.2-data-2026.08.27-15.16.41.656.jpk-force-map,2026-08-27T15:16:41.656000,9,2,0.2,linear_drift_corrected,20.0,2495.3385561670534,2395.2817346326046,2548.53430647213,64
27-08-26/0/map2-0.2-data-2026.08.27-15.16.41.656.jpk-force-map,2026-08-27T15:16:41.656000,9,2,0.2,linear_drift_corrected,25.0,1928.6628876102423,1845.3593107423858,1974.5770232384493,64
27-08-26/0/map2-0.2-data-2026.08.27-15.16.41.656.jpk-force-map,2026-08-27T15:16:41.656000,9,2,0.2,linear_drift_corrected,30.0,1515.0244406424488,1459.6285584616517,1545.5848368825164,64
27-08-26/0/map2-0.2-data-2026.08.27-15.16.41.656.jpk-force-map,2026-08-27T15:16:41.656000,9,2,0.2,linear_drift_corrected,35.0,1191.7701814999728,1150.609951820808,1231.8960079504243,64
27-08-26/0/map2-0.2-data-2026.08.27-15.16.41.656.jpk-force-map,2026-08-27T15:16:41.656000,9,2,0.2,linear_drift_corrected,40.0,954.5360302983531,917.6460288266674,980.8227754209372,64
27-08-26/0/map2-0.2-data-2026.08.27-15.16.41.656.jpk-force-map,2026-08-27T15:16:41.656000,9,2,0.2,linear_drift_corrected,45.0,758.0833049750671,728.6499962298886,788.4142642154733,64
27-08-26/0/map2-0.2-data-2026.08.27-15.16.41.656.jpk-force-map,2026-08-27T15:16:41.656000,9,2,0.2,linear_drift_corrected,50.0,610.2863017351615,583.2200234887791,629.8995826460975,64
27-08-26/0/map2-0.2-data-2026.08.27-15.16.41.656.jpk-force-map,2026-08-27T15:16:41.656000,9,2,0.2,linear_drift_corrected,55.0,486.7536823778425,465.79405143907815,508.15891160300237,64
27-08-26/0/map2-0.2-data-2026.08.27-15.16.41.656.jpk-force-map,2026-08-27T15:16:41.656000,9,2,0.2,linear_drift_corrected,60.0,391.22136476363005,373.25246692988236,410.5066859831464,64
27-08-26/0/map2-0.2-data-2026.08.27-15.16.41.656.jpk-force-map,2026-08-27T15:16:41.656000,9,2,0.2,linear_drift_corrected,65.0,312.42293766387127,298.0030086361842,327.57073782198484,64
27-08-26/0/map2-0.2-data-2026.08.27-15.16.41.656.jpk-force-map,2026-08-27T15:16:41.656000,9,2,0.2,linear_drift_corrected,70.0,253.13242776620038,236.41893015832193,268.114100144511,64
27-08-26/0/map2-0.2-data-2026.08.27-15.16.41.656.jpk-force-map,2026-08-27T15:16:41.656000,9,2,0.2,linear_drift_corrected,75.0,202.93712364755302,188.66769661094665,216.36912805897725,64
27-08-26/0/map2-0.2-data-2026.08.27-15.16.41.656.jpk-force-map,2026-08-27T15:16:41.656000,9,2,0.2,linear_drift_corrected,80.0,164.0298540208506,150.55384547358486,175.70532312673944,64
27-08-26/0/map2-0.2-data-2026.08.27-15.16.41.656.jpk-force-map,2026-08-27T15:16:41.656000,9,2,0.2,linear_drift_corrected,85.0,131.458359353889,117.95216347275525,145.04624034214035,64
27-08-26/0/map2-0.2-data-2026.08.27-15.16.41.656.jpk-force-map,2026-08-27T15:16:41.656000,9,2,0.2,linear_drift_corrected,90.0,106.63936947889135,96.16219323143346,118.05085400671226,64
27-08-26/0/map2-0.2-data-2026.08.27-15.16.41.656.jpk-force-map,2026-08-27T15:16:41.656000,9,2,0.2,linear_drift_corrected,95.0,85.20347312709575,76.73844949325277,95.96981896169109,64
27-08-26/0/map2-0.2-data-2026.08.27-15.16.41.656.jpk-force-map,2026-08-27T15:16:41.656000,9,2,0.2,linear_drift_corrected,100.0,69.7904397845522,59.87152019159668,80.56693398408383,64
27-08-26/0/map2-0.2-data-2026.08.27-15.16.41.656.jpk-force-map,2026-08-27T15:16:41.656000,9,2,0.2,linear_drift_corrected,105.0,56.851643399790994,46.40841045007684,67.76248138310409,64
27-08-26/0/map2-0.2-data-2026.08.27-15.16.41.656.jpk-force-map,2026-08-27T15:16:41.656000,9,2,0.2,linear_drift_corrected,110.0,47.14965628085736,36.221587776176946,57.055348501599894,64
27-08-26/0/map2-0.2-data-2026.08.27-15.16.41.656.jpk-force-map,2026-08-27T15:16:41.656000,9,2,0.2,linear_drift_corrected,115.0,40.109487323145075,29.519488476212224,48.74363208859771,64
27-08-26/0/map2-0.2-data-2026.08.27-15.16.41.656.jpk-force-map,2026-08-27T15:16:41.656000,9,2,0.2,linear_drift_corrected,120.0,30.00121466430176,24.440456976924228,41.5196492316835,64
27-08-26/0/map2-0.2-data-2026.08.27-15.16.41.656.jpk-force-map,2026-08-27T15:16:41.656000,9,2,0.2,linear_drift_corrected,125.0,28.762836284670374,20.197651962804237,36.97236646459339,64
27-08-26/0/map2-0.2-data-2026.08.27-15.16.41.656.jpk-force-map,2026-08-27T15:16:41.656000,9,2,0.2,linear_drift_corrected,130.0,22.55601286248175,14.810161653669082,31.161592068725383,64
27-08-26/0/map2-0.2-data-2026.08.27-15.16.41.656.jpk-force-map,2026-08-27T15:16:41.656000,9,2,0.2,linear_drift_corrected,135.0,20.631331543044872,12.29791597653131,27.098610157464776,64
27-08-26/0/map2-0.2-data-2026.08.27-15.16.41.656.jpk-force-map,2026-08-27T15:16:41.656000,9,2,0.2,linear_drift_corrected,140.0,16.636683658889936,10.770578252613646,24.538750331740633,64
27-08-26/0/map2-0.2-data-2026.08.27-15.16.41.656.jpk-force-map,2026-08-27T15:16:41.656000,9,2,0.2,linear_drift_corrected,145.0,14.462547742865219,7.477033428582346,23.887033484454054,64
27-08-26/0/map2-0.2-data-2026.08.27-15.16.41.656.jpk-force-map,2026-08-27T15:16:41.656000,9,2,0.2,linear_drift_corrected,150.0,13.00279502269482,4.773947937991113,21.182187833574037,64
27-08-26/0/map2-0.2-data-2026.08.27-15.16.41.656.jpk-force-map,2026-08-27T15:16:41.656000,9,2,0.2,linear_drift_corrected,155.0,12.871941016425914,5.673844894605004,19.730806138825702,64
27-08-26/0/map2-0.2-data-2026.08.27-15.16.41.656.jpk-force-map,2026-08-27T15:16:41.656000,9,2,0.2,linear_drift_corrected,160.0,10.590361109206539,2.8768316730195655,16.222087451063732,64
27-08-26/0/map2-0.2-data-2026.08.27-15.16.41.656.jpk-force-map,2026-08-27T15:16:41.656000,9,2,0.2,linear_drift_corrected,165.0,9.767766736555243,3.9266909170448545,15.373223188699878,64
27-08-26/0/map2-0.2-data-2026.08.27-15.16.41.656.jpk-force-map,2026-08-27T15:16:41.656000,9,2,0.2,linear_drift_corrected,170.0,8.136230560998328,2.7483082165500488,14.841583850811407,64
27-08-26/0/map2-0.2-data-2026.08.27-15.16.41.656.jpk-force-map,2026-08-27T15:16:41.656000,9,2,0.2,linear_drift_corrected,175.0,6.119643209211124,2.9977846644419124,14.121065811726249,64
27-08-26/0/map2-0.2-data-2026.08.27-15.16.41.656.jpk-force-map,2026-08-27T15:16:41.656000,9,2,0.2,linear_drift_corrected,180.0,6.107134513647843,2.3418554332146084,13.867166131401673,64
27-08-26/0/map2-0.2-data-2026.08.27-15.16.41.656.jpk-force-map,2026-08-27T15:16:41.656000,9,2,0.2,linear_drift_corrected,185.0,6.978756470180153,1.8180005637686936,11.433019579297573,64
27-08-26/0/map2-0.2-data-2026.08.27-15.16.41.656.jpk-force-map,2026-08-27T15:16:41.656000,9,2,0.2,linear_drift_corrected,190.0,6.58195740089926,1.1251604750632822,11.740151988295684,64
27-08-26/0/map2-0.2-data-2026.08.27-15.16.41.656.jpk-force-map,2026-08-27T15:16:41.656000,9,2,0.2,linear_drift_corrected,195.0,4.625965439018014,2.166124589304969,10.032547623052766,64
27-08-26/0/map2-0.2-data-2026.08.27-15.16.41.656.jpk-force-map,2026-08-27T15:16:41.656000,9,2,0.2,linear_drift_corrected,200.0,6.252167664291161,1.0691812941121417,10.234073830552278,64
27-08-26/0/map2-0.2-data-2026.08.27-15.16.41.656.jpk-force-map,2026-08-27T15:16:41.656000,9,2,0.2,linear_drift_corrected,205.0,5.164936703969742,0.22655943709056175,8.663186340422186,64
27-08-26/0/map2-0.2-data-2026.08.27-15.16.41.656.jpk-force-map,2026-08-27T15:16:41.656000,9,2,0.2,linear_drift_corrected,210.0,3.7404127705723753,-0.31605910713486873,10.122189772438588,64
27-08-26/0/map2-0.2-data-2026.08.27-15.16.41.656.jpk-force-map,2026-08-27T15:16:41.656000,9,2,0.2,linear_drift_corrected,215.0,3.281083380930724,-1.4327636323713027,8.466558239498648,64
27-08-26/0/map2-0.2-data-2026.08.27-15.16.41.656.jpk-force-map,2026-08-27T15:16:41.656000,9,2,0.2,linear_drift_corrected,220.0,2.869732024532417,-1.069160572082636,7.419365537284402,64
27-08-26/0/map2-0.2-data-2026.08.27-15.16.41.656.jpk-force-map,2026-08-27T15:16:41.656000,9,2,0.2,linear_drift_corrected,225.0,1.9469595764334757,-2.3782229566166277,6.2202490202864755,64
27-08-26/0/map2-0.2-data-2026.08.27-15.16.41.656.jpk-force-map,2026-08-27T15:16:41.656000,9,2,0.2,linear_drift_corrected,230.0,2.5751477530577125,-1.5255530368108046,7.696850558955511,64
27-08-26/0/map2-0.2-data-2026.08.27-15.16.41.656.jpk-force-map,2026-08-27T15:16:41.656000,9,2,0.2,linear_drift_corrected,235.0,1.7058526727678074,-1.9296040694615482,4.976847172410346,64
27-08-26/0/map2-0.2-data-2026.08.27-15.16.41.656.jpk-force-map,2026-08-27T15:16:41.656000,9,2,0.2,linear_drift_corrected,240.0,0.9566833559698977,-2.5032847744350204,3.879898114208787,64
27-08-26/0/map2-0.2-data-2026.08.27-15.16.41.656.jpk-force-map,2026-08-27T15:16:41.656000,9,2,0.2,linear_drift_corrected,245.0,1.5083809284639766,-1.3489689872449038,4.063087750071119,64
27-08-26/0/map2-0.2-data-2026.08.27-15.16.41.656.jpk-force-map,2026-08-27T15:16:41.656000,9,2,0.2,linear_drift_corrected,250.0,1.823004703052432,-1.0340256681986424,3.881719572427618,64
27-08-26/0/map2-0.2-data-2026.08.27-15.16.41.656.jpk-force-map,2026-08-27T15:16:41.656000,9,2,0.2,linear_drift_corrected,255.0,0.5817976444214161,-1.8444420556255896,3.3599879297808277,64
27-08-26/0/map2-0.2-data-2026.08.27-15.16.41.656.jpk-force-map,2026-08-27T15:16:41.656000,9,2,0.2,linear_drift_corrected,260.0,0.5600684906778097,-1.5349877785249326,2.543576083626162,64
27-08-26/0/map2-0.2-data-2026.08.27-15.16.41.656.jpk-force-map,2026-08-27T15:16:41.656000,9,2,0.2,linear_drift_corrected,265.0,0.5825989890123868,-1.3846459246024059,2.18171648845576,64
27-08-26/0/map2-0.2-data-2026.08.27-15.16.41.656.jpk-force-map,2026-08-27T15:16:41.656000,9,2,0.2,linear_drift_corrected,270.0,0.17246546380833422,-1.9781664088309827,2.1249062847543003,64
27-08-26/0/map2-0.2-data-2026.08.27-15.16.41.656.jpk-force-map,2026-08-27T15:16:41.656000,9,2,0.2,linear_drift_corrected,275.0,-0.6771954045919009,-2.5050637192973926,1.4337785327918706,64
27-08-26/0/map2-0.2-data-2026.08.27-15.16.41.656.jpk-force-map,2026-08-27T15:16:41.656000,9,2,0.2,linear_drift_corrected,280.0,0.1773375324719671,-1.6144466219770148,1.6390020263854144,64
27-08-26/0/map2-0.2-data-2026.08.27-15.16.41.656.jpk-force-map,2026-08-27T15:16:41.656000,9,2,0.2,linear_drift_corrected,285.0,0.17541529910096626,-0.8638921194023459,1.1030241805876155,64
27-08-26/0/map2-0.2-data-2026.08.27-15.16.41.656.jpk-force-map,2026-08-27T15:16:41.656000,9,2,0.2,linear_drift_corrected,290.0,-0.10445545563005687,-2.888226283326534,1.2984278118059056,64
27-08-26/0/map2-0.2-data-2026.08.27-15.16.41.656.jpk-force-map,2026-08-27T15:16:41.656000,9,2,0.2,linear_drift_corrected,295.0,0.2401075076944173,-2.5141376207517405,2.5563868894989223,64
27-08-26/0/map2-0.2-data-2026.08.27-15.16.41.656.jpk-force-map,2026-08-27T15:16:41.656000,9,2,0.2,linear_drift_corrected,300.0,0.6346683921767984,-1.7433094141395438,2.540128115046155,64
27-08-26/0/map2-0.2-data-2026.08.27-15.16.41.656.jpk-force-map,2026-08-27T15:16:41.656000,9,2,0.2,linear_drift_corrected,305.0,-0.3440378666589099,-1.7447386614755789,2.45291023123612,64
27-08-26/0/map2-0.2-data-2026.08.27-15.16.41.656.jpk-force-map,2026-08-27T15:16:41.656000,9,2,0.2,linear_drift_corrected,310.0,-0.7473399584510705,-2.328829744340347,1.743125516051354,64
27-08-26/0/map2-0.2-data-2026.08.27-15.16.41.656.jpk-force-map,2026-08-27T15:16:41.656000,9,2,0.2,linear_drift_corrected,315.0,-0.07592782372127285,-1.5551860739730081,2.2116102694104494,64
27-08-26/0/map2-0.2-data-2026.08.27-15.16.41.656.jpk-force-map,2026-08-27T15:16:41.656000,9,2,0.2,linear_drift_corrected,320.0,0.0717964713669259,-2.1097053124003367,1.9353728373275305,64
27-08-26/0/map2-0.2-data-2026.08.27-15.16.41.656.jpk-force-map,2026-08-27T15:16:41.656000,9,2,0.2,linear_drift_corrected,325.0,-0.11667651164234055,-1.7838527485481506,1.4757200178236156,64
27-08-26/0/map2-0.2-data-2026.08.27-15.16.41.656.jpk-force-map,2026-08-27T15:16:41.656000,9,2,0.2,linear_drift_corrected,330.0,-0.5881043319306103,-2.328205692309796,1.233487060556933,64
27-08-26/0/map2-0.2-data-2026.08.27-15.16.41.656.jpk-force-map,2026-08-27T15:16:41.656000,9,2,0.2,linear_drift_corrected,335.0,-0.42682919874665004,-2.43823621117621,1.4842262219237106,64
27-08-26/0/map2-0.2-data-2026.08.27-15.16.41.656.jpk-force-map,2026-08-27T15:16:41.656000,9,2,0.2,linear_drift_corrected,340.0,-0.35148724926003516,-2.505272768796786,1.3971774593214101,63
27-08-26/0/map2-0.2-data-2026.08.27-15.16.41.656.jpk-force-map,2026-08-27T15:16:41.656000,9,2,0.2,linear_drift_corrected,345.0,0.4469513156148456,-1.909285977268833,2.040594707995896,63
27-08-26/0/map2-0.2-data-2026.08.27-15.16.41.656.jpk-force-map,2026-08-27T15:16:41.656000,9,2,0.2,linear_drift_corrected,350.0,0.15686596392573593,-1.7115200680019513,2.162104136236516,62
27-08-26/0/map2-0.2-data-2026.08.27-15.16.41.656.jpk-force-map,2026-08-27T15:16:41.656000,9,2,0.2,linear_drift_corrected,355.0,0.6359525441691247,-1.0078655579678306,2.496300034505828,61
27-08-26/0/map2-0.2-data-2026.08.27-15.16.41.656.jpk-force-map,2026-08-27T15:16:41.656000,9,2,0.2,linear_drift_corrected,360.0,0.45818399232688195,-2.0434318355715875,2.803512288710908,55
27-08-26/0/map2-0.2-data-2026.08.27-15.16.41.656.jpk-force-map,2026-08-27T15:16:41.656000,9,2,0.2,far_constant_referenced,5.0,6034.423720763214,5793.457148081822,6218.791072149451,64
27-08-26/0/map2-0.2-data-2026.08.27-15.16.41.656.jpk-force-map,2026-08-27T15:16:41.656000,9,2,0.2,far_constant_referenced,10.0,4370.816372726502,4194.874309903309,4518.687120534211,64
27-08-26/0/map2-0.2-data-2026.08.27-15.16.41.656.jpk-force-map,2026-08-27T15:16:41.656000,9,2,0.2,far_constant_referenced,15.0,3270.630339545959,3131.4597508197667,3355.4220507347177,64
27-08-26/0/map2-0.2-data-2026.08.27-15.16.41.656.jpk-force-map,2026-08-27T15:16:41.656000,9,2,0.2,far_constant_referenced,20.0,2509.2389796216253,2418.820119463756,2566.7127219838494,64
27-08-26/0/map2-0.2-data-2026.08.27-15.16.41.656.jpk-force-map,2026-08-27T15:16:41.656000,9,2,0.2,far_constant_referenced,25.0,1946.4793161828804,1876.5680510641628,1995.1402645518826,64
27-08-26/0/map2-0.2-data-2026.08.27-15.16.41.656.jpk-force-map,2026-08-27T15:16:41.656000,9,2,0.2,far_constant_referenced,30.0,1532.4870079437387,1488.0931624738023,1562.6240386880468,64
27-08-26/0/map2-0.2-data-2026.08.27-15.16.41.656.jpk-force-map,2026-08-27T15:16:41.656000,9,2,0.2,far_constant_referenced,35.0,1216.5969522054415,1174.5833462204625,1241.0335910002502,64
27-08-26/0/map2-0.2-data-2026.08.27-15.16.41.656.jpk-force-map,2026-08-27T15:16:41.656000,9,2,0.2,far_constant_referenced,40.0,968.1943552068697,933.8322859460543,990.0532544311122,64
27-08-26/0/map2-0.2-data-2026.08.27-15.16.41.656.jpk-force-map,2026-08-27T15:16:41.656000,9,2,0.2,far_constant_referenced,45.0,774.3761353687266,751.9969336426711,795.3941448400933,64
27-08-26/0/map2-0.2-data-2026.08.27-15.16.41.656.jpk-force-map,2026-08-27T15:16:41.656000,9,2,0.2,far_constant_referenced,50.0,624.9860633969136,602.7542443874977,638.40511810701,64
27-08-26/0/map2-0.2-data-2026.08.27-15.16.41.656.jpk-force-map,2026-08-27T15:16:41.656000,9,2,0.2,far_constant_referenced,55.0,500.9526245295658,485.19885702612476,513.9425607742472,64
27-08-26/0/map2-0.2-data-2026.08.27-15.16.41.656.jpk-force-map,2026-08-27T15:16:41.656000,9,2,0.2,far_constant_referenced,60.0,405.76891445930534,393.58150344521687,416.18377170710204,64
27-08-26/0/map2-0.2-data-2026.08.27-15.16.41.656.jpk-force-map,2026-08-27T15:16:41.656000,9,2,0.2,far_constant_referenced,65.0,328.6063151593944,317.19244218808745,337.09801710520776,64
27-08-26/0/map2-0.2-data-2026.08.27-15.16.41.656.jpk-force-map,2026-08-27T15:16:41.656000,9,2,0.2,far_constant_referenced,70.0,266.41250722882455,257.45375582629254,274.5062514907115,64
27-08-26/0/map2-0.2-data-2026.08.27-15.16.41.656.jpk-force-map,2026-08-27T15:16:41.656000,9,2,0.2,far_constant_referenced,75.0,217.3052060532827,208.98716592799417,224.17078080577687,64
27-08-26/0/map2-0.2-data-2026.08.27-15.16.41.656.jpk-force-map,2026-08-27T15:16:41.656000,9,2,0.2,far_constant_referenced,80.0,177.55483369907918,169.42704240836144,183.61811483342152,64
27-08-26/0/map2-0.2-data-2026.08.27-15.16.41.656.jpk-force-map,2026-08-27T15:16:41.656000,9,2,0.2,far_constant_referenced,85.0,145.79238247633617,140.5969709748587,150.4321735481346,64
27-08-26/0/map2-0.2-data-2026.08.27-15.16.41.656.jpk-force-map,2026-08-27T15:16:41.656000,9,2,0.2,far_constant_referenced,90.0,119.91177076490422,113.8494398354482,125.07214939998143,64
27-08-26/0/map2-0.2-data-2026.08.27-15.16.41.656.jpk-force-map,2026-08-27T15:16:41.656000,9,2,0.2,far_constant_referenced,95.0,98.40729202445598,94.49626059017405,102.58368598956739,64
27-08-26/0/map2-0.2-data-2026.08.27-15.16.41.656.jpk-force-map,2026-08-27T15:16:41.656000,9,2,0.2,far_constant_referenced,100.0,81.62821781605808,77.99209847171261,85.18336188775268,64
27-08-26/0/map2-0.2-data-2026.08.27-15.16.41.656.jpk-force-map,2026-08-27T15:16:41.656000,9,2,0.2,far_constant_referenced,105.0,68.73487583684545,64.12619209751098,72.20947816686854,64
27-08-26/0/map2-0.2-data-2026.08.27-15.16.41.656.jpk-force-map,2026-08-27T15:16:41.656000,9,2,0.2,far_constant_referenced,110.0,58.94008072635776,55.3768836682521,62.5071142366917,64
27-08-26/0/map2-0.2-data-2026.08.27-15.16.41.656.jpk-force-map,2026-08-27T15:16:41.656000,9,2,0.2,far_constant_referenced,115.0,49.74271506054445,46.39968047458507,54.08841178126512,64
27-08-26/0/map2-0.2-data-2026.08.27-15.16.41.656.jpk-force-map,2026-08-27T15:16:41.656000,9,2,0.2,far_constant_referenced,120.0,42.80026873275185,38.78780292686179,47.04891390190221,64
27-08-26/0/map2-0.2-data-2026.08.27-15.16.41.656.jpk-force-map,2026-08-27T15:16:41.656000,9,2,0.2,far_constant_referenced,125.0,38.28795952400614,35.33606490191433,42.69979644359102,64
27-08-26/0/map2-0.2-data-2026.08.27-15.16.41.656.jpk-force-map,2026-08-27T15:16:41.656000,9,2,0.2,far_constant_referenced,130.0,32.69799919863172,29.663175445091632,36.9580765203199,64
27-08-26/0/map2-0.2-data-2026.08.27-15.16.41.656.jpk-force-map,2026-08-27T15:16:41.656000,9,2,0.2,far_constant_referenced,135.0,29.930289916180136,26.163256093630288,33.52993327045436,64
27-08-26/0/map2-0.2-data-2026.08.27-15.16.41.656.jpk-force-map,2026-08-27T15:16:41.656000,9,2,0.2,far_constant_referenced,140.0,27.744391085585093,23.277317568205905,29.450353305691714,64
27-08-26/0/map2-0.2-data-2026.08.27-15.16.41.656.jpk-force-map,2026-08-27T15:16:41.656000,9,2,0.2,far_constant_referenced,145.0,23.60276868053022,21.233753490791926,26.245965490198596,64
27-08-26/0/map2-0.2-data-2026.08.27-15.16.41.656.jpk-force-map,2026-08-27T15:16:41.656000,9,2,0.2,far_constant_referenced,150.0,22.206003130412405,18.034995639249924,25.406251615869735,64
27-08-26/0/map2-0.2-data-2026.08.27-15.16.41.656.jpk-force-map,2026-08-27T15:16:41.656000,9,2,0.2,far_constant_referenced,155.0,21.286537372223606,17.289904355250837,23.788860368723547,64
27-08-26/0/map2-0.2-data-2026.08.27-15.16.41.656.jpk-force-map,2026-08-27T15:16:41.656000,9,2,0.2,far_constant_referenced,160.0,18.506166609662646,15.272589687819782,22.743136136273083,64
27-08-26/0/map2-0.2-data-2026.08.27-15.16.41.656.jpk-force-map,2026-08-27T15:16:41.656000,9,2,0.2,far_constant_referenced,165.0,17.46552597335372,13.854438588980573,21.04717482259438,64
27-08-26/0/map2-0.2-data-2026.08.27-15.16.41.656.jpk-force-map,2026-08-27T15:16:41.656000,9,2,0.2,far_constant_referenced,170.0,16.700729815525786,13.895558705433462,20.621483033550277,64
27-08-26/0/map2-0.2-data-2026.08.27-15.16.41.656.jpk-force-map,2026-08-27T15:16:41.656000,9,2,0.2,far_constant_referenced,175.0,14.931792766582387,11.790183800168322,18.119872690715003,64
27-08-26/0/map2-0.2-data-2026.08.27-15.16.41.656.jpk-force-map,2026-08-27T15:16:41.656000,9,2,0.2,far_constant_referenced,180.0,14.553290527702085,11.899665219407005,17.858138754794883,64
27-08-26/0/map2-0.2-data-2026.08.27-15.16.41.656.jpk-force-map,2026-08-27T15:16:41.656000,9,2,0.2,far_constant_referenced,185.0,12.708954721034015,9.295420871294716,17.69563590290301,64
27-08-26/0/map2-0.2-data-2026.08.27-15.16.41.656.jpk-force-map,2026-08-27T15:16:41.656000,9,2,0.2,far_constant_referenced,190.0,12.59560715566435,10.101533125333257,17.327128631670085,64
27-08-26/0/map2-0.2-data-2026.08.27-15.16.41.656.jpk-force-map,2026-08-27T15:16:41.656000,9,2,0.2,far_constant_referenced,195.0,11.436285929061611,9.444519895509869,15.028630522053273,64
27-08-26/0/map2-0.2-data-2026.08.27-15.16.41.656.jpk-force-map,2026-08-27T15:16:41.656000,9,2,0.2,far_constant_referenced,200.0,11.467417016647696,7.142880170987894,15.008177361876507,64
27-08-26/0/map2-0.2-data-2026.08.27-15.16.41.656.jpk-force-map,2026-08-27T15:16:41.656000,9,2,0.2,far_constant_referenced,205.0,9.809404510613955,6.195157694994031,14.134909377501637,64
27-08-26/0/map2-0.2-data-2026.08.27-15.16.41.656.jpk-force-map,2026-08-27T15:16:41.656000,9,2,0.2,far_constant_referenced,210.0,9.109305427979223,5.8176531712443005,12.679296451021635,64
27-08-26/0/map2-0.2-data-2026.08.27-15.16.41.656.jpk-force-map,2026-08-27T15:16:41.656000,9,2,0.2,far_constant_referenced,215.0,9.108818447975022,4.953346806702906,12.35188554111939,64
27-08-26/0/map2-0.2-data-2026.08.27-15.16.41.656.jpk-force-map,2026-08-27T15:16:41.656000,9,2,0.2,far_constant_referenced,220.0,8.187404769769419,4.7867165023362865,10.218538979515008,64
27-08-26/0/map2-0.2-data-2026.08.27-15.16.41.656.jpk-force-map,2026-08-27T15:16:41.656000,9,2,0.2,far_constant_referenced,225.0,6.835892727359699,4.023149672079977,10.362815713932404,64
27-08-26/0/map2-0.2-data-2026.08.27-15.16.41.656.jpk-force-map,2026-08-27T15:16:41.656000,9,2,0.2,far_constant_referenced,230.0,7.617697552651659,3.68989500212723,10.779480556557093,64
27-08-26/0/map2-0.2-data-2026.08.27-15.16.41.656.jpk-force-map,2026-08-27T15:16:41.656000,9,2,0.2,far_constant_referenced,235.0,5.768978925945698,2.2865908546358322,8.769737834313359,64
27-08-26/0/map2-0.2-data-2026.08.27-15.16.41.656.jpk-force-map,2026-08-27T15:16:41.656000,9,2,0.2,far_constant_referenced,240.0,4.436435348577904,0.44736833801189635,8.86851163224006,64
27-08-26/0/map2-0.2-data-2026.08.27-15.16.41.656.jpk-force-map,2026-08-27T15:16:41.656000,9,2,0.2,far_constant_referenced,245.0,4.4247715835990675,1.769899131390747,7.94826195502016,64
27-08-26/0/map2-0.2-data-2026.08.27-15.16.41.656.jpk-force-map,2026-08-27T15:16:41.656000,9,2,0.2,far_constant_referenced,250.0,4.975486580552774,1.9542804507888274,7.981352840184123,64
27-08-26/0/map2-0.2-data-2026.08.27-15.16.41.656.jpk-force-map,2026-08-27T15:16:41.656000,9,2,0.2,far_constant_referenced,255.0,3.8560502040507507,0.439327229161952,6.602581795099815,64
27-08-26/0/map2-0.2-data-2026.08.27-15.16.41.656.jpk-force-map,2026-08-27T15:16:41.656000,9,2,0.2,far_constant_referenced,260.0,3.113144391290054,1.0817429364201947,6.171818287475306,64
27-08-26/0/map2-0.2-data-2026.08.27-15.16.41.656.jpk-force-map,2026-08-27T15:16:41.656000,9,2,0.2,far_constant_referenced,265.0,2.9346127707230143,-0.568483828326767,5.441562077262902,64
27-08-26/0/map2-0.2-data-2026.08.27-15.16.41.656.jpk-force-map,2026-08-27T15:16:41.656000,9,2,0.2,far_constant_referenced,270.0,2.021905344787797,-0.42255017413893714,4.628863715606451,64
27-08-26/0/map2-0.2-data-2026.08.27-15.16.41.656.jpk-force-map,2026-08-27T15:16:41.656000,9,2,0.2,far_constant_referenced,275.0,1.1466953791765613,-1.0756556863676157,3.4546658437532063,64
27-08-26/0/map2-0.2-data-2026.08.27-15.16.41.656.jpk-force-map,2026-08-27T15:16:41.656000,9,2,0.2,far_constant_referenced,280.0,1.5290815805294207,0.058401967821710934,3.704243095909743,64
27-08-26/0/map2-0.2-data-2026.08.27-15.16.41.656.jpk-force-map,2026-08-27T15:16:41.656000,9,2,0.2,far_constant_referenced,285.0,1.9207204019622532,-0.1269889442680185,3.2292000405855092,64
27-08-26/0/map2-0.2-data-2026.08.27-15.16.41.656.jpk-force-map,2026-08-27T15:16:41.656000,9,2,0.2,far_constant_referenced,290.0,0.2067764608110642,-2.0323694760977125,2.572394668080972,64
27-08-26/0/map2-0.2-data-2026.08.27-15.16.41.656.jpk-force-map,2026-08-27T15:16:41.656000,9,2,0.2,far_constant_referenced,295.0,0.9311651558508156,-1.4006673289320095,3.677981808365773,64
27-08-26/0/map2-0.2-data-2026.08.27-15.16.41.656.jpk-force-map,2026-08-27T15:16:41.656000,9,2,0.2,far_constant_referenced,300.0,1.0197123736890945,-1.7360837150010089,3.052337217350012,64
27-08-26/0/map2-0.2-data-2026.08.27-15.16.41.656.jpk-force-map,2026-08-27T15:16:41.656000,9,2,0.2,far_constant_referenced,305.0,-0.22040002336784448,-1.6047238282562162,2.7100734173194083,64
27-08-26/0/map2-0.2-data-2026.08.27-15.16.41.656.jpk-force-map,2026-08-27T15:16:41.656000,9,2,0.2,far_constant_referenced,310.0,-0.8226873905232499,-2.311842549488191,1.562653506917091,64
27-08-26/0/map2-0.2-data-2026.08.27-15.16.41.656.jpk-force-map,2026-08-27T15:16:41.656000,9,2,0.2,far_constant_referenced,315.0,-0.30455254360716816,-1.7660389240403678,1.3281666961104674,64
27-08-26/0/map2-0.2-data-2026.08.27-15.16.41.656.jpk-force-map,2026-08-27T15:16:41.656000,9,2,0.2,far_constant_referenced,320.0,-0.7180817101071635,-2.820487225102717,1.0481828875936425,64
27-08-26/0/map2-0.2-data-2026.08.27-15.16.41.656.jpk-force-map,2026-08-27T15:16:41.656000,9,2,0.2,far_constant_referenced,325.0,-0.9374958959055105,-2.5188862554235003,0.3799572401123695,64
27-08-26/0/map2-0.2-data-2026.08.27-15.16.41.656.jpk-force-map,2026-08-27T15:16:41.656000,9,2,0.2,far_constant_referenced,330.0,-1.7767049738886262,-3.8915581728941273,0.5266391806480843,64
27-08-26/0/map2-0.2-data-2026.08.27-15.16.41.656.jpk-force-map,2026-08-27T15:16:41.656000,9,2,0.2,far_constant_referenced,335.0,-1.6453391483632558,-4.3213774144129795,0.07589761528992595,64
27-08-26/0/map2-0.2-data-2026.08.27-15.16.41.656.jpk-force-map,2026-08-27T15:16:41.656000,9,2,0.2,far_constant_referenced,340.0,-2.3809521386219226,-4.5167157839057115,0.38092526134023735,63
27-08-26/0/map2-0.2-data-2026.08.27-15.16.41.656.jpk-force-map,2026-08-27T15:16:41.656000,9,2,0.2,far_constant_referenced,345.0,-1.7504199312224114,-4.572670974145321,1.079551526401265,63
27-08-26/0/map2-0.2-data-2026.08.27-15.16.41.656.jpk-force-map,2026-08-27T15:16:41.656000,9,2,0.2,far_constant_referenced,350.0,-2.2617726907628954,-4.736129969704097,0.20945485083423704,62
27-08-26/0/map2-0.2-data-2026.08.27-15.16.41.656.jpk-force-map,2026-08-27T15:16:41.656000,9,2,0.2,far_constant_referenced,355.0,-1.9752146521892113,-4.193658000138642,0.39504768146228664,61
27-08-26/0/map2-0.2-data-2026.08.27-15.16.41.656.jpk-force-map,2026-08-27T15:16:41.656000,9,2,0.2,far_constant_referenced,360.0,-2.14841324783212,-4.552716671533872,0.9837233636220302,55
27-08-26/0/map2-0.2-data-2026.08.27-15.20.44.298.jpk-force-map,2026-08-27T15:20:44.298000,10,2,0.2,linear_drift_corrected,5.0,6008.109592309393,5704.808945207185,6185.339971724925,64
27-08-26/0/map2-0.2-data-2026.08.27-15.20.44.298.jpk-force-map,2026-08-27T15:20:44.298000,10,2,0.2,linear_drift_corrected,10.0,4346.836826208084,4130.058426859847,4447.648939172166,64
27-08-26/0/map2-0.2-data-2026.08.27-15.20.44.298.jpk-force-map,2026-08-27T15:20:44.298000,10,2,0.2,linear_drift_corrected,15.0,3232.200643288758,3084.357780148861,3298.902188098473,64
27-08-26/0/map2-0.2-data-2026.08.27-15.20.44.298.jpk-force-map,2026-08-27T15:20:44.298000,10,2,0.2,linear_drift_corrected,20.0,2456.0432930672378,2342.2107924823285,2508.3414228504007,64
27-08-26/0/map2-0.2-data-2026.08.27-15.20.44.298.jpk-force-map,2026-08-27T15:20:44.298000,10,2,0.2,linear_drift_corrected,25.0,1887.5718638318667,1810.834669278457,1928.0062266117206,64
27-08-26/0/map2-0.2-data-2026.08.27-15.20.44.298.jpk-force-map,2026-08-27T15:20:44.298000,10,2,0.2,linear_drift_corrected,30.0,1471.2492685908271,1418.8288194526576,1504.8845566893,64
27-08-26/0/map2-0.2-data-2026.08.27-15.20.44.298.jpk-force-map,2026-08-27T15:20:44.298000,10,2,0.2,linear_drift_corrected,35.0,1159.8570028512604,1112.6417449945357,1184.7496648078484,64
27-08-26/0/map2-0.2-data-2026.08.27-15.20.44.298.jpk-force-map,2026-08-27T15:20:44.298000,10,2,0.2,linear_drift_corrected,40.0,913.5353424400624,881.1105384189705,937.8572026706865,64
27-08-26/0/map2-0.2-data-2026.08.27-15.20.44.298.jpk-force-map,2026-08-27T15:20:44.298000,10,2,0.2,linear_drift_corrected,45.0,723.0800902575257,695.5395819716946,741.712998276568,64
27-08-26/0/map2-0.2-data-2026.08.27-15.20.44.298.jpk-force-map,2026-08-27T15:20:44.298000,10,2,0.2,linear_drift_corrected,50.0,570.9832410968102,547.8198558470135,588.4302868401719,64
27-08-26/0/map2-0.2-data-2026.08.27-15.20.44.298.jpk-force-map,2026-08-27T15:20:44.298000,10,2,0.2,linear_drift_corrected,55.0,453.75272161585235,433.6780021489544,469.3715864536082,64
27-08-26/0/map2-0.2-data-2026.08.27-15.20.44.298.jpk-force-map,2026-08-27T15:20:44.298000,10,2,0.2,linear_drift_corrected,60.0,361.84022778718156,343.4981401702179,375.57837885180027,64
27-08-26/0/map2-0.2-data-2026.08.27-15.20.44.298.jpk-force-map,2026-08-27T15:20:44.298000,10,2,0.2,linear_drift_corrected,65.0,288.934006727053,272.0306104247219,299.1333507178607,64
27-08-26/0/map2-0.2-data-2026.08.27-15.20.44.298.jpk-force-map,2026-08-27T15:20:44.298000,10,2,0.2,linear_drift_corrected,70.0,228.31249707539956,214.2998718128742,240.63824553267227,64
27-08-26/0/map2-0.2-data-2026.08.27-15.20.44.298.jpk-force-map,2026-08-27T15:20:44.298000,10,2,0.2,linear_drift_corrected,75.0,181.51448840108867,170.27705951108896,188.8001104460058,64
27-08-26/0/map2-0.2-data-2026.08.27-15.20.44.298.jpk-force-map,2026-08-27T15:20:44.298000,10,2,0.2,linear_drift_corrected,80.0,145.85746785057324,133.3905578108251,153.2931816496739,64
27-08-26/0/map2-0.2-data-2026.08.27-15.20.44.298.jpk-force-map,2026-08-27T15:20:44.298000,10,2,0.2,linear_drift_corrected,85.0,115.99041048672592,106.17036629650562,121.977358118927,64
27-08-26/0/map2-0.2-data-2026.08.27-15.20.44.298.jpk-force-map,2026-08-27T15:20:44.298000,10,2,0.2,linear_drift_corrected,90.0,91.64153405787866,83.372659923443,98.64041279476348,64
27-08-26/0/map2-0.2-data-2026.08.27-15.20.44.298.jpk-force-map,2026-08-27T15:20:44.298000,10,2,0.2,linear_drift_corrected,95.0,73.37573353497363,66.97015105115219,79.03729597371566,64
27-08-26/0/map2-0.2-data-2026.08.27-15.20.44.298.jpk-force-map,2026-08-27T15:20:44.298000,10,2,0.2,linear_drift_corrected,100.0,60.80292098570237,53.0540534129013,64.6477001908003,64
27-08-26/0/map2-0.2-data-2026.08.27-15.20.44.298.jpk-force-map,2026-08-27T15:20:44.298000,10,2,0.2,linear_drift_corrected,105.0,48.302272351711224,42.71426220446399,54.17844224415862,64
27-08-26/0/map2-0.2-data-2026.08.27-15.20.44.298.jpk-force-map,2026-08-27T15:20:44.298000,10,2,0.2,linear_drift_corrected,110.0,37.833881274347846,32.79594784571971,46.36244184122812,64
27-08-26/0/map2-0.2-data-2026.08.27-15.20.44.298.jpk-force-map,2026-08-27T15:20:44.298000,10,2,0.2,linear_drift_corrected,115.0,31.78945610751685,25.137081278653884,39.3799762635886,64
27-08-26/0/map2-0.2-data-2026.08.27-15.20.44.298.jpk-force-map,2026-08-27T15:20:44.298000,10,2,0.2,linear_drift_corrected,120.0,25.5838148802668,19.93074331691083,30.427783307537183,64
27-08-26/0/map2-0.2-data-2026.08.27-15.20.44.298.jpk-force-map,2026-08-27T15:20:44.298000,10,2,0.2,linear_drift_corrected,125.0,21.504885342991756,13.58476374864269,26.407046435671226,64
27-08-26/0/map2-0.2-data-2026.08.27-15.20.44.298.jpk-force-map,2026-08-27T15:20:44.298000,10,2,0.2,linear_drift_corrected,130.0,18.531983819251725,11.53780301632161,23.725950337742564,64
27-08-26/0/map2-0.2-data-2026.08.27-15.20.44.298.jpk-force-map,2026-08-27T15:20:44.298000,10,2,0.2,linear_drift_corrected,135.0,16.93446833711351,8.637434698765158,21.734087511461837,64
27-08-26/0/map2-0.2-data-2026.08.27-15.20.44.298.jpk-force-map,2026-08-27T15:20:44.298000,10,2,0.2,linear_drift_corrected,140.0,12.457132027477144,7.744020205469652,19.19361633138285,64
27-08-26/0/map2-0.2-data-2026.08.27-15.20.44.298.jpk-force-map,2026-08-27T15:20:44.298000,10,2,0.2,linear_drift_corrected,145.0,11.234237550100847,4.561632664272886,17.83424586204542,64
27-08-26/0/map2-0.2-data-2026.08.27-15.20.44.298.jpk-force-map,2026-08-27T15:20:44.298000,10,2,0.2,linear_drift_corrected,150.0,10.439512526396468,3.8346461659489397,16.062644185764455,64
27-08-26/0/map2-0.2-data-2026.08.27-15.20.44.298.jpk-force-map,2026-08-27T15:20:44.298000,10,2,0.2,linear_drift_corrected,155.0,8.758335238272357,2.8280357558609874,14.710127509187775,64
27-08-26/0/map2-0.2-data-2026.08.27-15.20.44.298.jpk-force-map,2026-08-27T15:20:44.298000,10,2,0.2,linear_drift_corrected,160.0,8.161802265510719,1.866579387936513,13.882472953478429,64
27-08-26/0/map2-0.2-data-2026.08.27-15.20.44.298.jpk-force-map,2026-08-27T15:20:44.298000,10,2,0.2,linear_drift_corrected,165.0,7.114741418235848,1.3699439965189708,13.54607942570829,64
27-08-26/0/map2-0.2-data-2026.08.27-15.20.44.298.jpk-force-map,2026-08-27T15:20:44.298000,10,2,0.2,linear_drift_corrected,170.0,7.251511512592857,0.040596273938365346,11.39965857953861,64
27-08-26/0/map2-0.2-data-2026.08.27-15.20.44.298.jpk-force-map,2026-08-27T15:20:44.298000,10,2,0.2,linear_drift_corrected,175.0,6.179499570552451,-1.2966018313142993,12.03730191117608,64
27-08-26/0/map2-0.2-data-2026.08.27-15.20.44.298.jpk-force-map,2026-08-27T15:20:44.298000,10,2,0.2,linear_drift_corrected,180.0,5.100560916083911,-1.5407591286111793,11.502605939615297,64
27-08-26/0/map2-0.2-data-2026.08.27-15.20.44.298.jpk-force-map,2026-08-27T15:20:44.298000,10,2,0.2,linear_drift_corrected,185.0,5.1448989455030905,-1.126282306995167,11.331537823438735,64
27-08-26/0/map2-0.2-data-2026.08.27-15.20.44.298.jpk-force-map,2026-08-27T15:20:44.298000,10,2,0.2,linear_drift_corrected,190.0,5.42860247686353,-1.3867011604138195,10.534522085696201,64
27-08-26/0/map2-0.2-data-2026.08.27-15.20.44.298.jpk-force-map,2026-08-27T15:20:44.298000,10,2,0.2,linear_drift_corrected,195.0,4.522145023804712,-2.4762498523841714,10.311744092775356,64
27-08-26/0/map2-0.2-data-2026.08.27-15.20.44.298.jpk-force-map,2026-08-27T15:20:44.298000,10,2,0.2,linear_drift_corrected,200.0,2.718560050249215,-1.267745268836503,9.509610688237027,64
27-08-26/0/map2-0.2-data-2026.08.27-15.20.44.298.jpk-force-map,2026-08-27T15:20:44.298000,10,2,0.2,linear_drift_corrected,205.0,3.6773540521352257,-1.3907855494137111,9.628585571784797,64
27-08-26/0/map2-0.2-data-2026.08.27-15.20.44.298.jpk-force-map,2026-08-27T15:20:44.298000,10,2,0.2,linear_drift_corrected,210.0,3.735349448816352,-1.2696944377135757,8.719874315802244,64
27-08-26/0/map2-0.2-data-2026.08.27-15.20.44.298.jpk-force-map,2026-08-27T15:20:44.298000,10,2,0.2,linear_drift_corrected,215.0,2.231308466790132,-2.303035686522942,8.75288887362801,64
27-08-26/0/map2-0.2-data-2026.08.27-15.20.44.298.jpk-force-map,2026-08-27T15:20:44.298000,10,2,0.2,linear_drift_corrected,220.0,2.1444867012590705,-2.337704780494535,7.15635782548003,64
27-08-26/0/map2-0.2-data-2026.08.27-15.20.44.298.jpk-force-map,2026-08-27T15:20:44.298000,10,2,0.2,linear_drift_corrected,225.0,1.7458540892373502,-2.013768968890692,7.014660268473254,64
27-08-26/0/map2-0.2-data-2026.08.27-15.20.44.298.jpk-force-map,2026-08-27T15:20:44.298000,10,2,0.2,linear_drift_corrected,230.0,1.6891453155149958,-1.9053678241733287,6.189020315220436,64
27-08-26/0/map2-0.2-data-2026.08.27-15.20.44.298.jpk-force-map,2026-08-27T15:20:44.298000,10,2,0.2,linear_drift_corrected,235.0,1.5089048701887777,-1.111653633816973,5.648904932625735,64
27-08-26/0/map2-0.2-data-2026.08.27-15.20.44.298.jpk-force-map,2026-08-27T15:20:44.298000,10,2,0.2,linear_drift_corrected,240.0,1.9638758093334276,-1.955665427844122,4.7569987390666295,64
27-08-26/0/map2-0.2-data-2026.08.27-15.20.44.298.jpk-force-map,2026-08-27T15:20:44.298000,10,2,0.2,linear_drift_corrected,245.0,1.6338062851767554,-1.3763604956089934,4.362856172854137,64
27-08-26/0/map2-0.2-data-2026.08.27-15.20.44.298.jpk-force-map,2026-08-27T15:20:44.298000,10,2,0.2,linear_drift_corrected,250.0,1.3453556112250777,-0.608902899939097,3.5472377421689845,64
27-08-26/0/map2-0.2-data-2026.08.27-15.20.44.298.jpk-force-map,2026-08-27T15:20:44.298000,10,2,0.2,linear_drift_corrected,255.0,1.3202052778969469,-1.4393344356689333,2.965093036234392,64
27-08-26/0/map2-0.2-data-2026.08.27-15.20.44.298.jpk-force-map,2026-08-27T15:20:44.298000,10,2,0.2,linear_drift_corrected,260.0,0.2687785109307517,-1.5565294646503527,2.9800764697939695,64
27-08-26/0/map2-0.2-data-2026.08.27-15.20.44.298.jpk-force-map,2026-08-27T15:20:44.298000,10,2,0.2,linear_drift_corrected,265.0,0.37078179633748554,-1.0541600652617091,2.2235242560468103,64
27-08-26/0/map2-0.2-data-2026.08.27-15.20.44.298.jpk-force-map,2026-08-27T15:20:44.298000,10,2,0.2,linear_drift_corrected,270.0,0.8301774827846065,-1.2707624112032114,2.3962046075695396,64
27-08-26/0/map2-0.2-data-2026.08.27-15.20.44.298.jpk-force-map,2026-08-27T15:20:44.298000,10,2,0.2,linear_drift_corrected,275.0,0.04256052562300222,-1.318217641704431,1.2567624466264142,64
27-08-26/0/map2-0.2-data-2026.08.27-15.20.44.298.jpk-force-map,2026-08-27T15:20:44.298000,10,2,0.2,linear_drift_corrected,280.0,0.03297627265289532,-1.4701740328397674,1.7414820214046474,64
27-08-26/0/map2-0.2-data-2026.08.27-15.20.44.298.jpk-force-map,2026-08-27T15:20:44.298000,10,2,0.2,linear_drift_corrected,285.0,0.12361176802651251,-1.3892651492384784,2.0779708606066416,64
27-08-26/0/map2-0.2-data-2026.08.27-15.20.44.298.jpk-force-map,2026-08-27T15:20:44.298000,10,2,0.2,linear_drift_corrected,290.0,-0.8509029886340145,-2.189614680258729,0.7465528512147498,64
27-08-26/0/map2-0.2-data-2026.08.27-15.20.44.298.jpk-force-map,2026-08-27T15:20:44.298000,10,2,0.2,linear_drift_corrected,295.0,-0.829019624429023,-2.8084401222654707,1.1019756630719766,64
27-08-26/0/map2-0.2-data-2026.08.27-15.20.44.298.jpk-force-map,2026-08-27T15:20:44.298000,10,2,0.2,linear_drift_corrected,300.0,-0.8103593919548828,-2.4160514025552504,0.9674810168029714,64
27-08-26/0/map2-0.2-data-2026.08.27-15.20.44.298.jpk-force-map,2026-08-27T15:20:44.298000,10,2,0.2,linear_drift_corrected,305.0,-0.6043954411411867,-2.5689910280920394,1.5030443774187638,64
27-08-26/0/map2-0.2-data-2026.08.27-15.20.44.298.jpk-force-map,2026-08-27T15:20:44.298000,10,2,0.2,linear_drift_corrected,310.0,-0.466111936004698,-2.2155450363433715,1.0956294147787884,64
27-08-26/0/map2-0.2-data-2026.08.27-15.20.44.298.jpk-force-map,2026-08-27T15:20:44.298000,10,2,0.2,linear_drift_corrected,315.0,0.016742378385236314,-1.9205693345522452,1.2636473417269825,64
27-08-26/0/map2-0.2-data-2026.08.27-15.20.44.298.jpk-force-map,2026-08-27T15:20:44.298000,10,2,0.2,linear_drift_corrected,320.0,-0.020043102687914444,-2.068178292306907,1.535168614731415,64
27-08-26/0/map2-0.2-data-2026.08.27-15.20.44.298.jpk-force-map,2026-08-27T15:20:44.298000,10,2,0.2,linear_drift_corrected,325.0,-0.0010043610695966987,-2.812997455368482,2.348194743952716,64
27-08-26/0/map2-0.2-data-2026.08.27-15.20.44.298.jpk-force-map,2026-08-27T15:20:44.298000,10,2,0.2,linear_drift_corrected,330.0,-0.8124883136363714,-2.2844098428554904,0.6418066182247734,64
27-08-26/0/map2-0.2-data-2026.08.27-15.20.44.298.jpk-force-map,2026-08-27T15:20:44.298000,10,2,0.2,linear_drift_corrected,335.0,0.05634586802605369,-1.1241921022334513,1.7586930203021487,63
27-08-26/0/map2-0.2-data-2026.08.27-15.20.44.298.jpk-force-map,2026-08-27T15:20:44.298000,10,2,0.2,linear_drift_corrected,340.0,-0.5021221866494122,-2.1899080805734634,1.8155012599514833,63
27-08-26/0/map2-0.2-data-2026.08.27-15.20.44.298.jpk-force-map,2026-08-27T15:20:44.298000,10,2,0.2,linear_drift_corrected,345.0,0.8066440260616573,-1.9686144862266735,2.174259797345284,63
27-08-26/0/map2-0.2-data-2026.08.27-15.20.44.298.jpk-force-map,2026-08-27T15:20:44.298000,10,2,0.2,linear_drift_corrected,350.0,0.6683562399029184,-1.6326805401441906,1.9601126583609882,62
27-08-26/0/map2-0.2-data-2026.08.27-15.20.44.298.jpk-force-map,2026-08-27T15:20:44.298000,10,2,0.2,linear_drift_corrected,355.0,0.3423209387084886,-1.732745678165475,3.295775494656227,61
27-08-26/0/map2-0.2-data-2026.08.27-15.20.44.298.jpk-force-map,2026-08-27T15:20:44.298000,10,2,0.2,linear_drift_corrected,360.0,1.6420929655062966,-0.7972113550958116,4.025317552230927,54
27-08-26/0/map2-0.2-data-2026.08.27-15.20.44.298.jpk-force-map,2026-08-27T15:20:44.298000,10,2,0.2,far_constant_referenced,5.0,6024.571533277595,5727.138025637558,6215.645347608123,64
27-08-26/0/map2-0.2-data-2026.08.27-15.20.44.298.jpk-force-map,2026-08-27T15:20:44.298000,10,2,0.2,far_constant_referenced,10.0,4370.9355640519225,4160.324212911844,4474.678351533212,64
27-08-26/0/map2-0.2-data-2026.08.27-15.20.44.298.jpk-force-map,2026-08-27T15:20:44.298000,10,2,0.2,far_constant_referenced,15.0,3264.0250496669332,3113.6607207476773,3322.5800361080123,64
27-08-26/0/map2-0.2-data-2026.08.27-15.20.44.298.jpk-force-map,2026-08-27T15:20:44.298000,10,2,0.2,far_constant_referenced,20.0,2487.683427368541,2365.749691871043,2530.84321799757,64
27-08-26/0/map2-0.2-data-2026.08.27-15.20.44.298.jpk-force-map,2026-08-27T15:20:44.298000,10,2,0.2,far_constant_referenced,25.0,1914.9338442459148,1830.1014880431462,1947.0470636024206,64
27-08-26/0/map2-0.2-data-2026.08.27-15.20.44.298.jpk-force-map,2026-08-27T15:20:44.298000,10,2,0.2,far_constant_referenced,30.0,1499.6235780744091,1439.5467969365222,1526.7039244140128,64
27-08-26/0/map2-0.2-data-2026.08.27-15.20.44.298.jpk-force-map,2026-08-27T15:20:44.298000,10,2,0.2,far_constant_referenced,35.0,1179.7408089142948,1132.4038700950262,1204.173528113948,64
27-08-26/0/map2-0.2-data-2026.08.27-15.20.44.298.jpk-force-map,2026-08-27T15:20:44.298000,10,2,0.2,far_constant_referenced,40.0,937.0030602636958,905.6069902287529,957.8760506530781,64
27-08-26/0/map2-0.2-data-2026.08.27-15.20.44.298.jpk-force-map,2026-08-27T15:20:44.298000,10,2,0.2,far_constant_referenced,45.0,745.6047509645113,717.4378334599095,759.702703310718,64
27-08-26/0/map2-0.2-data-2026.08.27-15.20.44.298.jpk-force-map,2026-08-27T15:20:44.298000,10,2,0.2,far_constant_referenced,50.0,593.9533695268176,574.0222578533788,607.3938157244161,64
27-08-26/0/map2-0.2-data-2026.08.27-15.20.44.298.jpk-force-map,2026-08-27T15:20:44.298000,10,2,0.2,far_constant_referenced,55.0,474.9241371827098,458.9835475210692,486.64912505011966,64
27-08-26/0/map2-0.2-data-2026.08.27-15.20.44.298.jpk-force-map,2026-08-27T15:20:44.298000,10,2,0.2,far_constant_referenced,60.0,381.20917068270126,368.80622350650657,392.5476745901864,64
27-08-26/0/map2-0.2-data-2026.08.27-15.20.44.298.jpk-force-map,2026-08-27T15:20:44.298000,10,2,0.2,far_constant_referenced,65.0,306.33997401870454,295.6098566059886,314.776201815502,64
27-08-26/0/map2-0.2-data-2026.08.27-15.20.44.298.jpk-force-map,2026-08-27T15:20:44.298000,10,2,0.2,far_constant_referenced,70.0,248.50037308136785,239.2049700264148,255.12877075547124,64
27-08-26/0/map2-0.2-data-2026.08.27-15.20.44.298.jpk-force-map,2026-08-27T15:20:44.298000,10,2,0.2,far_constant_referenced,75.0,198.1938301964393,193.56399845960496,205.4943256029355,64
27-08-26/0/map2-0.2-data-2026.08.27-15.20.44.298.jpk-force-map,2026-08-27T15:20:44.298000,10,2,0.2,far_constant_referenced,80.0,162.2882837510677,158.146685101135,167.54766779651257,64
27-08-26/0/map2-0.2-data-2026.08.27-15.20.44.298.jpk-force-map,2026-08-27T15:20:44.298000,10,2,0.2,far_constant_referenced,85.0,132.54242860331047,128.22807082749478,136.99102657443245,64
27-08-26/0/map2-0.2-data-2026.08.27-15.20.44.298.jpk-force-map,2026-08-27T15:20:44.298000,10,2,0.2,far_constant_referenced,90.0,109.13081739077344,103.85832645667877,113.61739386344313,64
27-08-26/0/map2-0.2-data-2026.08.27-15.20.44.298.jpk-force-map,2026-08-27T15:20:44.298000,10,2,0.2,far_constant_referenced,95.0,89.70273824533993,84.94690934058764,94.38363755603015,64
27-08-26/0/map2-0.2-data-2026.08.27-15.20.44.298.jpk-force-map,2026-08-27T15:20:44.298000,10,2,0.2,far_constant_referenced,100.0,74.3535085946628,71.08956074914288,79.36817331043211,64
27-08-26/0/map2-0.2-data-2026.08.27-15.20.44.298.jpk-force-map,2026-08-27T15:20:44.298000,10,2,0.2,far_constant_referenced,105.0,63.224720844355744,59.18646885336479,67.7105490306775,64
27-08-26/0/map2-0.2-data-2026.08.27-15.20.44.298.jpk-force-map,2026-08-27T15:20:44.298000,10,2,0.2,far_constant_referenced,110.0,54.21608962407567,50.618412006159886,56.95245996162232,64
27-08-26/0/map2-0.2-data-2026.08.27-15.20.44.298.jpk-force-map,2026-08-27T15:20:44.298000,10,2,0.2,far_constant_referenced,115.0,46.312344767976775,41.740683386523116,50.10365632537057,64
27-08-26/0/map2-0.2-data-2026.08.27-15.20.44.298.jpk-force-map,2026-08-27T15:20:44.298000,10,2,0.2,far_constant_referenced,120.0,40.203798248365246,35.90064101264633,42.48377924026104,64
27-08-26/0/map2-0.2-data-2026.08.27-15.20.44.298.jpk-force-map,2026-08-27T15:20:44.298000,10,2,0.2,far_constant_referenced,125.0,34.0670306436319,30.518454863213556,37.740142651955594,64
27-08-26/0/map2-0.2-data-2026.08.27-15.20.44.298.jpk-force-map,2026-08-27T15:20:44.298000,10,2,0.2,far_constant_referenced,130.0,30.43621463030781,27.942170293879443,33.4133906411547,64
27-08-26/0/map2-0.2-data-2026.08.27-15.20.44.298.jpk-force-map,2026-08-27T15:20:44.298000,10,2,0.2,far_constant_referenced,135.0,28.71108202662095,24.495996906297137,31.025401047593927,64
27-08-26/0/map2-0.2-data-2026.08.27-15.20.44.298.jpk-force-map,2026-08-27T15:20:44.298000,10,2,0.2,far_constant_referenced,140.0,24.652163079353837,21.81875900657853,28.264747036422836,64
27-08-26/0/map2-0.2-data-2026.08.27-15.20.44.298.jpk-force-map,2026-08-27T15:20:44.298000,10,2,0.2,far_constant_referenced,145.0,22.952317803202547,20.776176389033278,26.150849981084058,64
27-08-26/0/map2-0.2-data-2026.08.27-15.20.44.298.jpk-force-map,2026-08-27T15:20:44.298000,10,2,0.2,far_constant_referenced,150.0,20.94160112095046,19.088262122985068,24.65972908576068,64
27-08-26/0/map2-0.2-data-2026.08.27-15.20.44.298.jpk-force-map,2026-08-27T15:20:44.298000,10,2,0.2,far_constant_referenced,155.0,19.60371264109746,15.425352939627587,22.57676119946966,64
27-08-26/0/map2-0.2-data-2026.08.27-15.20.44.298.jpk-force-map,2026-08-27T15:20:44.298000,10,2,0.2,far_constant_referenced,160.0,18.86276662591468,14.552821364039502,22.024555568600633,64
27-08-26/0/map2-0.2-data-2026.08.27-15.20.44.298.jpk-force-map,2026-08-27T15:20:44.298000,10,2,0.2,far_constant_referenced,165.0,16.856444641261554,13.559607829115954,20.875698473307843,64
27-08-26/0/map2-0.2-data-2026.08.27-15.20.44.298.jpk-force-map,2026-08-27T15:20:44.298000,10,2,0.2,far_constant_referenced,170.0,16.558187205025856,12.746434365016373,19.254156018564846,64
27-08-26/0/map2-0.2-data-2026.08.27-15.20.44.298.jpk-force-map,2026-08-27T15:20:44.298000,10,2,0.2,far_constant_referenced,175.0,15.15366560752391,11.836161839102207,19.051043785346394,64
27-08-26/0/map2-0.2-data-2026.08.27-15.20.44.298.jpk-force-map,2026-08-27T15:20:44.298000,10,2,0.2,far_constant_referenced,180.0,14.292542429351458,10.137064849298833,18.429045605581642,64
27-08-26/0/map2-0.2-data-2026.08.27-15.20.44.298.jpk-force-map,2026-08-27T15:20:44.298000,10,2,0.2,far_constant_referenced,185.0,12.778058371387186,10.13948787175876,17.47574067588099,64
27-08-26/0/map2-0.2-data-2026.08.27-15.20.44.298.jpk-force-map,2026-08-27T15:20:44.298000,10,2,0.2,far_constant_referenced,190.0,12.703609818548793,10.338692387382501,16.457227935860814,64
27-08-26/0/map2-0.2-data-2026.08.27-15.20.44.298.jpk-force-map,2026-08-27T15:20:44.298000,10,2,0.2,far_constant_referenced,195.0,11.919358215674732,8.558335063462344,16.208648398834846,64
27-08-26/0/map2-0.2-data-2026.08.27-15.20.44.298.jpk-force-map,2026-08-27T15:20:44.298000,10,2,0.2,far_constant_referenced,200.0,11.666389919830378,7.069904435723197,14.801181166185513,64
27-08-26/0/map2-0.2-data-2026.08.27-15.20.44.298.jpk-force-map,2026-08-27T15:20:44.298000,10,2,0.2,far_constant_referenced,205.0,11.651816152387388,7.398526856855414,15.384232823174724,64
27-08-26/0/map2-0.2-data-2026.08.27-15.20.44.298.jpk-force-map,2026-08-27T15:20:44.298000,10,2,0.2,far_constant_referenced,210.0,10.262319669649415,5.799379543525438,14.378904175951371,64
27-08-26/0/map2-0.2-data-2026.08.27-15.20.44.298.jpk-force-map,2026-08-27T15:20:44.298000,10,2,0.2,far_constant_referenced,215.0,9.429417576598894,6.005170166767034,13.386676478597312,64
27-08-26/0/map2-0.2-data-2026.08.27-15.20.44.298.jpk-force-map,2026-08-27T15:20:44.298000,10,2,0.2,far_constant_referenced,220.0,7.843917580947814,5.276897509254733,12.085768785161413,64
27-08-26/0/map2-0.2-data-2026.08.27-15.20.44.298.jpk-force-map,2026-08-27T15:20:44.298000,10,2,0.2,far_constant_referenced,225.0,9.07718850282366,6.2160978351749225,11.234373329512078,64
27-08-26/0/map2-0.2-data-2026.08.27-15.20.44.298.jpk-force-map,2026-08-27T15:20:44.298000,10,2,0.2,far_constant_referenced,230.0,8.059934784277768,5.361525131937174,10.118814976702119,64
27-08-26/0/map2-0.2-data-2026.08.27-15.20.44.298.jpk-force-map,2026-08-27T15:20:44.298000,10,2,0.2,far_constant_referenced,235.0,7.240157396218688,4.986900916748932,9.199580830954392,64
27-08-26/0/map2-0.2-data-2026.08.27-15.20.44.298.jpk-force-map,2026-08-27T15:20:44.298000,10,2,0.2,far_constant_referenced,240.0,6.768748874584432,3.8159040476062893,10.146305591817706,64
27-08-26/0/map2-0.2-data-2026.08.27-15.20.44.298.jpk-force-map,2026-08-27T15:20:44.298000,10,2,0.2,far_constant_referenced,245.0,6.112917462088281,3.0141330421418404,8.604069612394122,64
27-08-26/0/map2-0.2-data-2026.08.27-15.20.44.298.jpk-force-map,2026-08-27T15:20:44.298000,10,2,0.2,far_constant_referenced,250.0,6.185905074914066,2.6312361056625897,8.197358165953005,64
27-08-26/0/map2-0.2-data-2026.08.27-15.20.44.298.jpk-force-map,2026-08-27T15:20:44.298000,10,2,0.2,far_constant_referenced,255.0,4.5916275616261775,2.4906651703016256,7.351580796693673,64
27-08-26/0/map2-0.2-data-2026.08.27-15.20.44.298.jpk-force-map,2026-08-27T15:20:44.298000,10,2,0.2,far_constant_referenced,260.0,4.384387875933033,1.0600960813551135,7.056268995605377,64
27-08-26/0/map2-0.2-data-2026.08.27-15.20.44.298.jpk-force-map,2026-08-27T15:20:44.298000,10,2,0.2,far_constant_referenced,265.0,3.5972143930337372,0.5811334308750654,6.1530458021911265,64
27-08-26/0/map2-0.2-data-2026.08.27-15.20.44.298.jpk-force-map,2026-08-27T15:20:44.298000,10,2,0.2,far_constant_referenced,270.0,3.8287912013761907,0.6837793137132163,6.475384993512928,64
27-08-26/0/map2-0.2-data-2026.08.27-15.20.44.298.jpk-force-map,2026-08-27T15:20:44.298000,10,2,0.2,far_constant_referenced,275.0,2.254931215581809,0.4726378492058732,4.61523421426918,64
27-08-26/0/map2-0.2-data-2026.08.27-15.20.44.298.jpk-force-map,2026-08-27T15:20:44.298000,10,2,0.2,far_constant_referenced,280.0,2.228669928037796,0.09804332792036044,4.499695238880599,64
27-08-26/0/map2-0.2-data-2026.08.27-15.20.44.298.jpk-force-map,2026-08-27T15:20:44.298000,10,2,0.2,far_constant_referenced,285.0,2.0939308751662358,0.0063129237130933324,4.240372447859381,64
27-08-26/0/map2-0.2-data-2026.08.27-15.20.44.298.jpk-force-map,2026-08-27T15:20:44.298000,10,2,0.2,far_constant_referenced,290.0,0.814895710455916,-0.7270967789655682,2.2851180370621362,64
27-08-26/0/map2-0.2-data-2026.08.27-15.20.44.298.jpk-force-map,2026-08-27T15:20:44.298000,10,2,0.2,far_constant_referenced,295.0,0.22135022825408668,-1.5414936318562005,2.43642628763784,64
27-08-26/0/map2-0.2-data-2026.08.27-15.20.44.298.jpk-force-map,2026-08-27T15:20:44.298000,10,2,0.2,far_constant_referenced,300.0,0.23449868836769855,-1.5487805155776933,1.7976213589474064,64
27-08-26/0/map2-0.2-data-2026.08.27-15.20.44.298.jpk-force-map,2026-08-27T15:20:44.298000,10,2,0.2,far_constant_referenced,305.0,-0.28508522099992867,-2.194616960426495,1.5599632393328593,64
27-08-26/0/map2-0.2-data-2026.08.27-15.20.44.298.jpk-force-map,2026-08-27T15:20:44.298000,10,2,0.2,far_constant_referenced,310.0,-0.7399839327354374,-2.4052595673685278,1.1746432803936626,64
27-08-26/0/map2-0.2-data-2026.08.27-15.20.44.298.jpk-force-map,2026-08-27T15:20:44.298000,10,2,0.2,far_constant_referenced,315.0,-0.20336760078162475,-2.241806510590335,0.7341639278071188,64
27-08-26/0/map2-0.2-data-2026.08.27-15.20.44.298.jpk-force-map,2026-08-27T15:20:44.298000,10,2,0.2,far_constant_referenced,320.0,-0.9126955483741586,-2.6441410757740886,1.3512388585049415,64
27-08-26/0/map2-0.2-data-2026.08.27-15.20.44.298.jpk-force-map,2026-08-27T15:20:44.298000,10,2,0.2,far_constant_referenced,325.0,-1.4697294078214678,-4.166434630147325,1.4522278215726674,64
27-08-26/0/map2-0.2-data-2026.08.27-15.20.44.298.jpk-force-map,2026-08-27T15:20:44.298000,10,2,0.2,far_constant_referenced,330.0,-2.0890373200020336,-3.811022370003137,-0.32426335621651226,64
27-08-26/0/map2-0.2-data-2026.08.27-15.20.44.298.jpk-force-map,2026-08-27T15:20:44.298000,10,2,0.2,far_constant_referenced,335.0,-1.3573439248991417,-3.4624515850399975,0.23012774589090873,63
27-08-26/0/map2-0.2-data-2026.08.27-15.20.44.298.jpk-force-map,2026-08-27T15:20:44.298000,10,2,0.2,far_constant_referenced,340.0,-2.8917822854748785,-5.045540435792199,0.49525866427939547,63
27-08-26/0/map2-0.2-data-2026.08.27-15.20.44.298.jpk-force-map,2026-08-27T15:20:44.298000,10,2,0.2,far_constant_referenced,345.0,-2.0005138572858727,-5.112197308563294,0.7171077500987623,63
27-08-26/0/map2-0.2-data-2026.08.27-15.20.44.298.jpk-force-map,2026-08-27T15:20:44.298000,10,2,0.2,far_constant_referenced,350.0,-2.229156908042008,-4.556594695225911,-0.3831404264813408,62
27-08-26/0/map2-0.2-data-2026.08.27-15.20.44.298.jpk-force-map,2026-08-27T15:20:44.298000,10,2,0.2,far_constant_referenced,355.0,-3.0970740511511723,-5.277580469016715,-0.1187043454159285,61
27-08-26/0/map2-0.2-data-2026.08.27-15.20.44.298.jpk-force-map,2026-08-27T15:20:44.298000,10,2,0.2,far_constant_referenced,360.0,-1.8034769965589468,-5.4308663335119585,0.7153914425229565,54
27-08-26/0/map2-0.05-data-2026.08.27-15.24.51.168.jpk-force-map,2026-08-27T15:24:51.168000,11,2,0.05,linear_drift_corrected,5.0,5962.075319318479,5605.588708874042,6209.187343548705,64
27-08-26/0/map2-0.05-data-2026.08.27-15.24.51.168.jpk-force-map,2026-08-27T15:24:51.168000,11,2,0.05,linear_drift_corrected,10.0,4294.043208073959,4055.2376563009293,4437.474527911458,64
27-08-26/0/map2-0.05-data-2026.08.27-15.24.51.168.jpk-force-map,2026-08-27T15:24:51.168000,11,2,0.05,linear_drift_corrected,15.0,3150.8831999237273,2985.4318806798174,3247.0903338117705,64
27-08-26/0/map2-0.05-data-2026.08.27-15.24.51.168.jpk-force-map,2026-08-27T15:24:51.168000,11,2,0.05,linear_drift_corrected,20.0,2369.89383156281,2238.6132458971447,2438.7221893536725,64
27-08-26/0/map2-0.05-data-2026.08.27-15.24.51.168.jpk-force-map,2026-08-27T15:24:51.168000,11,2,0.05,linear_drift_corrected,25.0,1794.2758239811963,1701.613669042388,1864.828850331029,64
27-08-26/0/map2-0.05-data-2026.08.27-15.24.51.168.jpk-force-map,2026-08-27T15:24:51.168000,11,2,0.05,linear_drift_corrected,30.0,1387.2142003456697,1304.5288016958318,1432.3258757495855,64
27-08-26/0/map2-0.05-data-2026.08.27-15.24.51.168.jpk-force-map,2026-08-27T15:24:51.168000,11,2,0.05,linear_drift_corrected,35.0,1074.6781145946602,1014.4229845244088,1120.6690298257504,64
27-08-26/0/map2-0.05-data-2026.08.27-15.24.51.168.jpk-force-map,2026-08-27T15:24:51.168000,11,2,0.05,linear_drift_corrected,40.0,834.9677764153748,785.7641507234027,872.3433047480128,64
27-08-26/0/map2-0.05-data-2026.08.27-15.24.51.168.jpk-force-map,2026-08-27T15:24:51.168000,11,2,0.05,linear_drift_corrected,45.0,645.0426697548057,606.8136971915511,685.0122550150536,64
27-08-26/0/map2-0.05-data-2026.08.27-15.24.51.168.jpk-force-map,2026-08-27T15:24:51.168000,11,2,0.05,linear_drift_corrected,50.0,500.8101017118212,466.8271948866038,538.5786386544683,64
27-08-26/0/map2-0.05-data-2026.08.27-15.24.51.168.jpk-force-map,2026-08-27T15:24:51.168000,11,2,0.05,linear_drift_corrected,55.0,390.5286874121515,360.5896686612955,418.42686182779636,64
27-08-26/0/map2-0.05-data-2026.08.27-15.24.51.168.jpk-force-map,2026-08-27T15:24:51.168000,11,2,0.05,linear_drift_corrected,60.0,303.0065010648262,273.6401276605542,330.2370330384848,64
27-08-26/0/map2-0.05-data-2026.08.27-15.24.51.168.jpk-force-map,2026-08-27T15:24:51.168000,11,2,0.05,linear_drift_corrected,65.0,237.89003866081595,211.36862321414185,259.01257362488855,64
27-08-26/0/map2-0.05-data-2026.08.27-15.24.51.168.jpk-force-map,2026-08-27T15:24:51.168000,11,2,0.05,linear_drift_corrected,70.0,180.6857878020328,160.41044972312656,201.66806204015188,64
27-08-26/0/map2-0.05-data-2026.08.27-15.24.51.168.jpk-force-map,2026-08-27T15:24:51.168000,11,2,0.05,linear_drift_corrected,75.0,141.6214415553011,121.75890110117119,159.1733984548962,64
27-08-26/0/map2-0.05-data-2026.08.27-15.24.51.168.jpk-force-map,2026-08-27T15:24:51.168000,11,2,0.05,linear_drift_corrected,80.0,109.97729226244438,92.86717008159012,126.25115881643802,64
27-08-26/0/map2-0.05-data-2026.08.27-15.24.51.168.jpk-force-map,2026-08-27T15:24:51.168000,11,2,0.05,linear_drift_corrected,85.0,85.48402542104583,69.77097378229931,97.56674861413151,64
27-08-26/0/map2-0.05-data-2026.08.27-15.24.51.168.jpk-force-map,2026-08-27T15:24:51.168000,11,2,0.05,linear_drift_corrected,90.0,67.94127294613274,54.07042830530009,77.88323246027768,64
27-08-26/0/map2-0.05-data-2026.08.27-15.24.51.168.jpk-force-map,2026-08-27T15:24:51.168000,11,2,0.05,linear_drift_corrected,95.0,53.15105492850475,42.96967072226054,61.01828981435789,64
27-08-26/0/map2-0.05-data-2026.08.27-15.24.51.168.jpk-force-map,2026-08-27T15:24:51.168000,11,2,0.05,linear_drift_corrected,100.0,41.422188712384965,32.355233047679924,49.17591725090743,64
27-08-26/0/map2-0.05-data-2026.08.27-15.24.51.168.jpk-force-map,2026-08-27T15:24:51.168000,11,2,0.05,linear_drift_corrected,105.0,32.665935903526,22.151410432947078,39.81598155566709,64
27-08-26/0/map2-0.05-data-2026.08.27-15.24.51.168.jpk-force-map,2026-08-27T15:24:51.168000,11,2,0.05,linear_drift_corrected,110.0,25.576315444164592,18.22844706703849,32.33642533054319,64
27-08-26/0/map2-0.05-data-2026.08.27-15.24.51.168.jpk-force-map,2026-08-27T15:24:51.168000,11,2,0.05,linear_drift_corrected,115.0,22.006976714282857,16.00372215762182,26.736118880688288,64
27-08-26/0/map2-0.05-data-2026.08.27-15.24.51.168.jpk-force-map,2026-08-27T15:24:51.168000,11,2,0.05,linear_drift_corrected,120.0,17.60281922186906,9.34290200246563,23.759081177616494,64
27-08-26/0/map2-0.05-data-2026.08.27-15.24.51.168.jpk-force-map,2026-08-27T15:24:51.168000,11,2,0.05,linear_drift_corrected,125.0,14.066213530200653,6.318034921575056,20.789953465496296,64
27-08-26/0/map2-0.05-data-2026.08.27-15.24.51.168.jpk-force-map,2026-08-27T15:24:51.168000,11,2,0.05,linear_drift_corrected,130.0,13.020007565042114,4.291989354484235,17.90325027850986,64
27-08-26/0/map2-0.05-data-2026.08.27-15.24.51.168.jpk-force-map,2026-08-27T15:24:51.168000,11,2,0.05,linear_drift_corrected,135.0,9.091359997806824,1.1398776291052135,15.400513496566749,64
27-08-26/0/map2-0.05-data-2026.08.27-15.24.51.168.jpk-force-map,2026-08-27T15:24:51.168000,11,2,0.05,linear_drift_corrected,140.0,7.105919591385728,0.07035593715618874,16.14535134081006,64
27-08-26/0/map2-0.05-data-2026.08.27-15.24.51.168.jpk-force-map,2026-08-27T15:24:51.168000,11,2,0.05,linear_drift_corrected,145.0,6.291936388270943,0.3923003352489137,13.559070912224989,64
27-08-26/0/map2-0.05-data-2026.08.27-15.24.51.168.jpk-force-map,2026-08-27T15:24:51.168000,11,2,0.05,linear_drift_corrected,150.0,4.573095049637173,-1.1969420280433036,12.76082027088522,64
27-08-26/0/map2-0.05-data-2026.08.27-15.24.51.168.jpk-force-map,2026-08-27T15:24:51.168000,11,2,0.05,linear_drift_corrected,155.0,4.116814815852701,-1.2288782987739002,11.918349774281333,64
27-08-26/0/map2-0.05-data-2026.08.27-15.24.51.168.jpk-force-map,2026-08-27T15:24:51.168000,11,2,0.05,linear_drift_corrected,160.0,4.716161825887461,-1.818966080596811,10.890899644263065,64
27-08-26/0/map2-0.05-data-2026.08.27-15.24.51.168.jpk-force-map,2026-08-27T15:24:51.168000,11,2,0.05,linear_drift_corrected,165.0,4.694174730973769,-2.137256007960759,11.119715493854208,64
27-08-26/0/map2-0.05-data-2026.08.27-15.24.51.168.jpk-force-map,2026-08-27T15:24:51.168000,11,2,0.05,linear_drift_corrected,170.0,3.271994553079039,-2.1912477878915726,11.095253472771132,64
27-08-26/0/map2-0.05-data-2026.08.27-15.24.51.168.jpk-force-map,2026-08-27T15:24:51.168000,11,2,0.05,linear_drift_corrected,175.0,2.0012307168942907,-2.2701436521617717,10.0860553918643,64
27-08-26/0/map2-0.05-data-2026.08.27-15.24.51.168.jpk-force-map,2026-08-27T15:24:51.168000,11,2,0.05,linear_drift_corrected,180.0,3.7324055903835576,-2.33761611667727,9.882137249467565,64
27-08-26/0/map2-0.05-data-2026.08.27-15.24.51.168.jpk-force-map,2026-08-27T15:24:51.168000,11,2,0.05,linear_drift_corrected,185.0,3.5651518355357528,-2.393410647535588,8.186182821203339,64
27-08-26/0/map2-0.05-data-2026.08.27-15.24.51.168.jpk-force-map,2026-08-27T15:24:51.168000,11,2,0.05,linear_drift_corrected,190.0,1.8608211316584886,-3.30259143226247,8.309579645814543,64
27-08-26/0/map2-0.05-data-2026.08.27-15.24.51.168.jpk-force-map,2026-08-27T15:24:51.168000,11,2,0.05,linear_drift_corrected,195.0,3.720118393902906,-2.126069109413161,9.793529543851843,64
27-08-26/0/map2-0.05-data-2026.08.27-15.24.51.168.jpk-force-map,2026-08-27T15:24:51.168000,11,2,0.05,linear_drift_corrected,200.0,1.0472184171856318,-2.2866044074180545,9.002864250920066,64
27-08-26/0/map2-0.05-data-2026.08.27-15.24.51.168.jpk-force-map,2026-08-27T15:24:51.168000,11,2,0.05,linear_drift_corrected,205.0,1.6572180060985016,-2.3914513575656597,7.247612068231138,64
27-08-26/0/map2-0.05-data-2026.08.27-15.24.51.168.jpk-force-map,2026-08-27T15:24:51.168000,11,2,0.05,linear_drift_corrected,210.0,1.2043938687427962,-1.9214548342673474,7.043236612406716,64
27-08-26/0/map2-0.05-data-2026.08.27-15.24.51.168.jpk-force-map,2026-08-27T15:24:51.168000,11,2,0.05,linear_drift_corrected,215.0,1.6080019877639224,-3.1222536952042614,5.691083797528089,64
27-08-26/0/map2-0.05-data-2026.08.27-15.24.51.168.jpk-force-map,2026-08-27T15:24:51.168000,11,2,0.05,linear_drift_corrected,220.0,1.6769685532503715,-3.069786826827012,5.884351369839212,64
27-08-26/0/map2-0.05-data-2026.08.27-15.24.51.168.jpk-force-map,2026-08-27T15:24:51.168000,11,2,0.05,linear_drift_corrected,225.0,0.026509605407275795,-3.9391587120395206,6.592006880107321,64
27-08-26/0/map2-0.05-data-2026.08.27-15.24.51.168.jpk-force-map,2026-08-27T15:24:51.168000,11,2,0.05,linear_drift_corrected,230.0,0.8741033463059852,-2.8329574191533013,5.947245831829508,64
27-08-26/0/map2-0.05-data-2026.08.27-15.24.51.168.jpk-force-map,2026-08-27T15:24:51.168000,11,2,0.05,linear_drift_corrected,235.0,1.08761710593779,-2.47292963999722,5.069021124689473,64
27-08-26/0/map2-0.05-data-2026.08.27-15.24.51.168.jpk-force-map,2026-08-27T15:24:51.168000,11,2,0.05,linear_drift_corrected,240.0,0.3943722226141988,-3.128326833611949,4.074396288179217,64
27-08-26/0/map2-0.05-data-2026.08.27-15.24.51.168.jpk-force-map,2026-08-27T15:24:51.168000,11,2,0.05,linear_drift_corrected,245.0,-0.3001489806632163,-2.3849905887512612,2.7927209321775806,64
27-08-26/0/map2-0.05-data-2026.08.27-15.24.51.168.jpk-force-map,2026-08-27T15:24:51.168000,11,2,0.05,linear_drift_corrected,250.0,-0.1505483145922073,-2.786973777331096,3.1997203683296953,64
27-08-26/0/map2-0.05-data-2026.08.27-15.24.51.168.jpk-force-map,2026-08-27T15:24:51.168000,11,2,0.05,linear_drift_corrected,255.0,1.1278204394896973,-2.0692887299687177,2.649310185668595,64
27-08-26/0/map2-0.05-data-2026.08.27-15.24.51.168.jpk-force-map,2026-08-27T15:24:51.168000,11,2,0.05,linear_drift_corrected,260.0,0.17297690050640704,-1.3986880505331987,2.339139314176972,64
27-08-26/0/map2-0.05-data-2026.08.27-15.24.51.168.jpk-force-map,2026-08-27T15:24:51.168000,11,2,0.05,linear_drift_corrected,265.0,0.9868587175945669,-0.6543575749192118,2.530916551326869,64
27-08-26/0/map2-0.05-data-2026.08.27-15.24.51.168.jpk-force-map,2026-08-27T15:24:51.168000,11,2,0.05,linear_drift_corrected,270.0,0.30774639003861776,-1.613994396119066,1.7110841099847747,64
27-08-26/0/map2-0.05-data-2026.08.27-15.24.51.168.jpk-force-map,2026-08-27T15:24:51.168000,11,2,0.05,linear_drift_corrected,275.0,0.11973633718917945,-1.1957865890685542,2.136631356029316,64
27-08-26/0/map2-0.05-data-2026.08.27-15.24.51.168.jpk-force-map,2026-08-27T15:24:51.168000,11,2,0.05,linear_drift_corrected,280.0,-0.6952249876559476,-2.244473693111746,0.8888923905873196,64
27-08-26/0/map2-0.05-data-2026.08.27-15.24.51.168.jpk-force-map,2026-08-27T15:24:51.168000,11,2,0.05,linear_drift_corrected,285.0,0.1966937557318798,-1.7249797786457113,1.0518692627654183,64
27-08-26/0/map2-0.05-data-2026.08.27-15.24.51.168.jpk-force-map,2026-08-27T15:24:51.168000,11,2,0.05,linear_drift_corrected,290.0,-0.022225183550079266,-1.8525816589167088,1.652669899643699,64
27-08-26/0/map2-0.05-data-2026.08.27-15.24.51.168.jpk-force-map,2026-08-27T15:24:51.168000,11,2,0.05,linear_drift_corrected,295.0,-0.7340502226074015,-2.2449247560853527,1.4771643415623692,64
27-08-26/0/map2-0.05-data-2026.08.27-15.24.51.168.jpk-force-map,2026-08-27T15:24:51.168000,11,2,0.05,linear_drift_corrected,300.0,0.27799140884924317,-1.6094067487981376,1.8734888848371278,64
27-08-26/0/map2-0.05-data-2026.08.27-15.24.51.168.jpk-force-map,2026-08-27T15:24:51.168000,11,2,0.05,linear_drift_corrected,305.0,0.1040893366727823,-1.7605237330209849,2.0063128756869637,64
27-08-26/0/map2-0.05-data-2026.08.27-15.24.51.168.jpk-force-map,2026-08-27T15:24:51.168000,11,2,0.05,linear_drift_corrected,310.0,-0.1877571924290316,-2.6770696280358655,1.0426273978320029,64
27-08-26/0/map2-0.05-data-2026.08.27-15.24.51.168.jpk-force-map,2026-08-27T15:24:51.168000,11,2,0.05,linear_drift_corrected,315.0,0.00893200483808819,-2.21235437034284,1.2367256142170098,64
27-08-26/0/map2-0.05-data-2026.08.27-15.24.51.168.jpk-force-map,2026-08-27T15:24:51.168000,11,2,0.05,linear_drift_corrected,320.0,-0.5898071527233655,-2.281997967092257,1.2527486615116281,64
27-08-26/0/map2-0.05-data-2026.08.27-15.24.51.168.jpk-force-map,2026-08-27T15:24:51.168000,11,2,0.05,linear_drift_corrected,325.0,-0.3456777577938691,-2.364445515283606,2.2603140912805437,64
27-08-26/0/map2-0.05-data-2026.08.27-15.24.51.168.jpk-force-map,2026-08-27T15:24:51.168000,11,2,0.05,linear_drift_corrected,330.0,-0.2946098583487055,-2.0013943513931736,0.8822333734974394,64
27-08-26/0/map2-0.05-data-2026.08.27-15.24.51.168.jpk-force-map,2026-08-27T15:24:51.168000,11,2,0.05,linear_drift_corrected,335.0,0.24245652136360082,-2.1312086819485865,2.078711094326171,64
27-08-26/0/map2-0.05-data-2026.08.27-15.24.51.168.jpk-force-map,2026-08-27T15:24:51.168000,11,2,0.05,linear_drift_corrected,340.0,-0.3448085074782224,-1.9506210260748242,2.00338953206525,63
27-08-26/0/map2-0.05-data-2026.08.27-15.24.51.168.jpk-force-map,2026-08-27T15:24:51.168000,11,2,0.05,linear_drift_corrected,345.0,0.39750718270167484,-0.9083113246447438,1.566330592198841,63
27-08-26/0/map2-0.05-data-2026.08.27-15.24.51.168.jpk-force-map,2026-08-27T15:24:51.168000,11,2,0.05,linear_drift_corrected,350.0,0.3495822254381878,-1.6823441562956871,1.7920265822326138,62
27-08-26/0/map2-0.05-data-2026.08.27-15.24.51.168.jpk-force-map,2026-08-27T15:24:51.168000,11,2,0.05,linear_drift_corrected,355.0,0.876013868461899,-1.4226191012694123,3.022594356166677,61
27-08-26/0/map2-0.05-data-2026.08.27-15.24.51.168.jpk-force-map,2026-08-27T15:24:51.168000,11,2,0.05,linear_drift_corrected,360.0,1.710672656201294,-0.4646444996812421,4.426680324449848,50
27-08-26/0/map2-0.05-data-2026.08.27-15.24.51.168.jpk-force-map,2026-08-27T15:24:51.168000,11,2,0.05,far_constant_referenced,5.0,5992.171755882517,5623.301559832043,6223.926887988218,64
27-08-26/0/map2-0.05-data-2026.08.27-15.24.51.168.jpk-force-map,2026-08-27T15:24:51.168000,11,2,0.05,far_constant_referenced,10.0,4314.07045761325,4073.618812837282,4461.589908735728,64
27-08-26/0/map2-0.05-data-2026.08.27-15.24.51.168.jpk-force-map,2026-08-27T15:24:51.168000,11,2,0.05,far_constant_referenced,15.0,3186.6761151888268,3017.625163874447,3287.2649172850597,64
27-08-26/0/map2-0.05-data-2026.08.27-15.24.51.168.jpk-force-map,2026-08-27T15:24:51.168000,11,2,0.05,far_constant_referenced,20.0,2393.961144290908,2275.0224011458745,2470.5564890900637,64
27-08-26/0/map2-0.05-data-2026.08.27-15.24.51.168.jpk-force-map,2026-08-27T15:24:51.168000,11,2,0.05,far_constant_referenced,25.0,1825.552667211646,1748.7345409381262,1889.3920815357033,64
27-08-26/0/map2-0.05-data-2026.08.27-15.24.51.168.jpk-force-map,2026-08-27T15:24:51.168000,11,2,0.05,far_constant_referenced,30.0,1409.2913172143615,1341.0361404367827,1459.9656547168584,64
27-08-26/0/map2-0.05-data-2026.08.27-15.24.51.168.jpk-force-map,2026-08-27T15:24:51.168000,11,2,0.05,far_constant_referenced,35.0,1097.0495612592956,1040.9346237619832,1136.2260989439067,64
27-08-26/0/map2-0.05-data-2026.08.27-15.24.51.168.jpk-force-map,2026-08-27T15:24:51.168000,11,2,0.05,far_constant_referenced,40.0,855.4736162455645,806.3385572097827,888.98747917588,64
27-08-26/0/map2-0.05-data-2026.08.27-15.24.51.168.jpk-force-map,2026-08-27T15:24:51.168000,11,2,0.05,far_constant_referenced,45.0,669.389375283029,633.9732793745695,696.259031505446,64
27-08-26/0/map2-0.05-data-2026.08.27-15.24.51.168.jpk-force-map,2026-08-27T15:24:51.168000,11,2,0.05,far_constant_referenced,50.0,522.665827650842,493.9615692830605,548.8473276782885,64
27-08-26/0/map2-0.05-data-2026.08.27-15.24.51.168.jpk-force-map,2026-08-27T15:24:51.168000,11,2,0.05,far_constant_referenced,55.0,412.8320011749696,386.19926072459975,436.198584553459,64
27-08-26/0/map2-0.05-data-2026.08.27-15.24.51.168.jpk-force-map,2026-08-27T15:24:51.168000,11,2,0.05,far_constant_referenced,60.0,326.3601495838883,300.8565791713241,344.69505364036377,64
27-08-26/0/map2-0.05-data-2026.08.27-15.24.51.168.jpk-force-map,2026-08-27T15:24:51.168000,11,2,0.05,far_constant_referenced,65.0,258.9247264392466,237.66006753452913,275.7707010104177,64
27-08-26/0/map2-0.05-data-2026.08.27-15.24.51.168.jpk-force-map,2026-08-27T15:24:51.168000,11,2,0.05,far_constant_referenced,70.0,203.63488153857588,185.83464589403738,220.0274361543657,64
27-08-26/0/map2-0.05-data-2026.08.27-15.24.51.168.jpk-force-map,2026-08-27T15:24:51.168000,11,2,0.05,far_constant_referenced,75.0,162.2094761333136,145.3798391474057,174.5054124229739,64
27-08-26/0/map2-0.05-data-2026.08.27-15.24.51.168.jpk-force-map,2026-08-27T15:24:51.168000,11,2,0.05,far_constant_referenced,80.0,129.55576835994262,117.41502428333058,141.00978748769404,64
27-08-26/0/map2-0.05-data-2026.08.27-15.24.51.168.jpk-force-map,2026-08-27T15:24:51.168000,11,2,0.05,far_constant_referenced,85.0,102.84663737549803,92.77380637651034,112.55484506572533,64
27-08-26/0/map2-0.05-data-2026.08.27-15.24.51.168.jpk-force-map,2026-08-27T15:24:51.168000,11,2,0.05,far_constant_referenced,90.0,82.32197428107705,75.71256882713773,91.94285220347663,64
27-08-26/0/map2-0.05-data-2026.08.27-15.24.51.168.jpk-force-map,2026-08-27T15:24:51.168000,11,2,0.05,far_constant_referenced,95.0,69.04963120541888,60.9075036984797,75.52284260525448,64
27-08-26/0/map2-0.05-data-2026.08.27-15.24.51.168.jpk-force-map,2026-08-27T15:24:51.168000,11,2,0.05,far_constant_referenced,100.0,57.08500760447494,51.422600095303785,64.17390426036225,64
27-08-26/0/map2-0.05-data-2026.08.27-15.24.51.168.jpk-force-map,2026-08-27T15:24:51.168000,11,2,0.05,far_constant_referenced,105.0,46.52397915126885,42.613945432117504,52.04604733752008,64
27-08-26/0/map2-0.05-data-2026.08.27-15.24.51.168.jpk-force-map,2026-08-27T15:24:51.168000,11,2,0.05,far_constant_referenced,110.0,39.600525043640374,36.28498701157711,46.10217132469731,64
27-08-26/0/map2-0.05-data-2026.08.27-15.24.51.168.jpk-force-map,2026-08-27T15:24:51.168000,11,2,0.05,far_constant_referenced,115.0,35.63552197181892,31.289088842311422,39.929622567215716,64
27-08-26/0/map2-0.05-data-2026.08.27-15.24.51.168.jpk-force-map,2026-08-27T15:24:51.168000,11,2,0.05,far_constant_referenced,120.0,30.860469234461455,27.54812626632822,35.29446374423779,64
27-08-26/0/map2-0.05-data-2026.08.27-15.24.51.168.jpk-force-map,2026-08-27T15:24:51.168000,11,2,0.05,far_constant_referenced,125.0,27.873345766211564,23.682829380978095,32.89819549060548,64
27-08-26/0/map2-0.05-data-2026.08.27-15.24.51.168.jpk-force-map,2026-08-27T15:24:51.168000,11,2,0.05,far_constant_referenced,130.0,25.78137468862322,20.357076646387554,29.96820309114188,64
27-08-26/0/map2-0.05-data-2026.08.27-15.24.51.168.jpk-force-map,2026-08-27T15:24:51.168000,11,2,0.05,far_constant_referenced,135.0,23.128450156431768,18.0405899705178,26.436190569647167,64
27-08-26/0/map2-0.05-data-2026.08.27-15.24.51.168.jpk-force-map,2026-08-27T15:24:51.168000,11,2,0.05,far_constant_referenced,140.0,21.343454644910597,16.36284883553307,23.7662454924306,64
27-08-26/0/map2-0.05-data-2026.08.27-15.24.51.168.jpk-force-map,2026-08-27T15:24:51.168000,11,2,0.05,far_constant_referenced,145.0,19.532684825849582,15.109623611045805,23.1853674291187,64
27-08-26/0/map2-0.05-data-2026.08.27-15.24.51.168.jpk-force-map,2026-08-27T15:24:51.168000,11,2,0.05,far_constant_referenced,150.0,17.738947429374797,14.257984665394337,20.751114735158183,64
27-08-26/0/map2-0.05-data-2026.08.27-15.24.51.168.jpk-force-map,2026-08-27T15:24:51.168000,11,2,0.05,far_constant_referenced,155.0,16.641389520378937,12.675157120985862,21.450471470225516,64
27-08-26/0/map2-0.05-data-2026.08.27-15.24.51.168.jpk-force-map,2026-08-27T15:24:51.168000,11,2,0.05,far_constant_referenced,160.0,15.264590150433602,11.936384699480389,20.24854543203512,64
27-08-26/0/map2-0.05-data-2026.08.27-15.24.51.168.jpk-force-map,2026-08-27T15:24:51.168000,11,2,0.05,far_constant_referenced,165.0,15.777831442185457,10.897460370747263,20.068321259014425,64
27-08-26/0/map2-0.05-data-2026.08.27-15.24.51.168.jpk-force-map,2026-08-27T15:24:51.168000,11,2,0.05,far_constant_referenced,170.0,13.487362563857571,10.550083280672487,18.600058729986102,64
27-08-26/0/map2-0.05-data-2026.08.27-15.24.51.168.jpk-force-map,2026-08-27T15:24:51.168000,11,2,0.05,far_constant_referenced,175.0,14.77467638863941,9.573433004672534,17.273845892673048,64
27-08-26/0/map2-0.05-data-2026.08.27-15.24.51.168.jpk-force-map,2026-08-27T15:24:51.168000,11,2,0.05,far_constant_referenced,180.0,12.399069152502685,9.03682261149928,16.444851517217273,64
27-08-26/0/map2-0.05-data-2026.08.27-15.24.51.168.jpk-force-map,2026-08-27T15:24:51.168000,11,2,0.05,far_constant_referenced,185.0,11.025666765025788,7.724007663082428,16.075108979632173,64
27-08-26/0/map2-0.05-data-2026.08.27-15.24.51.168.jpk-force-map,2026-08-27T15:24:51.168000,11,2,0.05,far_constant_referenced,190.0,10.4588933054943,7.736621632947527,14.399814622229567,64
27-08-26/0/map2-0.05-data-2026.08.27-15.24.51.168.jpk-force-map,2026-08-27T15:24:51.168000,11,2,0.05,far_constant_referenced,195.0,11.20662140805274,8.11391236059783,16.44606302844724,64
27-08-26/0/map2-0.05-data-2026.08.27-15.24.51.168.jpk-force-map,2026-08-27T15:24:51.168000,11,2,0.05,far_constant_referenced,200.0,11.524785636655588,7.14893772713781,14.976588988188972,64
27-08-26/0/map2-0.05-data-2026.08.27-15.24.51.168.jpk-force-map,2026-08-27T15:24:51.168000,11,2,0.05,far_constant_referenced,205.0,9.703848625311648,6.954312011309738,13.815521760107726,64
27-08-26/0/map2-0.05-data-2026.08.27-15.24.51.168.jpk-force-map,2026-08-27T15:24:51.168000,11,2,0.05,far_constant_referenced,210.0,9.296614566183056,6.576831242682217,12.318794655955422,64
27-08-26/0/map2-0.05-data-2026.08.27-15.24.51.168.jpk-force-map,2026-08-27T15:24:51.168000,11,2,0.05,far_constant_referenced,215.0,8.941475489943706,5.34571609814204,12.41051318260155,64
27-08-26/0/map2-0.05-data-2026.08.27-15.24.51.168.jpk-force-map,2026-08-27T15:24:51.168000,11,2,0.05,far_constant_referenced,220.0,8.458866428212644,5.717186820864012,11.404650045129722,64
27-08-26/0/map2-0.05-data-2026.08.27-15.24.51.168.jpk-force-map,2026-08-27T15:24:51.168000,11,2,0.05,far_constant_referenced,225.0,7.3438009941874105,3.3245412233605593,10.328756807540547,64
27-08-26/0/map2-0.05-data-2026.08.27-15.24.51.168.jpk-force-map,2026-08-27T15:24:51.168000,11,2,0.05,far_constant_referenced,230.0,7.114647208304929,4.343030208258627,10.450353339079044,64
27-08-26/0/map2-0.05-data-2026.08.27-15.24.51.168.jpk-force-map,2026-08-27T15:24:51.168000,11,2,0.05,far_constant_referenced,235.0,6.299240762722642,3.469013937535746,8.401474053082582,64
27-08-26/0/map2-0.05-data-2026.08.27-15.24.51.168.jpk-force-map,2026-08-27T15:24:51.168000,11,2,0.05,far_constant_referenced,240.0,5.6950292306725565,2.154233252760446,8.858795787278058,64
27-08-26/0/map2-0.05-data-2026.08.27-15.24.51.168.jpk-force-map,2026-08-27T15:24:51.168000,11,2,0.05,far_constant_referenced,245.0,4.996391088050453,1.540038630624128,7.674602947777494,64
27-08-26/0/map2-0.05-data-2026.08.27-15.24.51.168.jpk-force-map,2026-08-27T15:24:51.168000,11,2,0.05,far_constant_referenced,250.0,4.345453230718543,1.4911505892260724,8.198344003522505,64
27-08-26/0/map2-0.05-data-2026.08.27-15.24.51.168.jpk-force-map,2026-08-27T15:24:51.168000,11,2,0.05,far_constant_referenced,255.0,4.586258904018813,0.38578318382124543,7.558576992384705,64
27-08-26/0/map2-0.05-data-2026.08.27-15.24.51.168.jpk-force-map,2026-08-27T15:24:51.168000,11,2,0.05,far_constant_referenced,260.0,3.670677108302647,1.208720003127154,6.906659236263861,64
27-08-26/0/map2-0.05-data-2026.08.27-15.24.51.168.jpk-force-map,2026-08-27T15:24:51.168000,11,2,0.05,far_constant_referenced,265.0,4.223838882838447,1.249572874455743,6.870171368631497,64
27-08-26/0/map2-0.05-data-2026.08.27-15.24.51.168.jpk-force-map,2026-08-27T15:24:51.168000,11,2,0.05,far_constant_referenced,270.0,2.921939413052543,1.3483229172602296,5.010507569391955,64
27-08-26/0/map2-0.05-data-2026.08.27-15.24.51.168.jpk-force-map,2026-08-27T15:24:51.168000,11,2,0.05,far_constant_referenced,275.0,2.77842284254414,1.1457095416070693,4.8711243901387515,64
27-08-26/0/map2-0.05-data-2026.08.27-15.24.51.168.jpk-force-map,2026-08-27T15:24:51.168000,11,2,0.05,far_constant_referenced,280.0,1.4882108928591764,-1.1802613667836455,3.9353329242479997,64
27-08-26/0/map2-0.05-data-2026.08.27-15.24.51.168.jpk-force-map,2026-08-27T15:24:51.168000,11,2,0.05,far_constant_referenced,285.0,1.8253554640650806,-0.49988497431936885,3.4055283735725435,64
27-08-26/0/map2-0.05-data-2026.08.27-15.24.51.168.jpk-force-map,2026-08-27T15:24:51.168000,11,2,0.05,far_constant_referenced,290.0,0.9681518810484266,-0.48262687807268106,3.6816460359584133,64
27-08-26/0/map2-0.05-data-2026.08.27-15.24.51.168.jpk-force-map,2026-08-27T15:24:51.168000,11,2,0.05,far_constant_referenced,295.0,0.30894724120610495,-1.2097058406966252,3.0443079860610927,64
27-08-26/0/map2-0.05-data-2026.08.27-15.24.51.168.jpk-force-map,2026-08-27T15:24:51.168000,11,2,0.05,far_constant_referenced,300.0,1.4176581800544557,-0.9712994347341974,2.5925983994750723,64
27-08-26/0/map2-0.05-data-2026.08.27-15.24.51.168.jpk-force-map,2026-08-27T15:24:51.168000,11,2,0.05,far_constant_referenced,305.0,0.5901484997334618,-1.3714544674601274,2.261778629543386,64
27-08-26/0/map2-0.05-data-2026.08.27-15.24.51.168.jpk-force-map,2026-08-27T15:24:51.168000,11,2,0.05,far_constant_referenced,310.0,-0.17610859810707918,-2.7850030113814954,1.1133669427909718,64
27-08-26/0/map2-0.05-data-2026.08.27-15.24.51.168.jpk-force-map,2026-08-27T15:24:51.168000,11,2,0.05,far_constant_referenced,315.0,-0.563376477063104,-2.490653292740557,0.9654616134642229,64
27-08-26/0/map2-0.05-data-2026.08.27-15.24.51.168.jpk-force-map,2026-08-27T15:24:51.168000,11,2,0.05,far_constant_referenced,320.0,-1.3548971473170481,-3.162519412692288,0.7535778013894967,64
27-08-26/0/map2-0.05-data-2026.08.27-15.24.51.168.jpk-force-map,2026-08-27T15:24:51.168000,11,2,0.05,far_constant_referenced,325.0,-1.559737565672391,-3.644184208317618,1.0681134350829367,64
27-08-26/0/map2-0.05-data-2026.08.27-15.24.51.168.jpk-force-map,2026-08-27T15:24:51.168000,11,2,0.05,far_constant_referenced,330.0,-2.375120256132493,-3.6658191858216664,-0.006295107371473143,64
27-08-26/0/map2-0.05-data-2026.08.27-15.24.51.168.jpk-force-map,2026-08-27T15:24:51.168000,11,2,0.05,far_constant_referenced,335.0,-1.8117556566304813,-4.066443382210167,0.5431905620106284,64
27-08-26/0/map2-0.05-data-2026.08.27-15.24.51.168.jpk-force-map,2026-08-27T15:24:51.168000,11,2,0.05,far_constant_referenced,340.0,-2.2379225481177523,-4.499220136437441,-0.9584360360864461,63
27-08-26/0/map2-0.05-data-2026.08.27-15.24.51.168.jpk-force-map,2026-08-27T15:24:51.168000,11,2,0.05,far_constant_referenced,345.0,-2.443214313794061,-4.23648848538679,-0.20480478567209162,63
27-08-26/0/map2-0.05-data-2026.08.27-15.24.51.168.jpk-force-map,2026-08-27T15:24:51.168000,11,2,0.05,far_constant_referenced,350.0,-2.273448333302762,-6.4240739296549485,-0.8691464706807691,62
27-08-26/0/map2-0.05-data-2026.08.27-15.24.51.168.jpk-force-map,2026-08-27T15:24:51.168000,11,2,0.05,far_constant_referenced,355.0,-2.7361149699834586,-5.181277203794345,0.010689804970410013,61
27-08-26/0/map2-0.05-data-2026.08.27-15.24.51.168.jpk-force-map,2026-08-27T15:24:51.168000,11,2,0.05,far_constant_referenced,360.0,-2.186837157920241,-4.9839968530653165,1.0231271724990934,50
27-08-26/0/map2-0.1-data-2026.08.27-15.36.15.070.jpk-force-map,2026-08-27T15:36:15.070000,12,2,0.1,linear_drift_corrected,5.0,5712.444204666687,5229.129790310833,5972.56830754418,64
27-08-26/0/map2-0.1-data-2026.08.27-15.36.15.070.jpk-force-map,2026-08-27T15:36:15.070000,12,2,0.1,linear_drift_corrected,10.0,4067.557407973435,3787.4690302983745,4246.3898658854605,64
27-08-26/0/map2-0.1-data-2026.08.27-15.36.15.070.jpk-force-map,2026-08-27T15:36:15.070000,12,2,0.1,linear_drift_corrected,15.0,2963.6482452943933,2766.819615910129,3079.1606116431267,64
27-08-26/0/map2-0.1-data-2026.08.27-15.36.15.070.jpk-force-map,2026-08-27T15:36:15.070000,12,2,0.1,linear_drift_corrected,20.0,2194.6118387901033,2056.340809621357,2279.762355721394,64
27-08-26/0/map2-0.1-data-2026.08.27-15.36.15.070.jpk-force-map,2026-08-27T15:36:15.070000,12,2,0.1,linear_drift_corrected,25.0,1644.489853701239,1543.5173282756643,1708.239956019372,64
27-08-26/0/map2-0.1-data-2026.08.27-15.36.15.070.jpk-force-map,2026-08-27T15:36:15.070000,12,2,0.1,linear_drift_corrected,30.0,1250.519368103181,1168.4735279167166,1285.5535037889276,64
27-08-26/0/map2-0.1-data-2026.08.27-15.36.15.070.jpk-force-map,2026-08-27T15:36:15.070000,12,2,0.1,linear_drift_corrected,35.0,959.24189171326,889.8137238718389,984.9741303655312,64
27-08-26/0/map2-0.1-data-2026.08.27-15.36.15.070.jpk-force-map,2026-08-27T15:36:15.070000,12,2,0.1,linear_drift_corrected,40.0,727.9870402139536,674.1313218322572,751.0049069742258,64
27-08-26/0/map2-0.1-data-2026.08.27-15.36.15.070.jpk-force-map,2026-08-27T15:36:15.070000,12,2,0.1,linear_drift_corrected,45.0,550.6218870083005,517.4206625596346,575.9613048089343,64
27-08-26/0/map2-0.1-data-2026.08.27-15.36.15.070.jpk-force-map,2026-08-27T15:36:15.070000,12,2,0.1,linear_drift_corrected,50.0,419.21598678346106,392.7545091035929,442.50908034163933,64
27-08-26/0/map2-0.1-data-2026.08.27-15.36.15.070.jpk-force-map,2026-08-27T15:36:15.070000,12,2,0.1,linear_drift_corrected,55.0,320.0617249713154,298.0709528797844,339.1985886830529,64
27-08-26/0/map2-0.1-data-2026.08.27-15.36.15.070.jpk-force-map,2026-08-27T15:36:15.070000,12,2,0.1,linear_drift_corrected,60.0,243.40665463132606,225.99512842308945,258.4215634698673,64
27-08-26/0/map2-0.1-data-2026.08.27-15.36.15.070.jpk-force-map,2026-08-27T15:36:15.070000,12,2,0.1,linear_drift_corrected,65.0,186.6521868796877,172.81298153399337,197.96729497233045,64
27-08-26/0/map2-0.1-data-2026.08.27-15.36.15.070.jpk-force-map,2026-08-27T15:36:15.070000,12,2,0.1,linear_drift_corrected,70.0,140.54326069604969,125.90738011927641,154.06562609847458,64
27-08-26/0/map2-0.1-data-2026.08.27-15.36.15.070.jpk-force-map,2026-08-27T15:36:15.070000,12,2,0.1,linear_drift_corrected,75.0,107.16805178231886,93.72093534764352,116.97074958669643,64
27-08-26/0/map2-0.1-data-2026.08.27-15.36.15.070.jpk-force-map,2026-08-27T15:36:15.070000,12,2,0.1,linear_drift_corrected,80.0,79.6895050831134,68.53868242468057,91.49405334885193,64
27-08-26/0/map2-0.1-data-2026.08.27-15.36.15.070.jpk-force-map,2026-08-27T15:36:15.070000,12,2,0.1,linear_drift_corrected,85.0,61.358025304471056,50.89427423096461,71.90475639143472,64
27-08-26/0/map2-0.1-data-2026.08.27-15.36.15.070.jpk-force-map,2026-08-27T15:36:15.070000,12,2,0.1,linear_drift_corrected,90.0,45.930221744956725,34.640046782711806,56.04767166024227,64
27-08-26/0/map2-0.1-data-2026.08.27-15.36.15.070.jpk-force-map,2026-08-27T15:36:15.070000,12,2,0.1,linear_drift_corrected,95.0,35.62525755687311,23.716754856165583,43.89671930332635,64
27-08-26/0/map2-0.1-data-2026.08.27-15.36.15.070.jpk-force-map,2026-08-27T15:36:15.070000,12,2,0.1,linear_drift_corrected,100.0,25.724771277333883,18.805461619052938,35.80958209397632,64
27-08-26/0/map2-0.1-data-2026.08.27-15.36.15.070.jpk-force-map,2026-08-27T15:36:15.070000,12,2,0.1,linear_drift_corrected,105.0,19.63405661815048,11.944339092986327,29.386661740182802,64
27-08-26/0/map2-0.1-data-2026.08.27-15.36.15.070.jpk-force-map,2026-08-27T15:36:15.070000,12,2,0.1,linear_drift_corrected,110.0,14.352059822814995,4.925735953829166,26.21944196564799,64
27-08-26/0/map2-0.1-data-2026.08.27-15.36.15.070.jpk-force-map,2026-08-27T15:36:15.070000,12,2,0.1,linear_drift_corrected,115.0,11.958695424668612,3.6726469224017895,21.53603086529311,64
27-08-26/0/map2-0.1-data-2026.08.27-15.36.15.070.jpk-force-map,2026-08-27T15:36:15.070000,12,2,0.1,linear_drift_corrected,120.0,9.957420951112738,0.05843766588657437,16.471542685154265,64
27-08-26/0/map2-0.1-data-2026.08.27-15.36.15.070.jpk-force-map,2026-08-27T15:36:15.070000,12,2,0.1,linear_drift_corrected,125.0,6.718071735025331,-0.13897063570063056,16.712181317321303,64
27-08-26/0/map2-0.1-data-2026.08.27-15.36.15.070.jpk-force-map,2026-08-27T15:36:15.070000,12,2,0.1,linear_drift_corrected,130.0,5.8785935993478695,-2.1293003607211096,14.069747626269008,64
27-08-26/0/map2-0.1-data-2026.08.27-15.36.15.070.jpk-force-map,2026-08-27T15:36:15.070000,12,2,0.1,linear_drift_corrected,135.0,3.9756364044710226,-0.8101255042376434,11.000052508382366,64
27-08-26/0/map2-0.1-data-2026.08.27-15.36.15.070.jpk-force-map,2026-08-27T15:36:15.070000,12,2,0.1,linear_drift_corrected,140.0,4.534788297415316,-0.8855182838435771,11.63176141478864,64
27-08-26/0/map2-0.1-data-2026.08.27-15.36.15.070.jpk-force-map,2026-08-27T15:36:15.070000,12,2,0.1,linear_drift_corrected,145.0,3.90929032419633,-3.910598705032652,9.965229412140769,64
27-08-26/0/map2-0.1-data-2026.08.27-15.36.15.070.jpk-force-map,2026-08-27T15:36:15.070000,12,2,0.1,linear_drift_corrected,150.0,2.332699754450998,-3.5080855313593244,12.112543054452562,64
27-08-26/0/map2-0.1-data-2026.08.27-15.36.15.070.jpk-force-map,2026-08-27T15:36:15.070000,12,2,0.1,linear_drift_corrected,155.0,1.6756394507118055,-2.164031921874314,11.60189267753921,64
27-08-26/0/map2-0.1-data-2026.08.27-15.36.15.070.jpk-force-map,2026-08-27T15:36:15.070000,12,2,0.1,linear_drift_corrected,160.0,3.4128954300951717,-3.1969890853990286,9.694505613784528,64
27-08-26/0/map2-0.1-data-2026.08.27-15.36.15.070.jpk-force-map,2026-08-27T15:36:15.070000,12,2,0.1,linear_drift_corrected,165.0,3.085376601608068,-3.522592349339329,8.47711708859676,64
27-08-26/0/map2-0.1-data-2026.08.27-15.36.15.070.jpk-force-map,2026-08-27T15:36:15.070000,12,2,0.1,linear_drift_corrected,170.0,2.5905906202560702,-2.5444948242256635,7.489910126360927,64
27-08-26/0/map2-0.1-data-2026.08.27-15.36.15.070.jpk-force-map,2026-08-27T15:36:15.070000,12,2,0.1,linear_drift_corrected,175.0,2.795657902523188,-2.5964259933255764,9.68098166714608,64
27-08-26/0/map2-0.1-data-2026.08.27-15.36.15.070.jpk-force-map,2026-08-27T15:36:15.070000,12,2,0.1,linear_drift_corrected,180.0,2.900502249736503,-2.5914800768619695,7.846784135638621,64
27-08-26/0/map2-0.1-data-2026.08.27-15.36.15.070.jpk-force-map,2026-08-27T15:36:15.070000,12,2,0.1,linear_drift_corrected,185.0,2.199152221997803,-3.1316021564526832,7.62845678593421,64
27-08-26/0/map2-0.1-data-2026.08.27-15.36.15.070.jpk-force-map,2026-08-27T15:36:15.070000,12,2,0.1,linear_drift_corrected,190.0,2.0702752661904515,-3.199812295787128,6.881914557467427,64
27-08-26/0/map2-0.1-data-2026.08.27-15.36.15.070.jpk-force-map,2026-08-27T15:36:15.070000,12,2,0.1,linear_drift_corrected,195.0,1.7155673837658627,-1.2784429949226892,7.064831623762371,64
27-08-26/0/map2-0.1-data-2026.08.27-15.36.15.070.jpk-force-map,2026-08-27T15:36:15.070000,12,2,0.1,linear_drift_corrected,200.0,2.1121416234877586,-3.3617665299659114,6.332408193145465,64
27-08-26/0/map2-0.1-data-2026.08.27-15.36.15.070.jpk-force-map,2026-08-27T15:36:15.070000,12,2,0.1,linear_drift_corrected,205.0,1.6057294581627226,-2.2135275094244284,6.178768827276384,64
27-08-26/0/map2-0.1-data-2026.08.27-15.36.15.070.jpk-force-map,2026-08-27T15:36:15.070000,12,2,0.1,linear_drift_corrected,210.0,0.8592662383917432,-1.6980429069297338,6.456721074510129,64
27-08-26/0/map2-0.1-data-2026.08.27-15.36.15.070.jpk-force-map,2026-08-27T15:36:15.070000,12,2,0.1,linear_drift_corrected,215.0,1.4846902812386507,-2.1203151488074052,6.142681929406772,64
27-08-26/0/map2-0.1-data-2026.08.27-15.36.15.070.jpk-force-map,2026-08-27T15:36:15.070000,12,2,0.1,linear_drift_corrected,220.0,1.8843438305392795,-2.13974591527733,5.816511648451323,64
27-08-26/0/map2-0.1-data-2026.08.27-15.36.15.070.jpk-force-map,2026-08-27T15:36:15.070000,12,2,0.1,linear_drift_corrected,225.0,2.2359031625638686,-1.3800381790556162,6.188472558788602,64
27-08-26/0/map2-0.1-data-2026.08.27-15.36.15.070.jpk-force-map,2026-08-27T15:36:15.070000,12,2,0.1,linear_drift_corrected,230.0,1.3582710535198737,-1.327939047714779,5.707941742245385,64
27-08-26/0/map2-0.1-data-2026.08.27-15.36.15.070.jpk-force-map,2026-08-27T15:36:15.070000,12,2,0.1,linear_drift_corrected,235.0,2.574018690356451,-0.4348662998280666,4.5858478062665355,64
27-08-26/0/map2-0.1-data-2026.08.27-15.36.15.070.jpk-force-map,2026-08-27T15:36:15.070000,12,2,0.1,linear_drift_corrected,240.0,2.503890835870399,-0.3925516503797231,6.091320892506071,64
27-08-26/0/map2-0.1-data-2026.08.27-15.36.15.070.jpk-force-map,2026-08-27T15:36:15.070000,12,2,0.1,linear_drift_corrected,245.0,0.8748122075222511,-1.919608458210663,3.2467626926160604,64
27-08-26/0/map2-0.1-data-2026.08.27-15.36.15.070.jpk-force-map,2026-08-27T15:36:15.070000,12,2,0.1,linear_drift_corrected,250.0,0.7412889758443739,-1.4449529926586662,3.665580641387874,64
27-08-26/0/map2-0.1-data-2026.08.27-15.36.15.070.jpk-force-map,2026-08-27T15:36:15.070000,12,2,0.1,linear_drift_corrected,255.0,0.5574963989988636,-2.018608303554961,3.3182872173005884,64
27-08-26/0/map2-0.1-data-2026.08.27-15.36.15.070.jpk-force-map,2026-08-27T15:36:15.070000,12,2,0.1,linear_drift_corrected,260.0,-0.3891452461338598,-1.8662994285213206,2.647646882868157,64
27-08-26/0/map2-0.1-data-2026.08.27-15.36.15.070.jpk-force-map,2026-08-27T15:36:15.070000,12,2,0.1,linear_drift_corrected,265.0,-0.05923759627272274,-1.7420822438885355,1.5891918422424927,64
27-08-26/0/map2-0.1-data-2026.08.27-15.36.15.070.jpk-force-map,2026-08-27T15:36:15.070000,12,2,0.1,linear_drift_corrected,270.0,-0.1082597173437347,-1.8569582107341598,1.535092306746138,64
27-08-26/0/map2-0.1-data-2026.08.27-15.36.15.070.jpk-force-map,2026-08-27T15:36:15.070000,12,2,0.1,linear_drift_corrected,275.0,0.7475024229980289,-0.7476243254895893,2.0760407573565667,64
27-08-26/0/map2-0.1-data-2026.08.27-15.36.15.070.jpk-force-map,2026-08-27T15:36:15.070000,12,2,0.1,linear_drift_corrected,280.0,-0.16200868169296057,-2.006714477399746,1.5418107835735786,64
27-08-26/0/map2-0.1-data-2026.08.27-15.36.15.070.jpk-force-map,2026-08-27T15:36:15.070000,12,2,0.1,linear_drift_corrected,285.0,-0.024145900417670743,-1.5813101038224984,1.681442140764703,64
27-08-26/0/map2-0.1-data-2026.08.27-15.36.15.070.jpk-force-map,2026-08-27T15:36:15.070000,12,2,0.1,linear_drift_corrected,290.0,0.2894893540760926,-0.8461976031725437,1.7801293182868012,64
27-08-26/0/map2-0.1-data-2026.08.27-15.36.15.070.jpk-force-map,2026-08-27T15:36:15.070000,12,2,0.1,linear_drift_corrected,295.0,-0.10843306673731017,-1.7535894265047847,1.479444409592599,64
27-08-26/0/map2-0.1-data-2026.08.27-15.36.15.070.jpk-force-map,2026-08-27T15:36:15.070000,12,2,0.1,linear_drift_corrected,300.0,-0.8691046028941845,-2.712635325432431,1.612056492642815,64
27-08-26/0/map2-0.1-data-2026.08.27-15.36.15.070.jpk-force-map,2026-08-27T15:36:15.070000,12,2,0.1,linear_drift_corrected,305.0,-0.4961034859639366,-1.9173202516966803,1.6445376181426794,64
27-08-26/0/map2-0.1-data-2026.08.27-15.36.15.070.jpk-force-map,2026-08-27T15:36:15.070000,12,2,0.1,linear_drift_corrected,310.0,-0.19087954546723318,-2.306711088229085,1.6233997859604399,64
27-08-26/0/map2-0.1-data-2026.08.27-15.36.15.070.jpk-force-map,2026-08-27T15:36:15.070000,12,2,0.1,linear_drift_corrected,315.0,-0.31761295089665664,-2.065963008006026,1.2078013389292264,64
27-08-26/0/map2-0.1-data-2026.08.27-15.36.15.070.jpk-force-map,2026-08-27T15:36:15.070000,12,2,0.1,linear_drift_corrected,320.0,-0.382166484824896,-2.0988950590426136,1.2859343358539876,64
27-08-26/0/map2-0.1-data-2026.08.27-15.36.15.070.jpk-force-map,2026-08-27T15:36:15.070000,12,2,0.1,linear_drift_corrected,325.0,-0.8710437468618647,-2.830773638689524,1.49609973809612,64
27-08-26/0/map2-0.1-data-2026.08.27-15.36.15.070.jpk-force-map,2026-08-27T15:36:15.070000,12,2,0.1,linear_drift_corrected,330.0,-0.2550603278062318,-1.608948148501074,1.45283852179044,64
27-08-26/0/map2-0.1-data-2026.08.27-15.36.15.070.jpk-force-map,2026-08-27T15:36:15.070000,12,2,0.1,linear_drift_corrected,335.0,0.5020771751016995,-1.1162942438428862,1.6171463397373653,64
27-08-26/0/map2-0.1-data-2026.08.27-15.36.15.070.jpk-force-map,2026-08-27T15:36:15.070000,12,2,0.1,linear_drift_corrected,340.0,0.28649786456875526,-1.8331243351437911,1.4730474356392262,63
27-08-26/0/map2-0.1-data-2026.08.27-15.36.15.070.jpk-force-map,2026-08-27T15:36:15.070000,12,2,0.1,linear_drift_corrected,345.0,-0.3598405240318751,-1.3801881046129567,0.7821518847122946,63
27-08-26/0/map2-0.1-data-2026.08.27-15.36.15.070.jpk-force-map,2026-08-27T15:36:15.070000,12,2,0.1,linear_drift_corrected,350.0,0.233849676328246,-0.9224465698632982,2.3529002518905684,63
27-08-26/0/map2-0.1-data-2026.08.27-15.36.15.070.jpk-force-map,2026-08-27T15:36:15.070000,12,2,0.1,linear_drift_corrected,355.0,0.5987607386032543,-1.30787374269386,2.002347215602514,62
27-08-26/0/map2-0.1-data-2026.08.27-15.36.15.070.jpk-force-map,2026-08-27T15:36:15.070000,12,2,0.1,linear_drift_corrected,360.0,1.503944456215339,0.2748361094394339,4.202743615966458,55
27-08-26/0/map2-0.1-data-2026.08.27-15.36.15.070.jpk-force-map,2026-08-27T15:36:15.070000,12,2,0.1,far_constant_referenced,5.0,5749.351339406814,5252.305096246368,6000.1200356538775,64
27-08-26/0/map2-0.1-data-2026.08.27-15.36.15.070.jpk-force-map,2026-08-27T15:36:15.070000,12,2,0.1,far_constant_referenced,10.0,4107.1389946300915,3817.8969954571744,4268.2837483720095,64
27-08-26/0/map2-0.1-data-2026.08.27-15.36.15.070.jpk-force-map,2026-08-27T15:36:15.070000,12,2,0.1,far_constant_referenced,15.0,3003.477337649273,2789.882491635855,3109.5381024403478,64
27-08-26/0/map2-0.1-data-2026.08.27-15.36.15.070.jpk-force-map,2026-08-27T15:36:15.070000,12,2,0.1,far_constant_referenced,20.0,2236.0947102434143,2075.4157588143007,2310.5085271544517,64
27-08-26/0/map2-0.1-data-2026.08.27-15.36.15.070.jpk-force-map,2026-08-27T15:36:15.070000,12,2,0.1,far_constant_referenced,25.0,1679.7529800352468,1572.1595466401966,1736.3790208633168,64
27-08-26/0/map2-0.1-data-2026.08.27-15.36.15.070.jpk-force-map,2026-08-27T15:36:15.070000,12,2,0.1,far_constant_referenced,30.0,1274.2993316796412,1197.3398564905096,1313.8650911020056,64
27-08-26/0/map2-0.1-data-2026.08.27-15.36.15.070.jpk-force-map,2026-08-27T15:36:15.070000,12,2,0.1,far_constant_referenced,35.0,977.8607182494183,923.7998030220493,1009.7460012700521,64
27-08-26/0/map2-0.1-data-2026.08.27-15.36.15.070.jpk-force-map,2026-08-27T15:36:15.070000,12,2,0.1,far_constant_referenced,40.0,752.9222787935937,710.4978101545769,776.1124922676323,64
27-08-26/0/map2-0.1-data-2026.08.27-15.36.15.070.jpk-force-map,2026-08-27T15:36:15.070000,12,2,0.1,far_constant_referenced,45.0,578.4980970108338,542.0922023662606,601.4475107503528,64
27-08-26/0/map2-0.1-data-2026.08.27-15.36.15.070.jpk-force-map,2026-08-27T15:36:15.070000,12,2,0.1,far_constant_referenced,50.0,447.6613693212862,423.3499912856087,464.54454441375435,64
27-08-26/0/map2-0.1-data-2026.08.27-15.36.15.070.jpk-force-map,2026-08-27T15:36:15.070000,12,2,0.1,far_constant_referenced,55.0,347.76049774636374,326.7549062651042,359.36657341103876,64
27-08-26/0/map2-0.1-data-2026.08.27-15.36.15.070.jpk-force-map,2026-08-27T15:36:15.070000,12,2,0.1,far_constant_referenced,60.0,269.33494549944237,256.7869911188238,281.61408691773806,64
27-08-26/0/map2-0.1-data-2026.08.27-15.36.15.070.jpk-force-map,2026-08-27T15:36:15.070000,12,2,0.1,far_constant_referenced,65.0,210.2829900252886,199.66699221941246,217.56061518792865,64
27-08-26/0/map2-0.1-data-2026.08.27-15.36.15.070.jpk-force-map,2026-08-27T15:36:15.070000,12,2,0.1,far_constant_referenced,70.0,164.1379882153431,157.75020023478223,171.89435035480275,64
27-08-26/0/map2-0.1-data-2026.08.27-15.36.15.070.jpk-force-map,2026-08-27T15:36:15.070000,12,2,0.1,far_constant_referenced,75.0,129.4093180318479,123.7130832287259,137.11898353992837,64
27-08-26/0/map2-0.1-data-2026.08.27-15.36.15.070.jpk-force-map,2026-08-27T15:36:15.070000,12,2,0.1,far_constant_referenced,80.0,102.69485402247918,97.23579629774797,108.9627439627358,64
27-08-26/0/map2-0.1-data-2026.08.27-15.36.15.070.jpk-force-map,2026-08-27T15:36:15.070000,12,2,0.1,far_constant_referenced,85.0,82.91646996816503,79.13949462699276,88.04302724807205,64
27-08-26/0/map2-0.1-data-2026.08.27-15.36.15.070.jpk-force-map,2026-08-27T15:36:15.070000,12,2,0.1,far_constant_referenced,90.0,68.16373143483723,62.04615796880627,71.95844591347989,64
27-08-26/0/map2-0.1-data-2026.08.27-15.36.15.070.jpk-force-map,2026-08-27T15:36:15.070000,12,2,0.1,far_constant_referenced,95.0,54.92299454920821,51.72835227257982,59.72017518285444,64
27-08-26/0/map2-0.1-data-2026.08.27-15.36.15.070.jpk-force-map,2026-08-27T15:36:15.070000,12,2,0.1,far_constant_referenced,100.0,46.09437964462997,42.91775562815729,50.05016572905466,64
27-08-26/0/map2-0.1-data-2026.08.27-15.36.15.070.jpk-force-map,2026-08-27T15:36:15.070000,12,2,0.1,far_constant_referenced,105.0,40.12790063307534,35.75784897336371,43.53121978028733,64
27-08-26/0/map2-0.1-data-2026.08.27-15.36.15.070.jpk-force-map,2026-08-27T15:36:15.070000,12,2,0.1,far_constant_referenced,110.0,34.725724548347856,31.215620188261894,38.84545660833554,64
27-08-26/0/map2-0.1-data-2026.08.27-15.36.15.070.jpk-force-map,2026-08-27T15:36:15.070000,12,2,0.1,far_constant_referenced,115.0,30.480494178007497,27.09369077947479,33.705067908552984,64
27-08-26/0/map2-0.1-data-2026.08.27-15.36.15.070.jpk-force-map,2026-08-27T15:36:15.070000,12,2,0.1,far_constant_referenced,120.0,25.6937776756712,23.187077797913954,30.300026514984733,64
27-08-26/0/map2-0.1-data-2026.08.27-15.36.15.070.jpk-force-map,2026-08-27T15:36:15.070000,12,2,0.1,far_constant_referenced,125.0,24.943103937965297,22.179741842868406,27.508443334765868,64
27-08-26/0/map2-0.1-data-2026.08.27-15.36.15.070.jpk-force-map,2026-08-27T15:36:15.070000,12,2,0.1,far_constant_referenced,130.0,22.96060834083516,19.7469738440427,26.12264671230374,64
27-08-26/0/map2-0.1-data-2026.08.27-15.36.15.070.jpk-force-map,2026-08-27T15:36:15.070000,12,2,0.1,far_constant_referenced,135.0,20.02307369008686,18.490814861969007,23.76867445367104,64
27-08-26/0/map2-0.1-data-2026.08.27-15.36.15.070.jpk-force-map,2026-08-27T15:36:15.070000,12,2,0.1,far_constant_referenced,140.0,20.231786193353717,17.84619586713081,23.80007872516194,64
27-08-26/0/map2-0.1-data-2026.08.27-15.36.15.070.jpk-force-map,2026-08-27T15:36:15.070000,12,2,0.1,far_constant_referenced,145.0,19.069056106721526,15.498584042455443,22.851625779161736,64
27-08-26/0/map2-0.1-data-2026.08.27-15.36.15.070.jpk-force-map,2026-08-27T15:36:15.070000,12,2,0.1,far_constant_referenced,150.0,18.869085488408295,14.515603026400846,22.067380115068236,64
27-08-26/0/map2-0.1-data-2026.08.27-15.36.15.070.jpk-force-map,2026-08-27T15:36:15.070000,12,2,0.1,far_constant_referenced,155.0,17.061736406937847,14.883166031528063,20.9128871170438,64
27-08-26/0/map2-0.1-data-2026.08.27-15.36.15.070.jpk-force-map,2026-08-27T15:36:15.070000,12,2,0.1,far_constant_referenced,160.0,16.248752983815514,13.68584254825554,19.497657898229882,64
27-08-26/0/map2-0.1-data-2026.08.27-15.36.15.070.jpk-force-map,2026-08-27T15:36:15.070000,12,2,0.1,far_constant_referenced,165.0,15.627996009183438,13.299132914670139,19.269733439918937,64
27-08-26/0/map2-0.1-data-2026.08.27-15.36.15.070.jpk-force-map,2026-08-27T15:36:15.070000,12,2,0.1,far_constant_referenced,170.0,14.842782323862021,12.41803167876411,17.682012340346205,64
27-08-26/0/map2-0.1-data-2026.08.27-15.36.15.070.jpk-force-map,2026-08-27T15:36:15.070000,12,2,0.1,far_constant_referenced,175.0,16.113526950939708,12.726717613626482,18.900970801122813,64
27-08-26/0/map2-0.1-data-2026.08.27-15.36.15.070.jpk-force-map,2026-08-27T15:36:15.070000,12,2,0.1,far_constant_referenced,180.0,14.912812423979357,12.343369329826322,18.19307409964023,64
27-08-26/0/map2-0.1-data-2026.08.27-15.36.15.070.jpk-force-map,2026-08-27T15:36:15.070000,12,2,0.1,far_constant_referenced,185.0,14.058530720987997,10.870219184414289,17.065632246971482,64
27-08-26/0/map2-0.1-data-2026.08.27-15.36.15.070.jpk-force-map,2026-08-27T15:36:15.070000,12,2,0.1,far_constant_referenced,190.0,13.094785415099572,10.477131300529937,17.32638628410268,64
27-08-26/0/map2-0.1-data-2026.08.27-15.36.15.070.jpk-force-map,2026-08-27T15:36:15.070000,12,2,0.1,far_constant_referenced,195.0,13.130786302727703,9.54012238462864,15.838412942465041,64
27-08-26/0/map2-0.1-data-2026.08.27-15.36.15.070.jpk-force-map,2026-08-27T15:36:15.070000,12,2,0.1,far_constant_referenced,200.0,12.835462624078358,9.386866214036106,15.836940124891306,64
27-08-26/0/map2-0.1-data-2026.08.27-15.36.15.070.jpk-force-map,2026-08-27T15:36:15.070000,12,2,0.1,far_constant_referenced,205.0,12.489065432792513,9.669534351356605,15.395706547176246,64
27-08-26/0/map2-0.1-data-2026.08.27-15.36.15.070.jpk-force-map,2026-08-27T15:36:15.070000,12,2,0.1,far_constant_referenced,210.0,11.359414353763267,8.52379511584688,15.56693940646075,64
27-08-26/0/map2-0.1-data-2026.08.27-15.36.15.070.jpk-force-map,2026-08-27T15:36:15.070000,12,2,0.1,far_constant_referenced,215.0,10.687560111372553,8.51750000847539,14.068763239856867,64
27-08-26/0/map2-0.1-data-2026.08.27-15.36.15.070.jpk-force-map,2026-08-27T15:36:15.070000,12,2,0.1,far_constant_referenced,220.0,9.854634263199852,7.732019078029714,13.849824156501676,64
27-08-26/0/map2-0.1-data-2026.08.27-15.36.15.070.jpk-force-map,2026-08-27T15:36:15.070000,12,2,0.1,far_constant_referenced,225.0,10.44912995028795,6.691639748064496,13.509514215268473,64
27-08-26/0/map2-0.1-data-2026.08.27-15.36.15.070.jpk-force-map,2026-08-27T15:36:15.070000,12,2,0.1,far_constant_referenced,230.0,9.373949366363487,6.669743464216722,12.713105928630887,64
27-08-26/0/map2-0.1-data-2026.08.27-15.36.15.070.jpk-force-map,2026-08-27T15:36:15.070000,12,2,0.1,far_constant_referenced,235.0,9.459598459298697,6.233349992641099,12.018613054825039,64
27-08-26/0/map2-0.1-data-2026.08.27-15.36.15.070.jpk-force-map,2026-08-27T15:36:15.070000,12,2,0.1,far_constant_referenced,240.0,9.526267209630888,5.668750126786964,12.152645392812415,64
27-08-26/0/map2-0.1-data-2026.08.27-15.36.15.070.jpk-force-map,2026-08-27T15:36:15.070000,12,2,0.1,far_constant_referenced,245.0,6.814964464739822,3.865766049012749,9.967013807341663,64
27-08-26/0/map2-0.1-data-2026.08.27-15.36.15.070.jpk-force-map,2026-08-27T15:36:15.070000,12,2,0.1,far_constant_referenced,250.0,6.7089097218722085,3.8859816579678914,9.464676116659671,64
27-08-26/0/map2-0.1-data-2026.08.27-15.36.15.070.jpk-force-map,2026-08-27T15:36:15.070000,12,2,0.1,far_constant_referenced,255.0,6.435987123416416,3.202178589132521,8.988641284985352,64
27-08-26/0/map2-0.1-data-2026.08.27-15.36.15.070.jpk-force-map,2026-08-27T15:36:15.070000,12,2,0.1,far_constant_referenced,260.0,5.191016803878497,3.214335272896105,7.758779223139006,64
27-08-26/0/map2-0.1-data-2026.08.27-15.36.15.070.jpk-force-map,2026-08-27T15:36:15.070000,12,2,0.1,far_constant_referenced,265.0,3.781601651212343,0.9805579935946809,6.898867556196496,64
27-08-26/0/map2-0.1-data-2026.08.27-15.36.15.070.jpk-force-map,2026-08-27T15:36:15.070000,12,2,0.1,far_constant_referenced,270.0,3.1394294339562094,1.1595884717269673,5.561958975132477,64
27-08-26/0/map2-0.1-data-2026.08.27-15.36.15.070.jpk-force-map,2026-08-27T15:36:15.070000,12,2,0.1,far_constant_referenced,275.0,3.9869171720108074,0.9861404473014463,6.231122949938926,64
27-08-26/0/map2-0.1-data-2026.08.27-15.36.15.070.jpk-force-map,2026-08-27T15:36:15.070000,12,2,0.1,far_constant_referenced,280.0,2.598929139529784,0.4796931204863349,4.998101456845678,64
27-08-26/0/map2-0.1-data-2026.08.27-15.36.15.070.jpk-force-map,2026-08-27T15:36:15.070000,12,2,0.1,far_constant_referenced,285.0,2.3405803085169623,0.15324429303145942,5.304863226813422,64
27-08-26/0/map2-0.1-data-2026.08.27-15.36.15.070.jpk-force-map,2026-08-27T15:36:15.070000,12,2,0.1,far_constant_referenced,290.0,2.5371301892396487,0.5412070093105699,4.121418673660821,64
27-08-26/0/map2-0.1-data-2026.08.27-15.36.15.070.jpk-force-map,2026-08-27T15:36:15.070000,12,2,0.1,far_constant_referenced,295.0,1.5125480155084925,-1.0678640063002873,3.365881074693374,64
27-08-26/0/map2-0.1-data-2026.08.27-15.36.15.070.jpk-force-map,2026-08-27T15:36:15.070000,12,2,0.1,far_constant_referenced,300.0,0.04331746525230847,-1.8307181828918964,2.6156883782111553,64
27-08-26/0/map2-0.1-data-2026.08.27-15.36.15.070.jpk-force-map,2026-08-27T15:36:15.070000,12,2,0.1,far_constant_referenced,305.0,-0.0831785602309113,-1.7557826500492644,2.0958609788414644,64
27-08-26/0/map2-0.1-data-2026.08.27-15.36.15.070.jpk-force-map,2026-08-27T15:36:15.070000,12,2,0.1,far_constant_referenced,310.0,-0.23885775328345715,-2.4189009462669153,1.7351335101147218,64
27-08-26/0/map2-0.1-data-2026.08.27-15.36.15.070.jpk-force-map,2026-08-27T15:36:15.070000,12,2,0.1,far_constant_referenced,315.0,-0.6314942898468274,-2.8883853030065056,0.9549915433737588,64
27-08-26/0/map2-0.1-data-2026.08.27-15.36.15.070.jpk-force-map,2026-08-27T15:36:15.070000,12,2,0.1,far_constant_referenced,320.0,-1.484338807947675,-3.267113215547261,0.13086696796007913,64
27-08-26/0/map2-0.1-data-2026.08.27-15.36.15.070.jpk-force-map,2026-08-27T15:36:15.070000,12,2,0.1,far_constant_referenced,325.0,-2.393091006043888,-4.5986887716872245,0.1464503280946765,64
27-08-26/0/map2-0.1-data-2026.08.27-15.36.15.070.jpk-force-map,2026-08-27T15:36:15.070000,12,2,0.1,far_constant_referenced,330.0,-2.6407500320863004,-3.8480269115423917,-0.06399036030899125,64
27-08-26/0/map2-0.1-data-2026.08.27-15.36.15.070.jpk-force-map,2026-08-27T15:36:15.070000,12,2,0.1,far_constant_referenced,335.0,-1.6317393409286827,-4.099308593713618,0.0206550787150274,64
27-08-26/0/map2-0.1-data-2026.08.27-15.36.15.070.jpk-force-map,2026-08-27T15:36:15.070000,12,2,0.1,far_constant_referenced,340.0,-2.8217284302354195,-5.341826196888899,-0.7968893278613043,63
27-08-26/0/map2-0.1-data-2026.08.27-15.36.15.070.jpk-force-map,2026-08-27T15:36:15.070000,12,2,0.1,far_constant_referenced,345.0,-3.933895739357553,-5.37880104452548,-1.0595972237898081,63
27-08-26/0/map2-0.1-data-2026.08.27-15.36.15.070.jpk-force-map,2026-08-27T15:36:15.070000,12,2,0.1,far_constant_referenced,350.0,-3.2255417517733798,-6.651968694063143,-0.6013252847080522,63
27-08-26/0/map2-0.1-data-2026.08.27-15.36.15.070.jpk-force-map,2026-08-27T15:36:15.070000,12,2,0.1,far_constant_referenced,355.0,-3.708602160825455,-5.90181756904472,-1.2982411809738454,62
27-08-26/0/map2-0.1-data-2026.08.27-15.36.15.070.jpk-force-map,2026-08-27T15:36:15.070000,12,2,0.1,far_constant_referenced,360.0,-2.603751429327528,-4.555175326677032,0.20093270076061986,55
27-08-26/0/map3-0.05-data-2026.08.27-15.48.41.060.jpk-force-map,2026-08-27T15:48:41.060000,13,3,0.05,linear_drift_corrected,5.0,6537.676085908575,5631.2862564972265,6885.017283892483,64
27-08-26/0/map3-0.05-data-2026.08.27-15.48.41.060.jpk-force-map,2026-08-27T15:48:41.060000,13,3,0.05,linear_drift_corrected,10.0,4738.673717227599,4122.353550875802,4922.63981676615,64
27-08-26/0/map3-0.05-data-2026.08.27-15.48.41.060.jpk-force-map,2026-08-27T15:48:41.060000,13,3,0.05,linear_drift_corrected,15.0,3431.168867959116,3017.7335411877075,3537.4730718163755,64
27-08-26/0/map3-0.05-data-2026.08.27-15.48.41.060.jpk-force-map,2026-08-27T15:48:41.060000,13,3,0.05,linear_drift_corrected,20.0,2578.5093083039246,2317.560121313357,2650.0440677520965,64
27-08-26/0/map3-0.05-data-2026.08.27-15.48.41.060.jpk-force-map,2026-08-27T15:48:41.060000,13,3,0.05,linear_drift_corrected,25.0,1980.3373476395564,1790.031143419679,2036.0028359309642,64
27-08-26/0/map3-0.05-data-2026.08.27-15.48.41.060.jpk-force-map,2026-08-27T15:48:41.060000,13,3,0.05,linear_drift_corrected,30.0,1552.8887580730848,1416.8444092161963,1592.126284020434,64
27-08-26/0/map3-0.05-data-2026.08.27-15.48.41.060.jpk-force-map,2026-08-27T15:48:41.060000,13,3,0.05,linear_drift_corrected,35.0,1236.3596308513738,1129.7706683308015,1269.657439594365,64
27-08-26/0/map3-0.05-data-2026.08.27-15.48.41.060.jpk-force-map,2026-08-27T15:48:41.060000,13,3,0.05,linear_drift_corrected,40.0,997.8684147237477,895.6047687470293,1021.5152084540687,64
27-08-26/0/map3-0.05-data-2026.08.27-15.48.41.060.jpk-force-map,2026-08-27T15:48:41.060000,13,3,0.05,linear_drift_corrected,45.0,803.0252071065237,722.5067343267473,824.9503562855307,64
27-08-26/0/map3-0.05-data-2026.08.27-15.48.41.060.jpk-force-map,2026-08-27T15:48:41.060000,13,3,0.05,linear_drift_corrected,50.0,647.5858992744534,582.7162540740354,669.9387767585306,64
27-08-26/0/map3-0.05-data-2026.08.27-15.48.41.060.jpk-force-map,2026-08-27T15:48:41.060000,13,3,0.05,linear_drift_corrected,55.0,524.726637107382,471.4170130673784,545.2133258309864,64
27-08-26/0/map3-0.05-data-2026.08.27-15.48.41.060.jpk-force-map,2026-08-27T15:48:41.060000,13,3,0.05,linear_drift_corrected,60.0,427.5024614012954,387.82716421800563,443.7484746240868,64
27-08-26/0/map3-0.05-data-2026.08.27-15.48.41.060.jpk-force-map,2026-08-27T15:48:41.060000,13,3,0.05,linear_drift_corrected,65.0,344.9112076582294,317.85255226912096,362.5751842779037,64
27-08-26/0/map3-0.05-data-2026.08.27-15.48.41.060.jpk-force-map,2026-08-27T15:48:41.060000,13,3,0.05,linear_drift_corrected,70.0,281.65158882534206,258.95239139621384,296.4129952754884,64
27-08-26/0/map3-0.05-data-2026.08.27-15.48.41.060.jpk-force-map,2026-08-27T15:48:41.060000,13,3,0.05,linear_drift_corrected,75.0,226.86511707297137,210.00319195910592,242.24787611587013,64
27-08-26/0/map3-0.05-data-2026.08.27-15.48.41.060.jpk-force-map,2026-08-27T15:48:41.060000,13,3,0.05,linear_drift_corrected,80.0,183.41310489935472,171.04072342726056,196.83025981191935,64
27-08-26/0/map3-0.05-data-2026.08.27-15.48.41.060.jpk-force-map,2026-08-27T15:48:41.060000,13,3,0.05,linear_drift_corrected,85.0,148.2097601229142,135.23949700052611,161.40784820166738,64
27-08-26/0/map3-0.05-data-2026.08.27-15.48.41.060.jpk-force-map,2026-08-27T15:48:41.060000,13,3,0.05,linear_drift_corrected,90.0,120.01494013259983,106.79449891894912,131.5001278269262,64
27-08-26/0/map3-0.05-data-2026.08.27-15.48.41.060.jpk-force-map,2026-08-27T15:48:41.060000,13,3,0.05,linear_drift_corrected,95.0,96.32993979664042,84.25811253317548,107.86978707998975,64
27-08-26/0/map3-0.05-data-2026.08.27-15.48.41.060.jpk-force-map,2026-08-27T15:48:41.060000,13,3,0.05,linear_drift_corrected,100.0,77.1145314721433,69.05424708672442,88.0808379098502,64
27-08-26/0/map3-0.05-data-2026.08.27-15.48.41.060.jpk-force-map,2026-08-27T15:48:41.060000,13,3,0.05,linear_drift_corrected,105.0,63.14519358505093,55.1422146697622,72.72216763809486,64
27-08-26/0/map3-0.05-data-2026.08.27-15.48.41.060.jpk-force-map,2026-08-27T15:48:41.060000,13,3,0.05,linear_drift_corrected,110.0,50.52512936423034,44.69872563871795,59.82367040749982,64
27-08-26/0/map3-0.05-data-2026.08.27-15.48.41.060.jpk-force-map,2026-08-27T15:48:41.060000,13,3,0.05,linear_drift_corrected,115.0,40.78657017122702,33.255136006917944,48.38219449768279,64
27-08-26/0/map3-0.05-data-2026.08.27-15.48.41.060.jpk-force-map,2026-08-27T15:48:41.060000,13,3,0.05,linear_drift_corrected,120.0,32.535574204662154,27.303231736710405,39.914244579693616,64
27-08-26/0/map3-0.05-data-2026.08.27-15.48.41.060.jpk-force-map,2026-08-27T15:48:41.060000,13,3,0.05,linear_drift_corrected,125.0,26.175168759030043,20.41585441714292,32.82254364783037,64
27-08-26/0/map3-0.05-data-2026.08.27-15.48.41.060.jpk-force-map,2026-08-27T15:48:41.060000,13,3,0.05,linear_drift_corrected,130.0,21.53761481332713,16.094760206380357,27.452852866516146,64
27-08-26/0/map3-0.05-data-2026.08.27-15.48.41.060.jpk-force-map,2026-08-27T15:48:41.060000,13,3,0.05,linear_drift_corrected,135.0,16.404156606478473,11.82582370533648,22.151146481850358,64
27-08-26/0/map3-0.05-data-2026.08.27-15.48.41.060.jpk-force-map,2026-08-27T15:48:41.060000,13,3,0.05,linear_drift_corrected,140.0,13.641398648641758,8.284410239643345,18.183183138644857,64
27-08-26/0/map3-0.05-data-2026.08.27-15.48.41.060.jpk-force-map,2026-08-27T15:48:41.060000,13,3,0.05,linear_drift_corrected,145.0,10.875716716110496,5.834706338702486,15.750790680796252,64
27-08-26/0/map3-0.05-data-2026.08.27-15.48.41.060.jpk-force-map,2026-08-27T15:48:41.060000,13,3,0.05,linear_drift_corrected,150.0,7.868545798136858,4.094919787564433,12.982761680096928,64
27-08-26/0/map3-0.05-data-2026.08.27-15.48.41.060.jpk-force-map,2026-08-27T15:48:41.060000,13,3,0.05,linear_drift_corrected,155.0,6.953709063045137,2.088816083167438,11.471794673347041,64
27-08-26/0/map3-0.05-data-2026.08.27-15.48.41.060.jpk-force-map,2026-08-27T15:48:41.060000,13,3,0.05,linear_drift_corrected,160.0,5.685014520183604,0.39289470912481883,8.849918982549688,64
27-08-26/0/map3-0.05-data-2026.08.27-15.48.41.060.jpk-force-map,2026-08-27T15:48:41.060000,13,3,0.05,linear_drift_corrected,165.0,3.8486527105147026,-0.8587396370818173,7.461639794350377,64
27-08-26/0/map3-0.05-data-2026.08.27-15.48.41.060.jpk-force-map,2026-08-27T15:48:41.060000,13,3,0.05,linear_drift_corrected,170.0,2.641711063411897,-2.306772382170871,6.530259667487643,64
27-08-26/0/map3-0.05-data-2026.08.27-15.48.41.060.jpk-force-map,2026-08-27T15:48:41.060000,13,3,0.05,linear_drift_corrected,175.0,2.1947380318572716,-2.2190538849507773,6.684787879457281,64
27-08-26/0/map3-0.05-data-2026.08.27-15.48.41.060.jpk-force-map,2026-08-27T15:48:41.060000,13,3,0.05,linear_drift_corrected,180.0,1.745308151157397,-2.4934932069605726,5.721923756820836,64
27-08-26/0/map3-0.05-data-2026.08.27-15.48.41.060.jpk-force-map,2026-08-27T15:48:41.060000,13,3,0.05,linear_drift_corrected,185.0,1.2860277778316522,-1.277666874544239,6.012641351777527,64
27-08-26/0/map3-0.05-data-2026.08.27-15.48.41.060.jpk-force-map,2026-08-27T15:48:41.060000,13,3,0.05,linear_drift_corrected,190.0,1.5893921176216304,-1.5277956664869705,4.7774474979822426,64
27-08-26/0/map3-0.05-data-2026.08.27-15.48.41.060.jpk-force-map,2026-08-27T15:48:41.060000,13,3,0.05,linear_drift_corrected,195.0,1.026872623680557,-1.6512460846386778,4.823733023679087,64
27-08-26/0/map3-0.05-data-2026.08.27-15.48.41.060.jpk-force-map,2026-08-27T15:48:41.060000,13,3,0.05,linear_drift_corrected,200.0,1.0125946893208606,-2.7188637940265554,5.05674559244707,64
27-08-26/0/map3-0.05-data-2026.08.27-15.48.41.060.jpk-force-map,2026-08-27T15:48:41.060000,13,3,0.05,linear_drift_corrected,205.0,1.0974846150355815,-2.2600498223246195,3.458277679771104,64
27-08-26/0/map3-0.05-data-2026.08.27-15.48.41.060.jpk-force-map,2026-08-27T15:48:41.060000,13,3,0.05,linear_drift_corrected,210.0,0.4753964089796272,-2.181063842018401,3.2243238679918615,64
27-08-26/0/map3-0.05-data-2026.08.27-15.48.41.060.jpk-force-map,2026-08-27T15:48:41.060000,13,3,0.05,linear_drift_corrected,215.0,0.28047000918347786,-2.8129034587399593,3.1823801409758383,64
27-08-26/0/map3-0.05-data-2026.08.27-15.48.41.060.jpk-force-map,2026-08-27T15:48:41.060000,13,3,0.05,linear_drift_corrected,220.0,-0.1895587583551656,-2.766002210067079,2.896448836184887,64
27-08-26/0/map3-0.05-data-2026.08.27-15.48.41.060.jpk-force-map,2026-08-27T15:48:41.060000,13,3,0.05,linear_drift_corrected,225.0,0.2764891742547766,-2.27574582035893,3.9108758255736387,64
27-08-26/0/map3-0.05-data-2026.08.27-15.48.41.060.jpk-force-map,2026-08-27T15:48:41.060000,13,3,0.05,linear_drift_corrected,230.0,0.4718993526826596,-1.915360356750635,3.5642932547454347,64
27-08-26/0/map3-0.05-data-2026.08.27-15.48.41.060.jpk-force-map,2026-08-27T15:48:41.060000,13,3,0.05,linear_drift_corrected,235.0,0.6617589607511424,-1.98505183824729,3.0484434265881735,64
27-08-26/0/map3-0.05-data-2026.08.27-15.48.41.060.jpk-force-map,2026-08-27T15:48:41.060000,13,3,0.05,linear_drift_corrected,240.0,0.5940218173980625,-2.301146160960908,2.859000407055239,64
27-08-26/0/map3-0.05-data-2026.08.27-15.48.41.060.jpk-force-map,2026-08-27T15:48:41.060000,13,3,0.05,linear_drift_corrected,245.0,0.09297873142400376,-2.1334542041841487,2.1786652744241812,64
27-08-26/0/map3-0.05-data-2026.08.27-15.48.41.060.jpk-force-map,2026-08-27T15:48:41.060000,13,3,0.05,linear_drift_corrected,250.0,0.01174757677034963,-1.7099259879850073,2.0546646456021103,64
27-08-26/0/map3-0.05-data-2026.08.27-15.48.41.060.jpk-force-map,2026-08-27T15:48:41.060000,13,3,0.05,linear_drift_corrected,255.0,0.07325874411497618,-1.961351500538916,1.8432137222438454,64
27-08-26/0/map3-0.05-data-2026.08.27-15.48.41.060.jpk-force-map,2026-08-27T15:48:41.060000,13,3,0.05,linear_drift_corrected,260.0,0.39796392119517354,-1.0670369727806448,1.9424824034932664,64
27-08-26/0/map3-0.05-data-2026.08.27-15.48.41.060.jpk-force-map,2026-08-27T15:48:41.060000,13,3,0.05,linear_drift_corrected,265.0,0.07968412241261519,-1.6843610253557422,1.1161266179971059,64
27-08-26/0/map3-0.05-data-2026.08.27-15.48.41.060.jpk-force-map,2026-08-27T15:48:41.060000,13,3,0.05,linear_drift_corrected,270.0,0.13461231481986402,-0.7802807698383483,1.109240996271713,64
27-08-26/0/map3-0.05-data-2026.08.27-15.48.41.060.jpk-force-map,2026-08-27T15:48:41.060000,13,3,0.05,linear_drift_corrected,275.0,0.1331966721911832,-0.7590049292638494,1.2051814165932542,64
27-08-26/0/map3-0.05-data-2026.08.27-15.48.41.060.jpk-force-map,2026-08-27T15:48:41.060000,13,3,0.05,linear_drift_corrected,280.0,-0.2308760372378305,-1.5038241128026333,1.0226726000495892,64
27-08-26/0/map3-0.05-data-2026.08.27-15.48.41.060.jpk-force-map,2026-08-27T15:48:41.060000,13,3,0.05,linear_drift_corrected,285.0,-0.12136345225865822,-1.5202910254349367,1.08151590916866,64
27-08-26/0/map3-0.05-data-2026.08.27-15.48.41.060.jpk-force-map,2026-08-27T15:48:41.060000,13,3,0.05,linear_drift_corrected,290.0,-0.0724912445173714,-1.0998640364841763,1.2103984329875352,64
27-08-26/0/map3-0.05-data-2026.08.27-15.48.41.060.jpk-force-map,2026-08-27T15:48:41.060000,13,3,0.05,linear_drift_corrected,295.0,0.22434066726080448,-1.0034338649047687,1.0985104207526888,64
27-08-26/0/map3-0.05-data-2026.08.27-15.48.41.060.jpk-force-map,2026-08-27T15:48:41.060000,13,3,0.05,linear_drift_corrected,300.0,0.047723528344449866,-1.1871695211437108,0.8373277295603161,64
27-08-26/0/map3-0.05-data-2026.08.27-15.48.41.060.jpk-force-map,2026-08-27T15:48:41.060000,13,3,0.05,linear_drift_corrected,305.0,0.16573499685092027,-1.5820889341905047,1.3235470288318298,64
27-08-26/0/map3-0.05-data-2026.08.27-15.48.41.060.jpk-force-map,2026-08-27T15:48:41.060000,13,3,0.05,linear_drift_corrected,310.0,-0.14150152370266472,-1.0059089917821833,1.0391219125023632,64
27-08-26/0/map3-0.05-data-2026.08.27-15.48.41.060.jpk-force-map,2026-08-27T15:48:41.060000,13,3,0.05,linear_drift_corrected,315.0,0.05118320885871874,-1.1325252952753526,1.4732599917552665,64
27-08-26/0/map3-0.05-data-2026.08.27-15.48.41.060.jpk-force-map,2026-08-27T15:48:41.060000,13,3,0.05,linear_drift_corrected,320.0,-0.015333928344608184,-1.1611858449406043,1.0598304059274006,64
27-08-26/0/map3-0.05-data-2026.08.27-15.48.41.060.jpk-force-map,2026-08-27T15:48:41.060000,13,3,0.05,linear_drift_corrected,325.0,-0.1653110218737313,-1.3259609906162921,0.9904530127873872,64
27-08-26/0/map3-0.05-data-2026.08.27-15.48.41.060.jpk-force-map,2026-08-27T15:48:41.060000,13,3,0.05,linear_drift_corrected,330.0,0.033707211839098854,-1.2527397635236976,0.7199508058062647,64
27-08-26/0/map3-0.05-data-2026.08.27-15.48.41.060.jpk-force-map,2026-08-27T15:48:41.060000,13,3,0.05,linear_drift_corrected,335.0,0.1384569526920471,-1.1765168053233297,1.2165722775942815,64
27-08-26/0/map3-0.05-data-2026.08.27-15.48.41.060.jpk-force-map,2026-08-27T15:48:41.060000,13,3,0.05,linear_drift_corrected,340.0,-0.19512300134522118,-1.9572720356611362,1.0042918049088743,64
27-08-26/0/map3-0.05-data-2026.08.27-15.48.41.060.jpk-force-map,2026-08-27T15:48:41.060000,13,3,0.05,linear_drift_corrected,345.0,-0.008829575962047358,-0.9084065223310771,0.921772007623938,63
27-08-26/0/map3-0.05-data-2026.08.27-15.48.41.060.jpk-force-map,2026-08-27T15:48:41.060000,13,3,0.05,linear_drift_corrected,350.0,0.008605140861404084,-1.1724701691304236,1.3007905736915077,63
27-08-26/0/map3-0.05-data-2026.08.27-15.48.41.060.jpk-force-map,2026-08-27T15:48:41.060000,13,3,0.05,linear_drift_corrected,355.0,-0.19705989927720713,-1.4344789259951845,0.9078290999949931,59
27-08-26/0/map3-0.05-data-2026.08.27-15.48.41.060.jpk-force-map,2026-08-27T15:48:41.060000,13,3,0.05,linear_drift_corrected,360.0,0.02487576515672614,-0.8565996258651998,0.7720425885160989,58
27-08-26/0/map3-0.05-data-2026.08.27-15.48.41.060.jpk-force-map,2026-08-27T15:48:41.060000,13,3,0.05,linear_drift_corrected,365.0,0.282312817300618,-0.9957904471940795,1.9157858842622477,51
27-08-26/0/map3-0.05-data-2026.08.27-15.48.41.060.jpk-force-map,2026-08-27T15:48:41.060000,13,3,0.05,linear_drift_corrected,370.0,0.22162153359781306,-0.7475705085151012,2.611113945122082,26
27-08-26/0/map3-0.05-data-2026.08.27-15.48.41.060.jpk-force-map,2026-08-27T15:48:41.060000,13,3,0.05,far_constant_referenced,5.0,6544.657899111516,5616.8653292186245,6888.399849740717,64
27-08-26/0/map3-0.05-data-2026.08.27-15.48.41.060.jpk-force-map,2026-08-27T15:48:41.060000,13,3,0.05,far_constant_referenced,10.0,4742.8923878385785,4147.291220508255,4928.938436503466,64
27-08-26/0/map3-0.05-data-2026.08.27-15.48.41.060.jpk-force-map,2026-08-27T15:48:41.060000,13,3,0.05,far_constant_referenced,15.0,3430.5250215558563,3041.8312116984825,3539.9333937939064,64
27-08-26/0/map3-0.05-data-2026.08.27-15.48.41.060.jpk-force-map,2026-08-27T15:48:41.060000,13,3,0.05,far_constant_referenced,20.0,2586.6302100947314,2330.1781721370944,2664.6176703788433,64
27-08-26/0/map3-0.05-data-2026.08.27-15.48.41.060.jpk-force-map,2026-08-27T15:48:41.060000,13,3,0.05,far_constant_referenced,25.0,1992.068234338265,1802.06274723892,2044.7131542441305,64
27-08-26/0/map3-0.05-data-2026.08.27-15.48.41.060.jpk-force-map,2026-08-27T15:48:41.060000,13,3,0.05,far_constant_referenced,30.0,1565.0020808242045,1425.9881393122926,1600.5911199607438,64
27-08-26/0/map3-0.05-data-2026.08.27-15.48.41.060.jpk-force-map,2026-08-27T15:48:41.060000,13,3,0.05,far_constant_referenced,35.0,1248.9319968926443,1140.6858974551253,1274.9028305580264,64
27-08-26/0/map3-0.05-data-2026.08.27-15.48.41.060.jpk-force-map,2026-08-27T15:48:41.060000,13,3,0.05,far_constant_referenced,40.0,1000.2165805679549,914.1614175746205,1023.5685723626598,64
27-08-26/0/map3-0.05-data-2026.08.27-15.48.41.060.jpk-force-map,2026-08-27T15:48:41.060000,13,3,0.05,far_constant_referenced,45.0,808.4246726497595,734.9872684635004,826.8403619379087,64
27-08-26/0/map3-0.05-data-2026.08.27-15.48.41.060.jpk-force-map,2026-08-27T15:48:41.060000,13,3,0.05,far_constant_referenced,50.0,655.7005930384066,595.0134537306114,670.0388700166898,64
27-08-26/0/map3-0.05-data-2026.08.27-15.48.41.060.jpk-force-map,2026-08-27T15:48:41.060000,13,3,0.05,far_constant_referenced,55.0,532.0096317671889,487.2268614985263,545.6891732692923,64
27-08-26/0/map3-0.05-data-2026.08.27-15.48.41.060.jpk-force-map,2026-08-27T15:48:41.060000,13,3,0.05,far_constant_referenced,60.0,433.77458813348954,395.271840733725,445.49909495967574,64
27-08-26/0/map3-0.05-data-2026.08.27-15.48.41.060.jpk-force-map,2026-08-27T15:48:41.060000,13,3,0.05,far_constant_referenced,65.0,351.14707547123584,324.04704801292587,361.04597146579385,64
27-08-26/0/map3-0.05-data-2026.08.27-15.48.41.060.jpk-force-map,2026-08-27T15:48:41.060000,13,3,0.05,far_constant_referenced,70.0,287.63530960830235,264.33832279895086,295.26782441839913,64
27-08-26/0/map3-0.05-data-2026.08.27-15.48.41.060.jpk-force-map,2026-08-27T15:48:41.060000,13,3,0.05,far_constant_referenced,75.0,232.96287221003956,217.10500382252837,241.07266899572375,64
27-08-26/0/map3-0.05-data-2026.08.27-15.48.41.060.jpk-force-map,2026-08-27T15:48:41.060000,13,3,0.05,far_constant_referenced,80.0,191.0105781953465,176.63485126698356,196.72577552472993,64
27-08-26/0/map3-0.05-data-2026.08.27-15.48.41.060.jpk-force-map,2026-08-27T15:48:41.060000,13,3,0.05,far_constant_referenced,85.0,155.32832989824578,143.48806436179106,160.7484886104457,64
27-08-26/0/map3-0.05-data-2026.08.27-15.48.41.060.jpk-force-map,2026-08-27T15:48:41.060000,13,3,0.05,far_constant_referenced,90.0,125.81502551883943,117.04285278450496,130.87103008594158,64
27-08-26/0/map3-0.05-data-2026.08.27-15.48.41.060.jpk-force-map,2026-08-27T15:48:41.060000,13,3,0.05,far_constant_referenced,95.0,102.19764743818297,94.8190630063779,108.09993417089026,64
27-08-26/0/map3-0.05-data-2026.08.27-15.48.41.060.jpk-force-map,2026-08-27T15:48:41.060000,13,3,0.05,far_constant_referenced,100.0,83.48521510283561,76.49290677363653,88.0897535733538,64
27-08-26/0/map3-0.05-data-2026.08.27-15.48.41.060.jpk-force-map,2026-08-27T15:48:41.060000,13,3,0.05,far_constant_referenced,105.0,68.86135998476766,62.19769783182297,73.22192741195829,64
27-08-26/0/map3-0.05-data-2026.08.27-15.48.41.060.jpk-force-map,2026-08-27T15:48:41.060000,13,3,0.05,far_constant_referenced,110.0,56.13487398358217,51.08423213530686,59.90772187227985,64
27-08-26/0/map3-0.05-data-2026.08.27-15.48.41.060.jpk-force-map,2026-08-27T15:48:41.060000,13,3,0.05,far_constant_referenced,115.0,45.56556687030454,41.06634673386708,49.19269490091384,64
27-08-26/0/map3-0.05-data-2026.08.27-15.48.41.060.jpk-force-map,2026-08-27T15:48:41.060000,13,3,0.05,far_constant_referenced,120.0,37.855913239785174,33.531358577783756,40.68834335255211,64
27-08-26/0/map3-0.05-data-2026.08.27-15.48.41.060.jpk-force-map,2026-08-27T15:48:41.060000,13,3,0.05,far_constant_referenced,125.0,31.025377292471777,26.161795153617625,33.638155668218786,64
27-08-26/0/map3-0.05-data-2026.08.27-15.48.41.060.jpk-force-map,2026-08-27T15:48:41.060000,13,3,0.05,far_constant_referenced,130.0,25.62374757555388,20.930180845973712,28.393885819245984,64
27-08-26/0/map3-0.05-data-2026.08.27-15.48.41.060.jpk-force-map,2026-08-27T15:48:41.060000,13,3,0.05,far_constant_referenced,135.0,21.01408987621097,15.6790576442588,23.46022013124972,64
27-08-26/0/map3-0.05-data-2026.08.27-15.48.41.060.jpk-force-map,2026-08-27T15:48:41.060000,13,3,0.05,far_constant_referenced,140.0,17.27237307509936,14.153634352541463,19.2354488598666,64
27-08-26/0/map3-0.05-data-2026.08.27-15.48.41.060.jpk-force-map,2026-08-27T15:48:41.060000,13,3,0.05,far_constant_referenced,145.0,13.303486040805268,10.928116355890186,17.347320485503047,64
27-08-26/0/map3-0.05-data-2026.08.27-15.48.41.060.jpk-force-map,2026-08-27T15:48:41.060000,13,3,0.05,far_constant_referenced,150.0,11.169159580411995,8.066485259212403,14.216662630403142,64
27-08-26/0/map3-0.05-data-2026.08.27-15.48.41.060.jpk-force-map,2026-08-27T15:48:41.060000,13,3,0.05,far_constant_referenced,155.0,9.7164744727378,5.814475923655858,12.631596165731423,64
27-08-26/0/map3-0.05-data-2026.08.27-15.48.41.060.jpk-force-map,2026-08-27T15:48:41.060000,13,3,0.05,far_constant_referenced,160.0,8.626233141366113,5.743917272070611,10.970923086016159,64
27-08-26/0/map3-0.05-data-2026.08.27-15.48.41.060.jpk-force-map,2026-08-27T15:48:41.060000,13,3,0.05,far_constant_referenced,165.0,6.399962480666125,3.670421740739461,9.733269344102432,64
27-08-26/0/map3-0.05-data-2026.08.27-15.48.41.060.jpk-force-map,2026-08-27T15:48:41.060000,13,3,0.05,far_constant_referenced,170.0,5.629346317909856,2.8097914813517404,8.393421066671515,64
27-08-26/0/map3-0.05-data-2026.08.27-15.48.41.060.jpk-force-map,2026-08-27T15:48:41.060000,13,3,0.05,far_constant_referenced,175.0,4.7015781445274385,2.5517098954632194,7.854375773477198,64
27-08-26/0/map3-0.05-data-2026.08.27-15.48.41.060.jpk-force-map,2026-08-27T15:48:41.060000,13,3,0.05,far_constant_referenced,180.0,4.657334229510987,1.89301005196669,7.208278022284693,64
27-08-26/0/map3-0.05-data-2026.08.27-15.48.41.060.jpk-force-map,2026-08-27T15:48:41.060000,13,3,0.05,far_constant_referenced,185.0,3.761659226161946,1.6541047884389963,6.213389751249115,64
27-08-26/0/map3-0.05-data-2026.08.27-15.48.41.060.jpk-force-map,2026-08-27T15:48:41.060000,13,3,0.05,far_constant_referenced,190.0,4.042848607128228,1.4818920303655665,6.127289310992953,64
27-08-26/0/map3-0.05-data-2026.08.27-15.48.41.060.jpk-force-map,2026-08-27T15:48:41.060000,13,3,0.05,far_constant_referenced,195.0,3.982047371968724,1.1569160204843834,6.0937173846053465,64
27-08-26/0/map3-0.05-data-2026.08.27-15.48.41.060.jpk-force-map,2026-08-27T15:48:41.060000,13,3,0.05,far_constant_referenced,200.0,3.7183655160317777,0.9375018346860436,5.531332683892243,64
27-08-26/0/map3-0.05-data-2026.08.27-15.48.41.060.jpk-force-map,2026-08-27T15:48:41.060000,13,3,0.05,far_constant_referenced,205.0,3.452735740078022,1.4490505739842499,4.820033061160721,64
27-08-26/0/map3-0.05-data-2026.08.27-15.48.41.060.jpk-force-map,2026-08-27T15:48:41.060000,13,3,0.05,far_constant_referenced,210.0,2.1863620554770975,-0.17248000319766418,4.968425370491726,64
27-08-26/0/map3-0.05-data-2026.08.27-15.48.41.060.jpk-force-map,2026-08-27T15:48:41.060000,13,3,0.05,far_constant_referenced,215.0,2.1775845378402905,-0.36002075384258103,4.601830386592389,64
27-08-26/0/map3-0.05-data-2026.08.27-15.48.41.060.jpk-force-map,2026-08-27T15:48:41.060000,13,3,0.05,far_constant_referenced,220.0,1.795174581365258,0.00973366130363084,3.624235844486733,64
27-08-26/0/map3-0.05-data-2026.08.27-15.48.41.060.jpk-force-map,2026-08-27T15:48:41.060000,13,3,0.05,far_constant_referenced,225.0,1.8847195143341096,0.3984565414917312,4.765045892149059,64
27-08-26/0/map3-0.05-data-2026.08.27-15.48.41.060.jpk-force-map,2026-08-27T15:48:41.060000,13,3,0.05,far_constant_referenced,230.0,1.9562224320251116,0.29580471987303747,4.405541812213386,64
27-08-26/0/map3-0.05-data-2026.08.27-15.48.41.060.jpk-force-map,2026-08-27T15:48:41.060000,13,3,0.05,far_constant_referenced,235.0,2.3512819910484755,0.04962445018486668,4.011254294660118,64
27-08-26/0/map3-0.05-data-2026.08.27-15.48.41.060.jpk-force-map,2026-08-27T15:48:41.060000,13,3,0.05,far_constant_referenced,240.0,2.53274736920183,-0.6878948886268254,3.529601376595851,64
27-08-26/0/map3-0.05-data-2026.08.27-15.48.41.060.jpk-force-map,2026-08-27T15:48:41.060000,13,3,0.05,far_constant_referenced,245.0,1.555817970516557,-0.3335040987354076,3.135278226359317,64
27-08-26/0/map3-0.05-data-2026.08.27-15.48.41.060.jpk-force-map,2026-08-27T15:48:41.060000,13,3,0.05,far_constant_referenced,250.0,1.4814169279224492,-0.15617805061778517,3.4957622050839072,64
27-08-26/0/map3-0.05-data-2026.08.27-15.48.41.060.jpk-force-map,2026-08-27T15:48:41.060000,13,3,0.05,far_constant_referenced,255.0,1.2274627945086016,-1.1440051115923329,2.976207989619018,64
27-08-26/0/map3-0.05-data-2026.08.27-15.48.41.060.jpk-force-map,2026-08-27T15:48:41.060000,13,3,0.05,far_constant_referenced,260.0,1.7013299712860726,-0.17734980323975547,2.812475810155466,64
27-08-26/0/map3-0.05-data-2026.08.27-15.48.41.060.jpk-force-map,2026-08-27T15:48:41.060000,13,3,0.05,far_constant_referenced,265.0,1.069811926317112,-0.6526363485660782,2.2274465392467104,64
27-08-26/0/map3-0.05-data-2026.08.27-15.48.41.060.jpk-force-map,2026-08-27T15:48:41.060000,13,3,0.05,far_constant_referenced,270.0,0.9876192036556721,-0.5375843531817103,2.4132947374379645,64
27-08-26/0/map3-0.05-data-2026.08.27-15.48.41.060.jpk-force-map,2026-08-27T15:48:41.060000,13,3,0.05,far_constant_referenced,275.0,0.8183164480464424,-0.792512446603971,2.659480945906653,64
27-08-26/0/map3-0.05-data-2026.08.27-15.48.41.060.jpk-force-map,2026-08-27T15:48:41.060000,13,3,0.05,far_constant_referenced,280.0,0.6105660272269473,-1.3009433261191288,2.17490614781714,64
27-08-26/0/map3-0.05-data-2026.08.27-15.48.41.060.jpk-force-map,2026-08-27T15:48:41.060000,13,3,0.05,far_constant_referenced,285.0,0.37510525641190384,-1.493573611686072,2.1985128004601373,64
27-08-26/0/map3-0.05-data-2026.08.27-15.48.41.060.jpk-force-map,2026-08-27T15:48:41.060000,13,3,0.05,far_constant_referenced,290.0,0.4894267817899731,-1.1148397603647222,1.4327426826238505,64
27-08-26/0/map3-0.05-data-2026.08.27-15.48.41.060.jpk-force-map,2026-08-27T15:48:41.060000,13,3,0.05,far_constant_referenced,295.0,0.5078963892666413,-0.6497263461019188,1.629779543350757,64
27-08-26/0/map3-0.05-data-2026.08.27-15.48.41.060.jpk-force-map,2026-08-27T15:48:41.060000,13,3,0.05,far_constant_referenced,300.0,0.34492437371208107,-0.8749842919507375,1.109453286415754,64
27-08-26/0/map3-0.05-data-2026.08.27-15.48.41.060.jpk-force-map,2026-08-27T15:48:41.060000,13,3,0.05,far_constant_referenced,305.0,0.17026483805657555,-1.290692990908585,1.5222638604705272,64
27-08-26/0/map3-0.05-data-2026.08.27-15.48.41.060.jpk-force-map,2026-08-27T15:48:41.060000,13,3,0.05,far_constant_referenced,310.0,-0.08417627536149007,-0.922399515775092,1.1318603053898462,64
27-08-26/0/map3-0.05-data-2026.08.27-15.48.41.060.jpk-force-map,2026-08-27T15:48:41.060000,13,3,0.05,far_constant_referenced,315.0,0.17318671808182368,-1.2293928981838218,1.606950870958375,64
27-08-26/0/map3-0.05-data-2026.08.27-15.48.41.060.jpk-force-map,2026-08-27T15:48:41.060000,13,3,0.05,far_constant_referenced,320.0,-0.16345899555874835,-1.3439757299056219,1.0036717274529334,64
27-08-26/0/map3-0.05-data-2026.08.27-15.48.41.060.jpk-force-map,2026-08-27T15:48:41.060000,13,3,0.05,far_constant_referenced,325.0,-0.36437981875826086,-1.4162091176029183,0.8236613505316659,64
27-08-26/0/map3-0.05-data-2026.08.27-15.48.41.060.jpk-force-map,2026-08-27T15:48:41.060000,13,3,0.05,far_constant_referenced,330.0,-0.2301277458909161,-1.660447406054769,0.6287862059209642,64
27-08-26/0/map3-0.05-data-2026.08.27-15.48.41.060.jpk-force-map,2026-08-27T15:48:41.060000,13,3,0.05,far_constant_referenced,335.0,-0.2992076411219631,-1.8421503354296942,1.1863486168362736,64
27-08-26/0/map3-0.05-data-2026.08.27-15.48.41.060.jpk-force-map,2026-08-27T15:48:41.060000,13,3,0.05,far_constant_referenced,340.0,-0.28361240342622507,-2.2162578767110332,1.0313761386679243,64
27-08-26/0/map3-0.05-data-2026.08.27-15.48.41.060.jpk-force-map,2026-08-27T15:48:41.060000,13,3,0.05,far_constant_referenced,345.0,-0.4466438067861481,-1.8920242143972186,0.643146177264561,63
27-08-26/0/map3-0.05-data-2026.08.27-15.48.41.060.jpk-force-map,2026-08-27T15:48:41.060000,13,3,0.05,far_constant_referenced,350.0,-0.35901116115090426,-1.9124536194518011,0.8805667456575068,63
27-08-26/0/map3-0.05-data-2026.08.27-15.48.41.060.jpk-force-map,2026-08-27T15:48:41.060000,13,3,0.05,far_constant_referenced,355.0,-1.0275040537564302,-2.554150734264824,0.9053908483110178,59
27-08-26/0/map3-0.05-data-2026.08.27-15.48.41.060.jpk-force-map,2026-08-27T15:48:41.060000,13,3,0.05,far_constant_referenced,360.0,-0.8475114931767664,-2.218948144295267,0.9888010209829787,58
27-08-26/0/map3-0.05-data-2026.08.27-15.48.41.060.jpk-force-map,2026-08-27T15:48:41.060000,13,3,0.05,far_constant_referenced,365.0,-0.12457186058858377,-1.6040052358109975,1.3057953098195907,51
27-08-26/0/map3-0.05-data-2026.08.27-15.48.41.060.jpk-force-map,2026-08-27T15:48:41.060000,13,3,0.05,far_constant_referenced,370.0,0.6081430047669811,-1.2277122232912445,3.1265363414057368,26
27-08-26/0/map3-0.2-data-2026.08.27-16.09.07.348.jpk-force-map,2026-08-27T16:09:07.348000,14,3,0.2,linear_drift_corrected,5.0,6610.672095807091,5848.795815092522,7004.076183942431,64
27-08-26/0/map3-0.2-data-2026.08.27-16.09.07.348.jpk-force-map,2026-08-27T16:09:07.348000,14,3,0.2,linear_drift_corrected,10.0,4646.629654773893,4171.479206025519,4880.776057338109,64
27-08-26/0/map3-0.2-data-2026.08.27-16.09.07.348.jpk-force-map,2026-08-27T16:09:07.348000,14,3,0.2,linear_drift_corrected,15.0,3370.025023755593,3051.5065680512134,3500.255395943721,64
27-08-26/0/map3-0.2-data-2026.08.27-16.09.07.348.jpk-force-map,2026-08-27T16:09:07.348000,14,3,0.2,linear_drift_corrected,20.0,2516.8720739943237,2321.298784391241,2630.0913043102005,64
27-08-26/0/map3-0.2-data-2026.08.27-16.09.07.348.jpk-force-map,2026-08-27T16:09:07.348000,14,3,0.2,linear_drift_corrected,25.0,1935.6537276555327,1798.322288489547,2015.843573884088,64
27-08-26/0/map3-0.2-data-2026.08.27-16.09.07.348.jpk-force-map,2026-08-27T16:09:07.348000,14,3,0.2,linear_drift_corrected,30.0,1509.6976333423522,1412.0796133268093,1571.1131070825,64
27-08-26/0/map3-0.2-data-2026.08.27-16.09.07.348.jpk-force-map,2026-08-27T16:09:07.348000,14,3,0.2,linear_drift_corrected,35.0,1199.1312691657095,1116.650265105445,1245.5515170305312,64
27-08-26/0/map3-0.2-data-2026.08.27-16.09.07.348.jpk-force-map,2026-08-27T16:09:07.348000,14,3,0.2,linear_drift_corrected,40.0,958.6282456867305,896.0486566032375,990.6284238076753,64
27-08-26/0/map3-0.2-data-2026.08.27-16.09.07.348.jpk-force-map,2026-08-27T16:09:07.348000,14,3,0.2,linear_drift_corrected,45.0,759.1058453741662,717.49909533339,787.7178526350503,64
27-08-26/0/map3-0.2-data-2026.08.27-16.09.07.348.jpk-force-map,2026-08-27T16:09:07.348000,14,3,0.2,linear_drift_corrected,50.0,610.0775195719534,573.3419705883387,636.1353963453234,64
27-08-26/0/map3-0.2-data-2026.08.27-16.09.07.348.jpk-force-map,2026-08-27T16:09:07.348000,14,3,0.2,linear_drift_corrected,55.0,488.38185166080586,457.92469300605046,509.02505906869135,64
27-08-26/0/map3-0.2-data-2026.08.27-16.09.07.348.jpk-force-map,2026-08-27T16:09:07.348000,14,3,0.2,linear_drift_corrected,60.0,393.75664688131087,374.4973997200717,408.41529331416245,64
27-08-26/0/map3-0.2-data-2026.08.27-16.09.07.348.jpk-force-map,2026-08-27T16:09:07.348000,14,3,0.2,linear_drift_corrected,65.0,316.93652240391214,296.410294103286,327.5376676827368,64
27-08-26/0/map3-0.2-data-2026.08.27-16.09.07.348.jpk-force-map,2026-08-27T16:09:07.348000,14,3,0.2,linear_drift_corrected,70.0,254.14747771995928,238.09983796272704,267.91998946310605,64
27-08-26/0/map3-0.2-data-2026.08.27-16.09.07.348.jpk-force-map,2026-08-27T16:09:07.348000,14,3,0.2,linear_drift_corrected,75.0,207.19568882677828,191.69139521964695,213.02453473109742,64
27-08-26/0/map3-0.2-data-2026.08.27-16.09.07.348.jpk-force-map,2026-08-27T16:09:07.348000,14,3,0.2,linear_drift_corrected,80.0,166.06268167214012,155.17747230006754,173.9779116469112,64
27-08-26/0/map3-0.2-data-2026.08.27-16.09.07.348.jpk-force-map,2026-08-27T16:09:07.348000,14,3,0.2,linear_drift_corrected,85.0,133.40218560104387,123.55706617233642,143.13321104027912,64
27-08-26/0/map3-0.2-data-2026.08.27-16.09.07.348.jpk-force-map,2026-08-27T16:09:07.348000,14,3,0.2,linear_drift_corrected,90.0,106.73556492178346,99.39676387046805,115.87588488215752,64
27-08-26/0/map3-0.2-data-2026.08.27-16.09.07.348.jpk-force-map,2026-08-27T16:09:07.348000,14,3,0.2,linear_drift_corrected,95.0,86.76684774017819,79.20119069726063,92.95779090025088,64
27-08-26/0/map3-0.2-data-2026.08.27-16.09.07.348.jpk-force-map,2026-08-27T16:09:07.348000,14,3,0.2,linear_drift_corrected,100.0,69.70055032333649,62.462174564402446,75.31061003922999,64
27-08-26/0/map3-0.2-data-2026.08.27-16.09.07.348.jpk-force-map,2026-08-27T16:09:07.348000,14,3,0.2,linear_drift_corrected,105.0,56.65320687617368,50.90829810062621,61.912955106437806,64
27-08-26/0/map3-0.2-data-2026.08.27-16.09.07.348.jpk-force-map,2026-08-27T16:09:07.348000,14,3,0.2,linear_drift_corrected,110.0,46.789466895617814,39.536486271623346,51.10818082860063,64
27-08-26/0/map3-0.2-data-2026.08.27-16.09.07.348.jpk-force-map,2026-08-27T16:09:07.348000,14,3,0.2,linear_drift_corrected,115.0,38.105005095323726,33.24298869151433,42.40646951195468,64
27-08-26/0/map3-0.2-data-2026.08.27-16.09.07.348.jpk-force-map,2026-08-27T16:09:07.348000,14,3,0.2,linear_drift_corrected,120.0,30.712929601875146,23.227738864256423,35.06574752177253,64
27-08-26/0/map3-0.2-data-2026.08.27-16.09.07.348.jpk-force-map,2026-08-27T16:09:07.348000,14,3,0.2,linear_drift_corrected,125.0,25.20729045865466,19.96990346667157,30.62276058406425,64
27-08-26/0/map3-0.2-data-2026.08.27-16.09.07.348.jpk-force-map,2026-08-27T16:09:07.348000,14,3,0.2,linear_drift_corrected,130.0,21.33196248380712,16.578497577958142,24.414803409278722,64
27-08-26/0/map3-0.2-data-2026.08.27-16.09.07.348.jpk-force-map,2026-08-27T16:09:07.348000,14,3,0.2,linear_drift_corrected,135.0,17.30149731175632,13.219726387230256,20.81749520812896,64
27-08-26/0/map3-0.2-data-2026.08.27-16.09.07.348.jpk-force-map,2026-08-27T16:09:07.348000,14,3,0.2,linear_drift_corrected,140.0,14.93129147384287,10.112793556731862,17.389205779149528,64
27-08-26/0/map3-0.2-data-2026.08.27-16.09.07.348.jpk-force-map,2026-08-27T16:09:07.348000,14,3,0.2,linear_drift_corrected,145.0,12.189629284272847,7.734312170878368,16.324040009409785,64
27-08-26/0/map3-0.2-data-2026.08.27-16.09.07.348.jpk-force-map,2026-08-27T16:09:07.348000,14,3,0.2,linear_drift_corrected,150.0,9.821107070605853,7.12263698650829,13.076383132057689,64
27-08-26/0/map3-0.2-data-2026.08.27-16.09.07.348.jpk-force-map,2026-08-27T16:09:07.348000,14,3,0.2,linear_drift_corrected,155.0,8.885919196656536,6.042648153660632,12.482047676622393,64
27-08-26/0/map3-0.2-data-2026.08.27-16.09.07.348.jpk-force-map,2026-08-27T16:09:07.348000,14,3,0.2,linear_drift_corrected,160.0,7.342129381614715,4.114625900555238,9.908403156126328,64
27-08-26/0/map3-0.2-data-2026.08.27-16.09.07.348.jpk-force-map,2026-08-27T16:09:07.348000,14,3,0.2,linear_drift_corrected,165.0,6.673258600941949,2.4454654414442727,9.744337125100333,64
27-08-26/0/map3-0.2-data-2026.08.27-16.09.07.348.jpk-force-map,2026-08-27T16:09:07.348000,14,3,0.2,linear_drift_corrected,170.0,5.768455452020101,2.431321997489752,8.743550538605069,64
27-08-26/0/map3-0.2-data-2026.08.27-16.09.07.348.jpk-force-map,2026-08-27T16:09:07.348000,14,3,0.2,linear_drift_corrected,175.0,4.704876072258381,2.224740337575085,8.057360343379543,64
27-08-26/0/map3-0.2-data-2026.08.27-16.09.07.348.jpk-force-map,2026-08-27T16:09:07.348000,14,3,0.2,linear_drift_corrected,180.0,5.1138310839952785,1.4141842585024522,8.542893507283294,64
27-08-26/0/map3-0.2-data-2026.08.27-16.09.07.348.jpk-force-map,2026-08-27T16:09:07.348000,14,3,0.2,linear_drift_corrected,185.0,4.228692829169901,0.4735648414689733,6.785772072941654,64
27-08-26/0/map3-0.2-data-2026.08.27-16.09.07.348.jpk-force-map,2026-08-27T16:09:07.348000,14,3,0.2,linear_drift_corrected,190.0,3.2941276932095693,-0.6184715485229074,5.892367745039729,64
27-08-26/0/map3-0.2-data-2026.08.27-16.09.07.348.jpk-force-map,2026-08-27T16:09:07.348000,14,3,0.2,linear_drift_corrected,195.0,2.213520009676458,-0.9278378871403316,5.2725455450888745,64
27-08-26/0/map3-0.2-data-2026.08.27-16.09.07.348.jpk-force-map,2026-08-27T16:09:07.348000,14,3,0.2,linear_drift_corrected,200.0,1.8329359769998366,-1.9650664440655186,4.654890712126093,64
27-08-26/0/map3-0.2-data-2026.08.27-16.09.07.348.jpk-force-map,2026-08-27T16:09:07.348000,14,3,0.2,linear_drift_corrected,205.0,1.5086160386335252,-1.055576466658931,3.9015102982015994,64
27-08-26/0/map3-0.2-data-2026.08.27-16.09.07.348.jpk-force-map,2026-08-27T16:09:07.348000,14,3,0.2,linear_drift_corrected,210.0,2.114340657103612,-0.48903227680775774,4.683436299348531,64
27-08-26/0/map3-0.2-data-2026.08.27-16.09.07.348.jpk-force-map,2026-08-27T16:09:07.348000,14,3,0.2,linear_drift_corrected,215.0,1.448121297393103,-1.8700621078067472,4.01247434815305,64
27-08-26/0/map3-0.2-data-2026.08.27-16.09.07.348.jpk-force-map,2026-08-27T16:09:07.348000,14,3,0.2,linear_drift_corrected,220.0,1.3706354880525986,-1.0588775594579634,4.047437345352467,64
27-08-26/0/map3-0.2-data-2026.08.27-16.09.07.348.jpk-force-map,2026-08-27T16:09:07.348000,14,3,0.2,linear_drift_corrected,225.0,1.5250944498039807,-0.7741455264779062,4.11857375483859,64
27-08-26/0/map3-0.2-data-2026.08.27-16.09.07.348.jpk-force-map,2026-08-27T16:09:07.348000,14,3,0.2,linear_drift_corrected,230.0,0.045358799829528194,-1.9710414167380532,3.690325374826427,64
27-08-26/0/map3-0.2-data-2026.08.27-16.09.07.348.jpk-force-map,2026-08-27T16:09:07.348000,14,3,0.2,linear_drift_corrected,235.0,0.6741835553097157,-1.547676504710169,3.105281555234534,64
27-08-26/0/map3-0.2-data-2026.08.27-16.09.07.348.jpk-force-map,2026-08-27T16:09:07.348000,14,3,0.2,linear_drift_corrected,240.0,0.9694619880064383,-1.3505414003174765,2.9063730509099712,64
27-08-26/0/map3-0.2-data-2026.08.27-16.09.07.348.jpk-force-map,2026-08-27T16:09:07.348000,14,3,0.2,linear_drift_corrected,245.0,0.7687056673513513,-1.9417486786696774,2.332860553877253,64
27-08-26/0/map3-0.2-data-2026.08.27-16.09.07.348.jpk-force-map,2026-08-27T16:09:07.348000,14,3,0.2,linear_drift_corrected,250.0,0.4530626806524247,-1.334343137092728,2.3938182269764896,64
27-08-26/0/map3-0.2-data-2026.08.27-16.09.07.348.jpk-force-map,2026-08-27T16:09:07.348000,14,3,0.2,linear_drift_corrected,255.0,0.8467313205368399,-0.8303591033167667,2.8559882343791223,64
27-08-26/0/map3-0.2-data-2026.08.27-16.09.07.348.jpk-force-map,2026-08-27T16:09:07.348000,14,3,0.2,linear_drift_corrected,260.0,-0.15186551952703775,-2.0619641900908543,2.488399515545064,64
27-08-26/0/map3-0.2-data-2026.08.27-16.09.07.348.jpk-force-map,2026-08-27T16:09:07.348000,14,3,0.2,linear_drift_corrected,265.0,0.14494139721338628,-1.3553215462418948,1.938673218310643,64
27-08-26/0/map3-0.2-data-2026.08.27-16.09.07.348.jpk-force-map,2026-08-27T16:09:07.348000,14,3,0.2,linear_drift_corrected,270.0,-0.05340231879217846,-1.403351562532545,1.9478184586702108,64
27-08-26/0/map3-0.2-data-2026.08.27-16.09.07.348.jpk-force-map,2026-08-27T16:09:07.348000,14,3,0.2,linear_drift_corrected,275.0,0.8301232816658572,-0.8785857956732729,2.0164842866029313,64
27-08-26/0/map3-0.2-data-2026.08.27-16.09.07.348.jpk-force-map,2026-08-27T16:09:07.348000,14,3,0.2,linear_drift_corrected,280.0,0.5780443014703752,-0.9133769421218978,1.917390817832127,64
27-08-26/0/map3-0.2-data-2026.08.27-16.09.07.348.jpk-force-map,2026-08-27T16:09:07.348000,14,3,0.2,linear_drift_corrected,285.0,-0.21981455488208282,-1.3559776253618603,1.3706521909386735,64
27-08-26/0/map3-0.2-data-2026.08.27-16.09.07.348.jpk-force-map,2026-08-27T16:09:07.348000,14,3,0.2,linear_drift_corrected,290.0,-0.41302230611441904,-1.3947357610938436,1.1069146532071206,64
27-08-26/0/map3-0.2-data-2026.08.27-16.09.07.348.jpk-force-map,2026-08-27T16:09:07.348000,14,3,0.2,linear_drift_corrected,295.0,-0.4669139444813268,-1.814920426465767,0.7842584748471022,64
27-08-26/0/map3-0.2-data-2026.08.27-16.09.07.348.jpk-force-map,2026-08-27T16:09:07.348000,14,3,0.2,linear_drift_corrected,300.0,-0.3056507465908468,-1.3393159691172536,1.1465681004963613,64
27-08-26/0/map3-0.2-data-2026.08.27-16.09.07.348.jpk-force-map,2026-08-27T16:09:07.348000,14,3,0.2,linear_drift_corrected,305.0,-0.07225932655291518,-2.2142745607298466,0.9874053297499619,64
27-08-26/0/map3-0.2-data-2026.08.27-16.09.07.348.jpk-force-map,2026-08-27T16:09:07.348000,14,3,0.2,linear_drift_corrected,310.0,-0.7731055811729914,-2.34776946180078,0.8740100114375333,64
27-08-26/0/map3-0.2-data-2026.08.27-16.09.07.348.jpk-force-map,2026-08-27T16:09:07.348000,14,3,0.2,linear_drift_corrected,315.0,-0.5302298775044181,-1.6334395316879307,1.6786176765547707,64
27-08-26/0/map3-0.2-data-2026.08.27-16.09.07.348.jpk-force-map,2026-08-27T16:09:07.348000,14,3,0.2,linear_drift_corrected,320.0,-0.3904383546446581,-2.100663234140424,0.41982148548575765,64
27-08-26/0/map3-0.2-data-2026.08.27-16.09.07.348.jpk-force-map,2026-08-27T16:09:07.348000,14,3,0.2,linear_drift_corrected,325.0,-0.6305797742748173,-1.9740499623542607,0.8666270870972638,64
27-08-26/0/map3-0.2-data-2026.08.27-16.09.07.348.jpk-force-map,2026-08-27T16:09:07.348000,14,3,0.2,linear_drift_corrected,330.0,-0.312742354367745,-1.8308866095401202,1.2470400315955983,64
27-08-26/0/map3-0.2-data-2026.08.27-16.09.07.348.jpk-force-map,2026-08-27T16:09:07.348000,14,3,0.2,linear_drift_corrected,335.0,-0.003800989794303002,-1.6035756184361396,1.1453569749797117,64
27-08-26/0/map3-0.2-data-2026.08.27-16.09.07.348.jpk-force-map,2026-08-27T16:09:07.348000,14,3,0.2,linear_drift_corrected,340.0,0.09354645115908208,-1.1209961707522322,1.7908264614479577,64
27-08-26/0/map3-0.2-data-2026.08.27-16.09.07.348.jpk-force-map,2026-08-27T16:09:07.348000,14,3,0.2,linear_drift_corrected,345.0,0.2915702779997952,-1.4012705612410274,1.3274455423322777,64
27-08-26/0/map3-0.2-data-2026.08.27-16.09.07.348.jpk-force-map,2026-08-27T16:09:07.348000,14,3,0.2,linear_drift_corrected,350.0,0.4817296515289125,-1.3024936134209533,1.7612739868490457,63
27-08-26/0/map3-0.2-data-2026.08.27-16.09.07.348.jpk-force-map,2026-08-27T16:09:07.348000,14,3,0.2,linear_drift_corrected,355.0,0.40181062068005546,-1.2280923882960786,1.7851292288215181,62
27-08-26/0/map3-0.2-data-2026.08.27-16.09.07.348.jpk-force-map,2026-08-27T16:09:07.348000,14,3,0.2,linear_drift_corrected,360.0,0.5132209845642144,-1.1930263664913991,1.5139524960464625,60
27-08-26/0/map3-0.2-data-2026.08.27-16.09.07.348.jpk-force-map,2026-08-27T16:09:07.348000,14,3,0.2,linear_drift_corrected,365.0,0.8930673741102597,-1.2425912452276422,2.1955691395584367,53
27-08-26/0/map3-0.2-data-2026.08.27-16.09.07.348.jpk-force-map,2026-08-27T16:09:07.348000,14,3,0.2,linear_drift_corrected,370.0,5.297648961949944,1.0612469027451616,6.045474278810022,10
27-08-26/0/map3-0.2-data-2026.08.27-16.09.07.348.jpk-force-map,2026-08-27T16:09:07.348000,14,3,0.2,far_constant_referenced,5.0,6595.301610322772,5835.155470146759,6994.525335362107,64
27-08-26/0/map3-0.2-data-2026.08.27-16.09.07.348.jpk-force-map,2026-08-27T16:09:07.348000,14,3,0.2,far_constant_referenced,10.0,4637.780568912288,4154.697764718838,4873.509481607448,64
27-08-26/0/map3-0.2-data-2026.08.27-16.09.07.348.jpk-force-map,2026-08-27T16:09:07.348000,14,3,0.2,far_constant_referenced,15.0,3365.6169890003703,3041.031643980598,3497.2224086877795,64
27-08-26/0/map3-0.2-data-2026.08.27-16.09.07.348.jpk-force-map,2026-08-27T16:09:07.348000,14,3,0.2,far_constant_referenced,20.0,2515.703662932607,2311.924273047173,2627.844972893052,64
27-08-26/0/map3-0.2-data-2026.08.27-16.09.07.348.jpk-force-map,2026-08-27T16:09:07.348000,14,3,0.2,far_constant_referenced,25.0,1931.5051680334932,1788.1260981109365,2009.5782714717593,64
27-08-26/0/map3-0.2-data-2026.08.27-16.09.07.348.jpk-force-map,2026-08-27T16:09:07.348000,14,3,0.2,far_constant_referenced,30.0,1508.1593042003592,1400.5626935577202,1565.336784556609,64
27-08-26/0/map3-0.2-data-2026.08.27-16.09.07.348.jpk-force-map,2026-08-27T16:09:07.348000,14,3,0.2,far_constant_referenced,35.0,1193.0583936201,1105.6329757929743,1240.9336235074352,64
27-08-26/0/map3-0.2-data-2026.08.27-16.09.07.348.jpk-force-map,2026-08-27T16:09:07.348000,14,3,0.2,far_constant_referenced,40.0,956.5732187947474,886.3698369388713,986.2069735210482,64
27-08-26/0/map3-0.2-data-2026.08.27-16.09.07.348.jpk-force-map,2026-08-27T16:09:07.348000,14,3,0.2,far_constant_referenced,45.0,754.6654177798752,707.2620952717398,787.8233933476033,64
27-08-26/0/map3-0.2-data-2026.08.27-16.09.07.348.jpk-force-map,2026-08-27T16:09:07.348000,14,3,0.2,far_constant_referenced,50.0,605.6917849770261,563.7645347998667,631.318923596268,64
27-08-26/0/map3-0.2-data-2026.08.27-16.09.07.348.jpk-force-map,2026-08-27T16:09:07.348000,14,3,0.2,far_constant_referenced,55.0,485.7770804545356,447.64191387624,506.2827632063537,64
27-08-26/0/map3-0.2-data-2026.08.27-16.09.07.348.jpk-force-map,2026-08-27T16:09:07.348000,14,3,0.2,far_constant_referenced,60.0,389.12022023886334,366.7531811353522,407.26443599100816,64
27-08-26/0/map3-0.2-data-2026.08.27-16.09.07.348.jpk-force-map,2026-08-27T16:09:07.348000,14,3,0.2,far_constant_referenced,65.0,313.2201344162028,289.56917253159764,325.97313707249543,64
27-08-26/0/map3-0.2-data-2026.08.27-16.09.07.348.jpk-force-map,2026-08-27T16:09:07.348000,14,3,0.2,far_constant_referenced,70.0,250.92948873016206,228.99981111945442,263.5124640996197,64
27-08-26/0/map3-0.2-data-2026.08.27-16.09.07.348.jpk-force-map,2026-08-27T16:09:07.348000,14,3,0.2,far_constant_referenced,75.0,201.48842808832177,184.10561151153624,211.689257624269,64
27-08-26/0/map3-0.2-data-2026.08.27-16.09.07.348.jpk-force-map,2026-08-27T16:09:07.348000,14,3,0.2,far_constant_referenced,80.0,162.12192663060586,147.44648726477516,171.93132520243933,64
27-08-26/0/map3-0.2-data-2026.08.27-16.09.07.348.jpk-force-map,2026-08-27T16:09:07.348000,14,3,0.2,far_constant_referenced,85.0,131.37089724391933,119.05190066942548,137.08634400208535,64
27-08-26/0/map3-0.2-data-2026.08.27-16.09.07.348.jpk-force-map,2026-08-27T16:09:07.348000,14,3,0.2,far_constant_referenced,90.0,103.2635635244664,96.62427412685432,109.8661750134689,64
27-08-26/0/map3-0.2-data-2026.08.27-16.09.07.348.jpk-force-map,2026-08-27T16:09:07.348000,14,3,0.2,far_constant_referenced,95.0,83.21180552437556,76.2545181840157,88.70247537791647,64
27-08-26/0/map3-0.2-data-2026.08.27-16.09.07.348.jpk-force-map,2026-08-27T16:09:07.348000,14,3,0.2,far_constant_referenced,100.0,66.11455520981372,61.59516103588489,70.16663862068027,64
27-08-26/0/map3-0.2-data-2026.08.27-16.09.07.348.jpk-force-map,2026-08-27T16:09:07.348000,14,3,0.2,far_constant_referenced,105.0,53.6347305195401,49.628613270046316,57.140006651047784,64
27-08-26/0/map3-0.2-data-2026.08.27-16.09.07.348.jpk-force-map,2026-08-27T16:09:07.348000,14,3,0.2,far_constant_referenced,110.0,43.32372472703106,39.47258589448601,46.078576549615406,64
27-08-26/0/map3-0.2-data-2026.08.27-16.09.07.348.jpk-force-map,2026-08-27T16:09:07.348000,14,3,0.2,far_constant_referenced,115.0,34.89942200155599,31.363489884905484,38.51586616597549,64
27-08-26/0/map3-0.2-data-2026.08.27-16.09.07.348.jpk-force-map,2026-08-27T16:09:07.348000,14,3,0.2,far_constant_referenced,120.0,26.79083672710177,24.06690219600401,29.874061542035673,64
27-08-26/0/map3-0.2-data-2026.08.27-16.09.07.348.jpk-force-map,2026-08-27T16:09:07.348000,14,3,0.2,far_constant_referenced,125.0,22.667232582202644,19.046173985304353,25.981054306690098,64
27-08-26/0/map3-0.2-data-2026.08.27-16.09.07.348.jpk-force-map,2026-08-27T16:09:07.348000,14,3,0.2,far_constant_referenced,130.0,17.696603924130876,15.076307052221274,20.379204542676387,64
27-08-26/0/map3-0.2-data-2026.08.27-16.09.07.348.jpk-force-map,2026-08-27T16:09:07.348000,14,3,0.2,far_constant_referenced,135.0,14.641327010414031,10.280100378583466,16.499565502324163,64
27-08-26/0/map3-0.2-data-2026.08.27-16.09.07.348.jpk-force-map,2026-08-27T16:09:07.348000,14,3,0.2,far_constant_referenced,140.0,11.127338687855467,8.787975829348948,13.712869938489032,64
27-08-26/0/map3-0.2-data-2026.08.27-16.09.07.348.jpk-force-map,2026-08-27T16:09:07.348000,14,3,0.2,far_constant_referenced,145.0,8.370319210374324,6.727141778127291,11.02565488746464,64
27-08-26/0/map3-0.2-data-2026.08.27-16.09.07.348.jpk-force-map,2026-08-27T16:09:07.348000,14,3,0.2,far_constant_referenced,150.0,7.0324069753992084,4.9448484117513765,9.34696948637417,64
27-08-26/0/map3-0.2-data-2026.08.27-16.09.07.348.jpk-force-map,2026-08-27T16:09:07.348000,14,3,0.2,far_constant_referenced,155.0,5.603073152804819,3.7373221035125854,7.725219174312476,64
27-08-26/0/map3-0.2-data-2026.08.27-16.09.07.348.jpk-force-map,2026-08-27T16:09:07.348000,14,3,0.2,far_constant_referenced,160.0,4.719584527122075,1.8348693904887838,6.708660293089627,64
27-08-26/0/map3-0.2-data-2026.08.27-16.09.07.348.jpk-force-map,2026-08-27T16:09:07.348000,14,3,0.2,far_constant_referenced,165.0,4.1576808676326085,1.5261597005041914,6.085438724533779,64
27-08-26/0/map3-0.2-data-2026.08.27-16.09.07.348.jpk-force-map,2026-08-27T16:09:07.348000,14,3,0.2,far_constant_referenced,170.0,3.6779699308046174,1.0189819036827799,5.536671647596874,64
27-08-26/0/map3-0.2-data-2026.08.27-16.09.07.348.jpk-force-map,2026-08-27T16:09:07.348000,14,3,0.2,far_constant_referenced,175.0,2.9959009858867773,-0.14837449298933847,5.326973306760625,64
27-08-26/0/map3-0.2-data-2026.08.27-16.09.07.348.jpk-force-map,2026-08-27T16:09:07.348000,14,3,0.2,far_constant_referenced,180.0,2.3566268935337247,-0.26901488086105474,4.948245394219818,64
27-08-26/0/map3-0.2-data-2026.08.27-16.09.07.348.jpk-force-map,2026-08-27T16:09:07.348000,14,3,0.2,far_constant_referenced,185.0,1.7913143740148039,-1.2637131109194626,4.075203083505356,64
27-08-26/0/map3-0.2-data-2026.08.27-16.09.07.348.jpk-force-map,2026-08-27T16:09:07.348000,14,3,0.2,far_constant_referenced,190.0,1.3904229325021022,-1.1865861680578267,3.4943190814128666,64
27-08-26/0/map3-0.2-data-2026.08.27-16.09.07.348.jpk-force-map,2026-08-27T16:09:07.348000,14,3,0.2,far_constant_referenced,195.0,0.7268235950607932,-2.4011558700160434,2.979117992083133,64
27-08-26/0/map3-0.2-data-2026.08.27-16.09.07.348.jpk-force-map,2026-08-27T16:09:07.348000,14,3,0.2,far_constant_referenced,200.0,-0.23301399323284974,-2.366859412402588,1.8085724702614212,64
27-08-26/0/map3-0.2-data-2026.08.27-16.09.07.348.jpk-force-map,2026-08-27T16:09:07.348000,14,3,0.2,far_constant_referenced,205.0,-0.09973588037403217,-3.2950967494476218,2.327906950846476,64
27-08-26/0/map3-0.2-data-2026.08.27-16.09.07.348.jpk-force-map,2026-08-27T16:09:07.348000,14,3,0.2,far_constant_referenced,210.0,0.3273930935605881,-2.158402276698974,2.205811561742763,64
27-08-26/0/map3-0.2-data-2026.08.27-16.09.07.348.jpk-force-map,2026-08-27T16:09:07.348000,14,3,0.2,far_constant_referenced,215.0,-0.7735617979035855,-3.0958744174822885,1.0294579125537846,64
27-08-26/0/map3-0.2-data-2026.08.27-16.09.07.348.jpk-force-map,2026-08-27T16:09:07.348000,14,3,0.2,far_constant_referenced,220.0,-0.2685397784179188,-2.327912889627035,1.3931191388667785,64
27-08-26/0/map3-0.2-data-2026.08.27-16.09.07.348.jpk-force-map,2026-08-27T16:09:07.348000,14,3,0.2,far_constant_referenced,225.0,0.3366457136405609,-2.250049537978607,2.39092335114707,64
27-08-26/0/map3-0.2-data-2026.08.27-16.09.07.348.jpk-force-map,2026-08-27T16:09:07.348000,14,3,0.2,far_constant_referenced,230.0,-0.45732173419548416,-2.8540888453931164,1.6519311947616333,64
27-08-26/0/map3-0.2-data-2026.08.27-16.09.07.348.jpk-force-map,2026-08-27T16:09:07.348000,14,3,0.2,far_constant_referenced,235.0,-0.7277975550691538,-2.6125111306228055,1.5772569682627244,64
27-08-26/0/map3-0.2-data-2026.08.27-16.09.07.348.jpk-force-map,2026-08-27T16:09:07.348000,14,3,0.2,far_constant_referenced,240.0,-0.12552206547481487,-2.1155480363286685,0.9871322236514253,64
27-08-26/0/map3-0.2-data-2026.08.27-16.09.07.348.jpk-force-map,2026-08-27T16:09:07.348000,14,3,0.2,far_constant_referenced,245.0,-0.858201298147245,-2.0936814463835494,0.7694224678679127,64
27-08-26/0/map3-0.2-data-2026.08.27-16.09.07.348.jpk-force-map,2026-08-27T16:09:07.348000,14,3,0.2,far_constant_referenced,250.0,-0.5030503443467387,-2.1737183917093854,1.1517789753180652,64
27-08-26/0/map3-0.2-data-2026.08.27-16.09.07.348.jpk-force-map,2026-08-27T16:09:07.348000,14,3,0.2,far_constant_referenced,255.0,0.05400727022271848,-2.1160587714549814,1.7526469739245998,64
27-08-26/0/map3-0.2-data-2026.08.27-16.09.07.348.jpk-force-map,2026-08-27T16:09:07.348000,14,3,0.2,far_constant_referenced,260.0,-0.5847679645650499,-2.7684456912384197,1.3257139797478552,64
27-08-26/0/map3-0.2-data-2026.08.27-16.09.07.348.jpk-force-map,2026-08-27T16:09:07.348000,14,3,0.2,far_constant_referenced,265.0,-0.7141977476346325,-2.1943615928632942,1.2069918179902714,64
27-08-26/0/map3-0.2-data-2026.08.27-16.09.07.348.jpk-force-map,2026-08-27T16:09:07.348000,14,3,0.2,far_constant_referenced,270.0,0.011687520101022125,-2.148662676614747,1.4181689151807095,64
27-08-26/0/map3-0.2-data-2026.08.27-16.09.07.348.jpk-force-map,2026-08-27T16:09:07.348000,14,3,0.2,far_constant_referenced,275.0,0.017994505033543287,-2.028729003627279,2.1408591189863744,64
27-08-26/0/map3-0.2-data-2026.08.27-16.09.07.348.jpk-force-map,2026-08-27T16:09:07.348000,14,3,0.2,far_constant_referenced,280.0,-0.27390843602530135,-1.9338510457342273,1.167623641796408,64
27-08-26/0/map3-0.2-data-2026.08.27-16.09.07.348.jpk-force-map,2026-08-27T16:09:07.348000,14,3,0.2,far_constant_referenced,285.0,-0.31135838610503236,-1.8592124519185702,0.9997521322970713,64
27-08-26/0/map3-0.2-data-2026.08.27-16.09.07.348.jpk-force-map,2026-08-27T16:09:07.348000,14,3,0.2,far_constant_referenced,290.0,-0.967189798601161,-2.171016246563987,1.2909483584717414,64
27-08-26/0/map3-0.2-data-2026.08.27-16.09.07.348.jpk-force-map,2026-08-27T16:09:07.348000,14,3,0.2,far_constant_referenced,295.0,-0.7769587803720696,-2.041616157397082,0.3327617511679707,64
27-08-26/0/map3-0.2-data-2026.08.27-16.09.07.348.jpk-force-map,2026-08-27T16:09:07.348000,14,3,0.2,far_constant_referenced,300.0,-0.4436981716388447,-1.8353504317124645,1.091714148945349,64
27-08-26/0/map3-0.2-data-2026.08.27-16.09.07.348.jpk-force-map,2026-08-27T16:09:07.348000,14,3,0.2,far_constant_referenced,305.0,-0.12549831035269657,-2.455875793903444,1.0175328412312687,64
27-08-26/0/map3-0.2-data-2026.08.27-16.09.07.348.jpk-force-map,2026-08-27T16:09:07.348000,14,3,0.2,far_constant_referenced,310.0,-0.9170664908509438,-2.243041776942515,0.8632848942886155,64
27-08-26/0/map3-0.2-data-2026.08.27-16.09.07.348.jpk-force-map,2026-08-27T16:09:07.348000,14,3,0.2,far_constant_referenced,315.0,-0.4329727339851091,-1.8800872655135767,1.651693643540095,64
27-08-26/0/map3-0.2-data-2026.08.27-16.09.07.348.jpk-force-map,2026-08-27T16:09:07.348000,14,3,0.2,far_constant_referenced,320.0,-0.3386292663406667,-2.1564365403405388,0.5337003907091646,64
27-08-26/0/map3-0.2-data-2026.08.27-16.09.07.348.jpk-force-map,2026-08-27T16:09:07.348000,14,3,0.2,far_constant_referenced,325.0,-0.40186540152112116,-1.7574752025029472,1.1272221177888293,64
27-08-26/0/map3-0.2-data-2026.08.27-16.09.07.348.jpk-force-map,2026-08-27T16:09:07.348000,14,3,0.2,far_constant_referenced,330.0,-0.10410682285078779,-1.8348515741471951,1.3853274587994948,64
27-08-26/0/map3-0.2-data-2026.08.27-16.09.07.348.jpk-force-map,2026-08-27T16:09:07.348000,14,3,0.2,far_constant_referenced,335.0,0.692782505010472,-1.314050214768981,1.6901056760670827,64
27-08-26/0/map3-0.2-data-2026.08.27-16.09.07.348.jpk-force-map,2026-08-27T16:09:07.348000,14,3,0.2,far_constant_referenced,340.0,0.5210567269414003,-0.8990601082563414,2.166383997743545,64
27-08-26/0/map3-0.2-data-2026.08.27-16.09.07.348.jpk-force-map,2026-08-27T16:09:07.348000,14,3,0.2,far_constant_referenced,345.0,0.7068811700102919,-1.2101987594813353,2.098040511299335,64
27-08-26/0/map3-0.2-data-2026.08.27-16.09.07.348.jpk-force-map,2026-08-27T16:09:07.348000,14,3,0.2,far_constant_referenced,350.0,0.9155936732772403,-0.4913865793679384,2.434448673718298,63
27-08-26/0/map3-0.2-data-2026.08.27-16.09.07.348.jpk-force-map,2026-08-27T16:09:07.348000,14,3,0.2,far_constant_referenced,355.0,1.228436754516976,-0.5983796495606006,2.962560671940101,62
27-08-26/0/map3-0.2-data-2026.08.27-16.09.07.348.jpk-force-map,2026-08-27T16:09:07.348000,14,3,0.2,far_constant_referenced,360.0,0.8664680806575611,-0.33664571364060536,3.065212493558759,60
27-08-26/0/map3-0.2-data-2026.08.27-16.09.07.348.jpk-force-map,2026-08-27T16:09:07.348000,14,3,0.2,far_constant_referenced,365.0,1.6667781461094677,-1.0654884940845781,3.697413498289835,53
27-08-26/0/map3-0.2-data-2026.08.27-16.09.07.348.jpk-force-map,2026-08-27T16:09:07.348000,14,3,0.2,far_constant_referenced,370.0,5.818603376130616,1.6210317196165653,7.8266297907983935,10
27-08-26/0/map3-0.1-data-2026.08.27-16.12.38.424.jpk-force-map,2026-08-27T16:12:38.424000,15,3,0.1,linear_drift_corrected,5.0,7108.724372485085,6342.555714818105,7339.206493781678,64
27-08-26/0/map3-0.1-data-2026.08.27-16.12.38.424.jpk-force-map,2026-08-27T16:12:38.424000,15,3,0.1,linear_drift_corrected,10.0,4837.65925832705,4495.734115340236,5069.714352464458,64
27-08-26/0/map3-0.1-data-2026.08.27-16.12.38.424.jpk-force-map,2026-08-27T16:12:38.424000,15,3,0.1,linear_drift_corrected,15.0,3457.4124696076533,3236.929918665792,3611.7364066192795,64
27-08-26/0/map3-0.1-data-2026.08.27-16.12.38.424.jpk-force-map,2026-08-27T16:12:38.424000,15,3,0.1,linear_drift_corrected,20.0,2576.6335495390394,2425.542536957062,2672.23795913085,64
27-08-26/0/map3-0.1-data-2026.08.27-16.12.38.424.jpk-force-map,2026-08-27T16:12:38.424000,15,3,0.1,linear_drift_corrected,25.0,1962.632698899436,1847.3481837285826,2032.8911782775438,64
27-08-26/0/map3-0.1-data-2026.08.27-16.12.38.424.jpk-force-map,2026-08-27T16:12:38.424000,15,3,0.1,linear_drift_corrected,30.0,1519.3515994192435,1430.4193166922869,1572.0770388342496,64
27-08-26/0/map3-0.1-data-2026.08.27-16.12.38.424.jpk-force-map,2026-08-27T16:12:38.424000,15,3,0.1,linear_drift_corrected,35.0,1191.8617453992529,1133.1987294895748,1232.5363729643004,64
27-08-26/0/map3-0.1-data-2026.08.27-16.12.38.424.jpk-force-map,2026-08-27T16:12:38.424000,15,3,0.1,linear_drift_corrected,40.0,942.0392868744976,891.2967507285916,979.1741183871815,64
27-08-26/0/map3-0.1-data-2026.08.27-16.12.38.424.jpk-force-map,2026-08-27T16:12:38.424000,15,3,0.1,linear_drift_corrected,45.0,748.130334549653,704.8301439599971,776.7561430201519,64
27-08-26/0/map3-0.1-data-2026.08.27-16.12.38.424.jpk-force-map,2026-08-27T16:12:38.424000,15,3,0.1,linear_drift_corrected,50.0,591.7140881284829,558.9307105475245,622.1234313275792,64
27-08-26/0/map3-0.1-data-2026.08.27-16.12.38.424.jpk-force-map,2026-08-27T16:12:38.424000,15,3,0.1,linear_drift_corrected,55.0,472.4697253176962,449.45893565065717,497.77004347097596,64
27-08-26/0/map3-0.1-data-2026.08.27-16.12.38.424.jpk-force-map,2026-08-27T16:12:38.424000,15,3,0.1,linear_drift_corrected,60.0,375.5223706905287,359.22580071874324,397.743589841385,64
27-08-26/0/map3-0.1-data-2026.08.27-16.12.38.424.jpk-force-map,2026-08-27T16:12:38.424000,15,3,0.1,linear_drift_corrected,65.0,300.35180113366323,282.43732833570675,320.28882562296087,64
27-08-26/0/map3-0.1-data-2026.08.27-16.12.38.424.jpk-force-map,2026-08-27T16:12:38.424000,15,3,0.1,linear_drift_corrected,70.0,241.59834159622307,225.0476488288244,256.92721391537543,64
27-08-26/0/map3-0.1-data-2026.08.27-16.12.38.424.jpk-force-map,2026-08-27T16:12:38.424000,15,3,0.1,linear_drift_corrected,75.0,193.83323159247357,178.90233487183372,208.03808245681807,64
27-08-26/0/map3-0.1-data-2026.08.27-16.12.38.424.jpk-force-map,2026-08-27T16:12:38.424000,15,3,0.1,linear_drift_corrected,80.0,152.46724376201414,142.14566180957726,167.27240113625396,64
27-08-26/0/map3-0.1-data-2026.08.27-16.12.38.424.jpk-force-map,2026-08-27T16:12:38.424000,15,3,0.1,linear_drift_corrected,85.0,122.73175425234359,112.12761459476803,134.96646344484003,64
27-08-26/0/map3-0.1-data-2026.08.27-16.12.38.424.jpk-force-map,2026-08-27T16:12:38.424000,15,3,0.1,linear_drift_corrected,90.0,99.2341102523465,87.54415914199976,109.41445293342662,64
27-08-26/0/map3-0.1-data-2026.08.27-16.12.38.424.jpk-force-map,2026-08-27T16:12:38.424000,15,3,0.1,linear_drift_corrected,95.0,78.58372829567668,69.52370487869717,89.69827447874766,64
27-08-26/0/map3-0.1-data-2026.08.27-16.12.38.424.jpk-force-map,2026-08-27T16:12:38.424000,15,3,0.1,linear_drift_corrected,100.0,63.47252441860219,55.85653235201935,71.58637503070354,64
27-08-26/0/map3-0.1-data-2026.08.27-16.12.38.424.jpk-force-map,2026-08-27T16:12:38.424000,15,3,0.1,linear_drift_corrected,105.0,52.357833711025435,45.11552961712183,58.91989551945417,64
27-08-26/0/map3-0.1-data-2026.08.27-16.12.38.424.jpk-force-map,2026-08-27T16:12:38.424000,15,3,0.1,linear_drift_corrected,110.0,42.6046622742749,34.956909593442305,49.808800863131154,64
27-08-26/0/map3-0.1-data-2026.08.27-16.12.38.424.jpk-force-map,2026-08-27T16:12:38.424000,15,3,0.1,linear_drift_corrected,115.0,34.836511540870674,27.64445911018599,40.934532104369104,64
27-08-26/0/map3-0.1-data-2026.08.27-16.12.38.424.jpk-force-map,2026-08-27T16:12:38.424000,15,3,0.1,linear_drift_corrected,120.0,27.142299681900468,21.447275757727944,32.6114793809202,64
27-08-26/0/map3-0.1-data-2026.08.27-16.12.38.424.jpk-force-map,2026-08-27T16:12:38.424000,15,3,0.1,linear_drift_corrected,125.0,23.09541251997851,17.929373980223982,28.282891974644038,64
27-08-26/0/map3-0.1-data-2026.08.27-16.12.38.424.jpk-force-map,2026-08-27T16:12:38.424000,15,3,0.1,linear_drift_corrected,130.0,20.036093856247774,14.141412936457124,24.62060190257002,64
27-08-26/0/map3-0.1-data-2026.08.27-16.12.38.424.jpk-force-map,2026-08-27T16:12:38.424000,15,3,0.1,linear_drift_corrected,135.0,17.864325505092093,12.148888103328161,21.005054755760163,64
27-08-26/0/map3-0.1-data-2026.08.27-16.12.38.424.jpk-force-map,2026-08-27T16:12:38.424000,15,3,0.1,linear_drift_corrected,140.0,14.776409445493675,9.326191895288115,18.136684922225683,64
27-08-26/0/map3-0.1-data-2026.08.27-16.12.38.424.jpk-force-map,2026-08-27T16:12:38.424000,15,3,0.1,linear_drift_corrected,145.0,12.546414768886752,7.577824047399389,16.204219367274128,64
27-08-26/0/map3-0.1-data-2026.08.27-16.12.38.424.jpk-force-map,2026-08-27T16:12:38.424000,15,3,0.1,linear_drift_corrected,150.0,10.69901631592106,5.196455345182407,13.595303898073771,64
27-08-26/0/map3-0.1-data-2026.08.27-16.12.38.424.jpk-force-map,2026-08-27T16:12:38.424000,15,3,0.1,linear_drift_corrected,155.0,8.973887558761234,4.7851727794136165,12.196678931719529,64
27-08-26/0/map3-0.1-data-2026.08.27-16.12.38.424.jpk-force-map,2026-08-27T16:12:38.424000,15,3,0.1,linear_drift_corrected,160.0,7.749491528162879,2.7514405845673453,11.66063632669353,64
27-08-26/0/map3-0.1-data-2026.08.27-16.12.38.424.jpk-force-map,2026-08-27T16:12:38.424000,15,3,0.1,linear_drift_corrected,165.0,8.31936794250265,2.323745135306453,11.375942817352316,64
27-08-26/0/map3-0.1-data-2026.08.27-16.12.38.424.jpk-force-map,2026-08-27T16:12:38.424000,15,3,0.1,linear_drift_corrected,170.0,5.970149440103685,1.7848541544835683,10.331167444787443,64
27-08-26/0/map3-0.1-data-2026.08.27-16.12.38.424.jpk-force-map,2026-08-27T16:12:38.424000,15,3,0.1,linear_drift_corrected,175.0,5.089928557939756,1.6891338040523993,8.400153846119451,64
27-08-26/0/map3-0.1-data-2026.08.27-16.12.38.424.jpk-force-map,2026-08-27T16:12:38.424000,15,3,0.1,linear_drift_corrected,180.0,4.849744874038938,0.32354415144243187,7.871527453023892,64
27-08-26/0/map3-0.1-data-2026.08.27-16.12.38.424.jpk-force-map,2026-08-27T16:12:38.424000,15,3,0.1,linear_drift_corrected,185.0,5.090436854365359,1.0186939402833946,7.733467636137059,64
27-08-26/0/map3-0.1-data-2026.08.27-16.12.38.424.jpk-force-map,2026-08-27T16:12:38.424000,15,3,0.1,linear_drift_corrected,190.0,3.922638794925996,0.16356186781619897,6.646134616727474,64
27-08-26/0/map3-0.1-data-2026.08.27-16.12.38.424.jpk-force-map,2026-08-27T16:12:38.424000,15,3,0.1,linear_drift_corrected,195.0,3.1524691677013736,0.023615625681614454,6.093498802806202,64
27-08-26/0/map3-0.1-data-2026.08.27-16.12.38.424.jpk-force-map,2026-08-27T16:12:38.424000,15,3,0.1,linear_drift_corrected,200.0,2.5854533548902383,-0.3282907800265248,6.214865191976467,64
27-08-26/0/map3-0.1-data-2026.08.27-16.12.38.424.jpk-force-map,2026-08-27T16:12:38.424000,15,3,0.1,linear_drift_corrected,205.0,2.4280688130788697,-0.2950650162153752,5.778972366906386,64
27-08-26/0/map3-0.1-data-2026.08.27-16.12.38.424.jpk-force-map,2026-08-27T16:12:38.424000,15,3,0.1,linear_drift_corrected,210.0,2.141040123738205,-0.1233451676352478,5.706844291816335,64
27-08-26/0/map3-0.1-data-2026.08.27-16.12.38.424.jpk-force-map,2026-08-27T16:12:38.424000,15,3,0.1,linear_drift_corrected,215.0,1.6599720396595588,-0.9925338058939632,4.16688426249015,64
27-08-26/0/map3-0.1-data-2026.08.27-16.12.38.424.jpk-force-map,2026-08-27T16:12:38.424000,15,3,0.1,linear_drift_corrected,220.0,1.836243218759934,-1.166514130326691,4.353297191951439,64
27-08-26/0/map3-0.1-data-2026.08.27-16.12.38.424.jpk-force-map,2026-08-27T16:12:38.424000,15,3,0.1,linear_drift_corrected,225.0,1.3675876238512932,-1.6102920256240822,4.338445970097314,64
27-08-26/0/map3-0.1-data-2026.08.27-16.12.38.424.jpk-force-map,2026-08-27T16:12:38.424000,15,3,0.1,linear_drift_corrected,230.0,1.208547681286301,-0.8899979438158918,2.538982576448724,64
27-08-26/0/map3-0.1-data-2026.08.27-16.12.38.424.jpk-force-map,2026-08-27T16:12:38.424000,15,3,0.1,linear_drift_corrected,235.0,1.2911067102900327,-1.848707080053693,3.235624332775846,64
27-08-26/0/map3-0.1-data-2026.08.27-16.12.38.424.jpk-force-map,2026-08-27T16:12:38.424000,15,3,0.1,linear_drift_corrected,240.0,1.1068998999277682,-1.475449670972797,2.1782239865675166,64
27-08-26/0/map3-0.1-data-2026.08.27-16.12.38.424.jpk-force-map,2026-08-27T16:12:38.424000,15,3,0.1,linear_drift_corrected,245.0,0.0019402367561500468,-1.2524174429192867,2.630165829834195,64
27-08-26/0/map3-0.1-data-2026.08.27-16.12.38.424.jpk-force-map,2026-08-27T16:12:38.424000,15,3,0.1,linear_drift_corrected,250.0,0.5349165810028729,-0.942678557966364,2.4365830146934626,64
27-08-26/0/map3-0.1-data-2026.08.27-16.12.38.424.jpk-force-map,2026-08-27T16:12:38.424000,15,3,0.1,linear_drift_corrected,255.0,0.4177026381252612,-1.6456899852219826,1.4917848779253897,64
27-08-26/0/map3-0.1-data-2026.08.27-16.12.38.424.jpk-force-map,2026-08-27T16:12:38.424000,15,3,0.1,linear_drift_corrected,260.0,-0.0699658586357623,-1.4733845473189078,2.0794081369810904,64
27-08-26/0/map3-0.1-data-2026.08.27-16.12.38.424.jpk-force-map,2026-08-27T16:12:38.424000,15,3,0.1,linear_drift_corrected,265.0,0.06638990511917761,-1.3266024376407102,1.5855001193040086,64
27-08-26/0/map3-0.1-data-2026.08.27-16.12.38.424.jpk-force-map,2026-08-27T16:12:38.424000,15,3,0.1,linear_drift_corrected,270.0,0.17467593772909287,-0.9696661125103156,1.6957186451317474,64
27-08-26/0/map3-0.1-data-2026.08.27-16.12.38.424.jpk-force-map,2026-08-27T16:12:38.424000,15,3,0.1,linear_drift_corrected,275.0,0.851623877571433,-0.52204423310045,1.6478407607775285,64
27-08-26/0/map3-0.1-data-2026.08.27-16.12.38.424.jpk-force-map,2026-08-27T16:12:38.424000,15,3,0.1,linear_drift_corrected,280.0,-0.18325108302500576,-1.6451098066137113,1.0121622020824443,64
27-08-26/0/map3-0.1-data-2026.08.27-16.12.38.424.jpk-force-map,2026-08-27T16:12:38.424000,15,3,0.1,linear_drift_corrected,285.0,0.28485710016144783,-0.8975509105613569,1.21843300589481,64
27-08-26/0/map3-0.1-data-2026.08.27-16.12.38.424.jpk-force-map,2026-08-27T16:12:38.424000,15,3,0.1,linear_drift_corrected,290.0,-0.592948960998199,-1.1773912247884604,0.8637216495975399,64
27-08-26/0/map3-0.1-data-2026.08.27-16.12.38.424.jpk-force-map,2026-08-27T16:12:38.424000,15,3,0.1,linear_drift_corrected,295.0,-0.08993451724599054,-1.8064200168453308,0.8210198303229858,64
27-08-26/0/map3-0.1-data-2026.08.27-16.12.38.424.jpk-force-map,2026-08-27T16:12:38.424000,15,3,0.1,linear_drift_corrected,300.0,-0.14705846691908148,-1.6184537498609846,1.2067312139570427,64
27-08-26/0/map3-0.1-data-2026.08.27-16.12.38.424.jpk-force-map,2026-08-27T16:12:38.424000,15,3,0.1,linear_drift_corrected,305.0,0.22070579512750227,-1.4767716921020233,1.2328371445139958,64
27-08-26/0/map3-0.1-data-2026.08.27-16.12.38.424.jpk-force-map,2026-08-27T16:12:38.424000,15,3,0.1,linear_drift_corrected,310.0,0.8971668895960134,-0.8344170198613476,2.0637328701590913,64
27-08-26/0/map3-0.1-data-2026.08.27-16.12.38.424.jpk-force-map,2026-08-27T16:12:38.424000,15,3,0.1,linear_drift_corrected,315.0,-0.24200695790255566,-1.5469054355491874,1.3499180683907195,64
27-08-26/0/map3-0.1-data-2026.08.27-16.12.38.424.jpk-force-map,2026-08-27T16:12:38.424000,15,3,0.1,linear_drift_corrected,320.0,0.2773184780570176,-0.8849159426061008,1.1666166131196607,64
27-08-26/0/map3-0.1-data-2026.08.27-16.12.38.424.jpk-force-map,2026-08-27T16:12:38.424000,15,3,0.1,linear_drift_corrected,325.0,0.5957881862743489,-0.8068974621852874,1.7686680075197059,64
27-08-26/0/map3-0.1-data-2026.08.27-16.12.38.424.jpk-force-map,2026-08-27T16:12:38.424000,15,3,0.1,linear_drift_corrected,330.0,0.2910555085862093,-1.2589337602277695,1.4885900281402962,64
27-08-26/0/map3-0.1-data-2026.08.27-16.12.38.424.jpk-force-map,2026-08-27T16:12:38.424000,15,3,0.1,linear_drift_corrected,335.0,0.23077132858659044,-1.4126147534642972,1.3706502857715563,64
27-08-26/0/map3-0.1-data-2026.08.27-16.12.38.424.jpk-force-map,2026-08-27T16:12:38.424000,15,3,0.1,linear_drift_corrected,340.0,-0.22487217255423736,-1.3084386327093105,1.4551224904750788,64
27-08-26/0/map3-0.1-data-2026.08.27-16.12.38.424.jpk-force-map,2026-08-27T16:12:38.424000,15,3,0.1,linear_drift_corrected,345.0,-0.2086086380712134,-1.4830523735155519,1.0461279371067205,64
27-08-26/0/map3-0.1-data-2026.08.27-16.12.38.424.jpk-force-map,2026-08-27T16:12:38.424000,15,3,0.1,linear_drift_corrected,350.0,-0.495506388843067,-1.4887978089334708,0.5337251515432074,64
27-08-26/0/map3-0.1-data-2026.08.27-16.12.38.424.jpk-force-map,2026-08-27T16:12:38.424000,15,3,0.1,linear_drift_corrected,355.0,-0.03196661643183029,-1.7627170901426086,1.5797955688656644,62
27-08-26/0/map3-0.1-data-2026.08.27-16.12.38.424.jpk-force-map,2026-08-27T16:12:38.424000,15,3,0.1,linear_drift_corrected,360.0,0.07032187627626918,-1.4558744434230415,2.176864402798902,59
27-08-26/0/map3-0.1-data-2026.08.27-16.12.38.424.jpk-force-map,2026-08-27T16:12:38.424000,15,3,0.1,linear_drift_corrected,365.0,0.16437130315278203,-1.3782315763853497,1.4871503195949878,52
27-08-26/0/map3-0.1-data-2026.08.27-16.12.38.424.jpk-force-map,2026-08-27T16:12:38.424000,15,3,0.1,linear_drift_corrected,370.0,1.893506752238622,-1.3508284027230246,4.398324247475868,25
27-08-26/0/map3-0.1-data-2026.08.27-16.12.38.424.jpk-force-map,2026-08-27T16:12:38.424000,15,3,0.1,far_constant_referenced,5.0,7095.861610193335,6347.458986880015,7311.9512904009935,64
27-08-26/0/map3-0.1-data-2026.08.27-16.12.38.424.jpk-force-map,2026-08-27T16:12:38.424000,15,3,0.1,far_constant_referenced,10.0,4819.835097850249,4500.186067214592,5068.721509483001,64
27-08-26/0/map3-0.1-data-2026.08.27-16.12.38.424.jpk-force-map,2026-08-27T16:12:38.424000,15,3,0.1,far_constant_referenced,15.0,3439.560864268566,3240.789077888841,3598.1262096425876,64
27-08-26/0/map3-0.1-data-2026.08.27-16.12.38.424.jpk-force-map,2026-08-27T16:12:38.424000,15,3,0.1,far_constant_referenced,20.0,2569.2697886593587,2425.4662384589883,2657.6750280712927,64
27-08-26/0/map3-0.1-data-2026.08.27-16.12.38.424.jpk-force-map,2026-08-27T16:12:38.424000,15,3,0.1,far_constant_referenced,25.0,1958.790313219988,1850.0640158656365,2034.0046955640405,64
27-08-26/0/map3-0.1-data-2026.08.27-16.12.38.424.jpk-force-map,2026-08-27T16:12:38.424000,15,3,0.1,far_constant_referenced,30.0,1513.6266762178448,1434.5467653760013,1563.3445374818334,64
27-08-26/0/map3-0.1-data-2026.08.27-16.12.38.424.jpk-force-map,2026-08-27T16:12:38.424000,15,3,0.1,far_constant_referenced,35.0,1187.9671008190346,1129.9798677362758,1229.4131909969146,64
27-08-26/0/map3-0.1-data-2026.08.27-16.12.38.424.jpk-force-map,2026-08-27T16:12:38.424000,15,3,0.1,far_constant_referenced,40.0,940.6688675719563,893.902152643712,969.2838779457961,64
27-08-26/0/map3-0.1-data-2026.08.27-16.12.38.424.jpk-force-map,2026-08-27T16:12:38.424000,15,3,0.1,far_constant_referenced,45.0,746.9212123241792,701.9988272638225,765.3067444847507,64
27-08-26/0/map3-0.1-data-2026.08.27-16.12.38.424.jpk-force-map,2026-08-27T16:12:38.424000,15,3,0.1,far_constant_referenced,50.0,591.2284669744919,557.7557300994097,612.7694573376947,64
27-08-26/0/map3-0.1-data-2026.08.27-16.12.38.424.jpk-force-map,2026-08-27T16:12:38.424000,15,3,0.1,far_constant_referenced,55.0,471.5035302453484,443.611691116538,488.0215712939297,64
27-08-26/0/map3-0.1-data-2026.08.27-16.12.38.424.jpk-force-map,2026-08-27T16:12:38.424000,15,3,0.1,far_constant_referenced,60.0,374.4672057083483,355.3947466803778,389.02732583367043,64
27-08-26/0/map3-0.1-data-2026.08.27-16.12.38.424.jpk-force-map,2026-08-27T16:12:38.424000,15,3,0.1,far_constant_referenced,65.0,298.4493538675971,281.26621097009803,311.4803864736091,64
27-08-26/0/map3-0.1-data-2026.08.27-16.12.38.424.jpk-force-map,2026-08-27T16:12:38.424000,15,3,0.1,far_constant_referenced,70.0,237.83909801266148,220.0814315470274,249.90541135277675,64
27-08-26/0/map3-0.1-data-2026.08.27-16.12.38.424.jpk-force-map,2026-08-27T16:12:38.424000,15,3,0.1,far_constant_referenced,75.0,190.19666832246008,178.51518202249935,199.57089087272843,64
27-08-26/0/map3-0.1-data-2026.08.27-16.12.38.424.jpk-force-map,2026-08-27T16:12:38.424000,15,3,0.1,far_constant_referenced,80.0,152.20403247710325,139.7200625180133,158.12527579729147,64
27-08-26/0/map3-0.1-data-2026.08.27-16.12.38.424.jpk-force-map,2026-08-27T16:12:38.424000,15,3,0.1,far_constant_referenced,85.0,120.53302659710155,112.56361664458163,127.67981448568428,64
27-08-26/0/map3-0.1-data-2026.08.27-16.12.38.424.jpk-force-map,2026-08-27T16:12:38.424000,15,3,0.1,far_constant_referenced,90.0,96.39752554709008,87.87592184126228,101.7323142890402,64
27-08-26/0/map3-0.1-data-2026.08.27-16.12.38.424.jpk-force-map,2026-08-27T16:12:38.424000,15,3,0.1,far_constant_referenced,95.0,76.20222722136873,69.50938190085486,81.54699905340506,64
27-08-26/0/map3-0.1-data-2026.08.27-16.12.38.424.jpk-force-map,2026-08-27T16:12:38.424000,15,3,0.1,far_constant_referenced,100.0,61.283582914899895,54.96021882562747,64.50060251659974,64
27-08-26/0/map3-0.1-data-2026.08.27-16.12.38.424.jpk-force-map,2026-08-27T16:12:38.424000,15,3,0.1,far_constant_referenced,105.0,48.90104732741819,44.387485035978855,52.386119727531664,64
27-08-26/0/map3-0.1-data-2026.08.27-16.12.38.424.jpk-force-map,2026-08-27T16:12:38.424000,15,3,0.1,far_constant_referenced,110.0,38.73650374056477,33.87023727290712,42.22060218066997,64
27-08-26/0/map3-0.1-data-2026.08.27-16.12.38.424.jpk-force-map,2026-08-27T16:12:38.424000,15,3,0.1,far_constant_referenced,115.0,31.649578759816592,27.277591057649204,35.7878041824031,64
27-08-26/0/map3-0.1-data-2026.08.27-16.12.38.424.jpk-force-map,2026-08-27T16:12:38.424000,15,3,0.1,far_constant_referenced,120.0,24.56021887904714,19.410334069182618,27.14527502723757,64
27-08-26/0/map3-0.1-data-2026.08.27-16.12.38.424.jpk-force-map,2026-08-27T16:12:38.424000,15,3,0.1,far_constant_referenced,125.0,20.020650667626942,16.302297029156097,23.573104471737377,64
27-08-26/0/map3-0.1-data-2026.08.27-16.12.38.424.jpk-force-map,2026-08-27T16:12:38.424000,15,3,0.1,far_constant_referenced,130.0,16.34756241442536,13.70679456599752,18.944994981259295,64
27-08-26/0/map3-0.1-data-2026.08.27-16.12.38.424.jpk-force-map,2026-08-27T16:12:38.424000,15,3,0.1,far_constant_referenced,135.0,13.734985957216644,10.118078567915205,16.138101624810727,64
27-08-26/0/map3-0.1-data-2026.08.27-16.12.38.424.jpk-force-map,2026-08-27T16:12:38.424000,15,3,0.1,far_constant_referenced,140.0,10.055091861517454,7.721341150620371,13.119075027504547,64
27-08-26/0/map3-0.1-data-2026.08.27-16.12.38.424.jpk-force-map,2026-08-27T16:12:38.424000,15,3,0.1,far_constant_referenced,145.0,8.985743160082315,5.4676036299269,11.480054741635014,64
27-08-26/0/map3-0.1-data-2026.08.27-16.12.38.424.jpk-force-map,2026-08-27T16:12:38.424000,15,3,0.1,far_constant_referenced,150.0,5.748026908203732,3.540303059127441,9.089125451707282,64
27-08-26/0/map3-0.1-data-2026.08.27-16.12.38.424.jpk-force-map,2026-08-27T16:12:38.424000,15,3,0.1,far_constant_referenced,155.0,5.651248540538138,3.3447033832908186,7.032442608082503,64
27-08-26/0/map3-0.1-data-2026.08.27-16.12.38.424.jpk-force-map,2026-08-27T16:12:38.424000,15,3,0.1,far_constant_referenced,160.0,4.0496782047482895,1.4529523527984418,7.133140570903748,64
27-08-26/0/map3-0.1-data-2026.08.27-16.12.38.424.jpk-force-map,2026-08-27T16:12:38.424000,15,3,0.1,far_constant_referenced,165.0,4.42573366604645,0.5358680456058944,6.643244625451042,64
27-08-26/0/map3-0.1-data-2026.08.27-16.12.38.424.jpk-force-map,2026-08-27T16:12:38.424000,15,3,0.1,far_constant_referenced,170.0,3.511589055220706,0.04451116014073711,5.5295985599747794,64
27-08-26/0/map3-0.1-data-2026.08.27-16.12.38.424.jpk-force-map,2026-08-27T16:12:38.424000,15,3,0.1,far_constant_referenced,175.0,3.041617718476795,0.07128912159157272,4.79765573608923,64
27-08-26/0/map3-0.1-data-2026.08.27-16.12.38.424.jpk-force-map,2026-08-27T16:12:38.424000,15,3,0.1,far_constant_referenced,180.0,1.9557473295819943,-0.740488729081362,4.372486559732613,64
27-08-26/0/map3-0.1-data-2026.08.27-16.12.38.424.jpk-force-map,2026-08-27T16:12:38.424000,15,3,0.1,far_constant_referenced,185.0,1.9265641620127865,-0.9063588695389599,4.367854310912141,64
27-08-26/0/map3-0.1-data-2026.08.27-16.12.38.424.jpk-force-map,2026-08-27T16:12:38.424000,15,3,0.1,far_constant_referenced,190.0,0.9934510861451389,-1.2461699532068182,3.8966417690356976,64
27-08-26/0/map3-0.1-data-2026.08.27-16.12.38.424.jpk-force-map,2026-08-27T16:12:38.424000,15,3,0.1,far_constant_referenced,195.0,0.5779502445061413,-0.8375046479684217,2.5913809494645683,64
27-08-26/0/map3-0.1-data-2026.08.27-16.12.38.424.jpk-force-map,2026-08-27T16:12:38.424000,15,3,0.1,far_constant_referenced,200.0,0.573603057151504,-1.1133728815715773,2.535669249227123,64
27-08-26/0/map3-0.1-data-2026.08.27-16.12.38.424.jpk-force-map,2026-08-27T16:12:38.424000,15,3,0.1,far_constant_referenced,205.0,0.2831254234220078,-1.455862355262538,2.347142661012729,64
27-08-26/0/map3-0.1-data-2026.08.27-16.12.38.424.jpk-force-map,2026-08-27T16:12:38.424000,15,3,0.1,far_constant_referenced,210.0,0.3371445712058151,-1.3629441949475627,2.640482786961996,64
27-08-26/0/map3-0.1-data-2026.08.27-16.12.38.424.jpk-force-map,2026-08-27T16:12:38.424000,15,3,0.1,far_constant_referenced,215.0,0.16686785558822487,-2.926595416995207,1.6047238282561753,64
27-08-26/0/map3-0.1-data-2026.08.27-16.12.38.424.jpk-force-map,2026-08-27T16:12:38.424000,15,3,0.1,far_constant_referenced,220.0,-0.043804445256562796,-2.8010495963981996,1.9392078257805654,64
27-08-26/0/map3-0.1-data-2026.08.27-16.12.38.424.jpk-force-map,2026-08-27T16:12:38.424000,15,3,0.1,far_constant_referenced,225.0,-0.6431580548257017,-2.4887231890653805,1.4011186762529677,64
27-08-26/0/map3-0.1-data-2026.08.27-16.12.38.424.jpk-force-map,2026-08-27T16:12:38.424000,15,3,0.1,far_constant_referenced,230.0,-0.5293353870128941,-2.5105897790104104,1.5597613207945242,64
27-08-26/0/map3-0.1-data-2026.08.27-16.12.38.424.jpk-force-map,2026-08-27T16:12:38.424000,15,3,0.1,far_constant_referenced,235.0,-0.5682343995440918,-2.977395745726861,1.717845719965338,64
27-08-26/0/map3-0.1-data-2026.08.27-16.12.38.424.jpk-force-map,2026-08-27T16:12:38.424000,15,3,0.1,far_constant_referenced,240.0,-0.6115399872353116,-2.631746840788881,0.9574442597364339,64
27-08-26/0/map3-0.1-data-2026.08.27-16.12.38.424.jpk-force-map,2026-08-27T16:12:38.424000,15,3,0.1,far_constant_referenced,245.0,-1.0202231088154596,-2.841670855285802,0.829736723023182,64
27-08-26/0/map3-0.1-data-2026.08.27-16.12.38.424.jpk-force-map,2026-08-27T16:12:38.424000,15,3,0.1,far_constant_referenced,250.0,-0.8752218431722499,-2.564377314353224,1.6679896573395294,64
27-08-26/0/map3-0.1-data-2026.08.27-16.12.38.424.jpk-force-map,2026-08-27T16:12:38.424000,15,3,0.1,far_constant_referenced,255.0,-0.45974475665548925,-3.2323179003685074,0.8635402618518908,64
27-08-26/0/map3-0.1-data-2026.08.27-16.12.38.424.jpk-force-map,2026-08-27T16:12:38.424000,15,3,0.1,far_constant_referenced,260.0,-0.8504096180798574,-2.9309544819109328,1.006825219919181,64
27-08-26/0/map3-0.1-data-2026.08.27-16.12.38.424.jpk-force-map,2026-08-27T16:12:38.424000,15,3,0.1,far_constant_referenced,265.0,-0.9092629332225564,-1.9739853246176349,0.654115104920283,64
27-08-26/0/map3-0.1-data-2026.08.27-16.12.38.424.jpk-force-map,2026-08-27T16:12:38.424000,15,3,0.1,far_constant_referenced,270.0,-0.7545695777395636,-2.2096955242154124,0.6409607060261611,64
27-08-26/0/map3-0.1-data-2026.08.27-16.12.38.424.jpk-force-map,2026-08-27T16:12:38.424000,15,3,0.1,far_constant_referenced,275.0,-0.1644448331281902,-2.264433264444409,1.8282832828708395,64
27-08-26/0/map3-0.1-data-2026.08.27-16.12.38.424.jpk-force-map,2026-08-27T16:12:38.424000,15,3,0.1,far_constant_referenced,280.0,-0.9710737610736919,-3.173725891569791,0.5896377646070597,64
27-08-26/0/map3-0.1-data-2026.08.27-16.12.38.424.jpk-force-map,2026-08-27T16:12:38.424000,15,3,0.1,far_constant_referenced,285.0,-0.556570634565262,-1.6382957546437718,0.8791058056447957,64
27-08-26/0/map3-0.1-data-2026.08.27-16.12.38.424.jpk-force-map,2026-08-27T16:12:38.424000,15,3,0.1,far_constant_referenced,290.0,-0.9360468334539067,-2.2761148457648868,0.39967993028284704,64
27-08-26/0/map3-0.1-data-2026.08.27-16.12.38.424.jpk-force-map,2026-08-27T16:12:38.424000,15,3,0.1,far_constant_referenced,295.0,-0.2422903684350297,-2.2097133405569718,0.760894379013703,64
27-08-26/0/map3-0.1-data-2026.08.27-16.12.38.424.jpk-force-map,2026-08-27T16:12:38.424000,15,3,0.1,far_constant_referenced,300.0,-0.3799750564540174,-2.203388539282773,0.758720785336325,64
27-08-26/0/map3-0.1-data-2026.08.27-16.12.38.424.jpk-force-map,2026-08-27T16:12:38.424000,15,3,0.1,far_constant_referenced,305.0,0.0077679249451804155,-1.6969115185650359,0.8538125393287672,64
27-08-26/0/map3-0.1-data-2026.08.27-16.12.38.424.jpk-force-map,2026-08-27T16:12:38.424000,15,3,0.1,far_constant_referenced,310.0,0.8022579854685683,-0.8192725917133105,1.7798644051354533,64
27-08-26/0/map3-0.1-data-2026.08.27-16.12.38.424.jpk-force-map,2026-08-27T16:12:38.424000,15,3,0.1,far_constant_referenced,315.0,-0.19314102069317296,-1.617147757144064,1.3651296661857923,64
27-08-26/0/map3-0.1-data-2026.08.27-16.12.38.424.jpk-force-map,2026-08-27T16:12:38.424000,15,3,0.1,far_constant_referenced,320.0,0.2184402257899088,-0.8187915504895857,1.2201580944454526,64
27-08-26/0/map3-0.1-data-2026.08.27-16.12.38.424.jpk-force-map,2026-08-27T16:12:38.424000,15,3,0.1,far_constant_referenced,325.0,0.8270702105610794,-0.6910661974346117,1.8744929342457002,64
27-08-26/0/map3-0.1-data-2026.08.27-16.12.38.424.jpk-force-map,2026-08-27T16:12:38.424000,15,3,0.1,far_constant_referenced,330.0,0.5619036594894079,-0.5427095207869508,1.7942303152594596,64
27-08-26/0/map3-0.1-data-2026.08.27-16.12.38.424.jpk-force-map,2026-08-27T16:12:38.424000,15,3,0.1,far_constant_referenced,335.0,0.4281148115040695,-0.9535187258000479,1.9795974722271148,64
27-08-26/0/map3-0.1-data-2026.08.27-16.12.38.424.jpk-force-map,2026-08-27T16:12:38.424000,15,3,0.1,far_constant_referenced,340.0,0.25102037582751147,-0.5465994220401447,2.102672760119791,64
27-08-26/0/map3-0.1-data-2026.08.27-16.12.38.424.jpk-force-map,2026-08-27T16:12:38.424000,15,3,0.1,far_constant_referenced,345.0,0.3245068462185656,-1.5154817730949146,2.325507683508619,64
27-08-26/0/map3-0.1-data-2026.08.27-16.12.38.424.jpk-force-map,2026-08-27T16:12:38.424000,15,3,0.1,far_constant_referenced,350.0,0.5375902919622102,-0.907089339545208,1.731225792519969,64
27-08-26/0/map3-0.1-data-2026.08.27-16.12.38.424.jpk-force-map,2026-08-27T16:12:38.424000,15,3,0.1,far_constant_referenced,355.0,0.9564643609473661,-0.9839549760630836,2.2965442508194203,62
27-08-26/0/map3-0.1-data-2026.08.27-16.12.38.424.jpk-force-map,2026-08-27T16:12:38.424000,15,3,0.1,far_constant_referenced,360.0,1.176377404311008,-0.377041298867699,3.8127446163595238,59
27-08-26/0/map3-0.1-data-2026.08.27-16.12.38.424.jpk-force-map,2026-08-27T16:12:38.424000,15,3,0.1,far_constant_referenced,365.0,1.144272356716571,-0.2425219808760236,2.8049335588707898,52
27-08-26/0/map3-0.1-data-2026.08.27-16.12.38.424.jpk-force-map,2026-08-27T16:12:38.424000,15,3,0.1,far_constant_referenced,370.0,2.4257067887647574,-1.0936620689621293,4.19757759529455,25
27-08-26/0/map3-0.1-data-2026.08.27-16.18.55.666.jpk-force-map,2026-08-27T16:18:55.666000,16,3,0.1,linear_drift_corrected,5.0,6805.300750945713,6073.991186908723,7101.269150395401,64
27-08-26/0/map3-0.1-data-2026.08.27-16.18.55.666.jpk-force-map,2026-08-27T16:18:55.666000,16,3,0.1,linear_drift_corrected,10.0,4676.811374111941,4175.900557086001,4926.103940904197,64
27-08-26/0/map3-0.1-data-2026.08.27-16.18.55.666.jpk-force-map,2026-08-27T16:18:55.666000,16,3,0.1,linear_drift_corrected,15.0,3357.3686568561166,3029.922477422863,3459.49215041555,64
27-08-26/0/map3-0.1-data-2026.08.27-16.18.55.666.jpk-force-map,2026-08-27T16:18:55.666000,16,3,0.1,linear_drift_corrected,20.0,2489.694732426684,2266.586734111177,2555.631893388981,64
27-08-26/0/map3-0.1-data-2026.08.27-16.18.55.666.jpk-force-map,2026-08-27T16:18:55.666000,16,3,0.1,linear_drift_corrected,25.0,1863.552622233722,1722.5451111713628,1927.5282019353401,64
27-08-26/0/map3-0.1-data-2026.08.27-16.18.55.666.jpk-force-map,2026-08-27T16:18:55.666000,16,3,0.1,linear_drift_corrected,30.0,1443.189717568978,1337.0947287758488,1487.8219882836565,64
27-08-26/0/map3-0.1-data-2026.08.27-16.18.55.666.jpk-force-map,2026-08-27T16:18:55.666000,16,3,0.1,linear_drift_corrected,35.0,1124.2468612938687,1039.23345496204,1153.8648970371614,64
27-08-26/0/map3-0.1-data-2026.08.27-16.18.55.666.jpk-force-map,2026-08-27T16:18:55.666000,16,3,0.1,linear_drift_corrected,40.0,874.5092756533202,812.3467124419731,903.7672368941695,64
27-08-26/0/map3-0.1-data-2026.08.27-16.18.55.666.jpk-force-map,2026-08-27T16:18:55.666000,16,3,0.1,linear_drift_corrected,45.0,690.1684670402549,650.7226591345984,713.6884274851034,64
27-08-26/0/map3-0.1-data-2026.08.27-16.18.55.666.jpk-force-map,2026-08-27T16:18:55.666000,16,3,0.1,linear_drift_corrected,50.0,539.3459203945359,513.3086508584931,562.126175598187,64
27-08-26/0/map3-0.1-data-2026.08.27-16.18.55.666.jpk-force-map,2026-08-27T16:18:55.666000,16,3,0.1,linear_drift_corrected,55.0,425.0191545166813,404.0675997498575,445.6852822543878,64
27-08-26/0/map3-0.1-data-2026.08.27-16.18.55.666.jpk-force-map,2026-08-27T16:18:55.666000,16,3,0.1,linear_drift_corrected,60.0,336.6760245957664,316.64683012129024,352.28482629115206,64
27-08-26/0/map3-0.1-data-2026.08.27-16.18.55.666.jpk-force-map,2026-08-27T16:18:55.666000,16,3,0.1,linear_drift_corrected,65.0,264.5431407968561,251.3865704408339,277.7217137872025,64
27-08-26/0/map3-0.1-data-2026.08.27-16.18.55.666.jpk-force-map,2026-08-27T16:18:55.666000,16,3,0.1,linear_drift_corrected,70.0,210.99500899107232,197.0859615621357,221.58698968324398,64
27-08-26/0/map3-0.1-data-2026.08.27-16.18.55.666.jpk-force-map,2026-08-27T16:18:55.666000,16,3,0.1,linear_drift_corrected,75.0,169.14430801016687,151.1905804626723,174.06204335530032,64
27-08-26/0/map3-0.1-data-2026.08.27-16.18.55.666.jpk-force-map,2026-08-27T16:18:55.666000,16,3,0.1,linear_drift_corrected,80.0,132.85547478678848,120.57277678652598,139.732731173481,64
27-08-26/0/map3-0.1-data-2026.08.27-16.18.55.666.jpk-force-map,2026-08-27T16:18:55.666000,16,3,0.1,linear_drift_corrected,85.0,105.40431705424757,93.2989696028575,113.5755055874871,64
27-08-26/0/map3-0.1-data-2026.08.27-16.18.55.666.jpk-force-map,2026-08-27T16:18:55.666000,16,3,0.1,linear_drift_corrected,90.0,82.94095205527256,72.47307209974488,90.9187689100245,64
27-08-26/0/map3-0.1-data-2026.08.27-16.18.55.666.jpk-force-map,2026-08-27T16:18:55.666000,16,3,0.1,linear_drift_corrected,95.0,66.27913148320425,57.49499850565021,72.03187086716869,64
27-08-26/0/map3-0.1-data-2026.08.27-16.18.55.666.jpk-force-map,2026-08-27T16:18:55.666000,16,3,0.1,linear_drift_corrected,100.0,53.2295331412228,44.17600386138676,60.39394695914129,64
27-08-26/0/map3-0.1-data-2026.08.27-16.18.55.666.jpk-force-map,2026-08-27T16:18:55.666000,16,3,0.1,linear_drift_corrected,105.0,41.885957619192126,34.88822817659158,48.04030395625088,64
27-08-26/0/map3-0.1-data-2026.08.27-16.18.55.666.jpk-force-map,2026-08-27T16:18:55.666000,16,3,0.1,linear_drift_corrected,110.0,34.229706752836734,27.174297505755664,39.21756760739651,64
27-08-26/0/map3-0.1-data-2026.08.27-16.18.55.666.jpk-force-map,2026-08-27T16:18:55.666000,16,3,0.1,linear_drift_corrected,115.0,27.938540850068307,21.309534119054867,32.95250361488912,64
27-08-26/0/map3-0.1-data-2026.08.27-16.18.55.666.jpk-force-map,2026-08-27T16:18:55.666000,16,3,0.1,linear_drift_corrected,120.0,22.256941393667795,16.66656469226353,27.473559042207267,64
27-08-26/0/map3-0.1-data-2026.08.27-16.18.55.666.jpk-force-map,2026-08-27T16:18:55.666000,16,3,0.1,linear_drift_corrected,125.0,18.26794312036479,13.321156091589641,23.704388874162273,64
27-08-26/0/map3-0.1-data-2026.08.27-16.18.55.666.jpk-force-map,2026-08-27T16:18:55.666000,16,3,0.1,linear_drift_corrected,130.0,15.576049191067131,8.56512658977945,20.64353789506214,64
27-08-26/0/map3-0.1-data-2026.08.27-16.18.55.666.jpk-force-map,2026-08-27T16:18:55.666000,16,3,0.1,linear_drift_corrected,135.0,12.756180040700855,6.385434021032641,18.347644412478807,64
27-08-26/0/map3-0.1-data-2026.08.27-16.18.55.666.jpk-force-map,2026-08-27T16:18:55.666000,16,3,0.1,linear_drift_corrected,140.0,11.090167877104365,5.226291132454923,17.292754750189903,64
27-08-26/0/map3-0.1-data-2026.08.27-16.18.55.666.jpk-force-map,2026-08-27T16:18:55.666000,16,3,0.1,linear_drift_corrected,145.0,8.595615043525584,3.1953087593487535,13.724773880393606,64
27-08-26/0/map3-0.1-data-2026.08.27-16.18.55.666.jpk-force-map,2026-08-27T16:18:55.666000,16,3,0.1,linear_drift_corrected,150.0,7.476585553497747,3.3526007281865073,12.925125751047679,64
27-08-26/0/map3-0.1-data-2026.08.27-16.18.55.666.jpk-force-map,2026-08-27T16:18:55.666000,16,3,0.1,linear_drift_corrected,155.0,7.882730583170259,2.0376631634990945,12.427372030520242,64
27-08-26/0/map3-0.1-data-2026.08.27-16.18.55.666.jpk-force-map,2026-08-27T16:18:55.666000,16,3,0.1,linear_drift_corrected,160.0,5.55725437096036,1.7897615663755877,10.428024306813327,64
27-08-26/0/map3-0.1-data-2026.08.27-16.18.55.666.jpk-force-map,2026-08-27T16:18:55.666000,16,3,0.1,linear_drift_corrected,165.0,4.806833048796362,0.564693479901166,9.635026092327578,64
27-08-26/0/map3-0.1-data-2026.08.27-16.18.55.666.jpk-force-map,2026-08-27T16:18:55.666000,16,3,0.1,linear_drift_corrected,170.0,4.356840229025121,0.06928789412824791,9.71825575133846,64
27-08-26/0/map3-0.1-data-2026.08.27-16.18.55.666.jpk-force-map,2026-08-27T16:18:55.666000,16,3,0.1,linear_drift_corrected,175.0,3.4299148834278093,-0.1926319312856683,8.590569773727726,64
27-08-26/0/map3-0.1-data-2026.08.27-16.18.55.666.jpk-force-map,2026-08-27T16:18:55.666000,16,3,0.1,linear_drift_corrected,180.0,3.3838038206730365,-0.6294672497774475,7.351839072200668,64
27-08-26/0/map3-0.1-data-2026.08.27-16.18.55.666.jpk-force-map,2026-08-27T16:18:55.666000,16,3,0.1,linear_drift_corrected,185.0,3.2184741896251077,0.15504457824207823,7.318047397076661,64
27-08-26/0/map3-0.1-data-2026.08.27-16.18.55.666.jpk-force-map,2026-08-27T16:18:55.666000,16,3,0.1,linear_drift_corrected,190.0,2.8849388385340804,-0.025062937075609817,6.662742631243653,64
27-08-26/0/map3-0.1-data-2026.08.27-16.18.55.666.jpk-force-map,2026-08-27T16:18:55.666000,16,3,0.1,linear_drift_corrected,195.0,1.7361872787340418,-0.813464262856506,6.157231716748779,64
27-08-26/0/map3-0.1-data-2026.08.27-16.18.55.666.jpk-force-map,2026-08-27T16:18:55.666000,16,3,0.1,linear_drift_corrected,200.0,1.6874126378389298,-1.0423734280498675,4.729169345952142,64
27-08-26/0/map3-0.1-data-2026.08.27-16.18.55.666.jpk-force-map,2026-08-27T16:18:55.666000,16,3,0.1,linear_drift_corrected,205.0,2.036897688339435,-2.212789563466849,4.894025411478209,64
27-08-26/0/map3-0.1-data-2026.08.27-16.18.55.666.jpk-force-map,2026-08-27T16:18:55.666000,16,3,0.1,linear_drift_corrected,210.0,1.2066614597504033,-1.4247778326902119,4.942735044499205,64
27-08-26/0/map3-0.1-data-2026.08.27-16.18.55.666.jpk-force-map,2026-08-27T16:18:55.666000,16,3,0.1,linear_drift_corrected,215.0,0.8487135195518651,-1.3646911199266467,3.5186011222008537,64
27-08-26/0/map3-0.1-data-2026.08.27-16.18.55.666.jpk-force-map,2026-08-27T16:18:55.666000,16,3,0.1,linear_drift_corrected,220.0,0.824720231560802,-1.91933416164605,3.586991661364393,64
27-08-26/0/map3-0.1-data-2026.08.27-16.18.55.666.jpk-force-map,2026-08-27T16:18:55.666000,16,3,0.1,linear_drift_corrected,225.0,0.5025902943772156,-1.907808965270707,3.9393253846455414,64
27-08-26/0/map3-0.1-data-2026.08.27-16.18.55.666.jpk-force-map,2026-08-27T16:18:55.666000,16,3,0.1,linear_drift_corrected,230.0,0.4129905630056584,-2.1281025468969057,3.366828879326369,64
27-08-26/0/map3-0.1-data-2026.08.27-16.18.55.666.jpk-force-map,2026-08-27T16:18:55.666000,16,3,0.1,linear_drift_corrected,235.0,0.9281548552033294,-2.011691087225497,2.5886828821619554,64
27-08-26/0/map3-0.1-data-2026.08.27-16.18.55.666.jpk-force-map,2026-08-27T16:18:55.666000,16,3,0.1,linear_drift_corrected,240.0,0.06744849347681743,-1.4944390585213312,2.5786155644419932,64
27-08-26/0/map3-0.1-data-2026.08.27-16.18.55.666.jpk-force-map,2026-08-27T16:18:55.666000,16,3,0.1,linear_drift_corrected,245.0,0.6307638385381267,-1.3279929056673174,2.346938820266711,64
27-08-26/0/map3-0.1-data-2026.08.27-16.18.55.666.jpk-force-map,2026-08-27T16:18:55.666000,16,3,0.1,linear_drift_corrected,250.0,0.04766409593685167,-1.6161531947974277,1.801786508545562,64
27-08-26/0/map3-0.1-data-2026.08.27-16.18.55.666.jpk-force-map,2026-08-27T16:18:55.666000,16,3,0.1,linear_drift_corrected,255.0,0.8423098435325813,-1.2314375178973993,1.9581079384412117,64
27-08-26/0/map3-0.1-data-2026.08.27-16.18.55.666.jpk-force-map,2026-08-27T16:18:55.666000,16,3,0.1,linear_drift_corrected,260.0,-0.43826354123654887,-1.760388025130485,1.9644523282350221,64
27-08-26/0/map3-0.1-data-2026.08.27-16.18.55.666.jpk-force-map,2026-08-27T16:18:55.666000,16,3,0.1,linear_drift_corrected,265.0,-0.07022903442538597,-1.6282117686903432,1.311963251515284,64
27-08-26/0/map3-0.1-data-2026.08.27-16.18.55.666.jpk-force-map,2026-08-27T16:18:55.666000,16,3,0.1,linear_drift_corrected,270.0,0.05605833973341198,-1.0663938887229727,1.2648951332184617,64
27-08-26/0/map3-0.1-data-2026.08.27-16.18.55.666.jpk-force-map,2026-08-27T16:18:55.666000,16,3,0.1,linear_drift_corrected,275.0,0.47435619568049237,-0.9630843210231733,1.5987435659230136,64
27-08-26/0/map3-0.1-data-2026.08.27-16.18.55.666.jpk-force-map,2026-08-27T16:18:55.666000,16,3,0.1,linear_drift_corrected,280.0,-0.0791842029951734,-1.1466455993900617,1.2443197951781602,64
27-08-26/0/map3-0.1-data-2026.08.27-16.18.55.666.jpk-force-map,2026-08-27T16:18:55.666000,16,3,0.1,linear_drift_corrected,285.0,-0.22494652194629844,-1.1652556667882212,0.9753243966258606,64
27-08-26/0/map3-0.1-data-2026.08.27-16.18.55.666.jpk-force-map,2026-08-27T16:18:55.666000,16,3,0.1,linear_drift_corrected,290.0,-0.2844857958412501,-1.4081585114085704,1.4238902456831302,64
27-08-26/0/map3-0.1-data-2026.08.27-16.18.55.666.jpk-force-map,2026-08-27T16:18:55.666000,16,3,0.1,linear_drift_corrected,295.0,-0.8396367325889746,-1.95232453551237,0.7871641687550811,64
27-08-26/0/map3-0.1-data-2026.08.27-16.18.55.666.jpk-force-map,2026-08-27T16:18:55.666000,16,3,0.1,linear_drift_corrected,300.0,-0.25621377925568045,-1.173961497235801,0.9684233768386894,64
27-08-26/0/map3-0.1-data-2026.08.27-16.18.55.666.jpk-force-map,2026-08-27T16:18:55.666000,16,3,0.1,linear_drift_corrected,305.0,-0.3168990952279574,-1.5314179398945913,0.9145565063482013,64
27-08-26/0/map3-0.1-data-2026.08.27-16.18.55.666.jpk-force-map,2026-08-27T16:18:55.666000,16,3,0.1,linear_drift_corrected,310.0,0.22391633186344495,-1.6181729314306297,0.9448121825020717,64
27-08-26/0/map3-0.1-data-2026.08.27-16.18.55.666.jpk-force-map,2026-08-27T16:18:55.666000,16,3,0.1,linear_drift_corrected,315.0,0.04269312784897499,-0.9454274111136737,1.418655889425762,64
27-08-26/0/map3-0.1-data-2026.08.27-16.18.55.666.jpk-force-map,2026-08-27T16:18:55.666000,16,3,0.1,linear_drift_corrected,320.0,-0.11341295298494938,-1.3249435490151795,0.8255169277386261,64
27-08-26/0/map3-0.1-data-2026.08.27-16.18.55.666.jpk-force-map,2026-08-27T16:18:55.666000,16,3,0.1,linear_drift_corrected,325.0,0.1088964851790771,-0.7420032712942131,1.0736579735736698,64
27-08-26/0/map3-0.1-data-2026.08.27-16.18.55.666.jpk-force-map,2026-08-27T16:18:55.666000,16,3,0.1,linear_drift_corrected,330.0,0.01505586864568885,-0.9995931971055434,1.6309266364388526,64
27-08-26/0/map3-0.1-data-2026.08.27-16.18.55.666.jpk-force-map,2026-08-27T16:18:55.666000,16,3,0.1,linear_drift_corrected,335.0,0.09517082563460079,-1.0342278354054097,1.444651864661947,64
27-08-26/0/map3-0.1-data-2026.08.27-16.18.55.666.jpk-force-map,2026-08-27T16:18:55.666000,16,3,0.1,linear_drift_corrected,340.0,0.03886271598658897,-1.4298138119099275,1.0511750657776653,64
27-08-26/0/map3-0.1-data-2026.08.27-16.18.55.666.jpk-force-map,2026-08-27T16:18:55.666000,16,3,0.1,linear_drift_corrected,345.0,0.17151572806070337,-1.2558201829601936,1.444986450218411,64
27-08-26/0/map3-0.1-data-2026.08.27-16.18.55.666.jpk-force-map,2026-08-27T16:18:55.666000,16,3,0.1,linear_drift_corrected,350.0,-0.2036387984842441,-1.217251590796582,1.1046865421976457,64
27-08-26/0/map3-0.1-data-2026.08.27-16.18.55.666.jpk-force-map,2026-08-27T16:18:55.666000,16,3,0.1,linear_drift_corrected,355.0,0.03701092106224879,-1.5357236484591648,1.3454748745128828,63
27-08-26/0/map3-0.1-data-2026.08.27-16.18.55.666.jpk-force-map,2026-08-27T16:18:55.666000,16,3,0.1,linear_drift_corrected,360.0,0.01757174729216307,-0.7912073234672635,1.25088525623053,59
27-08-26/0/map3-0.1-data-2026.08.27-16.18.55.666.jpk-force-map,2026-08-27T16:18:55.666000,16,3,0.1,linear_drift_corrected,365.0,0.05516834313216282,-0.6829732676794618,1.612244462333383,55
27-08-26/0/map3-0.1-data-2026.08.27-16.18.55.666.jpk-force-map,2026-08-27T16:18:55.666000,16,3,0.1,linear_drift_corrected,370.0,2.0216080055606325,-2.0444473501895803,5.315364341944274,25
27-08-26/0/map3-0.1-data-2026.08.27-16.18.55.666.jpk-force-map,2026-08-27T16:18:55.666000,16,3,0.1,far_constant_referenced,5.0,6797.466774331087,6057.726123740416,7106.014008973986,64
27-08-26/0/map3-0.1-data-2026.08.27-16.18.55.666.jpk-force-map,2026-08-27T16:18:55.666000,16,3,0.1,far_constant_referenced,10.0,4679.018213832025,4187.012884797332,4916.4362047942195,64
27-08-26/0/map3-0.1-data-2026.08.27-16.18.55.666.jpk-force-map,2026-08-27T16:18:55.666000,16,3,0.1,far_constant_referenced,15.0,3353.5755057016886,3011.932082563791,3465.399405658659,64
27-08-26/0/map3-0.1-data-2026.08.27-16.18.55.666.jpk-force-map,2026-08-27T16:18:55.666000,16,3,0.1,far_constant_referenced,20.0,2486.0195829800173,2251.677921908552,2564.4088552166254,64
27-08-26/0/map3-0.1-data-2026.08.27-16.18.55.666.jpk-force-map,2026-08-27T16:18:55.666000,16,3,0.1,far_constant_referenced,25.0,1867.024787064629,1707.617079120159,1934.2918754748894,64
27-08-26/0/map3-0.1-data-2026.08.27-16.18.55.666.jpk-force-map,2026-08-27T16:18:55.666000,16,3,0.1,far_constant_referenced,30.0,1442.4324919719443,1317.7605154210307,1484.6912864502615,64
27-08-26/0/map3-0.1-data-2026.08.27-16.18.55.666.jpk-force-map,2026-08-27T16:18:55.666000,16,3,0.1,far_constant_referenced,35.0,1120.7180247301494,1027.6034214324018,1152.3977487399825,64
27-08-26/0/map3-0.1-data-2026.08.27-16.18.55.666.jpk-force-map,2026-08-27T16:18:55.666000,16,3,0.1,far_constant_referenced,40.0,877.2773026271345,806.6922353460096,900.5691939627834,64
27-08-26/0/map3-0.1-data-2026.08.27-16.18.55.666.jpk-force-map,2026-08-27T16:18:55.666000,16,3,0.1,far_constant_referenced,45.0,691.4042328230092,638.1577144485308,709.8631504947027,64
27-08-26/0/map3-0.1-data-2026.08.27-16.18.55.666.jpk-force-map,2026-08-27T16:18:55.666000,16,3,0.1,far_constant_referenced,50.0,542.7507002912189,505.04630315932826,556.4730485234484,64
27-08-26/0/map3-0.1-data-2026.08.27-16.18.55.666.jpk-force-map,2026-08-27T16:18:55.666000,16,3,0.1,far_constant_referenced,55.0,427.09195157672247,399.8377236817141,436.6527527951883,64
27-08-26/0/map3-0.1-data-2026.08.27-16.18.55.666.jpk-force-map,2026-08-27T16:18:55.666000,16,3,0.1,far_constant_referenced,60.0,338.71833617115965,313.41329325323767,346.41996057039023,64
27-08-26/0/map3-0.1-data-2026.08.27-16.18.55.666.jpk-force-map,2026-08-27T16:18:55.666000,16,3,0.1,far_constant_referenced,65.0,265.9318460871102,247.38262925731948,276.25400490947186,64
27-08-26/0/map3-0.1-data-2026.08.27-16.18.55.666.jpk-force-map,2026-08-27T16:18:55.666000,16,3,0.1,far_constant_referenced,70.0,209.5328151451481,195.3935110700475,218.047589253356,64
27-08-26/0/map3-0.1-data-2026.08.27-16.18.55.666.jpk-force-map,2026-08-27T16:18:55.666000,16,3,0.1,far_constant_referenced,75.0,164.1871375630849,152.451661809243,172.5255714607447,64
27-08-26/0/map3-0.1-data-2026.08.27-16.18.55.666.jpk-force-map,2026-08-27T16:18:55.666000,16,3,0.1,far_constant_referenced,80.0,130.1750881496842,121.08447206406163,136.20822403401,64
27-08-26/0/map3-0.1-data-2026.08.27-16.18.55.666.jpk-force-map,2026-08-27T16:18:55.666000,16,3,0.1,far_constant_referenced,85.0,103.23685088960141,95.48606526506809,108.29137670034936,64
27-08-26/0/map3-0.1-data-2026.08.27-16.18.55.666.jpk-force-map,2026-08-27T16:18:55.666000,16,3,0.1,far_constant_referenced,90.0,80.88338783840273,75.67608095950546,85.48327624375872,64
27-08-26/0/map3-0.1-data-2026.08.27-16.18.55.666.jpk-force-map,2026-08-27T16:18:55.666000,16,3,0.1,far_constant_referenced,95.0,64.7781157924123,59.329278708988944,67.69789942812918,64
27-08-26/0/map3-0.1-data-2026.08.27-16.18.55.666.jpk-force-map,2026-08-27T16:18:55.666000,16,3,0.1,far_constant_referenced,100.0,51.310695653605094,46.951838595209814,54.454721703698524,64
27-08-26/0/map3-0.1-data-2026.08.27-16.18.55.666.jpk-force-map,2026-08-27T16:18:55.666000,16,3,0.1,far_constant_referenced,105.0,40.7326229002517,36.553782157558175,43.320577173345306,64
27-08-26/0/map3-0.1-data-2026.08.27-16.18.55.666.jpk-force-map,2026-08-27T16:18:55.666000,16,3,0.1,far_constant_referenced,110.0,31.86654616803271,28.899846166056875,35.28620290050789,64
27-08-26/0/map3-0.1-data-2026.08.27-16.18.55.666.jpk-force-map,2026-08-27T16:18:55.666000,16,3,0.1,far_constant_referenced,115.0,25.591630650398383,22.596941175741637,28.531071649699687,64
27-08-26/0/map3-0.1-data-2026.08.27-16.18.55.666.jpk-force-map,2026-08-27T16:18:55.666000,16,3,0.1,far_constant_referenced,120.0,20.280448561091262,18.012820232716862,23.64052150841752,64
27-08-26/0/map3-0.1-data-2026.08.27-16.18.55.666.jpk-force-map,2026-08-27T16:18:55.666000,16,3,0.1,far_constant_referenced,125.0,16.150976901019355,14.358480709677373,19.088232429082332,64
27-08-26/0/map3-0.1-data-2026.08.27-16.18.55.666.jpk-force-map,2026-08-27T16:18:55.666000,16,3,0.1,far_constant_referenced,130.0,13.282557778185467,10.364264776384005,15.238049740204259,64
27-08-26/0/map3-0.1-data-2026.08.27-16.18.55.666.jpk-force-map,2026-08-27T16:18:55.666000,16,3,0.1,far_constant_referenced,135.0,10.18254996944793,7.633269035225288,13.69754788469815,64
27-08-26/0/map3-0.1-data-2026.08.27-16.18.55.666.jpk-force-map,2026-08-27T16:18:55.666000,16,3,0.1,far_constant_referenced,140.0,8.855351294565313,6.17762047606199,11.452302820175625,64
27-08-26/0/map3-0.1-data-2026.08.27-16.18.55.666.jpk-force-map,2026-08-27T16:18:55.666000,16,3,0.1,far_constant_referenced,145.0,7.067445780580022,4.4318090385379625,9.799427359308204,64
27-08-26/0/map3-0.1-data-2026.08.27-16.18.55.666.jpk-force-map,2026-08-27T16:18:55.666000,16,3,0.1,far_constant_referenced,150.0,5.230390918852846,3.9256052017250296,8.430389975527614,64
27-08-26/0/map3-0.1-data-2026.08.27-16.18.55.666.jpk-force-map,2026-08-27T16:18:55.666000,16,3,0.1,far_constant_referenced,155.0,4.892783122764953,2.0014700009526445,7.01661575794566,64
27-08-26/0/map3-0.1-data-2026.08.27-16.18.55.666.jpk-force-map,2026-08-27T16:18:55.666000,16,3,0.1,far_constant_referenced,160.0,3.890578274105245,1.6081386270661888,5.6210498414967285,64
27-08-26/0/map3-0.1-data-2026.08.27-16.18.55.666.jpk-force-map,2026-08-27T16:18:55.666000,16,3,0.1,far_constant_referenced,165.0,2.921452433048244,1.6005785594399136,5.1387080248899615,64
27-08-26/0/map3-0.1-data-2026.08.27-16.18.55.666.jpk-force-map,2026-08-27T16:18:55.666000,16,3,0.1,far_constant_referenced,170.0,2.7920464051008684,0.9226489445576722,5.027041134412869,64
27-08-26/0/map3-0.1-data-2026.08.27-16.18.55.666.jpk-force-map,2026-08-27T16:18:55.666000,16,3,0.1,far_constant_referenced,175.0,2.519598909088212,-0.35731860869722143,4.418161720859027,64
27-08-26/0/map3-0.1-data-2026.08.27-16.18.55.666.jpk-force-map,2026-08-27T16:18:55.666000,16,3,0.1,far_constant_referenced,180.0,1.9367669869790014,-0.13328405163948054,4.053283044535471,64
27-08-26/0/map3-0.1-data-2026.08.27-16.18.55.666.jpk-force-map,2026-08-27T16:18:55.666000,16,3,0.1,far_constant_referenced,185.0,1.7382810638004456,0.23497379081095582,3.350541204560882,64
27-08-26/0/map3-0.1-data-2026.08.27-16.18.55.666.jpk-force-map,2026-08-27T16:18:55.666000,16,3,0.1,far_constant_referenced,190.0,1.6200874535109415,-0.09999718671771839,3.2262603442186877,64
27-08-26/0/map3-0.1-data-2026.08.27-16.18.55.666.jpk-force-map,2026-08-27T16:18:55.666000,16,3,0.1,far_constant_referenced,195.0,0.8489605556284499,-0.812953729219656,2.9788685633005354,64
27-08-26/0/map3-0.1-data-2026.08.27-16.18.55.666.jpk-force-map,2026-08-27T16:18:55.666000,16,3,0.1,far_constant_referenced,200.0,0.4364053491367409,-1.2152823556227799,2.269077390825984,64
27-08-26/0/map3-0.1-data-2026.08.27-16.18.55.666.jpk-force-map,2026-08-27T16:18:55.666000,16,3,0.1,far_constant_referenced,205.0,-0.26514279594952367,-1.8061494478015199,2.674791122136518,64
27-08-26/0/map3-0.1-data-2026.08.27-16.18.55.666.jpk-force-map,2026-08-27T16:18:55.666000,16,3,0.1,far_constant_referenced,210.0,0.08125439533614565,-1.5628851193580555,2.1564127852184125,64
27-08-26/0/map3-0.1-data-2026.08.27-16.18.55.666.jpk-force-map,2026-08-27T16:18:55.666000,16,3,0.1,far_constant_referenced,215.0,-0.3269298686785706,-2.19317383675544,1.9377765796705986,64
27-08-26/0/map3-0.1-data-2026.08.27-16.18.55.666.jpk-force-map,2026-08-27T16:18:55.666000,16,3,0.1,far_constant_referenced,220.0,-0.1352616655590123,-1.9559967583645617,1.8477684218197048,64
27-08-26/0/map3-0.1-data-2026.08.27-16.18.55.666.jpk-force-map,2026-08-27T16:18:55.666000,16,3,0.1,far_constant_referenced,225.0,0.11333568780861264,-2.187805179148146,1.9837189859212434,64
27-08-26/0/map3-0.1-data-2026.08.27-16.18.55.666.jpk-force-map,2026-08-27T16:18:55.666000,16,3,0.1,far_constant_referenced,230.0,-0.5517127120842521,-2.2872975695199917,0.46219747301814207,64
27-08-26/0/map3-0.1-data-2026.08.27-16.18.55.666.jpk-force-map,2026-08-27T16:18:55.666000,16,3,0.1,far_constant_referenced,235.0,-0.702047002651667,-2.411358694982236,1.516176610417911,64
27-08-26/0/map3-0.1-data-2026.08.27-16.18.55.666.jpk-force-map,2026-08-27T16:18:55.666000,16,3,0.1,far_constant_referenced,240.0,-0.1512963730146866,-2.033824477329768,1.700569807377058,64
27-08-26/0/map3-0.1-data-2026.08.27-16.18.55.666.jpk-force-map,2026-08-27T16:18:55.666000,16,3,0.1,far_constant_referenced,245.0,-0.3960097639096324,-2.1284767615622813,1.277788020797253,64
27-08-26/0/map3-0.1-data-2026.08.27-16.18.55.666.jpk-force-map,2026-08-27T16:18:55.666000,16,3,0.1,far_constant_referenced,250.0,-0.4193610489894102,-1.8725568917899642,0.7655147502731153,64
27-08-26/0/map3-0.1-data-2026.08.27-16.18.55.666.jpk-force-map,2026-08-27T16:18:55.666000,16,3,0.1,far_constant_referenced,255.0,-0.23935661084865206,-1.8932476031882284,1.5631167317991828,64
27-08-26/0/map3-0.1-data-2026.08.27-16.18.55.666.jpk-force-map,2026-08-27T16:18:55.666000,16,3,0.1,far_constant_referenced,260.0,-0.7667322002836474,-2.114859137786068,0.8000487591081316,64
27-08-26/0/map3-0.1-data-2026.08.27-16.18.55.666.jpk-force-map,2026-08-27T16:18:55.666000,16,3,0.1,far_constant_referenced,265.0,-0.5682462771051805,-2.013157521053637,1.1148160052426033,64
27-08-26/0/map3-0.1-data-2026.08.27-16.18.55.666.jpk-force-map,2026-08-27T16:18:55.666000,16,3,0.1,far_constant_referenced,270.0,-0.4081842640148348,-1.768450068939132,1.1673860905748845,64
27-08-26/0/map3-0.1-data-2026.08.27-16.18.55.666.jpk-force-map,2026-08-27T16:18:55.666000,16,3,0.1,far_constant_referenced,275.0,-0.38384714136560777,-1.9296998381374213,1.5740856594549122,64
27-08-26/0/map3-0.1-data-2026.08.27-16.18.55.666.jpk-force-map,2026-08-27T16:18:55.666000,16,3,0.1,far_constant_referenced,280.0,-0.24467775821167953,-2.1571670103468383,1.4639034641127155,64
27-08-26/0/map3-0.1-data-2026.08.27-16.18.55.666.jpk-force-map,2026-08-27T16:18:55.666000,16,3,0.1,far_constant_referenced,285.0,-0.6650602774538943,-2.111426522634495,1.2992032634211617,64
27-08-26/0/map3-0.1-data-2026.08.27-16.18.55.666.jpk-force-map,2026-08-27T16:18:55.666000,16,3,0.1,far_constant_referenced,290.0,-0.7477518576806845,-1.8511297716048634,1.058635141342507,64
27-08-26/0/map3-0.1-data-2026.08.27-16.18.55.666.jpk-force-map,2026-08-27T16:18:55.666000,16,3,0.1,far_constant_referenced,295.0,-0.862560363062912,-2.198506861679556,1.190951171754186,64
27-08-26/0/map3-0.1-data-2026.08.27-16.18.55.666.jpk-force-map,2026-08-27T16:18:55.666000,16,3,0.1,far_constant_referenced,300.0,-0.3702117012477017,-1.3337372722561183,0.6888747874158969,64
27-08-26/0/map3-0.1-data-2026.08.27-16.18.55.666.jpk-force-map,2026-08-27T16:18:55.666000,16,3,0.1,far_constant_referenced,305.0,-0.2714735360042668,-1.4318043552985416,0.8017591279033883,64
27-08-26/0/map3-0.1-data-2026.08.27-16.18.55.666.jpk-force-map,2026-08-27T16:18:55.666000,16,3,0.1,far_constant_referenced,310.0,0.24471339089494581,-1.449537553988428,1.0671394750745242,64
27-08-26/0/map3-0.1-data-2026.08.27-16.18.55.666.jpk-force-map,2026-08-27T16:18:55.666000,16,3,0.1,far_constant_referenced,315.0,0.0938802427624249,-1.2371786394705762,1.273464588564645,64
27-08-26/0/map3-0.1-data-2026.08.27-16.18.55.666.jpk-force-map,2026-08-27T16:18:55.666000,16,3,0.1,far_constant_referenced,320.0,-0.04378069013441489,-1.5059856630128146,0.9302149509645214,64
27-08-26/0/map3-0.1-data-2026.08.27-16.18.55.666.jpk-force-map,2026-08-27T16:18:55.666000,16,3,0.1,far_constant_referenced,325.0,0.5044994067982647,-0.7917997929393301,1.4167079751681984,64
27-08-26/0/map3-0.1-data-2026.08.27-16.18.55.666.jpk-force-map,2026-08-27T16:18:55.666000,16,3,0.1,far_constant_referenced,330.0,0.1440035505126421,-0.995612802261354,1.9268195295759583,64
27-08-26/0/map3-0.1-data-2026.08.27-16.18.55.666.jpk-force-map,2026-08-27T16:18:55.666000,16,3,0.1,far_constant_referenced,335.0,0.4145031265084299,-0.8664562030965464,1.6069271158361715,64
27-08-26/0/map3-0.1-data-2026.08.27-16.18.55.666.jpk-force-map,2026-08-27T16:18:55.666000,16,3,0.1,far_constant_referenced,340.0,-0.015072625008313693,-1.2858291296471194,2.1245809215286022,64
27-08-26/0/map3-0.1-data-2026.08.27-16.18.55.666.jpk-force-map,2026-08-27T16:18:55.666000,16,3,0.1,far_constant_referenced,345.0,0.48067301927526196,-0.9433277783949514,1.5964689233069183,64
27-08-26/0/map3-0.1-data-2026.08.27-16.18.55.666.jpk-force-map,2026-08-27T16:18:55.666000,16,3,0.1,far_constant_referenced,350.0,0.5818460845396425,-0.8212026953884279,1.6658041861010182,64
27-08-26/0/map3-0.1-data-2026.08.27-16.18.55.666.jpk-force-map,2026-08-27T16:18:55.666000,16,3,0.1,far_constant_referenced,355.0,0.35418887135311616,-1.5553666231955763,2.1425576102204538,63
27-08-26/0/map3-0.1-data-2026.08.27-16.18.55.666.jpk-force-map,2026-08-27T16:18:55.666000,16,3,0.1,far_constant_referenced,360.0,0.6665212174666275,-1.1068105290757808,2.3026433784330953,59
27-08-26/0/map3-0.1-data-2026.08.27-16.18.55.666.jpk-force-map,2026-08-27T16:18:55.666000,16,3,0.1,far_constant_referenced,365.0,0.9438385135213831,-0.9661920834705341,2.4612325739498564,55
27-08-26/0/map3-0.1-data-2026.08.27-16.18.55.666.jpk-force-map,2026-08-27T16:18:55.666000,16,3,0.1,far_constant_referenced,370.0,0.4718955016385141,-0.832878337928302,5.671701700714922,25
27-08-26/0/map3-0.2-data-2026.08.27-16.25.10.504.jpk-force-map,2026-08-27T16:25:10.504000,17,3,0.2,linear_drift_corrected,5.0,6781.497282013586,6037.455768971824,7071.3880590216,64
27-08-26/0/map3-0.2-data-2026.08.27-16.25.10.504.jpk-force-map,2026-08-27T16:25:10.504000,17,3,0.2,linear_drift_corrected,10.0,4613.662797142886,4225.68377221607,4818.3906596764755,64
27-08-26/0/map3-0.2-data-2026.08.27-16.25.10.504.jpk-force-map,2026-08-27T16:25:10.504000,17,3,0.2,linear_drift_corrected,15.0,3260.8191877539457,3039.164040039517,3391.387841659596,64
27-08-26/0/map3-0.2-data-2026.08.27-16.25.10.504.jpk-force-map,2026-08-27T16:25:10.504000,17,3,0.2,linear_drift_corrected,20.0,2403.136955433305,2243.8407771780976,2490.1199300601347,64
27-08-26/0/map3-0.2-data-2026.08.27-16.25.10.504.jpk-force-map,2026-08-27T16:25:10.504000,17,3,0.2,linear_drift_corrected,25.0,1800.0586323429088,1684.0734303184706,1869.2899880814032,64
27-08-26/0/map3-0.2-data-2026.08.27-16.25.10.504.jpk-force-map,2026-08-27T16:25:10.504000,17,3,0.2,linear_drift_corrected,30.0,1367.5094694354539,1288.6033067360356,1428.5868191659065,64
27-08-26/0/map3-0.2-data-2026.08.27-16.25.10.504.jpk-force-map,2026-08-27T16:25:10.504000,17,3,0.2,linear_drift_corrected,35.0,1053.3576428788285,998.932622140003,1093.1087283968154,64
27-08-26/0/map3-0.2-data-2026.08.27-16.25.10.504.jpk-force-map,2026-08-27T16:25:10.504000,17,3,0.2,linear_drift_corrected,40.0,820.514750604608,778.5998222298485,846.6763033774309,64
27-08-26/0/map3-0.2-data-2026.08.27-16.25.10.504.jpk-force-map,2026-08-27T16:25:10.504000,17,3,0.2,linear_drift_corrected,45.0,638.8935929512365,605.96034559447,668.4978093287333,64
27-08-26/0/map3-0.2-data-2026.08.27-16.25.10.504.jpk-force-map,2026-08-27T16:25:10.504000,17,3,0.2,linear_drift_corrected,50.0,499.06393387858293,471.3251430038775,521.9336240982532,64
27-08-26/0/map3-0.2-data-2026.08.27-16.25.10.504.jpk-force-map,2026-08-27T16:25:10.504000,17,3,0.2,linear_drift_corrected,55.0,388.2466343542375,367.4238157238842,409.567843221242,64
27-08-26/0/map3-0.2-data-2026.08.27-16.25.10.504.jpk-force-map,2026-08-27T16:25:10.504000,17,3,0.2,linear_drift_corrected,60.0,305.2836097595114,288.68017712801526,320.080415476604,64
27-08-26/0/map3-0.2-data-2026.08.27-16.25.10.504.jpk-force-map,2026-08-27T16:25:10.504000,17,3,0.2,linear_drift_corrected,65.0,240.4859417823716,226.35927148266595,251.5993920393424,64
27-08-26/0/map3-0.2-data-2026.08.27-16.25.10.504.jpk-force-map,2026-08-27T16:25:10.504000,17,3,0.2,linear_drift_corrected,70.0,187.45089898154157,178.47947043591176,198.26192757417002,64
27-08-26/0/map3-0.2-data-2026.08.27-16.25.10.504.jpk-force-map,2026-08-27T16:25:10.504000,17,3,0.2,linear_drift_corrected,75.0,147.04008533982832,138.37720176103176,158.4237782845371,64
27-08-26/0/map3-0.2-data-2026.08.27-16.25.10.504.jpk-force-map,2026-08-27T16:25:10.504000,17,3,0.2,linear_drift_corrected,80.0,117.84974634168816,107.96477481629206,126.41837280846686,64
27-08-26/0/map3-0.2-data-2026.08.27-16.25.10.504.jpk-force-map,2026-08-27T16:25:10.504000,17,3,0.2,linear_drift_corrected,85.0,91.55449612328108,82.25424394861676,100.928945365188,64
27-08-26/0/map3-0.2-data-2026.08.27-16.25.10.504.jpk-force-map,2026-08-27T16:25:10.504000,17,3,0.2,linear_drift_corrected,90.0,72.11512071502837,65.87109808977658,80.84492448428621,64
27-08-26/0/map3-0.2-data-2026.08.27-16.25.10.504.jpk-force-map,2026-08-27T16:25:10.504000,17,3,0.2,linear_drift_corrected,95.0,57.972311807657135,52.38895996318243,65.38602675587987,64
27-08-26/0/map3-0.2-data-2026.08.27-16.25.10.504.jpk-force-map,2026-08-27T16:25:10.504000,17,3,0.2,linear_drift_corrected,100.0,44.768997403444025,40.367671616147064,52.68826947136964,64
27-08-26/0/map3-0.2-data-2026.08.27-16.25.10.504.jpk-force-map,2026-08-27T16:25:10.504000,17,3,0.2,linear_drift_corrected,105.0,37.1324208008225,32.65609634523603,44.709842204939385,64
27-08-26/0/map3-0.2-data-2026.08.27-16.25.10.504.jpk-force-map,2026-08-27T16:25:10.504000,17,3,0.2,linear_drift_corrected,110.0,29.171748441528468,24.50753246189053,36.4195140083032,64
27-08-26/0/map3-0.2-data-2026.08.27-16.25.10.504.jpk-force-map,2026-08-27T16:25:10.504000,17,3,0.2,linear_drift_corrected,115.0,25.22023847640163,19.527473876078012,29.7698024105389,64
27-08-26/0/map3-0.2-data-2026.08.27-16.25.10.504.jpk-force-map,2026-08-27T16:25:10.504000,17,3,0.2,linear_drift_corrected,120.0,19.644958317569678,15.84000305472691,24.73977919665809,64
27-08-26/0/map3-0.2-data-2026.08.27-16.25.10.504.jpk-force-map,2026-08-27T16:25:10.504000,17,3,0.2,linear_drift_corrected,125.0,16.70414693481749,13.234361865916672,21.319347125963894,64
27-08-26/0/map3-0.2-data-2026.08.27-16.25.10.504.jpk-force-map,2026-08-27T16:25:10.504000,17,3,0.2,linear_drift_corrected,130.0,13.978316643763412,9.188189401297109,19.476221354940712,64
27-08-26/0/map3-0.2-data-2026.08.27-16.25.10.504.jpk-force-map,2026-08-27T16:25:10.504000,17,3,0.2,linear_drift_corrected,135.0,12.086861758033873,7.4224358677936015,16.516145879943842,64
27-08-26/0/map3-0.2-data-2026.08.27-16.25.10.504.jpk-force-map,2026-08-27T16:25:10.504000,17,3,0.2,linear_drift_corrected,140.0,10.498695116300151,5.658264827574596,15.26209521423619,64
27-08-26/0/map3-0.2-data-2026.08.27-16.25.10.504.jpk-force-map,2026-08-27T16:25:10.504000,17,3,0.2,linear_drift_corrected,145.0,8.801180444957016,3.756044757901269,12.42472942141425,64
27-08-26/0/map3-0.2-data-2026.08.27-16.25.10.504.jpk-force-map,2026-08-27T16:25:10.504000,17,3,0.2,linear_drift_corrected,150.0,8.070666554220841,3.994168283747856,11.907776043442837,64
27-08-26/0/map3-0.2-data-2026.08.27-16.25.10.504.jpk-force-map,2026-08-27T16:25:10.504000,17,3,0.2,linear_drift_corrected,155.0,6.306188343823578,2.2608462057290395,11.104254695157344,64
27-08-26/0/map3-0.2-data-2026.08.27-16.25.10.504.jpk-force-map,2026-08-27T16:25:10.504000,17,3,0.2,linear_drift_corrected,160.0,6.003712019287347,1.787995758840111,9.782937011030882,64
27-08-26/0/map3-0.2-data-2026.08.27-16.25.10.504.jpk-force-map,2026-08-27T16:25:10.504000,17,3,0.2,linear_drift_corrected,165.0,4.638672182040496,2.0070255246084465,8.012327827910434,64
27-08-26/0/map3-0.2-data-2026.08.27-16.25.10.504.jpk-force-map,2026-08-27T16:25:10.504000,17,3,0.2,linear_drift_corrected,170.0,4.58379667710379,1.3620516104754348,9.28291229499594,64
27-08-26/0/map3-0.2-data-2026.08.27-16.25.10.504.jpk-force-map,2026-08-27T16:25:10.504000,17,3,0.2,linear_drift_corrected,175.0,4.472387651611198,0.8430714164782014,7.6429984364929435,64
27-08-26/0/map3-0.2-data-2026.08.27-16.25.10.504.jpk-force-map,2026-08-27T16:25:10.504000,17,3,0.2,linear_drift_corrected,180.0,4.237668805765773,0.5191948708229744,8.051480355334112,64
27-08-26/0/map3-0.2-data-2026.08.27-16.25.10.504.jpk-force-map,2026-08-27T16:25:10.504000,17,3,0.2,linear_drift_corrected,185.0,3.0958714152391393,1.1718016404039377,7.485243828150268,64
27-08-26/0/map3-0.2-data-2026.08.27-16.25.10.504.jpk-force-map,2026-08-27T16:25:10.504000,17,3,0.2,linear_drift_corrected,190.0,2.986574634243663,0.684831986590976,7.283379674903237,64
27-08-26/0/map3-0.2-data-2026.08.27-16.25.10.504.jpk-force-map,2026-08-27T16:25:10.504000,17,3,0.2,linear_drift_corrected,195.0,3.6907275567899505,0.07621181966985674,6.675182915307472,64
27-08-26/0/map3-0.2-data-2026.08.27-16.25.10.504.jpk-force-map,2026-08-27T16:25:10.504000,17,3,0.2,linear_drift_corrected,200.0,3.3435342403212758,0.4202175110236412,6.921453224802859,64
27-08-26/0/map3-0.2-data-2026.08.27-16.25.10.504.jpk-force-map,2026-08-27T16:25:10.504000,17,3,0.2,linear_drift_corrected,205.0,2.993104254777842,-0.5983522728450313,5.386656073301081,64
27-08-26/0/map3-0.2-data-2026.08.27-16.25.10.504.jpk-force-map,2026-08-27T16:25:10.504000,17,3,0.2,linear_drift_corrected,210.0,1.8954523916480204,-0.555443621901381,3.8585329074139283,64
27-08-26/0/map3-0.2-data-2026.08.27-16.25.10.504.jpk-force-map,2026-08-27T16:25:10.504000,17,3,0.2,linear_drift_corrected,215.0,2.391647663015519,-0.28344741873383333,5.239166453009164,64
27-08-26/0/map3-0.2-data-2026.08.27-16.25.10.504.jpk-force-map,2026-08-27T16:25:10.504000,17,3,0.2,linear_drift_corrected,220.0,1.7806285131995385,-1.472954165491912,4.723380887370419,64
27-08-26/0/map3-0.2-data-2026.08.27-16.25.10.504.jpk-force-map,2026-08-27T16:25:10.504000,17,3,0.2,linear_drift_corrected,225.0,0.9500977199753062,-1.1896173460923511,3.913194402205625,64
27-08-26/0/map3-0.2-data-2026.08.27-16.25.10.504.jpk-force-map,2026-08-27T16:25:10.504000,17,3,0.2,linear_drift_corrected,230.0,0.7753898631962033,-1.8822961190030771,3.23518095878415,64
27-08-26/0/map3-0.2-data-2026.08.27-16.25.10.504.jpk-force-map,2026-08-27T16:25:10.504000,17,3,0.2,linear_drift_corrected,235.0,1.3970717556538466,-0.8677602584677176,3.7656196031474822,64
27-08-26/0/map3-0.2-data-2026.08.27-16.25.10.504.jpk-force-map,2026-08-27T16:25:10.504000,17,3,0.2,linear_drift_corrected,240.0,0.6030337796627965,-0.556872460005079,2.8182773567105786,64
27-08-26/0/map3-0.2-data-2026.08.27-16.25.10.504.jpk-force-map,2026-08-27T16:25:10.504000,17,3,0.2,linear_drift_corrected,245.0,0.973041946761008,-1.80586841072883,3.4207082085435525,64
27-08-26/0/map3-0.2-data-2026.08.27-16.25.10.504.jpk-force-map,2026-08-27T16:25:10.504000,17,3,0.2,linear_drift_corrected,250.0,0.6077007376815022,-1.7128462350500597,2.0731516958042824,64
27-08-26/0/map3-0.2-data-2026.08.27-16.25.10.504.jpk-force-map,2026-08-27T16:25:10.504000,17,3,0.2,linear_drift_corrected,255.0,-0.2667567534859828,-2.2994596520191393,2.494827106803701,64
27-08-26/0/map3-0.2-data-2026.08.27-16.25.10.504.jpk-force-map,2026-08-27T16:25:10.504000,17,3,0.2,linear_drift_corrected,260.0,0.46403367754886593,-0.9448892516877868,2.162867533592949,64
27-08-26/0/map3-0.2-data-2026.08.27-16.25.10.504.jpk-force-map,2026-08-27T16:25:10.504000,17,3,0.2,linear_drift_corrected,265.0,0.12176224328896391,-0.9707239949384319,1.7497289455565792,64
27-08-26/0/map3-0.2-data-2026.08.27-16.25.10.504.jpk-force-map,2026-08-27T16:25:10.504000,17,3,0.2,linear_drift_corrected,270.0,0.19691554353435725,-1.1738000329301825,1.480657760924144,64
27-08-26/0/map3-0.2-data-2026.08.27-16.25.10.504.jpk-force-map,2026-08-27T16:25:10.504000,17,3,0.2,linear_drift_corrected,275.0,0.14450409222094146,-0.6215744807713577,2.045538891645731,64
27-08-26/0/map3-0.2-data-2026.08.27-16.25.10.504.jpk-force-map,2026-08-27T16:25:10.504000,17,3,0.2,linear_drift_corrected,280.0,0.3153151256365335,-0.9733250317934872,1.853041977365934,64
27-08-26/0/map3-0.2-data-2026.08.27-16.25.10.504.jpk-force-map,2026-08-27T16:25:10.504000,17,3,0.2,linear_drift_corrected,285.0,-0.028274329487323467,-1.352614339113119,0.9690170214686784,64
27-08-26/0/map3-0.2-data-2026.08.27-16.25.10.504.jpk-force-map,2026-08-27T16:25:10.504000,17,3,0.2,linear_drift_corrected,290.0,0.6921153405817895,-1.2629081505081345,1.2931967655407584,64
27-08-26/0/map3-0.2-data-2026.08.27-16.25.10.504.jpk-force-map,2026-08-27T16:25:10.504000,17,3,0.2,linear_drift_corrected,295.0,-0.3920602012947578,-1.5117939250389718,0.9756704676966618,64
27-08-26/0/map3-0.2-data-2026.08.27-16.25.10.504.jpk-force-map,2026-08-27T16:25:10.504000,17,3,0.2,linear_drift_corrected,300.0,-0.45653866889375616,-1.6078849634900627,0.6926303270798322,64
27-08-26/0/map3-0.2-data-2026.08.27-16.25.10.504.jpk-force-map,2026-08-27T16:25:10.504000,17,3,0.2,linear_drift_corrected,305.0,0.2025781343773791,-0.9939428220723148,1.576593475814706,64
27-08-26/0/map3-0.2-data-2026.08.27-16.25.10.504.jpk-force-map,2026-08-27T16:25:10.504000,17,3,0.2,linear_drift_corrected,310.0,-0.07093515276454186,-1.6625529614250012,0.9641463837387559,64
27-08-26/0/map3-0.2-data-2026.08.27-16.25.10.504.jpk-force-map,2026-08-27T16:25:10.504000,17,3,0.2,linear_drift_corrected,315.0,-0.372614274895841,-1.7245410597285562,0.8467843016564787,64
27-08-26/0/map3-0.2-data-2026.08.27-16.25.10.504.jpk-force-map,2026-08-27T16:25:10.504000,17,3,0.2,linear_drift_corrected,320.0,0.12397706926497953,-1.4246680568544265,1.4528606526535133,64
27-08-26/0/map3-0.2-data-2026.08.27-16.25.10.504.jpk-force-map,2026-08-27T16:25:10.504000,17,3,0.2,linear_drift_corrected,325.0,0.419540509427184,-1.163593920006131,1.8344603367808192,64
27-08-26/0/map3-0.2-data-2026.08.27-16.25.10.504.jpk-force-map,2026-08-27T16:25:10.504000,17,3,0.2,linear_drift_corrected,330.0,-0.27358378762066704,-2.161402267558101,1.4852239803826746,64
27-08-26/0/map3-0.2-data-2026.08.27-16.25.10.504.jpk-force-map,2026-08-27T16:25:10.504000,17,3,0.2,linear_drift_corrected,335.0,0.029672125780513304,-1.278645996423375,1.2264726394995702,64
27-08-26/0/map3-0.2-data-2026.08.27-16.25.10.504.jpk-force-map,2026-08-27T16:25:10.504000,17,3,0.2,linear_drift_corrected,340.0,0.8465591795089011,-0.9192082929503977,1.5780127646571513,64
27-08-26/0/map3-0.2-data-2026.08.27-16.25.10.504.jpk-force-map,2026-08-27T16:25:10.504000,17,3,0.2,linear_drift_corrected,345.0,-0.1425998937093373,-1.9524656122033697,1.844779108989855,64
27-08-26/0/map3-0.2-data-2026.08.27-16.25.10.504.jpk-force-map,2026-08-27T16:25:10.504000,17,3,0.2,linear_drift_corrected,350.0,0.4410942702741084,-0.9964134239886001,1.2621308173928674,64
27-08-26/0/map3-0.2-data-2026.08.27-16.25.10.504.jpk-force-map,2026-08-27T16:25:10.504000,17,3,0.2,linear_drift_corrected,355.0,-0.3785167737832775,-1.74072067896713,0.926421368372941,64
27-08-26/0/map3-0.2-data-2026.08.27-16.25.10.504.jpk-force-map,2026-08-27T16:25:10.504000,17,3,0.2,linear_drift_corrected,360.0,-0.16936729116737279,-0.9948752162649198,1.6682756904022478,62
27-08-26/0/map3-0.2-data-2026.08.27-16.25.10.504.jpk-force-map,2026-08-27T16:25:10.504000,17,3,0.2,linear_drift_corrected,365.0,0.6133493863758952,-1.3305919511210167,1.9978256363587374,59
27-08-26/0/map3-0.2-data-2026.08.27-16.25.10.504.jpk-force-map,2026-08-27T16:25:10.504000,17,3,0.2,linear_drift_corrected,370.0,3.176627882916834,-1.5267688744480237,8.334966744088694,13
27-08-26/0/map3-0.2-data-2026.08.27-16.25.10.504.jpk-force-map,2026-08-27T16:25:10.504000,17,3,0.2,far_constant_referenced,5.0,6779.286076650091,6030.069282157539,7060.378138819659,64
27-08-26/0/map3-0.2-data-2026.08.27-16.25.10.504.jpk-force-map,2026-08-27T16:25:10.504000,17,3,0.2,far_constant_referenced,10.0,4608.677836186674,4228.820676403947,4809.636245928221,64
27-08-26/0/map3-0.2-data-2026.08.27-16.25.10.504.jpk-force-map,2026-08-27T16:25:10.504000,17,3,0.2,far_constant_referenced,15.0,3252.097899771191,3036.00652701108,3383.9837664919987,64
27-08-26/0/map3-0.2-data-2026.08.27-16.25.10.504.jpk-force-map,2026-08-27T16:25:10.504000,17,3,0.2,far_constant_referenced,20.0,2399.242157375076,2242.3676956573736,2482.5663543211544,64
27-08-26/0/map3-0.2-data-2026.08.27-16.25.10.504.jpk-force-map,2026-08-27T16:25:10.504000,17,3,0.2,far_constant_referenced,25.0,1790.714569057937,1683.6944239646696,1860.3236571452633,64
27-08-26/0/map3-0.2-data-2026.08.27-16.25.10.504.jpk-force-map,2026-08-27T16:25:10.504000,17,3,0.2,far_constant_referenced,30.0,1365.4392191827649,1281.4054567378726,1413.763296164466,64
27-08-26/0/map3-0.2-data-2026.08.27-16.25.10.504.jpk-force-map,2026-08-27T16:25:10.504000,17,3,0.2,far_constant_referenced,35.0,1047.85079098589,992.8803633965158,1087.4727075170324,64
27-08-26/0/map3-0.2-data-2026.08.27-16.25.10.504.jpk-force-map,2026-08-27T16:25:10.504000,17,3,0.2,far_constant_referenced,40.0,819.0115229207497,768.987606601678,843.2467954838183,64
27-08-26/0/map3-0.2-data-2026.08.27-16.25.10.504.jpk-force-map,2026-08-27T16:25:10.504000,17,3,0.2,far_constant_referenced,45.0,638.1304613846369,599.8520217258349,656.920970867732,64
27-08-26/0/map3-0.2-data-2026.08.27-16.25.10.504.jpk-force-map,2026-08-27T16:25:10.504000,17,3,0.2,far_constant_referenced,50.0,496.13672485966026,470.40012857630205,514.6579344004285,64
27-08-26/0/map3-0.2-data-2026.08.27-16.25.10.504.jpk-force-map,2026-08-27T16:25:10.504000,17,3,0.2,far_constant_referenced,55.0,387.9604239098174,363.6349056376762,400.6280031468354,64
27-08-26/0/map3-0.2-data-2026.08.27-16.25.10.504.jpk-force-map,2026-08-27T16:25:10.504000,17,3,0.2,far_constant_referenced,60.0,304.4226624767716,284.1295702519126,314.8737581634183,64
27-08-26/0/map3-0.2-data-2026.08.27-16.25.10.504.jpk-force-map,2026-08-27T16:25:10.504000,17,3,0.2,far_constant_referenced,65.0,235.7203905450861,223.33690475271808,245.8097551090947,64
27-08-26/0/map3-0.2-data-2026.08.27-16.25.10.504.jpk-force-map,2026-08-27T16:25:10.504000,17,3,0.2,far_constant_referenced,70.0,183.86284010187765,177.20794358900875,191.40342258922888,64
27-08-26/0/map3-0.2-data-2026.08.27-16.25.10.504.jpk-force-map,2026-08-27T16:25:10.504000,17,3,0.2,far_constant_referenced,75.0,144.90012821057752,136.60595604427573,150.3402174702668,64
27-08-26/0/map3-0.2-data-2026.08.27-16.25.10.504.jpk-force-map,2026-08-27T16:25:10.504000,17,3,0.2,far_constant_referenced,80.0,112.7800911340132,107.17142364994035,119.02854344556528,64
27-08-26/0/map3-0.2-data-2026.08.27-16.25.10.504.jpk-force-map,2026-08-27T16:25:10.504000,17,3,0.2,far_constant_referenced,85.0,88.63439913659653,83.12080559017471,93.46927914910508,64
27-08-26/0/map3-0.2-data-2026.08.27-16.25.10.504.jpk-force-map,2026-08-27T16:25:10.504000,17,3,0.2,far_constant_referenced,90.0,69.1085201532448,64.6927398833819,73.6704775672976,64
27-08-26/0/map3-0.2-data-2026.08.27-16.25.10.504.jpk-force-map,2026-08-27T16:25:10.504000,17,3,0.2,far_constant_referenced,95.0,54.88116177909059,49.91565234984364,58.421696450659084,64
27-08-26/0/map3-0.2-data-2026.08.27-16.25.10.504.jpk-force-map,2026-08-27T16:25:10.504000,17,3,0.2,far_constant_referenced,100.0,42.340048873653444,40.19115458459741,45.31088820566485,64
27-08-26/0/map3-0.2-data-2026.08.27-16.25.10.504.jpk-force-map,2026-08-27T16:25:10.504000,17,3,0.2,far_constant_referenced,105.0,34.445521004951175,31.23288422328924,36.95198333148673,64
27-08-26/0/map3-0.2-data-2026.08.27-16.25.10.504.jpk-force-map,2026-08-27T16:25:10.504000,17,3,0.2,far_constant_referenced,110.0,27.11145961084771,23.10657168892564,29.921518337323874,64
27-08-26/0/map3-0.2-data-2026.08.27-16.25.10.504.jpk-force-map,2026-08-27T16:25:10.504000,17,3,0.2,far_constant_referenced,115.0,21.76719851393782,19.50398269950405,24.552450954102063,64
27-08-26/0/map3-0.2-data-2026.08.27-16.25.10.504.jpk-force-map,2026-08-27T16:25:10.504000,17,3,0.2,far_constant_referenced,120.0,16.632136900298928,14.435340407414792,20.189715872014602,64
27-08-26/0/map3-0.2-data-2026.08.27-16.25.10.504.jpk-force-map,2026-08-27T16:25:10.504000,17,3,0.2,far_constant_referenced,125.0,14.259463421748647,11.97411377224548,16.575694730055147,64
27-08-26/0/map3-0.2-data-2026.08.27-16.25.10.504.jpk-force-map,2026-08-27T16:25:10.504000,17,3,0.2,far_constant_referenced,130.0,10.570304828408158,8.839084974668673,13.50587374279784,64
27-08-26/0/map3-0.2-data-2026.08.27-16.25.10.504.jpk-force-map,2026-08-27T16:25:10.504000,17,3,0.2,far_constant_referenced,135.0,8.59849903624855,6.6969787117690895,11.372521242413093,64
27-08-26/0/map3-0.2-data-2026.08.27-16.25.10.504.jpk-force-map,2026-08-27T16:25:10.504000,17,3,0.2,far_constant_referenced,140.0,7.546194634960711,5.706704873212544,9.267449214955548,64
27-08-26/0/map3-0.2-data-2026.08.27-16.25.10.504.jpk-force-map,2026-08-27T16:25:10.504000,17,3,0.2,far_constant_referenced,145.0,6.103201617126327,3.4901797513771644,8.189340812225266,64
27-08-26/0/map3-0.2-data-2026.08.27-16.25.10.504.jpk-force-map,2026-08-27T16:25:10.504000,17,3,0.2,far_constant_referenced,150.0,5.043592515775416,3.1204431525724505,6.957020095235521,64
27-08-26/0/map3-0.2-data-2026.08.27-16.25.10.504.jpk-force-map,2026-08-27T16:25:10.504000,17,3,0.2,far_constant_referenced,155.0,3.9100337191513432,1.1909571105345527,6.7631723596579505,64
27-08-26/0/map3-0.2-data-2026.08.27-16.25.10.504.jpk-force-map,2026-08-27T16:25:10.504000,17,3,0.2,far_constant_referenced,160.0,3.361753622218605,0.359058671395126,5.291477215478277,64
27-08-26/0/map3-0.2-data-2026.08.27-16.25.10.504.jpk-force-map,2026-08-27T16:25:10.504000,17,3,0.2,far_constant_referenced,165.0,2.582371819386708,0.9012515182752636,5.079112362179881,64
27-08-26/0/map3-0.2-data-2026.08.27-16.25.10.504.jpk-force-map,2026-08-27T16:25:10.504000,17,3,0.2,far_constant_referenced,170.0,2.6125170694032462,0.12696518914591506,5.509181032481217,64
27-08-26/0/map3-0.2-data-2026.08.27-16.25.10.504.jpk-force-map,2026-08-27T16:25:10.504000,17,3,0.2,far_constant_referenced,175.0,2.144992510241458,0.1002050440367126,4.46711508884283,64
27-08-26/0/map3-0.2-data-2026.08.27-16.25.10.504.jpk-force-map,2026-08-27T16:25:10.504000,17,3,0.2,far_constant_referenced,180.0,1.9392018870000065,0.05597300658122077,3.5512482316609333,64
27-08-26/0/map3-0.2-data-2026.08.27-16.25.10.504.jpk-force-map,2026-08-27T16:25:10.504000,17,3,0.2,far_constant_referenced,185.0,1.379234269966527,-0.7808368040640857,4.113638871154744,64
27-08-26/0/map3-0.2-data-2026.08.27-16.25.10.504.jpk-force-map,2026-08-27T16:25:10.504000,17,3,0.2,far_constant_referenced,190.0,1.3145490723342799,-0.904410949521913,3.2924302369856084,64
27-08-26/0/map3-0.2-data-2026.08.27-16.25.10.504.jpk-force-map,2026-08-27T16:25:10.504000,17,3,0.2,far_constant_referenced,195.0,1.388950114928369,-0.5392828444158191,3.2666499906650737,64
27-08-26/0/map3-0.2-data-2026.08.27-16.25.10.504.jpk-force-map,2026-08-27T16:25:10.504000,17,3,0.2,far_constant_referenced,200.0,0.9161044084036424,-1.4755553515304123,3.0800475673455194,64
27-08-26/0/map3-0.2-data-2026.08.27-16.25.10.504.jpk-force-map,2026-08-27T16:25:10.504000,17,3,0.2,far_constant_referenced,205.0,0.4947954393972742,-1.605703727045095,2.644135136993518,64
27-08-26/0/map3-0.2-data-2026.08.27-16.25.10.504.jpk-force-map,2026-08-27T16:25:10.504000,17,3,0.2,far_constant_referenced,210.0,-0.4709334191911534,-1.7866999415359062,1.5998540282141653,64
27-08-26/0/map3-0.2-data-2026.08.27-16.25.10.504.jpk-force-map,2026-08-27T16:25:10.504000,17,3,0.2,far_constant_referenced,215.0,0.5993654871301684,-1.9095258006459113,2.78231868257776,64
27-08-26/0/map3-0.2-data-2026.08.27-16.25.10.504.jpk-force-map,2026-08-27T16:25:10.504000,17,3,0.2,far_constant_referenced,220.0,-0.061787072729135833,-2.2291806631641595,2.65828725101843,64
27-08-26/0/map3-0.2-data-2026.08.27-16.25.10.504.jpk-force-map,2026-08-27T16:25:10.504000,17,3,0.2,far_constant_referenced,225.0,-0.5254276694180671,-2.0776229838057274,1.1792933455559895,64
27-08-26/0/map3-0.2-data-2026.08.27-16.25.10.504.jpk-force-map,2026-08-27T16:25:10.504000,17,3,0.2,far_constant_referenced,230.0,-0.7696659578699954,-2.7840112350315023,1.6838165074761946,64
27-08-26/0/map3-0.2-data-2026.08.27-16.25.10.504.jpk-force-map,2026-08-27T16:25:10.504000,17,3,0.2,far_constant_referenced,235.0,-0.0865874202604397,-1.9387089682152372,1.5120729130653858,64
27-08-26/0/map3-0.2-data-2026.08.27-16.25.10.504.jpk-force-map,2026-08-27T16:25:10.504000,17,3,0.2,far_constant_referenced,240.0,-0.17464765809440513,-1.745591702644064,1.3395929098675479,64
27-08-26/0/map3-0.2-data-2026.08.27-16.25.10.504.jpk-force-map,2026-08-27T16:25:10.504000,17,3,0.2,far_constant_referenced,245.0,-0.24908433337182,-2.2180038781895544,1.4894224040891788,64
27-08-26/0/map3-0.2-data-2026.08.27-16.25.10.504.jpk-force-map,2026-08-27T16:25:10.504000,17,3,0.2,far_constant_referenced,250.0,-1.2065464094497833,-3.357851843404381,1.5898828156889298,64
27-08-26/0/map3-0.2-data-2026.08.27-16.25.10.504.jpk-force-map,2026-08-27T16:25:10.504000,17,3,0.2,far_constant_referenced,255.0,-1.4405343626912899,-3.1705486439811232,0.7582100502098932,64
27-08-26/0/map3-0.2-data-2026.08.27-16.25.10.504.jpk-force-map,2026-08-27T16:25:10.504000,17,3,0.2,far_constant_referenced,260.0,-0.7185568125504179,-2.8426507540747066,1.2145400080555024,64
27-08-26/0/map3-0.2-data-2026.08.27-16.25.10.504.jpk-force-map,2026-08-27T16:25:10.504000,17,3,0.2,far_constant_referenced,265.0,-0.9506087233359959,-2.3731782748962122,0.7453347740011647,64
27-08-26/0/map3-0.2-data-2026.08.27-16.25.10.504.jpk-force-map,2026-08-27T16:25:10.504000,17,3,0.2,far_constant_referenced,270.0,-0.9087997083405683,-2.0513320023590573,0.7995677178842734,64
27-08-26/0/map3-0.2-data-2026.08.27-16.25.10.504.jpk-force-map,2026-08-27T16:25:10.504000,17,3,0.2,far_constant_referenced,275.0,-0.38433412136974354,-1.490627976538637,0.6373321111168015,64
27-08-26/0/map3-0.2-data-2026.08.27-16.25.10.504.jpk-force-map,2026-08-27T16:25:10.504000,17,3,0.2,far_constant_referenced,280.0,-0.0710396928089308,-1.9781424709949853,1.385559071240459,64
27-08-26/0/map3-0.2-data-2026.08.27-16.25.10.504.jpk-force-map,2026-08-27T16:25:10.504000,17,3,0.2,far_constant_referenced,285.0,-0.7185805676725362,-2.011951948604209,1.134045776628282,64
27-08-26/0/map3-0.2-data-2026.08.27-16.25.10.504.jpk-force-map,2026-08-27T16:25:10.504000,17,3,0.2,far_constant_referenced,290.0,-0.08561346025193103,-1.6395191434348628,1.2911799709129874,64
27-08-26/0/map3-0.2-data-2026.08.27-16.25.10.504.jpk-force-map,2026-08-27T16:25:10.504000,17,3,0.2,far_constant_referenced,295.0,-0.6110411296701166,-1.8633339656126986,0.5273815282155397,64
27-08-26/0/map3-0.2-data-2026.08.27-16.25.10.504.jpk-force-map,2026-08-27T16:25:10.504000,17,3,0.2,far_constant_referenced,300.0,-0.7847267053172797,-2.234513688088305,0.23693952716936922,64
27-08-26/0/map3-0.2-data-2026.08.27-16.25.10.504.jpk-force-map,2026-08-27T16:25:10.504000,17,3,0.2,far_constant_referenced,305.0,-0.12454810546648404,-1.4215540200881196,1.6212573932771037,64
27-08-26/0/map3-0.2-data-2026.08.27-16.25.10.504.jpk-force-map,2026-08-27T16:25:10.504000,17,3,0.2,far_constant_referenced,310.0,-0.19315289825432103,-1.7786588326859802,0.9929641061409142,64
27-08-26/0/map3-0.2-data-2026.08.27-16.25.10.504.jpk-force-map,2026-08-27T16:25:10.504000,17,3,0.2,far_constant_referenced,315.0,-0.3439622912647533,-1.7616204713191792,0.7363078275817599,64
27-08-26/0/map3-0.2-data-2026.08.27-16.25.10.504.jpk-force-map,2026-08-27T16:25:10.504000,17,3,0.2,far_constant_referenced,320.0,0.2276928458698519,-1.2826518820586887,1.444691509068507,64
27-08-26/0/map3-0.2-data-2026.08.27-16.25.10.504.jpk-force-map,2026-08-27T16:25:10.504000,17,3,0.2,far_constant_referenced,325.0,0.17756953811957546,-1.2834061071871736,2.01850242353862,64
27-08-26/0/map3-0.2-data-2026.08.27-16.25.10.504.jpk-force-map,2026-08-27T16:25:10.504000,17,3,0.2,far_constant_referenced,330.0,-0.19751196316995823,-2.045013139865403,1.6859663460314247,64
27-08-26/0/map3-0.2-data-2026.08.27-16.25.10.504.jpk-force-map,2026-08-27T16:25:10.504000,17,3,0.2,far_constant_referenced,335.0,0.2948129435229262,-0.9102547095726241,1.615930307133458,64
27-08-26/0/map3-0.2-data-2026.08.27-16.25.10.504.jpk-force-map,2026-08-27T16:25:10.504000,17,3,0.2,far_constant_referenced,340.0,0.8523575380966968,-0.730018658990709,2.3748767661303214,64
27-08-26/0/map3-0.2-data-2026.08.27-16.25.10.504.jpk-force-map,2026-08-27T16:25:10.504000,17,3,0.2,far_constant_referenced,345.0,0.49427282670990175,-1.2595619033225083,2.5568291242880377,64
27-08-26/0/map3-0.2-data-2026.08.27-16.25.10.504.jpk-force-map,2026-08-27T16:25:10.504000,17,3,0.2,far_constant_referenced,350.0,0.9783665835757365,-0.6088734747731052,1.9939574435704874,64
27-08-26/0/map3-0.2-data-2026.08.27-16.25.10.504.jpk-force-map,2026-08-27T16:25:10.504000,17,3,0.2,far_constant_referenced,355.0,0.1167564253991853,-0.9871084685294551,2.0618258275717545,64
27-08-26/0/map3-0.2-data-2026.08.27-16.25.10.504.jpk-force-map,2026-08-27T16:25:10.504000,17,3,0.2,far_constant_referenced,360.0,1.372927285033843,-0.0980076952369793,2.7368395012092215,62
27-08-26/0/map3-0.2-data-2026.08.27-16.25.10.504.jpk-force-map,2026-08-27T16:25:10.504000,17,3,0.2,far_constant_referenced,365.0,1.6405287361265786,-1.0153295536511537,3.242087194355486,59
27-08-26/0/map3-0.2-data-2026.08.27-16.25.10.504.jpk-force-map,2026-08-27T16:25:10.504000,17,3,0.2,far_constant_referenced,370.0,2.365368778487266,0.12067602055474547,8.948768312445807,13
27-08-26/0/map3-0.05-data-2026.08.27-16.29.39.734.jpk-force-map,2026-08-27T16:29:39.734000,18,3,0.05,linear_drift_corrected,5.0,6529.481235281765,5959.290411086366,6880.864437340015,64
27-08-26/0/map3-0.05-data-2026.08.27-16.29.39.734.jpk-force-map,2026-08-27T16:29:39.734000,18,3,0.05,linear_drift_corrected,10.0,4399.697411855926,4101.4291234139855,4608.050178418894,64
27-08-26/0/map3-0.05-data-2026.08.27-16.29.39.734.jpk-force-map,2026-08-27T16:29:39.734000,18,3,0.05,linear_drift_corrected,15.0,3082.1631622422397,2876.6957914351087,3184.1190011040812,64
27-08-26/0/map3-0.05-data-2026.08.27-16.29.39.734.jpk-force-map,2026-08-27T16:29:39.734000,18,3,0.05,linear_drift_corrected,20.0,2246.0651391760775,2091.7553475315826,2319.774163635547,64
27-08-26/0/map3-0.05-data-2026.08.27-16.29.39.734.jpk-force-map,2026-08-27T16:29:39.734000,18,3,0.05,linear_drift_corrected,25.0,1650.9315201984896,1544.0961221458747,1719.1169060822294,64
27-08-26/0/map3-0.05-data-2026.08.27-16.29.39.734.jpk-force-map,2026-08-27T16:29:39.734000,18,3,0.05,linear_drift_corrected,30.0,1234.5885117640591,1148.485447925746,1298.4571674367976,64
27-08-26/0/map3-0.05-data-2026.08.27-16.29.39.734.jpk-force-map,2026-08-27T16:29:39.734000,18,3,0.05,linear_drift_corrected,35.0,940.5161712123463,869.4560947802396,994.8357458127687,64
27-08-26/0/map3-0.05-data-2026.08.27-16.29.39.734.jpk-force-map,2026-08-27T16:29:39.734000,18,3,0.05,linear_drift_corrected,40.0,723.8284347563575,660.1094176317239,758.0671531814785,64
27-08-26/0/map3-0.05-data-2026.08.27-16.29.39.734.jpk-force-map,2026-08-27T16:29:39.734000,18,3,0.05,linear_drift_corrected,45.0,553.4352642273759,507.3065787384841,589.0393237974832,64
27-08-26/0/map3-0.05-data-2026.08.27-16.29.39.734.jpk-force-map,2026-08-27T16:29:39.734000,18,3,0.05,linear_drift_corrected,50.0,425.709420030895,388.1190349709741,456.3681201984447,64
27-08-26/0/map3-0.05-data-2026.08.27-16.29.39.734.jpk-force-map,2026-08-27T16:29:39.734000,18,3,0.05,linear_drift_corrected,55.0,328.71229157909636,293.8418177785637,353.6302592318878,64
27-08-26/0/map3-0.05-data-2026.08.27-16.29.39.734.jpk-force-map,2026-08-27T16:29:39.734000,18,3,0.05,linear_drift_corrected,60.0,255.52048927931565,226.0475637991582,273.1155481595208,64
27-08-26/0/map3-0.05-data-2026.08.27-16.29.39.734.jpk-force-map,2026-08-27T16:29:39.734000,18,3,0.05,linear_drift_corrected,65.0,196.56557331178226,177.73296975406163,213.0440876121574,64
27-08-26/0/map3-0.05-data-2026.08.27-16.29.39.734.jpk-force-map,2026-08-27T16:29:39.734000,18,3,0.05,linear_drift_corrected,70.0,152.29736718689688,136.12150877172084,167.228530451168,64
27-08-26/0/map3-0.05-data-2026.08.27-16.29.39.734.jpk-force-map,2026-08-27T16:29:39.734000,18,3,0.05,linear_drift_corrected,75.0,118.34926457857233,104.81587264074736,130.1547388028005,64
27-08-26/0/map3-0.05-data-2026.08.27-16.29.39.734.jpk-force-map,2026-08-27T16:29:39.734000,18,3,0.05,linear_drift_corrected,80.0,92.9671172814381,81.70688245151618,103.84602062710104,64
27-08-26/0/map3-0.05-data-2026.08.27-16.29.39.734.jpk-force-map,2026-08-27T16:29:39.734000,18,3,0.05,linear_drift_corrected,85.0,73.15543069123967,62.792619977318566,80.90221770386394,64
27-08-26/0/map3-0.05-data-2026.08.27-16.29.39.734.jpk-force-map,2026-08-27T16:29:39.734000,18,3,0.05,linear_drift_corrected,90.0,57.22304185068312,48.66280628324283,65.32152511301841,64
27-08-26/0/map3-0.05-data-2026.08.27-16.29.39.734.jpk-force-map,2026-08-27T16:29:39.734000,18,3,0.05,linear_drift_corrected,95.0,45.39132800890848,39.56898857966413,52.10435055980178,64
27-08-26/0/map3-0.05-data-2026.08.27-16.29.39.734.jpk-force-map,2026-08-27T16:29:39.734000,18,3,0.05,linear_drift_corrected,100.0,35.899092555903195,30.27097109344423,42.971190044182705,64
27-08-26/0/map3-0.05-data-2026.08.27-16.29.39.734.jpk-force-map,2026-08-27T16:29:39.734000,18,3,0.05,linear_drift_corrected,105.0,30.050177259770305,25.369270029090455,35.10359892754599,64
27-08-26/0/map3-0.05-data-2026.08.27-16.29.39.734.jpk-force-map,2026-08-27T16:29:39.734000,18,3,0.05,linear_drift_corrected,110.0,24.235593584297124,20.154205076887017,28.668177476679592,64
27-08-26/0/map3-0.05-data-2026.08.27-16.29.39.734.jpk-force-map,2026-08-27T16:29:39.734000,18,3,0.05,linear_drift_corrected,115.0,20.129415920843165,15.336883011898742,24.839206625116027,64
27-08-26/0/map3-0.05-data-2026.08.27-16.29.39.734.jpk-force-map,2026-08-27T16:29:39.734000,18,3,0.05,linear_drift_corrected,120.0,17.168816671856966,13.468780405846086,21.002394955760863,64
27-08-26/0/map3-0.05-data-2026.08.27-16.29.39.734.jpk-force-map,2026-08-27T16:29:39.734000,18,3,0.05,linear_drift_corrected,125.0,13.65845924038154,9.771527074413697,18.83107698359193,64
27-08-26/0/map3-0.05-data-2026.08.27-16.29.39.734.jpk-force-map,2026-08-27T16:29:39.734000,18,3,0.05,linear_drift_corrected,130.0,12.482607288225156,7.934226374342297,16.875611684490266,64
27-08-26/0/map3-0.05-data-2026.08.27-16.29.39.734.jpk-force-map,2026-08-27T16:29:39.734000,18,3,0.05,linear_drift_corrected,135.0,10.927682915461785,6.14424984554829,14.407157161587538,64
27-08-26/0/map3-0.05-data-2026.08.27-16.29.39.734.jpk-force-map,2026-08-27T16:29:39.734000,18,3,0.05,linear_drift_corrected,140.0,9.013574911152851,5.765204842785857,14.051668102986877,64
27-08-26/0/map3-0.05-data-2026.08.27-16.29.39.734.jpk-force-map,2026-08-27T16:29:39.734000,18,3,0.05,linear_drift_corrected,145.0,8.042918331127437,5.126595230300077,12.774334635702976,64
27-08-26/0/map3-0.05-data-2026.08.27-16.29.39.734.jpk-force-map,2026-08-27T16:29:39.734000,18,3,0.05,linear_drift_corrected,150.0,8.273200781580748,4.222929705817115,13.26371915908749,64
27-08-26/0/map3-0.05-data-2026.08.27-16.29.39.734.jpk-force-map,2026-08-27T16:29:39.734000,18,3,0.05,linear_drift_corrected,155.0,8.060395743351638,3.173433884212484,12.453104567738297,64
27-08-26/0/map3-0.05-data-2026.08.27-16.29.39.734.jpk-force-map,2026-08-27T16:29:39.734000,18,3,0.05,linear_drift_corrected,160.0,5.891938259288075,3.3027593576103236,11.762682159509472,64
27-08-26/0/map3-0.05-data-2026.08.27-16.29.39.734.jpk-force-map,2026-08-27T16:29:39.734000,18,3,0.05,linear_drift_corrected,165.0,5.603365196858304,1.846130937098678,12.00303158564453,64
27-08-26/0/map3-0.05-data-2026.08.27-16.29.39.734.jpk-force-map,2026-08-27T16:29:39.734000,18,3,0.05,linear_drift_corrected,170.0,4.928231119627055,0.49594647245297374,10.563540700409266,64
27-08-26/0/map3-0.05-data-2026.08.27-16.29.39.734.jpk-force-map,2026-08-27T16:29:39.734000,18,3,0.05,linear_drift_corrected,175.0,4.937564248038594,0.6333660956441217,9.838982025867082,64
27-08-26/0/map3-0.05-data-2026.08.27-16.29.39.734.jpk-force-map,2026-08-27T16:29:39.734000,18,3,0.05,linear_drift_corrected,180.0,4.533233197546481,0.6218035617262736,9.07565400830929,64
27-08-26/0/map3-0.05-data-2026.08.27-16.29.39.734.jpk-force-map,2026-08-27T16:29:39.734000,18,3,0.05,linear_drift_corrected,185.0,3.3364156446024853,0.5741863044967386,8.673404698729462,64
27-08-26/0/map3-0.05-data-2026.08.27-16.29.39.734.jpk-force-map,2026-08-27T16:29:39.734000,18,3,0.05,linear_drift_corrected,190.0,3.1089095014498787,0.4704582788576889,7.847419405807609,64
27-08-26/0/map3-0.05-data-2026.08.27-16.29.39.734.jpk-force-map,2026-08-27T16:29:39.734000,18,3,0.05,linear_drift_corrected,195.0,3.4088012884703898,0.5544524022134799,8.24577581838005,64
27-08-26/0/map3-0.05-data-2026.08.27-16.29.39.734.jpk-force-map,2026-08-27T16:29:39.734000,18,3,0.05,linear_drift_corrected,200.0,2.224143447177256,-0.16625177504659366,7.420970086938207,64
27-08-26/0/map3-0.05-data-2026.08.27-16.29.39.734.jpk-force-map,2026-08-27T16:29:39.734000,18,3,0.05,linear_drift_corrected,205.0,2.4526389666607047,0.3199266671495136,5.680517122568819,64
27-08-26/0/map3-0.05-data-2026.08.27-16.29.39.734.jpk-force-map,2026-08-27T16:29:39.734000,18,3,0.05,linear_drift_corrected,210.0,1.916067025946567,-0.41922066280802567,5.91241747205042,64
27-08-26/0/map3-0.05-data-2026.08.27-16.29.39.734.jpk-force-map,2026-08-27T16:29:39.734000,18,3,0.05,linear_drift_corrected,215.0,2.70723597699141,-1.1536554267288608,6.217904207186787,64
27-08-26/0/map3-0.05-data-2026.08.27-16.29.39.734.jpk-force-map,2026-08-27T16:29:39.734000,18,3,0.05,linear_drift_corrected,220.0,2.3221479724932284,-1.308343095490435,6.093788497201464,64
27-08-26/0/map3-0.05-data-2026.08.27-16.29.39.734.jpk-force-map,2026-08-27T16:29:39.734000,18,3,0.05,linear_drift_corrected,225.0,2.2237991395796253,-0.49747847170202164,4.881950359199826,64
27-08-26/0/map3-0.05-data-2026.08.27-16.29.39.734.jpk-force-map,2026-08-27T16:29:39.734000,18,3,0.05,linear_drift_corrected,230.0,1.4959322721217696,-1.0593667527435697,3.6913214891948813,64
27-08-26/0/map3-0.05-data-2026.08.27-16.29.39.734.jpk-force-map,2026-08-27T16:29:39.734000,18,3,0.05,linear_drift_corrected,235.0,0.947009658912243,-1.9760606209496063,4.182936013641811,64
27-08-26/0/map3-0.05-data-2026.08.27-16.29.39.734.jpk-force-map,2026-08-27T16:29:39.734000,18,3,0.05,linear_drift_corrected,240.0,1.2116958668005997,-1.8481657861048064,3.9832348094614796,64
27-08-26/0/map3-0.05-data-2026.08.27-16.29.39.734.jpk-force-map,2026-08-27T16:29:39.734000,18,3,0.05,linear_drift_corrected,245.0,1.7886692241747864,-2.1097724392758366,3.1243154288488144,64
27-08-26/0/map3-0.05-data-2026.08.27-16.29.39.734.jpk-force-map,2026-08-27T16:29:39.734000,18,3,0.05,linear_drift_corrected,250.0,0.7645418779611262,-1.4677085916615946,2.6601456138115966,64
27-08-26/0/map3-0.05-data-2026.08.27-16.29.39.734.jpk-force-map,2026-08-27T16:29:39.734000,18,3,0.05,linear_drift_corrected,255.0,0.7999783126650628,-1.8955932889105074,2.5268648763145087,64
27-08-26/0/map3-0.05-data-2026.08.27-16.29.39.734.jpk-force-map,2026-08-27T16:29:39.734000,18,3,0.05,linear_drift_corrected,260.0,0.33970007700908567,-1.3145778967286728,2.3514507366743045,64
27-08-26/0/map3-0.05-data-2026.08.27-16.29.39.734.jpk-force-map,2026-08-27T16:29:39.734000,18,3,0.05,linear_drift_corrected,265.0,-0.09594241174651504,-1.227679391229341,1.752198862261431,64
27-08-26/0/map3-0.05-data-2026.08.27-16.29.39.734.jpk-force-map,2026-08-27T16:29:39.734000,18,3,0.05,linear_drift_corrected,270.0,0.5538632971186201,-0.7073215985948202,1.657005578738876,64
27-08-26/0/map3-0.05-data-2026.08.27-16.29.39.734.jpk-force-map,2026-08-27T16:29:39.734000,18,3,0.05,linear_drift_corrected,275.0,-0.010678209724835738,-1.503849684506649,0.8298129826903881,64
27-08-26/0/map3-0.05-data-2026.08.27-16.29.39.734.jpk-force-map,2026-08-27T16:29:39.734000,18,3,0.05,linear_drift_corrected,280.0,-0.01889368737513432,-1.3324543680612808,0.8366041772132153,64
27-08-26/0/map3-0.05-data-2026.08.27-16.29.39.734.jpk-force-map,2026-08-27T16:29:39.734000,18,3,0.05,linear_drift_corrected,285.0,-0.07397732842512356,-1.0477739082826896,1.2901010217860904,64
27-08-26/0/map3-0.05-data-2026.08.27-16.29.39.734.jpk-force-map,2026-08-27T16:29:39.734000,18,3,0.05,linear_drift_corrected,290.0,0.07568373583661639,-1.072600803533952,0.9946382637651798,64
27-08-26/0/map3-0.05-data-2026.08.27-16.29.39.734.jpk-force-map,2026-08-27T16:29:39.734000,18,3,0.05,linear_drift_corrected,295.0,0.3054235015573685,-0.704226529984714,1.0832062132878033,64
27-08-26/0/map3-0.05-data-2026.08.27-16.29.39.734.jpk-force-map,2026-08-27T16:29:39.734000,18,3,0.05,linear_drift_corrected,300.0,-0.34039413112972416,-1.4146560490007494,0.9975025005832365,64
27-08-26/0/map3-0.05-data-2026.08.27-16.29.39.734.jpk-force-map,2026-08-27T16:29:39.734000,18,3,0.05,linear_drift_corrected,305.0,0.23115034614268753,-1.3026102807509845,1.0859477255774797,64
27-08-26/0/map3-0.05-data-2026.08.27-16.29.39.734.jpk-force-map,2026-08-27T16:29:39.734000,18,3,0.05,linear_drift_corrected,310.0,0.3543977585012982,-0.8198401844707179,1.0720285396513693,64
27-08-26/0/map3-0.05-data-2026.08.27-16.29.39.734.jpk-force-map,2026-08-27T16:29:39.734000,18,3,0.05,linear_drift_corrected,315.0,0.07676583401066744,-1.459596124086564,1.1997890067807206,64
27-08-26/0/map3-0.05-data-2026.08.27-16.29.39.734.jpk-force-map,2026-08-27T16:29:39.734000,18,3,0.05,linear_drift_corrected,320.0,-0.31655480688746046,-1.4472626761690894,1.0382536648171576,64
27-08-26/0/map3-0.05-data-2026.08.27-16.29.39.734.jpk-force-map,2026-08-27T16:29:39.734000,18,3,0.05,linear_drift_corrected,325.0,-0.25994457275373994,-1.5423878570777187,1.1444106230553976,64
27-08-26/0/map3-0.05-data-2026.08.27-16.29.39.734.jpk-force-map,2026-08-27T16:29:39.734000,18,3,0.05,linear_drift_corrected,330.0,0.0639906206220625,-1.0826140723418116,1.5647495220457674,64
27-08-26/0/map3-0.05-data-2026.08.27-16.29.39.734.jpk-force-map,2026-08-27T16:29:39.734000,18,3,0.05,linear_drift_corrected,335.0,0.20485101929934707,-1.0949914821837687,1.1414908676044606,64
27-08-26/0/map3-0.05-data-2026.08.27-16.29.39.734.jpk-force-map,2026-08-27T16:29:39.734000,18,3,0.05,linear_drift_corrected,340.0,-0.060581593599116204,-1.1423854352526344,0.9096283465560906,64
27-08-26/0/map3-0.05-data-2026.08.27-16.29.39.734.jpk-force-map,2026-08-27T16:29:39.734000,18,3,0.05,linear_drift_corrected,345.0,0.04289375292537818,-1.0986545544927595,1.0517481613022823,64
27-08-26/0/map3-0.05-data-2026.08.27-16.29.39.734.jpk-force-map,2026-08-27T16:29:39.734000,18,3,0.05,linear_drift_corrected,350.0,0.21517339969074822,-0.7196211476513763,1.0628146529406888,64
27-08-26/0/map3-0.05-data-2026.08.27-16.29.39.734.jpk-force-map,2026-08-27T16:29:39.734000,18,3,0.05,linear_drift_corrected,355.0,-0.2205125727486333,-1.1721221402772282,0.9818659582858579,64
27-08-26/0/map3-0.05-data-2026.08.27-16.29.39.734.jpk-force-map,2026-08-27T16:29:39.734000,18,3,0.05,linear_drift_corrected,360.0,-0.07223995437439105,-0.9555746274544623,0.7233964740621133,61
27-08-26/0/map3-0.05-data-2026.08.27-16.29.39.734.jpk-force-map,2026-08-27T16:29:39.734000,18,3,0.05,linear_drift_corrected,365.0,0.504218922024654,-0.8316934941373596,2.206294239460865,57
27-08-26/0/map3-0.05-data-2026.08.27-16.29.39.734.jpk-force-map,2026-08-27T16:29:39.734000,18,3,0.05,linear_drift_corrected,370.0,2.2989784347251483,-0.6071180174450371,4.657648982545972,25
27-08-26/0/map3-0.05-data-2026.08.27-16.29.39.734.jpk-force-map,2026-08-27T16:29:39.734000,18,3,0.05,far_constant_referenced,5.0,6525.569898294874,5963.29868173913,6874.13774950041,64
27-08-26/0/map3-0.05-data-2026.08.27-16.29.39.734.jpk-force-map,2026-08-27T16:29:39.734000,18,3,0.05,far_constant_referenced,10.0,4386.505169970844,4105.5829153532295,4597.427190598484,64
27-08-26/0/map3-0.05-data-2026.08.27-16.29.39.734.jpk-force-map,2026-08-27T16:29:39.734000,18,3,0.05,far_constant_referenced,15.0,3067.5398303867205,2869.091327464422,3171.822393631211,64
27-08-26/0/map3-0.05-data-2026.08.27-16.29.39.734.jpk-force-map,2026-08-27T16:29:39.734000,18,3,0.05,far_constant_referenced,20.0,2233.6699655370967,2081.1027706912455,2311.37500117389,64
27-08-26/0/map3-0.05-data-2026.08.27-16.29.39.734.jpk-force-map,2026-08-27T16:29:39.734000,18,3,0.05,far_constant_referenced,25.0,1640.1656272068421,1528.2933143109165,1717.5026247360647,64
27-08-26/0/map3-0.05-data-2026.08.27-16.29.39.734.jpk-force-map,2026-08-27T16:29:39.734000,18,3,0.05,far_constant_referenced,30.0,1230.4954090357778,1138.0057079814787,1289.3381828430022,64
27-08-26/0/map3-0.05-data-2026.08.27-16.29.39.734.jpk-force-map,2026-08-27T16:29:39.734000,18,3,0.05,far_constant_referenced,35.0,939.918704569377,861.6045400902475,988.9729664959236,64
27-08-26/0/map3-0.05-data-2026.08.27-16.29.39.734.jpk-force-map,2026-08-27T16:29:39.734000,18,3,0.05,far_constant_referenced,40.0,722.8513941869304,650.5441043045823,751.5055708184254,64
27-08-26/0/map3-0.05-data-2026.08.27-16.29.39.734.jpk-force-map,2026-08-27T16:29:39.734000,18,3,0.05,far_constant_referenced,45.0,553.4027227398454,499.3605384262966,582.4361023863244,64
27-08-26/0/map3-0.05-data-2026.08.27-16.29.39.734.jpk-force-map,2026-08-27T16:29:39.734000,18,3,0.05,far_constant_referenced,50.0,422.26872345163156,378.734581791319,449.30137544472524,64
27-08-26/0/map3-0.05-data-2026.08.27-16.29.39.734.jpk-force-map,2026-08-27T16:29:39.734000,18,3,0.05,far_constant_referenced,55.0,325.29273692490904,291.35851523047364,348.6863179997292,64
27-08-26/0/map3-0.05-data-2026.08.27-16.29.39.734.jpk-force-map,2026-08-27T16:29:39.734000,18,3,0.05,far_constant_referenced,60.0,250.74220334708048,221.3181232064937,272.1430325507793,64
27-08-26/0/map3-0.05-data-2026.08.27-16.29.39.734.jpk-force-map,2026-08-27T16:29:39.734000,18,3,0.05,far_constant_referenced,65.0,194.60535768835922,171.74231163422067,210.6478746403927,64
27-08-26/0/map3-0.05-data-2026.08.27-16.29.39.734.jpk-force-map,2026-08-27T16:29:39.734000,18,3,0.05,far_constant_referenced,70.0,149.65523852288464,132.433446041637,166.22462626800734,64
27-08-26/0/map3-0.05-data-2026.08.27-16.29.39.734.jpk-force-map,2026-08-27T16:29:39.734000,18,3,0.05,far_constant_referenced,75.0,115.53566154904262,102.41950840156342,126.96461902291912,64
27-08-26/0/map3-0.05-data-2026.08.27-16.29.39.734.jpk-force-map,2026-08-27T16:29:39.734000,18,3,0.05,far_constant_referenced,80.0,89.44296410699764,79.7041004316274,99.60799467385527,64
27-08-26/0/map3-0.05-data-2026.08.27-16.29.39.734.jpk-force-map,2026-08-27T16:29:39.734000,18,3,0.05,far_constant_referenced,85.0,69.00390259526768,62.79733056407734,78.19276986612965,64
27-08-26/0/map3-0.05-data-2026.08.27-16.29.39.734.jpk-force-map,2026-08-27T16:29:39.734000,18,3,0.05,far_constant_referenced,90.0,52.95459761707792,49.187587549650104,61.10380415041982,64
27-08-26/0/map3-0.05-data-2026.08.27-16.29.39.734.jpk-force-map,2026-08-27T16:29:39.734000,18,3,0.05,far_constant_referenced,95.0,42.516632574203484,38.857880537223494,47.3311069367797,64
27-08-26/0/map3-0.05-data-2026.08.27-16.29.39.734.jpk-force-map,2026-08-27T16:29:39.734000,18,3,0.05,far_constant_referenced,100.0,34.73254226840673,30.692870908867025,38.007001755480864,64
27-08-26/0/map3-0.05-data-2026.08.27-16.29.39.734.jpk-force-map,2026-08-27T16:29:39.734000,18,3,0.05,far_constant_referenced,105.0,27.60770411269663,24.54490870281735,31.80135617405493,64
27-08-26/0/map3-0.05-data-2026.08.27-16.29.39.734.jpk-force-map,2026-08-27T16:29:39.734000,18,3,0.05,far_constant_referenced,110.0,22.429823891370653,19.529264088259183,26.81880838344125,64
27-08-26/0/map3-0.05-data-2026.08.27-16.29.39.734.jpk-force-map,2026-08-27T16:29:39.734000,18,3,0.05,far_constant_referenced,115.0,18.703666695271835,15.103524483432187,21.115292635378182,64
27-08-26/0/map3-0.05-data-2026.08.27-16.29.39.734.jpk-force-map,2026-08-27T16:29:39.734000,18,3,0.05,far_constant_referenced,120.0,15.620216206677288,12.148529817898922,18.949864781301393,64
27-08-26/0/map3-0.05-data-2026.08.27-16.29.39.734.jpk-force-map,2026-08-27T16:29:39.734000,18,3,0.05,far_constant_referenced,125.0,13.287427578227476,10.334101710025788,16.03300302560993,64
27-08-26/0/map3-0.05-data-2026.08.27-16.29.39.734.jpk-force-map,2026-08-27T16:29:39.734000,18,3,0.05,far_constant_referenced,130.0,11.349674753679084,8.883085399682994,13.10257115638637,64
27-08-26/0/map3-0.05-data-2026.08.27-16.29.39.734.jpk-force-map,2026-08-27T16:29:39.734000,18,3,0.05,far_constant_referenced,135.0,9.121990663210925,6.956052074007646,11.991858848496456,64
27-08-26/0/map3-0.05-data-2026.08.27-16.29.39.734.jpk-force-map,2026-08-27T16:29:39.734000,18,3,0.05,far_constant_referenced,140.0,7.834213613546907,5.903712040036808,10.573238585994536,64
27-08-26/0/map3-0.05-data-2026.08.27-16.29.39.734.jpk-force-map,2026-08-27T16:29:39.734000,18,3,0.05,far_constant_referenced,145.0,7.239694171336689,5.084207835882459,9.78823869677251,64
27-08-26/0/map3-0.05-data-2026.08.27-16.29.39.734.jpk-force-map,2026-08-27T16:29:39.734000,18,3,0.05,far_constant_referenced,150.0,6.480254793554938,3.804008670186349,8.561524188611894,64
27-08-26/0/map3-0.05-data-2026.08.27-16.29.39.734.jpk-force-map,2026-08-27T16:29:39.734000,18,3,0.05,far_constant_referenced,155.0,5.909098513985646,3.259582841823627,9.131955936955364,64
27-08-26/0/map3-0.05-data-2026.08.27-16.29.39.734.jpk-force-map,2026-08-27T16:29:39.734000,18,3,0.05,far_constant_referenced,160.0,5.066955678416282,2.535663310446519,7.898655321176774,64
27-08-26/0/map3-0.05-data-2026.08.27-16.29.39.734.jpk-force-map,2026-08-27T16:29:39.734000,18,3,0.05,far_constant_referenced,165.0,4.707920762143157,1.727347768827953,7.253062366330128,64
27-08-26/0/map3-0.05-data-2026.08.27-16.29.39.734.jpk-force-map,2026-08-27T16:29:39.734000,18,3,0.05,far_constant_referenced,170.0,4.197577595294433,2.2223629431052507,6.265686652676708,64
27-08-26/0/map3-0.05-data-2026.08.27-16.29.39.734.jpk-force-map,2026-08-27T16:29:39.734000,18,3,0.05,far_constant_referenced,175.0,3.933385004231032,1.8611188004716581,6.895013287626657,64
27-08-26/0/map3-0.05-data-2026.08.27-16.29.39.734.jpk-force-map,2026-08-27T16:29:39.734000,18,3,0.05,far_constant_referenced,180.0,3.549537862865632,0.642908626043045,6.181777622439416,64
27-08-26/0/map3-0.05-data-2026.08.27-16.29.39.734.jpk-force-map,2026-08-27T16:29:39.734000,18,3,0.05,far_constant_referenced,185.0,3.112194186403708,0.28437256733520255,5.7969327659433,64
27-08-26/0/map3-0.05-data-2026.08.27-16.29.39.734.jpk-force-map,2026-08-27T16:29:39.734000,18,3,0.05,far_constant_referenced,190.0,2.3663783711791004,0.45244599537290037,5.196106338800516,64
27-08-26/0/map3-0.05-data-2026.08.27-16.29.39.734.jpk-force-map,2026-08-27T16:29:39.734000,18,3,0.05,far_constant_referenced,195.0,2.8236763502521995,-0.015090441350006114,5.261314149120225,64
27-08-26/0/map3-0.05-data-2026.08.27-16.29.39.734.jpk-force-map,2026-08-27T16:29:39.734000,18,3,0.05,far_constant_referenced,200.0,2.063274890023384,-0.8358061567341648,4.694059648364949,64
27-08-26/0/map3-0.05-data-2026.08.27-16.29.39.734.jpk-force-map,2026-08-27T16:29:39.734000,18,3,0.05,far_constant_referenced,205.0,1.9542982671304678,-0.05572357779841587,3.7222672948459494,64
27-08-26/0/map3-0.05-data-2026.08.27-16.29.39.734.jpk-force-map,2026-08-27T16:29:39.734000,18,3,0.05,far_constant_referenced,210.0,1.7183505163111517,-0.3877607977409495,3.8944859916998644,64
27-08-26/0/map3-0.05-data-2026.08.27-16.29.39.734.jpk-force-map,2026-08-27T16:29:39.734000,18,3,0.05,far_constant_referenced,215.0,1.8141668015294456,-0.43837702427581726,4.195124878931765,64
27-08-26/0/map3-0.05-data-2026.08.27-16.29.39.734.jpk-force-map,2026-08-27T16:29:39.734000,18,3,0.05,far_constant_referenced,220.0,0.9199883708762326,-0.7810624777245353,3.757513957345699,64
27-08-26/0/map3-0.05-data-2026.08.27-16.29.39.734.jpk-force-map,2026-08-27T16:29:39.734000,18,3,0.05,far_constant_referenced,225.0,1.084896428886618,-1.2332649830952642,3.822216971319431,64
27-08-26/0/map3-0.05-data-2026.08.27-16.29.39.734.jpk-force-map,2026-08-27T16:29:39.734000,18,3,0.05,far_constant_referenced,230.0,0.5064473268151041,-0.9647311434578599,2.5828766157325065,64
27-08-26/0/map3-0.05-data-2026.08.27-16.29.39.734.jpk-force-map,2026-08-27T16:29:39.734000,18,3,0.05,far_constant_referenced,235.0,-0.22281116826669406,-1.5830769731910506,3.1917263353837306,64
27-08-26/0/map3-0.05-data-2026.08.27-16.29.39.734.jpk-force-map,2026-08-27T16:29:39.734000,18,3,0.05,far_constant_referenced,240.0,0.15421825304003473,-2.1360011965052905,2.8842400341901104,64
27-08-26/0/map3-0.05-data-2026.08.27-16.29.39.734.jpk-force-map,2026-08-27T16:29:39.734000,18,3,0.05,far_constant_referenced,245.0,-0.003883962472590201,-1.9406509494514437,2.5553800618364524,64
27-08-26/0/map3-0.05-data-2026.08.27-16.29.39.734.jpk-force-map,2026-08-27T16:29:39.734000,18,3,0.05,far_constant_referenced,250.0,-0.23838265084026194,-2.185376217907656,1.5750714970243909,64
27-08-26/0/map3-0.05-data-2026.08.27-16.29.39.734.jpk-force-map,2026-08-27T16:29:39.734000,18,3,0.05,far_constant_referenced,255.0,-0.6490136924371904,-1.9591502508309928,1.991516604768968,64
27-08-26/0/map3-0.05-data-2026.08.27-16.29.39.734.jpk-force-map,2026-08-27T16:29:39.734000,18,3,0.05,far_constant_referenced,260.0,-0.09972400281276556,-1.8141430464071497,1.8299877128856408,64
27-08-26/0/map3-0.05-data-2026.08.27-16.29.39.734.jpk-force-map,2026-08-27T16:29:39.734000,18,3,0.05,far_constant_referenced,265.0,-0.1250113303484719,-1.4145225039297613,0.8506412305208217,64
27-08-26/0/map3-0.05-data-2026.08.27-16.29.39.734.jpk-force-map,2026-08-27T16:29:39.734000,18,3,0.05,far_constant_referenced,270.0,-0.07247687769936806,-1.478732599118754,1.272924159535669,64
27-08-26/0/map3-0.05-data-2026.08.27-16.29.39.734.jpk-force-map,2026-08-27T16:29:39.734000,18,3,0.05,far_constant_referenced,275.0,-0.3025927460292547,-2.3704820685315364,0.9978279674024981,64
27-08-26/0/map3-0.05-data-2026.08.27-16.29.39.734.jpk-force-map,2026-08-27T16:29:39.734000,18,3,0.05,far_constant_referenced,280.0,-0.6451059748424226,-1.511354320620108,0.739479136389676,64
27-08-26/0/map3-0.05-data-2026.08.27-16.29.39.734.jpk-force-map,2026-08-27T16:29:39.734000,18,3,0.05,far_constant_referenced,285.0,-0.07738231042470348,-1.7232025000116469,1.2094385955723799,64
27-08-26/0/map3-0.05-data-2026.08.27-16.29.39.734.jpk-force-map,2026-08-27T16:29:39.734000,18,3,0.05,far_constant_referenced,290.0,-0.23399983080241754,-1.3014065510013502,1.214795375618496,64
27-08-26/0/map3-0.05-data-2026.08.27-16.29.39.734.jpk-force-map,2026-08-27T16:29:39.734000,18,3,0.05,far_constant_referenced,295.0,0.2510203758274522,-1.6915844324214937,1.0822299164245304,64
27-08-26/0/map3-0.05-data-2026.08.27-16.29.39.734.jpk-force-map,2026-08-27T16:29:39.734000,18,3,0.05,far_constant_referenced,300.0,-0.32644288867434595,-1.4573114177141826,0.6648049098906931,64
27-08-26/0/map3-0.05-data-2026.08.27-16.29.39.734.jpk-force-map,2026-08-27T16:29:39.734000,18,3,0.05,far_constant_referenced,305.0,-0.046690692598466824,-1.2332768606564122,1.0926881089537392,64
27-08-26/0/map3-0.05-data-2026.08.27-16.29.39.734.jpk-force-map,2026-08-27T16:29:39.734000,18,3,0.05,far_constant_referenced,310.0,0.22622002829626686,-1.0221413349297255,1.0318809350137748,64
27-08-26/0/map3-0.05-data-2026.08.27-16.29.39.734.jpk-force-map,2026-08-27T16:29:39.734000,18,3,0.05,far_constant_referenced,315.0,0.08661117538255797,-1.5483054131344367,1.121871276523006,64
27-08-26/0/map3-0.05-data-2026.08.27-16.29.39.734.jpk-force-map,2026-08-27T16:29:39.734000,18,3,0.05,far_constant_referenced,320.0,-0.49087584424129915,-1.2683275433983157,1.024113010068535,64
27-08-26/0/map3-0.05-data-2026.08.27-16.29.39.734.jpk-force-map,2026-08-27T16:29:39.734000,18,3,0.05,far_constant_referenced,325.0,-0.10848964288875074,-1.4490327576426296,1.191699458102038,64
27-08-26/0/map3-0.05-data-2026.08.27-16.29.39.734.jpk-force-map,2026-08-27T16:29:39.734000,18,3,0.05,far_constant_referenced,330.0,0.17369745320819255,-1.0184949236785847,1.6105735270871346,64
27-08-26/0/map3-0.05-data-2026.08.27-16.29.39.734.jpk-force-map,2026-08-27T16:29:39.734000,18,3,0.05,far_constant_referenced,335.0,0.4120801040484545,-1.3437144235619134,1.541238264293049,64
27-08-26/0/map3-0.05-data-2026.08.27-16.29.39.734.jpk-force-map,2026-08-27T16:29:39.734000,18,3,0.05,far_constant_referenced,340.0,-0.04136954523555789,-0.9396813671438106,1.2982589973154932,64
27-08-26/0/map3-0.05-data-2026.08.27-16.29.39.734.jpk-force-map,2026-08-27T16:29:39.734000,18,3,0.05,far_constant_referenced,345.0,0.20190666076895067,-1.485069277954101,1.6555716672321998,64
27-08-26/0/map3-0.05-data-2026.08.27-16.29.39.734.jpk-force-map,2026-08-27T16:29:39.734000,18,3,0.05,far_constant_referenced,350.0,0.4408000467356741,-0.7287596375164848,1.6519371335421182,64
27-08-26/0/map3-0.05-data-2026.08.27-16.29.39.734.jpk-force-map,2026-08-27T16:29:39.734000,18,3,0.05,far_constant_referenced,355.0,-0.24616245334641262,-1.307957025935791,1.8817857567475667,64
27-08-26/0/map3-0.05-data-2026.08.27-16.29.39.734.jpk-force-map,2026-08-27T16:29:39.734000,18,3,0.05,far_constant_referenced,360.0,-0.12554582059687386,-0.9846498133861245,1.3485782848234975,61
27-08-26/0/map3-0.05-data-2026.08.27-16.29.39.734.jpk-force-map,2026-08-27T16:29:39.734000,18,3,0.05,far_constant_referenced,365.0,1.4595147052941047,-1.0138686136388948,2.82657447515537,57
27-08-26/0/map3-0.05-data-2026.08.27-16.29.39.734.jpk-force-map,2026-08-27T16:29:39.734000,18,3,0.05,far_constant_referenced,370.0,2.562940129462668,-0.7190200374324058,5.948995241647619,25
27-08-26/0/map4-0.2-data-2026.08.27-16.47.00.630.jpk-force-map,2026-08-27T16:47:00.630000,19,4,0.2,linear_drift_corrected,5.0,6912.432091867706,6669.654242324482,7243.202523227326,64
27-08-26/0/map4-0.2-data-2026.08.27-16.47.00.630.jpk-force-map,2026-08-27T16:47:00.630000,19,4,0.2,linear_drift_corrected,10.0,4339.095594148195,4199.918869304112,4575.4412081644605,64
27-08-26/0/map4-0.2-data-2026.08.27-16.47.00.630.jpk-force-map,2026-08-27T16:47:00.630000,19,4,0.2,linear_drift_corrected,15.0,2931.2814402910326,2832.09405189841,3066.489600690777,64
27-08-26/0/map4-0.2-data-2026.08.27-16.47.00.630.jpk-force-map,2026-08-27T16:47:00.630000,19,4,0.2,linear_drift_corrected,20.0,2056.6464208172965,2003.5451193318488,2146.4696083333715,64
27-08-26/0/map4-0.2-data-2026.08.27-16.47.00.630.jpk-force-map,2026-08-27T16:47:00.630000,19,4,0.2,linear_drift_corrected,25.0,1494.7704494031086,1458.2140112353318,1546.500788264596,64
27-08-26/0/map4-0.2-data-2026.08.27-16.47.00.630.jpk-force-map,2026-08-27T16:47:00.630000,19,4,0.2,linear_drift_corrected,30.0,1094.2216641607508,1070.2601679471418,1138.5298278981443,64
27-08-26/0/map4-0.2-data-2026.08.27-16.47.00.630.jpk-force-map,2026-08-27T16:47:00.630000,19,4,0.2,linear_drift_corrected,35.0,817.9636310578807,791.6006359229052,846.2622444654938,64
27-08-26/0/map4-0.2-data-2026.08.27-16.47.00.630.jpk-force-map,2026-08-27T16:47:00.630000,19,4,0.2,linear_drift_corrected,40.0,610.0356776913609,592.8315017672173,632.9131041809596,64
27-08-26/0/map4-0.2-data-2026.08.27-16.47.00.630.jpk-force-map,2026-08-27T16:47:00.630000,19,4,0.2,linear_drift_corrected,45.0,458.7068043986134,442.1889273224866,476.51656589992217,64
27-08-26/0/map4-0.2-data-2026.08.27-16.47.00.630.jpk-force-map,2026-08-27T16:47:00.630000,19,4,0.2,linear_drift_corrected,50.0,345.1436078665281,332.5248467381183,359.9963177871632,64
27-08-26/0/map4-0.2-data-2026.08.27-16.47.00.630.jpk-force-map,2026-08-27T16:47:00.630000,19,4,0.2,linear_drift_corrected,55.0,261.8936973571174,247.60955773395006,271.82322365004643,64
27-08-26/0/map4-0.2-data-2026.08.27-16.47.00.630.jpk-force-map,2026-08-27T16:47:00.630000,19,4,0.2,linear_drift_corrected,60.0,196.07815788915823,186.28858766310486,204.9899307548644,64
27-08-26/0/map4-0.2-data-2026.08.27-16.47.00.630.jpk-force-map,2026-08-27T16:47:00.630000,19,4,0.2,linear_drift_corrected,65.0,147.4376294351696,138.95947097633643,155.68811938104676,64
27-08-26/0/map4-0.2-data-2026.08.27-16.47.00.630.jpk-force-map,2026-08-27T16:47:00.630000,19,4,0.2,linear_drift_corrected,70.0,112.75415997709604,103.185870079013,118.4587874305862,64
27-08-26/0/map4-0.2-data-2026.08.27-16.47.00.630.jpk-force-map,2026-08-27T16:47:00.630000,19,4,0.2,linear_drift_corrected,75.0,86.49663983150242,78.21901875986514,89.97333350090445,64
27-08-26/0/map4-0.2-data-2026.08.27-16.47.00.630.jpk-force-map,2026-08-27T16:47:00.630000,19,4,0.2,linear_drift_corrected,80.0,65.86111710499583,57.29774383641823,70.27210423699931,64
27-08-26/0/map4-0.2-data-2026.08.27-16.47.00.630.jpk-force-map,2026-08-27T16:47:00.630000,19,4,0.2,linear_drift_corrected,85.0,51.25045880278231,42.72134366282795,54.930059479394444,64
27-08-26/0/map4-0.2-data-2026.08.27-16.47.00.630.jpk-force-map,2026-08-27T16:47:00.630000,19,4,0.2,linear_drift_corrected,90.0,38.218604238382625,32.90111755379828,44.58088039426869,64
27-08-26/0/map4-0.2-data-2026.08.27-16.47.00.630.jpk-force-map,2026-08-27T16:47:00.630000,19,4,0.2,linear_drift_corrected,95.0,30.073897489594685,23.869775261039017,35.12217915033132,64
27-08-26/0/map4-0.2-data-2026.08.27-16.47.00.630.jpk-force-map,2026-08-27T16:47:00.630000,19,4,0.2,linear_drift_corrected,100.0,23.653616810090103,18.117851971799375,29.99520468797793,64
27-08-26/0/map4-0.2-data-2026.08.27-16.47.00.630.jpk-force-map,2026-08-27T16:47:00.630000,19,4,0.2,linear_drift_corrected,105.0,18.746772684159794,12.957402240193744,23.679355240550745,64
27-08-26/0/map4-0.2-data-2026.08.27-16.47.00.630.jpk-force-map,2026-08-27T16:47:00.630000,19,4,0.2,linear_drift_corrected,110.0,14.168764454758497,10.54390504363273,20.736413074195266,64
27-08-26/0/map4-0.2-data-2026.08.27-16.47.00.630.jpk-force-map,2026-08-27T16:47:00.630000,19,4,0.2,linear_drift_corrected,115.0,12.442376295542417,6.757813345261631,17.61911729230298,64
27-08-26/0/map4-0.2-data-2026.08.27-16.47.00.630.jpk-force-map,2026-08-27T16:47:00.630000,19,4,0.2,linear_drift_corrected,120.0,10.002099114217664,6.28935709739007,16.839674025346177,64
27-08-26/0/map4-0.2-data-2026.08.27-16.47.00.630.jpk-force-map,2026-08-27T16:47:00.630000,19,4,0.2,linear_drift_corrected,125.0,9.323735766015911,3.5719050222485786,15.002331271489465,64
27-08-26/0/map4-0.2-data-2026.08.27-16.47.00.630.jpk-force-map,2026-08-27T16:47:00.630000,19,4,0.2,linear_drift_corrected,130.0,9.005263087176786,4.513094373757618,12.929316070338363,64
27-08-26/0/map4-0.2-data-2026.08.27-16.47.00.630.jpk-force-map,2026-08-27T16:47:00.630000,19,4,0.2,linear_drift_corrected,135.0,8.013750638822259,2.481061005755767,12.168255120438605,64
27-08-26/0/map4-0.2-data-2026.08.27-16.47.00.630.jpk-force-map,2026-08-27T16:47:00.630000,19,4,0.2,linear_drift_corrected,140.0,7.443319829762586,2.470676768996711,11.927298924241281,64
27-08-26/0/map4-0.2-data-2026.08.27-16.47.00.630.jpk-force-map,2026-08-27T16:47:00.630000,19,4,0.2,linear_drift_corrected,145.0,6.334509423437316,1.1601072580928606,11.111742317550307,64
27-08-26/0/map4-0.2-data-2026.08.27-16.47.00.630.jpk-force-map,2026-08-27T16:47:00.630000,19,4,0.2,linear_drift_corrected,150.0,5.884324851889722,1.723644744157249,9.619263641074198,64
27-08-26/0/map4-0.2-data-2026.08.27-16.47.00.630.jpk-force-map,2026-08-27T16:47:00.630000,19,4,0.2,linear_drift_corrected,155.0,4.847026475352464,0.7053061439581463,10.090321741616435,64
27-08-26/0/map4-0.2-data-2026.08.27-16.47.00.630.jpk-force-map,2026-08-27T16:47:00.630000,19,4,0.2,linear_drift_corrected,160.0,3.8521829237157617,0.9096901554073678,9.735837279768685,64
27-08-26/0/map4-0.2-data-2026.08.27-16.47.00.630.jpk-force-map,2026-08-27T16:47:00.630000,19,4,0.2,linear_drift_corrected,165.0,3.6051441124811516,0.9454414468626087,8.5855709688837,64
27-08-26/0/map4-0.2-data-2026.08.27-16.47.00.630.jpk-force-map,2026-08-27T16:47:00.630000,19,4,0.2,linear_drift_corrected,170.0,3.4378292107978776,0.46311817037801595,7.704296493915943,64
27-08-26/0/map4-0.2-data-2026.08.27-16.47.00.630.jpk-force-map,2026-08-27T16:47:00.630000,19,4,0.2,linear_drift_corrected,175.0,2.4844808990378326,-0.7622736113319194,8.652753774825062,64
27-08-26/0/map4-0.2-data-2026.08.27-16.47.00.630.jpk-force-map,2026-08-27T16:47:00.630000,19,4,0.2,linear_drift_corrected,180.0,3.741365180511377,0.26311091835695144,7.259080716199075,64
27-08-26/0/map4-0.2-data-2026.08.27-16.47.00.630.jpk-force-map,2026-08-27T16:47:00.630000,19,4,0.2,linear_drift_corrected,185.0,2.1904000031159763,-1.1163787462742016,6.9673226221609905,64
27-08-26/0/map4-0.2-data-2026.08.27-16.47.00.630.jpk-force-map,2026-08-27T16:47:00.630000,19,4,0.2,linear_drift_corrected,190.0,2.7535874512662386,-0.4973722137390775,7.3021009897613105,64
27-08-26/0/map4-0.2-data-2026.08.27-16.47.00.630.jpk-force-map,2026-08-27T16:47:00.630000,19,4,0.2,linear_drift_corrected,195.0,2.024139191784329,-0.7826740895328278,6.030820098954983,64
27-08-26/0/map4-0.2-data-2026.08.27-16.47.00.630.jpk-force-map,2026-08-27T16:47:00.630000,19,4,0.2,linear_drift_corrected,200.0,1.7666271628848116,-1.602858127417416,5.6756510860527705,64
27-08-26/0/map4-0.2-data-2026.08.27-16.47.00.630.jpk-force-map,2026-08-27T16:47:00.630000,19,4,0.2,linear_drift_corrected,205.0,1.7477549347356116,-1.1590120831604904,5.9457427082933885,64
27-08-26/0/map4-0.2-data-2026.08.27-16.47.00.630.jpk-force-map,2026-08-27T16:47:00.630000,19,4,0.2,linear_drift_corrected,210.0,2.287582327703004,-1.0462342319231464,5.212709363852056,64
27-08-26/0/map4-0.2-data-2026.08.27-16.47.00.630.jpk-force-map,2026-08-27T16:47:00.630000,19,4,0.2,linear_drift_corrected,215.0,2.051391281595275,-2.408618278046905,5.344771520531701,64
27-08-26/0/map4-0.2-data-2026.08.27-16.47.00.630.jpk-force-map,2026-08-27T16:47:00.630000,19,4,0.2,linear_drift_corrected,220.0,1.4491324959536414,-2.0908442713157602,5.767876877549155,64
27-08-26/0/map4-0.2-data-2026.08.27-16.47.00.630.jpk-force-map,2026-08-27T16:47:00.630000,19,4,0.2,linear_drift_corrected,225.0,2.1651574444397674,-1.2368510998951265,4.619704602559867,64
27-08-26/0/map4-0.2-data-2026.08.27-16.47.00.630.jpk-force-map,2026-08-27T16:47:00.630000,19,4,0.2,linear_drift_corrected,230.0,1.4738635880544855,-1.51088567695929,3.974688647936996,64
27-08-26/0/map4-0.2-data-2026.08.27-16.47.00.630.jpk-force-map,2026-08-27T16:47:00.630000,19,4,0.2,linear_drift_corrected,235.0,0.7490813538324452,-1.7827555833719535,4.305420575814681,64
27-08-26/0/map4-0.2-data-2026.08.27-16.47.00.630.jpk-force-map,2026-08-27T16:47:00.630000,19,4,0.2,linear_drift_corrected,240.0,0.7384300029765072,-2.0112463648476138,3.9923769776651734,64
27-08-26/0/map4-0.2-data-2026.08.27-16.47.00.630.jpk-force-map,2026-08-27T16:47:00.630000,19,4,0.2,linear_drift_corrected,245.0,0.8352767633130292,-1.204958802454171,2.9986803319094966,64
27-08-26/0/map4-0.2-data-2026.08.27-16.47.00.630.jpk-force-map,2026-08-27T16:47:00.630000,19,4,0.2,linear_drift_corrected,250.0,0.5148059757886174,-2.412840820995544,2.584723937154052,64
27-08-26/0/map4-0.2-data-2026.08.27-16.47.00.630.jpk-force-map,2026-08-27T16:47:00.630000,19,4,0.2,linear_drift_corrected,255.0,0.4147088940541086,-1.2485080375827524,3.188591664749438,64
27-08-26/0/map4-0.2-data-2026.08.27-16.47.00.630.jpk-force-map,2026-08-27T16:47:00.630000,19,4,0.2,linear_drift_corrected,260.0,0.6250907424846825,-1.3904944074015377,2.9769754244773026,64
27-08-26/0/map4-0.2-data-2026.08.27-16.47.00.630.jpk-force-map,2026-08-27T16:47:00.630000,19,4,0.2,linear_drift_corrected,265.0,0.3451361551343025,-2.0063538089801143,2.002458687157055,64
27-08-26/0/map4-0.2-data-2026.08.27-16.47.00.630.jpk-force-map,2026-08-27T16:47:00.630000,19,4,0.2,linear_drift_corrected,270.0,-0.26994479291102813,-1.5177101576297463,1.4413097769808254,64
27-08-26/0/map4-0.2-data-2026.08.27-16.47.00.630.jpk-force-map,2026-08-27T16:47:00.630000,19,4,0.2,linear_drift_corrected,275.0,0.5859285322295418,-0.995090368699519,1.9911589912334557,64
27-08-26/0/map4-0.2-data-2026.08.27-16.47.00.630.jpk-force-map,2026-08-27T16:47:00.630000,19,4,0.2,linear_drift_corrected,280.0,-0.29625488467051087,-1.9858113911350066,1.1334629398211895,64
27-08-26/0/map4-0.2-data-2026.08.27-16.47.00.630.jpk-force-map,2026-08-27T16:47:00.630000,19,4,0.2,linear_drift_corrected,285.0,0.2778241702688744,-1.3298212164558703,1.4062157719453272,64
27-08-26/0/map4-0.2-data-2026.08.27-16.47.00.630.jpk-force-map,2026-08-27T16:47:00.630000,19,4,0.2,linear_drift_corrected,290.0,-0.04727996069723848,-1.7386381732924165,1.1651067043798642,64
27-08-26/0/map4-0.2-data-2026.08.27-16.47.00.630.jpk-force-map,2026-08-27T16:47:00.630000,19,4,0.2,linear_drift_corrected,295.0,0.104948537859065,-0.9286125106731098,1.4858989428959157,64
27-08-26/0/map4-0.2-data-2026.08.27-16.47.00.630.jpk-force-map,2026-08-27T16:47:00.630000,19,4,0.2,linear_drift_corrected,300.0,0.14977173458901338,-1.2673942720664053,1.4246521781824406,64
27-08-26/0/map4-0.2-data-2026.08.27-16.47.00.630.jpk-force-map,2026-08-27T16:47:00.630000,19,4,0.2,linear_drift_corrected,305.0,-0.06271663996235433,-1.034025171760006,0.9077974346309333,64
27-08-26/0/map4-0.2-data-2026.08.27-16.47.00.630.jpk-force-map,2026-08-27T16:47:00.630000,19,4,0.2,linear_drift_corrected,310.0,0.05612260889053096,-1.60438688836228,1.7196352321374644,64
27-08-26/0/map4-0.2-data-2026.08.27-16.47.00.630.jpk-force-map,2026-08-27T16:47:00.630000,19,4,0.2,linear_drift_corrected,315.0,-0.16319767902484122,-1.3626818979292257,1.5306341321032613,64
27-08-26/0/map4-0.2-data-2026.08.27-16.47.00.630.jpk-force-map,2026-08-27T16:47:00.630000,19,4,0.2,linear_drift_corrected,320.0,-0.0051750151911475785,-1.5550943496916534,1.4614742464888049,64
27-08-26/0/map4-0.2-data-2026.08.27-16.47.00.630.jpk-force-map,2026-08-27T16:47:00.630000,19,4,0.2,linear_drift_corrected,325.0,-0.24369466551523988,-1.9668187587402726,1.428794044977717,64
27-08-26/0/map4-0.2-data-2026.08.27-16.47.00.630.jpk-force-map,2026-08-27T16:47:00.630000,19,4,0.2,linear_drift_corrected,330.0,-0.3096220667812979,-1.8409412343025042,0.9846896051505418,64
27-08-26/0/map4-0.2-data-2026.08.27-16.47.00.630.jpk-force-map,2026-08-27T16:47:00.630000,19,4,0.2,linear_drift_corrected,335.0,-0.06253195147911592,-1.1503429072988807,0.854218817905956,64
27-08-26/0/map4-0.2-data-2026.08.27-16.47.00.630.jpk-force-map,2026-08-27T16:47:00.630000,19,4,0.2,linear_drift_corrected,340.0,-0.1907579618395154,-1.2792772770985628,1.378417307284099,64
27-08-26/0/map4-0.2-data-2026.08.27-16.47.00.630.jpk-force-map,2026-08-27T16:47:00.630000,19,4,0.2,linear_drift_corrected,345.0,-0.29377647722004285,-1.2061342856558164,1.1143242409694576,64
27-08-26/0/map4-0.2-data-2026.08.27-16.47.00.630.jpk-force-map,2026-08-27T16:47:00.630000,19,4,0.2,linear_drift_corrected,350.0,-0.304839052861017,-1.7273141074820308,1.07599759430886,64
27-08-26/0/map4-0.2-data-2026.08.27-16.47.00.630.jpk-force-map,2026-08-27T16:47:00.630000,19,4,0.2,linear_drift_corrected,355.0,-0.20748146110673207,-1.305967480902162,1.3185491521675936,64
27-08-26/0/map4-0.2-data-2026.08.27-16.47.00.630.jpk-force-map,2026-08-27T16:47:00.630000,19,4,0.2,linear_drift_corrected,360.0,0.3007509153422996,-1.4532276237453665,1.7573765600299867,63
27-08-26/0/map4-0.2-data-2026.08.27-16.47.00.630.jpk-force-map,2026-08-27T16:47:00.630000,19,4,0.2,linear_drift_corrected,365.0,0.5449131538609255,-0.8217676454393066,2.3354491869429275,61
27-08-26/0/map4-0.2-data-2026.08.27-16.47.00.630.jpk-force-map,2026-08-27T16:47:00.630000,19,4,0.2,linear_drift_corrected,370.0,1.0185848690944916,-1.7342234331943571,4.117431774534257,40
27-08-26/0/map4-0.2-data-2026.08.27-16.47.00.630.jpk-force-map,2026-08-27T16:47:00.630000,19,4,0.2,far_constant_referenced,5.0,6916.455646722654,6647.590185579949,7241.287920298461,64
27-08-26/0/map4-0.2-data-2026.08.27-16.47.00.630.jpk-force-map,2026-08-27T16:47:00.630000,19,4,0.2,far_constant_referenced,10.0,4340.375276418591,4194.716932219022,4568.069529779446,64
27-08-26/0/map4-0.2-data-2026.08.27-16.47.00.630.jpk-force-map,2026-08-27T16:47:00.630000,19,4,0.2,far_constant_referenced,15.0,2934.4520316889416,2824.9478075329903,3051.3224282253714,64
27-08-26/0/map4-0.2-data-2026.08.27-16.47.00.630.jpk-force-map,2026-08-27T16:47:00.630000,19,4,0.2,far_constant_referenced,20.0,2053.036563027026,2000.799797691272,2149.213201570744,64
27-08-26/0/map4-0.2-data-2026.08.27-16.47.00.630.jpk-force-map,2026-08-27T16:47:00.630000,19,4,0.2,far_constant_referenced,25.0,1493.733471780587,1454.9967661214844,1549.1488209303914,64
27-08-26/0/map4-0.2-data-2026.08.27-16.47.00.630.jpk-force-map,2026-08-27T16:47:00.630000,19,4,0.2,far_constant_referenced,30.0,1097.4922854709257,1066.320202482796,1136.008377310562,64
27-08-26/0/map4-0.2-data-2026.08.27-16.47.00.630.jpk-force-map,2026-08-27T16:47:00.630000,19,4,0.2,far_constant_referenced,35.0,817.7125572085499,786.5409790167662,846.6907477674791,64
27-08-26/0/map4-0.2-data-2026.08.27-16.47.00.630.jpk-force-map,2026-08-27T16:47:00.630000,19,4,0.2,far_constant_referenced,40.0,606.5942658228732,584.6971624234226,626.6708479256179,64
27-08-26/0/map4-0.2-data-2026.08.27-16.47.00.630.jpk-force-map,2026-08-27T16:47:00.630000,19,4,0.2,far_constant_referenced,45.0,456.19710732479746,441.49518099776185,470.08535539138694,64
27-08-26/0/map4-0.2-data-2026.08.27-16.47.00.630.jpk-force-map,2026-08-27T16:47:00.630000,19,4,0.2,far_constant_referenced,50.0,342.98107406652923,327.28497212212346,355.19940831088496,64
27-08-26/0/map4-0.2-data-2026.08.27-16.47.00.630.jpk-force-map,2026-08-27T16:47:00.630000,19,4,0.2,far_constant_referenced,55.0,257.4559591138727,247.4473382100737,264.90315427724613,64
27-08-26/0/map4-0.2-data-2026.08.27-16.47.00.630.jpk-force-map,2026-08-27T16:47:00.630000,19,4,0.2,far_constant_referenced,60.0,191.58660427495812,184.69621729737133,198.96248656161754,64
27-08-26/0/map4-0.2-data-2026.08.27-16.47.00.630.jpk-force-map,2026-08-27T16:47:00.630000,19,4,0.2,far_constant_referenced,65.0,144.4238380113402,138.4753475660388,149.59880823020217,64
27-08-26/0/map4-0.2-data-2026.08.27-16.47.00.630.jpk-force-map,2026-08-27T16:47:00.630000,19,4,0.2,far_constant_referenced,70.0,108.04204887697584,103.72817808116385,113.17853579794385,64
27-08-26/0/map4-0.2-data-2026.08.27-16.47.00.630.jpk-force-map,2026-08-27T16:47:00.630000,19,4,0.2,far_constant_referenced,75.0,81.02444575376825,77.09568705957668,86.36289278453017,64
27-08-26/0/map4-0.2-data-2026.08.27-16.47.00.630.jpk-force-map,2026-08-27T16:47:00.630000,19,4,0.2,far_constant_referenced,80.0,62.600056152128865,56.14460170610529,65.38430493838173,64
27-08-26/0/map4-0.2-data-2026.08.27-16.47.00.630.jpk-force-map,2026-08-27T16:47:00.630000,19,4,0.2,far_constant_referenced,85.0,46.564362858935056,43.02576422982216,50.60575646483086,64
27-08-26/0/map4-0.2-data-2026.08.27-16.47.00.630.jpk-force-map,2026-08-27T16:47:00.630000,19,4,0.2,far_constant_referenced,90.0,36.41343095707722,31.66564909995553,38.38719060803451,64
27-08-26/0/map4-0.2-data-2026.08.27-16.47.00.630.jpk-force-map,2026-08-27T16:47:00.630000,19,4,0.2,far_constant_referenced,95.0,26.90664294761468,24.25932462425207,30.317783468796826,64
27-08-26/0/map4-0.2-data-2026.08.27-16.47.00.630.jpk-force-map,2026-08-27T16:47:00.630000,19,4,0.2,far_constant_referenced,100.0,20.553371159547172,17.10429370828122,24.221850919050247,64
27-08-26/0/map4-0.2-data-2026.08.27-16.47.00.630.jpk-force-map,2026-08-27T16:47:00.630000,19,4,0.2,far_constant_referenced,105.0,16.072656263269465,13.137847512788872,18.592041376258496,64
27-08-26/0/map4-0.2-data-2026.08.27-16.47.00.630.jpk-force-map,2026-08-27T16:47:00.630000,19,4,0.2,far_constant_referenced,110.0,12.089171706410335,10.173077614488113,14.757649904833507,64
27-08-26/0/map4-0.2-data-2026.08.27-16.47.00.630.jpk-force-map,2026-08-27T16:47:00.630000,19,4,0.2,far_constant_referenced,115.0,10.540634680834845,7.7327495480362956,13.607076501965032,64
27-08-26/0/map4-0.2-data-2026.08.27-16.47.00.630.jpk-force-map,2026-08-27T16:47:00.630000,19,4,0.2,far_constant_referenced,120.0,8.486600533330225,6.3788204219471085,11.961695782138193,64
27-08-26/0/map4-0.2-data-2026.08.27-16.47.00.630.jpk-force-map,2026-08-27T16:47:00.630000,19,4,0.2,far_constant_referenced,125.0,7.073812153318091,4.805447416156574,9.748828949115,64
27-08-26/0/map4-0.2-data-2026.08.27-16.47.00.630.jpk-force-map,2026-08-27T16:47:00.630000,19,4,0.2,far_constant_referenced,130.0,5.868227826315461,3.2031644267021697,8.014182419004221,64
27-08-26/0/map4-0.2-data-2026.08.27-16.47.00.630.jpk-force-map,2026-08-27T16:47:00.630000,19,4,0.2,far_constant_referenced,135.0,4.7915863023783665,1.5534305807396183,8.04898961174416,64
27-08-26/0/map4-0.2-data-2026.08.27-16.47.00.630.jpk-force-map,2026-08-27T16:47:00.630000,19,4,0.2,far_constant_referenced,140.0,5.430848517170212,2.2856109558471793,7.177895221046523,64
27-08-26/0/map4-0.2-data-2026.08.27-16.47.00.630.jpk-force-map,2026-08-27T16:47:00.630000,19,4,0.2,far_constant_referenced,145.0,4.027775982120037,1.9474746082909558,6.65902396534365,64
27-08-26/0/map4-0.2-data-2026.08.27-16.47.00.630.jpk-force-map,2026-08-27T16:47:00.630000,19,4,0.2,far_constant_referenced,150.0,3.574837067962249,1.5327220529998393,6.086887786985246,64
27-08-26/0/map4-0.2-data-2026.08.27-16.47.00.630.jpk-force-map,2026-08-27T16:47:00.630000,19,4,0.2,far_constant_referenced,155.0,3.0975966638386487,1.161797698087819,5.328428307992844,64
27-08-26/0/map4-0.2-data-2026.08.27-16.47.00.630.jpk-force-map,2026-08-27T16:47:00.630000,19,4,0.2,far_constant_referenced,160.0,2.671406017229419,0.46245284058123953,5.29267684914688,64
27-08-26/0/map4-0.2-data-2026.08.27-16.47.00.630.jpk-force-map,2026-08-27T16:47:00.630000,19,4,0.2,far_constant_referenced,165.0,2.407724161291888,-0.3604839787243559,5.442767649712361,64
27-08-26/0/map4-0.2-data-2026.08.27-16.47.00.630.jpk-force-map,2026-08-27T16:47:00.630000,19,4,0.2,far_constant_referenced,170.0,1.8842444118908381,-0.00556463736505091,4.713277542189687,64
27-08-26/0/map4-0.2-data-2026.08.27-16.47.00.630.jpk-force-map,2026-08-27T16:47:00.630000,19,4,0.2,far_constant_referenced,175.0,1.8292631816599965,-0.30628072874405793,3.9056627766743803,64
27-08-26/0/map4-0.2-data-2026.08.27-16.47.00.630.jpk-force-map,2026-08-27T16:47:00.630000,19,4,0.2,far_constant_referenced,180.0,1.8195354591365913,-0.4035401376334523,3.569230859133328,64
27-08-26/0/map4-0.2-data-2026.08.27-16.47.00.630.jpk-force-map,2026-08-27T16:47:00.630000,19,4,0.2,far_constant_referenced,185.0,1.1325848366155342,-0.6377953359986857,3.6181189005313215,64
27-08-26/0/map4-0.2-data-2026.08.27-16.47.00.630.jpk-force-map,2026-08-27T16:47:00.630000,19,4,0.2,far_constant_referenced,190.0,1.4677814878045392,-0.976418663558897,3.8635865165550483,64
27-08-26/0/map4-0.2-data-2026.08.27-16.47.00.630.jpk-force-map,2026-08-27T16:47:00.630000,19,4,0.2,far_constant_referenced,195.0,1.3266998173174231,-1.7502120739036244,2.984195649444078,64
27-08-26/0/map4-0.2-data-2026.08.27-16.47.00.630.jpk-force-map,2026-08-27T16:47:00.630000,19,4,0.2,far_constant_referenced,200.0,0.6640744398847117,-2.711504663429308,3.2785572456460454,64
27-08-26/0/map4-0.2-data-2026.08.27-16.47.00.630.jpk-force-map,2026-08-27T16:47:00.630000,19,4,0.2,far_constant_referenced,205.0,0.9735205386557857,-1.412824012695638,2.8805817453781777,64
27-08-26/0/map4-0.2-data-2026.08.27-16.47.00.630.jpk-force-map,2026-08-27T16:47:00.630000,19,4,0.2,far_constant_referenced,210.0,1.3768231250674625,-0.792274895382377,2.6519327558416874,64
27-08-26/0/map4-0.2-data-2026.08.27-16.47.00.630.jpk-force-map,2026-08-27T16:47:00.630000,19,4,0.2,far_constant_referenced,215.0,0.4120919816095433,-1.6774501347381259,3.2213905441768853,64
27-08-26/0/map4-0.2-data-2026.08.27-16.47.00.630.jpk-force-map,2026-08-27T16:47:00.630000,19,4,0.2,far_constant_referenced,220.0,0.1118866253569977,-2.0355467236863656,2.6794174321765634,64
27-08-26/0/map4-0.2-data-2026.08.27-16.47.00.630.jpk-force-map,2026-08-27T16:47:00.630000,19,4,0.2,far_constant_referenced,225.0,0.1770825581156471,-1.9314339620550331,1.9968674460347469,64
27-08-26/0/map4-0.2-data-2026.08.27-16.47.00.630.jpk-force-map,2026-08-27T16:47:00.630000,19,4,0.2,far_constant_referenced,230.0,-0.10167192282978288,-1.5818714007417258,2.3615085711366164,64
27-08-26/0/map4-0.2-data-2026.08.27-16.47.00.630.jpk-force-map,2026-08-27T16:47:00.630000,19,4,0.2,far_constant_referenced,235.0,-0.09730098035290871,-1.3848286012340036,1.1676117642355563,64
27-08-26/0/map4-0.2-data-2026.08.27-16.47.00.630.jpk-force-map,2026-08-27T16:47:00.630000,19,4,0.2,far_constant_referenced,240.0,-0.05936405026904191,-2.6769944097166474,2.0875882575503444,64
27-08-26/0/map4-0.2-data-2026.08.27-16.47.00.630.jpk-force-map,2026-08-27T16:47:00.630000,19,4,0.2,far_constant_referenced,245.0,0.26369373349802727,-1.807111530249177,1.6879498987314712,64
27-08-26/0/map4-0.2-data-2026.08.27-16.47.00.630.jpk-force-map,2026-08-27T16:47:00.630000,19,4,0.2,far_constant_referenced,250.0,-0.5920607870671537,-2.3468813546688354,1.3182073611467169,64
27-08-26/0/map4-0.2-data-2026.08.27-16.47.00.630.jpk-force-map,2026-08-27T16:47:00.630000,19,4,0.2,far_constant_referenced,255.0,-0.2413045308656101,-1.386782460031565,1.2218684632406944,64
27-08-26/0/map4-0.2-data-2026.08.27-16.47.00.630.jpk-force-map,2026-08-27T16:47:00.630000,19,4,0.2,far_constant_referenced,260.0,-0.2802154209581633,-2.0440510574182795,1.230865715757555,64
27-08-26/0/map4-0.2-data-2026.08.27-16.47.00.630.jpk-force-map,2026-08-27T16:47:00.630000,19,4,0.2,far_constant_referenced,265.0,-1.0017178686555144,-2.5595134530916397,1.055226281312949,64
27-08-26/0/map4-0.2-data-2026.08.27-16.47.00.630.jpk-force-map,2026-08-27T16:47:00.630000,19,4,0.2,far_constant_referenced,270.0,-0.7020232475294301,-2.273181088178509,0.8248669229813944,64
27-08-26/0/map4-0.2-data-2026.08.27-16.47.00.630.jpk-force-map,2026-08-27T16:47:00.630000,19,4,0.2,far_constant_referenced,275.0,-0.18534934062596325,-1.838242617834809,1.3593037224769957,64
27-08-26/0/map4-0.2-data-2026.08.27-16.47.00.630.jpk-force-map,2026-08-27T16:47:00.630000,19,4,0.2,far_constant_referenced,280.0,-1.2323325945505959,-2.6302977783370443,0.801491882778965,64
27-08-26/0/map4-0.2-data-2026.08.27-16.47.00.630.jpk-force-map,2026-08-27T16:47:00.630000,19,4,0.2,far_constant_referenced,285.0,0.001460940012733336,-2.298729722057931,1.6745638873963997,64
27-08-26/0/map4-0.2-data-2026.08.27-16.47.00.630.jpk-force-map,2026-08-27T16:47:00.630000,19,4,0.2,far_constant_referenced,290.0,-0.44321119163473854,-1.8861745155662817,0.780355762840524,64
27-08-26/0/map4-0.2-data-2026.08.27-16.47.00.630.jpk-force-map,2026-08-27T16:47:00.630000,19,4,0.2,far_constant_referenced,295.0,-0.2019185383303358,-1.2581009633101008,1.2520137132574405,64
27-08-26/0/map4-0.2-data-2026.08.27-16.47.00.630.jpk-force-map,2026-08-27T16:47:00.630000,19,4,0.2,far_constant_referenced,300.0,-0.05253445264904456,-1.729271933722674,1.1836583492521418,64
27-08-26/0/map4-0.2-data-2026.08.27-16.47.00.630.jpk-force-map,2026-08-27T16:47:00.630000,19,4,0.2,far_constant_referenced,305.0,-0.2831373009830373,-1.026280664965339,0.8516448844319633,64
27-08-26/0/map4-0.2-data-2026.08.27-16.47.00.630.jpk-force-map,2026-08-27T16:47:00.630000,19,4,0.2,far_constant_referenced,310.0,-0.14741241054197785,-1.7343733462057964,1.6227361496316035,64
27-08-26/0/map4-0.2-data-2026.08.27-16.47.00.630.jpk-force-map,2026-08-27T16:47:00.630000,19,4,0.2,far_constant_referenced,315.0,-0.2631829983718028,-1.4699669590429172,1.448082552756417,64
27-08-26/0/map4-0.2-data-2026.08.27-16.47.00.630.jpk-force-map,2026-08-27T16:47:00.630000,19,4,0.2,far_constant_referenced,320.0,-0.07734667774143714,-1.561447934467485,1.6524122359851652,64
27-08-26/0/map4-0.2-data-2026.08.27-16.47.00.630.jpk-force-map,2026-08-27T16:47:00.630000,19,4,0.2,far_constant_referenced,325.0,-0.16786557071882213,-1.5986425169838965,1.6164054095766234,64
27-08-26/0/map4-0.2-data-2026.08.27-16.47.00.630.jpk-force-map,2026-08-27T16:47:00.630000,19,4,0.2,far_constant_referenced,330.0,-0.09876192036528642,-1.7691627226039248,1.1384226578853305,64
27-08-26/0/map4-0.2-data-2026.08.27-16.47.00.630.jpk-force-map,2026-08-27T16:47:00.630000,19,4,0.2,far_constant_referenced,335.0,0.013148460113533197,-1.262727273349613,1.5135279142974563,64
27-08-26/0/map4-0.2-data-2026.08.27-16.47.00.630.jpk-force-map,2026-08-27T16:47:00.630000,19,4,0.2,far_constant_referenced,340.0,0.17416067809029898,-1.2807336559444231,1.805424916575579,64
27-08-26/0/map4-0.2-data-2026.08.27-16.47.00.630.jpk-force-map,2026-08-27T16:47:00.630000,19,4,0.2,far_constant_referenced,345.0,0.3454351088383976,-1.2916847672584897,1.3515061036290936,64
27-08-26/0/map4-0.2-data-2026.08.27-16.47.00.630.jpk-force-map,2026-08-27T16:47:00.630000,19,4,0.2,far_constant_referenced,350.0,0.14887335055471118,-1.5592505856683148,1.9243668132132608,64
27-08-26/0/map4-0.2-data-2026.08.27-16.47.00.630.jpk-force-map,2026-08-27T16:47:00.630000,19,4,0.2,far_constant_referenced,355.0,0.8309660505947288,-1.3517436548509876,2.3814509961874135,64
27-08-26/0/map4-0.2-data-2026.08.27-16.47.00.630.jpk-force-map,2026-08-27T16:47:00.630000,19,4,0.2,far_constant_referenced,360.0,0.9593743634115068,-1.2673357670480256,2.6061982069094443,63
27-08-26/0/map4-0.2-data-2026.08.27-16.47.00.630.jpk-force-map,2026-08-27T16:47:00.630000,19,4,0.2,far_constant_referenced,365.0,1.3972525301222478,-0.6898725025465239,3.6838255684160766,61
27-08-26/0/map4-0.2-data-2026.08.27-16.47.00.630.jpk-force-map,2026-08-27T16:47:00.630000,19,4,0.2,far_constant_referenced,370.0,1.7796506090360626,-1.3427285859921974,4.920766656665322,40
27-08-26/0/map4-0.1-data-2026.08.27-16.50.32.826.jpk-force-map,2026-08-27T16:50:32.826000,20,4,0.1,linear_drift_corrected,5.0,6974.101528366507,6627.990590044728,7174.696856729528,64
27-08-26/0/map4-0.1-data-2026.08.27-16.50.32.826.jpk-force-map,2026-08-27T16:50:32.826000,20,4,0.1,linear_drift_corrected,10.0,4302.511673577251,4130.084547347965,4480.268966402373,64
27-08-26/0/map4-0.1-data-2026.08.27-16.50.32.826.jpk-force-map,2026-08-27T16:50:32.826000,20,4,0.1,linear_drift_corrected,15.0,2887.393140302919,2779.7989675622075,2991.4308812749064,64
27-08-26/0/map4-0.1-data-2026.08.27-16.50.32.826.jpk-force-map,2026-08-27T16:50:32.826000,20,4,0.1,linear_drift_corrected,20.0,2021.6224267602638,1934.842297563876,2093.664886025972,64
27-08-26/0/map4-0.1-data-2026.08.27-16.50.32.826.jpk-force-map,2026-08-27T16:50:32.826000,20,4,0.1,linear_drift_corrected,25.0,1449.6493914187743,1399.105307277749,1489.1473200712508,64
27-08-26/0/map4-0.1-data-2026.08.27-16.50.32.826.jpk-force-map,2026-08-27T16:50:32.826000,20,4,0.1,linear_drift_corrected,30.0,1056.2677680803959,1011.8490457004332,1087.3136756114604,64
27-08-26/0/map4-0.1-data-2026.08.27-16.50.32.826.jpk-force-map,2026-08-27T16:50:32.826000,20,4,0.1,linear_drift_corrected,35.0,770.6960217727265,744.0091755367026,800.4470571475948,64
27-08-26/0/map4-0.1-data-2026.08.27-16.50.32.826.jpk-force-map,2026-08-27T16:50:32.826000,20,4,0.1,linear_drift_corrected,40.0,569.5177669234417,542.8457912806234,588.0022901708459,64
27-08-26/0/map4-0.1-data-2026.08.27-16.50.32.826.jpk-force-map,2026-08-27T16:50:32.826000,20,4,0.1,linear_drift_corrected,45.0,418.12367355296624,401.88188006185106,435.08878174718797,64
27-08-26/0/map4-0.1-data-2026.08.27-16.50.32.826.jpk-force-map,2026-08-27T16:50:32.826000,20,4,0.1,linear_drift_corrected,50.0,308.68846098965116,296.19997817131116,323.4508260635083,64
27-08-26/0/map4-0.1-data-2026.08.27-16.50.32.826.jpk-force-map,2026-08-27T16:50:32.826000,20,4,0.1,linear_drift_corrected,55.0,226.4273538984617,220.02875544569272,242.1623175200436,64
27-08-26/0/map4-0.1-data-2026.08.27-16.50.32.826.jpk-force-map,2026-08-27T16:50:32.826000,20,4,0.1,linear_drift_corrected,60.0,169.12181065727293,160.04508932861305,178.09467721795932,64
27-08-26/0/map4-0.1-data-2026.08.27-16.50.32.826.jpk-force-map,2026-08-27T16:50:32.826000,20,4,0.1,linear_drift_corrected,65.0,125.53843042251667,118.05019854130498,134.92904166311422,64
27-08-26/0/map4-0.1-data-2026.08.27-16.50.32.826.jpk-force-map,2026-08-27T16:50:32.826000,20,4,0.1,linear_drift_corrected,70.0,93.30309846907429,86.28126490351718,101.40000434666754,64
27-08-26/0/map4-0.1-data-2026.08.27-16.50.32.826.jpk-force-map,2026-08-27T16:50:32.826000,20,4,0.1,linear_drift_corrected,75.0,69.28271634698936,62.968342234368336,78.0439807852116,64
27-08-26/0/map4-0.1-data-2026.08.27-16.50.32.826.jpk-force-map,2026-08-27T16:50:32.826000,20,4,0.1,linear_drift_corrected,80.0,52.289719952759,46.35181985077456,57.452710910790174,64
27-08-26/0/map4-0.1-data-2026.08.27-16.50.32.826.jpk-force-map,2026-08-27T16:50:32.826000,20,4,0.1,linear_drift_corrected,85.0,38.54569811075244,33.85292153176651,45.19684797879492,64
27-08-26/0/map4-0.1-data-2026.08.27-16.50.32.826.jpk-force-map,2026-08-27T16:50:32.826000,20,4,0.1,linear_drift_corrected,90.0,29.169207238224914,24.63753466872427,34.69661930195749,64
27-08-26/0/map4-0.1-data-2026.08.27-16.50.32.826.jpk-force-map,2026-08-27T16:50:32.826000,20,4,0.1,linear_drift_corrected,95.0,23.058600714152842,17.226200829721954,29.77324699710338,64
27-08-26/0/map4-0.1-data-2026.08.27-16.50.32.826.jpk-force-map,2026-08-27T16:50:32.826000,20,4,0.1,linear_drift_corrected,100.0,16.802909801856053,12.26707509234454,24.12977388017988,64
27-08-26/0/map4-0.1-data-2026.08.27-16.50.32.826.jpk-force-map,2026-08-27T16:50:32.826000,20,4,0.1,linear_drift_corrected,105.0,13.874870804372454,8.294317291822736,19.416619250272383,64
27-08-26/0/map4-0.1-data-2026.08.27-16.50.32.826.jpk-force-map,2026-08-27T16:50:32.826000,20,4,0.1,linear_drift_corrected,110.0,11.025890042254472,6.06147604709674,16.405538316278907,64
27-08-26/0/map4-0.1-data-2026.08.27-16.50.32.826.jpk-force-map,2026-08-27T16:50:32.826000,20,4,0.1,linear_drift_corrected,115.0,10.02536807794033,4.100733563171697,15.25147778581801,64
27-08-26/0/map4-0.1-data-2026.08.27-16.50.32.826.jpk-force-map,2026-08-27T16:50:32.826000,20,4,0.1,linear_drift_corrected,120.0,8.780728406309072,3.1637420409946557,13.817463375737095,64
27-08-26/0/map4-0.1-data-2026.08.27-16.50.32.826.jpk-force-map,2026-08-27T16:50:32.826000,20,4,0.1,linear_drift_corrected,125.0,6.5298221444710345,0.5364822005631597,11.53865763501003,64
27-08-26/0/map4-0.1-data-2026.08.27-16.50.32.826.jpk-force-map,2026-08-27T16:50:32.826000,20,4,0.1,linear_drift_corrected,130.0,5.697970559745079,-0.02687808465260087,11.407191752291588,64
27-08-26/0/map4-0.1-data-2026.08.27-16.50.32.826.jpk-force-map,2026-08-27T16:50:32.826000,20,4,0.1,linear_drift_corrected,135.0,4.941958065788853,-0.5745922049903507,9.825965260870682,64
27-08-26/0/map4-0.1-data-2026.08.27-16.50.32.826.jpk-force-map,2026-08-27T16:50:32.826000,20,4,0.1,linear_drift_corrected,140.0,3.4017198128036457,-2.4511273167096594,9.575814073405017,64
27-08-26/0/map4-0.1-data-2026.08.27-16.50.32.826.jpk-force-map,2026-08-27T16:50:32.826000,20,4,0.1,linear_drift_corrected,145.0,3.9453216299201435,-1.2895927690028615,9.008930368134859,64
27-08-26/0/map4-0.1-data-2026.08.27-16.50.32.826.jpk-force-map,2026-08-27T16:50:32.826000,20,4,0.1,linear_drift_corrected,150.0,3.0562066497317772,-1.4913371186769981,8.133885250817578,64
27-08-26/0/map4-0.1-data-2026.08.27-16.50.32.826.jpk-force-map,2026-08-27T16:50:32.826000,20,4,0.1,linear_drift_corrected,155.0,2.1385698661600063,-2.3592165295335565,7.602386507641437,64
27-08-26/0/map4-0.1-data-2026.08.27-16.50.32.826.jpk-force-map,2026-08-27T16:50:32.826000,20,4,0.1,linear_drift_corrected,160.0,2.7181850143158712,-2.3127623320909185,6.897817766258951,64
27-08-26/0/map4-0.1-data-2026.08.27-16.50.32.826.jpk-force-map,2026-08-27T16:50:32.826000,20,4,0.1,linear_drift_corrected,165.0,2.4317634606995115,-2.172745941654069,6.210134337821177,64
27-08-26/0/map4-0.1-data-2026.08.27-16.50.32.826.jpk-force-map,2026-08-27T16:50:32.826000,20,4,0.1,linear_drift_corrected,170.0,1.5196885263908784,-1.9962262597312308,6.054138889732701,64
27-08-26/0/map4-0.1-data-2026.08.27-16.50.32.826.jpk-force-map,2026-08-27T16:50:32.826000,20,4,0.1,linear_drift_corrected,175.0,1.3410273068006326,-2.3795575226546015,6.229878978208868,64
27-08-26/0/map4-0.1-data-2026.08.27-16.50.32.826.jpk-force-map,2026-08-27T16:50:32.826000,20,4,0.1,linear_drift_corrected,180.0,0.7062524337963199,-2.753200224424235,5.808452716392066,64
27-08-26/0/map4-0.1-data-2026.08.27-16.50.32.826.jpk-force-map,2026-08-27T16:50:32.826000,20,4,0.1,linear_drift_corrected,185.0,0.929013133485904,-3.054456192803589,5.546407062300247,64
27-08-26/0/map4-0.1-data-2026.08.27-16.50.32.826.jpk-force-map,2026-08-27T16:50:32.826000,20,4,0.1,linear_drift_corrected,190.0,-0.024864320294052125,-2.416214893656087,5.3811213361795,64
27-08-26/0/map4-0.1-data-2026.08.27-16.50.32.826.jpk-force-map,2026-08-27T16:50:32.826000,20,4,0.1,linear_drift_corrected,195.0,0.6195710601380053,-2.3198571334255087,5.0250208331551285,64
27-08-26/0/map4-0.1-data-2026.08.27-16.50.32.826.jpk-force-map,2026-08-27T16:50:32.826000,20,4,0.1,linear_drift_corrected,200.0,1.3323428688445205,-3.1905551706597732,4.444817239078582,64
27-08-26/0/map4-0.1-data-2026.08.27-16.50.32.826.jpk-force-map,2026-08-27T16:50:32.826000,20,4,0.1,linear_drift_corrected,205.0,-0.17790828152512195,-3.2495685559481506,4.808493035197848,64
27-08-26/0/map4-0.1-data-2026.08.27-16.50.32.826.jpk-force-map,2026-08-27T16:50:32.826000,20,4,0.1,linear_drift_corrected,210.0,0.3683021475452305,-2.236517918920399,4.233716576935384,64
27-08-26/0/map4-0.1-data-2026.08.27-16.50.32.826.jpk-force-map,2026-08-27T16:50:32.826000,20,4,0.1,linear_drift_corrected,215.0,-0.050858064713289505,-2.7907858911991648,3.2371490339838345,64
27-08-26/0/map4-0.1-data-2026.08.27-16.50.32.826.jpk-force-map,2026-08-27T16:50:32.826000,20,4,0.1,linear_drift_corrected,220.0,0.25776957333108685,-3.293976933374899,3.2247135294729667,64
27-08-26/0/map4-0.1-data-2026.08.27-16.50.32.826.jpk-force-map,2026-08-27T16:50:32.826000,20,4,0.1,linear_drift_corrected,225.0,0.5282316433424864,-2.4651323141132115,3.0753369608656023,64
27-08-26/0/map4-0.1-data-2026.08.27-16.50.32.826.jpk-force-map,2026-08-27T16:50:32.826000,20,4,0.1,linear_drift_corrected,230.0,-0.06078100752347699,-1.5263903458673886,2.2922700382490566,64
27-08-26/0/map4-0.1-data-2026.08.27-16.50.32.826.jpk-force-map,2026-08-27T16:50:32.826000,20,4,0.1,linear_drift_corrected,235.0,0.2147532656444682,-2.1904299814534256,2.1542022084411254,64
27-08-26/0/map4-0.1-data-2026.08.27-16.50.32.826.jpk-force-map,2026-08-27T16:50:32.826000,20,4,0.1,linear_drift_corrected,240.0,0.0551758206260803,-2.5297678805091746,2.4801086320706442,64
27-08-26/0/map4-0.1-data-2026.08.27-16.50.32.826.jpk-force-map,2026-08-27T16:50:32.826000,20,4,0.1,linear_drift_corrected,245.0,0.1471161962522357,-1.8186099387517345,1.5867182729024683,64
27-08-26/0/map4-0.1-data-2026.08.27-16.50.32.826.jpk-force-map,2026-08-27T16:50:32.826000,20,4,0.1,linear_drift_corrected,250.0,0.3283885019137245,-1.5474152594310384,2.2766993172387386,64
27-08-26/0/map4-0.1-data-2026.08.27-16.50.32.826.jpk-force-map,2026-08-27T16:50:32.826000,20,4,0.1,linear_drift_corrected,255.0,0.4928565791583523,-1.0585632660719684,2.0825499717083527,64
27-08-26/0/map4-0.1-data-2026.08.27-16.50.32.826.jpk-force-map,2026-08-27T16:50:32.826000,20,4,0.1,linear_drift_corrected,260.0,0.09984274586523148,-1.0671603028512584,1.8583852959951097,64
27-08-26/0/map4-0.1-data-2026.08.27-16.50.32.826.jpk-force-map,2026-08-27T16:50:32.826000,20,4,0.1,linear_drift_corrected,265.0,0.21799927428474697,-0.586463818605504,1.9618139735627134,64
27-08-26/0/map4-0.1-data-2026.08.27-16.50.32.826.jpk-force-map,2026-08-27T16:50:32.826000,20,4,0.1,linear_drift_corrected,270.0,0.10709586009951577,-0.7894904603288804,1.7236516637410462,64
27-08-26/0/map4-0.1-data-2026.08.27-16.50.32.826.jpk-force-map,2026-08-27T16:50:32.826000,20,4,0.1,linear_drift_corrected,275.0,0.11365965770511922,-1.4017194947062015,1.1012963718891335,64
27-08-26/0/map4-0.1-data-2026.08.27-16.50.32.826.jpk-force-map,2026-08-27T16:50:32.826000,20,4,0.1,linear_drift_corrected,280.0,0.14558123084010063,-0.7213106862238534,1.3870914640919438,64
27-08-26/0/map4-0.1-data-2026.08.27-16.50.32.826.jpk-force-map,2026-08-27T16:50:32.826000,20,4,0.1,linear_drift_corrected,285.0,-0.3560274915992629,-1.884393847857801,0.8057099196900361,64
27-08-26/0/map4-0.1-data-2026.08.27-16.50.32.826.jpk-force-map,2026-08-27T16:50:32.826000,20,4,0.1,linear_drift_corrected,290.0,0.03407042429976356,-1.3569558239570856,1.8592356754611816,64
27-08-26/0/map4-0.1-data-2026.08.27-16.50.32.826.jpk-force-map,2026-08-27T16:50:32.826000,20,4,0.1,linear_drift_corrected,295.0,-0.10558359010322343,-1.1566653182818323,1.3589489950346625,64
27-08-26/0/map4-0.1-data-2026.08.27-16.50.32.826.jpk-force-map,2026-08-27T16:50:32.826000,20,4,0.1,linear_drift_corrected,300.0,-0.13876880280675308,-2.000328571959486,0.9609065957500968,64
27-08-26/0/map4-0.1-data-2026.08.27-16.50.32.826.jpk-force-map,2026-08-27T16:50:32.826000,20,4,0.1,linear_drift_corrected,305.0,-0.016129232276670902,-1.3266448488519322,0.8852982101617228,64
27-08-26/0/map4-0.1-data-2026.08.27-16.50.32.826.jpk-force-map,2026-08-27T16:50:32.826000,20,4,0.1,linear_drift_corrected,310.0,-0.2717011876628396,-1.2304198933492323,1.4822086344770686,64
27-08-26/0/map4-0.1-data-2026.08.27-16.50.32.826.jpk-force-map,2026-08-27T16:50:32.826000,20,4,0.1,linear_drift_corrected,315.0,-0.09061114258602967,-0.931494617601612,1.1682314093529484,64
27-08-26/0/map4-0.1-data-2026.08.27-16.50.32.826.jpk-force-map,2026-08-27T16:50:32.826000,20,4,0.1,linear_drift_corrected,320.0,0.06383174458542709,-0.8915840308248841,1.5361752394919006,64
27-08-26/0/map4-0.1-data-2026.08.27-16.50.32.826.jpk-force-map,2026-08-27T16:50:32.826000,20,4,0.1,linear_drift_corrected,325.0,0.08600267012503499,-1.7042218699624265,1.3422852104991674,64
27-08-26/0/map4-0.1-data-2026.08.27-16.50.32.826.jpk-force-map,2026-08-27T16:50:32.826000,20,4,0.1,linear_drift_corrected,330.0,0.14871427534614456,-1.6855790066844023,1.6719496028423315,64
27-08-26/0/map4-0.1-data-2026.08.27-16.50.32.826.jpk-force-map,2026-08-27T16:50:32.826000,20,4,0.1,linear_drift_corrected,335.0,0.23275213355957936,-1.2250955807751205,1.1296351907453768,64
27-08-26/0/map4-0.1-data-2026.08.27-16.50.32.826.jpk-force-map,2026-08-27T16:50:32.826000,20,4,0.1,linear_drift_corrected,340.0,0.08555871274143242,-1.323363982679497,0.8666990350835866,64
27-08-26/0/map4-0.1-data-2026.08.27-16.50.32.826.jpk-force-map,2026-08-27T16:50:32.826000,20,4,0.1,linear_drift_corrected,345.0,0.14733379667978252,-1.424727432147976,1.6759385143224748,64
27-08-26/0/map4-0.1-data-2026.08.27-16.50.32.826.jpk-force-map,2026-08-27T16:50:32.826000,20,4,0.1,linear_drift_corrected,350.0,0.1452019081776234,-1.4248897318161662,1.336852693472435,64
27-08-26/0/map4-0.1-data-2026.08.27-16.50.32.826.jpk-force-map,2026-08-27T16:50:32.826000,20,4,0.1,linear_drift_corrected,355.0,-0.08617059611806605,-1.1378872191007239,1.2067028933115285,64
27-08-26/0/map4-0.1-data-2026.08.27-16.50.32.826.jpk-force-map,2026-08-27T16:50:32.826000,20,4,0.1,linear_drift_corrected,360.0,-0.08668268305476656,-1.4642074329022834,1.380407695546091,64
27-08-26/0/map4-0.1-data-2026.08.27-16.50.32.826.jpk-force-map,2026-08-27T16:50:32.826000,20,4,0.1,linear_drift_corrected,365.0,0.24272600898588415,-0.4286352151288392,1.6159231120985782,62
27-08-26/0/map4-0.1-data-2026.08.27-16.50.32.826.jpk-force-map,2026-08-27T16:50:32.826000,20,4,0.1,linear_drift_corrected,370.0,1.2108625016832608,-0.7810441267019228,2.4737149583834688,44
27-08-26/0/map4-0.1-data-2026.08.27-16.50.32.826.jpk-force-map,2026-08-27T16:50:32.826000,20,4,0.1,far_constant_referenced,5.0,6977.318383893428,6634.387688502213,7173.111782751077,64
27-08-26/0/map4-0.1-data-2026.08.27-16.50.32.826.jpk-force-map,2026-08-27T16:50:32.826000,20,4,0.1,far_constant_referenced,10.0,4305.551752032325,4138.091390248517,4480.9192318995765,64
27-08-26/0/map4-0.1-data-2026.08.27-16.50.32.826.jpk-force-map,2026-08-27T16:50:32.826000,20,4,0.1,far_constant_referenced,15.0,2885.5777682617545,2789.770842561719,2990.5170893685063,64
27-08-26/0/map4-0.1-data-2026.08.27-16.50.32.826.jpk-force-map,2026-08-27T16:50:32.826000,20,4,0.1,far_constant_referenced,20.0,2024.4723826758204,1937.8818089229815,2090.993637454514,64
27-08-26/0/map4-0.1-data-2026.08.27-16.50.32.826.jpk-force-map,2026-08-27T16:50:32.826000,20,4,0.1,far_constant_referenced,25.0,1451.3301986493143,1399.8438457449236,1490.7178777984327,64
27-08-26/0/map4-0.1-data-2026.08.27-16.50.32.826.jpk-force-map,2026-08-27T16:50:32.826000,20,4,0.1,far_constant_referenced,30.0,1055.0855916020623,1019.9555667521723,1086.7921054509075,64
27-08-26/0/map4-0.1-data-2026.08.27-16.50.32.826.jpk-force-map,2026-08-27T16:50:32.826000,20,4,0.1,far_constant_referenced,35.0,775.6795076560863,743.6563023962117,797.390525306124,64
27-08-26/0/map4-0.1-data-2026.08.27-16.50.32.826.jpk-force-map,2026-08-27T16:50:32.826000,20,4,0.1,far_constant_referenced,40.0,570.1890778931843,548.6252529188083,587.9226804200738,64
27-08-26/0/map4-0.1-data-2026.08.27-16.50.32.826.jpk-force-map,2026-08-27T16:50:32.826000,20,4,0.1,far_constant_referenced,45.0,421.91505719296595,403.6001015003214,436.9383190574121,64
27-08-26/0/map4-0.1-data-2026.08.27-16.50.32.826.jpk-force-map,2026-08-27T16:50:32.826000,20,4,0.1,far_constant_referenced,50.0,312.39352743052376,299.20023546262166,324.4153355492789,64
27-08-26/0/map4-0.1-data-2026.08.27-16.50.32.826.jpk-force-map,2026-08-27T16:50:32.826000,20,4,0.1,far_constant_referenced,55.0,229.50139458500783,221.01698546169646,241.4061790332397,64
27-08-26/0/map4-0.1-data-2026.08.27-16.50.32.826.jpk-force-map,2026-08-27T16:50:32.826000,20,4,0.1,far_constant_referenced,60.0,170.7053055316015,162.36615304149677,178.85307488005313,64
27-08-26/0/map4-0.1-data-2026.08.27-16.50.32.826.jpk-force-map,2026-08-27T16:50:32.826000,20,4,0.1,far_constant_referenced,65.0,126.50147728379508,119.02000347915013,133.8173184992044,64
27-08-26/0/map4-0.1-data-2026.08.27-16.50.32.826.jpk-force-map,2026-08-27T16:50:32.826000,20,4,0.1,far_constant_referenced,70.0,93.78062565764891,88.25708465382378,100.01447450785552,64
27-08-26/0/map4-0.1-data-2026.08.27-16.50.32.826.jpk-force-map,2026-08-27T16:50:32.826000,20,4,0.1,far_constant_referenced,75.0,70.90370661217104,66.45339827225368,76.06893723094845,64
27-08-26/0/map4-0.1-data-2026.08.27-16.50.32.826.jpk-force-map,2026-08-27T16:50:32.826000,20,4,0.1,far_constant_referenced,80.0,53.51847295170638,48.767983010658824,56.9833416204261,64
27-08-26/0/map4-0.1-data-2026.08.27-16.50.32.826.jpk-force-map,2026-08-27T16:50:32.826000,20,4,0.1,far_constant_referenced,85.0,40.72046027770747,35.609480419155005,43.60544265946524,64
27-08-26/0/map4-0.1-data-2026.08.27-16.50.32.826.jpk-force-map,2026-08-27T16:50:32.826000,20,4,0.1,far_constant_referenced,90.0,30.407542197865006,27.297557237821852,33.50608906658981,64
27-08-26/0/map4-0.1-data-2026.08.27-16.50.32.826.jpk-force-map,2026-08-27T16:50:32.826000,20,4,0.1,far_constant_referenced,95.0,23.865500331580815,21.372649690040625,26.601840975224988,64
27-08-26/0/map4-0.1-data-2026.08.27-16.50.32.826.jpk-force-map,2026-08-27T16:50:32.826000,20,4,0.1,far_constant_referenced,100.0,19.187249717011326,16.30691146163523,21.005104501255396,64
27-08-26/0/map4-0.1-data-2026.08.27-16.50.32.826.jpk-force-map,2026-08-27T16:50:32.826000,20,4,0.1,far_constant_referenced,105.0,14.854944946406345,11.191085558162234,17.209386368701544,64
27-08-26/0/map4-0.1-data-2026.08.27-16.50.32.826.jpk-force-map,2026-08-27T16:50:32.826000,20,4,0.1,far_constant_referenced,110.0,11.615304529632862,8.914721283614899,14.530925080191675,64
27-08-26/0/map4-0.1-data-2026.08.27-16.50.32.826.jpk-force-map,2026-08-27T16:50:32.826000,20,4,0.1,far_constant_referenced,115.0,9.869730643330728,7.241143233788156,12.803612944047108,64
27-08-26/0/map4-0.1-data-2026.08.27-16.50.32.826.jpk-force-map,2026-08-27T16:50:32.826000,20,4,0.1,far_constant_referenced,120.0,8.887480097281927,6.4296741997033955,11.22997269313255,64
27-08-26/0/map4-0.1-data-2026.08.27-16.50.32.826.jpk-force-map,2026-08-27T16:50:32.826000,20,4,0.1,far_constant_referenced,125.0,6.812541442279802,3.917338419214269,9.795044539270627,64
27-08-26/0/map4-0.1-data-2026.08.27-16.50.32.826.jpk-force-map,2026-08-27T16:50:32.826000,20,4,0.1,far_constant_referenced,130.0,6.41066416319771,2.930699114347791,8.970682412635032,64
27-08-26/0/map4-0.1-data-2026.08.27-16.50.32.826.jpk-force-map,2026-08-27T16:50:32.826000,20,4,0.1,far_constant_referenced,135.0,3.930973859332264,2.404048056138529,7.790153800727232,64
27-08-26/0/map4-0.1-data-2026.08.27-16.50.32.826.jpk-force-map,2026-08-27T16:50:32.826000,20,4,0.1,far_constant_referenced,140.0,3.4143237075510937,1.9102622094324961,7.3710303029593005,64
27-08-26/0/map4-0.1-data-2026.08.27-16.50.32.826.jpk-force-map,2026-08-27T16:50:32.826000,20,4,0.1,far_constant_referenced,145.0,4.095893794903679,1.3072324947099392,7.929055938756514,64
27-08-26/0/map4-0.1-data-2026.08.27-16.50.32.826.jpk-force-map,2026-08-27T16:50:32.826000,20,4,0.1,far_constant_referenced,150.0,3.7465866011537803,0.9771313172233341,6.077914289590858,64
27-08-26/0/map4-0.1-data-2026.08.27-16.50.32.826.jpk-force-map,2026-08-27T16:50:32.826000,20,4,0.1,far_constant_referenced,155.0,2.8718279828633992,0.9041793370808301,5.089327064707245,64
27-08-26/0/map4-0.1-data-2026.08.27-16.50.32.826.jpk-force-map,2026-08-27T16:50:32.826000,20,4,0.1,far_constant_referenced,160.0,2.4354463888486584,0.570663360784404,4.839013403763744,64
27-08-26/0/map4-0.1-data-2026.08.27-16.50.32.826.jpk-force-map,2026-08-27T16:50:32.826000,20,4,0.1,far_constant_referenced,165.0,2.901023027993755,0.3974825814833953,5.014409348206031,64
27-08-26/0/map4-0.1-data-2026.08.27-16.50.32.826.jpk-force-map,2026-08-27T16:50:32.826000,20,4,0.1,far_constant_referenced,170.0,2.5609684543235915,0.30284217481188175,4.554171672766009,64
27-08-26/0/map4-0.1-data-2026.08.27-16.50.32.826.jpk-force-map,2026-08-27T16:50:32.826000,20,4,0.1,far_constant_referenced,175.0,2.77455075763255,-0.6263809998029277,4.937300221686132,64
27-08-26/0/map4-0.1-data-2026.08.27-16.50.32.826.jpk-force-map,2026-08-27T16:50:32.826000,20,4,0.1,far_constant_referenced,180.0,1.6098608734225195,-1.4529582915790897,4.540322436548594,64
27-08-26/0/map4-0.1-data-2026.08.27-16.50.32.826.jpk-force-map,2026-08-27T16:50:32.826000,20,4,0.1,far_constant_referenced,185.0,1.9358167820925223,-1.0282464013238117,5.143827253715058,64
27-08-26/0/map4-0.1-data-2026.08.27-16.50.32.826.jpk-force-map,2026-08-27T16:50:32.826000,20,4,0.1,far_constant_referenced,190.0,1.7684381913781024,-0.9812706472594515,3.963785621810772,64
27-08-26/0/map4-0.1-data-2026.08.27-16.50.32.826.jpk-force-map,2026-08-27T16:50:32.826000,20,4,0.1,far_constant_referenced,195.0,0.7467897752331758,-0.8941665530921243,3.7492531136156604,64
27-08-26/0/map4-0.1-data-2026.08.27-16.50.32.826.jpk-force-map,2026-08-27T16:50:32.826000,20,4,0.1,far_constant_referenced,200.0,1.3583060073463096,-1.9394453770024151,3.793776151317501,64
27-08-26/0/map4-0.1-data-2026.08.27-16.50.32.826.jpk-force-map,2026-08-27T16:50:32.826000,20,4,0.1,far_constant_referenced,205.0,1.4721880629646797,-1.3938436700924972,3.0382266747887066,64
27-08-26/0/map4-0.1-data-2026.08.27-16.50.32.826.jpk-force-map,2026-08-27T16:50:32.826000,20,4,0.1,far_constant_referenced,210.0,0.5492659345021287,-1.6339069958254568,3.881367225488816,64
27-08-26/0/map4-0.1-data-2026.08.27-16.50.32.826.jpk-force-map,2026-08-27T16:50:32.826000,20,4,0.1,far_constant_referenced,215.0,0.6519236949012127,-1.3082064547183887,3.1613138402426353,64
27-08-26/0/map4-0.1-data-2026.08.27-16.50.32.826.jpk-force-map,2026-08-27T16:50:32.826000,20,4,0.1,far_constant_referenced,220.0,0.9978101510609836,-2.0143452771615213,2.959413118254229,64
27-08-26/0/map4-0.1-data-2026.08.27-16.50.32.826.jpk-force-map,2026-08-27T16:50:32.826000,20,4,0.1,far_constant_referenced,225.0,0.6290593898256003,-2.166383997743367,3.658757975760572,64
27-08-26/0/map4-0.1-data-2026.08.27-16.50.32.826.jpk-force-map,2026-08-27T16:50:32.826000,20,4,0.1,far_constant_referenced,230.0,0.927269315817129,-2.102904372560978,3.0503833585528684,64
27-08-26/0/map4-0.1-data-2026.08.27-16.50.32.826.jpk-force-map,2026-08-27T16:50:32.826000,20,4,0.1,far_constant_referenced,235.0,0.8912921833111314,-2.5417564992794572,2.624923181949591,64
27-08-26/0/map4-0.1-data-2026.08.27-16.50.32.826.jpk-force-map,2026-08-27T16:50:32.826000,20,4,0.1,far_constant_referenced,240.0,0.4373674315840423,-1.6001093957775294,1.754333587597931,64
27-08-26/0/map4-0.1-data-2026.08.27-16.50.32.826.jpk-force-map,2026-08-27T16:50:32.826000,20,4,0.1,far_constant_referenced,245.0,0.47384342165553134,-2.0632748900232656,2.686947805900087,64
27-08-26/0/map4-0.1-data-2026.08.27-16.50.32.826.jpk-force-map,2026-08-27T16:50:32.826000,20,4,0.1,far_constant_referenced,250.0,0.6096039447797386,-1.4132812987971408,2.6536550021976026,64
27-08-26/0/map4-0.1-data-2026.08.27-16.50.32.826.jpk-force-map,2026-08-27T16:50:32.826000,20,4,0.1,far_constant_referenced,255.0,0.5302974694603139,-0.9022314170645833,2.713719828570289,64
27-08-26/0/map4-0.1-data-2026.08.27-16.50.32.826.jpk-force-map,2026-08-27T16:50:32.826000,20,4,0.1,far_constant_referenced,260.0,0.5599794945947163,-0.8635343230713316,1.884737330675785,64
27-08-26/0/map4-0.1-data-2026.08.27-16.50.32.826.jpk-force-map,2026-08-27T16:50:32.826000,20,4,0.1,far_constant_referenced,265.0,0.7735499203425857,-1.1060503651669886,2.1700541641165967,64
27-08-26/0/map4-0.1-data-2026.08.27-16.50.32.826.jpk-force-map,2026-08-27T16:50:32.826000,20,4,0.1,far_constant_referenced,270.0,0.42472970659685205,-1.3064960859230874,1.8290196916576766,64
27-08-26/0/map4-0.1-data-2026.08.27-16.50.32.826.jpk-force-map,2026-08-27T16:50:32.826000,20,4,0.1,far_constant_referenced,275.0,-0.35562605624367194,-2.169816612894703,1.9589305159508803,64
27-08-26/0/map4-0.1-data-2026.08.27-16.50.32.826.jpk-force-map,2026-08-27T16:50:32.826000,20,4,0.1,far_constant_referenced,280.0,0.35758585382154096,-1.031655261353503,1.8044450177866445,64
27-08-26/0/map4-0.1-data-2026.08.27-16.50.32.826.jpk-force-map,2026-08-27T16:50:32.826000,20,4,0.1,far_constant_referenced,285.0,-0.272946353578,-1.3602598661441085,0.953809726046456,64
27-08-26/0/map4-0.1-data-2026.08.27-16.50.32.826.jpk-force-map,2026-08-27T16:50:32.826000,20,4,0.1,far_constant_referenced,290.0,0.18828309821204448,-1.8511357103858226,1.927282754458124,64
27-08-26/0/map4-0.1-data-2026.08.27-16.50.32.826.jpk-force-map,2026-08-27T16:50:32.826000,20,4,0.1,far_constant_referenced,295.0,0.06565915764028168,-1.6144693671206356,1.45541100794155,64
27-08-26/0/map4-0.1-data-2026.08.27-16.50.32.826.jpk-force-map,2026-08-27T16:50:32.826000,20,4,0.1,far_constant_referenced,300.0,0.06860479278816298,-1.719312598758453,1.2362165570232453,64
27-08-26/0/map4-0.1-data-2026.08.27-16.50.32.826.jpk-force-map,2026-08-27T16:50:32.826000,20,4,0.1,far_constant_referenced,305.0,-0.02870806512630865,-1.3605033561460727,1.2680662370545701,64
27-08-26/0/map4-0.1-data-2026.08.27-16.50.32.826.jpk-force-map,2026-08-27T16:50:32.826000,20,4,0.1,far_constant_referenced,310.0,-0.4830722866129709,-1.3121319886550264,1.5942596969464669,64
27-08-26/0/map4-0.1-data-2026.08.27-16.50.32.826.jpk-force-map,2026-08-27T16:50:32.826000,20,4,0.1,far_constant_referenced,315.0,-0.10021098281716807,-1.101418116346458,1.160081390511855,64
27-08-26/0/map4-0.1-data-2026.08.27-16.50.32.826.jpk-force-map,2026-08-27T16:50:32.826000,20,4,0.1,far_constant_referenced,320.0,-0.030620352459822597,-1.150104239206297,1.6567950560233653,64
27-08-26/0/map4-0.1-data-2026.08.27-16.50.32.826.jpk-force-map,2026-08-27T16:50:32.826000,20,4,0.1,far_constant_referenced,325.0,-0.10704058043716543,-1.9421415833666025,1.2315724306415072,64
27-08-26/0/map4-0.1-data-2026.08.27-16.50.32.826.jpk-force-map,2026-08-27T16:50:32.826000,20,4,0.1,far_constant_referenced,330.0,0.09291816031459016,-1.6088631582923074,1.760913756435301,64
27-08-26/0/map4-0.1-data-2026.08.27-16.50.32.826.jpk-force-map,2026-08-27T16:50:32.826000,20,4,0.1,far_constant_referenced,335.0,0.2364347308234817,-1.4290903325923061,1.3933329349660357,64
27-08-26/0/map4-0.1-data-2026.08.27-16.50.32.826.jpk-force-map,2026-08-27T16:50:32.826000,20,4,0.1,far_constant_referenced,340.0,-0.05787935513413103,-1.1894842929609677,0.662868867434972,64
27-08-26/0/map4-0.1-data-2026.08.27-16.50.32.826.jpk-force-map,2026-08-27T16:50:32.826000,20,4,0.1,far_constant_referenced,345.0,0.07639647285528385,-1.3323000873660367,1.5118294230631848,64
27-08-26/0/map4-0.1-data-2026.08.27-16.50.32.826.jpk-force-map,2026-08-27T16:50:32.826000,20,4,0.1,far_constant_referenced,350.0,0.2111474032880125,-1.6047357058175158,1.3957856513289701,64
27-08-26/0/map4-0.1-data-2026.08.27-16.50.32.826.jpk-force-map,2026-08-27T16:50:32.826000,20,4,0.1,far_constant_referenced,355.0,-0.2991957635609484,-1.313088132321902,1.0593774889102143,64
27-08-26/0/map4-0.1-data-2026.08.27-16.50.32.826.jpk-force-map,2026-08-27T16:50:32.826000,20,4,0.1,far_constant_referenced,360.0,-0.3035904611598816,-1.985435293496763,1.4590158477287911,64
27-08-26/0/map4-0.1-data-2026.08.27-16.50.32.826.jpk-force-map,2026-08-27T16:50:32.826000,20,4,0.1,far_constant_referenced,365.0,0.28118938096602003,-1.8774148142709002,1.676761236195333,62
27-08-26/0/map4-0.1-data-2026.08.27-16.50.32.826.jpk-force-map,2026-08-27T16:50:32.826000,20,4,0.1,far_constant_referenced,370.0,0.11628132295593088,-0.8153708128990427,2.6057171656859413,44
27-08-26/0/map4-0.05-data-2026.08.27-16.56.56.658.jpk-force-map,2026-08-27T16:56:56.658000,21,4,0.05,linear_drift_corrected,5.0,6924.010801995519,6700.758727225266,7113.119639203554,64
27-08-26/0/map4-0.05-data-2026.08.27-16.56.56.658.jpk-force-map,2026-08-27T16:56:56.658000,21,4,0.05,linear_drift_corrected,10.0,4276.921705039338,4057.7604968781716,4417.198973443326,64
27-08-26/0/map4-0.05-data-2026.08.27-16.56.56.658.jpk-force-map,2026-08-27T16:56:56.658000,21,4,0.05,linear_drift_corrected,15.0,2796.8475319284644,2660.1624285035286,2868.8912428192825,64
27-08-26/0/map4-0.05-data-2026.08.27-16.56.56.658.jpk-force-map,2026-08-27T16:56:56.658000,21,4,0.05,linear_drift_corrected,20.0,1907.9912092456216,1835.4611403582983,1961.298981333487,64
27-08-26/0/map4-0.05-data-2026.08.27-16.56.56.658.jpk-force-map,2026-08-27T16:56:56.658000,21,4,0.05,linear_drift_corrected,25.0,1340.5576743006604,1279.0147542697227,1378.9426300113817,64
27-08-26/0/map4-0.05-data-2026.08.27-16.56.56.658.jpk-force-map,2026-08-27T16:56:56.658000,21,4,0.05,linear_drift_corrected,30.0,948.7206481325538,897.6836259442553,983.7634942872622,64
27-08-26/0/map4-0.05-data-2026.08.27-16.56.56.658.jpk-force-map,2026-08-27T16:56:56.658000,21,4,0.05,linear_drift_corrected,35.0,683.2364746679193,640.591519444255,712.5874479847384,64
27-08-26/0/map4-0.05-data-2026.08.27-16.56.56.658.jpk-force-map,2026-08-27T16:56:56.658000,21,4,0.05,linear_drift_corrected,40.0,491.0328098496093,452.7092344212911,513.267766347324,64
27-08-26/0/map4-0.05-data-2026.08.27-16.56.56.658.jpk-force-map,2026-08-27T16:56:56.658000,21,4,0.05,linear_drift_corrected,45.0,353.6891211604377,319.1281268140679,372.2133653034691,64
27-08-26/0/map4-0.05-data-2026.08.27-16.56.56.658.jpk-force-map,2026-08-27T16:56:56.658000,21,4,0.05,linear_drift_corrected,50.0,253.3711713628095,225.55091057402998,271.15269381459575,64
27-08-26/0/map4-0.05-data-2026.08.27-16.56.56.658.jpk-force-map,2026-08-27T16:56:56.658000,21,4,0.05,linear_drift_corrected,55.0,183.2216316383272,161.20890951148158,200.13264134838712,64
27-08-26/0/map4-0.05-data-2026.08.27-16.56.56.658.jpk-force-map,2026-08-27T16:56:56.658000,21,4,0.05,linear_drift_corrected,60.0,132.00913587209087,114.58284910421636,145.34737726522528,64
27-08-26/0/map4-0.05-data-2026.08.27-16.56.56.658.jpk-force-map,2026-08-27T16:56:56.658000,21,4,0.05,linear_drift_corrected,65.0,95.09888516883302,79.36282683393252,107.64496697011748,64
27-08-26/0/map4-0.05-data-2026.08.27-16.56.56.658.jpk-force-map,2026-08-27T16:56:56.658000,21,4,0.05,linear_drift_corrected,70.0,68.70899985466536,56.115079650395515,80.91261281560938,64
27-08-26/0/map4-0.05-data-2026.08.27-16.56.56.658.jpk-force-map,2026-08-27T16:56:56.658000,21,4,0.05,linear_drift_corrected,75.0,50.16462739833136,40.37462968366641,61.09753426703719,64
27-08-26/0/map4-0.05-data-2026.08.27-16.56.56.658.jpk-force-map,2026-08-27T16:56:56.658000,21,4,0.05,linear_drift_corrected,80.0,37.8366040405959,29.025867423082257,48.530187337345296,64
27-08-26/0/map4-0.05-data-2026.08.27-16.56.56.658.jpk-force-map,2026-08-27T16:56:56.658000,21,4,0.05,linear_drift_corrected,85.0,28.151670324891683,19.464607949313795,38.11434453278242,64
27-08-26/0/map4-0.05-data-2026.08.27-16.56.56.658.jpk-force-map,2026-08-27T16:56:56.658000,21,4,0.05,linear_drift_corrected,90.0,20.170595140149263,13.713182725126691,30.030442067098466,64
27-08-26/0/map4-0.05-data-2026.08.27-16.56.56.658.jpk-force-map,2026-08-27T16:56:56.658000,21,4,0.05,linear_drift_corrected,95.0,15.998112727517086,8.067041599031098,25.371884776190125,64
27-08-26/0/map4-0.05-data-2026.08.27-16.56.56.658.jpk-force-map,2026-08-27T16:56:56.658000,21,4,0.05,linear_drift_corrected,100.0,13.664789815096258,5.153831132567622,21.634820570969623,64
27-08-26/0/map4-0.05-data-2026.08.27-16.56.56.658.jpk-force-map,2026-08-27T16:56:56.658000,21,4,0.05,linear_drift_corrected,105.0,10.582795333067928,1.8960607528262292,18.186562427377382,64
27-08-26/0/map4-0.05-data-2026.08.27-16.56.56.658.jpk-force-map,2026-08-27T16:56:56.658000,21,4,0.05,linear_drift_corrected,110.0,8.836215988667188,-0.3720933247430631,16.874194742830973,64
27-08-26/0/map4-0.05-data-2026.08.27-16.56.56.658.jpk-force-map,2026-08-27T16:56:56.658000,21,4,0.05,linear_drift_corrected,115.0,7.769258889624394,-0.5535239432545191,15.196221520687422,64
27-08-26/0/map4-0.05-data-2026.08.27-16.56.56.658.jpk-force-map,2026-08-27T16:56:56.658000,21,4,0.05,linear_drift_corrected,120.0,7.692847748608335,-0.6924085944271501,15.145355757251274,64
27-08-26/0/map4-0.05-data-2026.08.27-16.56.56.658.jpk-force-map,2026-08-27T16:56:56.658000,21,4,0.05,linear_drift_corrected,125.0,6.7546249287239775,-1.9082176260575632,13.682529602076443,64
27-08-26/0/map4-0.05-data-2026.08.27-16.56.56.658.jpk-force-map,2026-08-27T16:56:56.658000,21,4,0.05,linear_drift_corrected,130.0,5.105293933279025,-1.5821869271797353,13.246900557664702,64
27-08-26/0/map4-0.05-data-2026.08.27-16.56.56.658.jpk-force-map,2026-08-27T16:56:56.658000,21,4,0.05,linear_drift_corrected,135.0,4.918641623203855,-2.1873631140615655,12.777823143245392,64
27-08-26/0/map4-0.05-data-2026.08.27-16.56.56.658.jpk-force-map,2026-08-27T16:56:56.658000,21,4,0.05,linear_drift_corrected,140.0,4.477205173860632,-2.613076967193421,10.987201808046429,64
27-08-26/0/map4-0.05-data-2026.08.27-16.56.56.658.jpk-force-map,2026-08-27T16:56:56.658000,21,4,0.05,linear_drift_corrected,145.0,2.6887830407816713,-2.6471483882466984,10.425979536504766,64
27-08-26/0/map4-0.05-data-2026.08.27-16.56.56.658.jpk-force-map,2026-08-27T16:56:56.658000,21,4,0.05,linear_drift_corrected,150.0,2.0385735392507773,-2.4742083193393087,9.858075586945196,64
27-08-26/0/map4-0.05-data-2026.08.27-16.56.56.658.jpk-force-map,2026-08-27T16:56:56.658000,21,4,0.05,linear_drift_corrected,155.0,2.6363490218563097,-1.8057650964685699,9.575919551292282,64
27-08-26/0/map4-0.05-data-2026.08.27-16.56.56.658.jpk-force-map,2026-08-27T16:56:56.658000,21,4,0.05,linear_drift_corrected,160.0,2.7775576269906184,-1.3235994663202804,8.65464985915123,64
27-08-26/0/map4-0.05-data-2026.08.27-16.56.56.658.jpk-force-map,2026-08-27T16:56:56.658000,21,4,0.05,linear_drift_corrected,165.0,2.55976267228242,-1.051134253804359,8.360501380561981,64
27-08-26/0/map4-0.05-data-2026.08.27-16.56.56.658.jpk-force-map,2026-08-27T16:56:56.658000,21,4,0.05,linear_drift_corrected,170.0,2.186978776284173,-2.2915010211616904,8.355727066601698,64
27-08-26/0/map4-0.05-data-2026.08.27-16.56.56.658.jpk-force-map,2026-08-27T16:56:56.658000,21,4,0.05,linear_drift_corrected,175.0,2.1550253261291923,-2.226698865903907,7.029747899151953,64
27-08-26/0/map4-0.05-data-2026.08.27-16.56.56.658.jpk-force-map,2026-08-27T16:56:56.658000,21,4,0.05,linear_drift_corrected,180.0,2.0981947640133445,-1.6029106159506172,7.848870731311747,64
27-08-26/0/map4-0.05-data-2026.08.27-16.56.56.658.jpk-force-map,2026-08-27T16:56:56.658000,21,4,0.05,linear_drift_corrected,185.0,2.271696061750454,-0.9675104166014165,7.343744971575097,64
27-08-26/0/map4-0.05-data-2026.08.27-16.56.56.658.jpk-force-map,2026-08-27T16:56:56.658000,21,4,0.05,linear_drift_corrected,190.0,1.7483830509812694,-1.0240801614249064,7.191105127616991,64
27-08-26/0/map4-0.05-data-2026.08.27-16.56.56.658.jpk-force-map,2026-08-27T16:56:56.658000,21,4,0.05,linear_drift_corrected,195.0,1.722833230526725,-1.5329164654690401,6.210159112213934,64
27-08-26/0/map4-0.05-data-2026.08.27-16.56.56.658.jpk-force-map,2026-08-27T16:56:56.658000,21,4,0.05,linear_drift_corrected,200.0,1.1449496581721397,-1.0909015116093679,5.248705840222274,64
27-08-26/0/map4-0.05-data-2026.08.27-16.56.56.658.jpk-force-map,2026-08-27T16:56:56.658000,21,4,0.05,linear_drift_corrected,205.0,1.6966179354914237,-1.6423191507359103,4.71014520145937,64
27-08-26/0/map4-0.05-data-2026.08.27-16.56.56.658.jpk-force-map,2026-08-27T16:56:56.658000,21,4,0.05,linear_drift_corrected,210.0,0.9141182004096026,-1.661426779354513,4.560806362861652,64
27-08-26/0/map4-0.05-data-2026.08.27-16.56.56.658.jpk-force-map,2026-08-27T16:56:56.658000,21,4,0.05,linear_drift_corrected,215.0,1.2213724343514463,-1.4708321376544073,4.627444009522111,64
27-08-26/0/map4-0.05-data-2026.08.27-16.56.56.658.jpk-force-map,2026-08-27T16:56:56.658000,21,4,0.05,linear_drift_corrected,220.0,0.8996009294917289,-1.4807753478110608,4.241075412710121,64
27-08-26/0/map4-0.05-data-2026.08.27-16.56.56.658.jpk-force-map,2026-08-27T16:56:56.658000,21,4,0.05,linear_drift_corrected,225.0,0.6885410434864123,-1.2162659694829299,4.208817555061064,64
27-08-26/0/map4-0.05-data-2026.08.27-16.56.56.658.jpk-force-map,2026-08-27T16:56:56.658000,21,4,0.05,linear_drift_corrected,230.0,0.6084884576337355,-2.4027381686799236,3.5483738127444737,64
27-08-26/0/map4-0.05-data-2026.08.27-16.56.56.658.jpk-force-map,2026-08-27T16:56:56.658000,21,4,0.05,linear_drift_corrected,235.0,0.7952840796038129,-1.919329714720996,4.145498386391029,64
27-08-26/0/map4-0.05-data-2026.08.27-16.56.56.658.jpk-force-map,2026-08-27T16:56:56.658000,21,4,0.05,linear_drift_corrected,240.0,1.1421352985114794,-1.8262172639768175,3.6048413116409947,64
27-08-26/0/map4-0.05-data-2026.08.27-16.56.56.658.jpk-force-map,2026-08-27T16:56:56.658000,21,4,0.05,linear_drift_corrected,245.0,0.7192761077173568,-3.176445397112598,3.5698725769761968,64
27-08-26/0/map4-0.05-data-2026.08.27-16.56.56.658.jpk-force-map,2026-08-27T16:56:56.658000,21,4,0.05,linear_drift_corrected,250.0,0.6963664190369001,-2.1192323118534873,3.338327577212788,64
27-08-26/0/map4-0.05-data-2026.08.27-16.56.56.658.jpk-force-map,2026-08-27T16:56:56.658000,21,4,0.05,linear_drift_corrected,255.0,0.31048909006161957,-2.092097473672072,2.7748797872137496,64
27-08-26/0/map4-0.05-data-2026.08.27-16.56.56.658.jpk-force-map,2026-08-27T16:56:56.658000,21,4,0.05,linear_drift_corrected,260.0,0.06031595061693282,-1.9903338213475572,2.46453401078769,64
27-08-26/0/map4-0.05-data-2026.08.27-16.56.56.658.jpk-force-map,2026-08-27T16:56:56.658000,21,4,0.05,linear_drift_corrected,265.0,0.06311264765797729,-2.003821316261726,1.7832159287759035,64
27-08-26/0/map4-0.05-data-2026.08.27-16.56.56.658.jpk-force-map,2026-08-27T16:56:56.658000,21,4,0.05,linear_drift_corrected,270.0,0.3430467858656737,-1.4785324732993028,1.8941059076878393,64
27-08-26/0/map4-0.05-data-2026.08.27-16.56.56.658.jpk-force-map,2026-08-27T16:56:56.658000,21,4,0.05,linear_drift_corrected,275.0,-0.1946406735237764,-1.4431771727960312,1.4998766854259333,64
27-08-26/0/map4-0.05-data-2026.08.27-16.56.56.658.jpk-force-map,2026-08-27T16:56:56.658000,21,4,0.05,linear_drift_corrected,280.0,0.045636813151703745,-1.160116880946255,1.135393827959895,64
27-08-26/0/map4-0.05-data-2026.08.27-16.56.56.658.jpk-force-map,2026-08-27T16:56:56.658000,21,4,0.05,linear_drift_corrected,285.0,0.15908997498638477,-1.0660160560984293,1.0623779736632983,64
27-08-26/0/map4-0.05-data-2026.08.27-16.56.56.658.jpk-force-map,2026-08-27T16:56:56.658000,21,4,0.05,linear_drift_corrected,290.0,0.33072044394988354,-0.9153837183766467,1.881813489182209,64
27-08-26/0/map4-0.05-data-2026.08.27-16.56.56.658.jpk-force-map,2026-08-27T16:56:56.658000,21,4,0.05,linear_drift_corrected,295.0,0.1972532154349047,-0.9447424764580932,1.8725723037136186,64
27-08-26/0/map4-0.05-data-2026.08.27-16.56.56.658.jpk-force-map,2026-08-27T16:56:56.658000,21,4,0.05,linear_drift_corrected,300.0,0.42510219360883406,-1.6292205678334726,1.3018967472793028,64
27-08-26/0/map4-0.05-data-2026.08.27-16.56.56.658.jpk-force-map,2026-08-27T16:56:56.658000,21,4,0.05,linear_drift_corrected,305.0,-0.4585962845845732,-1.5334459871937516,0.9137996552574635,64
27-08-26/0/map4-0.05-data-2026.08.27-16.56.56.658.jpk-force-map,2026-08-27T16:56:56.658000,21,4,0.05,linear_drift_corrected,310.0,-0.2980778655127686,-1.4309750007069377,1.4785033648539874,64
27-08-26/0/map4-0.05-data-2026.08.27-16.56.56.658.jpk-force-map,2026-08-27T16:56:56.658000,21,4,0.05,linear_drift_corrected,315.0,-0.5118865915355764,-2.257646143160849,1.3559866382494745,64
27-08-26/0/map4-0.05-data-2026.08.27-16.56.56.658.jpk-force-map,2026-08-27T16:56:56.658000,21,4,0.05,linear_drift_corrected,320.0,-0.816970381233491,-1.9877479911721043,0.4115863836157978,64
27-08-26/0/map4-0.05-data-2026.08.27-16.56.56.658.jpk-force-map,2026-08-27T16:56:56.658000,21,4,0.05,linear_drift_corrected,325.0,0.16544578634337442,-1.285656616339244,0.9559246929114291,64
27-08-26/0/map4-0.05-data-2026.08.27-16.56.56.658.jpk-force-map,2026-08-27T16:56:56.658000,21,4,0.05,linear_drift_corrected,330.0,-0.19919686584307275,-1.4922326029588109,1.286903907253488,64
27-08-26/0/map4-0.05-data-2026.08.27-16.56.56.658.jpk-force-map,2026-08-27T16:56:56.658000,21,4,0.05,linear_drift_corrected,335.0,-0.4084026300395164,-1.4301415785672555,1.4303743018139166,64
27-08-26/0/map4-0.05-data-2026.08.27-16.56.56.658.jpk-force-map,2026-08-27T16:56:56.658000,21,4,0.05,linear_drift_corrected,340.0,0.005782325184683973,-0.9768597937889136,1.405615865972863,64
27-08-26/0/map4-0.05-data-2026.08.27-16.56.56.658.jpk-force-map,2026-08-27T16:56:56.658000,21,4,0.05,linear_drift_corrected,345.0,-0.07571879907983044,-1.1758957108733026,1.1156494687377547,64
27-08-26/0/map4-0.05-data-2026.08.27-16.56.56.658.jpk-force-map,2026-08-27T16:56:56.658000,21,4,0.05,linear_drift_corrected,350.0,0.12098704708973385,-0.9250099101677273,1.4679525386734213,64
27-08-26/0/map4-0.05-data-2026.08.27-16.56.56.658.jpk-force-map,2026-08-27T16:56:56.658000,21,4,0.05,linear_drift_corrected,355.0,0.1943014057789888,-0.8202161134031475,1.5358949665308217,64
27-08-26/0/map4-0.05-data-2026.08.27-16.56.56.658.jpk-force-map,2026-08-27T16:56:56.658000,21,4,0.05,linear_drift_corrected,360.0,-0.12778439175044046,-1.808662427413477,1.142658275998922,63
27-08-26/0/map4-0.05-data-2026.08.27-16.56.56.658.jpk-force-map,2026-08-27T16:56:56.658000,21,4,0.05,linear_drift_corrected,365.0,-0.290590932312076,-1.606359505504717,1.016384551044068,62
27-08-26/0/map4-0.05-data-2026.08.27-16.56.56.658.jpk-force-map,2026-08-27T16:56:56.658000,21,4,0.05,linear_drift_corrected,370.0,0.5604454927147837,-0.7711294782779493,2.179854475851452,44
27-08-26/0/map4-0.05-data-2026.08.27-16.56.56.658.jpk-force-map,2026-08-27T16:56:56.658000,21,4,0.05,far_constant_referenced,5.0,6935.801034287859,6705.901195038921,7106.409781186676,64
27-08-26/0/map4-0.05-data-2026.08.27-16.56.56.658.jpk-force-map,2026-08-27T16:56:56.658000,21,4,0.05,far_constant_referenced,10.0,4280.9856656381035,4055.352495757253,4414.558520175197,64
27-08-26/0/map4-0.05-data-2026.08.27-16.56.56.658.jpk-force-map,2026-08-27T16:56:56.658000,21,4,0.05,far_constant_referenced,15.0,2806.5362694524374,2661.816638598786,2874.77198484619,64
27-08-26/0/map4-0.05-data-2026.08.27-16.56.56.658.jpk-force-map,2026-08-27T16:56:56.658000,21,4,0.05,far_constant_referenced,20.0,1922.4016944880032,1829.846833133628,1958.4670178849992,64
27-08-26/0/map4-0.05-data-2026.08.27-16.56.56.658.jpk-force-map,2026-08-27T16:56:56.658000,21,4,0.05,far_constant_referenced,25.0,1338.8059976911704,1282.6740337100528,1380.9147073077033,64
27-08-26/0/map4-0.05-data-2026.08.27-16.56.56.658.jpk-force-map,2026-08-27T16:56:56.658000,21,4,0.05,far_constant_referenced,30.0,954.8840989562492,908.4753855964642,990.0933946487756,64
27-08-26/0/map4-0.05-data-2026.08.27-16.56.56.658.jpk-force-map,2026-08-27T16:56:56.658000,21,4,0.05,far_constant_referenced,35.0,681.3525260663985,646.0636566534287,713.5122163806233,64
27-08-26/0/map4-0.05-data-2026.08.27-16.56.56.658.jpk-force-map,2026-08-27T16:56:56.658000,21,4,0.05,far_constant_referenced,40.0,492.432469886189,458.89281483199215,518.8435988019612,64
27-08-26/0/map4-0.05-data-2026.08.27-16.56.56.658.jpk-force-map,2026-08-27T16:56:56.658000,21,4,0.05,far_constant_referenced,45.0,355.3003735188307,322.7928191345272,376.82088696673446,64
27-08-26/0/map4-0.05-data-2026.08.27-16.56.56.658.jpk-force-map,2026-08-27T16:56:56.658000,21,4,0.05,far_constant_referenced,50.0,256.5413156454814,230.12216937598168,275.37248795892833,64
27-08-26/0/map4-0.05-data-2026.08.27-16.56.56.658.jpk-force-map,2026-08-27T16:56:56.658000,21,4,0.05,far_constant_referenced,55.0,185.40799202254578,163.84755215307754,201.3230271115267,64
27-08-26/0/map4-0.05-data-2026.08.27-16.56.56.658.jpk-force-map,2026-08-27T16:56:56.658000,21,4,0.05,far_constant_referenced,60.0,137.51109746380428,118.54373109625413,149.44455434447903,64
27-08-26/0/map4-0.05-data-2026.08.27-16.56.56.658.jpk-force-map,2026-08-27T16:56:56.658000,21,4,0.05,far_constant_referenced,65.0,98.98819978167037,85.44219769876975,111.02115499149741,64
27-08-26/0/map4-0.05-data-2026.08.27-16.56.56.658.jpk-force-map,2026-08-27T16:56:56.658000,21,4,0.05,far_constant_referenced,70.0,74.657597913388,62.30425143225604,83.36406991861831,64
27-08-26/0/map4-0.05-data-2026.08.27-16.56.56.658.jpk-force-map,2026-08-27T16:56:56.658000,21,4,0.05,far_constant_referenced,75.0,57.4172942531999,45.09874308724636,62.969062280927005,64
27-08-26/0/map4-0.05-data-2026.08.27-16.56.56.658.jpk-force-map,2026-08-27T16:56:56.658000,21,4,0.05,far_constant_referenced,80.0,42.84308734043892,35.826958562497765,49.55417065598842,64
27-08-26/0/map4-0.05-data-2026.08.27-16.56.56.658.jpk-force-map,2026-08-27T16:56:56.658000,21,4,0.05,far_constant_referenced,85.0,33.84615551782082,26.71302088569768,38.84597328224246,64
27-08-26/0/map4-0.05-data-2026.08.27-16.56.56.658.jpk-force-map,2026-08-27T16:56:56.658000,21,4,0.05,far_constant_referenced,90.0,26.242580385291415,19.882508693506214,30.574629788333226,64
27-08-26/0/map4-0.05-data-2026.08.27-16.56.56.658.jpk-force-map,2026-08-27T16:56:56.658000,21,4,0.05,far_constant_referenced,95.0,21.46413066546561,16.556969755015206,26.03554855691734,64
27-08-26/0/map4-0.05-data-2026.08.27-16.56.56.658.jpk-force-map,2026-08-27T16:56:56.658000,21,4,0.05,far_constant_referenced,100.0,18.157821498360132,11.9069580419092,21.807807895264588,64
27-08-26/0/map4-0.05-data-2026.08.27-16.56.56.658.jpk-force-map,2026-08-27T16:56:56.658000,21,4,0.05,far_constant_referenced,105.0,15.11766471989592,10.11518044301217,19.402768062775856,64
27-08-26/0/map4-0.05-data-2026.08.27-16.56.56.658.jpk-force-map,2026-08-27T16:56:56.658000,21,4,0.05,far_constant_referenced,110.0,12.109126009021686,8.634007005091837,16.512690207315686,64
27-08-26/0/map4-0.05-data-2026.08.27-16.56.56.658.jpk-force-map,2026-08-27T16:56:56.658000,21,4,0.05,far_constant_referenced,115.0,10.36447857248341,7.556165847486021,14.353593093293581,64
27-08-26/0/map4-0.05-data-2026.08.27-16.56.56.658.jpk-force-map,2026-08-27T16:56:56.658000,21,4,0.05,far_constant_referenced,120.0,10.053630921504926,6.4673676397847055,14.52632252527369,64
27-08-26/0/map4-0.05-data-2026.08.27-16.56.56.658.jpk-force-map,2026-08-27T16:56:56.658000,21,4,0.05,far_constant_referenced,125.0,9.239210313492276,6.500666382267853,12.709904925920412,64
27-08-26/0/map4-0.05-data-2026.08.27-16.56.56.658.jpk-force-map,2026-08-27T16:56:56.658000,21,4,0.05,far_constant_referenced,130.0,8.274978027599492,5.245724850204935,12.761512928805006,64
27-08-26/0/map4-0.05-data-2026.08.27-16.56.56.658.jpk-force-map,2026-08-27T16:56:56.658000,21,4,0.05,far_constant_referenced,135.0,7.650800315376872,5.047725907030573,12.328771807261187,64
27-08-26/0/map4-0.05-data-2026.08.27-16.56.56.658.jpk-force-map,2026-08-27T16:56:56.658000,21,4,0.05,far_constant_referenced,140.0,7.382213026714538,4.790107546024118,11.352596633704136,64
27-08-26/0/map4-0.05-data-2026.08.27-16.56.56.658.jpk-force-map,2026-08-27T16:56:56.658000,21,4,0.05,far_constant_referenced,145.0,6.59455256381094,4.204371560231282,9.862906984490682,64
27-08-26/0/map4-0.05-data-2026.08.27-16.56.56.658.jpk-force-map,2026-08-27T16:56:56.658000,21,4,0.05,far_constant_referenced,150.0,6.56098657620371,3.5364072190936136,10.490024393080402,64
27-08-26/0/map4-0.05-data-2026.08.27-16.56.56.658.jpk-force-map,2026-08-27T16:56:56.658000,21,4,0.05,far_constant_referenced,155.0,6.401447175801122,3.7959616225558785,10.44137390290383,64
27-08-26/0/map4-0.05-data-2026.08.27-16.56.56.658.jpk-force-map,2026-08-27T16:56:56.658000,21,4,0.05,far_constant_referenced,160.0,6.338175407937314,2.9061481955987585,10.105428965366944,64
27-08-26/0/map4-0.05-data-2026.08.27-16.56.56.658.jpk-force-map,2026-08-27T16:56:56.658000,21,4,0.05,far_constant_referenced,165.0,6.422826785741824,2.1795265190765933,10.841511119288372,64
27-08-26/0/map4-0.05-data-2026.08.27-16.56.56.658.jpk-force-map,2026-08-27T16:56:56.658000,21,4,0.05,far_constant_referenced,170.0,5.095651865981562,1.7443801914143133,10.07700002292616,64
27-08-26/0/map4-0.05-data-2026.08.27-16.56.56.658.jpk-force-map,2026-08-27T16:56:56.658000,21,4,0.05,far_constant_referenced,175.0,4.793534222395266,2.2809549519044117,8.765093707932058,64
27-08-26/0/map4-0.05-data-2026.08.27-16.56.56.658.jpk-force-map,2026-08-27T16:56:56.658000,21,4,0.05,far_constant_referenced,180.0,4.997887660746429,1.3571123124583702,9.474445410646265,64
27-08-26/0/map4-0.05-data-2026.08.27-16.56.56.658.jpk-force-map,2026-08-27T16:56:56.658000,21,4,0.05,far_constant_referenced,185.0,4.693810219582499,1.6689576785675382,9.259396228544444,64
27-08-26/0/map4-0.05-data-2026.08.27-16.56.56.658.jpk-force-map,2026-08-27T16:56:56.658000,21,4,0.05,far_constant_referenced,190.0,3.910520699155776,0.7640538102604709,8.81596530202998,64
27-08-26/0/map4-0.05-data-2026.08.27-16.56.56.658.jpk-force-map,2026-08-27T16:56:56.658000,21,4,0.05,far_constant_referenced,195.0,3.5398101403426416,0.9392122034811599,8.095205201899669,64
27-08-26/0/map4-0.05-data-2026.08.27-16.56.56.658.jpk-force-map,2026-08-27T16:56:56.658000,21,4,0.05,far_constant_referenced,200.0,4.581899839103087,0.24496875845782096,8.029498534014794,64
27-08-26/0/map4-0.05-data-2026.08.27-16.56.56.658.jpk-force-map,2026-08-27T16:56:56.658000,21,4,0.05,far_constant_referenced,205.0,4.014663154689533,-0.009490171301451814,7.877002527331091,64
27-08-26/0/map4-0.05-data-2026.08.27-16.56.56.658.jpk-force-map,2026-08-27T16:56:56.658000,21,4,0.05,far_constant_referenced,210.0,3.740267738660126,0.0617573788264732,7.048958356761532,64
27-08-26/0/map4-0.05-data-2026.08.27-16.56.56.658.jpk-force-map,2026-08-27T16:56:56.658000,21,4,0.05,far_constant_referenced,215.0,4.084206274802642,-0.03260390515980982,6.352066215618005,64
27-08-26/0/map4-0.05-data-2026.08.27-16.56.56.658.jpk-force-map,2026-08-27T16:56:56.658000,21,4,0.05,far_constant_referenced,220.0,3.278088081983454,-0.5631211094997919,6.487310064835503,64
27-08-26/0/map4-0.05-data-2026.08.27-16.56.56.658.jpk-force-map,2026-08-27T16:56:56.658000,21,4,0.05,far_constant_referenced,225.0,2.5887025594413324,-1.5670125718328913,6.181290642435162,64
27-08-26/0/map4-0.05-data-2026.08.27-16.56.56.658.jpk-force-map,2026-08-27T16:56:56.658000,21,4,0.05,far_constant_referenced,230.0,2.48216083656954,-1.2639269070189862,5.5237547999244825,64
27-08-26/0/map4-0.05-data-2026.08.27-16.56.56.658.jpk-force-map,2026-08-27T16:56:56.658000,21,4,0.05,far_constant_referenced,235.0,3.0863842461810442,0.5234619330595944,6.077664860808291,64
27-08-26/0/map4-0.05-data-2026.08.27-16.56.56.658.jpk-force-map,2026-08-27T16:56:56.658000,21,4,0.05,far_constant_referenced,240.0,2.623729487061177,-0.33544607997192866,5.1739487486094475,64
27-08-26/0/map4-0.05-data-2026.08.27-16.56.56.658.jpk-force-map,2026-08-27T16:56:56.658000,21,4,0.05,far_constant_referenced,245.0,1.604492215815137,-0.9661920834707118,4.684302231939117,64
27-08-26/0/map4-0.05-data-2026.08.27-16.56.56.658.jpk-force-map,2026-08-27T16:56:56.658000,21,4,0.05,far_constant_referenced,250.0,1.602057315794191,-0.9883377961011056,4.565128722860502,64
27-08-26/0/map4-0.05-data-2026.08.27-16.56.56.658.jpk-force-map,2026-08-27T16:56:56.658000,21,4,0.05,far_constant_referenced,255.0,1.2123782919392427,-1.5529495395162343,4.31602063436686,64
27-08-26/0/map4-0.05-data-2026.08.27-16.56.56.658.jpk-force-map,2026-08-27T16:56:56.658000,21,4,0.05,far_constant_referenced,260.0,0.6441557699560323,-1.1456917252654344,4.430348098525407,64
27-08-26/0/map4-0.05-data-2026.08.27-16.56.56.658.jpk-force-map,2026-08-27T16:56:56.658000,21,4,0.05,far_constant_referenced,265.0,0.8158696704644154,-1.166887233009497,3.25371532665105,64
27-08-26/0/map4-0.05-data-2026.08.27-16.56.56.658.jpk-force-map,2026-08-27T16:56:56.658000,21,4,0.05,far_constant_referenced,270.0,0.7025221050945658,-0.8533552532272053,3.15402695652155,64
27-08-26/0/map4-0.05-data-2026.08.27-16.56.56.658.jpk-force-map,2026-08-27T16:56:56.658000,21,4,0.05,far_constant_referenced,275.0,0.4816588568450669,-1.2203897068868024,2.7961619800145416,64
27-08-26/0/map4-0.05-data-2026.08.27-16.56.56.658.jpk-force-map,2026-08-27T16:56:56.658000,21,4,0.05,far_constant_referenced,280.0,0.7609240729164842,-0.8234000441881761,2.3799781786138285,64
27-08-26/0/map4-0.05-data-2026.08.27-16.56.56.658.jpk-force-map,2026-08-27T16:56:56.658000,21,4,0.05,far_constant_referenced,285.0,0.6173718697248005,-0.7248637974826279,2.2474067806389932,64
27-08-26/0/map4-0.05-data-2026.08.27-16.56.56.658.jpk-force-map,2026-08-27T16:56:56.658000,21,4,0.05,far_constant_referenced,290.0,0.8149075880171733,-1.1418255791345366,2.761158807517112,64
27-08-26/0/map4-0.05-data-2026.08.27-16.56.56.658.jpk-force-map,2026-08-27T16:56:56.658000,21,4,0.05,far_constant_referenced,295.0,0.4514898517061434,-0.660160783509044,2.6434224833286954,64
27-08-26/0/map4-0.05-data-2026.08.27-16.56.56.658.jpk-force-map,2026-08-27T16:56:56.658000,21,4,0.05,far_constant_referenced,300.0,0.8406700179956006,-1.421328346427611,1.737794083796458,64
27-08-26/0/map4-0.05-data-2026.08.27-16.56.56.658.jpk-force-map,2026-08-27T16:56:56.658000,21,4,0.05,far_constant_referenced,305.0,-0.10263400527702493,-0.9980714574044623,0.8827581556762586,64
27-08-26/0/map4-0.05-data-2026.08.27-16.56.56.658.jpk-force-map,2026-08-27T16:56:56.658000,21,4,0.05,far_constant_referenced,310.0,0.027259002674427005,-1.6066955033950292,1.8017666277637348,64
27-08-26/0/map4-0.05-data-2026.08.27-16.56.56.658.jpk-force-map,2026-08-27T16:56:56.658000,21,4,0.05,far_constant_referenced,315.0,-0.6368273147710178,-2.230118990489165,1.4145284427102762,64
27-08-26/0/map4-0.05-data-2026.08.27-16.56.56.658.jpk-force-map,2026-08-27T16:56:56.658000,21,4,0.05,far_constant_referenced,320.0,-0.7716020003258055,-1.9311607781502287,0.318164228602704,64
27-08-26/0/map4-0.05-data-2026.08.27-16.56.56.658.jpk-force-map,2026-08-27T16:56:56.658000,21,4,0.05,far_constant_referenced,325.0,0.053508412657493946,-1.6949932924508295,0.8360555855170586,64
27-08-26/0/map4-0.05-data-2026.08.27-16.56.56.658.jpk-force-map,2026-08-27T16:56:56.658000,21,4,0.05,far_constant_referenced,330.0,-0.17759329324187154,-1.6117612831948853,1.1109261039895428,64
27-08-26/0/map4-0.05-data-2026.08.27-16.56.56.658.jpk-force-map,2026-08-27T16:56:56.658000,21,4,0.05,far_constant_referenced,335.0,-1.0250572761744405,-1.7822993051566063,1.6648242873120247,64
27-08-26/0/map4-0.05-data-2026.08.27-16.56.56.658.jpk-force-map,2026-08-27T16:56:56.658000,21,4,0.05,far_constant_referenced,340.0,-0.05690539512580019,-1.650945357192421,1.28585882354996,64
27-08-26/0/map4-0.05-data-2026.08.27-16.56.56.658.jpk-force-map,2026-08-27T16:56:56.658000,21,4,0.05,far_constant_referenced,345.0,-0.19801082073509388,-1.8681978268741344,1.2520196520381628,64
27-08-26/0/map4-0.05-data-2026.08.27-16.56.56.658.jpk-force-map,2026-08-27T16:56:56.658000,21,4,0.05,far_constant_referenced,350.0,-0.5380891495273162,-2.368795454858116,1.0542345049631627,64
27-08-26/0/map4-0.05-data-2026.08.27-16.56.56.658.jpk-force-map,2026-08-27T16:56:56.658000,21,4,0.05,far_constant_referenced,355.0,-0.6037601847289238,-2.175642556603825,1.463654035330222,64
27-08-26/0/map4-0.05-data-2026.08.27-16.56.56.658.jpk-force-map,2026-08-27T16:56:56.658000,21,4,0.05,far_constant_referenced,360.0,-0.9126717932521884,-2.603775184449587,0.8932163482060895,63
27-08-26/0/map4-0.05-data-2026.08.27-16.56.56.658.jpk-force-map,2026-08-27T16:56:56.658000,21,4,0.05,far_constant_referenced,365.0,-1.0226342537143462,-3.0712997436111675,0.8876517108405645,62
27-08-26/0/map4-0.05-data-2026.08.27-16.56.56.658.jpk-force-map,2026-08-27T16:56:56.658000,21,4,0.05,far_constant_referenced,370.0,-0.08515023537000242,-2.206999317850855,2.2953564947116245,44
27-08-26/0/map4-0.05-data-2026.08.27-17.08.28.590.jpk-force-map,2026-08-27T17:08:28.590000,22,4,0.05,linear_drift_corrected,5.0,6741.154701008478,6425.231158246986,7072.987010807945,64
27-08-26/0/map4-0.05-data-2026.08.27-17.08.28.590.jpk-force-map,2026-08-27T17:08:28.590000,22,4,0.05,linear_drift_corrected,10.0,4044.0866208455827,3868.1360331304136,4251.150252537937,64
27-08-26/0/map4-0.05-data-2026.08.27-17.08.28.590.jpk-force-map,2026-08-27T17:08:28.590000,22,4,0.05,linear_drift_corrected,15.0,2562.385196524035,2419.2005275392044,2691.634049224591,64
27-08-26/0/map4-0.05-data-2026.08.27-17.08.28.590.jpk-force-map,2026-08-27T17:08:28.590000,22,4,0.05,linear_drift_corrected,20.0,1684.2909331132996,1595.5757052710442,1780.2587469769755,64
27-08-26/0/map4-0.05-data-2026.08.27-17.08.28.590.jpk-force-map,2026-08-27T17:08:28.590000,22,4,0.05,linear_drift_corrected,25.0,1139.8297372765103,1057.517545058839,1207.240557348929,64
27-08-26/0/map4-0.05-data-2026.08.27-17.08.28.590.jpk-force-map,2026-08-27T17:08:28.590000,22,4,0.05,linear_drift_corrected,30.0,771.9534288027,712.1397262771525,829.5903211086735,64
27-08-26/0/map4-0.05-data-2026.08.27-17.08.28.590.jpk-force-map,2026-08-27T17:08:28.590000,22,4,0.05,linear_drift_corrected,35.0,530.9363480570746,478.02853514640407,581.6940850315973,64
27-08-26/0/map4-0.05-data-2026.08.27-17.08.28.590.jpk-force-map,2026-08-27T17:08:28.590000,22,4,0.05,linear_drift_corrected,40.0,365.8450173736936,322.40244670642704,402.4434065049244,64
27-08-26/0/map4-0.05-data-2026.08.27-17.08.28.590.jpk-force-map,2026-08-27T17:08:28.590000,22,4,0.05,linear_drift_corrected,45.0,249.16141869896916,216.06022419072042,285.2781829537829,64
27-08-26/0/map4-0.05-data-2026.08.27-17.08.28.590.jpk-force-map,2026-08-27T17:08:28.590000,22,4,0.05,linear_drift_corrected,50.0,170.49204381597474,148.14380710291863,201.22933219090277,64
27-08-26/0/map4-0.05-data-2026.08.27-17.08.28.590.jpk-force-map,2026-08-27T17:08:28.590000,22,4,0.05,linear_drift_corrected,55.0,118.43021469848463,99.41046477483124,144.52297928811686,64
27-08-26/0/map4-0.05-data-2026.08.27-17.08.28.590.jpk-force-map,2026-08-27T17:08:28.590000,22,4,0.05,linear_drift_corrected,60.0,83.95915477033137,68.6465471184595,104.15194385307764,64
27-08-26/0/map4-0.05-data-2026.08.27-17.08.28.590.jpk-force-map,2026-08-27T17:08:28.590000,22,4,0.05,linear_drift_corrected,65.0,58.870024396523384,46.056832850403694,74.28111546213376,64
27-08-26/0/map4-0.05-data-2026.08.27-17.08.28.590.jpk-force-map,2026-08-27T17:08:28.590000,22,4,0.05,linear_drift_corrected,70.0,43.509283283138984,29.851327334176375,56.744005370864315,64
27-08-26/0/map4-0.05-data-2026.08.27-17.08.28.590.jpk-force-map,2026-08-27T17:08:28.590000,22,4,0.05,linear_drift_corrected,75.0,31.209956081348096,19.55981915628542,45.464471453826405,64
27-08-26/0/map4-0.05-data-2026.08.27-17.08.28.590.jpk-force-map,2026-08-27T17:08:28.590000,22,4,0.05,linear_drift_corrected,80.0,22.983094651988093,12.584201658115603,34.70931552369858,64
27-08-26/0/map4-0.05-data-2026.08.27-17.08.28.590.jpk-force-map,2026-08-27T17:08:28.590000,22,4,0.05,linear_drift_corrected,85.0,17.861993829268272,8.825927172642217,31.300998771573312,64
27-08-26/0/map4-0.05-data-2026.08.27-17.08.28.590.jpk-force-map,2026-08-27T17:08:28.590000,22,4,0.05,linear_drift_corrected,90.0,13.12839550251558,3.556058761747464,25.50179118288219,64
27-08-26/0/map4-0.05-data-2026.08.27-17.08.28.590.jpk-force-map,2026-08-27T17:08:28.590000,22,4,0.05,linear_drift_corrected,95.0,11.77617720102093,1.6622602542320575,22.99686584250093,64
27-08-26/0/map4-0.05-data-2026.08.27-17.08.28.590.jpk-force-map,2026-08-27T17:08:28.590000,22,4,0.05,linear_drift_corrected,100.0,10.846485967599513,0.7820246289013896,21.02350284253558,64
27-08-26/0/map4-0.05-data-2026.08.27-17.08.28.590.jpk-force-map,2026-08-27T17:08:28.590000,22,4,0.05,linear_drift_corrected,105.0,10.079408632050903,0.545141893471829,19.464327901883323,64
27-08-26/0/map4-0.05-data-2026.08.27-17.08.28.590.jpk-force-map,2026-08-27T17:08:28.590000,22,4,0.05,linear_drift_corrected,110.0,9.276008794256553,0.9417121542448488,17.171149422734604,64
27-08-26/0/map4-0.05-data-2026.08.27-17.08.28.590.jpk-force-map,2026-08-27T17:08:28.590000,22,4,0.05,linear_drift_corrected,115.0,7.9400536229483,-0.6982815009891087,17.135658483859167,64
27-08-26/0/map4-0.05-data-2026.08.27-17.08.28.590.jpk-force-map,2026-08-27T17:08:28.590000,22,4,0.05,linear_drift_corrected,120.0,7.489886017126068,-0.7718658401055662,16.874628695187592,64
27-08-26/0/map4-0.05-data-2026.08.27-17.08.28.590.jpk-force-map,2026-08-27T17:08:28.590000,22,4,0.05,linear_drift_corrected,125.0,5.416469326019293,-1.5797185947402634,15.374236882831863,64
27-08-26/0/map4-0.05-data-2026.08.27-17.08.28.590.jpk-force-map,2026-08-27T17:08:28.590000,22,4,0.05,linear_drift_corrected,130.0,4.518903899965586,-0.5544888067125622,14.58737147384193,64
27-08-26/0/map4-0.05-data-2026.08.27-17.08.28.590.jpk-force-map,2026-08-27T17:08:28.590000,22,4,0.05,linear_drift_corrected,135.0,5.042114320727126,-1.196015197366056,15.611327910158828,64
27-08-26/0/map4-0.05-data-2026.08.27-17.08.28.590.jpk-force-map,2026-08-27T17:08:28.590000,22,4,0.05,linear_drift_corrected,140.0,5.644489807768846,-1.5907315480666313,15.269444489845757,64
27-08-26/0/map4-0.05-data-2026.08.27-17.08.28.590.jpk-force-map,2026-08-27T17:08:28.590000,22,4,0.05,linear_drift_corrected,145.0,5.379656553118643,-1.298232112496291,14.607508138534445,64
27-08-26/0/map4-0.05-data-2026.08.27-17.08.28.590.jpk-force-map,2026-08-27T17:08:28.590000,22,4,0.05,linear_drift_corrected,150.0,6.310862898552408,-1.4814663489190871,12.986880709370347,64
27-08-26/0/map4-0.05-data-2026.08.27-17.08.28.590.jpk-force-map,2026-08-27T17:08:28.590000,22,4,0.05,linear_drift_corrected,155.0,5.5139746015702364,-1.752082782410461,13.681938179496479,64
27-08-26/0/map4-0.05-data-2026.08.27-17.08.28.590.jpk-force-map,2026-08-27T17:08:28.590000,22,4,0.05,linear_drift_corrected,160.0,4.951471184674064,-1.8348369810607221,11.672354148541515,64
27-08-26/0/map4-0.05-data-2026.08.27-17.08.28.590.jpk-force-map,2026-08-27T17:08:28.590000,22,4,0.05,linear_drift_corrected,165.0,4.464320016946857,-0.29573503482086116,12.659340907916555,64
27-08-26/0/map4-0.05-data-2026.08.27-17.08.28.590.jpk-force-map,2026-08-27T17:08:28.590000,22,4,0.05,linear_drift_corrected,170.0,4.650401254012355,-0.5329629349740523,11.341493299899092,64
27-08-26/0/map4-0.05-data-2026.08.27-17.08.28.590.jpk-force-map,2026-08-27T17:08:28.590000,22,4,0.05,linear_drift_corrected,175.0,4.138988151575374,-0.8321540293512426,11.592268082714345,64
27-08-26/0/map4-0.05-data-2026.08.27-17.08.28.590.jpk-force-map,2026-08-27T17:08:28.590000,22,4,0.05,linear_drift_corrected,180.0,5.483976730066523,-1.6336858031518768,12.005976656910383,64
27-08-26/0/map4-0.05-data-2026.08.27-17.08.28.590.jpk-force-map,2026-08-27T17:08:28.590000,22,4,0.05,linear_drift_corrected,185.0,4.872251063650651,-2.329322172085114,9.544428782883504,64
27-08-26/0/map4-0.05-data-2026.08.27-17.08.28.590.jpk-force-map,2026-08-27T17:08:28.590000,22,4,0.05,linear_drift_corrected,190.0,4.592451234555734,-1.1967463970529928,9.453300308362492,64
27-08-26/0/map4-0.05-data-2026.08.27-17.08.28.590.jpk-force-map,2026-08-27T17:08:28.590000,22,4,0.05,linear_drift_corrected,195.0,4.0203149265935085,-1.9359418210816162,9.10455054393358,64
27-08-26/0/map4-0.05-data-2026.08.27-17.08.28.590.jpk-force-map,2026-08-27T17:08:28.590000,22,4,0.05,linear_drift_corrected,200.0,2.501086977370599,-1.4717460525145414,9.205182439262126,64
27-08-26/0/map4-0.05-data-2026.08.27-17.08.28.590.jpk-force-map,2026-08-27T17:08:28.590000,22,4,0.05,linear_drift_corrected,205.0,3.4242214343954913,-1.4749647929457985,9.241295110344627,64
27-08-26/0/map4-0.05-data-2026.08.27-17.08.28.590.jpk-force-map,2026-08-27T17:08:28.590000,22,4,0.05,linear_drift_corrected,210.0,2.9455790457866513,-1.661826382456171,7.699828429677101,64
27-08-26/0/map4-0.05-data-2026.08.27-17.08.28.590.jpk-force-map,2026-08-27T17:08:28.590000,22,4,0.05,linear_drift_corrected,215.0,3.062676336267649,-1.0290122293831685,6.178074845157506,64
27-08-26/0/map4-0.05-data-2026.08.27-17.08.28.590.jpk-force-map,2026-08-27T17:08:28.590000,22,4,0.05,linear_drift_corrected,220.0,2.4355897857613966,-0.8520329447984302,7.226118840168168,64
27-08-26/0/map4-0.05-data-2026.08.27-17.08.28.590.jpk-force-map,2026-08-27T17:08:28.590000,22,4,0.05,linear_drift_corrected,225.0,2.5421439543214315,-1.9317574316433388,5.987408677356422,64
27-08-26/0/map4-0.05-data-2026.08.27-17.08.28.590.jpk-force-map,2026-08-27T17:08:28.590000,22,4,0.05,linear_drift_corrected,230.0,2.0877762810939258,-1.4589665629701367,5.039180574822888,64
27-08-26/0/map4-0.05-data-2026.08.27-17.08.28.590.jpk-force-map,2026-08-27T17:08:28.590000,22,4,0.05,linear_drift_corrected,235.0,0.8165350890911782,-2.215953068935233,4.540576425138016,64
27-08-26/0/map4-0.05-data-2026.08.27-17.08.28.590.jpk-force-map,2026-08-27T17:08:28.590000,22,4,0.05,linear_drift_corrected,240.0,1.1787760416430477,-2.931642022506125,4.110603022817525,64
27-08-26/0/map4-0.05-data-2026.08.27-17.08.28.590.jpk-force-map,2026-08-27T17:08:28.590000,22,4,0.05,linear_drift_corrected,245.0,0.909793913681505,-1.8992169064104751,4.099411235007771,64
27-08-26/0/map4-0.05-data-2026.08.27-17.08.28.590.jpk-force-map,2026-08-27T17:08:28.590000,22,4,0.05,linear_drift_corrected,250.0,1.058110954975909,-1.6587370471287766,2.930677929317918,64
27-08-26/0/map4-0.05-data-2026.08.27-17.08.28.590.jpk-force-map,2026-08-27T17:08:28.590000,22,4,0.05,linear_drift_corrected,255.0,0.9384212473777994,-1.5016472952559445,2.899891573320382,64
27-08-26/0/map4-0.05-data-2026.08.27-17.08.28.590.jpk-force-map,2026-08-27T17:08:28.590000,22,4,0.05,linear_drift_corrected,260.0,0.3906997843564435,-1.5511496798046385,3.3082239640968156,64
27-08-26/0/map4-0.05-data-2026.08.27-17.08.28.590.jpk-force-map,2026-08-27T17:08:28.590000,22,4,0.05,linear_drift_corrected,265.0,0.032065180341980526,-1.5210179434773634,3.390938585080243,64
27-08-26/0/map4-0.05-data-2026.08.27-17.08.28.590.jpk-force-map,2026-08-27T17:08:28.590000,22,4,0.05,linear_drift_corrected,270.0,0.16802796251118893,-0.9522269768833382,2.1051599416901823,64
27-08-26/0/map4-0.05-data-2026.08.27-17.08.28.590.jpk-force-map,2026-08-27T17:08:28.590000,22,4,0.05,linear_drift_corrected,275.0,0.24627856138176674,-0.759558999400991,2.0275779073347047,64
27-08-26/0/map4-0.05-data-2026.08.27-17.08.28.590.jpk-force-map,2026-08-27T17:08:28.590000,22,4,0.05,linear_drift_corrected,280.0,0.2874656038945273,-1.314631665952629,1.3858360717080775,64
27-08-26/0/map4-0.05-data-2026.08.27-17.08.28.590.jpk-force-map,2026-08-27T17:08:28.590000,22,4,0.05,linear_drift_corrected,285.0,0.041644155198526,-1.0769480123422552,1.0762838207619323,64
27-08-26/0/map4-0.05-data-2026.08.27-17.08.28.590.jpk-force-map,2026-08-27T17:08:28.590000,22,4,0.05,linear_drift_corrected,290.0,-0.09875986386519389,-0.949522604369152,1.3000517232505195,64
27-08-26/0/map4-0.05-data-2026.08.27-17.08.28.590.jpk-force-map,2026-08-27T17:08:28.590000,22,4,0.05,linear_drift_corrected,295.0,-0.058306047280495654,-1.2591651756634916,1.564190266475619,64
27-08-26/0/map4-0.05-data-2026.08.27-17.08.28.590.jpk-force-map,2026-08-27T17:08:28.590000,22,4,0.05,linear_drift_corrected,300.0,-0.7580419808294113,-1.9178750192029161,0.5726554025369778,64
27-08-26/0/map4-0.05-data-2026.08.27-17.08.28.590.jpk-force-map,2026-08-27T17:08:28.590000,22,4,0.05,linear_drift_corrected,305.0,-0.7534246544903924,-2.0364930361087588,0.5089015778010422,64
27-08-26/0/map4-0.05-data-2026.08.27-17.08.28.590.jpk-force-map,2026-08-27T17:08:28.590000,22,4,0.05,linear_drift_corrected,310.0,-0.2548343066826628,-1.532559897768957,0.8736736063593687,64
27-08-26/0/map4-0.05-data-2026.08.27-17.08.28.590.jpk-force-map,2026-08-27T17:08:28.590000,22,4,0.05,linear_drift_corrected,315.0,-0.6184581839665462,-1.7462477995520134,0.6703563103737589,64
27-08-26/0/map4-0.05-data-2026.08.27-17.08.28.590.jpk-force-map,2026-08-27T17:08:28.590000,22,4,0.05,linear_drift_corrected,320.0,0.46484606513083626,-1.0916216427142014,1.7102153919799077,64
27-08-26/0/map4-0.05-data-2026.08.27-17.08.28.590.jpk-force-map,2026-08-27T17:08:28.590000,22,4,0.05,linear_drift_corrected,325.0,0.07769493057494964,-1.4555788822708169,1.3009710569835458,64
27-08-26/0/map4-0.05-data-2026.08.27-17.08.28.590.jpk-force-map,2026-08-27T17:08:28.590000,22,4,0.05,linear_drift_corrected,330.0,0.34293173504302976,-0.3570253048190998,1.675432421391405,64
27-08-26/0/map4-0.05-data-2026.08.27-17.08.28.590.jpk-force-map,2026-08-27T17:08:28.590000,22,4,0.05,linear_drift_corrected,335.0,0.5394958696450827,-1.4632262025072076,1.5099766727252573,64
27-08-26/0/map4-0.05-data-2026.08.27-17.08.28.590.jpk-force-map,2026-08-27T17:08:28.590000,22,4,0.05,linear_drift_corrected,340.0,-0.2619847370787899,-0.8886728370836402,0.7743477320960557,64
27-08-26/0/map4-0.05-data-2026.08.27-17.08.28.590.jpk-force-map,2026-08-27T17:08:28.590000,22,4,0.05,linear_drift_corrected,345.0,0.06909298790674592,-1.0713040164758914,1.5204213516149303,64
27-08-26/0/map4-0.05-data-2026.08.27-17.08.28.590.jpk-force-map,2026-08-27T17:08:28.590000,22,4,0.05,linear_drift_corrected,350.0,-0.025022189328312856,-1.304447623700467,1.463882815442434,64
27-08-26/0/map4-0.05-data-2026.08.27-17.08.28.590.jpk-force-map,2026-08-27T17:08:28.590000,22,4,0.05,linear_drift_corrected,355.0,-0.15330683692070718,-1.5648137864094218,1.1731080924460158,64
27-08-26/0/map4-0.05-data-2026.08.27-17.08.28.590.jpk-force-map,2026-08-27T17:08:28.590000,22,4,0.05,linear_drift_corrected,360.0,0.014996465360088132,-1.194622880975137,1.1506983726339368,64
27-08-26/0/map4-0.05-data-2026.08.27-17.08.28.590.jpk-force-map,2026-08-27T17:08:28.590000,22,4,0.05,linear_drift_corrected,365.0,0.10861931820985186,-1.1347229338464475,1.9661093747217382,61
27-08-26/0/map4-0.05-data-2026.08.27-17.08.28.590.jpk-force-map,2026-08-27T17:08:28.590000,22,4,0.05,linear_drift_corrected,370.0,0.9581090828375702,-0.7003666470002456,2.551267139569282,42
27-08-26/0/map4-0.05-data-2026.08.27-17.08.28.590.jpk-force-map,2026-08-27T17:08:28.590000,22,4,0.05,far_constant_referenced,5.0,6737.298268727776,6430.975339009217,7059.578315734214,64
27-08-26/0/map4-0.05-data-2026.08.27-17.08.28.590.jpk-force-map,2026-08-27T17:08:28.590000,22,4,0.05,far_constant_referenced,10.0,4036.1175695100737,3873.932377050385,4271.3818320158525,64
27-08-26/0/map4-0.05-data-2026.08.27-17.08.28.590.jpk-force-map,2026-08-27T17:08:28.590000,22,4,0.05,far_constant_referenced,15.0,2558.9067710268882,2437.1501299650668,2688.746870382702,64
27-08-26/0/map4-0.05-data-2026.08.27-17.08.28.590.jpk-force-map,2026-08-27T17:08:28.590000,22,4,0.05,far_constant_referenced,20.0,1686.2298616014557,1603.2783112566456,1786.3863798622453,64
27-08-26/0/map4-0.05-data-2026.08.27-17.08.28.590.jpk-force-map,2026-08-27T17:08:28.590000,22,4,0.05,far_constant_referenced,25.0,1127.942135541351,1066.0412045118487,1209.9121420549966,64
27-08-26/0/map4-0.05-data-2026.08.27-17.08.28.590.jpk-force-map,2026-08-27T17:08:28.590000,22,4,0.05,far_constant_referenced,30.0,768.6130239579533,719.3006745067377,834.7186056703721,64
27-08-26/0/map4-0.05-data-2026.08.27-17.08.28.590.jpk-force-map,2026-08-27T17:08:28.590000,22,4,0.05,far_constant_referenced,35.0,529.0249431989597,487.83087111203764,580.7204718314997,64
27-08-26/0/map4-0.05-data-2026.08.27-17.08.28.590.jpk-force-map,2026-08-27T17:08:28.590000,22,4,0.05,far_constant_referenced,40.0,367.36469736746545,334.2682772600248,406.70493159885615,64
27-08-26/0/map4-0.05-data-2026.08.27-17.08.28.590.jpk-force-map,2026-08-27T17:08:28.590000,22,4,0.05,far_constant_referenced,45.0,251.49237822722063,228.44884669371862,286.4786548941614,64
27-08-26/0/map4-0.05-data-2026.08.27-17.08.28.590.jpk-force-map,2026-08-27T17:08:28.590000,22,4,0.05,far_constant_referenced,50.0,174.16924181177654,156.49721256151668,202.8727875258931,64
27-08-26/0/map4-0.05-data-2026.08.27-17.08.28.590.jpk-force-map,2026-08-27T17:08:28.590000,22,4,0.05,far_constant_referenced,55.0,123.06628470142941,107.42661898848733,142.9419519197549,64
27-08-26/0/map4-0.05-data-2026.08.27-17.08.28.590.jpk-force-map,2026-08-27T17:08:28.590000,22,4,0.05,far_constant_referenced,60.0,86.45971272365922,74.97259677196377,102.61337989226233,64
27-08-26/0/map4-0.05-data-2026.08.27-17.08.28.590.jpk-force-map,2026-08-27T17:08:28.590000,22,4,0.05,far_constant_referenced,65.0,62.12375407533021,52.429888540105125,73.8862156479423,64
27-08-26/0/map4-0.05-data-2026.08.27-17.08.28.590.jpk-force-map,2026-08-27T17:08:28.590000,22,4,0.05,far_constant_referenced,70.0,44.897121487943295,38.25117471734677,54.39027999606886,64
27-08-26/0/map4-0.05-data-2026.08.27-17.08.28.590.jpk-force-map,2026-08-27T17:08:28.590000,22,4,0.05,far_constant_referenced,75.0,33.46666744137127,28.25570227366174,41.70245545619297,64
27-08-26/0/map4-0.05-data-2026.08.27-17.08.28.590.jpk-force-map,2026-08-27T17:08:28.590000,22,4,0.05,far_constant_referenced,80.0,26.305305785345375,21.767471697843042,33.3725258922653,64
27-08-26/0/map4-0.05-data-2026.08.27-17.08.28.590.jpk-force-map,2026-08-27T17:08:28.590000,22,4,0.05,far_constant_referenced,85.0,21.850377074168392,16.905071376315718,26.861638868689454,64
27-08-26/0/map4-0.05-data-2026.08.27-17.08.28.590.jpk-force-map,2026-08-27T17:08:28.590000,22,4,0.05,far_constant_referenced,90.0,17.46552597335375,13.195940664022185,23.007791952218604,64
27-08-26/0/map4-0.05-data-2026.08.27-17.08.28.590.jpk-force-map,2026-08-27T17:08:28.590000,22,4,0.05,far_constant_referenced,95.0,15.546765368969293,10.211958810677647,20.32155086120259,64
27-08-26/0/map4-0.05-data-2026.08.27-17.08.28.590.jpk-force-map,2026-08-27T17:08:28.590000,22,4,0.05,far_constant_referenced,100.0,13.280609858168567,9.115648045594618,18.08801707190307,64
27-08-26/0/map4-0.05-data-2026.08.27-17.08.28.590.jpk-force-map,2026-08-27T17:08:28.590000,22,4,0.05,far_constant_referenced,105.0,11.384214701294823,7.962390313922928,16.62531918024002,64
27-08-26/0/map4-0.05-data-2026.08.27-17.08.28.590.jpk-force-map,2026-08-27T17:08:28.590000,22,4,0.05,far_constant_referenced,110.0,11.184291593225504,6.947048882710507,15.898739075181307,64
27-08-26/0/map4-0.05-data-2026.08.27-17.08.28.590.jpk-force-map,2026-08-27T17:08:28.590000,22,4,0.05,far_constant_referenced,115.0,10.065294686483076,6.396078518193977,14.995070473226882,64
27-08-26/0/map4-0.05-data-2026.08.27-17.08.28.590.jpk-force-map,2026-08-27T17:08:28.590000,22,4,0.05,far_constant_referenced,120.0,10.503149098071521,6.6310641865656965,14.854707395184747,64
27-08-26/0/map4-0.05-data-2026.08.27-17.08.28.590.jpk-force-map,2026-08-27T17:08:28.590000,22,4,0.05,far_constant_referenced,125.0,9.855620100769361,6.327485602966666,13.546720675346618,64
27-08-26/0/map4-0.05-data-2026.08.27-17.08.28.590.jpk-force-map,2026-08-27T17:08:28.590000,22,4,0.05,far_constant_referenced,130.0,9.493176324466898,4.421131111128701,13.265281865597082,64
27-08-26/0/map4-0.05-data-2026.08.27-17.08.28.590.jpk-force-map,2026-08-27T17:08:28.590000,22,4,0.05,far_constant_referenced,135.0,8.997430680183587,5.533737890010348,13.76783929115917,64
27-08-26/0/map4-0.05-data-2026.08.27-17.08.28.590.jpk-force-map,2026-08-27T17:08:28.590000,22,4,0.05,far_constant_referenced,140.0,9.555937357204245,6.237720935118122,11.761267877723196,64
27-08-26/0/map4-0.05-data-2026.08.27-17.08.28.590.jpk-force-map,2026-08-27T17:08:28.590000,22,4,0.05,far_constant_referenced,145.0,9.440618116695676,5.2987759767610445,11.788984166499185,64
27-08-26/0/map4-0.05-data-2026.08.27-17.08.28.590.jpk-force-map,2026-08-27T17:08:28.590000,22,4,0.05,far_constant_referenced,150.0,8.994021820153957,5.47731947488907,11.207138081959659,64
27-08-26/0/map4-0.05-data-2026.08.27-17.08.28.590.jpk-force-map,2026-08-27T17:08:28.590000,22,4,0.05,far_constant_referenced,155.0,8.061371969168476,5.598434965203863,11.15995447057595,64
27-08-26/0/map4-0.05-data-2026.08.27-17.08.28.590.jpk-force-map,2026-08-27T17:08:28.590000,22,4,0.05,far_constant_referenced,160.0,7.21049912620663,4.234558381711661,9.801381218105735,64
27-08-26/0/map4-0.05-data-2026.08.27-17.08.28.590.jpk-force-map,2026-08-27T17:08:28.590000,22,4,0.05,far_constant_referenced,165.0,7.076235175777473,4.268593532981363,10.917634408238673,64
27-08-26/0/map4-0.05-data-2026.08.27-17.08.28.590.jpk-force-map,2026-08-27T17:08:28.590000,22,4,0.05,far_constant_referenced,170.0,6.765351892115607,3.511125830338748,10.308820321270627,64
27-08-26/0/map4-0.05-data-2026.08.27-17.08.28.590.jpk-force-map,2026-08-27T17:08:28.590000,22,4,0.05,far_constant_referenced,175.0,6.354233870514869,4.078843555975923,9.094268435653799,64
27-08-26/0/map4-0.05-data-2026.08.27-17.08.28.590.jpk-force-map,2026-08-27T17:08:28.590000,22,4,0.05,far_constant_referenced,180.0,6.191261854960235,3.6689904946296568,9.072603764247084,64
27-08-26/0/map4-0.05-data-2026.08.27-17.08.28.590.jpk-force-map,2026-08-27T17:08:28.590000,22,4,0.05,far_constant_referenced,185.0,5.4775748424520625,3.477999312491684,8.917880714861786,64
27-08-26/0/map4-0.05-data-2026.08.27-17.08.28.590.jpk-force-map,2026-08-27T17:08:28.590000,22,4,0.05,far_constant_referenced,190.0,5.387055949475034,2.554893081832376,8.70479133033736,64
27-08-26/0/map4-0.05-data-2026.08.27-17.08.28.590.jpk-force-map,2026-08-27T17:08:28.590000,22,4,0.05,far_constant_referenced,195.0,5.713997695714337,2.2023908241527392,7.388068664326146,64
27-08-26/0/map4-0.05-data-2026.08.27-17.08.28.590.jpk-force-map,2026-08-27T17:08:28.590000,22,4,0.05,far_constant_referenced,200.0,4.203896457788087,2.296051332034962,8.025388897881044,64
27-08-26/0/map4-0.05-data-2026.08.27-17.08.28.590.jpk-force-map,2026-08-27T17:08:28.590000,22,4,0.05,far_constant_referenced,205.0,4.435936491012399,2.209244176894558,7.066246146911064,64
27-08-26/0/map4-0.05-data-2026.08.27-17.08.28.590.jpk-force-map,2026-08-27T17:08:28.590000,22,4,0.05,far_constant_referenced,210.0,3.8648039665648097,0.797637614209393,6.774574818293035,64
27-08-26/0/map4-0.05-data-2026.08.27-17.08.28.590.jpk-force-map,2026-08-27T17:08:28.590000,22,4,0.05,far_constant_referenced,215.0,3.253252101769002,0.3432199436972978,6.361069406914877,64
27-08-26/0/map4-0.05-data-2026.08.27-17.08.28.590.jpk-force-map,2026-08-27T17:08:28.590000,22,4,0.05,far_constant_referenced,220.0,3.757264528563102,0.866949121881271,6.110761684752454,64
27-08-26/0/map4-0.05-data-2026.08.27-17.08.28.590.jpk-force-map,2026-08-27T17:08:28.590000,22,4,0.05,far_constant_referenced,225.0,2.5848185969689794,-0.6231918746533193,6.03753058192478,64
27-08-26/0/map4-0.05-data-2026.08.27-17.08.28.590.jpk-force-map,2026-08-27T17:08:28.590000,22,4,0.05,far_constant_referenced,230.0,2.653399634634372,-0.32959638114068796,5.953835347787203,64
27-08-26/0/map4-0.05-data-2026.08.27-17.08.28.590.jpk-force-map,2026-08-27T17:08:28.590000,22,4,0.05,far_constant_referenced,235.0,2.4184258438236235,-0.23519352569130553,4.129186598606223,64
27-08-26/0/map4-0.05-data-2026.08.27-17.08.28.590.jpk-force-map,2026-08-27T17:08:28.590000,22,4,0.05,far_constant_referenced,240.0,1.7436259662854727,-0.6852402537258153,3.994198116951779,64
27-08-26/0/map4-0.05-data-2026.08.27-17.08.28.590.jpk-force-map,2026-08-27T17:08:28.590000,22,4,0.05,far_constant_referenced,245.0,1.2138392319520945,-0.4011230539541991,4.124328676125065,64
27-08-26/0/map4-0.05-data-2026.08.27-17.08.28.590.jpk-force-map,2026-08-27T17:08:28.590000,22,4,0.05,far_constant_referenced,250.0,1.3685207098739987,-0.5499964045089696,3.2070246340523454,64
27-08-26/0/map4-0.05-data-2026.08.27-17.08.28.590.jpk-force-map,2026-08-27T17:08:28.590000,22,4,0.05,far_constant_referenced,255.0,0.943339655956129,-0.9024689682857068,3.014881328489592,64
27-08-26/0/map4-0.05-data-2026.08.27-17.08.28.590.jpk-force-map,2026-08-27T17:08:28.590000,22,4,0.05,far_constant_referenced,260.0,1.3432215047769664,-1.4955037153614283,3.9710784443126386,64
27-08-26/0/map4-0.05-data-2026.08.27-17.08.28.590.jpk-force-map,2026-08-27T17:08:28.590000,22,4,0.05,far_constant_referenced,265.0,0.8791058056451959,-0.9426151247308994,2.985917895800705,64
27-08-26/0/map4-0.05-data-2026.08.27-17.08.28.590.jpk-force-map,2026-08-27T17:08:28.590000,22,4,0.05,far_constant_referenced,270.0,1.0552381588739783,-0.7876485853425685,3.082981324931364,64
27-08-26/0/map4-0.05-data-2026.08.27-17.08.28.590.jpk-force-map,2026-08-27T17:08:28.590000,22,4,0.05,far_constant_referenced,275.0,0.9443017384032526,-0.44830666533731645,2.5118191065821796,64
27-08-26/0/map4-0.05-data-2026.08.27-17.08.28.590.jpk-force-map,2026-08-27T17:08:28.590000,22,4,0.05,far_constant_referenced,280.0,0.48504396175192865,-1.4441748351621235,2.5266363640272624,64
27-08-26/0/map4-0.05-data-2026.08.27-17.08.28.590.jpk-force-map,2026-08-27T17:08:28.590000,22,4,0.05,far_constant_referenced,285.0,0.2072515632535037,-1.5672620006155777,2.743894772489935,64
27-08-26/0/map4-0.05-data-2026.08.27-17.08.28.590.jpk-force-map,2026-08-27T17:08:28.590000,22,4,0.05,far_constant_referenced,290.0,0.4193729265504397,-1.2926409109254835,2.054752739949482,64
27-08-26/0/map4-0.05-data-2026.08.27-17.08.28.590.jpk-force-map,2026-08-27T17:08:28.590000,22,4,0.05,far_constant_referenced,295.0,0.5949945446533536,-1.5473492694675615,1.679902851101179,64
27-08-26/0/map4-0.05-data-2026.08.27-17.08.28.590.jpk-force-map,2026-08-27T17:08:28.590000,22,4,0.05,far_constant_referenced,300.0,-0.6533846349138275,-2.1955849816541484,1.0829425700890565,64
27-08-26/0/map4-0.05-data-2026.08.27-17.08.28.590.jpk-force-map,2026-08-27T17:08:28.590000,22,4,0.05,far_constant_referenced,305.0,-0.37995130133189914,-2.1214155515013493,0.9236407209074733,64
27-08-26/0/map4-0.05-data-2026.08.27-17.08.28.590.jpk-force-map,2026-08-27T17:08:28.590000,22,4,0.05,far_constant_referenced,310.0,-0.6344161698721312,-1.432024090178506,0.9131706508174426,64
27-08-26/0/map4-0.05-data-2026.08.27-17.08.28.590.jpk-force-map,2026-08-27T17:08:28.590000,22,4,0.05,far_constant_referenced,315.0,-0.5171490093467808,-1.769905070171321,0.7142096251956027,64
27-08-26/0/map4-0.05-data-2026.08.27-17.08.28.590.jpk-force-map,2026-08-27T17:08:28.590000,22,4,0.05,far_constant_referenced,320.0,0.44709515410709166,-0.9579193621797328,1.8725568917899198,64
27-08-26/0/map4-0.05-data-2026.08.27-17.08.28.590.jpk-force-map,2026-08-27T17:08:28.590000,22,4,0.05,far_constant_referenced,325.0,0.031119210025076758,-1.5346877893582527,1.2700319734125687,64
27-08-26/0/map4-0.05-data-2026.08.27-17.08.28.590.jpk-force-map,2026-08-27T17:08:28.590000,22,4,0.05,far_constant_referenced,330.0,0.43882837159641996,-0.793979325397608,1.3152914199012018,64
27-08-26/0/map4-0.05-data-2026.08.27-17.08.28.590.jpk-force-map,2026-08-27T17:08:28.590000,22,4,0.05,far_constant_referenced,335.0,-0.004382820037962941,-1.3894430337127233,1.6161500420135706,64
27-08-26/0/map4-0.05-data-2026.08.27-17.08.28.590.jpk-force-map,2026-08-27T17:08:28.590000,22,4,0.05,far_constant_referenced,340.0,-0.08077929289348387,-1.7110339386869295,1.235973067021281,64
27-08-26/0/map4-0.05-data-2026.08.27-17.08.28.590.jpk-force-map,2026-08-27T17:08:28.590000,22,4,0.05,far_constant_referenced,345.0,-0.01312470499159274,-2.0698669364216062,1.1345149402906811,64
27-08-26/0/map4-0.05-data-2026.08.27-17.08.28.590.jpk-force-map,2026-08-27T17:08:28.590000,22,4,0.05,far_constant_referenced,350.0,-0.5517127120842817,-2.0241145711480257,1.7336428761994298,64
27-08-26/0/map4-0.05-data-2026.08.27-17.08.28.590.jpk-force-map,2026-08-27T17:08:28.590000,22,4,0.05,far_constant_referenced,355.0,-0.5633764770627856,-2.4432143137936015,1.2337816570017661,64
27-08-26/0/map4-0.05-data-2026.08.27-17.08.28.590.jpk-force-map,2026-08-27T17:08:28.590000,22,4,0.05,far_constant_referenced,360.0,-1.138416719105023,-2.649515672162019,1.2062910418865822,64
27-08-26/0/map4-0.05-data-2026.08.27-17.08.28.590.jpk-force-map,2026-08-27T17:08:28.590000,22,4,0.05,far_constant_referenced,365.0,0.02335128507989634,-2.4870187590505797,2.0150995022900062,61
27-08-26/0/map4-0.05-data-2026.08.27-17.08.28.590.jpk-force-map,2026-08-27T17:08:28.590000,22,4,0.05,far_constant_referenced,370.0,0.32595590867023977,-1.6285858484621922,3.6314989730860265,42
27-08-26/0/map4-0.1-data-2026.08.27-17.19.56.860.jpk-force-map,2026-08-27T17:19:56.860000,23,4,0.1,linear_drift_corrected,5.0,6374.080753582704,5942.932825282609,6745.818215067219,64
27-08-26/0/map4-0.1-data-2026.08.27-17.19.56.860.jpk-force-map,2026-08-27T17:19:56.860000,23,4,0.1,linear_drift_corrected,10.0,3698.3169008728846,3451.5560890464094,3928.05750004085,64
27-08-26/0/map4-0.1-data-2026.08.27-17.19.56.860.jpk-force-map,2026-08-27T17:19:56.860000,23,4,0.1,linear_drift_corrected,15.0,2284.6531549370548,2148.9431945179927,2409.443187588305,64
27-08-26/0/map4-0.1-data-2026.08.27-17.19.56.860.jpk-force-map,2026-08-27T17:19:56.860000,23,4,0.1,linear_drift_corrected,20.0,1467.5907025908011,1382.1821022497566,1538.2346992903304,64
27-08-26/0/map4-0.1-data-2026.08.27-17.19.56.860.jpk-force-map,2026-08-27T17:19:56.860000,23,4,0.1,linear_drift_corrected,25.0,959.6040569157299,910.6222997755775,1009.9787059038364,64
27-08-26/0/map4-0.1-data-2026.08.27-17.19.56.860.jpk-force-map,2026-08-27T17:19:56.860000,23,4,0.1,linear_drift_corrected,30.0,633.2154098450949,598.74014752087,671.8902533954745,64
27-08-26/0/map4-0.1-data-2026.08.27-17.19.56.860.jpk-force-map,2026-08-27T17:19:56.860000,23,4,0.1,linear_drift_corrected,35.0,417.0974902340248,395.7018139418519,442.6365500090486,64
27-08-26/0/map4-0.1-data-2026.08.27-17.19.56.860.jpk-force-map,2026-08-27T17:19:56.860000,23,4,0.1,linear_drift_corrected,40.0,279.4439206990605,262.40938689458625,294.97765782072804,64
27-08-26/0/map4-0.1-data-2026.08.27-17.19.56.860.jpk-force-map,2026-08-27T17:19:56.860000,23,4,0.1,linear_drift_corrected,45.0,186.2487599260067,172.986278546748,197.55127403939971,64
27-08-26/0/map4-0.1-data-2026.08.27-17.19.56.860.jpk-force-map,2026-08-27T17:19:56.860000,23,4,0.1,linear_drift_corrected,50.0,124.496516284014,116.82665749664767,133.29030906609202,64
27-08-26/0/map4-0.1-data-2026.08.27-17.19.56.860.jpk-force-map,2026-08-27T17:19:56.860000,23,4,0.1,linear_drift_corrected,55.0,83.9904339197653,77.1258683398271,92.13570990846321,64
27-08-26/0/map4-0.1-data-2026.08.27-17.19.56.860.jpk-force-map,2026-08-27T17:19:56.860000,23,4,0.1,linear_drift_corrected,60.0,56.786409542333786,48.9284249143561,64.34525109373013,64
27-08-26/0/map4-0.1-data-2026.08.27-17.19.56.860.jpk-force-map,2026-08-27T17:19:56.860000,23,4,0.1,linear_drift_corrected,65.0,38.86777222311408,33.82306149256736,46.59705052645985,64
27-08-26/0/map4-0.1-data-2026.08.27-17.19.56.860.jpk-force-map,2026-08-27T17:19:56.860000,23,4,0.1,linear_drift_corrected,70.0,27.791207564535267,23.035510160758975,36.38353111512043,64
27-08-26/0/map4-0.1-data-2026.08.27-17.19.56.860.jpk-force-map,2026-08-27T17:19:56.860000,23,4,0.1,linear_drift_corrected,75.0,21.403598696515644,15.803331241051872,28.094754435024836,64
27-08-26/0/map4-0.1-data-2026.08.27-17.19.56.860.jpk-force-map,2026-08-27T17:19:56.860000,23,4,0.1,linear_drift_corrected,80.0,17.154734629440867,10.736762295976746,23.780995947948817,64
27-08-26/0/map4-0.1-data-2026.08.27-17.19.56.860.jpk-force-map,2026-08-27T17:19:56.860000,23,4,0.1,linear_drift_corrected,85.0,13.421340522616426,7.674244257201211,20.738742378305144,64
27-08-26/0/map4-0.1-data-2026.08.27-17.19.56.860.jpk-force-map,2026-08-27T17:19:56.860000,23,4,0.1,linear_drift_corrected,90.0,11.653003982391642,5.5532429174902465,18.817585743113817,64
27-08-26/0/map4-0.1-data-2026.08.27-17.19.56.860.jpk-force-map,2026-08-27T17:19:56.860000,23,4,0.1,linear_drift_corrected,95.0,10.165011390181323,3.2908492658818425,17.62798598608683,64
27-08-26/0/map4-0.1-data-2026.08.27-17.19.56.860.jpk-force-map,2026-08-27T17:19:56.860000,23,4,0.1,linear_drift_corrected,100.0,9.53407831755123,3.1068292689139128,17.18697024915849,64
27-08-26/0/map4-0.1-data-2026.08.27-17.19.56.860.jpk-force-map,2026-08-27T17:19:56.860000,23,4,0.1,linear_drift_corrected,105.0,8.452812473362076,2.3231830698195615,15.223219516192698,64
27-08-26/0/map4-0.1-data-2026.08.27-17.19.56.860.jpk-force-map,2026-08-27T17:19:56.860000,23,4,0.1,linear_drift_corrected,110.0,8.204183443429024,2.5840778026512026,14.850414716744428,64
27-08-26/0/map4-0.1-data-2026.08.27-17.19.56.860.jpk-force-map,2026-08-27T17:19:56.860000,23,4,0.1,linear_drift_corrected,115.0,7.0289281155694425,0.8552744157298198,13.092674321552195,64
27-08-26/0/map4-0.1-data-2026.08.27-17.19.56.860.jpk-force-map,2026-08-27T17:19:56.860000,23,4,0.1,linear_drift_corrected,120.0,6.5444030375058935,2.31633480643667,12.634745178647801,64
27-08-26/0/map4-0.1-data-2026.08.27-17.19.56.860.jpk-force-map,2026-08-27T17:19:56.860000,23,4,0.1,linear_drift_corrected,125.0,7.253652492472643,1.3506821161318705,12.535507501907224,64
27-08-26/0/map4-0.1-data-2026.08.27-17.19.56.860.jpk-force-map,2026-08-27T17:19:56.860000,23,4,0.1,linear_drift_corrected,130.0,6.638867300308083,1.457481637080938,11.666314152534195,64
27-08-26/0/map4-0.1-data-2026.08.27-17.19.56.860.jpk-force-map,2026-08-27T17:19:56.860000,23,4,0.1,linear_drift_corrected,135.0,6.348028466600829,0.6291429878336845,12.758279684966636,64
27-08-26/0/map4-0.1-data-2026.08.27-17.19.56.860.jpk-force-map,2026-08-27T17:19:56.860000,23,4,0.1,linear_drift_corrected,140.0,6.859172469420589,2.468641388815773,11.132519733168492,64
27-08-26/0/map4-0.1-data-2026.08.27-17.19.56.860.jpk-force-map,2026-08-27T17:19:56.860000,23,4,0.1,linear_drift_corrected,145.0,6.251392578591075,1.9594712257089686,10.550945765042686,64
27-08-26/0/map4-0.1-data-2026.08.27-17.19.56.860.jpk-force-map,2026-08-27T17:19:56.860000,23,4,0.1,linear_drift_corrected,150.0,6.756802671666585,0.5440424373756653,11.636996039108471,64
27-08-26/0/map4-0.1-data-2026.08.27-17.19.56.860.jpk-force-map,2026-08-27T17:19:56.860000,23,4,0.1,linear_drift_corrected,155.0,6.6450996904121595,0.7633506158868634,10.399141599258487,64
27-08-26/0/map4-0.1-data-2026.08.27-17.19.56.860.jpk-force-map,2026-08-27T17:19:56.860000,23,4,0.1,linear_drift_corrected,160.0,5.8603919422915665,0.8982470901395949,10.465224876191657,64
27-08-26/0/map4-0.1-data-2026.08.27-17.19.56.860.jpk-force-map,2026-08-27T17:19:56.860000,23,4,0.1,linear_drift_corrected,165.0,6.273534247387245,0.038300721124510745,9.58155040786809,64
27-08-26/0/map4-0.1-data-2026.08.27-17.19.56.860.jpk-force-map,2026-08-27T17:19:56.860000,23,4,0.1,linear_drift_corrected,170.0,4.463544932963169,0.5900221472034325,10.026674884608298,64
27-08-26/0/map4-0.1-data-2026.08.27-17.19.56.860.jpk-force-map,2026-08-27T17:19:56.860000,23,4,0.1,linear_drift_corrected,175.0,5.113589842092832,0.3416326023873749,9.25607714426828,64
27-08-26/0/map4-0.1-data-2026.08.27-17.19.56.860.jpk-force-map,2026-08-27T17:19:56.860000,23,4,0.1,linear_drift_corrected,180.0,4.646804933307646,0.0447138783676097,8.736401166207015,64
27-08-26/0/map4-0.1-data-2026.08.27-17.19.56.860.jpk-force-map,2026-08-27T17:19:56.860000,23,4,0.1,linear_drift_corrected,185.0,4.187805393079415,0.2383244627676158,8.859294643132031,64
27-08-26/0/map4-0.1-data-2026.08.27-17.19.56.860.jpk-force-map,2026-08-27T17:19:56.860000,23,4,0.1,linear_drift_corrected,190.0,4.044279454424605,-0.40614310995880776,7.239577367839233,64
27-08-26/0/map4-0.1-data-2026.08.27-17.19.56.860.jpk-force-map,2026-08-27T17:19:56.860000,23,4,0.1,linear_drift_corrected,195.0,4.046809562858683,-0.7927965738780511,7.362813269253699,64
27-08-26/0/map4-0.1-data-2026.08.27-17.19.56.860.jpk-force-map,2026-08-27T17:19:56.860000,23,4,0.1,linear_drift_corrected,200.0,2.72179382084378,-0.15651749370044957,6.950312315516651,64
27-08-26/0/map4-0.1-data-2026.08.27-17.19.56.860.jpk-force-map,2026-08-27T17:19:56.860000,23,4,0.1,linear_drift_corrected,205.0,3.7887954009492284,-0.2340601085515313,6.691588309097581,64
27-08-26/0/map4-0.1-data-2026.08.27-17.19.56.860.jpk-force-map,2026-08-27T17:19:56.860000,23,4,0.1,linear_drift_corrected,210.0,2.7533105064778662,-0.1541212517287588,6.314848003375393,64
27-08-26/0/map4-0.1-data-2026.08.27-17.19.56.860.jpk-force-map,2026-08-27T17:19:56.860000,23,4,0.1,linear_drift_corrected,215.0,2.709590069647403,-0.3476420460111124,5.348777417270837,64
27-08-26/0/map4-0.1-data-2026.08.27-17.19.56.860.jpk-force-map,2026-08-27T17:19:56.860000,23,4,0.1,linear_drift_corrected,220.0,2.289789054612753,-0.22102666111788083,4.30983654058392,64
27-08-26/0/map4-0.1-data-2026.08.27-17.19.56.860.jpk-force-map,2026-08-27T17:19:56.860000,23,4,0.1,linear_drift_corrected,225.0,2.262734445802984,-0.28420560730488426,5.040815023286692,64
27-08-26/0/map4-0.1-data-2026.08.27-17.19.56.860.jpk-force-map,2026-08-27T17:19:56.860000,23,4,0.1,linear_drift_corrected,230.0,2.7189133923016846,-0.41592863768543376,5.138481800804401,64
27-08-26/0/map4-0.1-data-2026.08.27-17.19.56.860.jpk-force-map,2026-08-27T17:19:56.860000,23,4,0.1,linear_drift_corrected,235.0,2.0978324847250898,-0.3546426198419754,4.577331399011184,64
27-08-26/0/map4-0.1-data-2026.08.27-17.19.56.860.jpk-force-map,2026-08-27T17:19:56.860000,23,4,0.1,linear_drift_corrected,240.0,1.2508534453815578,-1.17975977228428,3.3201742991317635,64
27-08-26/0/map4-0.1-data-2026.08.27-17.19.56.860.jpk-force-map,2026-08-27T17:19:56.860000,23,4,0.1,linear_drift_corrected,245.0,0.8108835716567677,-0.9175426618140431,3.3527099307373978,64
27-08-26/0/map4-0.1-data-2026.08.27-17.19.56.860.jpk-force-map,2026-08-27T17:19:56.860000,23,4,0.1,linear_drift_corrected,250.0,0.7249670355490274,-0.8490905509566014,2.64930003784873,64
27-08-26/0/map4-0.1-data-2026.08.27-17.19.56.860.jpk-force-map,2026-08-27T17:19:56.860000,23,4,0.1,linear_drift_corrected,255.0,0.7293329246567966,-0.9110881878415774,3.1667718153546645,64
27-08-26/0/map4-0.1-data-2026.08.27-17.19.56.860.jpk-force-map,2026-08-27T17:19:56.860000,23,4,0.1,linear_drift_corrected,260.0,0.24743013011907833,-1.5236281251095283,2.2826662978597323,64
27-08-26/0/map4-0.1-data-2026.08.27-17.19.56.860.jpk-force-map,2026-08-27T17:19:56.860000,23,4,0.1,linear_drift_corrected,265.0,0.7996022154244049,-1.764563199875433,2.094614375870494,64
27-08-26/0/map4-0.1-data-2026.08.27-17.19.56.860.jpk-force-map,2026-08-27T17:19:56.860000,23,4,0.1,linear_drift_corrected,270.0,0.6947697341780418,-0.6932091970422819,1.850470707357724,64
27-08-26/0/map4-0.1-data-2026.08.27-17.19.56.860.jpk-force-map,2026-08-27T17:19:56.860000,23,4,0.1,linear_drift_corrected,275.0,0.670445168038766,-1.044050750868503,1.8220270969400236,64
27-08-26/0/map4-0.1-data-2026.08.27-17.19.56.860.jpk-force-map,2026-08-27T17:19:56.860000,23,4,0.1,linear_drift_corrected,280.0,0.11532780547404625,-1.3111461615128133,1.2694408591805124,64
27-08-26/0/map4-0.1-data-2026.08.27-17.19.56.860.jpk-force-map,2026-08-27T17:19:56.860000,23,4,0.1,linear_drift_corrected,285.0,-0.23040709277127455,-1.1214912306752842,1.3304439274065383,64
27-08-26/0/map4-0.1-data-2026.08.27-17.19.56.860.jpk-force-map,2026-08-27T17:19:56.860000,23,4,0.1,linear_drift_corrected,290.0,-0.3449662818224905,-1.5917516011129522,1.3358343083696669,64
27-08-26/0/map4-0.1-data-2026.08.27-17.19.56.860.jpk-force-map,2026-08-27T17:19:56.860000,23,4,0.1,linear_drift_corrected,295.0,-0.3933743563234884,-1.4829370308073113,1.2682114673917133,64
27-08-26/0/map4-0.1-data-2026.08.27-17.19.56.860.jpk-force-map,2026-08-27T17:19:56.860000,23,4,0.1,linear_drift_corrected,300.0,-0.4539303786142283,-1.3320960688407943,1.165562381216587,64
27-08-26/0/map4-0.1-data-2026.08.27-17.19.56.860.jpk-force-map,2026-08-27T17:19:56.860000,23,4,0.1,linear_drift_corrected,305.0,-0.0083448972784347,-1.8146770784584139,0.7276536623220038,64
27-08-26/0/map4-0.1-data-2026.08.27-17.19.56.860.jpk-force-map,2026-08-27T17:19:56.860000,23,4,0.1,linear_drift_corrected,310.0,0.3587779666804026,-1.3604040024962898,1.396580235748439,64
27-08-26/0/map4-0.1-data-2026.08.27-17.19.56.860.jpk-force-map,2026-08-27T17:19:56.860000,23,4,0.1,linear_drift_corrected,315.0,-0.24171262914586647,-2.14172631229713,1.2795697045265162,64
27-08-26/0/map4-0.1-data-2026.08.27-17.19.56.860.jpk-force-map,2026-08-27T17:19:56.860000,23,4,0.1,linear_drift_corrected,320.0,-0.6094109919101229,-2.0176731265754584,1.4151630335822993,64
27-08-26/0/map4-0.1-data-2026.08.27-17.19.56.860.jpk-force-map,2026-08-27T17:19:56.860000,23,4,0.1,linear_drift_corrected,325.0,-0.5103759358672979,-1.5550909867681129,1.0386166392677545,64
27-08-26/0/map4-0.1-data-2026.08.27-17.19.56.860.jpk-force-map,2026-08-27T17:19:56.860000,23,4,0.1,linear_drift_corrected,330.0,-0.5879263841982052,-1.7517684878217512,0.6821422544544419,64
27-08-26/0/map4-0.1-data-2026.08.27-17.19.56.860.jpk-force-map,2026-08-27T17:19:56.860000,23,4,0.1,linear_drift_corrected,335.0,-0.23259891223102097,-1.9262323631425762,1.1127273572327676,64
27-08-26/0/map4-0.1-data-2026.08.27-17.19.56.860.jpk-force-map,2026-08-27T17:19:56.860000,23,4,0.1,linear_drift_corrected,340.0,-0.10445444152534594,-1.6026308167550571,1.0300131685662905,64
27-08-26/0/map4-0.1-data-2026.08.27-17.19.56.860.jpk-force-map,2026-08-27T17:19:56.860000,23,4,0.1,linear_drift_corrected,345.0,0.2939841824989362,-0.9061490770677998,1.7172850932055865,64
27-08-26/0/map4-0.1-data-2026.08.27-17.19.56.860.jpk-force-map,2026-08-27T17:19:56.860000,23,4,0.1,linear_drift_corrected,350.0,-0.08372380066505461,-1.0783631302402064,1.0676072856354635,64
27-08-26/0/map4-0.1-data-2026.08.27-17.19.56.860.jpk-force-map,2026-08-27T17:19:56.860000,23,4,0.1,linear_drift_corrected,355.0,0.2983743018412033,-0.7892780383363385,1.5053561108821074,64
27-08-26/0/map4-0.1-data-2026.08.27-17.19.56.860.jpk-force-map,2026-08-27T17:19:56.860000,23,4,0.1,linear_drift_corrected,360.0,0.6184290722478445,-0.9994255173373554,1.7544097294699532,64
27-08-26/0/map4-0.1-data-2026.08.27-17.19.56.860.jpk-force-map,2026-08-27T17:19:56.860000,23,4,0.1,linear_drift_corrected,365.0,0.24179672846877104,-1.210896975167459,1.8271656737451507,62
27-08-26/0/map4-0.1-data-2026.08.27-17.19.56.860.jpk-force-map,2026-08-27T17:19:56.860000,23,4,0.1,linear_drift_corrected,370.0,0.7367146466031457,-0.43222587900175263,3.1759827511592613,42
27-08-26/0/map4-0.1-data-2026.08.27-17.19.56.860.jpk-force-map,2026-08-27T17:19:56.860000,23,4,0.1,far_constant_referenced,5.0,6390.836237836046,5948.063512307489,6728.073430263188,64
27-08-26/0/map4-0.1-data-2026.08.27-17.19.56.860.jpk-force-map,2026-08-27T17:19:56.860000,23,4,0.1,far_constant_referenced,10.0,3706.37961971895,3471.3963090429156,3937.357062574273,64
27-08-26/0/map4-0.1-data-2026.08.27-17.19.56.860.jpk-force-map,2026-08-27T17:19:56.860000,23,4,0.1,far_constant_referenced,15.0,2284.911082437905,2157.8214105131747,2412.9623320136284,64
27-08-26/0/map4-0.1-data-2026.08.27-17.19.56.860.jpk-force-map,2026-08-27T17:19:56.860000,23,4,0.1,far_constant_referenced,20.0,1467.467575742899,1388.670564650818,1536.1725082482671,64
27-08-26/0/map4-0.1-data-2026.08.27-17.19.56.860.jpk-force-map,2026-08-27T17:19:56.860000,23,4,0.1,far_constant_referenced,25.0,967.2967560386264,912.0684606594625,1007.5956697961055,64
27-08-26/0/map4-0.1-data-2026.08.27-17.19.56.860.jpk-force-map,2026-08-27T17:19:56.860000,23,4,0.1,far_constant_referenced,30.0,635.5310571426644,605.1763344589142,668.4844773535029,64
27-08-26/0/map4-0.1-data-2026.08.27-17.19.56.860.jpk-force-map,2026-08-27T17:19:56.860000,23,4,0.1,far_constant_referenced,35.0,421.6464817818649,396.35116658646615,441.79633062012005,64
27-08-26/0/map4-0.1-data-2026.08.27-17.19.56.860.jpk-force-map,2026-08-27T17:19:56.860000,23,4,0.1,far_constant_referenced,40.0,283.7296705867499,261.6024513189696,293.7224705791927,64
27-08-26/0/map4-0.1-data-2026.08.27-17.19.56.860.jpk-force-map,2026-08-27T17:19:56.860000,23,4,0.1,far_constant_referenced,45.0,189.7631848533487,174.61511357709267,198.6455694769278,64
27-08-26/0/map4-0.1-data-2026.08.27-17.19.56.860.jpk-force-map,2026-08-27T17:19:56.860000,23,4,0.1,far_constant_referenced,50.0,127.85981892382515,119.39608863435042,133.8747049355536,64
27-08-26/0/map4-0.1-data-2026.08.27-17.19.56.860.jpk-force-map,2026-08-27T17:19:56.860000,23,4,0.1,far_constant_referenced,55.0,87.21719230386233,79.45960083683234,91.40817785275985,64
27-08-26/0/map4-0.1-data-2026.08.27-17.19.56.860.jpk-force-map,2026-08-27T17:19:56.860000,23,4,0.1,far_constant_referenced,60.0,59.51267419081779,53.76731379507612,64.15491204019801,64
27-08-26/0/map4-0.1-data-2026.08.27-17.19.56.860.jpk-force-map,2026-08-27T17:19:56.860000,23,4,0.1,far_constant_referenced,65.0,42.31426268855219,37.10646882965135,46.67478260549872,64
27-08-26/0/map4-0.1-data-2026.08.27-17.19.56.860.jpk-force-map,2026-08-27T17:19:56.860000,23,4,0.1,far_constant_referenced,70.0,30.7879804792006,25.79227828969296,35.52092132375585,64
27-08-26/0/map4-0.1-data-2026.08.27-17.19.56.860.jpk-force-map,2026-08-27T17:19:56.860000,23,4,0.1,far_constant_referenced,75.0,23.165425004068403,19.358037167755494,27.46077868215894,64
27-08-26/0/map4-0.1-data-2026.08.27-17.19.56.860.jpk-force-map,2026-08-27T17:19:56.860000,23,4,0.1,far_constant_referenced,80.0,18.731899657954653,13.636004301971186,22.378964174833705,64
27-08-26/0/map4-0.1-data-2026.08.27-17.19.56.860.jpk-force-map,2026-08-27T17:19:56.860000,23,4,0.1,far_constant_referenced,85.0,15.711186446975216,11.93056469455209,18.628279815108684,64
27-08-26/0/map4-0.1-data-2026.08.27-17.19.56.860.jpk-force-map,2026-08-27T17:19:56.860000,23,4,0.1,far_constant_referenced,90.0,13.54234379408896,9.757357037969209,16.68929766298808,64
27-08-26/0/map4-0.1-data-2026.08.27-17.19.56.860.jpk-force-map,2026-08-27T17:19:56.860000,23,4,0.1,far_constant_referenced,95.0,12.20008437175912,8.206842398474276,15.45527845476406,64
27-08-26/0/map4-0.1-data-2026.08.27-17.19.56.860.jpk-force-map,2026-08-27T17:19:56.860000,23,4,0.1,far_constant_referenced,100.0,10.65933902624992,7.667559554057953,14.130294945022484,64
27-08-26/0/map4-0.1-data-2026.08.27-17.19.56.860.jpk-force-map,2026-08-27T17:19:56.860000,23,4,0.1,far_constant_referenced,105.0,10.28615793473293,6.589480845231014,13.037131733625847,64
27-08-26/0/map4-0.1-data-2026.08.27-17.19.56.860.jpk-force-map,2026-08-27T17:19:56.860000,23,4,0.1,far_constant_referenced,110.0,9.907667573414832,7.21220355622032,12.671035607291728,64
27-08-26/0/map4-0.1-data-2026.08.27-17.19.56.860.jpk-force-map,2026-08-27T17:19:56.860000,23,4,0.1,far_constant_referenced,115.0,9.500481024529972,4.298530925679115,12.408286139899607,64
27-08-26/0/map4-0.1-data-2026.08.27-17.19.56.860.jpk-force-map,2026-08-27T17:19:56.860000,23,4,0.1,far_constant_referenced,120.0,9.426020594130733,4.720540670788654,11.51145901312585,64
27-08-26/0/map4-0.1-data-2026.08.27-17.19.56.860.jpk-force-map,2026-08-27T17:19:56.860000,23,4,0.1,far_constant_referenced,125.0,8.501186178334553,4.177356047558405,11.937857517054429,64
27-08-26/0/map4-0.1-data-2026.08.27-17.19.56.860.jpk-force-map,2026-08-27T17:19:56.860000,23,4,0.1,far_constant_referenced,130.0,8.013232214118364,4.50552712136998,10.652996408635039,64
27-08-26/0/map4-0.1-data-2026.08.27-17.19.56.860.jpk-force-map,2026-08-27T17:19:56.860000,23,4,0.1,far_constant_referenced,135.0,8.517244640912345,3.777961178741851,11.055823892603401,64
27-08-26/0/map4-0.1-data-2026.08.27-17.19.56.860.jpk-force-map,2026-08-27T17:19:56.860000,23,4,0.1,far_constant_referenced,140.0,8.237005464832595,4.2454560440003535,10.536471595676964,64
27-08-26/0/map4-0.1-data-2026.08.27-17.19.56.860.jpk-force-map,2026-08-27T17:19:56.860000,23,4,0.1,far_constant_referenced,145.0,7.112224185844916,3.6789438908127408,10.29251242990997,64
27-08-26/0/map4-0.1-data-2026.08.27-17.19.56.860.jpk-force-map,2026-08-27T17:19:56.860000,23,4,0.1,far_constant_referenced,150.0,7.851697383454285,3.6916053709229386,10.110073091748742,64
27-08-26/0/map4-0.1-data-2026.08.27-17.19.56.860.jpk-force-map,2026-08-27T17:19:56.860000,23,4,0.1,far_constant_referenced,155.0,7.625976212723153,2.72101858985276,10.715258583806774,64
27-08-26/0/map4-0.1-data-2026.08.27-17.19.56.860.jpk-force-map,2026-08-27T17:19:56.860000,23,4,0.1,far_constant_referenced,160.0,6.226288782580434,3.043809128495865,10.204915416957814,64
27-08-26/0/map4-0.1-data-2026.08.27-17.19.56.860.jpk-force-map,2026-08-27T17:19:56.860000,23,4,0.1,far_constant_referenced,165.0,6.186867157361775,3.622050373248859,10.29955582362992,64
27-08-26/0/map4-0.1-data-2026.08.27-17.19.56.860.jpk-force-map,2026-08-27T17:19:56.860000,23,4,0.1,far_constant_referenced,170.0,6.120234039712333,2.9997908871396453,9.378118390302518,64
27-08-26/0/map4-0.1-data-2026.08.27-17.19.56.860.jpk-force-map,2026-08-27T17:19:56.860000,23,4,0.1,far_constant_referenced,175.0,5.347171099373794,2.8669938155044195,9.50776790825171,64
27-08-26/0/map4-0.1-data-2026.08.27-17.19.56.860.jpk-force-map,2026-08-27T17:19:56.860000,23,4,0.1,far_constant_referenced,180.0,5.275668181682934,3.0832248149343946,8.324602477784751,64
27-08-26/0/map4-0.1-data-2026.08.27-17.19.56.860.jpk-force-map,2026-08-27T17:19:56.860000,23,4,0.1,far_constant_referenced,185.0,5.374418224487487,3.285125536922564,7.749538480620336,64
27-08-26/0/map4-0.1-data-2026.08.27-17.19.56.860.jpk-force-map,2026-08-27T17:19:56.860000,23,4,0.1,far_constant_referenced,190.0,4.06570103464246,1.6524241135470839,7.459815072019326,64
27-08-26/0/map4-0.1-data-2026.08.27-17.19.56.860.jpk-force-map,2026-08-27T17:19:56.860000,23,4,0.1,far_constant_referenced,195.0,3.6935532909396,1.4471085927480862,6.34988668315958,64
27-08-26/0/map4-0.1-data-2026.08.27-17.19.56.860.jpk-force-map,2026-08-27T17:19:56.860000,23,4,0.1,far_constant_referenced,200.0,3.9407015818556688,2.096353897625856,5.771182213525901,64
27-08-26/0/map4-0.1-data-2026.08.27-17.19.56.860.jpk-force-map,2026-08-27T17:19:56.860000,23,4,0.1,far_constant_referenced,205.0,3.7066898734916887,1.4527088627961664,6.434739979503074,64
27-08-26/0/map4-0.1-data-2026.08.27-17.19.56.860.jpk-force-map,2026-08-27T17:19:56.860000,23,4,0.1,far_constant_referenced,210.0,3.832687041410173,0.9781171547932279,5.755616669733352,64
27-08-26/0/map4-0.1-data-2026.08.27-17.19.56.860.jpk-force-map,2026-08-27T17:19:56.860000,23,4,0.1,far_constant_referenced,215.0,3.84678570640986,0.5779561832863893,5.363467113173243,64
27-08-26/0/map4-0.1-data-2026.08.27-17.19.56.860.jpk-force-map,2026-08-27T17:19:56.860000,23,4,0.1,far_constant_referenced,220.0,2.6120538445209918,-0.04331746525245665,5.397514142004509,64
27-08-26/0/map4-0.1-data-2026.08.27-17.19.56.860.jpk-force-map,2026-08-27T17:19:56.860000,23,4,0.1,far_constant_referenced,225.0,2.559982616754291,0.8891007732923277,5.1737349525096725,64
27-08-26/0/map4-0.1-data-2026.08.27-17.19.56.860.jpk-force-map,2026-08-27T17:19:56.860000,23,4,0.1,far_constant_referenced,230.0,2.9414304907821895,0.6662539723419524,5.457608662279621,64
27-08-26/0/map4-0.1-data-2026.08.27-17.19.56.860.jpk-force-map,2026-08-27T17:19:56.860000,23,4,0.1,far_constant_referenced,235.0,2.198500922899189,0.2019066607688914,4.702077002093171,64
27-08-26/0/map4-0.1-data-2026.08.27-17.19.56.860.jpk-force-map,2026-08-27T17:19:56.860000,23,4,0.1,far_constant_referenced,240.0,1.6769928486369787,-1.1989744642625975,3.279549021996661,64
27-08-26/0/map4-0.1-data-2026.08.27-17.19.56.860.jpk-force-map,2026-08-27T17:19:56.860000,23,4,0.1,far_constant_referenced,245.0,1.568016225744122,-0.4986675243087757,3.075926053651213,64
27-08-26/0/map4-0.1-data-2026.08.27-17.19.56.860.jpk-force-map,2026-08-27T17:19:56.860000,23,4,0.1,far_constant_referenced,250.0,0.9248462933569166,-1.0518114825028908,3.222845545408185,64
27-08-26/0/map4-0.1-data-2026.08.27-17.19.56.860.jpk-force-map,2026-08-27T17:19:56.860000,23,4,0.1,far_constant_referenced,255.0,0.8830135232402007,-0.2923780435020398,2.914634712989276,64
27-08-26/0/map4-0.1-data-2026.08.27-17.19.56.860.jpk-force-map,2026-08-27T17:19:56.860000,23,4,0.1,far_constant_referenced,260.0,0.833864175498018,-1.0574176913318118,2.679173942174244,64
27-08-26/0/map4-0.1-data-2026.08.27-17.19.56.860.jpk-force-map,2026-08-27T17:19:56.860000,23,4,0.1,far_constant_referenced,265.0,0.8319162554813562,-1.4604767877408726,2.74582487616443,64
27-08-26/0/map4-0.1-data-2026.08.27-17.19.56.860.jpk-force-map,2026-08-27T17:19:56.860000,23,4,0.1,far_constant_referenced,270.0,0.35658813869103256,-0.6093485772163894,2.7407353412428117,64
27-08-26/0/map4-0.1-data-2026.08.27-17.19.56.860.jpk-force-map,2026-08-27T17:19:56.860000,23,4,0.1,far_constant_referenced,275.0,0.488440944220472,-0.6042531035139299,2.560463657977971,64
27-08-26/0/map4-0.1-data-2026.08.27-17.19.56.860.jpk-force-map,2026-08-27T17:19:56.860000,23,4,0.1,far_constant_referenced,280.0,0.01166376497874086,-1.407455355088374,1.952593837116126,64
27-08-26/0/map4-0.1-data-2026.08.27-17.19.56.860.jpk-force-map,2026-08-27T17:19:56.860000,23,4,0.1,far_constant_referenced,285.0,0.21747814334311125,-1.388017726383849,1.636822937070794,64
27-08-26/0/map4-0.1-data-2026.08.27-17.19.56.860.jpk-force-map,2026-08-27T17:19:56.860000,23,4,0.1,far_constant_referenced,290.0,-0.08467513292680724,-1.214575640738887,1.3858025612427491,64
27-08-26/0/map4-0.1-data-2026.08.27-17.19.56.860.jpk-force-map,2026-08-27T17:19:56.860000,23,4,0.1,far_constant_referenced,295.0,-0.22574492585283462,-1.059116182566202,1.770873091399048,64
27-08-26/0/map4-0.1-data-2026.08.27-17.19.56.860.jpk-force-map,2026-08-27T17:19:56.860000,23,4,0.1,far_constant_referenced,300.0,-0.2962738835360744,-1.508408685472701,1.318908137250658,64
27-08-26/0/map4-0.1-data-2026.08.27-17.19.56.860.jpk-force-map,2026-08-27T17:19:56.860000,23,4,0.1,far_constant_referenced,305.0,-0.19656175828368638,-1.5915872457032714,0.9552706660591894,64
27-08-26/0/map4-0.1-data-2026.08.27-17.19.56.860.jpk-force-map,2026-08-27T17:19:56.860000,23,4,0.1,far_constant_referenced,310.0,0.3400783287921038,-1.3743704087048245,1.4741062890789158,64
27-08-26/0/map4-0.1-data-2026.08.27-17.19.56.860.jpk-force-map,2026-08-27T17:19:56.860000,23,4,0.1,far_constant_referenced,315.0,-0.4101084289091411,-1.9124298643298336,1.3050648398133724,64
27-08-26/0/map4-0.1-data-2026.08.27-17.19.56.860.jpk-force-map,2026-08-27T17:19:56.860000,23,4,0.1,far_constant_referenced,320.0,-0.4889398017859633,-1.9102562706526038,1.4062319662970604,64
27-08-26/0/map4-0.1-data-2026.08.27-17.19.56.860.jpk-force-map,2026-08-27T17:19:56.860000,23,4,0.1,far_constant_referenced,325.0,-0.3405534312349434,-1.6183473908133927,1.078328137610159,64
27-08-26/0/map4-0.1-data-2026.08.27-17.19.56.860.jpk-force-map,2026-08-27T17:19:56.860000,23,4,0.1,far_constant_referenced,330.0,-0.3867927765131038,-2.1072990701597334,0.7234503677147238,64
27-08-26/0/map4-0.1-data-2026.08.27-17.19.56.860.jpk-force-map,2026-08-27T17:19:56.860000,23,4,0.1,far_constant_referenced,335.0,-0.29385086107586195,-1.80274652655261,1.097807337778554,64
27-08-26/0/map4-0.1-data-2026.08.27-17.19.56.860.jpk-force-map,2026-08-27T17:19:56.860000,23,4,0.1,far_constant_referenced,340.0,-0.1488614729936224,-1.4677874265847874,1.173942504290122,64
27-08-26/0/map4-0.1-data-2026.08.27-17.19.56.860.jpk-force-map,2026-08-27T17:19:56.860000,23,4,0.1,far_constant_referenced,345.0,0.09245493543295788,-1.2656491533744871,1.8258483828502348,64
27-08-26/0/map4-0.1-data-2026.08.27-17.19.56.860.jpk-force-map,2026-08-27T17:19:56.860000,23,4,0.1,far_constant_referenced,350.0,-0.014098664999923575,-2.0591355599876815,1.8049438753523728,64
27-08-26/0/map4-0.1-data-2026.08.27-17.19.56.860.jpk-force-map,2026-08-27T17:19:56.860000,23,4,0.1,far_constant_referenced,355.0,0.32935289113854604,-1.721504008777731,1.8334143892564319,64
27-08-26/0/map4-0.1-data-2026.08.27-17.19.56.860.jpk-force-map,2026-08-27T17:19:56.860000,23,4,0.1,far_constant_referenced,360.0,0.5940205846447856,-1.4957590829246592,1.65947344604669,64
27-08-26/0/map4-0.1-data-2026.08.27-17.19.56.860.jpk-force-map,2026-08-27T17:19:56.860000,23,4,0.1,far_constant_referenced,365.0,-0.08804836027293592,-1.7312376700806726,1.9219497295336516,62
27-08-26/0/map4-0.1-data-2026.08.27-17.19.56.860.jpk-force-map,2026-08-27T17:19:56.860000,23,4,0.1,far_constant_referenced,370.0,0.39553466146637795,-1.9968615072541431,4.399715868504258,42
27-08-26/0/map4-0.2-data-2026.08.27-17.25.48.068.jpk-force-map,2026-08-27T17:25:48.068000,24,4,0.2,linear_drift_corrected,5.0,6190.810810497616,5914.317008845118,6446.433032058311,64
27-08-26/0/map4-0.2-data-2026.08.27-17.25.48.068.jpk-force-map,2026-08-27T17:25:48.068000,24,4,0.2,linear_drift_corrected,10.0,3557.616776552629,3362.5655035473033,3714.637973217513,64
27-08-26/0/map4-0.2-data-2026.08.27-17.25.48.068.jpk-force-map,2026-08-27T17:25:48.068000,24,4,0.2,linear_drift_corrected,15.0,2152.914540611766,2038.1683329269788,2261.3222665108374,64
27-08-26/0/map4-0.2-data-2026.08.27-17.25.48.068.jpk-force-map,2026-08-27T17:25:48.068000,24,4,0.2,linear_drift_corrected,20.0,1352.412823811604,1297.2008331322224,1418.9824176696948,64
27-08-26/0/map4-0.2-data-2026.08.27-17.25.48.068.jpk-force-map,2026-08-27T17:25:48.068000,24,4,0.2,linear_drift_corrected,25.0,863.9982161790491,830.026699270873,908.2015464360985,64
27-08-26/0/map4-0.2-data-2026.08.27-17.25.48.068.jpk-force-map,2026-08-27T17:25:48.068000,24,4,0.2,linear_drift_corrected,30.0,561.7774396022317,537.1133630785359,586.123675057803,64
27-08-26/0/map4-0.2-data-2026.08.27-17.25.48.068.jpk-force-map,2026-08-27T17:25:48.068000,24,4,0.2,linear_drift_corrected,35.0,363.30411962481253,345.7640574690486,380.2135023222238,64
27-08-26/0/map4-0.2-data-2026.08.27-17.25.48.068.jpk-force-map,2026-08-27T17:25:48.068000,24,4,0.2,linear_drift_corrected,40.0,236.4610177966707,225.53290023543812,249.20842645235754,64
27-08-26/0/map4-0.2-data-2026.08.27-17.25.48.068.jpk-force-map,2026-08-27T17:25:48.068000,24,4,0.2,linear_drift_corrected,45.0,155.43586011666676,142.81290868723244,163.2808905045412,64
27-08-26/0/map4-0.2-data-2026.08.27-17.25.48.068.jpk-force-map,2026-08-27T17:25:48.068000,24,4,0.2,linear_drift_corrected,50.0,101.53699828662594,92.3812254790307,109.17248445543304,64
27-08-26/0/map4-0.2-data-2026.08.27-17.25.48.068.jpk-force-map,2026-08-27T17:25:48.068000,24,4,0.2,linear_drift_corrected,55.0,67.46846553083584,59.14685085017157,74.20855454598562,64
27-08-26/0/map4-0.2-data-2026.08.27-17.25.48.068.jpk-force-map,2026-08-27T17:25:48.068000,24,4,0.2,linear_drift_corrected,60.0,45.23196695104161,35.544123957978684,49.708476531826236,64
27-08-26/0/map4-0.2-data-2026.08.27-17.25.48.068.jpk-force-map,2026-08-27T17:25:48.068000,24,4,0.2,linear_drift_corrected,65.0,29.974152674825135,21.400472783024465,35.7251661542211,64
27-08-26/0/map4-0.2-data-2026.08.27-17.25.48.068.jpk-force-map,2026-08-27T17:25:48.068000,24,4,0.2,linear_drift_corrected,70.0,20.458732071740798,12.805300284616397,27.614937436842123,64
27-08-26/0/map4-0.2-data-2026.08.27-17.25.48.068.jpk-force-map,2026-08-27T17:25:48.068000,24,4,0.2,linear_drift_corrected,75.0,13.851649231732168,6.953909999481575,21.29362303359211,64
27-08-26/0/map4-0.2-data-2026.08.27-17.25.48.068.jpk-force-map,2026-08-27T17:25:48.068000,24,4,0.2,linear_drift_corrected,80.0,11.894360479177465,4.34625697930378,19.680396212928773,64
27-08-26/0/map4-0.2-data-2026.08.27-17.25.48.068.jpk-force-map,2026-08-27T17:25:48.068000,24,4,0.2,linear_drift_corrected,85.0,9.3441758282749,1.3632868491655068,15.69100123192224,64
27-08-26/0/map4-0.2-data-2026.08.27-17.25.48.068.jpk-force-map,2026-08-27T17:25:48.068000,24,4,0.2,linear_drift_corrected,90.0,7.545798007038474,0.7538673156471911,11.9399750793504,64
27-08-26/0/map4-0.2-data-2026.08.27-17.25.48.068.jpk-force-map,2026-08-27T17:25:48.068000,24,4,0.2,linear_drift_corrected,95.0,7.0510480331947365,-0.20870094618061247,11.308647884563666,64
27-08-26/0/map4-0.2-data-2026.08.27-17.25.48.068.jpk-force-map,2026-08-27T17:25:48.068000,24,4,0.2,linear_drift_corrected,100.0,5.2478576350838555,-0.10305849206779524,12.526011182679747,64
27-08-26/0/map4-0.2-data-2026.08.27-17.25.48.068.jpk-force-map,2026-08-27T17:25:48.068000,24,4,0.2,linear_drift_corrected,105.0,6.487294814989824,-1.3291490029948247,11.369449869415481,64
27-08-26/0/map4-0.2-data-2026.08.27-17.25.48.068.jpk-force-map,2026-08-27T17:25:48.068000,24,4,0.2,linear_drift_corrected,110.0,6.923440223776082,-1.535798090470014,10.144487223360873,64
27-08-26/0/map4-0.2-data-2026.08.27-17.25.48.068.jpk-force-map,2026-08-27T17:25:48.068000,24,4,0.2,linear_drift_corrected,115.0,5.1172921748119595,-1.2754976745476436,10.24567818808448,64
27-08-26/0/map4-0.2-data-2026.08.27-17.25.48.068.jpk-force-map,2026-08-27T17:25:48.068000,24,4,0.2,linear_drift_corrected,120.0,5.44670798948332,-1.853415335406027,11.431322391260434,64
27-08-26/0/map4-0.2-data-2026.08.27-17.25.48.068.jpk-force-map,2026-08-27T17:25:48.068000,24,4,0.2,linear_drift_corrected,125.0,4.665208251441026,-0.11423616964787472,9.933254406052594,64
27-08-26/0/map4-0.2-data-2026.08.27-17.25.48.068.jpk-force-map,2026-08-27T17:25:48.068000,24,4,0.2,linear_drift_corrected,130.0,4.288012372025314,0.3444269917943825,8.737280295811345,64
27-08-26/0/map4-0.2-data-2026.08.27-17.25.48.068.jpk-force-map,2026-08-27T17:25:48.068000,24,4,0.2,linear_drift_corrected,135.0,4.48717663200845,0.11637493352320238,8.241617522025145,64
27-08-26/0/map4-0.2-data-2026.08.27-17.25.48.068.jpk-force-map,2026-08-27T17:25:48.068000,24,4,0.2,linear_drift_corrected,140.0,3.959780302315764,-0.575391838250487,9.097036451140509,64
27-08-26/0/map4-0.2-data-2026.08.27-17.25.48.068.jpk-force-map,2026-08-27T17:25:48.068000,24,4,0.2,linear_drift_corrected,145.0,3.0606918755820196,-0.668377899794211,7.865659669667304,64
27-08-26/0/map4-0.2-data-2026.08.27-17.25.48.068.jpk-force-map,2026-08-27T17:25:48.068000,24,4,0.2,linear_drift_corrected,150.0,3.2997519726140583,-0.5776872577407917,7.689658347853866,64
27-08-26/0/map4-0.2-data-2026.08.27-17.25.48.068.jpk-force-map,2026-08-27T17:25:48.068000,24,4,0.2,linear_drift_corrected,155.0,4.270067586892084,-0.36130754737430365,7.666813340479774,64
27-08-26/0/map4-0.2-data-2026.08.27-17.25.48.068.jpk-force-map,2026-08-27T17:25:48.068000,24,4,0.2,linear_drift_corrected,160.0,3.576094294605641,-0.8869968808603957,6.904271934092398,64
27-08-26/0/map4-0.2-data-2026.08.27-17.25.48.068.jpk-force-map,2026-08-27T17:25:48.068000,24,4,0.2,linear_drift_corrected,165.0,3.77124070282426,-1.3146794355512599,7.067313295901691,64
27-08-26/0/map4-0.2-data-2026.08.27-17.25.48.068.jpk-force-map,2026-08-27T17:25:48.068000,24,4,0.2,linear_drift_corrected,170.0,3.309025240582966,-0.7453005356124562,7.425259056943164,64
27-08-26/0/map4-0.2-data-2026.08.27-17.25.48.068.jpk-force-map,2026-08-27T17:25:48.068000,24,4,0.2,linear_drift_corrected,175.0,2.653002239836063,0.21171437443429297,7.143733244846507,64
27-08-26/0/map4-0.2-data-2026.08.27-17.25.48.068.jpk-force-map,2026-08-27T17:25:48.068000,24,4,0.2,linear_drift_corrected,180.0,2.6473639549580534,-1.1622837442420986,7.757740867590052,64
27-08-26/0/map4-0.2-data-2026.08.27-17.25.48.068.jpk-force-map,2026-08-27T17:25:48.068000,24,4,0.2,linear_drift_corrected,185.0,2.2468384292611265,-1.1619946399972316,6.298672087700181,64
27-08-26/0/map4-0.2-data-2026.08.27-17.25.48.068.jpk-force-map,2026-08-27T17:25:48.068000,24,4,0.2,linear_drift_corrected,190.0,2.090004545859988,-1.9480661408814846,6.1679296779905135,64
27-08-26/0/map4-0.2-data-2026.08.27-17.25.48.068.jpk-force-map,2026-08-27T17:25:48.068000,24,4,0.2,linear_drift_corrected,195.0,2.7250209669959164,-1.3645893678487824,5.2731992570495585,64
27-08-26/0/map4-0.2-data-2026.08.27-17.25.48.068.jpk-force-map,2026-08-27T17:25:48.068000,24,4,0.2,linear_drift_corrected,200.0,3.0176973229987496,-2.175115547174529,6.034582039026698,64
27-08-26/0/map4-0.2-data-2026.08.27-17.25.48.068.jpk-force-map,2026-08-27T17:25:48.068000,24,4,0.2,linear_drift_corrected,205.0,1.4932280866741259,-1.5321861231209428,4.5583408526458316,64
27-08-26/0/map4-0.2-data-2026.08.27-17.25.48.068.jpk-force-map,2026-08-27T17:25:48.068000,24,4,0.2,linear_drift_corrected,210.0,1.36423361520059,-1.4965302458155567,4.582472521409429,64
27-08-26/0/map4-0.2-data-2026.08.27-17.25.48.068.jpk-force-map,2026-08-27T17:25:48.068000,24,4,0.2,linear_drift_corrected,215.0,0.8068281610461834,-2.2840728797741936,4.325446791814278,64
27-08-26/0/map4-0.2-data-2026.08.27-17.25.48.068.jpk-force-map,2026-08-27T17:25:48.068000,24,4,0.2,linear_drift_corrected,220.0,0.7371895920908262,-1.629001596904111,3.9759727597568713,64
27-08-26/0/map4-0.2-data-2026.08.27-17.25.48.068.jpk-force-map,2026-08-27T17:25:48.068000,24,4,0.2,linear_drift_corrected,225.0,0.992615792114852,-1.5686901512641611,3.7904495635320963,64
27-08-26/0/map4-0.2-data-2026.08.27-17.25.48.068.jpk-force-map,2026-08-27T17:25:48.068000,24,4,0.2,linear_drift_corrected,230.0,0.5464188769291316,-1.4138180739119182,2.849045545356768,64
27-08-26/0/map4-0.2-data-2026.08.27-17.25.48.068.jpk-force-map,2026-08-27T17:25:48.068000,24,4,0.2,linear_drift_corrected,235.0,1.4994826848577953,-1.5910015592774625,3.7878278038451474,64
27-08-26/0/map4-0.2-data-2026.08.27-17.25.48.068.jpk-force-map,2026-08-27T17:25:48.068000,24,4,0.2,linear_drift_corrected,240.0,1.1552443018915683,-3.3832901752108206,3.122079324498875,64
27-08-26/0/map4-0.2-data-2026.08.27-17.25.48.068.jpk-force-map,2026-08-27T17:25:48.068000,24,4,0.2,linear_drift_corrected,245.0,1.2127677119135636,-1.1533290930644082,3.531650579966446,64
27-08-26/0/map4-0.2-data-2026.08.27-17.25.48.068.jpk-force-map,2026-08-27T17:25:48.068000,24,4,0.2,linear_drift_corrected,250.0,0.325536338346729,-1.8654724968327288,2.529610348346944,64
27-08-26/0/map4-0.2-data-2026.08.27-17.25.48.068.jpk-force-map,2026-08-27T17:25:48.068000,24,4,0.2,linear_drift_corrected,255.0,0.25983670514535173,-1.4340079731426436,2.740544565893272,64
27-08-26/0/map4-0.2-data-2026.08.27-17.25.48.068.jpk-force-map,2026-08-27T17:25:48.068000,24,4,0.2,linear_drift_corrected,260.0,0.5463996262199198,-1.443532483539336,2.451660198458996,64
27-08-26/0/map4-0.2-data-2026.08.27-17.25.48.068.jpk-force-map,2026-08-27T17:25:48.068000,24,4,0.2,linear_drift_corrected,265.0,0.9608543710716926,-0.6955991510552604,2.7551624225409084,64
27-08-26/0/map4-0.2-data-2026.08.27-17.25.48.068.jpk-force-map,2026-08-27T17:25:48.068000,24,4,0.2,linear_drift_corrected,270.0,0.21286587734482001,-1.2105104669298075,1.0811949426569991,64
27-08-26/0/map4-0.2-data-2026.08.27-17.25.48.068.jpk-force-map,2026-08-27T17:25:48.068000,24,4,0.2,linear_drift_corrected,275.0,0.0777751913270184,-0.9436465507499843,1.216554824530454,64
27-08-26/0/map4-0.2-data-2026.08.27-17.25.48.068.jpk-force-map,2026-08-27T17:25:48.068000,24,4,0.2,linear_drift_corrected,280.0,0.2086833265103512,-1.12093169427639,1.2991813996194963,64
27-08-26/0/map4-0.2-data-2026.08.27-17.25.48.068.jpk-force-map,2026-08-27T17:25:48.068000,24,4,0.2,linear_drift_corrected,285.0,0.23241380986760463,-1.2282644496346247,1.2864409241183745,64
27-08-26/0/map4-0.2-data-2026.08.27-17.25.48.068.jpk-force-map,2026-08-27T17:25:48.068000,24,4,0.2,linear_drift_corrected,290.0,0.19331503984242948,-1.1262765518539462,1.9074670581140847,64
27-08-26/0/map4-0.2-data-2026.08.27-17.25.48.068.jpk-force-map,2026-08-27T17:25:48.068000,24,4,0.2,linear_drift_corrected,295.0,-0.12475147770166012,-1.2825970434602678,1.4831523935164346,64
27-08-26/0/map4-0.2-data-2026.08.27-17.25.48.068.jpk-force-map,2026-08-27T17:25:48.068000,24,4,0.2,linear_drift_corrected,300.0,-0.3538566489759093,-1.7262713957592828,0.8634341572963715,64
27-08-26/0/map4-0.2-data-2026.08.27-17.25.48.068.jpk-force-map,2026-08-27T17:25:48.068000,24,4,0.2,linear_drift_corrected,305.0,0.018643256475199755,-1.5932790258003107,0.9792462729834032,64
27-08-26/0/map4-0.2-data-2026.08.27-17.25.48.068.jpk-force-map,2026-08-27T17:25:48.068000,24,4,0.2,linear_drift_corrected,310.0,-0.48991341840832703,-1.5938426829590724,1.0498649901565478,64
27-08-26/0/map4-0.2-data-2026.08.27-17.25.48.068.jpk-force-map,2026-08-27T17:25:48.068000,24,4,0.2,linear_drift_corrected,315.0,-0.9125375433915652,-2.1391506920928203,0.7521640576128108,64
27-08-26/0/map4-0.2-data-2026.08.27-17.25.48.068.jpk-force-map,2026-08-27T17:25:48.068000,24,4,0.2,linear_drift_corrected,320.0,0.01180408893668549,-1.4494642531293702,1.1360911940219194,64
27-08-26/0/map4-0.2-data-2026.08.27-17.25.48.068.jpk-force-map,2026-08-27T17:25:48.068000,24,4,0.2,linear_drift_corrected,325.0,0.560794828338085,-0.812238925069281,1.697377502185931,64
27-08-26/0/map4-0.2-data-2026.08.27-17.25.48.068.jpk-force-map,2026-08-27T17:25:48.068000,24,4,0.2,linear_drift_corrected,330.0,-0.13990220714589674,-1.1630601899651238,1.4077037724591448,64
27-08-26/0/map4-0.2-data-2026.08.27-17.25.48.068.jpk-force-map,2026-08-27T17:25:48.068000,24,4,0.2,linear_drift_corrected,335.0,0.20828272563543254,-1.2767739638441256,1.4234865749918453,64
27-08-26/0/map4-0.2-data-2026.08.27-17.25.48.068.jpk-force-map,2026-08-27T17:25:48.068000,24,4,0.2,linear_drift_corrected,340.0,0.10308627756969524,-2.2324907948632555,1.5327266257936705,64
27-08-26/0/map4-0.2-data-2026.08.27-17.25.48.068.jpk-force-map,2026-08-27T17:25:48.068000,24,4,0.2,linear_drift_corrected,345.0,0.3838313027729251,-1.446436251045195,1.205404713143103,64
27-08-26/0/map4-0.2-data-2026.08.27-17.25.48.068.jpk-force-map,2026-08-27T17:25:48.068000,24,4,0.2,linear_drift_corrected,350.0,0.40162649450720206,-0.7113910441398457,1.806403217289987,64
27-08-26/0/map4-0.2-data-2026.08.27-17.25.48.068.jpk-force-map,2026-08-27T17:25:48.068000,24,4,0.2,linear_drift_corrected,355.0,-0.015783041383681928,-1.792334938933902,0.9574087725279891,64
27-08-26/0/map4-0.2-data-2026.08.27-17.25.48.068.jpk-force-map,2026-08-27T17:25:48.068000,24,4,0.2,linear_drift_corrected,360.0,0.32033212454705084,-1.200670458798521,1.1584303595341043,64
27-08-26/0/map4-0.2-data-2026.08.27-17.25.48.068.jpk-force-map,2026-08-27T17:25:48.068000,24,4,0.2,linear_drift_corrected,365.0,0.6463417314202702,-0.8794229531246007,2.020865261538322,62
27-08-26/0/map4-0.2-data-2026.08.27-17.25.48.068.jpk-force-map,2026-08-27T17:25:48.068000,24,4,0.2,linear_drift_corrected,370.0,1.2121410959679482,-0.7500186691322048,4.3143014366320935,42
27-08-26/0/map4-0.2-data-2026.08.27-17.25.48.068.jpk-force-map,2026-08-27T17:25:48.068000,24,4,0.2,far_constant_referenced,5.0,6199.8256715182615,5913.285223612589,6456.970984899694,64
27-08-26/0/map4-0.2-data-2026.08.27-17.25.48.068.jpk-force-map,2026-08-27T17:25:48.068000,24,4,0.2,far_constant_referenced,10.0,3564.8592277580638,3362.7113515398974,3717.851407678075,64
27-08-26/0/map4-0.2-data-2026.08.27-17.25.48.068.jpk-force-map,2026-08-27T17:25:48.068000,24,4,0.2,far_constant_referenced,15.0,2155.0181695067567,2039.216860365419,2270.6689305614286,64
27-08-26/0/map4-0.2-data-2026.08.27-17.25.48.068.jpk-force-map,2026-08-27T17:25:48.068000,24,4,0.2,far_constant_referenced,20.0,1356.5220808154704,1291.5325622522066,1427.0273308861501,64
27-08-26/0/map4-0.2-data-2026.08.27-17.25.48.068.jpk-force-map,2026-08-27T17:25:48.068000,24,4,0.2,far_constant_referenced,25.0,872.3631042617455,835.0708228665875,907.2493837419686,64
27-08-26/0/map4-0.2-data-2026.08.27-17.25.48.068.jpk-force-map,2026-08-27T17:25:48.068000,24,4,0.2,far_constant_referenced,30.0,568.5777679573099,540.4200971340073,587.9462870727172,64
27-08-26/0/map4-0.2-data-2026.08.27-17.25.48.068.jpk-force-map,2026-08-27T17:25:48.068000,24,4,0.2,far_constant_referenced,35.0,369.2888385070178,350.9527051229715,383.83339902732786,64
27-08-26/0/map4-0.2-data-2026.08.27-17.25.48.068.jpk-force-map,2026-08-27T17:25:48.068000,24,4,0.2,far_constant_referenced,40.0,242.71242569038014,229.7195735044545,251.05307475318085,64
27-08-26/0/map4-0.2-data-2026.08.27-17.25.48.068.jpk-force-map,2026-08-27T17:25:48.068000,24,4,0.2,far_constant_referenced,45.0,159.26323523029475,147.6732061506367,165.26449767946684,64
27-08-26/0/map4-0.2-data-2026.08.27-17.25.48.068.jpk-force-map,2026-08-27T17:25:48.068000,24,4,0.2,far_constant_referenced,50.0,104.33143940832758,97.67413768934014,108.927461667553,64
27-08-26/0/map4-0.2-data-2026.08.27-17.25.48.068.jpk-force-map,2026-08-27T17:25:48.068000,24,4,0.2,far_constant_referenced,55.0,70.85895196202803,66.33032892314162,74.76533333114834,64
27-08-26/0/map4-0.2-data-2026.08.27-17.25.48.068.jpk-force-map,2026-08-27T17:25:48.068000,24,4,0.2,far_constant_referenced,60.0,47.68332413299374,43.10311684634432,51.86069799689455,64
27-08-26/0/map4-0.2-data-2026.08.27-17.25.48.068.jpk-force-map,2026-08-27T17:25:48.068000,24,4,0.2,far_constant_referenced,65.0,33.20153652298245,30.618665846030364,36.12394509969763,64
27-08-26/0/map4-0.2-data-2026.08.27-17.25.48.068.jpk-force-map,2026-08-27T17:25:48.068000,24,4,0.2,far_constant_referenced,70.0,24.757742719778097,21.76259002023941,27.04191055195424,64
27-08-26/0/map4-0.2-data-2026.08.27-17.25.48.068.jpk-force-map,2026-08-27T17:25:48.068000,24,4,0.2,far_constant_referenced,75.0,18.35289856150867,15.68928422434732,21.464350400345573,64
27-08-26/0/map4-0.2-data-2026.08.27-17.25.48.068.jpk-force-map,2026-08-27T17:25:48.068000,24,4,0.2,far_constant_referenced,80.0,15.69806174198386,12.597079973237758,18.420535333068987,64
27-08-26/0/map4-0.2-data-2026.08.27-17.25.48.068.jpk-force-map,2026-08-27T17:25:48.068000,24,4,0.2,far_constant_referenced,85.0,12.670055708502556,9.891134008393724,15.862708493650707,64
27-08-26/0/map4-0.2-data-2026.08.27-17.25.48.068.jpk-force-map,2026-08-27T17:25:48.068000,24,4,0.2,far_constant_referenced,90.0,10.713310663790114,8.141652404496112,14.317117103222506,64
27-08-26/0/map4-0.2-data-2026.08.27-17.25.48.068.jpk-force-map,2026-08-27T17:25:48.068000,24,4,0.2,far_constant_referenced,95.0,10.266726244809245,8.042165952904766,11.944681175893585,64
27-08-26/0/map4-0.2-data-2026.08.27-17.25.48.068.jpk-force-map,2026-08-27T17:25:48.068000,24,4,0.2,far_constant_referenced,100.0,8.820336244506498,5.8392762711868915,12.245836737032167,64
27-08-26/0/map4-0.2-data-2026.08.27-17.25.48.068.jpk-force-map,2026-08-27T17:25:48.068000,24,4,0.2,far_constant_referenced,105.0,9.36325956139315,6.764110686982956,11.690958654920632,64
27-08-26/0/map4-0.2-data-2026.08.27-17.25.48.068.jpk-force-map,2026-08-27T17:25:48.068000,24,4,0.2,far_constant_referenced,110.0,8.453010790600935,6.183476113673835,10.600937058428833,64
27-08-26/0/map4-0.2-data-2026.08.27-17.25.48.068.jpk-force-map,2026-08-27T17:25:48.068000,24,4,0.2,far_constant_referenced,115.0,7.369088321723066,4.711305867050847,10.931768705921685,64
27-08-26/0/map4-0.2-data-2026.08.27-17.25.48.068.jpk-force-map,2026-08-27T17:25:48.068000,24,4,0.2,far_constant_referenced,120.0,8.02588181666688,5.140661883687331,11.428981228997975,64
27-08-26/0/map4-0.2-data-2026.08.27-17.25.48.068.jpk-force-map,2026-08-27T17:25:48.068000,24,4,0.2,far_constant_referenced,125.0,8.211706259735564,4.85945468637938,10.095214262839491,64
27-08-26/0/map4-0.2-data-2026.08.27-17.25.48.068.jpk-force-map,2026-08-27T17:25:48.068000,24,4,0.2,far_constant_referenced,130.0,7.093730823246178,4.62446307922694,9.191296232102376,64
27-08-26/0/map4-0.2-data-2026.08.27-17.25.48.068.jpk-force-map,2026-08-27T17:25:48.068000,24,4,0.2,far_constant_referenced,135.0,6.995930985328014,4.419883967215328,8.948043781220223,64
27-08-26/0/map4-0.2-data-2026.08.27-17.25.48.068.jpk-force-map,2026-08-27T17:25:48.068000,24,4,0.2,far_constant_referenced,140.0,7.087898940756451,4.036060580972283,9.112227308004254,64
27-08-26/0/map4-0.2-data-2026.08.27-17.25.48.068.jpk-force-map,2026-08-27T17:25:48.068000,24,4,0.2,far_constant_referenced,145.0,6.44082129077519,3.758731407355964,8.53160461225551,64
27-08-26/0/map4-0.2-data-2026.08.27-17.25.48.068.jpk-force-map,2026-08-27T17:25:48.068000,24,4,0.2,far_constant_referenced,150.0,6.881597582388508,3.353486839707992,8.222669248610778,64
27-08-26/0/map4-0.2-data-2026.08.27-17.25.48.068.jpk-force-map,2026-08-27T17:25:48.068000,24,4,0.2,far_constant_referenced,155.0,6.107085579598799,4.2941421668607855,8.568068724765672,64
27-08-26/0/map4-0.2-data-2026.08.27-17.25.48.068.jpk-force-map,2026-08-27T17:25:48.068000,24,4,0.2,far_constant_referenced,160.0,5.41868589462586,1.900041568125152,8.217550019785786,64
27-08-26/0/map4-0.2-data-2026.08.27-17.25.48.068.jpk-force-map,2026-08-27T17:25:48.068000,24,4,0.2,far_constant_referenced,165.0,5.869688766327957,4.168869530168598,7.798188970796554,64
27-08-26/0/map4-0.2-data-2026.08.27-17.25.48.068.jpk-force-map,2026-08-27T17:25:48.068000,24,4,0.2,far_constant_referenced,170.0,5.620081820268765,3.3167436045127765,6.886473321211122,64
27-08-26/0/map4-0.2-data-2026.08.27-17.25.48.068.jpk-force-map,2026-08-27T17:25:48.068000,24,4,0.2,far_constant_referenced,175.0,4.836839810086277,3.2214024217377366,8.070624589247855,64
27-08-26/0/map4-0.2-data-2026.08.27-17.25.48.068.jpk-force-map,2026-08-27T17:25:48.068000,24,4,0.2,far_constant_referenced,180.0,4.364433573320946,2.349072764687698,7.480725518297199,64
27-08-26/0/map4-0.2-data-2026.08.27-17.25.48.068.jpk-force-map,2026-08-27T17:25:48.068000,24,4,0.2,far_constant_referenced,185.0,4.016076584457911,1.94042527579129,7.213171577448639,64
27-08-26/0/map4-0.2-data-2026.08.27-17.25.48.068.jpk-force-map,2026-08-27T17:25:48.068000,24,4,0.2,far_constant_referenced,190.0,3.920248421678351,1.8730438717939668,6.356193668092501,64
27-08-26/0/map4-0.2-data-2026.08.27-17.25.48.068.jpk-force-map,2026-08-27T17:25:48.068000,24,4,0.2,far_constant_referenced,195.0,3.7105500808421015,1.6974163149111603,6.3630232657126164,64
27-08-26/0/map4-0.2-data-2026.08.27-17.25.48.068.jpk-force-map,2026-08-27T17:25:48.068000,24,4,0.2,far_constant_referenced,200.0,3.969908504546047,1.713468838708231,6.227025191366634,64
27-08-26/0/map4-0.2-data-2026.08.27-17.25.48.068.jpk-force-map,2026-08-27T17:25:48.068000,24,4,0.2,far_constant_referenced,205.0,2.9715757407984613,1.2899565821222074,5.884761391335974,64
27-08-26/0/map4-0.2-data-2026.08.27-17.25.48.068.jpk-force-map,2026-08-27T17:25:48.068000,24,4,0.2,far_constant_referenced,210.0,2.6451328521248856,1.1914559681001626,5.412105725788727,64
27-08-26/0/map4-0.2-data-2026.08.27-17.25.48.068.jpk-force-map,2026-08-27T17:25:48.068000,24,4,0.2,far_constant_referenced,215.0,2.8231893702481523,0.2590614846774372,5.022664253155198,64
27-08-26/0/map4-0.2-data-2026.08.27-17.25.48.068.jpk-force-map,2026-08-27T17:25:48.068000,24,4,0.2,far_constant_referenced,220.0,2.839711057707815,0.2641807135024298,4.631524289287398,64
27-08-26/0/map4-0.2-data-2026.08.27-17.25.48.068.jpk-force-map,2026-08-27T17:25:48.068000,24,4,0.2,far_constant_referenced,225.0,3.2260168542166343,0.22864898953649035,4.57119815657147,64
27-08-26/0/map4-0.2-data-2026.08.27-17.25.48.068.jpk-force-map,2026-08-27T17:25:48.068000,24,4,0.2,far_constant_referenced,230.0,2.4534290163214094,-0.21140277085159884,3.7366035110669076,64
27-08-26/0/map4-0.2-data-2026.08.27-17.25.48.068.jpk-force-map,2026-08-27T17:25:48.068000,24,4,0.2,far_constant_referenced,235.0,2.5230196466785175,0.08900450393969292,4.179060477573161,64
27-08-26/0/map4-0.2-data-2026.08.27-17.25.48.068.jpk-force-map,2026-08-27T17:25:48.068000,24,4,0.2,far_constant_referenced,240.0,1.2362046794617414,-0.8183105092660832,3.946028667998826,64
27-08-26/0/map4-0.2-data-2026.08.27-17.25.48.068.jpk-force-map,2026-08-27T17:25:48.068000,24,4,0.2,far_constant_referenced,245.0,1.901728181798572,-0.2743716609073485,4.259845709247012,64
27-08-26/0/map4-0.2-data-2026.08.27-17.25.48.068.jpk-force-map,2026-08-27T17:25:48.068000,24,4,0.2,far_constant_referenced,250.0,0.8080898679581462,-0.7677061602923636,3.309664578110152,64
27-08-26/0/map4-0.2-data-2026.08.27-17.25.48.068.jpk-force-map,2026-08-27T17:25:48.068000,24,4,0.2,far_constant_referenced,255.0,1.5120610355038826,-0.9209563921039599,3.6198292693260887,64
27-08-26/0/map4-0.2-data-2026.08.27-17.25.48.068.jpk-force-map,2026-08-27T17:25:48.068000,24,4,0.2,far_constant_referenced,260.0,1.3456682823593564,-0.25372252097271736,3.7037739322463517,64
27-08-26/0/map4-0.2-data-2026.08.27-17.25.48.068.jpk-force-map,2026-08-27T17:25:48.068000,24,4,0.2,far_constant_referenced,265.0,1.7986190740776407,-0.45733361175707676,3.327950083389422,64
27-08-26/0/map4-0.2-data-2026.08.27-17.25.48.068.jpk-force-map,2026-08-27T17:25:48.068000,24,4,0.2,far_constant_referenced,270.0,0.8114749728654822,-0.5285752231035091,2.077124126240799,64
27-08-26/0/map4-0.2-data-2026.08.27-17.25.48.068.jpk-force-map,2026-08-27T17:25:48.068000,24,4,0.2,far_constant_referenced,275.0,0.3896909014159188,-0.8978545358068091,2.3529686047212586,64
27-08-26/0/map4-0.2-data-2026.08.27-17.25.48.068.jpk-force-map,2026-08-27T17:25:48.068000,24,4,0.2,far_constant_referenced,280.0,0.6489899373150128,-1.202133895509128,2.2026580692765845,64
27-08-26/0/map4-0.2-data-2026.08.27-17.25.48.068.jpk-force-map,2026-08-27T17:25:48.068000,24,4,0.2,far_constant_referenced,285.0,0.808576847961719,-0.9715488635169464,2.1795502741984745,64
27-08-26/0/map4-0.2-data-2026.08.27-17.25.48.068.jpk-force-map,2026-08-27T17:25:48.068000,24,4,0.2,far_constant_referenced,290.0,0.8912565506279836,-1.296299199737565,2.302376133308746,64
27-08-26/0/map4-0.2-data-2026.08.27-17.25.48.068.jpk-force-map,2026-08-27T17:25:48.068000,24,4,0.2,far_constant_referenced,295.0,0.2086887481442966,-0.8321716230439943,1.3989391437947194,64
27-08-26/0/map4-0.2-data-2026.08.27-17.25.48.068.jpk-force-map,2026-08-27T17:25:48.068000,24,4,0.2,far_constant_referenced,300.0,0.16153483066407895,-1.9402055409114443,1.3242471009549037,64
27-08-26/0/map4-0.2-data-2026.08.27-17.25.48.068.jpk-force-map,2026-08-27T17:25:48.068000,24,4,0.2,far_constant_referenced,305.0,-0.032116925156059295,-1.387993971262027,1.2928844009278033,64
27-08-26/0/map4-0.2-data-2026.08.27-17.25.48.068.jpk-force-map,2026-08-27T17:25:48.068000,24,4,0.2,far_constant_referenced,310.0,-0.33469779362375107,-1.5823583807459505,1.4391031165810118,64
27-08-26/0/map4-0.2-data-2026.08.27-17.25.48.068.jpk-force-map,2026-08-27T17:25:48.068000,24,4,0.2,far_constant_referenced,315.0,-0.852357538096519,-2.365879513613846,0.6103165984441166,64
27-08-26/0/map4-0.2-data-2026.08.27-17.25.48.068.jpk-force-map,2026-08-27T17:25:48.068000,24,4,0.2,far_constant_referenced,320.0,-0.01799450503395817,-1.4653525265638416,1.2104184943611367,64
27-08-26/0/map4-0.2-data-2026.08.27-17.25.48.068.jpk-force-map,2026-08-27T17:25:48.068000,24,4,0.2,far_constant_referenced,325.0,0.6159109297123042,-1.0707918251061503,1.709816488676101,64
27-08-26/0/map4-0.2-data-2026.08.27-17.25.48.068.jpk-force-map,2026-08-27T17:25:48.068000,24,4,0.2,far_constant_referenced,330.0,-0.2588001783338399,-1.37243436624937,0.9776539299107658,64
27-08-26/0/map4-0.2-data-2026.08.27-17.25.48.068.jpk-force-map,2026-08-27T17:25:48.068000,24,4,0.2,far_constant_referenced,335.0,-0.23595962838040507,-1.4590396028515022,0.9284927046079685,64
27-08-26/0/map4-0.2-data-2026.08.27-17.25.48.068.jpk-force-map,2026-08-27T17:25:48.068000,24,4,0.2,far_constant_referenced,340.0,0.15617805061790374,-2.778203107664087,1.3505499599625737,64
27-08-26/0/map4-0.2-data-2026.08.27-17.25.48.068.jpk-force-map,2026-08-27T17:25:48.068000,24,4,0.2,far_constant_referenced,345.0,-0.05886519270378772,-2.074469491339533,1.1950786242286813,64
27-08-26/0/map4-0.2-data-2026.08.27-17.25.48.068.jpk-force-map,2026-08-27T17:25:48.068000,24,4,0.2,far_constant_referenced,350.0,-0.2218609633802444,-1.3636806037341773,1.466077057789664,64
27-08-26/0/map4-0.2-data-2026.08.27-17.25.48.068.jpk-force-map,2026-08-27T17:25:48.068000,24,4,0.2,far_constant_referenced,355.0,-1.1072856315189763,-2.130169314016068,0.878119968075065,64
27-08-26/0/map4-0.2-data-2026.08.27-17.25.48.068.jpk-force-map,2026-08-27T17:25:48.068000,24,4,0.2,far_constant_referenced,360.0,-0.6635874598804277,-2.729784229928923,1.1637218629824218,64
27-08-26/0/map4-0.2-data-2026.08.27-17.25.48.068.jpk-force-map,2026-08-27T17:25:48.068000,24,4,0.2,far_constant_referenced,365.0,-0.13233978553372344,-2.3223304359203363,1.7134628999272716,62
27-08-26/0/map4-0.2-data-2026.08.27-17.25.48.068.jpk-force-map,2026-08-27T17:25:48.068000,24,4,0.2,far_constant_referenced,370.0,1.2546980420609541,-1.3685504037765428,3.2836586581288714,42
27-08-26/0/map5-0.1-data-2026.08.27-17.31.45.428.jpk-force-map,2026-08-27T17:31:45.428000,25,5,0.1,linear_drift_corrected,5.0,4615.012848514456,3929.584977015412,5152.2786826273905,64
27-08-26/0/map5-0.1-data-2026.08.27-17.31.45.428.jpk-force-map,2026-08-27T17:31:45.428000,25,5,0.1,linear_drift_corrected,10.0,3410.3017839771846,2526.8126293811056,3778.0558415269406,64
27-08-26/0/map5-0.1-data-2026.08.27-17.31.45.428.jpk-force-map,2026-08-27T17:31:45.428000,25,5,0.1,linear_drift_corrected,15.0,2099.154655280632,1729.5901408828079,2254.055198047664,64
27-08-26/0/map5-0.1-data-2026.08.27-17.31.45.428.jpk-force-map,2026-08-27T17:31:45.428000,25,5,0.1,linear_drift_corrected,20.0,1273.5507525423532,1052.3847620247454,1379.3454257256399,64
27-08-26/0/map5-0.1-data-2026.08.27-17.31.45.428.jpk-force-map,2026-08-27T17:31:45.428000,25,5,0.1,linear_drift_corrected,25.0,796.6669625431211,704.9823215179812,849.4065953458047,64
27-08-26/0/map5-0.1-data-2026.08.27-17.31.45.428.jpk-force-map,2026-08-27T17:31:45.428000,25,5,0.1,linear_drift_corrected,30.0,494.0732287823962,437.2797169442829,537.1957191547649,64
27-08-26/0/map5-0.1-data-2026.08.27-17.31.45.428.jpk-force-map,2026-08-27T17:31:45.428000,25,5,0.1,linear_drift_corrected,35.0,308.02382611387355,270.73156685537964,343.2672664441832,64
27-08-26/0/map5-0.1-data-2026.08.27-17.31.45.428.jpk-force-map,2026-08-27T17:31:45.428000,25,5,0.1,linear_drift_corrected,40.0,194.63790322558208,165.91698291700158,215.8331795558455,64
27-08-26/0/map5-0.1-data-2026.08.27-17.31.45.428.jpk-force-map,2026-08-27T17:31:45.428000,25,5,0.1,linear_drift_corrected,45.0,121.37578430203689,97.77115740580409,135.96675882689254,64
27-08-26/0/map5-0.1-data-2026.08.27-17.31.45.428.jpk-force-map,2026-08-27T17:31:45.428000,25,5,0.1,linear_drift_corrected,50.0,75.14631629910507,57.873631346842195,86.42907522385664,64
27-08-26/0/map5-0.1-data-2026.08.27-17.31.45.428.jpk-force-map,2026-08-27T17:31:45.428000,25,5,0.1,linear_drift_corrected,55.0,47.57517835895666,34.58718562201327,58.62295131375771,64
27-08-26/0/map5-0.1-data-2026.08.27-17.31.45.428.jpk-force-map,2026-08-27T17:31:45.428000,25,5,0.1,linear_drift_corrected,60.0,30.039395754474445,20.30181807837009,41.26997352324304,64
27-08-26/0/map5-0.1-data-2026.08.27-17.31.45.428.jpk-force-map,2026-08-27T17:31:45.428000,25,5,0.1,linear_drift_corrected,65.0,19.529867461136114,10.74644225578815,28.486396767722525,64
27-08-26/0/map5-0.1-data-2026.08.27-17.31.45.428.jpk-force-map,2026-08-27T17:31:45.428000,25,5,0.1,linear_drift_corrected,70.0,13.863463533984508,5.488145580541971,22.674141208621513,64
27-08-26/0/map5-0.1-data-2026.08.27-17.31.45.428.jpk-force-map,2026-08-27T17:31:45.428000,25,5,0.1,linear_drift_corrected,75.0,9.860800821443885,0.8480349157466222,19.064305001255544,64
27-08-26/0/map5-0.1-data-2026.08.27-17.31.45.428.jpk-force-map,2026-08-27T17:31:45.428000,25,5,0.1,linear_drift_corrected,80.0,8.67661762261763,-1.106824434423649,16.125379563763666,64
27-08-26/0/map5-0.1-data-2026.08.27-17.31.45.428.jpk-force-map,2026-08-27T17:31:45.428000,25,5,0.1,linear_drift_corrected,85.0,7.079159594435934,-0.000874795138361209,16.36412118757858,64
27-08-26/0/map5-0.1-data-2026.08.27-17.31.45.428.jpk-force-map,2026-08-27T17:31:45.428000,25,5,0.1,linear_drift_corrected,90.0,6.815457386441718,-1.7696782701054101,14.552427358986789,64
27-08-26/0/map5-0.1-data-2026.08.27-17.31.45.428.jpk-force-map,2026-08-27T17:31:45.428000,25,5,0.1,linear_drift_corrected,95.0,6.8781521788783575,-1.8565883771780252,13.681427579096994,64
27-08-26/0/map5-0.1-data-2026.08.27-17.31.45.428.jpk-force-map,2026-08-27T17:31:45.428000,25,5,0.1,linear_drift_corrected,100.0,5.43289951858605,-0.8940825497877587,12.671852307601537,64
27-08-26/0/map5-0.1-data-2026.08.27-17.31.45.428.jpk-force-map,2026-08-27T17:31:45.428000,25,5,0.1,linear_drift_corrected,105.0,3.820074199682622,-0.8300692711168837,11.380344113301751,64
27-08-26/0/map5-0.1-data-2026.08.27-17.31.45.428.jpk-force-map,2026-08-27T17:31:45.428000,25,5,0.1,linear_drift_corrected,110.0,4.095410459532351,-1.1760854678918768,11.764527019099377,64
27-08-26/0/map5-0.1-data-2026.08.27-17.31.45.428.jpk-force-map,2026-08-27T17:31:45.428000,25,5,0.1,linear_drift_corrected,115.0,3.2593238831848943,-2.0732405756819134,11.895758211236108,64
27-08-26/0/map5-0.1-data-2026.08.27-17.31.45.428.jpk-force-map,2026-08-27T17:31:45.428000,25,5,0.1,linear_drift_corrected,120.0,4.260116288207918,-0.7545256930308826,11.481101391865904,64
27-08-26/0/map5-0.1-data-2026.08.27-17.31.45.428.jpk-force-map,2026-08-27T17:31:45.428000,25,5,0.1,linear_drift_corrected,125.0,3.6410309007173582,-0.9039460777634172,12.04191141413894,64
27-08-26/0/map5-0.1-data-2026.08.27-17.31.45.428.jpk-force-map,2026-08-27T17:31:45.428000,25,5,0.1,linear_drift_corrected,130.0,3.6177186882334498,-0.9833623521366247,12.058134439869914,64
27-08-26/0/map5-0.1-data-2026.08.27-17.31.45.428.jpk-force-map,2026-08-27T17:31:45.428000,25,5,0.1,linear_drift_corrected,135.0,4.684340235705337,-1.2364306075548894,11.418174306461125,64
27-08-26/0/map5-0.1-data-2026.08.27-17.31.45.428.jpk-force-map,2026-08-27T17:31:45.428000,25,5,0.1,linear_drift_corrected,140.0,4.159889730220812,-0.7389522866896906,11.211554291502713,64
27-08-26/0/map5-0.1-data-2026.08.27-17.31.45.428.jpk-force-map,2026-08-27T17:31:45.428000,25,5,0.1,linear_drift_corrected,145.0,4.686985731637904,-0.15680809329420534,10.454416455487195,64
27-08-26/0/map5-0.1-data-2026.08.27-17.31.45.428.jpk-force-map,2026-08-27T17:31:45.428000,25,5,0.1,linear_drift_corrected,150.0,4.400028316305754,0.15037331293792386,10.85167427219189,64
27-08-26/0/map5-0.1-data-2026.08.27-17.31.45.428.jpk-force-map,2026-08-27T17:31:45.428000,25,5,0.1,linear_drift_corrected,155.0,4.515234228258935,0.05328165386773395,9.3418296897136,64
27-08-26/0/map5-0.1-data-2026.08.27-17.31.45.428.jpk-force-map,2026-08-27T17:31:45.428000,25,5,0.1,linear_drift_corrected,160.0,3.971195408214852,-0.5422385469505362,8.926450214710266,64
27-08-26/0/map5-0.1-data-2026.08.27-17.31.45.428.jpk-force-map,2026-08-27T17:31:45.428000,25,5,0.1,linear_drift_corrected,165.0,3.3466302472101015,-1.7707424581265192,9.13012019265868,64
27-08-26/0/map5-0.1-data-2026.08.27-17.31.45.428.jpk-force-map,2026-08-27T17:31:45.428000,25,5,0.1,linear_drift_corrected,170.0,3.3766583453552848,-1.0091399315034315,8.836015647982748,64
27-08-26/0/map5-0.1-data-2026.08.27-17.31.45.428.jpk-force-map,2026-08-27T17:31:45.428000,25,5,0.1,linear_drift_corrected,175.0,3.1185440939950375,-0.8325996036363211,8.481272729327568,64
27-08-26/0/map5-0.1-data-2026.08.27-17.31.45.428.jpk-force-map,2026-08-27T17:31:45.428000,25,5,0.1,linear_drift_corrected,180.0,2.407574200525568,-1.5955451403159995,7.713410638515105,64
27-08-26/0/map5-0.1-data-2026.08.27-17.31.45.428.jpk-force-map,2026-08-27T17:31:45.428000,25,5,0.1,linear_drift_corrected,185.0,2.777733085667684,-2.1728632091670614,7.394020388803328,64
27-08-26/0/map5-0.1-data-2026.08.27-17.31.45.428.jpk-force-map,2026-08-27T17:31:45.428000,25,5,0.1,linear_drift_corrected,190.0,2.54215069032189,-0.9680044731713284,7.258489193232341,64
27-08-26/0/map5-0.1-data-2026.08.27-17.31.45.428.jpk-force-map,2026-08-27T17:31:45.428000,25,5,0.1,linear_drift_corrected,195.0,2.279942118033305,-2.033291106707745,6.709152298815874,64
27-08-26/0/map5-0.1-data-2026.08.27-17.31.45.428.jpk-force-map,2026-08-27T17:31:45.428000,25,5,0.1,linear_drift_corrected,200.0,2.1976129367862947,-1.8955491764278918,6.898156201924348,64
27-08-26/0/map5-0.1-data-2026.08.27-17.31.45.428.jpk-force-map,2026-08-27T17:31:45.428000,25,5,0.1,linear_drift_corrected,205.0,1.6903478417188929,-1.1203622507921374,7.126520947583075,64
27-08-26/0/map5-0.1-data-2026.08.27-17.31.45.428.jpk-force-map,2026-08-27T17:31:45.428000,25,5,0.1,linear_drift_corrected,210.0,1.4904522399085374,-1.4834267007702437,6.148779262110591,64
27-08-26/0/map5-0.1-data-2026.08.27-17.31.45.428.jpk-force-map,2026-08-27T17:31:45.428000,25,5,0.1,linear_drift_corrected,215.0,1.7952352260730877,-2.86060054659319,5.958241986528847,64
27-08-26/0/map5-0.1-data-2026.08.27-17.31.45.428.jpk-force-map,2026-08-27T17:31:45.428000,25,5,0.1,linear_drift_corrected,220.0,1.8216814550463227,-1.7013157254834999,4.009880212667994,64
27-08-26/0/map5-0.1-data-2026.08.27-17.31.45.428.jpk-force-map,2026-08-27T17:31:45.428000,25,5,0.1,linear_drift_corrected,225.0,-0.25647721091664344,-2.1239680772069707,5.475400116674494,64
27-08-26/0/map5-0.1-data-2026.08.27-17.31.45.428.jpk-force-map,2026-08-27T17:31:45.428000,25,5,0.1,linear_drift_corrected,230.0,0.15048143318092394,-2.3639533607581495,4.332230562100911,64
27-08-26/0/map5-0.1-data-2026.08.27-17.31.45.428.jpk-force-map,2026-08-27T17:31:45.428000,25,5,0.1,linear_drift_corrected,235.0,0.542398539797939,-1.700169095692225,3.9463502684523046,64
27-08-26/0/map5-0.1-data-2026.08.27-17.31.45.428.jpk-force-map,2026-08-27T17:31:45.428000,25,5,0.1,linear_drift_corrected,240.0,-0.09147402455245422,-2.3218111272900814,4.1982735196442675,64
27-08-26/0/map5-0.1-data-2026.08.27-17.31.45.428.jpk-force-map,2026-08-27T17:31:45.428000,25,5,0.1,linear_drift_corrected,245.0,0.5525760465026448,-1.5509458052874674,4.195107124585055,64
27-08-26/0/map5-0.1-data-2026.08.27-17.31.45.428.jpk-force-map,2026-08-27T17:31:45.428000,25,5,0.1,linear_drift_corrected,250.0,0.46069264804030924,-2.9926325834998857,3.207192304534609,64
27-08-26/0/map5-0.1-data-2026.08.27-17.31.45.428.jpk-force-map,2026-08-27T17:31:45.428000,25,5,0.1,linear_drift_corrected,255.0,0.25555051697185377,-2.2383269077676125,2.941090023204437,64
27-08-26/0/map5-0.1-data-2026.08.27-17.31.45.428.jpk-force-map,2026-08-27T17:31:45.428000,25,5,0.1,linear_drift_corrected,260.0,-0.08808349277166853,-2.5039084904859013,2.6536275192845427,64
27-08-26/0/map5-0.1-data-2026.08.27-17.31.45.428.jpk-force-map,2026-08-27T17:31:45.428000,25,5,0.1,linear_drift_corrected,265.0,0.16484262104783853,-1.5391849826623483,1.587243705900006,64
27-08-26/0/map5-0.1-data-2026.08.27-17.31.45.428.jpk-force-map,2026-08-27T17:31:45.428000,25,5,0.1,linear_drift_corrected,270.0,0.11851339048828466,-1.2750336922663892,1.7966910572022718,64
27-08-26/0/map5-0.1-data-2026.08.27-17.31.45.428.jpk-force-map,2026-08-27T17:31:45.428000,25,5,0.1,linear_drift_corrected,275.0,-0.06509189596633427,-0.8734362062564542,0.9168437436228474,64
27-08-26/0/map5-0.1-data-2026.08.27-17.31.45.428.jpk-force-map,2026-08-27T17:31:45.428000,25,5,0.1,linear_drift_corrected,280.0,0.37521227605629803,-1.398732766946615,1.556845144029336,64
27-08-26/0/map5-0.1-data-2026.08.27-17.31.45.428.jpk-force-map,2026-08-27T17:31:45.428000,25,5,0.1,linear_drift_corrected,285.0,-0.42465596057078164,-1.1824555031257586,1.1543571148324734,64
27-08-26/0/map5-0.1-data-2026.08.27-17.31.45.428.jpk-force-map,2026-08-27T17:31:45.428000,25,5,0.1,linear_drift_corrected,290.0,-0.7145743954783763,-1.4847220650346666,1.2270624691852425,64
27-08-26/0/map5-0.1-data-2026.08.27-17.31.45.428.jpk-force-map,2026-08-27T17:31:45.428000,25,5,0.1,linear_drift_corrected,295.0,0.1152225507453308,-1.8026851890408544,1.7657129697683565,64
27-08-26/0/map5-0.1-data-2026.08.27-17.31.45.428.jpk-force-map,2026-08-27T17:31:45.428000,25,5,0.1,linear_drift_corrected,300.0,0.0001457709878382972,-0.9283451554741551,1.426608822244463,64
27-08-26/0/map5-0.1-data-2026.08.27-17.31.45.428.jpk-force-map,2026-08-27T17:31:45.428000,25,5,0.1,linear_drift_corrected,305.0,0.06490712717180844,-0.8803286866957096,1.9076896839863124,64
27-08-26/0/map5-0.1-data-2026.08.27-17.31.45.428.jpk-force-map,2026-08-27T17:31:45.428000,25,5,0.1,linear_drift_corrected,310.0,0.08414634716260277,-1.3872392908732532,1.6737626120459894,64
27-08-26/0/map5-0.1-data-2026.08.27-17.31.45.428.jpk-force-map,2026-08-27T17:31:45.428000,25,5,0.1,linear_drift_corrected,315.0,-0.5742816460971216,-2.2426245500983333,1.5278200992030995,64
27-08-26/0/map5-0.1-data-2026.08.27-17.31.45.428.jpk-force-map,2026-08-27T17:31:45.428000,25,5,0.1,linear_drift_corrected,320.0,0.04492873490825836,-1.1561462311792998,1.319201084901404,63
27-08-26/0/map5-0.1-data-2026.08.27-17.31.45.428.jpk-force-map,2026-08-27T17:31:45.428000,25,5,0.1,linear_drift_corrected,325.0,0.21996512011756414,-1.0129423863018328,1.6038030767538487,63
27-08-26/0/map5-0.1-data-2026.08.27-17.31.45.428.jpk-force-map,2026-08-27T17:31:45.428000,25,5,0.1,linear_drift_corrected,330.0,-0.24556924407379785,-1.439354895377916,1.575232070906798,63
27-08-26/0/map5-0.1-data-2026.08.27-17.31.45.428.jpk-force-map,2026-08-27T17:31:45.428000,25,5,0.1,linear_drift_corrected,335.0,-0.17111113194941469,-1.1698680159933372,1.3593791592503763,63
27-08-26/0/map5-0.1-data-2026.08.27-17.31.45.428.jpk-force-map,2026-08-27T17:31:45.428000,25,5,0.1,linear_drift_corrected,340.0,0.09527247257225464,-0.8430257846467152,1.3221260611834706,63
27-08-26/0/map5-0.1-data-2026.08.27-17.31.45.428.jpk-force-map,2026-08-27T17:31:45.428000,25,5,0.1,linear_drift_corrected,345.0,-0.3825511089903914,-1.5865251362647677,1.3029389373788174,63
27-08-26/0/map5-0.1-data-2026.08.27-17.31.45.428.jpk-force-map,2026-08-27T17:31:45.428000,25,5,0.1,linear_drift_corrected,350.0,-0.19190571411409135,-1.370977598275959,0.7835943950309623,61
27-08-26/0/map5-0.1-data-2026.08.27-17.31.45.428.jpk-force-map,2026-08-27T17:31:45.428000,25,5,0.1,linear_drift_corrected,355.0,-0.1502778615028323,-1.0250017173458494,0.9333179773247517,61
27-08-26/0/map5-0.1-data-2026.08.27-17.31.45.428.jpk-force-map,2026-08-27T17:31:45.428000,25,5,0.1,linear_drift_corrected,360.0,0.07930382683228236,-0.8706665961017249,1.3125064387192384,58
27-08-26/0/map5-0.1-data-2026.08.27-17.31.45.428.jpk-force-map,2026-08-27T17:31:45.428000,25,5,0.1,linear_drift_corrected,365.0,0.13548863674908856,-0.9857689577140519,1.2776294319213695,56
27-08-26/0/map5-0.1-data-2026.08.27-17.31.45.428.jpk-force-map,2026-08-27T17:31:45.428000,25,5,0.1,linear_drift_corrected,370.0,0.6615405591986452,-0.6387379774360835,2.718348455127051,35
27-08-26/0/map5-0.1-data-2026.08.27-17.31.45.428.jpk-force-map,2026-08-27T17:31:45.428000,25,5,0.1,far_constant_referenced,5.0,4631.060494283005,3925.445228793542,5172.825285739363,64
27-08-26/0/map5-0.1-data-2026.08.27-17.31.45.428.jpk-force-map,2026-08-27T17:31:45.428000,25,5,0.1,far_constant_referenced,10.0,3410.8541769395447,2535.1295625455823,3783.7742590520866,64
27-08-26/0/map5-0.1-data-2026.08.27-17.31.45.428.jpk-force-map,2026-08-27T17:31:45.428000,25,5,0.1,far_constant_referenced,15.0,2094.1904711411617,1740.5179411232261,2257.2411280275974,64
27-08-26/0/map5-0.1-data-2026.08.27-17.31.45.428.jpk-force-map,2026-08-27T17:31:45.428000,25,5,0.1,far_constant_referenced,20.0,1280.5008201146895,1062.8526613628342,1378.5612279678553,64
27-08-26/0/map5-0.1-data-2026.08.27-17.31.45.428.jpk-force-map,2026-08-27T17:31:45.428000,25,5,0.1,far_constant_referenced,25.0,808.6334089081483,713.3295097973374,851.5547931312153,64
27-08-26/0/map5-0.1-data-2026.08.27-17.31.45.428.jpk-force-map,2026-08-27T17:31:45.428000,25,5,0.1,far_constant_referenced,30.0,504.9419647240368,442.8286807187967,536.0649102419861,64
27-08-26/0/map5-0.1-data-2026.08.27-17.31.45.428.jpk-force-map,2026-08-27T17:31:45.428000,25,5,0.1,far_constant_referenced,35.0,316.93652825709586,279.64032726678107,344.2443061362251,64
27-08-26/0/map5-0.1-data-2026.08.27-17.31.45.428.jpk-force-map,2026-08-27T17:31:45.428000,25,5,0.1,far_constant_referenced,40.0,197.61536921680704,177.39062641717246,220.22517972997662,64
27-08-26/0/map5-0.1-data-2026.08.27-17.31.45.428.jpk-force-map,2026-08-27T17:31:45.428000,25,5,0.1,far_constant_referenced,45.0,126.36622749579735,109.29405071267189,139.42479228838837,64
27-08-26/0/map5-0.1-data-2026.08.27-17.31.45.428.jpk-force-map,2026-08-27T17:31:45.428000,25,5,0.1,far_constant_referenced,50.0,81.39858892773273,69.34835780531667,90.17637380967693,64
27-08-26/0/map5-0.1-data-2026.08.27-17.31.45.428.jpk-force-map,2026-08-27T17:31:45.428000,25,5,0.1,far_constant_referenced,55.0,54.47980711269551,44.91071535659725,59.14270004079204,64
27-08-26/0/map5-0.1-data-2026.08.27-17.31.45.428.jpk-force-map,2026-08-27T17:31:45.428000,25,5,0.1,far_constant_referenced,60.0,37.22881364753747,29.154774259479257,42.031849918794855,64
27-08-26/0/map5-0.1-data-2026.08.27-17.31.45.428.jpk-force-map,2026-08-27T17:31:45.428000,25,5,0.1,far_constant_referenced,65.0,25.28219642918795,21.180476690575983,29.35714414513049,64
27-08-26/0/map5-0.1-data-2026.08.27-17.31.45.428.jpk-force-map,2026-08-27T17:31:45.428000,25,5,0.1,far_constant_referenced,70.0,18.561622942336587,15.010630078239714,23.357580187192184,64
27-08-26/0/map5-0.1-data-2026.08.27-17.31.45.428.jpk-force-map,2026-08-27T17:31:45.428000,25,5,0.1,far_constant_referenced,75.0,15.332672330533988,10.482945366678132,18.84527097844656,64
27-08-26/0/map5-0.1-data-2026.08.27-17.31.45.428.jpk-force-map,2026-08-27T17:31:45.428000,25,5,0.1,far_constant_referenced,80.0,12.49296127282594,9.460340806865382,16.428317952196107,64
27-08-26/0/map5-0.1-data-2026.08.27-17.31.45.428.jpk-force-map,2026-08-27T17:31:45.428000,25,5,0.1,far_constant_referenced,85.0,12.270637084563944,8.698953509067504,14.844457059974799,64
27-08-26/0/map5-0.1-data-2026.08.27-17.31.45.428.jpk-force-map,2026-08-27T17:31:45.428000,25,5,0.1,far_constant_referenced,90.0,11.319517626101783,6.485587818479409,14.796317304924214,64
27-08-26/0/map5-0.1-data-2026.08.27-17.31.45.428.jpk-force-map,2026-08-27T17:31:45.428000,25,5,0.1,far_constant_referenced,95.0,10.40876999774384,6.444242028365792,13.186955289067184,64
27-08-26/0/map5-0.1-data-2026.08.27-17.31.45.428.jpk-force-map,2026-08-27T17:31:45.428000,25,5,0.1,far_constant_referenced,100.0,9.689714327628643,6.187870811272649,12.622367300774055,64
27-08-26/0/map5-0.1-data-2026.08.27-17.31.45.428.jpk-force-map,2026-08-27T17:31:45.428000,25,5,0.1,far_constant_referenced,105.0,9.060179835359492,5.650749682973416,12.445498538758244,64
27-08-26/0/map5-0.1-data-2026.08.27-17.31.45.428.jpk-force-map,2026-08-27T17:31:45.428000,25,5,0.1,far_constant_referenced,110.0,8.226315659861475,5.126307851124295,11.857119795624696,64
27-08-26/0/map5-0.1-data-2026.08.27-17.31.45.428.jpk-force-map,2026-08-27T17:31:45.428000,25,5,0.1,far_constant_referenced,115.0,8.380545790462243,4.275648804262403,11.65228531605009,64
27-08-26/0/map5-0.1-data-2026.08.27-17.31.45.428.jpk-force-map,2026-08-27T17:31:45.428000,25,5,0.1,far_constant_referenced,120.0,8.653468388918185,5.682118321780528,11.927619059404563,64
27-08-26/0/map5-0.1-data-2026.08.27-17.31.45.428.jpk-force-map,2026-08-27T17:31:45.428000,25,5,0.1,far_constant_referenced,125.0,8.831524907042398,3.963328335709862,11.48200860043179,64
27-08-26/0/map5-0.1-data-2026.08.27-17.31.45.428.jpk-force-map,2026-08-27T17:31:45.428000,25,5,0.1,far_constant_referenced,130.0,7.774825808155568,4.912719609035149,10.741757422572705,64
27-08-26/0/map5-0.1-data-2026.08.27-17.31.45.428.jpk-force-map,2026-08-27T17:31:45.428000,25,5,0.1,far_constant_referenced,135.0,7.199298586109521,4.550982547616757,11.139263759178872,64
27-08-26/0/map5-0.1-data-2026.08.27-17.31.45.428.jpk-force-map,2026-08-27T17:31:45.428000,25,5,0.1,far_constant_referenced,140.0,8.335292282754807,4.4033622797561405,10.813319728069366,64
27-08-26/0/map5-0.1-data-2026.08.27-17.31.45.428.jpk-force-map,2026-08-27T17:31:45.428000,25,5,0.1,far_constant_referenced,145.0,7.784066550674808,5.479499007346547,11.160910614242589,64
27-08-26/0/map5-0.1-data-2026.08.27-17.31.45.428.jpk-force-map,2026-08-27T17:31:45.428000,25,5,0.1,far_constant_referenced,150.0,7.990367909042751,5.289992520343426,10.725984021461045,64
27-08-26/0/map5-0.1-data-2026.08.27-17.31.45.428.jpk-force-map,2026-08-27T17:31:45.428000,25,5,0.1,far_constant_referenced,155.0,7.646880720221016,4.981057156698221,10.11659981156056,64
27-08-26/0/map5-0.1-data-2026.08.27-17.31.45.428.jpk-force-map,2026-08-27T17:31:45.428000,25,5,0.1,far_constant_referenced,160.0,6.965761980189802,3.7424056996538524,10.734244865190046,64
27-08-26/0/map5-0.1-data-2026.08.27-17.31.45.428.jpk-force-map,2026-08-27T17:31:45.428000,25,5,0.1,far_constant_referenced,165.0,6.654403594084504,3.4035923311164575,9.854658018321999,64
27-08-26/0/map5-0.1-data-2026.08.27-17.31.45.428.jpk-force-map,2026-08-27T17:31:45.428000,25,5,0.1,far_constant_referenced,170.0,6.266684367807187,3.35201996091507,9.440647810598813,64
27-08-26/0/map5-0.1-data-2026.08.27-17.31.45.428.jpk-force-map,2026-08-27T17:31:45.428000,25,5,0.1,far_constant_referenced,175.0,5.69891319314535,2.5702091968425944,9.927633753586797,64
27-08-26/0/map5-0.1-data-2026.08.27-17.31.45.428.jpk-force-map,2026-08-27T17:31:45.428000,25,5,0.1,far_constant_referenced,180.0,5.903242876373742,2.6551159422105735,8.951215090027723,64
27-08-26/0/map5-0.1-data-2026.08.27-17.31.45.428.jpk-force-map,2026-08-27T17:31:45.428000,25,5,0.1,far_constant_referenced,185.0,5.666820023111942,2.950160498174612,8.280334807645609,64
27-08-26/0/map5-0.1-data-2026.08.27-17.31.45.428.jpk-force-map,2026-08-27T17:31:45.428000,25,5,0.1,far_constant_referenced,190.0,4.971590740519243,2.4488264614030673,8.758287865434358,64
27-08-26/0/map5-0.1-data-2026.08.27-17.31.45.428.jpk-force-map,2026-08-27T17:31:45.428000,25,5,0.1,far_constant_referenced,195.0,4.196591757724301,2.351763032271756,7.350600897904692,64
27-08-26/0/map5-0.1-data-2026.08.27-17.31.45.428.jpk-force-map,2026-08-27T17:31:45.428000,25,5,0.1,far_constant_referenced,200.0,4.585783801575678,1.9421000119030287,7.175454382245093,64
27-08-26/0/map5-0.1-data-2026.08.27-17.31.45.428.jpk-force-map,2026-08-27T17:31:45.428000,25,5,0.1,far_constant_referenced,205.0,4.462209656117643,1.9102919033356924,6.365689778174852,64
27-08-26/0/map5-0.1-data-2026.08.27-17.31.45.428.jpk-force-map,2026-08-27T17:31:45.428000,25,5,0.1,far_constant_referenced,210.0,3.753879423655765,0.44833635924003845,6.242590735160131,64
27-08-26/0/map5-0.1-data-2026.08.27-17.31.45.428.jpk-force-map,2026-08-27T17:31:45.428000,25,5,0.1,far_constant_referenced,215.0,3.5052939478494958,0.7394672588282909,6.629603246553556,64
27-08-26/0/map5-0.1-data-2026.08.27-17.31.45.428.jpk-force-map,2026-08-27T17:31:45.428000,25,5,0.1,far_constant_referenced,220.0,3.3077344744350645,0.6879305213104066,6.205841561184312,64
27-08-26/0/map5-0.1-data-2026.08.27-17.31.45.428.jpk-force-map,2026-08-27T17:31:45.428000,25,5,0.1,far_constant_referenced,225.0,2.0530483099346064,-0.016782993803496314,4.900319435269555,64
27-08-26/0/map5-0.1-data-2026.08.27-17.31.45.428.jpk-force-map,2026-08-27T17:31:45.428000,25,5,0.1,far_constant_referenced,230.0,2.588203701875841,-0.08367741779594323,4.750953165930075,64
27-08-26/0/map5-0.1-data-2026.08.27-17.31.45.428.jpk-force-map,2026-08-27T17:31:45.428000,25,5,0.1,far_constant_referenced,235.0,2.189759037945678,-0.5349059631583707,5.517192447428509,64
27-08-26/0/map5-0.1-data-2026.08.27-17.31.45.428.jpk-force-map,2026-08-27T17:31:45.428000,25,5,0.1,far_constant_referenced,240.0,1.9440835646036678,-0.5127721280893028,4.468772008613143,64
27-08-26/0/map5-0.1-data-2026.08.27-17.31.45.428.jpk-force-map,2026-08-27T17:31:45.428000,25,5,0.1,far_constant_referenced,245.0,2.505037019206952,-0.6395235211353236,4.72273801958818,64
27-08-26/0/map5-0.1-data-2026.08.27-17.31.45.428.jpk-force-map,2026-08-27T17:31:45.428000,25,5,0.1,far_constant_referenced,250.0,1.8073490814706559,-0.23035935833173227,3.9445736667675266,64
27-08-26/0/map5-0.1-data-2026.08.27-17.31.45.428.jpk-force-map,2026-08-27T17:31:45.428000,25,5,0.1,far_constant_referenced,255.0,2.0423466274037,-0.4256799114822941,3.323056528225235,64
27-08-26/0/map5-0.1-data-2026.08.27-17.31.45.428.jpk-force-map,2026-08-27T17:31:45.428000,25,5,0.1,far_constant_referenced,260.0,1.2157633968468158,-0.5573129821325989,2.576284569333514,64
27-08-26/0/map5-0.1-data-2026.08.27-17.31.45.428.jpk-force-map,2026-08-27T17:31:45.428000,25,5,0.1,far_constant_referenced,265.0,1.35589486244766,-0.9995323974170179,3.0980420723791813,64
27-08-26/0/map5-0.1-data-2026.08.27-17.31.45.428.jpk-force-map,2026-08-27T17:31:45.428000,25,5,0.1,far_constant_referenced,270.0,1.4882108928587319,-0.7562740077538461,2.799844023949097,64
27-08-26/0/map5-0.1-data-2026.08.27-17.31.45.428.jpk-force-map,2026-08-27T17:31:45.428000,25,5,0.1,far_constant_referenced,275.0,0.8207157153847218,-1.2841246996323032,2.8623437503429665,64
27-08-26/0/map5-0.1-data-2026.08.27-17.31.45.428.jpk-force-map,2026-08-27T17:31:45.428000,25,5,0.1,far_constant_referenced,280.0,0.34980605131515324,-1.1442664179358488,2.2131103230253375,64
27-08-26/0/map5-0.1-data-2026.08.27-17.31.45.428.jpk-force-map,2026-08-27T17:31:45.428000,25,5,0.1,far_constant_referenced,285.0,0.35951001871649924,-1.0396547987390252,1.9722927721634185,64
27-08-26/0/map5-0.1-data-2026.08.27-17.31.45.428.jpk-force-map,2026-08-27T17:31:45.428000,25,5,0.1,far_constant_referenced,290.0,0.280227298518778,-1.3553960048821097,1.636353773408321,64
27-08-26/0/map5-0.1-data-2026.08.27-17.31.45.428.jpk-force-map,2026-08-27T17:31:45.428000,25,5,0.1,far_constant_referenced,295.0,0.3079495260757855,-1.843854765444926,2.754608332582404,64
27-08-26/0/map5-0.1-data-2026.08.27-17.31.45.428.jpk-force-map,2026-08-27T17:31:45.428000,25,5,0.1,far_constant_referenced,300.0,0.21503136576000997,-1.004366564775702,1.689880002407389,64
27-08-26/0/map5-0.1-data-2026.08.27-17.31.45.428.jpk-force-map,2026-08-27T17:31:45.428000,25,5,0.1,far_constant_referenced,305.0,0.2602729959069508,-0.7871616053383438,1.7387799213655815,64
27-08-26/0/map5-0.1-data-2026.08.27-17.31.45.428.jpk-force-map,2026-08-27T17:31:45.428000,25,5,0.1,far_constant_referenced,310.0,0.029183167569148218,-1.1347881241954265,1.7030165849587666,64
27-08-26/0/map5-0.1-data-2026.08.27-17.31.45.428.jpk-force-map,2026-08-27T17:31:45.428000,25,5,0.1,far_constant_referenced,315.0,-0.632955229859872,-2.110220950184489,1.0472089275852006,64
27-08-26/0/map5-0.1-data-2026.08.27-17.31.45.428.jpk-force-map,2026-08-27T17:31:45.428000,25,5,0.1,far_constant_referenced,320.0,0.018505240159945518,-1.2858172520860307,1.1111695939915662,63
27-08-26/0/map5-0.1-data-2026.08.27-17.31.45.428.jpk-force-map,2026-08-27T17:31:45.428000,25,5,0.1,far_constant_referenced,325.0,0.051572370201683954,-1.3524860024183836,1.4069802526455342,63
27-08-26/0/map5-0.1-data-2026.08.27-17.31.45.428.jpk-force-map,2026-08-27T17:31:45.428000,25,5,0.1,far_constant_referenced,330.0,-0.5867277621426819,-1.7694240289477592,1.5470998406858825,63
27-08-26/0/map5-0.1-data-2026.08.27-17.31.45.428.jpk-force-map,2026-08-27T17:31:45.428000,25,5,0.1,far_constant_referenced,335.0,-0.5215199518231808,-1.5879467732332975,0.5760260796113016,63
27-08-26/0/map5-0.1-data-2026.08.27-17.31.45.428.jpk-force-map,2026-08-27T17:31:45.428000,25,5,0.1,far_constant_referenced,340.0,-0.3269179911166521,-1.5738362306714553,1.2902119496850823,63
27-08-26/0/map5-0.1-data-2026.08.27-17.31.45.428.jpk-force-map,2026-08-27T17:31:45.428000,25,5,0.1,far_constant_referenced,345.0,-1.1063235490718526,-2.2194410630803176,0.9262953558083241,63
27-08-26/0/map5-0.1-data-2026.08.27-17.31.45.428.jpk-force-map,2026-08-27T17:31:45.428000,25,5,0.1,far_constant_referenced,350.0,-1.057673058894924,-2.5687363792697204,0.694694792343586,61
27-08-26/0/map5-0.1-data-2026.08.27-17.31.45.428.jpk-force-map,2026-08-27T17:31:45.428000,25,5,0.1,far_constant_referenced,355.0,-0.6850027025036843,-2.339119368504555,0.572118362017008,61
27-08-26/0/map5-0.1-data-2026.08.27-17.31.45.428.jpk-force-map,2026-08-27T17:31:45.428000,25,5,0.1,far_constant_referenced,360.0,-0.37801525887644477,-2.126261596421063,1.6027937245807466,58
27-08-26/0/map5-0.1-data-2026.08.27-17.31.45.428.jpk-force-map,2026-08-27T17:31:45.428000,25,5,0.1,far_constant_referenced,365.0,-0.9910161861244895,-2.5332284104254255,1.4405462402515787,56
27-08-26/0/map5-0.1-data-2026.08.27-17.31.45.428.jpk-force-map,2026-08-27T17:31:45.428000,25,5,0.1,far_constant_referenced,370.0,0.875732578298593,-2.1143484026600508,3.5412710803552567,35
27-08-26/0/map5-0.05-data-2026.08.27-17.38.13.338.jpk-force-map,2026-08-27T17:38:13.338000,26,5,0.05,linear_drift_corrected,5.0,3762.0144207853314,2683.55239346028,4585.6007287505045,64
27-08-26/0/map5-0.05-data-2026.08.27-17.38.13.338.jpk-force-map,2026-08-27T17:38:13.338000,26,5,0.05,linear_drift_corrected,10.0,3029.1069447056007,1814.4686906119707,3411.171943332616,64
27-08-26/0/map5-0.05-data-2026.08.27-17.38.13.338.jpk-force-map,2026-08-27T17:38:13.338000,26,5,0.05,linear_drift_corrected,15.0,1830.2117625204237,1045.4877373542586,2019.9649235268266,64
27-08-26/0/map5-0.05-data-2026.08.27-17.38.13.338.jpk-force-map,2026-08-27T17:38:13.338000,26,5,0.05,linear_drift_corrected,20.0,1049.7095364512418,749.674423211559,1181.9768291811629,63
27-08-26/0/map5-0.05-data-2026.08.27-17.38.13.338.jpk-force-map,2026-08-27T17:38:13.338000,26,5,0.05,linear_drift_corrected,25.0,603.9680500535117,485.4457343431721,692.1875009783191,64
27-08-26/0/map5-0.05-data-2026.08.27-17.38.13.338.jpk-force-map,2026-08-27T17:38:13.338000,26,5,0.05,linear_drift_corrected,30.0,358.9873961024049,306.5420174149124,416.78358620079496,64
27-08-26/0/map5-0.05-data-2026.08.27-17.38.13.338.jpk-force-map,2026-08-27T17:38:13.338000,26,5,0.05,linear_drift_corrected,35.0,212.60850333041864,172.46996383918054,262.64235002821255,64
27-08-26/0/map5-0.05-data-2026.08.27-17.38.13.338.jpk-force-map,2026-08-27T17:38:13.338000,26,5,0.05,linear_drift_corrected,40.0,132.92601487074418,103.29333882497697,161.40873677620112,63
27-08-26/0/map5-0.05-data-2026.08.27-17.38.13.338.jpk-force-map,2026-08-27T17:38:13.338000,26,5,0.05,linear_drift_corrected,45.0,84.03479268482752,60.071723685233714,101.83002495181658,64
27-08-26/0/map5-0.05-data-2026.08.27-17.38.13.338.jpk-force-map,2026-08-27T17:38:13.338000,26,5,0.05,linear_drift_corrected,50.0,53.8134333752956,31.84402455844278,63.811241352859135,64
27-08-26/0/map5-0.05-data-2026.08.27-17.38.13.338.jpk-force-map,2026-08-27T17:38:13.338000,26,5,0.05,linear_drift_corrected,55.0,32.79682085884729,17.072684120619385,43.3666009620798,64
27-08-26/0/map5-0.05-data-2026.08.27-17.38.13.338.jpk-force-map,2026-08-27T17:38:13.338000,26,5,0.05,linear_drift_corrected,60.0,21.519243814661536,10.847556194352595,30.354996449814063,64
27-08-26/0/map5-0.05-data-2026.08.27-17.38.13.338.jpk-force-map,2026-08-27T17:38:13.338000,26,5,0.05,linear_drift_corrected,65.0,14.787102778701186,5.623793892802433,22.047980931534944,64
27-08-26/0/map5-0.05-data-2026.08.27-17.38.13.338.jpk-force-map,2026-08-27T17:38:13.338000,26,5,0.05,linear_drift_corrected,70.0,10.84446941636666,3.3064557652325193,18.54895469402847,64
27-08-26/0/map5-0.05-data-2026.08.27-17.38.13.338.jpk-force-map,2026-08-27T17:38:13.338000,26,5,0.05,linear_drift_corrected,75.0,7.937946261483502,-0.4470123766660696,15.379218114362779,64
27-08-26/0/map5-0.05-data-2026.08.27-17.38.13.338.jpk-force-map,2026-08-27T17:38:13.338000,26,5,0.05,linear_drift_corrected,80.0,7.251005369223067,-2.8636757497987917,16.655257281020027,64
27-08-26/0/map5-0.05-data-2026.08.27-17.38.13.338.jpk-force-map,2026-08-27T17:38:13.338000,26,5,0.05,linear_drift_corrected,85.0,5.75298340583935,-2.190392343732075,15.493709990291713,64
27-08-26/0/map5-0.05-data-2026.08.27-17.38.13.338.jpk-force-map,2026-08-27T17:38:13.338000,26,5,0.05,linear_drift_corrected,90.0,5.028296235223465,-3.20917556086589,14.206680415296587,64
27-08-26/0/map5-0.05-data-2026.08.27-17.38.13.338.jpk-force-map,2026-08-27T17:38:13.338000,26,5,0.05,linear_drift_corrected,95.0,5.208404712209429,-2.277915932327449,15.138586162602945,64
27-08-26/0/map5-0.05-data-2026.08.27-17.38.13.338.jpk-force-map,2026-08-27T17:38:13.338000,26,5,0.05,linear_drift_corrected,100.0,4.730318851211664,-3.612085277403934,13.42053243941666,64
27-08-26/0/map5-0.05-data-2026.08.27-17.38.13.338.jpk-force-map,2026-08-27T17:38:13.338000,26,5,0.05,linear_drift_corrected,105.0,4.871803986690505,-2.477519596016012,14.641662904411758,64
27-08-26/0/map5-0.05-data-2026.08.27-17.38.13.338.jpk-force-map,2026-08-27T17:38:13.338000,26,5,0.05,linear_drift_corrected,110.0,4.282099234724853,-1.8140018267261961,13.154215016802253,64
27-08-26/0/map5-0.05-data-2026.08.27-17.38.13.338.jpk-force-map,2026-08-27T17:38:13.338000,26,5,0.05,linear_drift_corrected,115.0,6.271837466959108,-1.5398967268621093,14.051283389625903,64
27-08-26/0/map5-0.05-data-2026.08.27-17.38.13.338.jpk-force-map,2026-08-27T17:38:13.338000,26,5,0.05,linear_drift_corrected,120.0,4.887139257692916,-1.9109733234039392,12.136025704989756,64
27-08-26/0/map5-0.05-data-2026.08.27-17.38.13.338.jpk-force-map,2026-08-27T17:38:13.338000,26,5,0.05,linear_drift_corrected,125.0,4.477721470010701,-2.2064806646924233,13.041718917743308,64
27-08-26/0/map5-0.05-data-2026.08.27-17.38.13.338.jpk-force-map,2026-08-27T17:38:13.338000,26,5,0.05,linear_drift_corrected,130.0,4.873215599531687,-1.9082395001651082,14.712855318287843,64
27-08-26/0/map5-0.05-data-2026.08.27-17.38.13.338.jpk-force-map,2026-08-27T17:38:13.338000,26,5,0.05,linear_drift_corrected,135.0,5.044922001903217,-2.9530260283343663,14.123485375862291,64
27-08-26/0/map5-0.05-data-2026.08.27-17.38.13.338.jpk-force-map,2026-08-27T17:38:13.338000,26,5,0.05,linear_drift_corrected,140.0,4.787005088027605,-0.08193357987553596,13.072086347711231,64
27-08-26/0/map5-0.05-data-2026.08.27-17.38.13.338.jpk-force-map,2026-08-27T17:38:13.338000,26,5,0.05,linear_drift_corrected,145.0,3.874172671756239,-2.2348252646772693,12.006513082303186,64
27-08-26/0/map5-0.05-data-2026.08.27-17.38.13.338.jpk-force-map,2026-08-27T17:38:13.338000,26,5,0.05,linear_drift_corrected,150.0,4.2854454860190305,-1.9176665243330997,12.445126328812197,64
27-08-26/0/map5-0.05-data-2026.08.27-17.38.13.338.jpk-force-map,2026-08-27T17:38:13.338000,26,5,0.05,linear_drift_corrected,155.0,4.501548392096824,-1.829698987955693,10.581525961919123,64
27-08-26/0/map5-0.05-data-2026.08.27-17.38.13.338.jpk-force-map,2026-08-27T17:38:13.338000,26,5,0.05,linear_drift_corrected,160.0,3.687256071503681,-0.8921999248182924,10.923518661142193,64
27-08-26/0/map5-0.05-data-2026.08.27-17.38.13.338.jpk-force-map,2026-08-27T17:38:13.338000,26,5,0.05,linear_drift_corrected,165.0,3.506957328930573,-2.381752125133408,11.229544930287386,64
27-08-26/0/map5-0.05-data-2026.08.27-17.38.13.338.jpk-force-map,2026-08-27T17:38:13.338000,26,5,0.05,linear_drift_corrected,170.0,4.385348160734669,-0.9226680406106614,10.04099090334829,64
27-08-26/0/map5-0.05-data-2026.08.27-17.38.13.338.jpk-force-map,2026-08-27T17:38:13.338000,26,5,0.05,linear_drift_corrected,175.0,4.862309711538976,-0.7214625593926967,9.94455232151642,64
27-08-26/0/map5-0.05-data-2026.08.27-17.38.13.338.jpk-force-map,2026-08-27T17:38:13.338000,26,5,0.05,linear_drift_corrected,180.0,4.706447569014825,-0.6998489499359444,9.057266839033481,64
27-08-26/0/map5-0.05-data-2026.08.27-17.38.13.338.jpk-force-map,2026-08-27T17:38:13.338000,26,5,0.05,linear_drift_corrected,185.0,4.970341546968817,-1.837849322102804,8.946058290117682,64
27-08-26/0/map5-0.05-data-2026.08.27-17.38.13.338.jpk-force-map,2026-08-27T17:38:13.338000,26,5,0.05,linear_drift_corrected,190.0,2.4609462083195472,-1.6568761765883984,8.147129197937042,64
27-08-26/0/map5-0.05-data-2026.08.27-17.38.13.338.jpk-force-map,2026-08-27T17:38:13.338000,26,5,0.05,linear_drift_corrected,195.0,3.2275226365213485,-1.4388924446836566,7.438019293275781,64
27-08-26/0/map5-0.05-data-2026.08.27-17.38.13.338.jpk-force-map,2026-08-27T17:38:13.338000,26,5,0.05,linear_drift_corrected,200.0,3.0359809333916212,-1.8005062643559149,6.294427281486456,64
27-08-26/0/map5-0.05-data-2026.08.27-17.38.13.338.jpk-force-map,2026-08-27T17:38:13.338000,26,5,0.05,linear_drift_corrected,205.0,3.184929496348907,-1.1424891706266704,6.616015188098036,64
27-08-26/0/map5-0.05-data-2026.08.27-17.38.13.338.jpk-force-map,2026-08-27T17:38:13.338000,26,5,0.05,linear_drift_corrected,210.0,2.17622808239805,-1.4416802463654508,6.075282375425755,64
27-08-26/0/map5-0.05-data-2026.08.27-17.38.13.338.jpk-force-map,2026-08-27T17:38:13.338000,26,5,0.05,linear_drift_corrected,215.0,2.598811743732716,-1.480913530424565,5.576166579261805,64
27-08-26/0/map5-0.05-data-2026.08.27-17.38.13.338.jpk-force-map,2026-08-27T17:38:13.338000,26,5,0.05,linear_drift_corrected,220.0,1.916268259050816,-1.6529485814090275,4.39450487171786,64
27-08-26/0/map5-0.05-data-2026.08.27-17.38.13.338.jpk-force-map,2026-08-27T17:38:13.338000,26,5,0.05,linear_drift_corrected,225.0,2.0171639943024964,-1.9488737746464113,5.247936864078196,64
27-08-26/0/map5-0.05-data-2026.08.27-17.38.13.338.jpk-force-map,2026-08-27T17:38:13.338000,26,5,0.05,linear_drift_corrected,230.0,2.552646717431442,-1.8791889404780933,5.716808013949998,64
27-08-26/0/map5-0.05-data-2026.08.27-17.38.13.338.jpk-force-map,2026-08-27T17:38:13.338000,26,5,0.05,linear_drift_corrected,235.0,0.7778510824948693,-2.356855448362634,4.684413047366876,64
27-08-26/0/map5-0.05-data-2026.08.27-17.38.13.338.jpk-force-map,2026-08-27T17:38:13.338000,26,5,0.05,linear_drift_corrected,240.0,0.9739120383581544,-1.7943963023801874,3.909840355527857,64
27-08-26/0/map5-0.05-data-2026.08.27-17.38.13.338.jpk-force-map,2026-08-27T17:38:13.338000,26,5,0.05,linear_drift_corrected,245.0,0.5874170350394017,-1.6738765583261892,3.852052142020998,64
27-08-26/0/map5-0.05-data-2026.08.27-17.38.13.338.jpk-force-map,2026-08-27T17:38:13.338000,26,5,0.05,linear_drift_corrected,250.0,0.7458346822875965,-1.5463569713093808,2.5979166858646976,64
27-08-26/0/map5-0.05-data-2026.08.27-17.38.13.338.jpk-force-map,2026-08-27T17:38:13.338000,26,5,0.05,linear_drift_corrected,255.0,0.0990998529428477,-1.4375364389310503,2.4485619562938057,64
27-08-26/0/map5-0.05-data-2026.08.27-17.38.13.338.jpk-force-map,2026-08-27T17:38:13.338000,26,5,0.05,linear_drift_corrected,260.0,0.20692247356618093,-2.0991006234827467,2.3947360199724734,64
27-08-26/0/map5-0.05-data-2026.08.27-17.38.13.338.jpk-force-map,2026-08-27T17:38:13.338000,26,5,0.05,linear_drift_corrected,265.0,0.6450521888078076,-1.5373088644678732,2.124439938901789,64
27-08-26/0/map5-0.05-data-2026.08.27-17.38.13.338.jpk-force-map,2026-08-27T17:38:13.338000,26,5,0.05,linear_drift_corrected,270.0,0.38667444552725994,-1.2852587904513564,1.7250302136566247,64
27-08-26/0/map5-0.05-data-2026.08.27-17.38.13.338.jpk-force-map,2026-08-27T17:38:13.338000,26,5,0.05,linear_drift_corrected,275.0,0.3388260692848232,-0.8685365965886764,1.5500929536332595,64
27-08-26/0/map5-0.05-data-2026.08.27-17.38.13.338.jpk-force-map,2026-08-27T17:38:13.338000,26,5,0.05,linear_drift_corrected,280.0,-0.2838783177412419,-1.3179058544425406,1.0643300828434523,64
27-08-26/0/map5-0.05-data-2026.08.27-17.38.13.338.jpk-force-map,2026-08-27T17:38:13.338000,26,5,0.05,linear_drift_corrected,285.0,-0.192443090233556,-1.013916725176584,0.7875816043704225,64
27-08-26/0/map5-0.05-data-2026.08.27-17.38.13.338.jpk-force-map,2026-08-27T17:38:13.338000,26,5,0.05,linear_drift_corrected,290.0,0.16777204024128528,-0.9148569495786377,1.364771335938965,64
27-08-26/0/map5-0.05-data-2026.08.27-17.38.13.338.jpk-force-map,2026-08-27T17:38:13.338000,26,5,0.05,linear_drift_corrected,295.0,0.8329517221562301,-0.832622195870381,2.1183642185878004,64
27-08-26/0/map5-0.05-data-2026.08.27-17.38.13.338.jpk-force-map,2026-08-27T17:38:13.338000,26,5,0.05,linear_drift_corrected,300.0,0.3031974260814787,-0.7041747969702774,1.3405819934283456,64
27-08-26/0/map5-0.05-data-2026.08.27-17.38.13.338.jpk-force-map,2026-08-27T17:38:13.338000,26,5,0.05,linear_drift_corrected,305.0,0.2565584968737412,-1.26218311011963,1.3758525976472162,64
27-08-26/0/map5-0.05-data-2026.08.27-17.38.13.338.jpk-force-map,2026-08-27T17:38:13.338000,26,5,0.05,linear_drift_corrected,310.0,-0.2605632535819784,-1.6797203015141575,0.9790088324455627,64
27-08-26/0/map5-0.05-data-2026.08.27-17.38.13.338.jpk-force-map,2026-08-27T17:38:13.338000,26,5,0.05,linear_drift_corrected,315.0,-0.4269507667502024,-1.901903892819765,1.4576975537605956,64
27-08-26/0/map5-0.05-data-2026.08.27-17.38.13.338.jpk-force-map,2026-08-27T17:38:13.338000,26,5,0.05,linear_drift_corrected,320.0,0.09266674401338193,-1.9009968901392502,1.3767801717277268,63
27-08-26/0/map5-0.05-data-2026.08.27-17.38.13.338.jpk-force-map,2026-08-27T17:38:13.338000,26,5,0.05,linear_drift_corrected,325.0,-0.254308830701216,-1.62117525187902,1.7630540161368222,63
27-08-26/0/map5-0.05-data-2026.08.27-17.38.13.338.jpk-force-map,2026-08-27T17:38:13.338000,26,5,0.05,linear_drift_corrected,330.0,0.1815859963875518,-1.3088565181643952,1.1679997013154801,63
27-08-26/0/map5-0.05-data-2026.08.27-17.38.13.338.jpk-force-map,2026-08-27T17:38:13.338000,26,5,0.05,linear_drift_corrected,335.0,0.14177669834567844,-1.060455415375672,1.0679983312887933,63
27-08-26/0/map5-0.05-data-2026.08.27-17.38.13.338.jpk-force-map,2026-08-27T17:38:13.338000,26,5,0.05,linear_drift_corrected,340.0,-0.11985819950893001,-1.2711892733695374,1.08669008434076,63
27-08-26/0/map5-0.05-data-2026.08.27-17.38.13.338.jpk-force-map,2026-08-27T17:38:13.338000,26,5,0.05,linear_drift_corrected,345.0,0.030983188153676906,-1.015946280221054,1.4659922397628917,63
27-08-26/0/map5-0.05-data-2026.08.27-17.38.13.338.jpk-force-map,2026-08-27T17:38:13.338000,26,5,0.05,linear_drift_corrected,350.0,0.1878245414520446,-1.1205811875019054,1.301512376367321,62
27-08-26/0/map5-0.05-data-2026.08.27-17.38.13.338.jpk-force-map,2026-08-27T17:38:13.338000,26,5,0.05,linear_drift_corrected,355.0,0.06191821636589147,-0.8127492797560486,1.6525623742453828,61
27-08-26/0/map5-0.05-data-2026.08.27-17.38.13.338.jpk-force-map,2026-08-27T17:38:13.338000,26,5,0.05,linear_drift_corrected,360.0,-0.33720008872313734,-1.1431390256957548,1.242305268714452,59
27-08-26/0/map5-0.05-data-2026.08.27-17.38.13.338.jpk-force-map,2026-08-27T17:38:13.338000,26,5,0.05,linear_drift_corrected,365.0,0.12310421042080653,-1.3348644771518696,1.5029913058018622,57
27-08-26/0/map5-0.05-data-2026.08.27-17.38.13.338.jpk-force-map,2026-08-27T17:38:13.338000,26,5,0.05,linear_drift_corrected,370.0,-0.5214386951167418,-1.7177937417650246,0.5508003117013167,38
27-08-26/0/map5-0.05-data-2026.08.27-17.38.13.338.jpk-force-map,2026-08-27T17:38:13.338000,26,5,0.05,far_constant_referenced,5.0,3737.0586116976974,2708.437194199182,4553.168868100451,64
27-08-26/0/map5-0.05-data-2026.08.27-17.38.13.338.jpk-force-map,2026-08-27T17:38:13.338000,26,5,0.05,far_constant_referenced,10.0,3006.898942301764,1816.2718676180389,3408.7758175469517,64
27-08-26/0/map5-0.05-data-2026.08.27-17.38.13.338.jpk-force-map,2026-08-27T17:38:13.338000,26,5,0.05,far_constant_referenced,15.0,1836.8206124675457,1049.8362203406068,2033.426727503193,64
27-08-26/0/map5-0.05-data-2026.08.27-17.38.13.338.jpk-force-map,2026-08-27T17:38:13.338000,26,5,0.05,far_constant_referenced,20.0,1043.9033073166588,774.5021562917668,1187.2203110438013,63
27-08-26/0/map5-0.05-data-2026.08.27-17.38.13.338.jpk-force-map,2026-08-27T17:38:13.338000,26,5,0.05,far_constant_referenced,25.0,605.2665920455477,501.13869840141774,697.601314682898,64
27-08-26/0/map5-0.05-data-2026.08.27-17.38.13.338.jpk-force-map,2026-08-27T17:38:13.338000,26,5,0.05,far_constant_referenced,30.0,364.32989736904676,305.1913663521941,431.5967363505251,64
27-08-26/0/map5-0.05-data-2026.08.27-17.38.13.338.jpk-force-map,2026-08-27T17:38:13.338000,26,5,0.05,far_constant_referenced,35.0,213.54499588957293,174.75257259145113,264.55405494081526,64
27-08-26/0/map5-0.05-data-2026.08.27-17.38.13.338.jpk-force-map,2026-08-27T17:38:13.338000,26,5,0.05,far_constant_referenced,40.0,130.27529913250075,106.02109373707381,164.9309935807321,63
27-08-26/0/map5-0.05-data-2026.08.27-17.38.13.338.jpk-force-map,2026-08-27T17:38:13.338000,26,5,0.05,far_constant_referenced,45.0,78.36962081180405,61.91040932324302,99.6206205212815,64
27-08-26/0/map5-0.05-data-2026.08.27-17.38.13.338.jpk-force-map,2026-08-27T17:38:13.338000,26,5,0.05,far_constant_referenced,50.0,51.00613123243682,37.8206546997243,62.02525940008948,64
27-08-26/0/map5-0.05-data-2026.08.27-17.38.13.338.jpk-force-map,2026-08-27T17:38:13.338000,26,5,0.05,far_constant_referenced,55.0,32.93638184947193,24.503539157581226,42.62972477201028,64
27-08-26/0/map5-0.05-data-2026.08.27-17.38.13.338.jpk-force-map,2026-08-27T17:38:13.338000,26,5,0.05,far_constant_referenced,60.0,23.543903487826718,16.61243202647008,31.23824100333553,64
27-08-26/0/map5-0.05-data-2026.08.27-17.38.13.338.jpk-force-map,2026-08-27T17:38:13.338000,26,5,0.05,far_constant_referenced,65.0,17.1998961973992,11.732304445033536,24.95769552174996,64
27-08-26/0/map5-0.05-data-2026.08.27-17.38.13.338.jpk-force-map,2026-08-27T17:38:13.338000,26,5,0.05,far_constant_referenced,70.0,14.573743687878524,8.802098249470871,21.421810915343542,64
27-08-26/0/map5-0.05-data-2026.08.27-17.38.13.338.jpk-force-map,2026-08-27T17:38:13.338000,26,5,0.05,far_constant_referenced,75.0,12.298834414563435,6.921761555175276,17.66739700143926,64
27-08-26/0/map5-0.05-data-2026.08.27-17.38.13.338.jpk-force-map,2026-08-27T17:38:13.338000,26,5,0.05,far_constant_referenced,80.0,10.661251313583909,4.144265162395199,16.59444346021744,64
27-08-26/0/map5-0.05-data-2026.08.27-17.38.13.338.jpk-force-map,2026-08-27T17:38:13.338000,26,5,0.05,far_constant_referenced,85.0,10.377627032596589,4.423542256027469,15.245597930269504,64
27-08-26/0/map5-0.05-data-2026.08.27-17.38.13.338.jpk-force-map,2026-08-27T17:38:13.338000,26,5,0.05,far_constant_referenced,90.0,9.557873399660174,3.293641748215626,14.370132597095111,64
27-08-26/0/map5-0.05-data-2026.08.27-17.38.13.338.jpk-force-map,2026-08-27T17:38:13.338000,26,5,0.05,far_constant_referenced,95.0,9.232903328558763,3.589903754190019,15.088249939885838,64
27-08-26/0/map5-0.05-data-2026.08.27-17.38.13.338.jpk-force-map,2026-08-27T17:38:13.338000,26,5,0.05,far_constant_referenced,100.0,9.931030736054751,4.123123103676155,14.393240392172157,64
27-08-26/0/map5-0.05-data-2026.08.27-17.38.13.338.jpk-force-map,2026-08-27T17:38:13.338000,26,5,0.05,far_constant_referenced,105.0,8.401937277964269,4.847523676276676,14.580317917935409,64
27-08-26/0/map5-0.05-data-2026.08.27-17.38.13.338.jpk-force-map,2026-08-27T17:38:13.338000,26,5,0.05,far_constant_referenced,110.0,8.738107889162555,4.429130648514579,13.99188572577797,64
27-08-26/0/map5-0.05-data-2026.08.27-17.38.13.338.jpk-force-map,2026-08-27T17:38:13.338000,26,5,0.05,far_constant_referenced,115.0,9.929059060916147,4.949688517891348,14.098427448649762,64
27-08-26/0/map5-0.05-data-2026.08.27-17.38.13.338.jpk-force-map,2026-08-27T17:38:13.338000,26,5,0.05,far_constant_referenced,120.0,9.422635489223637,4.051358879641105,13.90283965037417,64
27-08-26/0/map5-0.05-data-2026.08.27-17.38.13.338.jpk-force-map,2026-08-27T17:38:13.338000,26,5,0.05,far_constant_referenced,125.0,9.799700543212978,3.6010805391640015,13.861992717826398,64
27-08-26/0/map5-0.05-data-2026.08.27-17.38.13.338.jpk-force-map,2026-08-27T17:38:13.338000,26,5,0.05,far_constant_referenced,130.0,9.850750300727231,3.450787820061257,13.659593138272974,64
27-08-26/0/map5-0.05-data-2026.08.27-17.38.13.338.jpk-force-map,2026-08-27T17:38:13.338000,26,5,0.05,far_constant_referenced,135.0,9.23046842853829,3.0805642412527625,13.707507219662995,64
27-08-26/0/map5-0.05-data-2026.08.27-17.38.13.338.jpk-force-map,2026-08-27T17:38:13.338000,26,5,0.05,far_constant_referenced,140.0,9.600680129785932,3.19486201150841,13.001356519658476,64
27-08-26/0/map5-0.05-data-2026.08.27-17.38.13.338.jpk-force-map,2026-08-27T17:38:13.338000,26,5,0.05,far_constant_referenced,145.0,9.099102603013135,3.365376278347301,12.0879423788383,64
27-08-26/0/map5-0.05-data-2026.08.27-17.38.13.338.jpk-force-map,2026-08-27T17:38:13.338000,26,5,0.05,far_constant_referenced,150.0,6.620350626472753,3.1452613164460392,12.047814038735748,64
27-08-26/0/map5-0.05-data-2026.08.27-17.38.13.338.jpk-force-map,2026-08-27T17:38:13.338000,26,5,0.05,far_constant_referenced,155.0,6.619376666464896,3.448335103698974,9.885314003464496,64
27-08-26/0/map5-0.05-data-2026.08.27-17.38.13.338.jpk-force-map,2026-08-27T17:38:13.338000,26,5,0.05,far_constant_referenced,160.0,7.732517935594591,3.473901553919022,10.820600673010025,64
27-08-26/0/map5-0.05-data-2026.08.27-17.38.13.338.jpk-force-map,2026-08-27T17:38:13.338000,26,5,0.05,far_constant_referenced,165.0,6.830547824874493,2.591873868248952,10.020777587562314,64
27-08-26/0/map5-0.05-data-2026.08.27-17.38.13.338.jpk-force-map,2026-08-27T17:38:13.338000,26,5,0.05,far_constant_referenced,170.0,6.491918558533797,2.7555525986883094,10.146050224254381,64
27-08-26/0/map5-0.05-data-2026.08.27-17.38.13.338.jpk-force-map,2026-08-27T17:38:13.338000,26,5,0.05,far_constant_referenced,175.0,6.316308817991972,2.176129536609057,9.743965087853297,64
27-08-26/0/map5-0.05-data-2026.08.27-17.38.13.338.jpk-force-map,2026-08-27T17:38:13.338000,26,5,0.05,far_constant_referenced,180.0,6.334291445464249,1.6711431498059162,9.795769070495915,64
27-08-26/0/map5-0.05-data-2026.08.27-17.38.13.338.jpk-force-map,2026-08-27T17:38:13.338000,26,5,0.05,far_constant_referenced,185.0,6.038480786811229,2.17343333024404,9.85607738687098,64
27-08-26/0/map5-0.05-data-2026.08.27-17.38.13.338.jpk-force-map,2026-08-27T17:38:13.338000,26,5,0.05,far_constant_referenced,190.0,4.807644764956633,1.7621133901044372,9.052382216511887,64
27-08-26/0/map5-0.05-data-2026.08.27-17.38.13.338.jpk-force-map,2026-08-27T17:38:13.338000,26,5,0.05,far_constant_referenced,195.0,4.929769847962312,1.3225664260622059,7.989150459032278,64
27-08-26/0/map5-0.05-data-2026.08.27-17.38.13.338.jpk-force-map,2026-08-27T17:38:13.338000,26,5,0.05,far_constant_referenced,200.0,4.288547835592716,1.1695715618132476,7.464702688403738,64
27-08-26/0/map5-0.05-data-2026.08.27-17.38.13.338.jpk-force-map,2026-08-27T17:38:13.338000,26,5,0.05,far_constant_referenced,205.0,4.551742711525133,-0.0831785602311632,7.838792413342774,64
27-08-26/0/map5-0.05-data-2026.08.27-17.38.13.338.jpk-force-map,2026-08-27T17:38:13.338000,26,5,0.05,far_constant_referenced,210.0,3.245496054384911,0.7010552263013474,7.173732135888763,64
27-08-26/0/map5-0.05-data-2026.08.27-17.38.13.338.jpk-force-map,2026-08-27T17:38:13.338000,26,5,0.05,far_constant_referenced,215.0,3.478533802739612,1.4573292340553121,6.992777492861968,64
27-08-26/0/map5-0.05-data-2026.08.27-17.38.13.338.jpk-force-map,2026-08-27T17:38:13.338000,26,5,0.05,far_constant_referenced,220.0,3.137980371503957,0.7214965089174585,6.106111619590587,64
27-08-26/0/map5-0.05-data-2026.08.27-17.38.13.338.jpk-force-map,2026-08-27T17:38:13.338000,26,5,0.05,far_constant_referenced,225.0,3.335967437117822,0.8078404391756376,5.169369948813639,64
27-08-26/0/map5-0.05-data-2026.08.27-17.38.13.338.jpk-force-map,2026-08-27T17:38:13.338000,26,5,0.05,far_constant_referenced,230.0,3.8186002539705086,-0.09197389420975173,6.3800022392738995,64
27-08-26/0/map5-0.05-data-2026.08.27-17.38.13.338.jpk-force-map,2026-08-27T17:38:13.338000,26,5,0.05,far_constant_referenced,235.0,2.73271798751453,-0.5006095055454263,6.11024501084533,64
27-08-26/0/map5-0.05-data-2026.08.27-17.38.13.338.jpk-force-map,2026-08-27T17:38:13.338000,26,5,0.05,far_constant_referenced,240.0,1.6906282887540849,-1.0686241702091686,5.524289290173064,64
27-08-26/0/map5-0.05-data-2026.08.27-17.38.13.338.jpk-force-map,2026-08-27T17:38:13.338000,26,5,0.05,far_constant_referenced,245.0,2.0029487573065072,-0.21744844944068567,4.758020314771848,64
27-08-26/0/map5-0.05-data-2026.08.27-17.38.13.338.jpk-force-map,2026-08-27T17:38:13.338000,26,5,0.05,far_constant_referenced,250.0,1.7752440338755666,-0.4429439465105376,3.596501739369081,64
27-08-26/0/map5-0.05-data-2026.08.27-17.38.13.338.jpk-force-map,2026-08-27T17:38:13.338000,26,5,0.05,far_constant_referenced,255.0,1.4283836177080578,-0.7737755940033909,3.616919266863015,64
27-08-26/0/map5-0.05-data-2026.08.27-17.38.13.338.jpk-force-map,2026-08-27T17:38:13.338000,26,5,0.05,far_constant_referenced,260.0,1.2376893745965338,-1.2938405445945604,3.2136048028894195,64
27-08-26/0/map5-0.05-data-2026.08.27-17.38.13.338.jpk-force-map,2026-08-27T17:38:13.338000,26,5,0.05,far_constant_referenced,265.0,1.529592315655734,-1.2902060109044786,3.8981264641706086,64
27-08-26/0/map5-0.05-data-2026.08.27-17.38.13.338.jpk-force-map,2026-08-27T17:38:13.338000,26,5,0.05,far_constant_referenced,270.0,0.21213324085743207,-1.0564496701043218,3.7088694059495224,64
27-08-26/0/map5-0.05-data-2026.08.27-17.38.13.338.jpk-force-map,2026-08-27T17:38:13.338000,26,5,0.05,far_constant_referenced,275.0,0.9433515335173364,-0.9552409721565267,2.8098152364738143,64
27-08-26/0/map5-0.05-data-2026.08.27-17.38.13.338.jpk-force-map,2026-08-27T17:38:13.338000,26,5,0.05,far_constant_referenced,280.0,0.32789195112569414,-1.4215658976492678,2.1359952577249537,64
27-08-26/0/map5-0.05-data-2026.08.27-17.38.13.338.jpk-force-map,2026-08-27T17:38:13.338000,26,5,0.05,far_constant_referenced,285.0,0.45538569173946675,-1.2486404859111337,1.9642754184363223,64
27-08-26/0/map5-0.05-data-2026.08.27-17.38.13.338.jpk-force-map,2026-08-27T17:38:13.338000,26,5,0.05,far_constant_referenced,290.0,0.6606774574159313,-0.57067523834573,2.3539663198517666,64
27-08-26/0/map5-0.05-data-2026.08.27-17.38.13.338.jpk-force-map,2026-08-27T17:38:13.338000,26,5,0.05,far_constant_referenced,295.0,1.189989089306707,-0.8720267792422157,2.8849764429766958,64
27-08-26/0/map5-0.05-data-2026.08.27-17.38.13.338.jpk-force-map,2026-08-27T17:38:13.338000,26,5,0.05,far_constant_referenced,300.0,0.4325213866638544,-0.359034916273067,1.6842856711386085,64
27-08-26/0/map5-0.05-data-2026.08.27-17.38.13.338.jpk-force-map,2026-08-27T17:38:13.338000,26,5,0.05,far_constant_referenced,305.0,0.4373674315842794,-1.5896452644676877,1.9299611444805,64
27-08-26/0/map5-0.05-data-2026.08.27-17.38.13.338.jpk-force-map,2026-08-27T17:38:13.338000,26,5,0.05,far_constant_referenced,310.0,-0.1887463230941509,-1.8686491741958635,1.1435418867102638,64
27-08-26/0/map5-0.05-data-2026.08.27-17.38.13.338.jpk-force-map,2026-08-27T17:38:13.338000,26,5,0.05,far_constant_referenced,315.0,-0.3600326314032197,-1.8686729293172109,1.395268977421727,64
27-08-26/0/map5-0.05-data-2026.08.27-17.38.13.338.jpk-force-map,2026-08-27T17:38:13.338000,26,5,0.05,far_constant_referenced,320.0,0.023351285079896332,-1.9430858494724483,1.3563580873295296,63
27-08-26/0/map5-0.05-data-2026.08.27-17.38.13.338.jpk-force-map,2026-08-27T17:38:13.338000,26,5,0.05,far_constant_referenced,325.0,-0.33470967118519546,-1.7908155164497868,1.4668312829186232,63
27-08-26/0/map5-0.05-data-2026.08.27-17.38.13.338.jpk-force-map,2026-08-27T17:38:13.338000,26,5,0.05,far_constant_referenced,330.0,-0.2539422558536301,-1.4648714853407543,0.8917791633154153,63
27-08-26/0/map5-0.05-data-2026.08.27-17.38.13.338.jpk-force-map,2026-08-27T17:38:13.338000,26,5,0.05,far_constant_referenced,335.0,-0.23835889571844,-1.8477565442583788,1.0586351413422848,63
27-08-26/0/map5-0.05-data-2026.08.27-17.38.13.338.jpk-force-map,2026-08-27T17:38:13.338000,26,5,0.05,far_constant_referenced,340.0,-0.46994758162173383,-1.9110045570007221,0.71371076763023,63
27-08-26/0/map5-0.05-data-2026.08.27-17.38.13.338.jpk-force-map,2026-08-27T17:38:13.338000,26,5,0.05,far_constant_referenced,345.0,-0.33955571610467206,-1.7090741411091792,1.0440257412158997,63
27-08-26/0/map5-0.05-data-2026.08.27-17.38.13.338.jpk-force-map,2026-08-27T17:38:13.338000,26,5,0.05,far_constant_referenced,350.0,-0.4510028717020965,-2.2890079383152484,1.182233041922497,62
27-08-26/0/map5-0.05-data-2026.08.27-17.38.13.338.jpk-force-map,2026-08-27T17:38:13.338000,26,5,0.05,far_constant_referenced,355.0,-0.2014196807653187,-2.1376996877401844,1.7164025962944307,61
27-08-26/0/map5-0.05-data-2026.08.27-17.38.13.338.jpk-force-map,2026-08-27T17:38:13.338000,26,5,0.05,far_constant_referenced,360.0,-0.8980623931265146,-2.4266688712119997,1.342259422329843,59
27-08-26/0/map5-0.05-data-2026.08.27-17.38.13.338.jpk-force-map,2026-08-27T17:38:13.338000,26,5,0.05,far_constant_referenced,365.0,-0.8572035830162328,-2.459747878814945,1.6365853858485444,57
27-08-26/0/map5-0.05-data-2026.08.27-17.38.13.338.jpk-force-map,2026-08-27T17:38:13.338000,26,5,0.05,far_constant_referenced,370.0,-1.4745873303030703,-3.3889888697713877,0.8236375954092402,38
27-08-26/0/map5-0.2-data-2026.08.27-17.49.29.094.jpk-force-map,2026-08-27T17:49:29.094000,27,5,0.2,linear_drift_corrected,5.0,3663.6012512339735,2833.3616885274682,4152.093361058255,64
27-08-26/0/map5-0.2-data-2026.08.27-17.49.29.094.jpk-force-map,2026-08-27T17:49:29.094000,27,5,0.2,linear_drift_corrected,10.0,2626.969270625632,1620.5053178718872,2969.5555826513014,64
27-08-26/0/map5-0.2-data-2026.08.27-17.49.29.094.jpk-force-map,2026-08-27T17:49:29.094000,27,5,0.2,linear_drift_corrected,15.0,1483.8567773542534,848.6222374043548,1667.2321861807504,64
27-08-26/0/map5-0.2-data-2026.08.27-17.49.29.094.jpk-force-map,2026-08-27T17:49:29.094000,27,5,0.2,linear_drift_corrected,20.0,819.918069799247,667.8810424439556,925.7215352680489,64
27-08-26/0/map5-0.2-data-2026.08.27-17.49.29.094.jpk-force-map,2026-08-27T17:49:29.094000,27,5,0.2,linear_drift_corrected,25.0,455.182494479743,386.24876691433997,522.209890614622,64
27-08-26/0/map5-0.2-data-2026.08.27-17.49.29.094.jpk-force-map,2026-08-27T17:49:29.094000,27,5,0.2,linear_drift_corrected,30.0,260.66872529801407,225.9231417734655,296.2227562862337,64
27-08-26/0/map5-0.2-data-2026.08.27-17.49.29.094.jpk-force-map,2026-08-27T17:49:29.094000,27,5,0.2,linear_drift_corrected,35.0,146.51684238602348,124.77305894471988,169.85277423839335,64
27-08-26/0/map5-0.2-data-2026.08.27-17.49.29.094.jpk-force-map,2026-08-27T17:49:29.094000,27,5,0.2,linear_drift_corrected,40.0,83.39762731979516,70.28745751552206,101.67637507874846,64
27-08-26/0/map5-0.2-data-2026.08.27-17.49.29.094.jpk-force-map,2026-08-27T17:49:29.094000,27,5,0.2,linear_drift_corrected,45.0,49.43142784227608,39.16202550780779,64.26315122215043,64
27-08-26/0/map5-0.2-data-2026.08.27-17.49.29.094.jpk-force-map,2026-08-27T17:49:29.094000,27,5,0.2,linear_drift_corrected,50.0,31.48733936999663,19.60621158095148,44.33869643699778,64
27-08-26/0/map5-0.2-data-2026.08.27-17.49.29.094.jpk-force-map,2026-08-27T17:49:29.094000,27,5,0.2,linear_drift_corrected,55.0,19.056815025158453,10.58867876604184,29.792762791708014,64
27-08-26/0/map5-0.2-data-2026.08.27-17.49.29.094.jpk-force-map,2026-08-27T17:49:29.094000,27,5,0.2,linear_drift_corrected,60.0,13.60455907836072,6.274927011084067,23.780628009552963,64
27-08-26/0/map5-0.2-data-2026.08.27-17.49.29.094.jpk-force-map,2026-08-27T17:49:29.094000,27,5,0.2,linear_drift_corrected,65.0,11.220309602935096,1.4950604884793504,21.091646102224935,64
27-08-26/0/map5-0.2-data-2026.08.27-17.49.29.094.jpk-force-map,2026-08-27T17:49:29.094000,27,5,0.2,linear_drift_corrected,70.0,10.297092335469433,3.142219900431725,20.263842320675703,64
27-08-26/0/map5-0.2-data-2026.08.27-17.49.29.094.jpk-force-map,2026-08-27T17:49:29.094000,27,5,0.2,linear_drift_corrected,75.0,9.017434139570348,0.5601691425851338,16.563093164400204,64
27-08-26/0/map5-0.2-data-2026.08.27-17.49.29.094.jpk-force-map,2026-08-27T17:49:29.094000,27,5,0.2,linear_drift_corrected,80.0,6.997894736177292,-0.10474806754182246,15.850161877742089,64
27-08-26/0/map5-0.2-data-2026.08.27-17.49.29.094.jpk-force-map,2026-08-27T17:49:29.094000,27,5,0.2,linear_drift_corrected,85.0,5.5275383256369075,0.16622175103415054,14.595114362480661,64
27-08-26/0/map5-0.2-data-2026.08.27-17.49.29.094.jpk-force-map,2026-08-27T17:49:29.094000,27,5,0.2,linear_drift_corrected,90.0,6.1163650189856185,-0.05328542872821297,14.652807417242872,64
27-08-26/0/map5-0.2-data-2026.08.27-17.49.29.094.jpk-force-map,2026-08-27T17:49:29.094000,27,5,0.2,linear_drift_corrected,95.0,5.8936246982139515,-0.6667030600005066,14.845413414764772,64
27-08-26/0/map5-0.2-data-2026.08.27-17.49.29.094.jpk-force-map,2026-08-27T17:49:29.094000,27,5,0.2,linear_drift_corrected,100.0,7.358507350586739,-0.699596693681864,14.145171377805838,64
27-08-26/0/map5-0.2-data-2026.08.27-17.49.29.094.jpk-force-map,2026-08-27T17:49:29.094000,27,5,0.2,linear_drift_corrected,105.0,7.337858746173067,-0.24040132628775462,13.081258328758665,64
27-08-26/0/map5-0.2-data-2026.08.27-17.49.29.094.jpk-force-map,2026-08-27T17:49:29.094000,27,5,0.2,linear_drift_corrected,110.0,5.147973464313172,0.7707152617679206,12.118046068560803,64
27-08-26/0/map5-0.2-data-2026.08.27-17.49.29.094.jpk-force-map,2026-08-27T17:49:29.094000,27,5,0.2,linear_drift_corrected,115.0,4.851615820545426,-1.5431447107351617,13.045228689711394,64
27-08-26/0/map5-0.2-data-2026.08.27-17.49.29.094.jpk-force-map,2026-08-27T17:49:29.094000,27,5,0.2,linear_drift_corrected,120.0,6.201982684518979,0.2523541879951633,12.021044042413536,64
27-08-26/0/map5-0.2-data-2026.08.27-17.49.29.094.jpk-force-map,2026-08-27T17:49:29.094000,27,5,0.2,linear_drift_corrected,125.0,5.595303373779732,-0.12380654429628407,10.868465618102089,64
27-08-26/0/map5-0.2-data-2026.08.27-17.49.29.094.jpk-force-map,2026-08-27T17:49:29.094000,27,5,0.2,linear_drift_corrected,130.0,5.4515353468580265,-0.31104972813658177,12.835655600646199,64
27-08-26/0/map5-0.2-data-2026.08.27-17.49.29.094.jpk-force-map,2026-08-27T17:49:29.094000,27,5,0.2,linear_drift_corrected,135.0,6.15999754879867,-1.2656972926621082,10.300831194015624,64
27-08-26/0/map5-0.2-data-2026.08.27-17.49.29.094.jpk-force-map,2026-08-27T17:49:29.094000,27,5,0.2,linear_drift_corrected,140.0,5.218668798327936,0.6962486312744428,11.774539478665565,64
27-08-26/0/map5-0.2-data-2026.08.27-17.49.29.094.jpk-force-map,2026-08-27T17:49:29.094000,27,5,0.2,linear_drift_corrected,145.0,4.239682632851264,-0.1425354017582429,11.097199805217887,64
27-08-26/0/map5-0.2-data-2026.08.27-17.49.29.094.jpk-force-map,2026-08-27T17:49:29.094000,27,5,0.2,linear_drift_corrected,150.0,4.094808817825625,-0.6922849810828675,11.991946634991283,64
27-08-26/0/map5-0.2-data-2026.08.27-17.49.29.094.jpk-force-map,2026-08-27T17:49:29.094000,27,5,0.2,linear_drift_corrected,155.0,4.5219734984089826,-1.1160950558308729,10.298648537623807,64
27-08-26/0/map5-0.2-data-2026.08.27-17.49.29.094.jpk-force-map,2026-08-27T17:49:29.094000,27,5,0.2,linear_drift_corrected,160.0,4.355384765598895,-1.8594774053643586,9.84314958790045,64
27-08-26/0/map5-0.2-data-2026.08.27-17.49.29.094.jpk-force-map,2026-08-27T17:49:29.094000,27,5,0.2,linear_drift_corrected,165.0,3.4300116052679277,-2.7133204814114213,9.427514872351322,64
27-08-26/0/map5-0.2-data-2026.08.27-17.49.29.094.jpk-force-map,2026-08-27T17:49:29.094000,27,5,0.2,linear_drift_corrected,170.0,2.021578054409927,-2.4274551766909456,8.539855341352904,64
27-08-26/0/map5-0.2-data-2026.08.27-17.49.29.094.jpk-force-map,2026-08-27T17:49:29.094000,27,5,0.2,linear_drift_corrected,175.0,2.184626274465848,-2.0239000412020967,7.597182320342805,64
27-08-26/0/map5-0.2-data-2026.08.27-17.49.29.094.jpk-force-map,2026-08-27T17:49:29.094000,27,5,0.2,linear_drift_corrected,180.0,2.238786019958214,-2.8203370182526992,6.864839455538057,64
27-08-26/0/map5-0.2-data-2026.08.27-17.49.29.094.jpk-force-map,2026-08-27T17:49:29.094000,27,5,0.2,linear_drift_corrected,185.0,2.2760280280626386,-3.4925780279681793,7.869321333225891,64
27-08-26/0/map5-0.2-data-2026.08.27-17.49.29.094.jpk-force-map,2026-08-27T17:49:29.094000,27,5,0.2,linear_drift_corrected,190.0,2.0332087648429527,-2.9048233951612294,7.103290068789571,64
27-08-26/0/map5-0.2-data-2026.08.27-17.49.29.094.jpk-force-map,2026-08-27T17:49:29.094000,27,5,0.2,linear_drift_corrected,195.0,0.6482166891123209,-2.5868795795215593,5.8233723916167754,64
27-08-26/0/map5-0.2-data-2026.08.27-17.49.29.094.jpk-force-map,2026-08-27T17:49:29.094000,27,5,0.2,linear_drift_corrected,200.0,1.6184405102020323,-2.7586771225128834,5.57028939350958,64
27-08-26/0/map5-0.2-data-2026.08.27-17.49.29.094.jpk-force-map,2026-08-27T17:49:29.094000,27,5,0.2,linear_drift_corrected,205.0,1.431915130156059,-3.7088275241280035,6.004605155227672,64
27-08-26/0/map5-0.2-data-2026.08.27-17.49.29.094.jpk-force-map,2026-08-27T17:49:29.094000,27,5,0.2,linear_drift_corrected,210.0,0.6008724381822353,-2.9119408405597778,5.2087883201356115,64
27-08-26/0/map5-0.2-data-2026.08.27-17.49.29.094.jpk-force-map,2026-08-27T17:49:29.094000,27,5,0.2,linear_drift_corrected,215.0,1.7100027064652539,-3.151160699785454,5.5164516583313885,64
27-08-26/0/map5-0.2-data-2026.08.27-17.49.29.094.jpk-force-map,2026-08-27T17:49:29.094000,27,5,0.2,linear_drift_corrected,220.0,0.9820925497709266,-1.8656167020628764,4.186387819486208,64
27-08-26/0/map5-0.2-data-2026.08.27-17.49.29.094.jpk-force-map,2026-08-27T17:49:29.094000,27,5,0.2,linear_drift_corrected,225.0,1.0140449084866687,-2.2325466053630176,4.615079516219025,64
27-08-26/0/map5-0.2-data-2026.08.27-17.49.29.094.jpk-force-map,2026-08-27T17:49:29.094000,27,5,0.2,linear_drift_corrected,230.0,1.342336871630065,-2.4432572390146254,3.810838062531638,64
27-08-26/0/map5-0.2-data-2026.08.27-17.49.29.094.jpk-force-map,2026-08-27T17:49:29.094000,27,5,0.2,linear_drift_corrected,235.0,1.018816532902839,-2.5193614471795356,3.667255374020958,64
27-08-26/0/map5-0.2-data-2026.08.27-17.49.29.094.jpk-force-map,2026-08-27T17:49:29.094000,27,5,0.2,linear_drift_corrected,240.0,1.5806731525356787,-2.6138099674101003,4.5226542005332675,64
27-08-26/0/map5-0.2-data-2026.08.27-17.49.29.094.jpk-force-map,2026-08-27T17:49:29.094000,27,5,0.2,linear_drift_corrected,245.0,0.10211142158882687,-2.54473656587382,3.598555639099567,64
27-08-26/0/map5-0.2-data-2026.08.27-17.49.29.094.jpk-force-map,2026-08-27T17:49:29.094000,27,5,0.2,linear_drift_corrected,250.0,0.7254100368476866,-2.527448825867115,4.038468996163058,64
27-08-26/0/map5-0.2-data-2026.08.27-17.49.29.094.jpk-force-map,2026-08-27T17:49:29.094000,27,5,0.2,linear_drift_corrected,255.0,0.5414119144170124,-1.2719793250529041,3.135861536192424,64
27-08-26/0/map5-0.2-data-2026.08.27-17.49.29.094.jpk-force-map,2026-08-27T17:49:29.094000,27,5,0.2,linear_drift_corrected,260.0,-0.2632539146777007,-2.344204858583878,2.292701976000812,64
27-08-26/0/map5-0.2-data-2026.08.27-17.49.29.094.jpk-force-map,2026-08-27T17:49:29.094000,27,5,0.2,linear_drift_corrected,265.0,0.12611313277904973,-1.0835918847388373,1.4981481766867835,64
27-08-26/0/map5-0.2-data-2026.08.27-17.49.29.094.jpk-force-map,2026-08-27T17:49:29.094000,27,5,0.2,linear_drift_corrected,270.0,0.16540899116074506,-1.8970639969227578,1.1288806569508791,64
27-08-26/0/map5-0.2-data-2026.08.27-17.49.29.094.jpk-force-map,2026-08-27T17:49:29.094000,27,5,0.2,linear_drift_corrected,275.0,-0.49374179685445985,-1.8368581732960312,0.9713298413648516,64
27-08-26/0/map5-0.2-data-2026.08.27-17.49.29.094.jpk-force-map,2026-08-27T17:49:29.094000,27,5,0.2,linear_drift_corrected,280.0,0.034110178898788625,-1.3750779561805602,1.4585663575490553,64
27-08-26/0/map5-0.2-data-2026.08.27-17.49.29.094.jpk-force-map,2026-08-27T17:49:29.094000,27,5,0.2,linear_drift_corrected,285.0,-0.36903715361182066,-2.1090722888650495,1.20451418857313,64
27-08-26/0/map5-0.2-data-2026.08.27-17.49.29.094.jpk-force-map,2026-08-27T17:49:29.094000,27,5,0.2,linear_drift_corrected,290.0,0.23648533326251694,-1.4923529707486567,1.211121109747118,64
27-08-26/0/map5-0.2-data-2026.08.27-17.49.29.094.jpk-force-map,2026-08-27T17:49:29.094000,27,5,0.2,linear_drift_corrected,295.0,-0.1632923814457698,-1.846882946602318,1.3161042935279197,64
27-08-26/0/map5-0.2-data-2026.08.27-17.49.29.094.jpk-force-map,2026-08-27T17:49:29.094000,27,5,0.2,linear_drift_corrected,300.0,0.40823206734905737,-1.6986766340622985,1.8688705338186011,64
27-08-26/0/map5-0.2-data-2026.08.27-17.49.29.094.jpk-force-map,2026-08-27T17:49:29.094000,27,5,0.2,linear_drift_corrected,305.0,-0.15814351990153666,-1.8803008926387914,1.5766801358623304,64
27-08-26/0/map5-0.2-data-2026.08.27-17.49.29.094.jpk-force-map,2026-08-27T17:49:29.094000,27,5,0.2,linear_drift_corrected,310.0,0.14289665803719992,-1.2122195609226023,1.6790787211179485,64
27-08-26/0/map5-0.2-data-2026.08.27-17.49.29.094.jpk-force-map,2026-08-27T17:49:29.094000,27,5,0.2,linear_drift_corrected,315.0,-0.1370441770862681,-1.380362830182511,1.8226413068926874,64
27-08-26/0/map5-0.2-data-2026.08.27-17.49.29.094.jpk-force-map,2026-08-27T17:49:29.094000,27,5,0.2,linear_drift_corrected,320.0,-0.1987660022114457,-2.0081688699274145,0.7455886213008934,64
27-08-26/0/map5-0.2-data-2026.08.27-17.49.29.094.jpk-force-map,2026-08-27T17:49:29.094000,27,5,0.2,linear_drift_corrected,325.0,0.12219609795757283,-1.7699457446225764,1.8923105958983728,63
27-08-26/0/map5-0.2-data-2026.08.27-17.49.29.094.jpk-force-map,2026-08-27T17:49:29.094000,27,5,0.2,linear_drift_corrected,330.0,0.2701060305516764,-1.1885923226442676,1.6661642048114964,63
27-08-26/0/map5-0.2-data-2026.08.27-17.49.29.094.jpk-force-map,2026-08-27T17:49:29.094000,27,5,0.2,linear_drift_corrected,335.0,-0.15908363833489658,-1.8578079606545377,1.3954041613403945,63
27-08-26/0/map5-0.2-data-2026.08.27-17.49.29.094.jpk-force-map,2026-08-27T17:49:29.094000,27,5,0.2,linear_drift_corrected,340.0,-0.22908498401905894,-1.7639970295356964,0.8854702786120958,63
27-08-26/0/map5-0.2-data-2026.08.27-17.49.29.094.jpk-force-map,2026-08-27T17:49:29.094000,27,5,0.2,linear_drift_corrected,345.0,0.657191815334931,-1.6252635509911617,1.7899833516054948,63
27-08-26/0/map5-0.2-data-2026.08.27-17.49.29.094.jpk-force-map,2026-08-27T17:49:29.094000,27,5,0.2,linear_drift_corrected,350.0,0.5887887441105001,-1.3385091728334602,1.938644362952306,62
27-08-26/0/map5-0.2-data-2026.08.27-17.49.29.094.jpk-force-map,2026-08-27T17:49:29.094000,27,5,0.2,linear_drift_corrected,355.0,-0.03427060295502209,-1.551793726552271,0.9846872054739437,61
27-08-26/0/map5-0.2-data-2026.08.27-17.49.29.094.jpk-force-map,2026-08-27T17:49:29.094000,27,5,0.2,linear_drift_corrected,360.0,-0.15609179686869032,-1.8961012003238522,1.3806080873753226,59
27-08-26/0/map5-0.2-data-2026.08.27-17.49.29.094.jpk-force-map,2026-08-27T17:49:29.094000,27,5,0.2,linear_drift_corrected,365.0,0.23843825897946336,-1.6592975395665015,1.8566023310957425,58
27-08-26/0/map5-0.2-data-2026.08.27-17.49.29.094.jpk-force-map,2026-08-27T17:49:29.094000,27,5,0.2,linear_drift_corrected,370.0,1.0708553016740932,-1.7394707593722256,3.3046751291033725,40
27-08-26/0/map5-0.2-data-2026.08.27-17.49.29.094.jpk-force-map,2026-08-27T17:49:29.094000,27,5,0.2,far_constant_referenced,5.0,3670.3140231380494,2842.4775732954363,4164.485504558046,64
27-08-26/0/map5-0.2-data-2026.08.27-17.49.29.094.jpk-force-map,2026-08-27T17:49:29.094000,27,5,0.2,far_constant_referenced,10.0,2629.6766650359523,1624.0863848359554,2976.5047861152343,64
27-08-26/0/map5-0.2-data-2026.08.27-17.49.29.094.jpk-force-map,2026-08-27T17:49:29.094000,27,5,0.2,far_constant_referenced,15.0,1475.1625843406093,857.9044066304707,1675.1477348498445,64
27-08-26/0/map5-0.2-data-2026.08.27-17.49.29.094.jpk-force-map,2026-08-27T17:49:29.094000,27,5,0.2,far_constant_referenced,20.0,840.428927260933,682.8074382167758,921.9221447177762,64
27-08-26/0/map5-0.2-data-2026.08.27-17.49.29.094.jpk-force-map,2026-08-27T17:49:29.094000,27,5,0.2,far_constant_referenced,25.0,465.7510848844238,388.38463694250754,519.8618621131991,64
27-08-26/0/map5-0.2-data-2026.08.27-17.49.29.094.jpk-force-map,2026-08-27T17:49:29.094000,27,5,0.2,far_constant_referenced,30.0,266.66403833977796,227.8533532914993,298.8645755865508,64
27-08-26/0/map5-0.2-data-2026.08.27-17.49.29.094.jpk-force-map,2026-08-27T17:49:29.094000,27,5,0.2,far_constant_referenced,35.0,156.36071562960473,129.8856141698657,166.74662726105453,64
27-08-26/0/map5-0.2-data-2026.08.27-17.49.29.094.jpk-force-map,2026-08-27T17:49:29.094000,27,5,0.2,far_constant_referenced,40.0,90.62466265867172,78.24944364881503,97.69893803687145,64
27-08-26/0/map5-0.2-data-2026.08.27-17.49.29.094.jpk-force-map,2026-08-27T17:49:29.094000,27,5,0.2,far_constant_referenced,45.0,54.226815061728985,45.076377639735824,60.891189868339154,64
27-08-26/0/map5-0.2-data-2026.08.27-17.49.29.094.jpk-force-map,2026-08-27T17:49:29.094000,27,5,0.2,far_constant_referenced,50.0,34.89698710153502,25.99081172311596,39.578878188575544,64
27-08-26/0/map5-0.2-data-2026.08.27-17.49.29.094.jpk-force-map,2026-08-27T17:49:29.094000,27,5,0.2,far_constant_referenced,55.0,22.7908067276605,18.225220718698317,27.026333130600598,64
27-08-26/0/map5-0.2-data-2026.08.27-17.49.29.094.jpk-force-map,2026-08-27T17:49:29.094000,27,5,0.2,far_constant_referenced,60.0,18.78689276574682,13.501722535201404,20.844787120601733,64
27-08-26/0/map5-0.2-data-2026.08.27-17.49.29.094.jpk-force-map,2026-08-27T17:49:29.094000,27,5,0.2,far_constant_referenced,65.0,14.30763880948232,11.23146926582861,17.22225570612931,64
27-08-26/0/map5-0.2-data-2026.08.27-17.49.29.094.jpk-force-map,2026-08-27T17:49:29.094000,27,5,0.2,far_constant_referenced,70.0,12.23317525692256,9.396124772897208,16.07848220697835,64
27-08-26/0/map5-0.2-data-2026.08.27-17.49.29.094.jpk-force-map,2026-08-27T17:49:29.094000,27,5,0.2,far_constant_referenced,75.0,11.404655983909986,9.301502182566914,14.251428251679442,64
27-08-26/0/map5-0.2-data-2026.08.27-17.49.29.094.jpk-force-map,2026-08-27T17:49:29.094000,27,5,0.2,far_constant_referenced,80.0,10.244824022180994,7.468355038433734,14.496141642574091,64
27-08-26/0/map5-0.2-data-2026.08.27-17.49.29.094.jpk-force-map,2026-08-27T17:49:29.094000,27,5,0.2,far_constant_referenced,85.0,9.946602218629206,6.634003882931907,11.755424117673092,64
27-08-26/0/map5-0.2-data-2026.08.27-17.49.29.094.jpk-force-map,2026-08-27T17:49:29.094000,27,5,0.2,far_constant_referenced,90.0,9.887238168359453,7.507752908530216,12.223708840743821,64
27-08-26/0/map5-0.2-data-2026.08.27-17.49.29.094.jpk-force-map,2026-08-27T17:49:29.094000,27,5,0.2,far_constant_referenced,95.0,9.82352693073619,7.640080816503562,12.191799772906638,64
27-08-26/0/map5-0.2-data-2026.08.27-17.49.29.094.jpk-force-map,2026-08-27T17:49:29.094000,27,5,0.2,far_constant_referenced,100.0,9.040249287870793,5.810829512405128,11.497586021785665,64
27-08-26/0/map5-0.2-data-2026.08.27-17.49.29.094.jpk-force-map,2026-08-27T17:49:29.094000,27,5,0.2,far_constant_referenced,105.0,9.730098035294663,5.709608936896244,11.712605509986009,64
27-08-26/0/map5-0.2-data-2026.08.27-17.49.29.094.jpk-force-map,2026-08-27T17:49:29.094000,27,5,0.2,far_constant_referenced,110.0,8.391722575437647,4.944337676625183,11.623345638482729,64
27-08-26/0/map5-0.2-data-2026.08.27-17.49.29.094.jpk-force-map,2026-08-27T17:49:29.094000,27,5,0.2,far_constant_referenced,115.0,8.052653839336786,5.242559480177563,10.809673316818312,64
27-08-26/0/map5-0.2-data-2026.08.27-17.49.29.094.jpk-force-map,2026-08-27T17:49:29.094000,27,5,0.2,far_constant_referenced,120.0,8.203938334790383,4.7171615046626325,10.859755053104008,64
27-08-26/0/map5-0.2-data-2026.08.27-17.49.29.094.jpk-force-map,2026-08-27T17:49:29.094000,27,5,0.2,far_constant_referenced,125.0,7.437693114510635,3.6838077520745025,10.023212487583141,64
27-08-26/0/map5-0.2-data-2026.08.27-17.49.29.094.jpk-force-map,2026-08-27T17:49:29.094000,27,5,0.2,far_constant_referenced,130.0,7.236760413750311,5.057940609558382,11.229271917029202,64
27-08-26/0/map5-0.2-data-2026.08.27-17.49.29.094.jpk-force-map,2026-08-27T17:49:29.094000,27,5,0.2,far_constant_referenced,135.0,7.2430911538048175,4.5417714989997044,9.881400347089718,64
27-08-26/0/map5-0.2-data-2026.08.27-17.49.29.094.jpk-force-map,2026-08-27T17:49:29.094000,27,5,0.2,far_constant_referenced,140.0,7.289294866399356,5.803530751122777,9.988933846311651,64
27-08-26/0/map5-0.2-data-2026.08.27-17.49.29.094.jpk-force-map,2026-08-27T17:49:29.094000,27,5,0.2,far_constant_referenced,145.0,6.65441547164571,4.716425095875248,9.139711984339248,64
27-08-26/0/map5-0.2-data-2026.08.27-17.49.29.094.jpk-force-map,2026-08-27T17:49:29.094000,27,5,0.2,far_constant_referenced,150.0,6.802314862191499,3.5532020904579618,9.372019262688472,64
27-08-26/0/map5-0.2-data-2026.08.27-17.49.29.094.jpk-force-map,2026-08-27T17:49:29.094000,27,5,0.2,far_constant_referenced,155.0,6.274452292751893,3.321839078214999,9.530157110883652,64
27-08-26/0/map5-0.2-data-2026.08.27-17.49.29.094.jpk-force-map,2026-08-27T17:49:29.094000,27,5,0.2,far_constant_referenced,160.0,5.905677776395162,2.8239020239125305,7.562235281196752,64
27-08-26/0/map5-0.2-data-2026.08.27-17.49.29.094.jpk-force-map,2026-08-27T17:49:29.094000,27,5,0.2,far_constant_referenced,165.0,4.865535997651378,2.730027719930709,9.02684546019308,64
27-08-26/0/map5-0.2-data-2026.08.27-17.49.29.094.jpk-force-map,2026-08-27T17:49:29.094000,27,5,0.2,far_constant_referenced,170.0,4.354218870794323,1.3882434000446542,6.652224061626078,64
27-08-26/0/map5-0.2-data-2026.08.27-17.49.29.094.jpk-force-map,2026-08-27T17:49:29.094000,27,5,0.2,far_constant_referenced,175.0,5.203167548861329,2.6448953009027547,7.285642516368174,64
27-08-26/0/map5-0.2-data-2026.08.27-17.49.29.094.jpk-force-map,2026-08-27T17:49:29.094000,27,5,0.2,far_constant_referenced,180.0,3.375864164779795,1.511324626717801,6.439865147109026,64
27-08-26/0/map5-0.2-data-2026.08.27-17.49.29.094.jpk-force-map,2026-08-27T17:49:29.094000,27,5,0.2,far_constant_referenced,185.0,2.8134497701638956,0.8745032507276241,5.920518788962363,64
27-08-26/0/map5-0.2-data-2026.08.27-17.49.29.094.jpk-force-map,2026-08-27T17:49:29.094000,27,5,0.2,far_constant_referenced,190.0,3.216289131693111,0.006336678834872647,6.3474339667981265,64
27-08-26/0/map5-0.2-data-2026.08.27-17.49.29.094.jpk-force-map,2026-08-27T17:49:29.094000,27,5,0.2,far_constant_referenced,195.0,3.2002306691160296,1.0389302675140328,4.553441202759643,64
27-08-26/0/map5-0.2-data-2026.08.27-17.49.29.094.jpk-force-map,2026-08-27T17:49:29.094000,27,5,0.2,far_constant_referenced,200.0,2.884002482969313,0.10702870287631375,5.13117171238582,64
27-08-26/0/map5-0.2-data-2026.08.27-17.49.29.094.jpk-force-map,2026-08-27T17:49:29.094000,27,5,0.2,far_constant_referenced,205.0,2.578962959357313,0.6949917313708052,4.477306036248075,64
27-08-26/0/map5-0.2-data-2026.08.27-17.49.29.094.jpk-force-map,2026-08-27T17:49:29.094000,27,5,0.2,far_constant_referenced,210.0,2.3624587760227698,-0.19046856945095575,4.9653015719280145,64
27-08-26/0/map5-0.2-data-2026.08.27-17.49.29.094.jpk-force-map,2026-08-27T17:49:29.094000,27,5,0.2,far_constant_referenced,215.0,3.2775892244183185,0.28336891342420906,4.616178480374813,64
27-08-26/0/map5-0.2-data-2026.08.27-17.49.29.094.jpk-force-map,2026-08-27T17:49:29.094000,27,5,0.2,far_constant_referenced,220.0,2.506949306539755,-0.4235063178060126,4.6835836394936035,64
27-08-26/0/map5-0.2-data-2026.08.27-17.49.29.094.jpk-force-map,2026-08-27T17:49:29.094000,27,5,0.2,far_constant_referenced,225.0,1.9752027746275593,-0.32669231745691374,4.974043456881407,64
27-08-26/0/map5-0.2-data-2026.08.27-17.49.29.094.jpk-force-map,2026-08-27T17:49:29.094000,27,5,0.2,far_constant_referenced,230.0,1.6380582034221294,-0.3118394273288609,4.522571421516126,64
27-08-26/0/map5-0.2-data-2026.08.27-17.49.29.094.jpk-force-map,2026-08-27T17:49:29.094000,27,5,0.2,far_constant_referenced,235.0,1.3213667923933068,-1.1153029852465466,4.219705491583253,64
27-08-26/0/map5-0.2-data-2026.08.27-17.49.29.094.jpk-force-map,2026-08-27T17:49:29.094000,27,5,0.2,far_constant_referenced,240.0,2.1698284904567395,-0.7115252963922671,3.9788879407216893,64
27-08-26/0/map5-0.2-data-2026.08.27-17.49.29.094.jpk-force-map,2026-08-27T17:49:29.094000,27,5,0.2,far_constant_referenced,245.0,1.8706089717732581,-1.6183652071549666,4.398730030934838,64
27-08-26/0/map5-0.2-data-2026.08.27-17.49.29.094.jpk-force-map,2026-08-27T17:49:29.094000,27,5,0.2,far_constant_referenced,250.0,1.3028734297940945,-1.0805433027514955,3.490916160164164,64
27-08-26/0/map5-0.2-data-2026.08.27-17.49.29.094.jpk-force-map,2026-08-27T17:49:29.094000,27,5,0.2,far_constant_referenced,255.0,1.7796387314750923,-0.5786807145119746,3.610600404368531,64
27-08-26/0/map5-0.2-data-2026.08.27-17.49.29.094.jpk-force-map,2026-08-27T17:49:29.094000,27,5,0.2,far_constant_referenced,260.0,0.1843753806172767,-2.0065773522153925,2.024363999931305,64
27-08-26/0/map5-0.2-data-2026.08.27-17.49.29.094.jpk-force-map,2026-08-27T17:49:29.094000,27,5,0.2,far_constant_referenced,265.0,0.6047341447378473,-1.4514914127851009,2.392378352379303,64
27-08-26/0/map5-0.2-data-2026.08.27-17.49.29.094.jpk-force-map,2026-08-27T17:49:29.094000,27,5,0.2,far_constant_referenced,270.0,0.5662983570889635,-2.2661495720204767,2.481923285347764,64
27-08-26/0/map5-0.2-data-2026.08.27-17.49.29.094.jpk-force-map,2026-08-27T17:49:29.094000,27,5,0.2,far_constant_referenced,275.0,0.12356226789706443,-2.094162487606815,1.8414258042037543,64
27-08-26/0/map5-0.2-data-2026.08.27-17.49.29.094.jpk-force-map,2026-08-27T17:49:29.094000,27,5,0.2,far_constant_referenced,280.0,0.06032613271663961,-1.6806214435463382,2.849450657791953,64
27-08-26/0/map5-0.2-data-2026.08.27-17.49.29.094.jpk-force-map,2026-08-27T17:49:29.094000,27,5,0.2,far_constant_referenced,285.0,0.04087068766982954,-1.6404871646628272,1.9795796558853926,64
27-08-26/0/map5-0.2-data-2026.08.27-17.49.29.094.jpk-force-map,2026-08-27T17:49:29.094000,27,5,0.2,far_constant_referenced,290.0,0.06664499521017543,-1.4775270266696368,1.7351453876763887,64
27-08-26/0/map5-0.2-data-2026.08.27-17.49.29.094.jpk-force-map,2026-08-27T17:49:29.094000,27,5,0.2,far_constant_referenced,295.0,0.10022286037790121,-1.8866733731316543,2.056486863866664,64
27-08-26/0/map5-0.2-data-2026.08.27-17.49.29.094.jpk-force-map,2026-08-27T17:49:29.094000,27,5,0.2,far_constant_referenced,300.0,0.49380960182761746,-1.758247243973421,2.192211754307605,64
27-08-26/0/map5-0.2-data-2026.08.27-17.49.29.094.jpk-force-map,2026-08-27T17:49:29.094000,27,5,0.2,far_constant_referenced,305.0,0.2666274910845827,-1.5079098279067356,1.5402583655040853,64
27-08-26/0/map5-0.2-data-2026.08.27-17.49.29.094.jpk-force-map,2026-08-27T17:49:29.094000,27,5,0.2,far_constant_referenced,310.0,0.3692614963614891,-1.4213224076468887,2.1318559276887767,64
27-08-26/0/map5-0.2-data-2026.08.27-17.49.29.094.jpk-force-map,2026-08-27T17:49:29.094000,27,5,0.2,far_constant_referenced,315.0,0.04476652770386415,-1.3804635975380295,1.6979092336961668,64
27-08-26/0/map5-0.2-data-2026.08.27-17.49.29.094.jpk-force-map,2026-08-27T17:49:29.094000,27,5,0.2,far_constant_referenced,320.0,-0.1435046929474472,-1.9662173996726175,0.8309304179115811,64
27-08-26/0/map5-0.2-data-2026.08.27-17.49.29.094.jpk-force-map,2026-08-27T17:49:29.094000,27,5,0.2,far_constant_referenced,325.0,0.299694621125847,-1.864765211722562,1.8452978891154928,63
27-08-26/0/map5-0.2-data-2026.08.27-17.49.29.094.jpk-force-map,2026-08-27T17:49:29.094000,27,5,0.2,far_constant_referenced,330.0,-0.18583632062965444,-1.3189081372501836,1.8321731841241373,63
27-08-26/0/map5-0.2-data-2026.08.27-17.49.29.094.jpk-force-map,2026-08-27T17:49:29.094000,27,5,0.2,far_constant_referenced,335.0,-0.3911518414287707,-1.7470348263152236,1.453195842800806,63
27-08-26/0/map5-0.2-data-2026.08.27-17.49.29.094.jpk-force-map,2026-08-27T17:49:29.094000,27,5,0.2,far_constant_referenced,340.0,-0.3930997614449582,-2.000977082167668,1.5397832630608899,63
27-08-26/0/map5-0.2-data-2026.08.27-17.49.29.094.jpk-force-map,2026-08-27T17:49:29.094000,27,5,0.2,far_constant_referenced,345.0,-0.0262731651056001,-2.253969133134671,2.216507305494118,63
27-08-26/0/map5-0.2-data-2026.08.27-17.49.29.094.jpk-force-map,2026-08-27T17:49:29.094000,27,5,0.2,far_constant_referenced,350.0,-0.11724340540400273,-1.889339885593416,1.8730379330140743,62
27-08-26/0/map5-0.2-data-2026.08.27-17.49.29.094.jpk-force-map,2026-08-27T17:49:29.094000,27,5,0.2,far_constant_referenced,355.0,-0.6801091473398526,-2.429602628799385,1.5441779606594677,61
27-08-26/0/map5-0.2-data-2026.08.27-17.49.29.094.jpk-force-map,2026-08-27T17:49:29.094000,27,5,0.2,far_constant_referenced,360.0,-0.33763155121042504,-2.238884630564735,1.3062822898236082,59
27-08-26/0/map5-0.2-data-2026.08.27-17.49.29.094.jpk-force-map,2026-08-27T17:49:29.094000,27,5,0.2,far_constant_referenced,365.0,-0.45390099660491146,-2.250791885545855,2.1722693292576962,58
27-08-26/0/map5-0.2-data-2026.08.27-17.49.29.094.jpk-force-map,2026-08-27T17:49:29.094000,27,5,0.2,far_constant_referenced,370.0,1.362213724941196,-2.4867574527063896,3.2411072955666995,40
27-08-26/0/map5-0.2-data-2026.08.27-17.53.38.834.jpk-force-map,2026-08-27T17:53:38.834000,28,5,0.2,linear_drift_corrected,5.0,3468.2225613967375,2582.7562092879925,4099.935024316132,64
27-08-26/0/map5-0.2-data-2026.08.27-17.53.38.834.jpk-force-map,2026-08-27T17:53:38.834000,28,5,0.2,linear_drift_corrected,10.0,2463.8089933148294,1513.4549170157495,2827.371585449886,64
27-08-26/0/map5-0.2-data-2026.08.27-17.53.38.834.jpk-force-map,2026-08-27T17:53:38.834000,28,5,0.2,linear_drift_corrected,15.0,1352.3244030607827,883.47042558342,1513.7989505282605,64
27-08-26/0/map5-0.2-data-2026.08.27-17.53.38.834.jpk-force-map,2026-08-27T17:53:38.834000,28,5,0.2,linear_drift_corrected,20.0,735.7776465730467,573.5471043988687,796.4095909065408,64
27-08-26/0/map5-0.2-data-2026.08.27-17.53.38.834.jpk-force-map,2026-08-27T17:53:38.834000,28,5,0.2,linear_drift_corrected,25.0,396.2057666753759,327.09777937370336,438.1676061466195,64
27-08-26/0/map5-0.2-data-2026.08.27-17.53.38.834.jpk-force-map,2026-08-27T17:53:38.834000,28,5,0.2,linear_drift_corrected,30.0,219.14511767487295,189.3715557209747,245.24294104529457,64
27-08-26/0/map5-0.2-data-2026.08.27-17.53.38.834.jpk-force-map,2026-08-27T17:53:38.834000,28,5,0.2,linear_drift_corrected,35.0,119.18539148600689,103.9906725614702,140.92621042229837,64
27-08-26/0/map5-0.2-data-2026.08.27-17.53.38.834.jpk-force-map,2026-08-27T17:53:38.834000,28,5,0.2,linear_drift_corrected,40.0,66.40058258033352,54.8036793982067,85.25066341475852,64
27-08-26/0/map5-0.2-data-2026.08.27-17.53.38.834.jpk-force-map,2026-08-27T17:53:38.834000,28,5,0.2,linear_drift_corrected,45.0,40.100111780220935,31.04446630010974,51.54373205306999,64
27-08-26/0/map5-0.2-data-2026.08.27-17.53.38.834.jpk-force-map,2026-08-27T17:53:38.834000,28,5,0.2,linear_drift_corrected,50.0,24.67136736983112,17.19836672363537,34.74420790692143,64
27-08-26/0/map5-0.2-data-2026.08.27-17.53.38.834.jpk-force-map,2026-08-27T17:53:38.834000,28,5,0.2,linear_drift_corrected,55.0,17.51860989614778,7.854276270183198,26.598694225752304,64
27-08-26/0/map5-0.2-data-2026.08.27-17.53.38.834.jpk-force-map,2026-08-27T17:53:38.834000,28,5,0.2,linear_drift_corrected,60.0,13.820568999250174,5.822064210556898,22.26746779697525,64
27-08-26/0/map5-0.2-data-2026.08.27-17.53.38.834.jpk-force-map,2026-08-27T17:53:38.834000,28,5,0.2,linear_drift_corrected,65.0,11.81385812782765,4.459122188629424,19.333336168375105,64
27-08-26/0/map5-0.2-data-2026.08.27-17.53.38.834.jpk-force-map,2026-08-27T17:53:38.834000,28,5,0.2,linear_drift_corrected,70.0,9.52021445524958,2.569328240930338,18.36018768642338,64
27-08-26/0/map5-0.2-data-2026.08.27-17.53.38.834.jpk-force-map,2026-08-27T17:53:38.834000,28,5,0.2,linear_drift_corrected,75.0,8.729479412757438,1.9403234478348097,14.634833882055785,64
27-08-26/0/map5-0.2-data-2026.08.27-17.53.38.834.jpk-force-map,2026-08-27T17:53:38.834000,28,5,0.2,linear_drift_corrected,80.0,8.672494613709336,1.3899863399078651,16.000314416713177,64
27-08-26/0/map5-0.2-data-2026.08.27-17.53.38.834.jpk-force-map,2026-08-27T17:53:38.834000,28,5,0.2,linear_drift_corrected,85.0,8.634162280445949,2.1256339165363762,15.609905252437962,64
27-08-26/0/map5-0.2-data-2026.08.27-17.53.38.834.jpk-force-map,2026-08-27T17:53:38.834000,28,5,0.2,linear_drift_corrected,90.0,7.984381240062088,1.2119615052614585,15.772240422897708,64
27-08-26/0/map5-0.2-data-2026.08.27-17.53.38.834.jpk-force-map,2026-08-27T17:53:38.834000,28,5,0.2,linear_drift_corrected,95.0,7.883641106591207,0.5070358457240947,14.769786788860836,64
27-08-26/0/map5-0.2-data-2026.08.27-17.53.38.834.jpk-force-map,2026-08-27T17:53:38.834000,28,5,0.2,linear_drift_corrected,100.0,6.697543219070374,0.7555375540057058,13.302089590962613,64
27-08-26/0/map5-0.2-data-2026.08.27-17.53.38.834.jpk-force-map,2026-08-27T17:53:38.834000,28,5,0.2,linear_drift_corrected,105.0,6.966663425688026,0.8221418499233301,12.101223418237414,64
27-08-26/0/map5-0.2-data-2026.08.27-17.53.38.834.jpk-force-map,2026-08-27T17:53:38.834000,28,5,0.2,linear_drift_corrected,110.0,6.744334991851807,1.002684530066637,12.997209322534847,64
27-08-26/0/map5-0.2-data-2026.08.27-17.53.38.834.jpk-force-map,2026-08-27T17:53:38.834000,28,5,0.2,linear_drift_corrected,115.0,6.333377065027575,-0.05237956784272162,14.61181009230399,64
27-08-26/0/map5-0.2-data-2026.08.27-17.53.38.834.jpk-force-map,2026-08-27T17:53:38.834000,28,5,0.2,linear_drift_corrected,120.0,5.4202984060214146,1.6199587047171637,12.912698157918403,64
27-08-26/0/map5-0.2-data-2026.08.27-17.53.38.834.jpk-force-map,2026-08-27T17:53:38.834000,28,5,0.2,linear_drift_corrected,125.0,4.888826233722392,1.3616616104366626,12.78215143907946,64
27-08-26/0/map5-0.2-data-2026.08.27-17.53.38.834.jpk-force-map,2026-08-27T17:53:38.834000,28,5,0.2,linear_drift_corrected,130.0,6.10945137280498,0.956519391580583,11.321797348047127,64
27-08-26/0/map5-0.2-data-2026.08.27-17.53.38.834.jpk-force-map,2026-08-27T17:53:38.834000,28,5,0.2,linear_drift_corrected,135.0,4.571544678575169,-0.9426693257917453,10.261529053865063,64
27-08-26/0/map5-0.2-data-2026.08.27-17.53.38.834.jpk-force-map,2026-08-27T17:53:38.834000,28,5,0.2,linear_drift_corrected,140.0,4.108885378896158,0.09341183038867626,9.323548782304643,64
27-08-26/0/map5-0.2-data-2026.08.27-17.53.38.834.jpk-force-map,2026-08-27T17:53:38.834000,28,5,0.2,linear_drift_corrected,145.0,3.745312200402711,-0.9622419892483842,10.036154042114074,64
27-08-26/0/map5-0.2-data-2026.08.27-17.53.38.834.jpk-force-map,2026-08-27T17:53:38.834000,28,5,0.2,linear_drift_corrected,150.0,4.6981091540216795,0.6700136161155111,9.195765094322047,64
27-08-26/0/map5-0.2-data-2026.08.27-17.53.38.834.jpk-force-map,2026-08-27T17:53:38.834000,28,5,0.2,linear_drift_corrected,155.0,3.2357005785710786,-0.7423907736874367,9.036741661377286,64
27-08-26/0/map5-0.2-data-2026.08.27-17.53.38.834.jpk-force-map,2026-08-27T17:53:38.834000,28,5,0.2,linear_drift_corrected,160.0,4.0443770592167665,-0.6973495340714684,8.32993825665265,64
27-08-26/0/map5-0.2-data-2026.08.27-17.53.38.834.jpk-force-map,2026-08-27T17:53:38.834000,28,5,0.2,linear_drift_corrected,165.0,4.253522584523911,0.865077314778472,6.939088750021617,64
27-08-26/0/map5-0.2-data-2026.08.27-17.53.38.834.jpk-force-map,2026-08-27T17:53:38.834000,28,5,0.2,linear_drift_corrected,170.0,4.598244579998881,-1.501546212675609,7.539744138402092,64
27-08-26/0/map5-0.2-data-2026.08.27-17.53.38.834.jpk-force-map,2026-08-27T17:53:38.834000,28,5,0.2,linear_drift_corrected,175.0,3.3922475278991993,-0.8763765921886064,7.603373437459434,64
27-08-26/0/map5-0.2-data-2026.08.27-17.53.38.834.jpk-force-map,2026-08-27T17:53:38.834000,28,5,0.2,linear_drift_corrected,180.0,2.921434889560553,-1.6068837342999938,6.724461424283829,64
27-08-26/0/map5-0.2-data-2026.08.27-17.53.38.834.jpk-force-map,2026-08-27T17:53:38.834000,28,5,0.2,linear_drift_corrected,185.0,2.6627370706534954,-1.7397379605905663,6.247909106774742,64
27-08-26/0/map5-0.2-data-2026.08.27-17.53.38.834.jpk-force-map,2026-08-27T17:53:38.834000,28,5,0.2,linear_drift_corrected,190.0,3.2715017073259656,-1.6743898306981824,5.473952666986776,64
27-08-26/0/map5-0.2-data-2026.08.27-17.53.38.834.jpk-force-map,2026-08-27T17:53:38.834000,28,5,0.2,linear_drift_corrected,195.0,1.9259211301239403,-1.3152776765089003,5.775355836138878,64
27-08-26/0/map5-0.2-data-2026.08.27-17.53.38.834.jpk-force-map,2026-08-27T17:53:38.834000,28,5,0.2,linear_drift_corrected,200.0,2.52179080351916,-2.0847684127080797,4.822578609394559,64
27-08-26/0/map5-0.2-data-2026.08.27-17.53.38.834.jpk-force-map,2026-08-27T17:53:38.834000,28,5,0.2,linear_drift_corrected,205.0,1.8672303799867591,-1.3142767763471639,6.078409279617812,64
27-08-26/0/map5-0.2-data-2026.08.27-17.53.38.834.jpk-force-map,2026-08-27T17:53:38.834000,28,5,0.2,linear_drift_corrected,210.0,1.9187375949883583,-1.0303460981735624,5.10456381369278,64
27-08-26/0/map5-0.2-data-2026.08.27-17.53.38.834.jpk-force-map,2026-08-27T17:53:38.834000,28,5,0.2,linear_drift_corrected,215.0,1.3380657953583088,-2.104979605807525,4.808632546859858,64
27-08-26/0/map5-0.2-data-2026.08.27-17.53.38.834.jpk-force-map,2026-08-27T17:53:38.834000,28,5,0.2,linear_drift_corrected,220.0,1.3559779297233596,-1.5991819785017496,4.473880598464265,64
27-08-26/0/map5-0.2-data-2026.08.27-17.53.38.834.jpk-force-map,2026-08-27T17:53:38.834000,28,5,0.2,linear_drift_corrected,225.0,0.46520681321095175,-1.5258076676959635,4.0232303150968685,64
27-08-26/0/map5-0.2-data-2026.08.27-17.53.38.834.jpk-force-map,2026-08-27T17:53:38.834000,28,5,0.2,linear_drift_corrected,230.0,1.0201920903609014,-0.9847903454454434,3.2553969517625205,64
27-08-26/0/map5-0.2-data-2026.08.27-17.53.38.834.jpk-force-map,2026-08-27T17:53:38.834000,28,5,0.2,linear_drift_corrected,235.0,-0.29241243012153995,-2.4371158131637682,3.0638789020426795,64
27-08-26/0/map5-0.2-data-2026.08.27-17.53.38.834.jpk-force-map,2026-08-27T17:53:38.834000,28,5,0.2,linear_drift_corrected,240.0,-0.16843726761902972,-2.8239277420228075,3.0073010863672387,64
27-08-26/0/map5-0.2-data-2026.08.27-17.53.38.834.jpk-force-map,2026-08-27T17:53:38.834000,28,5,0.2,linear_drift_corrected,245.0,0.8679700737123328,-1.1145962254216948,2.608474157370351,64
27-08-26/0/map5-0.2-data-2026.08.27-17.53.38.834.jpk-force-map,2026-08-27T17:53:38.834000,28,5,0.2,linear_drift_corrected,250.0,1.056125561862765,-2.197484490910426,2.465937228857074,64
27-08-26/0/map5-0.2-data-2026.08.27-17.53.38.834.jpk-force-map,2026-08-27T17:53:38.834000,28,5,0.2,linear_drift_corrected,255.0,0.7825667622075395,-0.5884368571237514,2.8318924762590276,64
27-08-26/0/map5-0.2-data-2026.08.27-17.53.38.834.jpk-force-map,2026-08-27T17:53:38.834000,28,5,0.2,linear_drift_corrected,260.0,0.9902751320477381,-1.4834228098262954,3.077756329970329,64
27-08-26/0/map5-0.2-data-2026.08.27-17.53.38.834.jpk-force-map,2026-08-27T17:53:38.834000,28,5,0.2,linear_drift_corrected,265.0,-0.7142191779488162,-2.71337439389922,2.1687025127004835,64
27-08-26/0/map5-0.2-data-2026.08.27-17.53.38.834.jpk-force-map,2026-08-27T17:53:38.834000,28,5,0.2,linear_drift_corrected,270.0,0.040919371240473505,-2.0181110585327042,2.0249151213300047,64
27-08-26/0/map5-0.2-data-2026.08.27-17.53.38.834.jpk-force-map,2026-08-27T17:53:38.834000,28,5,0.2,linear_drift_corrected,275.0,-0.3890476729133708,-1.9062587574913366,1.065882737265709,64
27-08-26/0/map5-0.2-data-2026.08.27-17.53.38.834.jpk-force-map,2026-08-27T17:53:38.834000,28,5,0.2,linear_drift_corrected,280.0,0.08418320426431854,-1.3938583029995883,1.3473519824276665,64
27-08-26/0/map5-0.2-data-2026.08.27-17.53.38.834.jpk-force-map,2026-08-27T17:53:38.834000,28,5,0.2,linear_drift_corrected,285.0,0.5187261355231079,-1.1296766380226233,1.8015907084369813,64
27-08-26/0/map5-0.2-data-2026.08.27-17.53.38.834.jpk-force-map,2026-08-27T17:53:38.834000,28,5,0.2,linear_drift_corrected,290.0,0.28198203550483286,-1.3467503405976573,1.7021076189831317,64
27-08-26/0/map5-0.2-data-2026.08.27-17.53.38.834.jpk-force-map,2026-08-27T17:53:38.834000,28,5,0.2,linear_drift_corrected,295.0,-0.32375291348823276,-1.0011454550129337,1.4619423095523902,64
27-08-26/0/map5-0.2-data-2026.08.27-17.53.38.834.jpk-force-map,2026-08-27T17:53:38.834000,28,5,0.2,linear_drift_corrected,300.0,0.11372878746796575,-1.124547570270162,1.5150879474010848,64
27-08-26/0/map5-0.2-data-2026.08.27-17.53.38.834.jpk-force-map,2026-08-27T17:53:38.834000,28,5,0.2,linear_drift_corrected,305.0,0.5600861951108181,-1.2763293767061308,1.994007899055416,64
27-08-26/0/map5-0.2-data-2026.08.27-17.53.38.834.jpk-force-map,2026-08-27T17:53:38.834000,28,5,0.2,linear_drift_corrected,310.0,-0.718895985169042,-2.0306067679759043,0.6681029216764084,64
27-08-26/0/map5-0.2-data-2026.08.27-17.53.38.834.jpk-force-map,2026-08-27T17:53:38.834000,28,5,0.2,linear_drift_corrected,315.0,-0.057782637302203364,-2.059166295549432,1.5478799771353948,64
27-08-26/0/map5-0.2-data-2026.08.27-17.53.38.834.jpk-force-map,2026-08-27T17:53:38.834000,28,5,0.2,linear_drift_corrected,320.0,0.41805369166477646,-1.5936261270582341,1.6572150946638442,64
27-08-26/0/map5-0.2-data-2026.08.27-17.53.38.834.jpk-force-map,2026-08-27T17:53:38.834000,28,5,0.2,linear_drift_corrected,325.0,0.17674738957502684,-1.3675667501220024,1.7040146085295267,63
27-08-26/0/map5-0.2-data-2026.08.27-17.53.38.834.jpk-force-map,2026-08-27T17:53:38.834000,28,5,0.2,linear_drift_corrected,330.0,0.5653831595451959,-0.8794789683943843,1.7616714225897248,63
27-08-26/0/map5-0.2-data-2026.08.27-17.53.38.834.jpk-force-map,2026-08-27T17:53:38.834000,28,5,0.2,linear_drift_corrected,335.0,-0.7557930643766042,-1.929462819026616,0.33276038885095494,63
27-08-26/0/map5-0.2-data-2026.08.27-17.53.38.834.jpk-force-map,2026-08-27T17:53:38.834000,28,5,0.2,linear_drift_corrected,340.0,0.02557288367185162,-1.667451558268509,1.3605338325313583,63
27-08-26/0/map5-0.2-data-2026.08.27-17.53.38.834.jpk-force-map,2026-08-27T17:53:38.834000,28,5,0.2,linear_drift_corrected,345.0,-0.251328926823392,-1.3097720137167035,1.321046427941376,63
27-08-26/0/map5-0.2-data-2026.08.27-17.53.38.834.jpk-force-map,2026-08-27T17:53:38.834000,28,5,0.2,linear_drift_corrected,350.0,0.48532858290979797,-1.0426909512274818,1.7053927289973165,61
27-08-26/0/map5-0.2-data-2026.08.27-17.53.38.834.jpk-force-map,2026-08-27T17:53:38.834000,28,5,0.2,linear_drift_corrected,355.0,0.4629603271742742,-1.466737952121202,1.8907192829759323,61
27-08-26/0/map5-0.2-data-2026.08.27-17.53.38.834.jpk-force-map,2026-08-27T17:53:38.834000,28,5,0.2,linear_drift_corrected,360.0,-0.04598964433161766,-1.4057019527768897,1.688560568837353,60
27-08-26/0/map5-0.2-data-2026.08.27-17.53.38.834.jpk-force-map,2026-08-27T17:53:38.834000,28,5,0.2,linear_drift_corrected,365.0,0.011047766274965815,-1.9730943602496445,1.8415747322228861,58
27-08-26/0/map5-0.2-data-2026.08.27-17.53.38.834.jpk-force-map,2026-08-27T17:53:38.834000,28,5,0.2,linear_drift_corrected,370.0,-0.32861917097278737,-2.3881461208191204,1.7748568396666058,41
27-08-26/0/map5-0.2-data-2026.08.27-17.53.38.834.jpk-force-map,2026-08-27T17:53:38.834000,28,5,0.2,far_constant_referenced,5.0,3477.5398884289275,2595.7118229890566,4096.611532164493,64
27-08-26/0/map5-0.2-data-2026.08.27-17.53.38.834.jpk-force-map,2026-08-27T17:53:38.834000,28,5,0.2,far_constant_referenced,10.0,2476.800303214015,1530.7492376150653,2829.998716626391,64
27-08-26/0/map5-0.2-data-2026.08.27-17.53.38.834.jpk-force-map,2026-08-27T17:53:38.834000,28,5,0.2,far_constant_referenced,15.0,1357.8541255352732,872.362629159302,1513.3812323569434,64
27-08-26/0/map5-0.2-data-2026.08.27-17.53.38.834.jpk-force-map,2026-08-27T17:53:38.834000,28,5,0.2,far_constant_referenced,20.0,739.4582200045714,578.337304527737,802.0828745856936,64
27-08-26/0/map5-0.2-data-2026.08.27-17.53.38.834.jpk-force-map,2026-08-27T17:53:38.834000,28,5,0.2,far_constant_referenced,25.0,404.07392710563516,340.710078449589,436.78337033436566,64
27-08-26/0/map5-0.2-data-2026.08.27-17.53.38.834.jpk-force-map,2026-08-27T17:53:38.834000,28,5,0.2,far_constant_referenced,30.0,221.95664901249881,194.99527426343593,237.71652752111495,64
27-08-26/0/map5-0.2-data-2026.08.27-17.53.38.834.jpk-force-map,2026-08-27T17:53:38.834000,28,5,0.2,far_constant_referenced,35.0,119.45299996825707,108.7138793642437,135.12479448391687,64
27-08-26/0/map5-0.2-data-2026.08.27-17.53.38.834.jpk-force-map,2026-08-27T17:53:38.834000,28,5,0.2,far_constant_referenced,40.0,68.47605190338962,62.41687446639929,78.77899283192605,64
27-08-26/0/map5-0.2-data-2026.08.27-17.53.38.834.jpk-force-map,2026-08-27T17:53:38.834000,28,5,0.2,far_constant_referenced,45.0,42.36047827870794,36.306621989080746,45.929928872721234,64
27-08-26/0/map5-0.2-data-2026.08.27-17.53.38.834.jpk-force-map,2026-08-27T17:53:38.834000,28,5,0.2,far_constant_referenced,50.0,27.78818365328082,21.871323153130124,31.696043778754607,64
27-08-26/0/map5-0.2-data-2026.08.27-17.53.38.834.jpk-force-map,2026-08-27T17:53:38.834000,28,5,0.2,far_constant_referenced,55.0,18.018675870327996,13.333405617161565,24.087812642282316,64
27-08-26/0/map5-0.2-data-2026.08.27-17.53.38.834.jpk-force-map,2026-08-27T17:53:38.834000,28,5,0.2,far_constant_referenced,60.0,15.197921400101261,10.341382654966507,20.691768501230953,64
27-08-26/0/map5-0.2-data-2026.08.27-17.53.38.834.jpk-force-map,2026-08-27T17:53:38.834000,28,5,0.2,far_constant_referenced,65.0,14.546496562765068,7.910823882501195,18.22495941235472,64
27-08-26/0/map5-0.2-data-2026.08.27-17.53.38.834.jpk-force-map,2026-08-27T17:53:38.834000,28,5,0.2,far_constant_referenced,70.0,11.742275657558967,6.437180818304742,16.468161230833655,64
27-08-26/0/map5-0.2-data-2026.08.27-17.53.38.834.jpk-force-map,2026-08-27T17:53:38.834000,28,5,0.2,far_constant_referenced,75.0,9.347236731498505,5.592365531492954,14.201067392707628,64
27-08-26/0/map5-0.2-data-2026.08.27-17.53.38.834.jpk-force-map,2026-08-27T17:53:38.834000,28,5,0.2,far_constant_referenced,80.0,10.466684985561713,5.961140047849803,14.778073371107865,64
27-08-26/0/map5-0.2-data-2026.08.27-17.53.38.834.jpk-force-map,2026-08-27T17:53:38.834000,28,5,0.2,far_constant_referenced,85.0,10.333881975145882,6.204404376292808,14.829651680089679,64
27-08-26/0/map5-0.2-data-2026.08.27-17.53.38.834.jpk-force-map,2026-08-27T17:53:38.834000,28,5,0.2,far_constant_referenced,90.0,9.836639758166339,7.045335700633546,13.70314815474709,64
27-08-26/0/map5-0.2-data-2026.08.27-17.53.38.834.jpk-force-map,2026-08-27T17:53:38.834000,28,5,0.2,far_constant_referenced,95.0,8.440848168056704,5.423300327104521,12.390071899986395,64
27-08-26/0/map5-0.2-data-2026.08.27-17.53.38.834.jpk-force-map,2026-08-27T17:53:38.834000,28,5,0.2,far_constant_referenced,100.0,7.863396781116173,4.826381617557513,10.802338922851984,64
27-08-26/0/map5-0.2-data-2026.08.27-17.53.38.834.jpk-force-map,2026-08-27T17:53:38.834000,28,5,0.2,far_constant_referenced,105.0,7.6901863079126205,3.945072524332188,11.822550154105999,64
27-08-26/0/map5-0.2-data-2026.08.27-17.53.38.834.jpk-force-map,2026-08-27T17:53:38.834000,28,5,0.2,far_constant_referenced,110.0,8.19906853474778,4.850445556301195,11.926662915737095,64
27-08-26/0/map5-0.2-data-2026.08.27-17.53.38.834.jpk-force-map,2026-08-27T17:53:38.834000,28,5,0.2,far_constant_referenced,115.0,6.929297867678809,4.24986855794098,11.892609948126648,64
27-08-26/0/map5-0.2-data-2026.08.27-17.53.38.834.jpk-force-map,2026-08-27T17:53:38.834000,28,5,0.2,far_constant_referenced,120.0,8.072073651699736,4.209205727589669,10.789713075426121,64
27-08-26/0/map5-0.2-data-2026.08.27-17.53.38.834.jpk-force-map,2026-08-27T17:53:38.834000,28,5,0.2,far_constant_referenced,125.0,6.8947460425022795,4.657809331954088,10.893831775838173,64
27-08-26/0/map5-0.2-data-2026.08.27-17.53.38.834.jpk-force-map,2026-08-27T17:53:38.834000,28,5,0.2,far_constant_referenced,130.0,6.468080293449143,4.08175949722049,11.60995368836741,64
27-08-26/0/map5-0.2-data-2026.08.27-17.53.38.834.jpk-force-map,2026-08-27T17:53:38.834000,28,5,0.2,far_constant_referenced,135.0,5.5155117725359295,3.2082480228439554,9.6495681711844,64
27-08-26/0/map5-0.2-data-2026.08.27-17.53.38.834.jpk-force-map,2026-08-27T17:53:38.834000,28,5,0.2,far_constant_referenced,140.0,5.7310301183002235,2.9657201031866762,10.281317828593465,64
27-08-26/0/map5-0.2-data-2026.08.27-17.53.38.834.jpk-force-map,2026-08-27T17:53:38.834000,28,5,0.2,far_constant_referenced,145.0,5.720304680646429,2.1420587526558514,8.933951055000904,64
27-08-26/0/map5-0.2-data-2026.08.27-17.53.38.834.jpk-force-map,2026-08-27T17:53:38.834000,28,5,0.2,far_constant_referenced,150.0,5.654633645445769,3.0092751196607894,9.82790381199331,64
27-08-26/0/map5-0.2-data-2026.08.27-17.53.38.834.jpk-force-map,2026-08-27T17:53:38.834000,28,5,0.2,far_constant_referenced,155.0,4.44764776623585,0.8448093480314216,8.51725057969283,64
27-08-26/0/map5-0.2-data-2026.08.27-17.53.38.834.jpk-force-map,2026-08-27T17:53:38.834000,28,5,0.2,far_constant_referenced,160.0,4.735167887256969,0.9968599461748303,7.722558600631199,64
27-08-26/0/map5-0.2-data-2026.08.27-17.53.38.834.jpk-force-map,2026-08-27T17:53:38.834000,28,5,0.2,far_constant_referenced,165.0,4.39605164091175,1.1629795154147886,7.8059747120827145,64
27-08-26/0/map5-0.2-data-2026.08.27-17.53.38.834.jpk-force-map,2026-08-27T17:53:38.834000,28,5,0.2,far_constant_referenced,170.0,4.304107440605255,1.9443032994835137,7.665368144039032,64
27-08-26/0/map5-0.2-data-2026.08.27-17.53.38.834.jpk-force-map,2026-08-27T17:53:38.834000,28,5,0.2,far_constant_referenced,175.0,3.8949610941429995,0.4830901029549005,7.841482680926241,64
27-08-26/0/map5-0.2-data-2026.08.27-17.53.38.834.jpk-force-map,2026-08-27T17:53:38.834000,28,5,0.2,far_constant_referenced,180.0,3.2795371444347428,0.7385229927227411,5.593357307842265,64
27-08-26/0/map5-0.2-data-2026.08.27-17.53.38.834.jpk-force-map,2026-08-27T17:53:38.834000,28,5,0.2,far_constant_referenced,185.0,3.1063504263528934,-0.10145218795017405,6.118773099699837,64
27-08-26/0/map5-0.2-data-2026.08.27-17.53.38.834.jpk-force-map,2026-08-27T17:53:38.834000,28,5,0.2,far_constant_referenced,190.0,3.2873169469413677,-0.05084190019513947,5.898396831453554,64
27-08-26/0/map5-0.2-data-2026.08.27-17.53.38.834.jpk-force-map,2026-08-27T17:53:38.834000,28,5,0.2,far_constant_referenced,195.0,2.948224455718802,-0.20580250080257037,5.965012132761304,64
27-08-26/0/map5-0.2-data-2026.08.27-17.53.38.834.jpk-force-map,2026-08-27T17:53:38.834000,28,5,0.2,far_constant_referenced,200.0,2.69620636476013,-0.4040330564177473,5.337692805633727,64
27-08-26/0/map5-0.2-data-2026.08.27-17.53.38.834.jpk-force-map,2026-08-27T17:53:38.834000,28,5,0.2,far_constant_referenced,205.0,2.9024958455668664,0.25856856589231253,5.62543860031494,64
27-08-26/0/map5-0.2-data-2026.08.27-17.53.38.834.jpk-force-map,2026-08-27T17:53:38.834000,28,5,0.2,far_constant_referenced,210.0,1.8166254566723319,-0.8830135232399636,5.217034601420674,64
27-08-26/0/map5-0.2-data-2026.08.27-17.53.38.834.jpk-force-map,2026-08-27T17:53:38.834000,28,5,0.2,far_constant_referenced,215.0,1.636122160966675,-1.4288884140540343,4.935358240450133,64
27-08-26/0/map5-0.2-data-2026.08.27-17.53.38.834.jpk-force-map,2026-08-27T17:53:38.834000,28,5,0.2,far_constant_referenced,220.0,2.23843328324431,-0.9126539769101404,4.359575650841448,64
27-08-26/0/map5-0.2-data-2026.08.27-17.53.38.834.jpk-force-map,2026-08-27T17:53:38.834000,28,5,0.2,far_constant_referenced,225.0,1.2386395794838725,-1.5993789257706297,4.6534146343545615,64
27-08-26/0/map5-0.2-data-2026.08.27-17.53.38.834.jpk-force-map,2026-08-27T17:53:38.834000,28,5,0.2,far_constant_referenced,230.0,1.7767049738886556,-1.3631639298277047,3.9703717294288645,64
27-08-26/0/map5-0.2-data-2026.08.27-17.53.38.834.jpk-force-map,2026-08-27T17:53:38.834000,28,5,0.2,far_constant_referenced,235.0,1.0065757911363167,-1.394081221314154,3.468782325094622,64
27-08-26/0/map5-0.2-data-2026.08.27-17.53.38.834.jpk-force-map,2026-08-27T17:53:38.834000,28,5,0.2,far_constant_referenced,240.0,0.6251516722310697,-1.7341417337640912,3.328419247052132,64
27-08-26/0/map5-0.2-data-2026.08.27-17.53.38.834.jpk-force-map,2026-08-27T17:53:38.834000,28,5,0.2,far_constant_referenced,245.0,1.17248156427727,-1.4495494315492798,3.3870587660959446,64
27-08-26/0/map5-0.2-data-2026.08.27-17.53.38.834.jpk-force-map,2026-08-27T17:53:38.834000,28,5,0.2,far_constant_referenced,250.0,0.3526922986565238,-2.0209254459981802,3.2907376845323255,64
27-08-26/0/map5-0.2-data-2026.08.27-17.53.38.834.jpk-force-map,2026-08-27T17:53:38.834000,28,5,0.2,far_constant_referenced,255.0,1.220633196887996,-0.23934473328702982,2.839984241613212,64
27-08-26/0/map5-0.2-data-2026.08.27-17.53.38.834.jpk-force-map,2026-08-27T17:53:38.834000,28,5,0.2,far_constant_referenced,260.0,0.6733389375258918,-0.7219656725800501,2.8567791129772044,64
27-08-26/0/map5-0.2-data-2026.08.27-17.53.38.834.jpk-force-map,2026-08-27T17:53:38.834000,28,5,0.2,far_constant_referenced,265.0,-0.40235238152516806,-2.4308378951506016,1.6490093147361369,64
27-08-26/0/map5-0.2-data-2026.08.27-17.53.38.834.jpk-force-map,2026-08-27T17:53:38.834000,28,5,0.2,far_constant_referenced,270.0,0.038910890091723466,-1.5130231179520726,2.327663460844215,64
27-08-26/0/map5-0.2-data-2026.08.27-17.53.38.834.jpk-force-map,2026-08-27T17:53:38.834000,28,5,0.2,far_constant_referenced,275.0,-0.25882393345649163,-2.4417533737811055,1.2814641259504933,64
27-08-26/0/map5-0.2-data-2026.08.27-17.53.38.834.jpk-force-map,2026-08-27T17:53:38.834000,28,5,0.2,far_constant_referenced,280.0,0.2923780435022769,-1.5777261319258344,2.018027321095484,64
27-08-26/0/map5-0.2-data-2026.08.27-17.53.38.834.jpk-force-map,2026-08-27T17:53:38.834000,28,5,0.2,far_constant_referenced,285.0,0.5789598371982125,-1.7820498763739794,2.5731310768675866,64
27-08-26/0/map5-0.2-data-2026.08.27-17.53.38.834.jpk-force-map,2026-08-27T17:53:38.834000,28,5,0.2,far_constant_referenced,290.0,0.4013665439556299,-2.073222347426635,2.1153223626685005,64
27-08-26/0/map5-0.2-data-2026.08.27-17.53.38.834.jpk-force-map,2026-08-27T17:53:38.834000,28,5,0.2,far_constant_referenced,295.0,-0.12017716299020256,-1.0975341538737493,1.6990969898035027,64
27-08-26/0/map5-0.2-data-2026.08.27-17.53.38.834.jpk-force-map,2026-08-27T17:53:38.834000,28,5,0.2,far_constant_referenced,300.0,-0.26270789592860766,-1.444934999070501,2.0674142200590864,64
27-08-26/0/map5-0.2-data-2026.08.27-17.53.38.834.jpk-force-map,2026-08-27T17:53:38.834000,28,5,0.2,far_constant_referenced,305.0,0.4650896591405757,-1.2250100781458293,2.216287570613679,64
27-08-26/0/map5-0.2-data-2026.08.27-17.53.38.834.jpk-force-map,2026-08-27T17:53:38.834000,28,5,0.2,far_constant_referenced,310.0,-0.5658113770842053,-1.9851739871533434,0.7915147314732884,64
27-08-26/0/map5-0.2-data-2026.08.27-17.53.38.834.jpk-force-map,2026-08-27T17:53:38.834000,28,5,0.2,far_constant_referenced,315.0,-0.2364347308237188,-2.0671529137153706,1.3632055012918118,64
27-08-26/0/map5-0.2-data-2026.08.27-17.53.38.834.jpk-force-map,2026-08-27T17:53:38.834000,28,5,0.2,far_constant_referenced,320.0,0.4091463464617805,-1.4269108001344728,1.5967124133089863,64
27-08-26/0/map5-0.2-data-2026.08.27-17.53.38.834.jpk-force-map,2026-08-27T17:53:38.834000,28,5,0.2,far_constant_referenced,325.0,0.14979980031833134,-1.2586057596559588,1.789366453998142,63
27-08-26/0/map5-0.2-data-2026.08.27-17.53.38.834.jpk-force-map,2026-08-27T17:53:38.834000,28,5,0.2,far_constant_referenced,330.0,0.5254633021015704,-0.996372966170902,1.6132459783303297,63
27-08-26/0/map5-0.2-data-2026.08.27-17.53.38.834.jpk-force-map,2026-08-27T17:53:38.834000,28,5,0.2,far_constant_referenced,335.0,-0.9029321931674575,-2.2495981906575597,0.5103669219711384,63
27-08-26/0/map5-0.2-data-2026.08.27-17.53.38.834.jpk-force-map,2026-08-27T17:53:38.834000,28,5,0.2,far_constant_referenced,340.0,-0.16248503555023228,-1.6429280034640208,1.4848020328294553,63
27-08-26/0/map5-0.2-data-2026.08.27-17.53.38.834.jpk-force-map,2026-08-27T17:53:38.834000,28,5,0.2,far_constant_referenced,345.0,-0.002874369780874518,-1.3262128373127835,1.7047150761935121,63
27-08-26/0/map5-0.2-data-2026.08.27-17.53.38.834.jpk-force-map,2026-08-27T17:53:38.834000,28,5,0.2,far_constant_referenced,350.0,0.18391215573540737,-1.6171299408024458,1.9401758470077148,61
27-08-26/0/map5-0.2-data-2026.08.27-17.53.38.834.jpk-force-map,2026-08-27T17:53:38.834000,28,5,0.2,far_constant_referenced,355.0,0.45436422148701794,-1.585036770768801,1.2804723496005885,61
27-08-26/0/map5-0.2-data-2026.08.27-17.53.38.834.jpk-force-map,2026-08-27T17:53:38.834000,28,5,0.2,far_constant_referenced,360.0,-0.11042568534426436,-1.7146684723770114,1.164440455426692,60
27-08-26/0/map5-0.2-data-2026.08.27-17.53.38.834.jpk-force-map,2026-08-27T17:53:38.834000,28,5,0.2,far_constant_referenced,365.0,-0.6441082597116772,-2.1822108478804623,1.4892086079894773,58
27-08-26/0/map5-0.2-data-2026.08.27-17.53.38.834.jpk-force-map,2026-08-27T17:53:38.834000,28,5,0.2,far_constant_referenced,370.0,-0.7248875526053982,-3.234259881604891,2.6932844847353747,41
27-08-26/0/map5-0.05-data-2026.08.27-17.57.18.559.jpk-force-map,2026-08-27T17:57:18.559000,29,5,0.05,linear_drift_corrected,5.0,2930.686107130503,2129.985166773363,3542.665937851239,64
27-08-26/0/map5-0.05-data-2026.08.27-17.57.18.559.jpk-force-map,2026-08-27T17:57:18.559000,29,5,0.05,linear_drift_corrected,10.0,2027.1167470474784,1201.4975740218886,2407.437457697777,64
27-08-26/0/map5-0.05-data-2026.08.27-17.57.18.559.jpk-force-map,2026-08-27T17:57:18.559000,29,5,0.05,linear_drift_corrected,15.0,1035.084070811526,656.4676161375365,1215.1530722080463,64
27-08-26/0/map5-0.05-data-2026.08.27-17.57.18.559.jpk-force-map,2026-08-27T17:57:18.559000,29,5,0.05,linear_drift_corrected,20.0,495.91169471029434,412.03281563942346,626.0833140189545,64
27-08-26/0/map5-0.05-data-2026.08.27-17.57.18.559.jpk-force-map,2026-08-27T17:57:18.559000,29,5,0.05,linear_drift_corrected,25.0,242.638344472322,200.50570965757254,314.36333087526543,64
27-08-26/0/map5-0.05-data-2026.08.27-17.57.18.559.jpk-force-map,2026-08-27T17:57:18.559000,29,5,0.05,linear_drift_corrected,30.0,128.17616200387778,92.66266900635965,164.84085490118676,64
27-08-26/0/map5-0.05-data-2026.08.27-17.57.18.559.jpk-force-map,2026-08-27T17:57:18.559000,29,5,0.05,linear_drift_corrected,35.0,66.58969257242865,48.09705437911921,90.70225850821885,64
27-08-26/0/map5-0.05-data-2026.08.27-17.57.18.559.jpk-force-map,2026-08-27T17:57:18.559000,29,5,0.05,linear_drift_corrected,40.0,39.40531347764751,24.596259364011242,53.76189631749862,64
27-08-26/0/map5-0.05-data-2026.08.27-17.57.18.559.jpk-force-map,2026-08-27T17:57:18.559000,29,5,0.05,linear_drift_corrected,45.0,25.943086806556188,11.52961030951327,36.47901115981763,64
27-08-26/0/map5-0.05-data-2026.08.27-17.57.18.559.jpk-force-map,2026-08-27T17:57:18.559000,29,5,0.05,linear_drift_corrected,50.0,16.158005139104773,4.936795373049785,28.660707708682146,64
27-08-26/0/map5-0.05-data-2026.08.27-17.57.18.559.jpk-force-map,2026-08-27T17:57:18.559000,29,5,0.05,linear_drift_corrected,55.0,13.219259218817136,3.2542555388430525,22.038874713765498,64
27-08-26/0/map5-0.05-data-2026.08.27-17.57.18.559.jpk-force-map,2026-08-27T17:57:18.559000,29,5,0.05,linear_drift_corrected,60.0,10.91586040538909,2.020153211694568,20.80113563749827,64
27-08-26/0/map5-0.05-data-2026.08.27-17.57.18.559.jpk-force-map,2026-08-27T17:57:18.559000,29,5,0.05,linear_drift_corrected,65.0,9.908088926726474,1.270844967860062,19.029886946831304,64
27-08-26/0/map5-0.05-data-2026.08.27-17.57.18.559.jpk-force-map,2026-08-27T17:57:18.559000,29,5,0.05,linear_drift_corrected,70.0,9.241794641240709,-0.6860462254788531,18.469636327062343,64
27-08-26/0/map5-0.05-data-2026.08.27-17.57.18.559.jpk-force-map,2026-08-27T17:57:18.559000,29,5,0.05,linear_drift_corrected,75.0,7.490246935532392,-1.0190719343580756,16.861009175536793,64
27-08-26/0/map5-0.05-data-2026.08.27-17.57.18.559.jpk-force-map,2026-08-27T17:57:18.559000,29,5,0.05,linear_drift_corrected,80.0,8.851617913240233,-1.345591866840533,15.759672700996664,64
27-08-26/0/map5-0.05-data-2026.08.27-17.57.18.559.jpk-force-map,2026-08-27T17:57:18.559000,29,5,0.05,linear_drift_corrected,85.0,8.782048578215706,-0.5243293686828567,16.425139634397944,64
27-08-26/0/map5-0.05-data-2026.08.27-17.57.18.559.jpk-force-map,2026-08-27T17:57:18.559000,29,5,0.05,linear_drift_corrected,90.0,8.661239792476938,0.6390352638443326,17.17825496124459,64
27-08-26/0/map5-0.05-data-2026.08.27-17.57.18.559.jpk-force-map,2026-08-27T17:57:18.559000,29,5,0.05,linear_drift_corrected,95.0,8.105111788204653,-0.3143618207579071,16.28792680354771,64
27-08-26/0/map5-0.05-data-2026.08.27-17.57.18.559.jpk-force-map,2026-08-27T17:57:18.559000,29,5,0.05,linear_drift_corrected,100.0,8.248576504102452,-1.0572860018668537,15.889177946062329,64
27-08-26/0/map5-0.05-data-2026.08.27-17.57.18.559.jpk-force-map,2026-08-27T17:57:18.559000,29,5,0.05,linear_drift_corrected,105.0,6.9514985033975645,-0.8767438522748012,15.366819605304276,64
27-08-26/0/map5-0.05-data-2026.08.27-17.57.18.559.jpk-force-map,2026-08-27T17:57:18.559000,29,5,0.05,linear_drift_corrected,110.0,7.358990151185693,-0.7282723659261421,13.26493749061196,64
27-08-26/0/map5-0.05-data-2026.08.27-17.57.18.559.jpk-force-map,2026-08-27T17:57:18.559000,29,5,0.05,linear_drift_corrected,115.0,7.575171504555557,-1.0872624189815736,14.185743488214545,64
27-08-26/0/map5-0.05-data-2026.08.27-17.57.18.559.jpk-force-map,2026-08-27T17:57:18.559000,29,5,0.05,linear_drift_corrected,120.0,7.1398744922365145,0.19132885732814636,12.672851440359464,64
27-08-26/0/map5-0.05-data-2026.08.27-17.57.18.559.jpk-force-map,2026-08-27T17:57:18.559000,29,5,0.05,linear_drift_corrected,125.0,6.812683111157801,-1.535482269086736,10.832792307621144,64
27-08-26/0/map5-0.05-data-2026.08.27-17.57.18.559.jpk-force-map,2026-08-27T17:57:18.559000,29,5,0.05,linear_drift_corrected,130.0,5.9599162071346505,-2.9325048001321488,11.421496792234901,64
27-08-26/0/map5-0.05-data-2026.08.27-17.57.18.559.jpk-force-map,2026-08-27T17:57:18.559000,29,5,0.05,linear_drift_corrected,135.0,5.113814852239175,-2.0905389639457166,11.004360680241884,64
27-08-26/0/map5-0.05-data-2026.08.27-17.57.18.559.jpk-force-map,2026-08-27T17:57:18.559000,29,5,0.05,linear_drift_corrected,140.0,4.359052121491719,-2.298532310227872,11.725029098566791,64
27-08-26/0/map5-0.05-data-2026.08.27-17.57.18.559.jpk-force-map,2026-08-27T17:57:18.559000,29,5,0.05,linear_drift_corrected,145.0,5.596213430144097,-2.9021575562925075,10.22434351284295,64
27-08-26/0/map5-0.05-data-2026.08.27-17.57.18.559.jpk-force-map,2026-08-27T17:57:18.559000,29,5,0.05,linear_drift_corrected,150.0,4.762512663522836,-2.706818776473218,9.932990448772328,64
27-08-26/0/map5-0.05-data-2026.08.27-17.57.18.559.jpk-force-map,2026-08-27T17:57:18.559000,29,5,0.05,linear_drift_corrected,155.0,3.9201029587573615,-1.8646458797396213,9.013122030943556,64
27-08-26/0/map5-0.05-data-2026.08.27-17.57.18.559.jpk-force-map,2026-08-27T17:57:18.559000,29,5,0.05,linear_drift_corrected,160.0,4.2730012696979935,-1.1741575543868303,9.40620840717323,64
27-08-26/0/map5-0.05-data-2026.08.27-17.57.18.559.jpk-force-map,2026-08-27T17:57:18.559000,29,5,0.05,linear_drift_corrected,165.0,3.436391339289609,-1.4592507364933294,8.431251697307616,64
27-08-26/0/map5-0.05-data-2026.08.27-17.57.18.559.jpk-force-map,2026-08-27T17:57:18.559000,29,5,0.05,linear_drift_corrected,170.0,3.4362601034336664,-2.0530041091526527,9.06949074708976,64
27-08-26/0/map5-0.05-data-2026.08.27-17.57.18.559.jpk-force-map,2026-08-27T17:57:18.559000,29,5,0.05,linear_drift_corrected,175.0,3.426859062148254,-2.370795866450389,7.343675883413145,64
27-08-26/0/map5-0.05-data-2026.08.27-17.57.18.559.jpk-force-map,2026-08-27T17:57:18.559000,29,5,0.05,linear_drift_corrected,180.0,3.3074336160190785,-4.3172383947151864,7.797009293370316,64
27-08-26/0/map5-0.05-data-2026.08.27-17.57.18.559.jpk-force-map,2026-08-27T17:57:18.559000,29,5,0.05,linear_drift_corrected,185.0,2.8867991585583814,-4.55702356011043,6.393665366552626,64
27-08-26/0/map5-0.05-data-2026.08.27-17.57.18.559.jpk-force-map,2026-08-27T17:57:18.559000,29,5,0.05,linear_drift_corrected,190.0,2.2488768862769355,-2.981124312776944,6.943825799608417,64
27-08-26/0/map5-0.05-data-2026.08.27-17.57.18.559.jpk-force-map,2026-08-27T17:57:18.559000,29,5,0.05,linear_drift_corrected,195.0,1.7674889926397634,-2.891331178705303,6.494579251550355,64
27-08-26/0/map5-0.05-data-2026.08.27-17.57.18.559.jpk-force-map,2026-08-27T17:57:18.559000,29,5,0.05,linear_drift_corrected,200.0,0.9868215279369585,-3.191987412278619,6.432561134387711,64
27-08-26/0/map5-0.05-data-2026.08.27-17.57.18.559.jpk-force-map,2026-08-27T17:57:18.559000,29,5,0.05,linear_drift_corrected,205.0,1.2163692621954625,-2.676941688102084,6.2448092150389956,64
27-08-26/0/map5-0.05-data-2026.08.27-17.57.18.559.jpk-force-map,2026-08-27T17:57:18.559000,29,5,0.05,linear_drift_corrected,210.0,1.5097020817967444,-4.282611146998056,6.16060188346384,64
27-08-26/0/map5-0.05-data-2026.08.27-17.57.18.559.jpk-force-map,2026-08-27T17:57:18.559000,29,5,0.05,linear_drift_corrected,215.0,1.3490318114575208,-3.185073533879593,5.773464095316292,64
27-08-26/0/map5-0.05-data-2026.08.27-17.57.18.559.jpk-force-map,2026-08-27T17:57:18.559000,29,5,0.05,linear_drift_corrected,220.0,1.6387273921210337,-2.162836604209029,4.995014762595788,64
27-08-26/0/map5-0.05-data-2026.08.27-17.57.18.559.jpk-force-map,2026-08-27T17:57:18.559000,29,5,0.05,linear_drift_corrected,225.0,1.2603405032804877,-2.1193997794873347,4.752547417097285,64
27-08-26/0/map5-0.05-data-2026.08.27-17.57.18.559.jpk-force-map,2026-08-27T17:57:18.559000,29,5,0.05,linear_drift_corrected,230.0,1.7512354966390262,-1.4431120556612413,4.947609711574286,64
27-08-26/0/map5-0.05-data-2026.08.27-17.57.18.559.jpk-force-map,2026-08-27T17:57:18.559000,29,5,0.05,linear_drift_corrected,235.0,1.7569227940465175,-1.6918381435931524,5.616596881659256,64
27-08-26/0/map5-0.05-data-2026.08.27-17.57.18.559.jpk-force-map,2026-08-27T17:57:18.559000,29,5,0.05,linear_drift_corrected,240.0,1.2160996410389338,-0.7410504152624616,4.108433130249299,64
27-08-26/0/map5-0.05-data-2026.08.27-17.57.18.559.jpk-force-map,2026-08-27T17:57:18.559000,29,5,0.05,linear_drift_corrected,245.0,1.1340093582287034,-1.381083149751483,3.3823031227209164,64
27-08-26/0/map5-0.05-data-2026.08.27-17.57.18.559.jpk-force-map,2026-08-27T17:57:18.559000,29,5,0.05,linear_drift_corrected,250.0,1.1707466033133622,-1.95959977407286,3.1921751144032102,64
27-08-26/0/map5-0.05-data-2026.08.27-17.57.18.559.jpk-force-map,2026-08-27T17:57:18.559000,29,5,0.05,linear_drift_corrected,255.0,0.7602194169301721,-1.731481763830892,2.6158578134263593,64
27-08-26/0/map5-0.05-data-2026.08.27-17.57.18.559.jpk-force-map,2026-08-27T17:57:18.559000,29,5,0.05,linear_drift_corrected,260.0,0.9998157385205482,-1.4510640322282715,2.4236063089733353,64
27-08-26/0/map5-0.05-data-2026.08.27-17.57.18.559.jpk-force-map,2026-08-27T17:57:18.559000,29,5,0.05,linear_drift_corrected,265.0,0.6048967776704561,-1.3060408996784565,2.824894761178273,64
27-08-26/0/map5-0.05-data-2026.08.27-17.57.18.559.jpk-force-map,2026-08-27T17:57:18.559000,29,5,0.05,linear_drift_corrected,270.0,0.4669281026699789,-1.261358700408335,1.798365112704065,64
27-08-26/0/map5-0.05-data-2026.08.27-17.57.18.559.jpk-force-map,2026-08-27T17:57:18.559000,29,5,0.05,linear_drift_corrected,275.0,0.1476037813997039,-1.5046940711933945,1.4942256813837562,64
27-08-26/0/map5-0.05-data-2026.08.27-17.57.18.559.jpk-force-map,2026-08-27T17:57:18.559000,29,5,0.05,linear_drift_corrected,280.0,-0.03477638821677037,-1.2654470671211058,1.258984095384311,64
27-08-26/0/map5-0.05-data-2026.08.27-17.57.18.559.jpk-force-map,2026-08-27T17:57:18.559000,29,5,0.05,linear_drift_corrected,285.0,0.21005921540831107,-1.2815727030051263,1.0365307817817244,64
27-08-26/0/map5-0.05-data-2026.08.27-17.57.18.559.jpk-force-map,2026-08-27T17:57:18.559000,29,5,0.05,linear_drift_corrected,290.0,-0.11693387565088373,-1.17175623413966,1.3851761592334426,64
27-08-26/0/map5-0.05-data-2026.08.27-17.57.18.559.jpk-force-map,2026-08-27T17:57:18.559000,29,5,0.05,linear_drift_corrected,295.0,0.35990227460617324,-0.8405259824699146,1.8828019892147336,64
27-08-26/0/map5-0.05-data-2026.08.27-17.57.18.559.jpk-force-map,2026-08-27T17:57:18.559000,29,5,0.05,linear_drift_corrected,300.0,-0.0342356180338027,-0.7930824985781153,1.431340848564771,64
27-08-26/0/map5-0.05-data-2026.08.27-17.57.18.559.jpk-force-map,2026-08-27T17:57:18.559000,29,5,0.05,linear_drift_corrected,305.0,-0.16293168685115397,-1.2975747736203982,1.4790993947715267,64
27-08-26/0/map5-0.05-data-2026.08.27-17.57.18.559.jpk-force-map,2026-08-27T17:57:18.559000,29,5,0.05,linear_drift_corrected,310.0,-0.5076505330402875,-1.6216755083670216,1.1784825896053777,64
27-08-26/0/map5-0.05-data-2026.08.27-17.57.18.559.jpk-force-map,2026-08-27T17:57:18.559000,29,5,0.05,linear_drift_corrected,315.0,0.034837786804905554,-1.3544003485094815,1.0586922068620463,64
27-08-26/0/map5-0.05-data-2026.08.27-17.57.18.559.jpk-force-map,2026-08-27T17:57:18.559000,29,5,0.05,linear_drift_corrected,320.0,-0.2475388294963397,-1.3650064996791476,1.749729448815321,64
27-08-26/0/map5-0.05-data-2026.08.27-17.57.18.559.jpk-force-map,2026-08-27T17:57:18.559000,29,5,0.05,linear_drift_corrected,325.0,0.02225815261540841,-1.640536653436813,1.6204264918869464,63
27-08-26/0/map5-0.05-data-2026.08.27-17.57.18.559.jpk-force-map,2026-08-27T17:57:18.559000,29,5,0.05,linear_drift_corrected,330.0,0.5287739335128744,-1.4374622370932386,1.262474794466744,63
27-08-26/0/map5-0.05-data-2026.08.27-17.57.18.559.jpk-force-map,2026-08-27T17:57:18.559000,29,5,0.05,linear_drift_corrected,335.0,-0.11861093804324872,-1.2793096837339362,1.2036909876677468,63
27-08-26/0/map5-0.05-data-2026.08.27-17.57.18.559.jpk-force-map,2026-08-27T17:57:18.559000,29,5,0.05,linear_drift_corrected,340.0,0.548834373007651,-1.0200254516456717,1.6712268665748327,63
27-08-26/0/map5-0.05-data-2026.08.27-17.57.18.559.jpk-force-map,2026-08-27T17:57:18.559000,29,5,0.05,linear_drift_corrected,345.0,0.12296000813983614,-1.598864413877434,1.5629504441608786,63
27-08-26/0/map5-0.05-data-2026.08.27-17.57.18.559.jpk-force-map,2026-08-27T17:57:18.559000,29,5,0.05,linear_drift_corrected,350.0,0.11897909622967018,-1.3204534590428738,1.5940987049526267,62
27-08-26/0/map5-0.05-data-2026.08.27-17.57.18.559.jpk-force-map,2026-08-27T17:57:18.559000,29,5,0.05,linear_drift_corrected,355.0,-0.03286205788768983,-1.3195115555232109,1.7943400723150296,61
27-08-26/0/map5-0.05-data-2026.08.27-17.57.18.559.jpk-force-map,2026-08-27T17:57:18.559000,29,5,0.05,linear_drift_corrected,360.0,-0.15889998385988413,-1.5262400196718429,1.4354927077650428,60
27-08-26/0/map5-0.05-data-2026.08.27-17.57.18.559.jpk-force-map,2026-08-27T17:57:18.559000,29,5,0.05,linear_drift_corrected,365.0,-0.49268255195783284,-1.7645682335237312,1.4801250913095925,57
27-08-26/0/map5-0.05-data-2026.08.27-17.57.18.559.jpk-force-map,2026-08-27T17:57:18.559000,29,5,0.05,linear_drift_corrected,370.0,0.5413877844052223,-1.7111710376858977,3.4081207353206224,39
27-08-26/0/map5-0.05-data-2026.08.27-17.57.18.559.jpk-force-map,2026-08-27T17:57:18.559000,29,5,0.05,far_constant_referenced,5.0,2918.550139121294,2134.950073921403,3529.041527754427,64
27-08-26/0/map5-0.05-data-2026.08.27-17.57.18.559.jpk-force-map,2026-08-27T17:57:18.559000,29,5,0.05,far_constant_referenced,10.0,2001.7730212909014,1180.8702224421029,2371.3379477664034,64
27-08-26/0/map5-0.05-data-2026.08.27-17.57.18.559.jpk-force-map,2026-08-27T17:57:18.559000,29,5,0.05,far_constant_referenced,15.0,1030.7438010712442,647.5905349463785,1212.9318575508457,64
27-08-26/0/map5-0.05-data-2026.08.27-17.57.18.559.jpk-force-map,2026-08-27T17:57:18.559000,29,5,0.05,far_constant_referenced,20.0,483.9196080653152,404.3500447680208,624.1507739140866,64
27-08-26/0/map5-0.05-data-2026.08.27-17.57.18.559.jpk-force-map,2026-08-27T17:57:18.559000,29,5,0.05,far_constant_referenced,25.0,240.44140037953787,194.1149688241216,306.0697119939307,64
27-08-26/0/map5-0.05-data-2026.08.27-17.57.18.559.jpk-force-map,2026-08-27T17:57:18.559000,29,5,0.05,far_constant_referenced,30.0,120.49024362209781,91.60060621978761,160.3352148115095,64
27-08-26/0/map5-0.05-data-2026.08.27-17.57.18.559.jpk-force-map,2026-08-27T17:57:18.559000,29,5,0.05,far_constant_referenced,35.0,60.31881613875903,41.71341844506772,85.41856729100479,64
27-08-26/0/map5-0.05-data-2026.08.27-17.57.18.559.jpk-force-map,2026-08-27T17:57:18.559000,29,5,0.05,far_constant_referenced,40.0,35.57175134638919,22.307971992269188,50.739295884033965,64
27-08-26/0/map5-0.05-data-2026.08.27-17.57.18.559.jpk-force-map,2026-08-27T17:57:18.559000,29,5,0.05,far_constant_referenced,45.0,22.03867204994212,11.598272107046679,31.42626873398423,64
27-08-26/0/map5-0.05-data-2026.08.27-17.57.18.559.jpk-force-map,2026-08-27T17:57:18.559000,29,5,0.05,far_constant_referenced,50.0,14.738164765884445,7.797701990792744,20.956186765954445,64
27-08-26/0/map5-0.05-data-2026.08.27-17.57.18.559.jpk-force-map,2026-08-27T17:57:18.559000,29,5,0.05,far_constant_referenced,55.0,10.612125720964379,3.1754184440237556,18.261197851204315,64
27-08-26/0/map5-0.05-data-2026.08.27-17.57.18.559.jpk-force-map,2026-08-27T17:57:18.559000,29,5,0.05,far_constant_referenced,60.0,8.544966868468876,2.860669014230398,16.246341838915978,64
27-08-26/0/map5-0.05-data-2026.08.27-17.57.18.559.jpk-force-map,2026-08-27T17:57:18.559000,29,5,0.05,far_constant_referenced,65.0,6.4807298959978965,1.7008132973795853,15.052926073238954,64
27-08-26/0/map5-0.05-data-2026.08.27-17.57.18.559.jpk-force-map,2026-08-27T17:57:18.559000,29,5,0.05,far_constant_referenced,70.0,6.688456561695543,1.658980527261921,13.098657500010436,64
27-08-26/0/map5-0.05-data-2026.08.27-17.57.18.559.jpk-force-map,2026-08-27T17:57:18.559000,29,5,0.05,far_constant_referenced,75.0,5.657068545466242,0.7093101312508117,12.039268133539547,64
27-08-26/0/map5-0.05-data-2026.08.27-17.57.18.559.jpk-force-map,2026-08-27T17:57:18.559000,29,5,0.05,far_constant_referenced,80.0,5.401665349601181,0.4225204802354076,13.358675128355223,64
27-08-26/0/map5-0.05-data-2026.08.27-17.57.18.559.jpk-force-map,2026-08-27T17:57:18.559000,29,5,0.05,far_constant_referenced,85.0,5.815194516101281,0.06834348644426931,11.604121805877327,64
27-08-26/0/map5-0.05-data-2026.08.27-17.57.18.559.jpk-force-map,2026-08-27T17:57:18.559000,29,5,0.05,far_constant_referenced,90.0,6.678728839172257,0.25248725462126337,10.739328461331535,64
27-08-26/0/map5-0.05-data-2026.08.27-17.57.18.559.jpk-force-map,2026-08-27T17:57:18.559000,29,5,0.05,far_constant_referenced,95.0,4.958964893092667,0.3977379490468631,11.910343146816297,64
27-08-26/0/map5-0.05-data-2026.08.27-17.57.18.559.jpk-force-map,2026-08-27T17:57:18.559000,29,5,0.05,far_constant_referenced,100.0,4.164949935012267,0.21454438575637802,10.82373634913497,64
27-08-26/0/map5-0.05-data-2026.08.27-17.57.18.559.jpk-force-map,2026-08-27T17:57:18.559000,29,5,0.05,far_constant_referenced,105.0,3.8672269890254967,-1.0379563075052278,9.798667195399561,64
27-08-26/0/map5-0.05-data-2026.08.27-17.57.18.559.jpk-force-map,2026-08-27T17:57:18.559000,29,5,0.05,far_constant_referenced,110.0,4.576067956613835,-1.2865774159949415,9.590215998476031,64
27-08-26/0/map5-0.05-data-2026.08.27-17.57.18.559.jpk-force-map,2026-08-27T17:57:18.559000,29,5,0.05,far_constant_referenced,115.0,3.6405199807253013,-0.33180560750070986,9.74689884544009,64
27-08-26/0/map5-0.05-data-2026.08.27-17.57.18.559.jpk-force-map,2026-08-27T17:57:18.559000,29,5,0.05,far_constant_referenced,120.0,3.7611484910359283,0.39966211394182144,9.502892169428502,64
27-08-26/0/map5-0.05-data-2026.08.27-17.57.18.559.jpk-force-map,2026-08-27T17:57:18.559000,29,5,0.05,far_constant_referenced,125.0,2.58721786430654,-1.8029781389939001,8.05384159544424,64
27-08-26/0/map5-0.05-data-2026.08.27-17.57.18.559.jpk-force-map,2026-08-27T17:57:18.559000,29,5,0.05,far_constant_referenced,130.0,3.257159819363414,-1.9873713359527505,7.221664033619879,64
27-08-26/0/map5-0.05-data-2026.08.27-17.57.18.559.jpk-force-map,2026-08-27T17:57:18.559000,29,5,0.05,far_constant_referenced,135.0,2.3546789735166187,-1.8739881378999905,6.959454995256644,64
27-08-26/0/map5-0.05-data-2026.08.27-17.57.18.559.jpk-force-map,2026-08-27T17:57:18.559000,29,5,0.05,far_constant_referenced,140.0,2.024340244808772,-2.4050457712690374,7.493131630843691,64
27-08-26/0/map5-0.05-data-2026.08.27-17.57.18.559.jpk-force-map,2026-08-27T17:57:18.559000,29,5,0.05,far_constant_referenced,145.0,1.7095611211134631,-2.125305452754188,6.696978711768852,64
27-08-26/0/map5-0.05-data-2026.08.27-17.57.18.559.jpk-force-map,2026-08-27T17:57:18.559000,29,5,0.05,far_constant_referenced,150.0,2.1537462727560586,-1.924384629554716,7.031724015637433,64
27-08-26/0/map5-0.05-data-2026.08.27-17.57.18.559.jpk-force-map,2026-08-27T17:57:18.559000,29,5,0.05,far_constant_referenced,155.0,1.8453097666767,-1.6037795621500477,5.113177207352276,64
27-08-26/0/map5-0.05-data-2026.08.27-17.57.18.559.jpk-force-map,2026-08-27T17:57:18.559000,29,5,0.05,far_constant_referenced,160.0,2.409161346182681,-1.366851912542034,6.4571469984773024,64
27-08-26/0/map5-0.05-data-2026.08.27-17.57.18.559.jpk-force-map,2026-08-27T17:57:18.559000,29,5,0.05,far_constant_referenced,165.0,2.3391193685047917,-1.4361812365553672,5.4476374497536,64
27-08-26/0/map5-0.05-data-2026.08.27-17.57.18.559.jpk-force-map,2026-08-27T17:57:18.559000,29,5,0.05,far_constant_referenced,170.0,1.2478803220019268,-1.7903404140061172,6.488990739727964,64
27-08-26/0/map5-0.05-data-2026.08.27-17.57.18.559.jpk-force-map,2026-08-27T17:57:18.559000,29,5,0.05,far_constant_referenced,175.0,1.628330480898843,-3.245234748041195,5.021215190704384,64
27-08-26/0/map5-0.05-data-2026.08.27-17.57.18.559.jpk-force-map,2026-08-27T17:57:18.559000,29,5,0.05,far_constant_referenced,180.0,0.9594218736558621,-1.9241411395528702,4.373656499499501,64
27-08-26/0/map5-0.05-data-2026.08.27-17.57.18.559.jpk-force-map,2026-08-27T17:57:18.559000,29,5,0.05,far_constant_referenced,185.0,0.896625208235129,-3.2605627406120874,3.923900771710481,64
27-08-26/0/map5-0.05-data-2026.08.27-17.57.18.559.jpk-force-map,2026-08-27T17:57:18.559000,29,5,0.05,far_constant_referenced,190.0,1.1126305340042997,-4.326478826895743,4.9625756716600975,64
27-08-26/0/map5-0.05-data-2026.08.27-17.57.18.559.jpk-force-map,2026-08-27T17:57:18.559000,29,5,0.05,far_constant_referenced,195.0,0.20285686565528177,-2.9226698830586577,4.440087698609426,64
27-08-26/0/map5-0.05-data-2026.08.27-17.57.18.559.jpk-force-map,2026-08-27T17:57:18.559000,29,5,0.05,far_constant_referenced,200.0,0.20969834083672356,-3.1107154300492823,3.8110401863446777,64
27-08-26/0/map5-0.05-data-2026.08.27-17.57.18.559.jpk-force-map,2026-08-27T17:57:18.559000,29,5,0.05,far_constant_referenced,205.0,0.30746254607126444,-3.202416140353933,3.447871878816216,64
27-08-26/0/map5-0.05-data-2026.08.27-17.57.18.559.jpk-force-map,2026-08-27T17:57:18.559000,29,5,0.05,far_constant_referenced,210.0,-0.10946360289642959,-3.314320582052801,3.990801134482523,64
27-08-26/0/map5-0.05-data-2026.08.27-17.57.18.559.jpk-force-map,2026-08-27T17:57:18.559000,29,5,0.05,far_constant_referenced,215.0,0.11432152537782479,-2.486531779046058,3.2870734569396998,64
27-08-26/0/map5-0.05-data-2026.08.27-17.57.18.559.jpk-force-map,2026-08-27T17:57:18.559000,29,5,0.05,far_constant_referenced,220.0,0.5940205846450226,-3.1635111890420426,3.2471529741550755,64
27-08-26/0/map5-0.05-data-2026.08.27-17.57.18.559.jpk-force-map,2026-08-27T17:57:18.559000,29,5,0.05,far_constant_referenced,225.0,0.9136457532595709,-2.45610740634426,3.320651322107426,64
27-08-26/0/map5-0.05-data-2026.08.27-17.57.18.559.jpk-force-map,2026-08-27T17:57:18.559000,29,5,0.05,far_constant_referenced,230.0,1.2152882944037393,-2.0615704600085087,2.974729233264981,64
27-08-26/0/map5-0.05-data-2026.08.27-17.57.18.559.jpk-force-map,2026-08-27T17:57:18.559000,29,5,0.05,far_constant_referenced,235.0,0.6538359822347266,-2.5456582780932067,3.286580538154575,64
27-08-26/0/map5-0.05-data-2026.08.27-17.57.18.559.jpk-force-map,2026-08-27T17:57:18.559000,29,5,0.05,far_constant_referenced,240.0,1.0761426663712474,-2.0812337623737203,2.9715935571401535,64
27-08-26/0/map5-0.05-data-2026.08.27-17.57.18.559.jpk-force-map,2026-08-27T17:57:18.559000,29,5,0.05,far_constant_referenced,245.0,1.1471942367419192,-2.8891276505740797,2.8394794452672945,64
27-08-26/0/map5-0.05-data-2026.08.27-17.57.18.559.jpk-force-map,2026-08-27T17:57:18.559000,29,5,0.05,far_constant_referenced,250.0,0.2957987810926421,-2.4512554226439427,2.687215051024822,64
27-08-26/0/map5-0.05-data-2026.08.27-17.57.18.559.jpk-force-map,2026-08-27T17:57:18.559000,29,5,0.05,far_constant_referenced,255.0,-0.12502320790944213,-2.7908467714318808,2.4531914651001077,64
27-08-26/0/map5-0.05-data-2026.08.27-17.57.18.559.jpk-force-map,2026-08-27T17:57:18.559000,29,5,0.05,far_constant_referenced,260.0,-0.2753456209156794,-2.746068366167165,2.6346627820332547,64
27-08-26/0/map5-0.05-data-2026.08.27-17.57.18.559.jpk-force-map,2026-08-27T17:57:18.559000,29,5,0.05,far_constant_referenced,265.0,0.07054083524361734,-2.061570460008568,1.6935442299995405,64
27-08-26/0/map5-0.05-data-2026.08.27-17.57.18.559.jpk-force-map,2026-08-27T17:57:18.559000,29,5,0.05,far_constant_referenced,270.0,-0.07153855037400719,-1.617385308365795,1.4852949516141059,64
27-08-26/0/map5-0.05-data-2026.08.27-17.57.18.559.jpk-force-map,2026-08-27T17:57:18.559000,29,5,0.05,far_constant_referenced,275.0,-0.6801329024622672,-2.0550021687318716,1.6942747000053737,64
27-08-26/0/map5-0.05-data-2026.08.27-17.57.18.559.jpk-force-map,2026-08-27T17:57:18.559000,29,5,0.05,far_constant_referenced,280.0,-0.37023545636970145,-1.9744901209638925,1.5125420767282738,64
27-08-26/0/map5-0.05-data-2026.08.27-17.57.18.559.jpk-force-map,2026-08-27T17:57:18.559000,29,5,0.05,far_constant_referenced,285.0,-0.4938214793885878,-2.09074175001645,1.3072562498322946,64
27-08-26/0/map5-0.05-data-2026.08.27-17.57.18.559.jpk-force-map,2026-08-27T17:57:18.559000,29,5,0.05,far_constant_referenced,290.0,-0.10411870041146165,-2.0068208422185423,1.486007605279195,64
27-08-26/0/map5-0.05-data-2026.08.27-17.57.18.559.jpk-force-map,2026-08-27T17:57:18.559000,29,5,0.05,far_constant_referenced,295.0,0.11139964535295083,-1.0321303637964612,1.4741003502983123,64
27-08-26/0/map5-0.05-data-2026.08.27-17.57.18.559.jpk-force-map,2026-08-27T17:57:18.559000,29,5,0.05,far_constant_referenced,300.0,-2.37551220590021e-05,-1.398464041352117,0.7197861401220981,64
27-08-26/0/map5-0.05-data-2026.08.27-17.57.18.559.jpk-force-map,2026-08-27T17:57:18.559000,29,5,0.05,far_constant_referenced,305.0,-0.4144912489474597,-1.5753090482463443,1.2814463096089197,64
27-08-26/0/map5-0.05-data-2026.08.27-17.57.18.559.jpk-force-map,2026-08-27T17:57:18.559000,29,5,0.05,far_constant_referenced,310.0,-0.5648374170756374,-1.79595256161659,0.9868887336499945,64
27-08-26/0/map5-0.05-data-2026.08.27-17.57.18.559.jpk-force-map,2026-08-27T17:57:18.559000,29,5,0.05,far_constant_referenced,315.0,0.16589389557927167,-1.521545268025264,1.1291640990251688,64
27-08-26/0/map5-0.05-data-2026.08.27-17.57.18.559.jpk-force-map,2026-08-27T17:57:18.559000,29,5,0.05,far_constant_referenced,320.0,-0.24664943335081507,-1.3026240010117045,1.5619111593499468,64
27-08-26/0/map5-0.05-data-2026.08.27-17.57.18.559.jpk-force-map,2026-08-27T17:57:18.559000,29,5,0.05,far_constant_referenced,325.0,-0.09150473054727874,-1.6769928486367416,1.6122720183217618,63
27-08-26/0/map5-0.05-data-2026.08.27-17.57.18.559.jpk-force-map,2026-08-27T17:57:18.559000,29,5,0.05,far_constant_referenced,330.0,0.41934917142861783,-1.4940546529096652,1.559737565671769,63
27-08-26/0/map5-0.05-data-2026.08.27-17.57.18.559.jpk-force-map,2026-08-27T17:57:18.559000,29,5,0.05,far_constant_referenced,335.0,0.06907989523088401,-1.341784319886648,1.618092023249332,63
27-08-26/0/map5-0.05-data-2026.08.27-17.57.18.559.jpk-force-map,2026-08-27T17:57:18.559000,29,5,0.05,far_constant_referenced,340.0,0.522517666953452,-1.0766415239376872,1.4711665927121125,63
27-08-26/0/map5-0.05-data-2026.08.27-17.57.18.559.jpk-force-map,2026-08-27T17:57:18.559000,29,5,0.05,far_constant_referenced,345.0,0.5118041068613386,-1.586984690785937,1.8331590216934384,63
27-08-26/0/map5-0.05-data-2026.08.27-17.57.18.559.jpk-force-map,2026-08-27T17:57:18.559000,29,5,0.05,far_constant_referenced,350.0,0.4884528217812052,-1.6239535996420764,2.6604667834756706,62
27-08-26/0/map5-0.05-data-2026.08.27-17.57.18.559.jpk-force-map,2026-08-27T17:57:18.559000,29,5,0.05,far_constant_referenced,355.0,0.6985906323773834,-1.1111933491127954,2.6212589543570837,61
27-08-26/0/map5-0.05-data-2026.08.27-17.57.18.559.jpk-force-map,2026-08-27T17:57:18.559000,29,5,0.05,far_constant_referenced,360.0,0.599864344695719,-2.6052242469009945,2.6743100809123637,60
27-08-26/0/map5-0.05-data-2026.08.27-17.57.18.559.jpk-force-map,2026-08-27T17:57:18.559000,29,5,0.05,far_constant_referenced,365.0,0.3269179911176004,-1.98493049715132,2.116272567554535,57
27-08-26/0/map5-0.05-data-2026.08.27-17.57.18.559.jpk-force-map,2026-08-27T17:57:18.559000,29,5,0.05,far_constant_referenced,370.0,0.6791589424541734,-2.0778724125883246,5.280514226603122,39
