map_count,parameter_count,design_rank,residual_df,unit_scaled_design_condition_number,speed_slope_pN_per_um_s,speed_slope_classical_SE_pN_per_um_s,speed_slope_HC3_SE_pN_per_um_s,speed_slope_HC3_95CI_low_pN_per_um_s,speed_slope_HC3_95CI_high_pN_per_um_s,residual_RMSE_pN,LOOCV_RMSE_pN,R_squared,AICc,fit_status,test,baseline_method,distance_nm,time_model,theory_no_slip_hyd_slope_pN_per_um_s,observed_to_theory_slope_ratio,time_coordinate,claim_status
17,3,3,14,1.072912957239902,-89.80447313928607,542.5950768701617,672.1740466076828,-1531.4744202666964,1351.8654739881242,140.26792856679577,167.83310787549686,0.9646681065435061,172.6263501517985,full_rank,map3_5_no_refresh,linear_drift_corrected,20.0,global_time_poly1,17.159049353985456,-5.23365084432417,protocol_midpoint_estimate elapsed minutes,map_level_time_adjusted_sensitivity; sequential_not_randomized
17,4,4,13,1.1210159228713044,-103.7845689512038,166.92826860745578,185.0917109329147,-503.6508998214149,296.08176191900725,43.15202045924443,54.58716542838154,0.9968949561925622,134.77363973882504,full_rank,map3_5_no_refresh,linear_drift_corrected,20.0,global_time_poly2,17.159049353985456,-6.04838687797691,protocol_midpoint_estimate elapsed minutes,map_level_time_adjusted_sensitivity; sequential_not_randomized
17,5,5,12,1.3889260164496977,-130.11437117621827,168.4541963515745,262.1063981019259,-701.1951540975616,440.96641174512513,43.04421454236113,75.6939843384556,0.9971481089504046,137.44907795980066,full_rank,map3_5_no_refresh,linear_drift_corrected,20.0,global_time_poly3,17.159049353985456,-7.582842644251571,protocol_midpoint_estimate elapsed minutes,map_level_time_adjusted_sensitivity; sequential_not_randomized
17,6,6,11,2.1027706913146416,-298.26374097374037,138.31368149396081,166.39854656460196,-664.5044726218009,67.97699067432012,32.602804238354025,39.40484183547979,0.9985002298443927,131.46913513327308,full_rank,map3_5_no_refresh,linear_drift_corrected,20.0,global_time_poly4,17.159049353985456,-17.382299847774725,protocol_midpoint_estimate elapsed minutes,map_level_time_adjusted_sensitivity; sequential_not_randomized
17,7,7,10,3.0168438884889035,-288.4480705814991,145.64244714919946,224.97193928081003,-789.716789094969,212.82064793197083,33.89204971400432,53.69116004805135,0.99852660979287,137.211899992205,full_rank,map3_5_no_refresh,linear_drift_corrected,20.0,global_time_poly5,17.159049353985456,-16.810259393216477,protocol_midpoint_estimate elapsed minutes,map_level_time_adjusted_sensitivity; sequential_not_randomized
17,5,5,12,1.0908503246792092,-89.00874627498615,470.35916379316694,568.1288117720273,-1326.8550902653124,1148.83759771534,121.43583520018174,157.2333377558169,0.977301503901534,172.71245626179487,full_rank,map3_5_no_refresh,linear_drift_corrected,20.0,block_fixed_linear_within,17.159049353985456,-5.187277245887313,protocol_midpoint_estimate elapsed minutes,map_level_time_adjusted_sensitivity; sequential_not_randomized
17,6,6,11,1.276624646775796,-134.04030284385635,412.58926082592046,551.2759861620586,-1347.3905674966404,1079.3099618089277,106.38403848231223,160.26858146346632,0.9840313669923888,171.6794815358867,full_rank,map3_5_no_refresh,linear_drift_corrected,20.0,block_fixed_quadratic_within,17.159049353985456,-7.811639216057352,protocol_midpoint_estimate elapsed minutes,map_level_time_adjusted_sensitivity; sequential_not_randomized
17,3,3,14,1.072912957239902,6.744788670149546,361.13562351865545,435.40246584748684,-927.1006239657448,940.5902013060439,93.35828503059106,111.81371884730444,0.9785819816370926,158.78461862577302,full_rank,map3_5_no_refresh,linear_drift_corrected,25.0,global_time_poly1,13.727239483188363,0.49134341091738315,protocol_midpoint_estimate elapsed minutes,map_level_time_adjusted_sensitivity; sequential_not_randomized
17,4,4,13,1.1210159228713044,-2.1167985597589336,155.74570504113245,201.29368141465497,-436.98535863162823,432.75176151211036,40.26125656511014,57.24525615413641,0.9963011772240187,132.416093014516,full_rank,map3_5_no_refresh,linear_drift_corrected,25.0,global_time_poly2,13.727239483188363,-0.15420424203652594,protocol_midpoint_estimate elapsed minutes,map_level_time_adjusted_sensitivity; sequential_not_randomized
17,5,5,12,1.3889260164496977,-58.8482454647096,123.29185024102175,166.78017554730323,-422.2310316806909,304.5345407512717,31.504117843542193,52.62788442168161,0.9979094458890424,126.83735257629252,full_rank,map3_5_no_refresh,linear_drift_corrected,25.0,global_time_poly3,13.727239483188363,-4.286968660871733,protocol_midpoint_estimate elapsed minutes,map_level_time_adjusted_sensitivity; sequential_not_randomized
17,6,6,11,2.1027706913146416,-150.8652983670212,119.67444755312653,145.11729540617569,-470.26631202738736,168.53571529334496,28.20923095795198,47.70810481000379,0.9984635419800024,126.54766774132102,full_rank,map3_5_no_refresh,linear_drift_corrected,25.0,global_time_poly4,13.727239483188363,-10.990213913859716,protocol_midpoint_estimate elapsed minutes,map_level_time_adjusted_sensitivity; sequential_not_randomized
17,7,7,10,3.0168438884889035,-128.49263412200028,119.12700571734324,182.39220253738915,-534.8877868910151,277.9025186470145,27.72171491952898,51.50239978670355,0.9986510815134219,130.37910947491446,full_rank,map3_5_no_refresh,linear_drift_corrected,25.0,global_time_poly5,13.727239483188363,-9.360413233801607,protocol_midpoint_estimate elapsed minutes,map_level_time_adjusted_sensitivity; sequential_not_randomized
17,5,5,12,1.0908503246792092,4.596311574564197,325.7065913403901,388.2225718070829,-841.2680086436354,850.4606317927638,84.08989341391279,110.06300429606269,0.9851058963956367,160.21746878686832,full_rank,map3_5_no_refresh,linear_drift_corrected,25.0,block_fixed_linear_within,13.727239483188363,0.3348314553842571,protocol_midpoint_estimate elapsed minutes,map_level_time_adjusted_sensitivity; sequential_not_randomized
17,6,6,11,1.276624646775796,-30.275100109640334,270.19641208258207,380.02740224486166,-866.7097728754544,806.1595726561737,69.6687680218221,111.02869361706162,0.9906283843868343,157.2871650669886,full_rank,map3_5_no_refresh,linear_drift_corrected,25.0,block_fixed_quadratic_within,13.727239483188363,-2.205476210036111,protocol_midpoint_estimate elapsed minutes,map_level_time_adjusted_sensitivity; sequential_not_randomized
17,3,3,14,1.072912957239902,52.051445216458546,230.03571516064255,261.01585984844047,-507.771896321667,611.8747867545841,59.46724295415219,71.36206788677099,0.9876162178797335,143.44997276102998,full_rank,map3_5_no_refresh,linear_drift_corrected,30.0,global_time_poly1,11.439366235990303,4.550203581444516,protocol_midpoint_estimate elapsed minutes,map_level_time_adjusted_sensitivity; sequential_not_randomized
17,4,4,13,1.1210159228713044,47.58680338613824,165.81286440768088,230.4315053461849,-450.23019822488794,545.4038049971645,42.86368137054162,64.33339087549902,0.9940256323193176,134.54569145662893,full_rank,map3_5_no_refresh,linear_drift_corrected,30.0,global_time_poly2,11.439366235990303,4.159916065666436,protocol_midpoint_estimate elapsed minutes,map_level_time_adjusted_sensitivity; sequential_not_randomized
17,5,5,12,1.3889260164496977,-28.50999416518026,97.18009009600574,129.38079141440932,-310.40652241090186,253.3865340805413,24.831917149800095,41.54031525393027,0.9981491492215467,118.74574510924491,full_rank,map3_5_no_refresh,linear_drift_corrected,30.0,global_time_poly3,11.439366235990303,-2.4922704262656348,protocol_midpoint_estimate elapsed minutes,map_level_time_adjusted_sensitivity; sequential_not_randomized
17,6,6,11,2.1027706913146416,-96.46416811067122,96.38442399041344,117.97436140061866,-356.12398682369553,163.1956506023531,22.719390251521634,42.63528208464994,0.9985797797951284,119.18903049165658,full_rank,map3_5_no_refresh,linear_drift_corrected,30.0,global_time_poly4,11.439366235990303,-8.432649687110953,protocol_midpoint_estimate elapsed minutes,map_level_time_adjusted_sensitivity; sequential_not_randomized
17,7,7,10,3.0168438884889035,-74.72396928555587,92.8543005699845,142.96937785296208,-393.27959472099633,243.83165614988457,21.607866612218704,41.70095640394421,0.9988321328593524,121.90771725189708,full_rank,map3_5_no_refresh,linear_drift_corrected,30.0,global_time_poly5,11.439366235990303,-6.532177372769204,protocol_midpoint_estimate elapsed minutes,map_level_time_adjusted_sensitivity; sequential_not_randomized
17,5,5,12,1.0908503246792092,45.78649752452566,228.78874277285212,266.955431259418,-535.8594210518248,627.4324161008761,59.06795105035531,77.12057682704813,0.9895273951438477,148.20874044497003,full_rank,map3_5_no_refresh,linear_drift_corrected,30.0,block_fixed_linear_within,11.439366235990303,4.002537953586371,protocol_midpoint_estimate elapsed minutes,map_level_time_adjusted_sensitivity; sequential_not_randomized
17,6,6,11,1.276624646775796,19.045018841333672,178.74705820372785,268.0466151606926,-570.921603337816,609.0116410204834,46.08901812053863,74.8455988379973,0.9941553668643052,143.23913268995776,full_rank,map3_5_no_refresh,linear_drift_corrected,30.0,block_fixed_quadratic_within,11.439366235990303,1.66486660610748,protocol_midpoint_estimate elapsed minutes,map_level_time_adjusted_sensitivity; sequential_not_randomized
17,3,3,14,1.072912957239902,77.34128709518484,167.76240848543213,182.8203294603446,-314.7693218119491,469.4518960023188,43.36877817868432,51.50502063284678,0.9905564504272129,132.7166543046587,full_rank,map3_5_no_refresh,linear_drift_corrected,35.0,global_time_poly1,9.80517105942026,7.887805998129901,protocol_midpoint_estimate elapsed minutes,map_level_time_adjusted_sensitivity; sequential_not_randomized
17,4,4,13,1.1210159228713044,75.85159441484232,164.3985838629158,237.79624151953283,-437.87595238818926,589.5791412178739,42.49808084336951,65.20047736870444,0.9915795588740327,134.25444878288593,full_rank,map3_5_no_refresh,linear_drift_corrected,35.0,global_time_poly2,9.80517105942026,7.735876707828401,protocol_midpoint_estimate elapsed minutes,map_level_time_adjusted_sensitivity; sequential_not_randomized
17,5,5,12,1.3889260164496977,-5.382414892636206,77.3916382676071,105.55652691061259,-235.37032998019072,224.6055001949183,19.775478162759043,34.48228223316566,0.9983169846093303,111.00438323187619,full_rank,map3_5_no_refresh,linear_drift_corrected,35.0,global_time_poly3,9.80517105942026,-0.5489363581745045,protocol_midpoint_estimate elapsed minutes,map_level_time_adjusted_sensitivity; sequential_not_randomized
17,6,6,11,2.1027706913146416,-58.751989958995644,77.07651184686854,91.23362988984937,-259.5558554470543,142.05187552906298,18.16819854678187,39.55741217897994,0.99869782523596,111.58846571476849,full_rank,map3_5_no_refresh,linear_drift_corrected,35.0,global_time_poly4,9.80517105942026,-5.9919393147710585,protocol_midpoint_estimate elapsed minutes,map_level_time_adjusted_sensitivity; sequential_not_randomized
17,7,7,10,3.0168438884889035,-39.36120560905801,72.26928225747874,111.66078756450943,-288.1569446225449,209.43453340442892,16.817584124748365,43.657307829959194,0.9989856681272076,113.38621462246653,full_rank,map3_5_no_refresh,linear_drift_corrected,35.0,global_time_poly5,9.80517105942026,-4.014331353377253,protocol_midpoint_estimate elapsed minutes,map_level_time_adjusted_sensitivity; sequential_not_randomized
17,5,5,12,1.0908503246792092,69.72758970251937,176.17505235817248,210.964115009903,-389.9237306796461,529.3789100846848,45.48431554308589,59.01685439476534,0.9910965683659758,139.32382846047412,full_rank,map3_5_no_refresh,linear_drift_corrected,35.0,block_fixed_linear_within,9.80517105942026,7.111307827264166,protocol_midpoint_estimate elapsed minutes,map_level_time_adjusted_sensitivity; sequential_not_randomized
17,6,6,11,1.276624646775796,49.43469820524615,139.20320358723794,220.22755315766497,-435.2828781361532,534.1522745466455,35.892836710391435,56.19643214585003,0.9949176905317421,134.73787598448948,full_rank,map3_5_no_refresh,linear_drift_corrected,35.0,block_fixed_quadratic_within,9.80517105942026,5.041696662471998,protocol_midpoint_estimate elapsed minutes,map_level_time_adjusted_sensitivity; sequential_not_randomized
17,3,3,14,1.072912957239902,77.39479781358546,144.32973206712828,162.29925767823192,-270.70248951348555,425.49208514065646,37.31112465014336,43.3967438888388,0.9897463687096929,127.6014136266347,full_rank,map3_5_no_refresh,linear_drift_corrected,40.0,global_time_poly1,8.579524676992728,9.020872452425147,protocol_midpoint_estimate elapsed minutes,map_level_time_adjusted_sensitivity; sequential_not_randomized
17,4,4,13,1.1210159228713044,78.05028424253278,147.6442787695715,219.90339985371205,-397.02212825064,553.1226967357055,38.1669862828157,59.449865664467524,0.99003695547995,130.59985645067826,full_rank,map3_5_no_refresh,linear_drift_corrected,40.0,global_time_poly2,8.579524676992728,9.097273704665275,protocol_midpoint_estimate elapsed minutes,map_level_time_adjusted_sensitivity; sequential_not_randomized
17,5,5,12,1.3889260164496977,2.7882236718735243,59.90451424256503,87.78155007324958,-188.47134383546438,194.0477911792114,15.30708536183519,29.25573067521117,0.9985207579793319,102.29606942140163,full_rank,map3_5_no_refresh,linear_drift_corrected,40.0,global_time_poly3,8.579524676992728,0.3249857977972324,protocol_midpoint_estimate elapsed minutes,map_level_time_adjusted_sensitivity; sequential_not_randomized
17,6,6,11,2.1027706913146416,-46.15207101393294,56.02978543856969,64.89659927448602,-188.98852295692654,96.68438092906065,13.207139788629128,32.70493757358276,0.9989905537120355,100.74535038758874,full_rank,map3_5_no_refresh,linear_drift_corrected,40.0,global_time_poly4,8.579524676992728,-5.379327264795518,protocol_midpoint_estimate elapsed minutes,map_level_time_adjusted_sensitivity; sequential_not_randomized
17,7,7,10,3.0168438884889035,-31.081323996046336,51.45747740824809,81.93197431622123,-213.63713918821233,151.47449119611966,11.974526771656103,41.46932903496321,0.9992456208100308,101.83833940910122,full_rank,map3_5_no_refresh,linear_drift_corrected,40.0,global_time_poly5,8.579524676992728,-3.6227326298618303,protocol_midpoint_estimate elapsed minutes,map_level_time_adjusted_sensitivity; sequential_not_randomized
17,5,5,12,1.0908503246792092,69.37921333308981,138.14048364135468,169.57540865740148,-300.09386264507356,438.8522893112532,35.664671377215015,45.59522218276823,0.9919697201496199,131.05479210414313,full_rank,map3_5_no_refresh,linear_drift_corrected,40.0,block_fixed_linear_within,8.579524676992728,8.086603389479198,protocol_midpoint_estimate elapsed minutes,map_level_time_adjusted_sensitivity; sequential_not_randomized
17,6,6,11,1.276624646775796,55.30349403323322,117.73619319649374,179.66468234478342,-340.13580559865204,450.7427936651185,30.35767747009147,43.45717014121787,0.9946666172573876,129.04327408635814,full_rank,map3_5_no_refresh,linear_drift_corrected,40.0,block_fixed_quadratic_within,8.579524676992728,6.445985776057941,protocol_midpoint_estimate elapsed minutes,map_level_time_adjusted_sensitivity; sequential_not_randomized
17,3,3,14,1.072912957239902,83.55540800571913,146.90152570387818,166.05134547089082,-272.58930727094224,439.7001232823805,37.975966963510864,43.27985412661561,0.9840851780859762,128.2019209854667,full_rank,map3_5_no_refresh,linear_drift_corrected,45.0,global_time_poly1,7.626244157326869,10.956298576599304,protocol_midpoint_estimate elapsed minutes,map_level_time_adjusted_sensitivity; sequential_not_randomized
17,4,4,13,1.1210159228713044,85.50524258592435,132.72324542796068,194.0888303367304,-333.7981830427274,504.8086682145761,34.3098041446341,53.09994777665923,0.9879375397302383,126.97750460850155,full_rank,map3_5_no_refresh,linear_drift_corrected,45.0,global_time_poly2,7.626244157326869,11.211972869210554,protocol_midpoint_estimate elapsed minutes,map_level_time_adjusted_sensitivity; sequential_not_randomized
17,5,5,12,1.3889260164496977,17.693917685853634,53.13603217592602,76.6999504157093,-149.4209183144418,184.80875368614903,13.577570748886753,25.779009262906204,0.9982562610812912,98.21958518835883,full_rank,map3_5_no_refresh,linear_drift_corrected,45.0,global_time_poly3,7.626244157326869,2.3201352226383034,protocol_midpoint_estimate elapsed minutes,map_level_time_adjusted_sensitivity; sequential_not_randomized
17,6,6,11,2.1027706913146416,-31.53894052187463,46.27063334108436,54.2665458532628,-150.97880263386693,87.90092159011766,10.906747506897196,23.033875319453287,0.9989685711628434,94.23856837999514,full_rank,map3_5_no_refresh,linear_drift_corrected,45.0,global_time_poly4,7.626244157326869,-4.135579699683989,protocol_midpoint_estimate elapsed minutes,map_level_time_adjusted_sensitivity; sequential_not_randomized
17,7,7,10,3.0168438884889035,-21.1618109152109,44.63071290593882,70.04309003411765,-177.22754113190663,134.90391930148482,10.385889348796532,27.8793620157284,0.9991497562496041,96.99899928687132,full_rank,map3_5_no_refresh,linear_drift_corrected,45.0,global_time_poly5,7.626244157326869,-2.774866694358299,protocol_midpoint_estimate elapsed minutes,map_level_time_adjusted_sensitivity; sequential_not_randomized
17,5,5,12,1.0908503246792092,75.64473309513107,120.99237246031589,146.86428884744393,-244.34506366507378,395.6345298553359,31.237426489326065,38.983715122967716,0.990770295303357,126.54830770975015,full_rank,map3_5_no_refresh,linear_drift_corrected,45.0,block_fixed_linear_within,7.626244157326869,9.919002268299508,protocol_midpoint_estimate elapsed minutes,map_level_time_adjusted_sensitivity; sequential_not_randomized
17,6,6,11,1.276624646775796,65.68655789543658,111.81593254020322,158.94293929371455,-284.14449278999416,415.5176085808673,28.831168427603654,37.938698470191945,0.9927926894185456,127.28913211513039,full_rank,map3_5_no_refresh,linear_drift_corrected,45.0,block_fixed_quadratic_within,7.626244157326869,8.613225139445426,protocol_midpoint_estimate elapsed minutes,map_level_time_adjusted_sensitivity; sequential_not_randomized
17,3,3,14,1.072912957239902,95.80428465400854,145.3010077770169,170.29603757261958,-269.4443897367468,461.0529590447639,37.56221213268962,42.64857904449588,0.976512712127267,127.82945225228455,full_rank,map3_5_no_refresh,linear_drift_corrected,50.0,global_time_poly1,6.8636197415941815,13.958273951778763,protocol_midpoint_estimate elapsed minutes,map_level_time_adjusted_sensitivity; sequential_not_randomized
17,4,4,13,1.1210159228713044,98.44340146572742,111.49528326286178,164.94949746021967,-257.9083227463266,454.79512567778147,28.822240742113426,44.938128667373434,0.9871589260195884,121.05185502268826,full_rank,map3_5_no_refresh,linear_drift_corrected,50.0,global_time_poly2,6.8636197415941815,14.342781968113872,protocol_midpoint_estimate elapsed minutes,map_level_time_adjusted_sensitivity; sequential_not_randomized
17,5,5,12,1.3889260164496977,41.65530030972688,45.45115128001781,71.32477341514769,-113.74803108003316,197.0586316994869,11.613893564344632,23.710009360115023,0.9980754046050959,92.90820313633462,full_rank,map3_5_no_refresh,linear_drift_corrected,50.0,global_time_poly3,6.8636197415941815,6.0689988487112485,protocol_midpoint_estimate elapsed minutes,map_level_time_adjusted_sensitivity; sequential_not_randomized
17,6,6,11,2.1027706913146416,-6.31302139064719,35.280253814905485,42.31417859231784,-99.44590053343836,86.81985775214397,8.316134717714306,19.404448142983274,0.9990954382270986,85.01831015793708,full_rank,map3_5_no_refresh,linear_drift_corrected,50.0,global_time_poly4,6.8636197415941815,-0.9197801784369968,protocol_midpoint_estimate elapsed minutes,map_level_time_adjusted_sensitivity; sequential_not_randomized
17,7,7,10,3.0168438884889035,1.4364017171391765,34.17728782199558,57.890551397151896,-127.55178501252811,130.42458844680647,7.953301806074984,29.060492343943903,0.9992478621590148,87.92572775112944,full_rank,map3_5_no_refresh,linear_drift_corrected,50.0,global_time_poly5,6.8636197415941815,0.20927757819018541,protocol_midpoint_estimate elapsed minutes,map_level_time_adjusted_sensitivity; sequential_not_randomized
17,5,5,12,1.0908503246792092,88.7374153923644,104.99286937913347,127.74396900360252,-189.5927831848107,367.0676139695395,27.106725593051756,33.490628094629216,0.9895157377008761,121.72591536663427,full_rank,map3_5_no_refresh,linear_drift_corrected,50.0,block_fixed_linear_within,6.8636197415941815,12.928661367209392,protocol_midpoint_estimate elapsed minutes,map_level_time_adjusted_sensitivity; sequential_not_randomized
17,6,6,11,1.276624646775796,81.93076327688254,102.06621479289288,136.96533627492147,-219.52790930999043,383.3894358637555,26.31725338787322,33.459131044248196,0.9909410821335995,124.18723416783887,full_rank,map3_5_no_refresh,linear_drift_corrected,50.0,block_fixed_quadratic_within,6.8636197415941815,11.936961306346038,protocol_midpoint_estimate elapsed minutes,map_level_time_adjusted_sensitivity; sequential_not_randomized
17,3,3,14,1.072912957239902,87.5056742284583,140.78478680095117,166.11178266254282,-268.76866593231335,443.78001438922996,36.39470990447785,41.293663279616005,0.9665769744228672,126.75589828139412,full_rank,map3_5_no_refresh,linear_drift_corrected,55.0,global_time_poly1,6.239654310540166,14.024122150588012,protocol_midpoint_estimate elapsed minutes,map_level_time_adjusted_sensitivity; sequential_not_randomized
17,4,4,13,1.1210159228713044,90.44518598049866,92.52001108412007,136.36934153399358,-204.16286517176803,385.05323713276533,23.91701204653333,37.42029695234999,0.9865971116940732,114.7089057936949,full_rank,map3_5_no_refresh,linear_drift_corrected,55.0,global_time_poly2,6.239654310540166,14.495223850416938,protocol_midpoint_estimate elapsed minutes,map_level_time_adjusted_sensitivity; sequential_not_randomized
17,5,5,12,1.3889260164496977,43.879151945879315,40.15244599140631,61.83929755421424,-90.8571029426163,178.61540683437494,10.25994327886927,21.2954321583121,0.9977232656119884,88.69374023795471,full_rank,map3_5_no_refresh,linear_drift_corrected,55.0,global_time_poly3,6.239654310540166,7.032304958266303,protocol_midpoint_estimate elapsed minutes,map_level_time_adjusted_sensitivity; sequential_not_randomized
17,6,6,11,2.1027706913146416,0.2648204254611599,30.10733747692669,36.81134097296835,-80.7563947787956,81.28603562971793,7.096793457422064,17.452656037666014,0.9990014766654074,79.62745670344421,full_rank,map3_5_no_refresh,linear_drift_corrected,55.0,global_time_poly4,6.239654310540166,0.04244152196281439,protocol_midpoint_estimate elapsed minutes,map_level_time_adjusted_sensitivity; sequential_not_randomized
17,7,7,10,3.0168438884889035,7.823670145221403,28.245933179971168,47.14834517823443,-97.2293895522565,112.8767298426993,6.573032727013533,23.785573281131462,0.9992212953092856,81.44492533777574,full_rank,map3_5_no_refresh,linear_drift_corrected,55.0,global_time_poly5,6.239654310540166,1.2538627551858892,protocol_midpoint_estimate elapsed minutes,map_level_time_adjusted_sensitivity; sequential_not_randomized
17,5,5,12,1.0908503246792092,81.23662780738684,95.12655683729605,116.74292712125069,-173.1243595768555,335.5976151916292,24.559472353204363,30.137052233480123,0.9869545065357825,118.37065069996143,full_rank,map3_5_no_refresh,linear_drift_corrected,55.0,block_fixed_linear_within,6.239654310540166,13.0194116155057,protocol_midpoint_estimate elapsed minutes,map_level_time_adjusted_sensitivity; sequential_not_randomized
17,6,6,11,1.276624646775796,76.94665932434367,96.15630079698828,125.19630969286504,-198.60856040680136,352.5018790554887,24.793412179042676,31.294032972045155,0.9878127284626733,122.15924410661408,full_rank,map3_5_no_refresh,linear_drift_corrected,55.0,block_fixed_quadratic_within,6.239654310540166,12.331878577690373,protocol_midpoint_estimate elapsed minutes,map_level_time_adjusted_sensitivity; sequential_not_randomized
17,3,3,14,1.072912957239902,77.58110470383235,132.18641471767276,158.47648391526673,-262.31714834551275,417.47935775317745,34.17191819002846,38.823095485932235,0.9552948216992606,124.61324444220632,full_rank,map3_5_no_refresh,linear_drift_corrected,60.0,global_time_poly1,5.719683117995151,13.563881617802961,protocol_midpoint_estimate elapsed minutes,map_level_time_adjusted_sensitivity; sequential_not_randomized
17,4,4,13,1.1210159228713044,80.58111845579974,74.16476205629797,109.71422227381844,-156.44204851255432,317.6042854241538,19.172063283866247,30.174323089693544,0.986933112869122,107.19028775399651,full_rank,map3_5_no_refresh,linear_drift_corrected,60.0,global_time_poly2,5.719683117995151,14.088388603605864,protocol_midpoint_estimate elapsed minutes,map_level_time_adjusted_sensitivity; sequential_not_randomized
17,5,5,12,1.3889260164496977,43.733100609150064,34.135775779101714,56.70712743855544,-79.82111618733296,167.28731740563308,8.72253519371502,19.13472506334944,0.9975033492939418,83.17426923425849,full_rank,map3_5_no_refresh,linear_drift_corrected,60.0,global_time_poly3,5.719683117995151,7.646070543935881,protocol_midpoint_estimate elapsed minutes,map_level_time_adjusted_sensitivity; sequential_not_randomized
17,6,6,11,2.1027706913146416,2.780316519532237,21.696894062582622,25.391860510540397,-53.106791651063425,58.667424690127895,5.114313942497245,14.114308095138938,0.9992132105419416,68.48906375845618,full_rank,map3_5_no_refresh,linear_drift_corrected,60.0,global_time_poly4,5.719683117995151,0.48609625081936114,protocol_midpoint_estimate elapsed minutes,map_level_time_adjusted_sensitivity; sequential_not_randomized
17,7,7,10,3.0168438884889035,9.055534932441564,19.393011326132207,33.80903556086275,-66.27569074818096,84.38676061306408,4.512893849525889,19.63960870094154,0.999443069097356,68.65967656019258,full_rank,map3_5_no_refresh,linear_drift_corrected,60.0,global_time_poly5,5.719683117995151,1.5832231866047304,protocol_midpoint_estimate elapsed minutes,map_level_time_adjusted_sensitivity; sequential_not_randomized
17,5,5,12,1.0908503246792092,71.96282562794066,83.9079145339406,102.76081676878758,-151.93376033458537,295.8594115904667,21.66307891008835,26.569300988903777,0.9846002847991876,114.10405052952117,full_rank,map3_5_no_refresh,linear_drift_corrected,60.0,block_fixed_linear_within,5.719683117995151,12.581610579357566,protocol_midpoint_estimate elapsed minutes,map_level_time_adjusted_sensitivity; sequential_not_randomized
17,6,6,11,1.276624646775796,69.31838227152306,86.33057809636198,109.5898023744348,-171.88714645103104,310.52391099407714,22.25989964939642,28.429476230914076,0.9850950621593719,118.49434527122816,full_rank,map3_5_no_refresh,linear_drift_corrected,60.0,block_fixed_quadratic_within,5.719683117995151,12.119269694056122,protocol_midpoint_estimate elapsed minutes,map_level_time_adjusted_sensitivity; sequential_not_randomized
17,3,3,14,1.072912957239902,73.65318664836562,121.60737064588568,146.77591796341184,-241.14984830634708,388.45622160307835,31.437096844567744,35.74137235681712,0.9418073372810001,121.77711480809212,full_rank,map3_5_no_refresh,linear_drift_corrected,65.0,global_time_poly1,5.279707493533986,13.9502399969256,protocol_midpoint_estimate elapsed minutes,map_level_time_adjusted_sensitivity; sequential_not_randomized
17,4,4,13,1.1210159228713044,76.5244658774294,61.051537262901064,90.55550837542737,-119.1088160867366,272.15774784159544,15.782211167793555,24.94198481530078,0.9863813399118511,100.57488219152324,full_rank,map3_5_no_refresh,linear_drift_corrected,65.0,global_time_poly2,5.279707493533986,14.494073008996859,protocol_midpoint_estimate elapsed minutes,map_level_time_adjusted_sensitivity; sequential_not_randomized
17,5,5,12,1.3889260164496977,47.30047142925298,32.08691009452309,53.91514879947585,-70.17054648825722,164.7714893467632,8.198999324585218,18.259334597769985,0.9966071998756857,81.06974350202117,full_rank,map3_5_no_refresh,linear_drift_corrected,65.0,global_time_poly3,5.279707493533986,8.958918933895765,protocol_midpoint_estimate elapsed minutes,map_level_time_adjusted_sensitivity; sequential_not_randomized
17,6,6,11,2.1027706913146416,7.872697001610909,19.276710708074887,22.125649850728156,-40.82552997703328,56.570923980255095,4.5438370144329445,13.337636522919484,0.9990448017827394,64.46783441269721,full_rank,map3_5_no_refresh,linear_drift_corrected,65.0,global_time_poly4,5.279707493533986,1.4911237054803765,protocol_midpoint_estimate elapsed minutes,map_level_time_adjusted_sensitivity; sequential_not_randomized
17,7,7,10,3.0168438884889035,13.999864687276427,16.47444691421896,29.25469859035788,-51.183665844423885,79.18339521897674,3.8337228243318697,17.8552186700039,0.9993818459073047,63.11420000454431,full_rank,map3_5_no_refresh,linear_drift_corrected,65.0,global_time_poly5,5.279707493533986,2.6516364219839725,protocol_midpoint_estimate elapsed minutes,map_level_time_adjusted_sensitivity; sequential_not_randomized
17,5,5,12,1.0908503246792092,68.85337704084203,75.16596126996016,91.9239661386384,-131.4317397355689,269.138493817253,19.406109177998182,23.81954546813616,0.9809930026203847,110.36332101967686,full_rank,map3_5_no_refresh,linear_drift_corrected,65.0,block_fixed_linear_within,5.279707493533986,13.041134783539844,protocol_midpoint_estimate elapsed minutes,map_level_time_adjusted_sensitivity; sequential_not_randomized
17,6,6,11,1.276624646775796,66.98336029828978,77.81845616456799,98.33301180257412,-149.4461394254373,283.4128600220169,20.065092384308205,26.096819314110498,0.9813735392955244,114.96496745925232,full_rank,map3_5_no_refresh,linear_drift_corrected,65.0,block_fixed_quadratic_within,5.279707493533986,12.68694532421043,protocol_midpoint_estimate elapsed minutes,map_level_time_adjusted_sensitivity; sequential_not_randomized
17,3,3,14,1.072912957239902,57.842874040787564,108.83157802203387,130.69787215133252,-222.47618228845894,338.16193037003404,28.134387248521293,31.975469766058612,0.9285659377474471,118.00324910552155,full_rank,map3_5_no_refresh,linear_drift_corrected,70.0,global_time_poly1,4.90258552971013,11.798442615688048,protocol_midpoint_estimate elapsed minutes,map_level_time_adjusted_sensitivity; sequential_not_randomized
17,4,4,13,1.1210159228713044,60.49821315668912,48.19322345757126,69.70991118622821,-90.10089401471926,211.0973203280975,12.458255165447563,19.56731340530253,0.9869935077609537,92.53388349626594,full_rank,map3_5_no_refresh,linear_drift_corrected,70.0,global_time_poly2,4.90258552971013,12.340062766893968,protocol_midpoint_estimate elapsed minutes,map_level_time_adjusted_sensitivity; sequential_not_randomized
17,5,5,12,1.3889260164496977,38.746545415644306,29.259006093915627,47.82566662999486,-65.45663062499409,142.9497214562827,7.4763998931451034,16.443138901125465,0.995676169290651,77.93287851818394,full_rank,map3_5_no_refresh,linear_drift_corrected,70.0,global_time_poly3,4.90258552971013,7.903288006060596,protocol_midpoint_estimate elapsed minutes,map_level_time_adjusted_sensitivity; sequential_not_randomized
17,6,6,11,2.1027706913146416,2.7812067695824894,17.56227535169829,21.22927580712602,-43.944114241209846,49.506527780374824,4.1397164697441,11.610013999542184,0.9987848321521471,61.30092098599595,full_rank,map3_5_no_refresh,linear_drift_corrected,70.0,global_time_poly4,4.90258552971013,0.567293880489818,protocol_midpoint_estimate elapsed minutes,map_level_time_adjusted_sensitivity; sequential_not_randomized
17,7,7,10,3.0168438884889035,8.364297131696379,15.00797626898982,25.57039103545984,-48.61008459434767,65.33867885774042,3.492464509979884,13.998011770555948,0.9992137396170424,59.944424287143654,full_rank,map3_5_no_refresh,linear_drift_corrected,70.0,global_time_poly5,4.90258552971013,1.7060991758344553,protocol_midpoint_estimate elapsed minutes,map_level_time_adjusted_sensitivity; sequential_not_randomized
17,5,5,12,1.0908503246792092,54.026034032899496,67.06267989389957,82.11386043000948,-124.8846985651964,232.9367666309954,17.314029725716676,21.30228195287185,0.9768111103381433,106.48491440016264,full_rank,map3_5_no_refresh,linear_drift_corrected,70.0,block_fixed_linear_within,4.90258552971013,11.019906477000072,protocol_midpoint_estimate elapsed minutes,map_level_time_adjusted_sensitivity; sequential_not_randomized
17,6,6,11,1.276624646775796,53.00041920187827,69.86904370822316,88.68893828735614,-142.20261783210503,248.2034562358616,18.015376890078766,23.947787048874346,0.9769865473318923,111.3012653947012,full_rank,map3_5_no_refresh,linear_drift_corrected,70.0,block_fixed_quadratic_within,4.90258552971013,10.810707713448494,protocol_midpoint_estimate elapsed minutes,map_level_time_adjusted_sensitivity; sequential_not_randomized
17,3,3,14,1.072912957239902,54.814414866753424,95.63930074753834,115.48775295270879,-192.8821802836552,302.51101001716205,24.72401091955379,28.094712534417834,0.9155395304693977,113.60984729812708,full_rank,map3_5_no_refresh,linear_drift_corrected,75.0,global_time_poly1,4.575746494396121,11.979338220306607,protocol_midpoint_estimate elapsed minutes,map_level_time_adjusted_sensitivity; sequential_not_randomized
17,4,4,13,1.1210159228713044,57.16605384263315,40.83684602186603,59.04644614302065,-70.39603768016192,184.72814536542822,10.556584751804406,16.54038323357325,0.985701916400547,86.90233917989144,full_rank,map3_5_no_refresh,linear_drift_corrected,75.0,global_time_poly2,4.575746494396121,12.49327381065449,protocol_midpoint_estimate elapsed minutes,map_level_time_adjusted_sensitivity; sequential_not_randomized
17,5,5,12,1.3889260164496977,40.30032570913766,28.556673714681136,47.25264279990734,-62.65433865880318,143.2549900770785,7.2969365953076215,16.24193320152562,0.9936940576867839,77.10678858240455,full_rank,map3_5_no_refresh,linear_drift_corrected,75.0,global_time_poly3,4.575746494396121,8.807377278984562,protocol_midpoint_estimate elapsed minutes,map_level_time_adjusted_sensitivity; sequential_not_randomized
17,6,6,11,2.1027706913146416,5.3816419969022355,17.36764488965853,21.00054918341063,-40.840255109376656,51.60353910318112,4.093838876261203,12.222003574721835,0.9981805430712488,60.922019222131816,full_rank,map3_5_no_refresh,linear_drift_corrected,75.0,global_time_poly4,4.575746494396121,1.1761232846909435,protocol_midpoint_estimate elapsed minutes,map_level_time_adjusted_sensitivity; sequential_not_randomized
17,7,7,10,3.0168438884889035,11.391375652634697,14.073748235895412,25.23670695072937,-44.83951159993903,67.62226290520842,3.275062896908827,14.40762166951322,0.9989414121813928,57.75922469462471,full_rank,map3_5_no_refresh,linear_drift_corrected,75.0,global_time_poly5,4.575746494396121,2.489511966317544,protocol_midpoint_estimate elapsed minutes,map_level_time_adjusted_sensitivity; sequential_not_randomized
17,5,5,12,1.0908503246792092,51.558429193652884,59.039285600773425,73.08872420231452,-107.68822080208115,210.8050791893869,15.242575266811754,18.74425749894894,0.9724839845419011,102.1524772213085,full_rank,map3_5_no_refresh,linear_drift_corrected,75.0,block_fixed_linear_within,4.575746494396121,11.267763469151113,protocol_midpoint_estimate elapsed minutes,map_level_time_adjusted_sensitivity; sequential_not_randomized
17,6,6,11,1.276624646775796,50.67186306513132,61.51830582831668,79.11377205927256,-123.45637519551262,224.80010132577524,15.86218168040873,21.25724010559912,0.972684690411592,106.97347681256447,full_rank,map3_5_no_refresh,linear_drift_corrected,75.0,block_fixed_quadratic_within,4.575746494396121,11.074010137403532,protocol_midpoint_estimate elapsed minutes,map_level_time_adjusted_sensitivity; sequential_not_randomized
17,3,3,14,1.072912957239902,44.9449216714585,81.05431575114491,98.75179530536698,-166.85661430738992,256.7464576503069,20.953601417457545,23.882850728624344,0.9040025811443219,107.98405985736605,full_rank,map3_5_no_refresh,linear_drift_corrected,80.0,global_time_poly1,4.289762338496364,10.477252147076399,protocol_midpoint_estimate elapsed minutes,map_level_time_adjusted_sensitivity; sequential_not_randomized
17,4,4,13,1.1210159228713044,46.978677752210764,30.903612237857207,45.873895074410385,-52.12584731632666,146.0832028207482,7.988780562317583,12.640296636374515,0.9870425810836861,77.42614190113957,full_rank,map3_5_no_refresh,linear_drift_corrected,80.0,global_time_poly2,4.289762338496364,10.951347427950427,protocol_midpoint_estimate elapsed minutes,map_level_time_adjusted_sensitivity; sequential_not_randomized
17,5,5,12,1.3889260164496977,34.558448365911545,22.3249433809772,36.49737770358532,-44.962506423731725,114.07940315555481,5.704575328781151,12.894601794801446,0.9939012329080925,68.73646208398492,full_rank,map3_5_no_refresh,linear_drift_corrected,80.0,global_time_poly3,4.289762338496364,8.056028665220852,protocol_midpoint_estimate elapsed minutes,map_level_time_adjusted_sensitivity; sequential_not_randomized
17,6,6,11,2.1027706913146416,6.373755123449161,12.424273519676715,15.374720479829868,-27.465776493079776,40.2132867399781,2.928605131398169,9.876878613136222,0.9985265734656111,49.53348512899108,full_rank,map3_5_no_refresh,linear_drift_corrected,80.0,global_time_poly4,4.289762338496364,1.4858061171014134,protocol_midpoint_estimate elapsed minutes,map_level_time_adjusted_sensitivity; sequential_not_randomized
17,7,7,10,3.0168438884889035,11.878090064414923,7.402148790842425,14.549716744973937,-20.540699100146345,44.296879228976195,1.7225335039357539,8.01266171249509,0.9995366069465086,35.91283410862163,full_rank,map3_5_no_refresh,linear_drift_corrected,80.0,global_time_poly5,4.289762338496364,2.768938959116882,protocol_midpoint_estimate elapsed minutes,map_level_time_adjusted_sensitivity; sequential_not_randomized
17,5,5,12,1.0908503246792092,42.092448712700865,49.55109407354799,62.76242854539036,-94.65513582282915,178.8400332482309,12.79294410972735,15.905622377823905,0.9693284012132379,96.19572008727843,full_rank,map3_5_no_refresh,linear_drift_corrected,80.0,block_fixed_linear_within,4.289762338496364,9.812303198003038,protocol_midpoint_estimate elapsed minutes,map_level_time_adjusted_sensitivity; sequential_not_randomized
17,6,6,11,1.276624646775796,41.99816032453489,51.81801774162259,68.19855476181795,-108.10584664533073,192.10216729440052,13.361011826790602,18.3198529282577,0.9693319935809831,101.13918341510015,full_rank,map3_5_no_refresh,linear_drift_corrected,80.0,block_fixed_quadratic_within,4.289762338496364,9.790323335081535,protocol_midpoint_estimate elapsed minutes,map_level_time_adjusted_sensitivity; sequential_not_randomized
17,3,3,14,1.072912957239902,34.82877127091592,69.48180694938212,84.12620843573379,-145.6040006869706,215.26154322880245,17.961956437359966,20.4732876219034,0.8898987449939141,102.74620525994835,full_rank,map3_5_no_refresh,linear_drift_corrected,85.0,global_time_poly1,4.037423377408342,8.626484768925279,protocol_midpoint_estimate elapsed minutes,map_level_time_adjusted_sensitivity; sequential_not_randomized
17,4,4,13,1.1210159228713044,36.58379759584023,25.328602013803234,36.629370635521695,-42.54914663103424,115.71674182271471,6.547604916899496,10.23089110778908,0.9864148248892228,70.6622224832007,full_rank,map3_5_no_refresh,linear_drift_corrected,85.0,global_time_poly2,4.037423377408342,9.061174461055332,protocol_midpoint_estimate elapsed minutes,map_level_time_adjusted_sensitivity; sequential_not_randomized
17,5,5,12,1.3889260164496977,27.270334896784643,19.90343580961168,31.283872209035376,-40.891367233812474,95.43203702738177,5.0858202388202525,11.312282855215045,0.9924341066755044,64.83284660207849,full_rank,map3_5_no_refresh,linear_drift_corrected,85.0,global_time_poly3,4.037423377408342,6.754390696149808,protocol_midpoint_estimate elapsed minutes,map_level_time_adjusted_sensitivity; sequential_not_randomized
17,6,6,11,2.1027706913146416,3.3730545736155064,12.628748708841915,15.55371670769469,-30.860445084154726,37.606554231385736,2.9768032886010376,9.548855427595223,0.9976239809687375,50.08849288359095,full_rank,map3_5_no_refresh,linear_drift_corrected,85.0,global_time_poly4,4.037423377408342,0.8354473282365299,protocol_midpoint_estimate elapsed minutes,map_level_time_adjusted_sensitivity; sequential_not_randomized
17,7,7,10,3.0168438884889035,8.81820249825843,7.9453139761343685,14.060968091196665,-22.51158680197614,40.147991798492995,1.848931966905635,7.129528061205093,0.999166704918248,38.32044152096695,full_rank,map3_5_no_refresh,linear_drift_corrected,85.0,global_time_poly5,4.037423377408342,2.1841163717437313,protocol_midpoint_estimate elapsed minutes,map_level_time_adjusted_sensitivity; sequential_not_randomized
17,5,5,12,1.0908503246792092,32.453069161143375,43.60584815253229,55.40313099048337,-88.25998344444469,153.16612176673144,11.258019398009626,13.982938517465499,0.9629266195933012,91.85007579479412,full_rank,map3_5_no_refresh,linear_drift_corrected,85.0,block_fixed_linear_within,4.037423377408342,8.038064410766673,protocol_midpoint_estimate elapsed minutes,map_level_time_adjusted_sensitivity; sequential_not_randomized
17,6,6,11,1.276624646775796,32.6331134204151,45.590876513416916,60.159758648018524,-99.77762259804553,165.04384943887572,11.755375192598772,16.135148483081956,0.9629470635858738,96.78615316092956,full_rank,map3_5_no_refresh,linear_drift_corrected,85.0,block_fixed_quadratic_within,4.037423377408342,8.082658262449202,protocol_midpoint_estimate elapsed minutes,map_level_time_adjusted_sensitivity; sequential_not_randomized
17,3,3,14,1.072912957239902,27.614822021069727,59.97492105086978,72.60138833441157,-128.0996692028635,183.32931324500296,15.50430201152686,17.663618412805253,0.8710543908992784,97.74349777523283,full_rank,map3_5_no_refresh,linear_drift_corrected,90.0,global_time_poly1,3.8131220786634343,7.242050333397457,protocol_midpoint_estimate elapsed minutes,map_level_time_adjusted_sensitivity; sequential_not_randomized
17,4,4,13,1.1210159228713044,29.13989145927646,20.789834706033208,28.931383598677446,-33.362562855356515,91.64234577390943,5.374304664290908,8.201350054531394,0.9856132730627568,63.948238390541796,full_rank,map3_5_no_refresh,linear_drift_corrected,90.0,global_time_poly2,3.8131220786634343,7.642003287104434,protocol_midpoint_estimate elapsed minutes,map_level_time_adjusted_sensitivity; sequential_not_randomized
17,5,5,12,1.3889260164496977,22.60938438860503,18.00747462276333,27.50764723178874,-37.32463031387168,82.54339909108174,4.601355251552351,10.139899165154464,0.9902652039184853,61.429261572183435,full_rank,map3_5_no_refresh,linear_drift_corrected,90.0,global_time_poly3,3.8131220786634343,5.92936284812838,protocol_midpoint_estimate elapsed minutes,map_level_time_adjusted_sensitivity; sequential_not_randomized
17,6,6,11,2.1027706913146416,0.8191183901584171,11.227748075565074,14.301332489021625,-30.657902187590324,32.296138967907154,2.6465644511182163,8.3197702857298,0.9970478955603941,46.0905132108853,full_rank,map3_5_no_refresh,linear_drift_corrected,90.0,global_time_poly4,3.8131220786634343,0.21481567420614353,protocol_midpoint_estimate elapsed minutes,map_level_time_adjusted_sensitivity; sequential_not_randomized
17,7,7,10,3.0168438884889035,5.804695141712511,6.655922922941002,10.109498795089358,-16.720671897518823,28.330062180943845,1.548881353015204,4.6811404068060645,0.9990807992162993,32.29988490623704,full_rank,map3_5_no_refresh,linear_drift_corrected,90.0,global_time_poly5,3.8131220786634343,1.5222945979603038,protocol_midpoint_estimate elapsed minutes,map_level_time_adjusted_sensitivity; sequential_not_randomized
17,5,5,12,1.0908503246792092,25.58238108591,37.768407564717606,47.83279967646098,-78.63633652788336,129.80109869970335,9.750927524863018,12.127491668587126,0.9562833186232644,86.96365363415578,full_rank,map3_5_no_refresh,linear_drift_corrected,90.0,block_fixed_linear_within,3.8131220786634343,6.709038042358474,protocol_midpoint_estimate elapsed minutes,map_level_time_adjusted_sensitivity; sequential_not_randomized
17,6,6,11,1.276624646775796,25.964624789008994,39.433106557750875,52.32962608836502,-89.21210566417194,141.14135524218995,10.167625587537684,14.128364601889192,0.9564281641089686,91.85268894844103,full_rank,map3_5_no_refresh,linear_drift_corrected,90.0,block_fixed_quadratic_within,3.8131220786634343,6.809282329117049,protocol_midpoint_estimate elapsed minutes,map_level_time_adjusted_sensitivity; sequential_not_randomized
17,3,3,14,1.072912957239902,23.72336415338897,49.010338337474906,59.811561134679934,-104.55967595180202,152.00640425857995,12.669813881485789,14.450000563507537,0.8625103399202942,90.87905995447194,full_rank,map3_5_no_refresh,linear_drift_corrected,95.0,global_time_poly1,3.6124314429443065,6.567145848463018,protocol_midpoint_estimate elapsed minutes,map_level_time_adjusted_sensitivity; sequential_not_randomized
17,4,4,13,1.1210159228713044,24.971832657604068,16.74706127466644,23.79174925784206,-26.427116721417477,76.37078203662561,4.329221987295858,6.559100731272039,0.9850938806066202,56.59603233412284,full_rank,map3_5_no_refresh,linear_drift_corrected,95.0,global_time_poly2,3.6124314429443065,6.912749225006971,protocol_midpoint_estimate elapsed minutes,map_level_time_adjusted_sensitivity; sequential_not_randomized
17,5,5,12,1.3889260164496977,20.3590397453565,15.285819914009735,24.014670306556727,-31.964432018706415,72.68251150941941,3.90590514267341,8.713010798602607,0.9887997900882828,55.85797625439736,full_rank,map3_5_no_refresh,linear_drift_corrected,95.0,global_time_poly3,3.6124314429443065,5.6358272999536565,protocol_midpoint_estimate elapsed minutes,map_level_time_adjusted_sensitivity; sequential_not_randomized
17,6,6,11,2.1027706913146416,2.020311502791504,9.715422786250839,12.61156463847315,-25.737555111914777,29.778178117497784,2.2900845655446624,7.606895261372447,0.996470629455168,41.171610120988525,full_rank,map3_5_no_refresh,linear_drift_corrected,95.0,global_time_poly4,3.6124314429443065,0.55926639292699,protocol_midpoint_estimate elapsed minutes,map_level_time_adjusted_sensitivity; sequential_not_randomized
17,7,7,10,3.0168438884889035,6.602634305229879,4.8747096058553305,8.325657157217057,-11.948085874905408,25.153354485365163,1.1343801449156807,4.1719480833593146,0.9992127389500516,21.71070088979173,full_rank,map3_5_no_refresh,linear_drift_corrected,95.0,global_time_poly5,3.6124314429443065,1.827753525433942,protocol_midpoint_estimate elapsed minutes,map_level_time_adjusted_sensitivity; sequential_not_randomized
17,5,5,12,1.0908503246792092,22.073620493577565,30.984819134871607,39.96221620246002,-64.99656887012563,109.14380985728076,7.999562206519018,9.987002701268564,0.9530197613998442,80.23248339589365,full_rank,map3_5_no_refresh,linear_drift_corrected,95.0,block_fixed_linear_within,3.6124314429443065,6.110460735992956,protocol_midpoint_estimate elapsed minutes,map_level_time_adjusted_sensitivity; sequential_not_randomized
17,6,6,11,1.276624646775796,22.38629815709091,32.35083336512189,43.98923005979922,-74.43334440800194,119.20594072218375,8.34149753379568,11.723793673955818,0.9531745166707319,85.12184665101485,full_rank,map3_5_no_refresh,linear_drift_corrected,95.0,block_fixed_quadratic_within,3.6124314429443065,6.197016749152475,protocol_midpoint_estimate elapsed minutes,map_level_time_adjusted_sensitivity; sequential_not_randomized
17,3,3,14,1.072912957239902,15.422713875983938,41.060758442581914,49.736952589177974,-91.25243993484034,122.0978676868082,10.614743438781213,12.087809136574895,0.8452054044935733,84.86179505667384,full_rank,map3_5_no_refresh,linear_drift_corrected,100.0,global_time_poly1,3.4318098707970908,4.494046714890349,protocol_midpoint_estimate elapsed minutes,map_level_time_adjusted_sensitivity; sequential_not_randomized
17,4,4,13,1.1210159228713044,16.460782699367492,14.873052853788806,20.14965772508685,-27.06990628832765,59.991471687062635,3.844778876532675,5.647980495812258,0.9811420342810782,52.56119268750917,full_rank,map3_5_no_refresh,linear_drift_corrected,100.0,global_time_poly2,3.4318098707970908,4.796531078088024,protocol_midpoint_estimate elapsed minutes,map_level_time_adjusted_sensitivity; sequential_not_randomized
17,5,5,12,1.3889260164496977,12.936570798349415,14.147059631948276,21.449111986377016,-33.79702958245622,59.67017117915505,3.614923718909578,7.832852345427516,0.9846117839361551,53.225737292006855,full_rank,map3_5_no_refresh,linear_drift_corrected,100.0,global_time_poly3,3.4318098707970908,3.769605917983066,protocol_midpoint_estimate elapsed minutes,map_level_time_adjusted_sensitivity; sequential_not_randomized
17,6,6,11,2.1027706913146416,-2.5575050725674764,10.494285520258613,12.76445578310925,-30.651882827725913,25.53687268259096,2.473675291864194,7.621890824783901,0.9933947870718901,43.79356337071418,full_rank,map3_5_no_refresh,linear_drift_corrected,100.0,global_time_poly4,3.4318098707970908,-0.7452350709549816,protocol_midpoint_estimate elapsed minutes,map_level_time_adjusted_sensitivity; sequential_not_randomized
17,7,7,10,3.0168438884889035,1.883539816332243,6.822984948721959,10.91863281665742,-22.444690172801526,26.21176980546601,1.5877578934326422,5.246571361965426,0.9975261274840506,33.14274247537593,full_rank,map3_5_no_refresh,linear_drift_corrected,100.0,global_time_poly5,3.4318098707970908,0.548847368369729,protocol_midpoint_estimate elapsed minutes,map_level_time_adjusted_sensitivity; sequential_not_randomized
17,5,5,12,1.0908503246792092,14.013628782804577,27.2001582194651,34.31719113804455,-60.75710754677863,88.78436511238777,7.022450470233227,8.704034991484166,0.9419279215124502,75.80314736865343,full_rank,map3_5_no_refresh,linear_drift_corrected,100.0,block_fixed_linear_within,3.4318098707970908,4.083451388741911,protocol_midpoint_estimate elapsed minutes,map_level_time_adjusted_sensitivity; sequential_not_randomized
17,6,6,11,1.276624646775796,14.047098263786053,28.445513412950504,38.0113640627876,-69.61534995291976,97.70954648049187,7.334530684377767,10.297321184878005,0.9419307656913601,80.74776928977622,full_rank,map3_5_no_refresh,linear_drift_corrected,100.0,block_fixed_quadratic_within,3.4318098707970908,4.093204108805537,protocol_midpoint_estimate elapsed minutes,map_level_time_adjusted_sensitivity; sequential_not_randomized
17,3,3,14,1.072912957239902,15.664694332042053,33.77178944188474,40.535152394206996,-71.27456091573708,102.60394957982118,8.730449557950383,9.925514362854274,0.837518287340653,78.21727498623562,full_rank,map3_5_no_refresh,linear_drift_corrected,105.0,global_time_poly1,3.268390353140087,4.7927856343696185,protocol_midpoint_estimate elapsed minutes,map_level_time_adjusted_sensitivity; sequential_not_randomized
17,4,4,13,1.1210159228713044,16.519475804705053,12.130395685903332,15.558039950376376,-17.09162606005632,50.130577669466426,3.135784532982638,4.420877288250628,0.9805356898031975,45.630744907341175,full_rank,map3_5_no_refresh,linear_drift_corrected,105.0,global_time_poly2,3.268390353140087,5.054315433538734,protocol_midpoint_estimate elapsed minutes,map_level_time_adjusted_sensitivity; sequential_not_randomized
17,5,5,12,1.3889260164496977,14.221435527791702,11.998433871259342,17.85544175667763,-24.682230050965433,53.12510110654884,3.0658966823772595,6.432131112100901,0.9828248905002483,47.62489444090589,full_rank,map3_5_no_refresh,linear_drift_corrected,105.0,global_time_poly3,3.268390353140087,4.351204718900403,protocol_midpoint_estimate elapsed minutes,map_level_time_adjusted_sensitivity; sequential_not_randomized
17,6,6,11,2.1027706913146416,1.383205805912878,9.165901240491934,9.886709742225563,-20.377295618773104,23.143707230598856,2.1605533204240013,5.960258437124176,0.9921814557175941,39.19198088424952,full_rank,map3_5_no_refresh,linear_drift_corrected,105.0,global_time_poly4,3.268390353140087,0.4232070396927867,protocol_midpoint_estimate elapsed minutes,map_level_time_adjusted_sensitivity; sequential_not_randomized
17,7,7,10,3.0168438884889035,4.923224372279872,6.739684423962384,8.283684891993452,-13.533975773005725,23.38042451756547,1.5683732594772541,3.931262640016224,0.9962545664564307,32.72508819538633,full_rank,map3_5_no_refresh,linear_drift_corrected,105.0,global_time_poly5,3.268390353140087,1.5063146810324883,protocol_midpoint_estimate elapsed minutes,map_level_time_adjusted_sensitivity; sequential_not_randomized
17,5,5,12,1.0908503246792092,14.262277693765636,22.87523662081967,28.078860314554657,-46.91630340191304,75.4408587894443,5.905855946441274,7.3200771621890794,0.9362690807402652,69.91544097901046,full_rank,map3_5_no_refresh,linear_drift_corrected,105.0,block_fixed_linear_within,3.268390353140087,4.363700829083416,protocol_midpoint_estimate elapsed minutes,map_level_time_adjusted_sensitivity; sequential_not_randomized
17,6,6,11,1.276624646775796,14.423063606675603,23.904038530365845,31.62948775437802,-55.19296956173577,84.03909677508697,6.1635345277929074,8.789605465613507,0.9363709280192837,74.83370638766431,full_rank,map3_5_no_refresh,linear_drift_corrected,105.0,block_fixed_quadratic_within,3.268390353140087,4.412895048725966,protocol_midpoint_estimate elapsed minutes,map_level_time_adjusted_sensitivity; sequential_not_randomized
17,3,3,14,1.072912957239902,10.169941500358188,28.176429295146292,34.08146892438511,-62.92753935331744,83.26742235403383,7.283975730920042,8.279582574123218,0.8207750858942988,72.05851382152998,full_rank,map3_5_no_refresh,linear_drift_corrected,110.0,global_time_poly1,3.119827155270083,3.259777222971757,protocol_midpoint_estimate elapsed minutes,map_level_time_adjusted_sensitivity; sequential_not_randomized
17,4,4,13,1.1210159228713044,10.867393027214007,11.628244043891263,15.307242283796892,-22.20189341955549,43.9366794739835,3.005975135745649,4.168174173051247,0.971656891114936,44.19331423288947,full_rank,map3_5_no_refresh,linear_drift_corrected,110.0,global_time_poly2,3.119827155270083,3.483331763702537,protocol_midpoint_estimate elapsed minutes,map_level_time_adjusted_sensitivity; sequential_not_randomized
17,5,5,12,1.3889260164496977,9.177746220035452,11.813103594573628,17.48300875686788,-28.91445756054616,47.269950000617065,3.01854021181356,6.283608957755332,0.9736179497927796,47.09562524436888,full_rank,map3_5_no_refresh,linear_drift_corrected,110.0,global_time_poly3,3.119827155270083,2.9417482967068205,protocol_midpoint_estimate elapsed minutes,map_level_time_adjusted_sensitivity; sequential_not_randomized
17,6,6,11,2.1027706913146416,-2.0787287490907005,10.0799187358655,13.032151423059817,-30.762300635199242,26.60484313701784,2.3760022416747613,7.208538662557064,0.9850162767758031,42.42385051745253,full_rank,map3_5_no_refresh,linear_drift_corrected,110.0,global_time_poly4,3.119827155270083,-0.6662961265592117,protocol_midpoint_estimate elapsed minutes,map_level_time_adjusted_sensitivity; sequential_not_randomized
17,7,7,10,3.0168438884889035,2.5053077898420923,5.643077234026945,7.951912683128327,-15.212657806868894,20.22327338655308,1.3131848434246696,3.1868016424207184,0.9958391209853654,26.68724658187763,full_rank,map3_5_no_refresh,linear_drift_corrected,110.0,global_time_poly5,3.119827155270083,0.8030277528708825,protocol_midpoint_estimate elapsed minutes,map_level_time_adjusted_sensitivity; sequential_not_randomized
17,5,5,12,1.0908503246792092,8.799048878246778,20.147605794631236,25.9557204311884,-47.753607800383406,65.35170555687696,5.201644881805551,6.447947749465879,0.9216577554992564,65.59847821770767,full_rank,map3_5_no_refresh,linear_drift_corrected,110.0,block_fixed_linear_within,3.119827155270083,2.820364219018744,protocol_midpoint_estimate elapsed minutes,map_level_time_adjusted_sensitivity; sequential_not_randomized
17,6,6,11,1.276624646775796,8.923826722325611,21.057501854966397,28.965456827407678,-54.82871390982203,72.67636735447324,5.429569551072934,7.6633256823425,0.9217549537662517,70.52282797562304,full_rank,map3_5_no_refresh,linear_drift_corrected,110.0,block_fixed_quadratic_within,3.119827155270083,2.8603593334493804,protocol_midpoint_estimate elapsed minutes,map_level_time_adjusted_sensitivity; sequential_not_randomized
17,3,3,14,1.072912957239902,6.295630181152518,23.014203579731912,27.87283264553382,-53.485650231524765,66.07691059382981,5.9494728230201055,6.759510447110999,0.811268358285484,65.17779049226803,full_rank,map3_5_no_refresh,linear_drift_corrected,115.0,global_time_poly1,2.9841824963452965,2.109666613507292,protocol_midpoint_estimate elapsed minutes,map_level_time_adjusted_sensitivity; sequential_not_randomized
17,4,4,13,1.1210159228713044,6.865045923018463,9.52043743681704,13.198563050580967,-21.648716001781107,35.37880784781803,2.46109370498878,3.583728371560563,0.9700111809692713,37.393444347829025,full_rank,map3_5_no_refresh,linear_drift_corrected,115.0,global_time_poly2,2.9841824963452965,2.3004779136081748,protocol_midpoint_estimate elapsed minutes,map_level_time_adjusted_sensitivity; sequential_not_randomized
17,5,5,12,1.3889260164496977,4.719339393841773,9.152501852211529,13.861544338397294,-25.482371249606565,34.92105003729011,2.3386906462319685,4.935449314500218,0.9750030791332692,38.419433127536756,full_rank,map3_5_no_refresh,linear_drift_corrected,115.0,global_time_poly3,2.9841824963452965,1.5814513353729234,protocol_midpoint_estimate elapsed minutes,map_level_time_adjusted_sensitivity; sequential_not_randomized
17,6,6,11,2.1027706913146416,-4.725402176561488,7.2783014658946295,7.511437688555407,-21.257965059959705,11.80716070683673,1.7156150810044675,5.046949155495816,0.9876691757573492,31.35182936921222,full_rank,map3_5_no_refresh,linear_drift_corrected,115.0,global_time_poly4,2.9841824963452965,-1.5834829747673438,protocol_midpoint_estimate elapsed minutes,map_level_time_adjusted_sensitivity; sequential_not_randomized
17,7,7,10,3.0168438884889035,-1.7384036496317794,4.961717136238801,6.804228105666785,-16.899168649499735,13.422361350236178,1.1546274258627554,3.167847395748127,0.9949225757821547,22.312206551825497,full_rank,map3_5_no_refresh,linear_drift_corrected,115.0,global_time_poly5,2.9841824963452965,-0.582539322498134,protocol_midpoint_estimate elapsed minutes,map_level_time_adjusted_sensitivity; sequential_not_randomized
17,5,5,12,1.0908503246792092,5.22968891740039,15.795422285098157,19.4977840720222,-37.25233316872861,47.71171100352939,4.078011964435598,5.02863614163934,0.9239957374950253,57.32405825754469,full_rank,map3_5_no_refresh,linear_drift_corrected,115.0,block_fixed_linear_within,2.9841824963452965,1.7524695369016963,protocol_midpoint_estimate elapsed minutes,map_level_time_adjusted_sensitivity; sequential_not_randomized
17,6,6,11,1.276624646775796,5.1772776287710425,16.51607606120642,21.731770452618782,-42.654026639772006,53.008581897314095,4.258586051791378,5.956377668381856,0.9240228057082605,62.26345733229165,full_rank,map3_5_no_refresh,linear_drift_corrected,115.0,block_fixed_quadratic_within,2.9841824963452965,1.7349065062581164,protocol_midpoint_estimate elapsed minutes,map_level_time_adjusted_sensitivity; sequential_not_randomized
17,3,3,14,1.072912957239902,4.223050835279679,17.55496582033026,21.80889785310628,-42.55238295820273,50.998484628762085,4.538188414613753,5.185533714909618,0.8086145146778723,55.9714503639404,full_rank,map3_5_no_refresh,linear_drift_corrected,120.0,global_time_poly1,2.8598415589975756,1.4766730072836385,protocol_midpoint_estimate elapsed minutes,map_level_time_adjusted_sensitivity; sequential_not_randomized
17,4,4,13,1.1210159228713044,4.659119961673219,7.107419738983958,10.308921121119864,-17.611950110323058,26.930190033669497,1.837313263640805,2.6478519778546894,0.9708709923672437,27.455192499403466,full_rank,map3_5_no_refresh,linear_drift_corrected,120.0,global_time_poly2,2.8598415589975756,1.6291531770404517,protocol_midpoint_estimate elapsed minutes,map_level_time_adjusted_sensitivity; sequential_not_randomized
17,5,5,12,1.3889260164496977,3.3345116805746327,7.045170625997203,11.066604166899591,-20.777547459072835,27.4465708202221,1.80021538484001,3.7854839373983173,0.9741865471474435,29.522146395580926,full_rank,map3_5_no_refresh,linear_drift_corrected,120.0,global_time_poly3,2.8598415589975756,1.165977768972431,protocol_midpoint_estimate elapsed minutes,map_level_time_adjusted_sensitivity; sequential_not_randomized
17,6,6,11,2.1027706913146416,-3.3393784579347705,6.038167231368545,7.862700824047131,-20.64506628983448,13.96630937396494,1.4232950932720876,4.388342443460846,0.9852089669999772,25.000731624986678,full_rank,map3_5_no_refresh,linear_drift_corrected,120.0,global_time_poly4,2.8598415589975756,-1.1676795336540535,protocol_midpoint_estimate elapsed minutes,map_level_time_adjusted_sensitivity; sequential_not_randomized
17,7,7,10,3.0168438884889035,-0.8411065209138839,4.067833804961183,5.937583147649479,-14.070866218963962,12.388653177136193,0.9466143163937464,3.1421510477495933,0.9940521219812828,15.558403897710647,full_rank,map3_5_no_refresh,linear_drift_corrected,120.0,global_time_poly5,2.8598415589975756,-0.29410948248780133,protocol_midpoint_estimate elapsed minutes,map_level_time_adjusted_sensitivity; sequential_not_randomized
17,5,5,12,1.0908503246792092,3.381910026674075,12.161043994399352,15.744497301351307,-30.92240269011121,37.68622274345936,3.1396997189480365,3.88969774767326,0.9214812475222742,48.433655242910646,full_rank,map3_5_no_refresh,linear_drift_corrected,120.0,block_fixed_linear_within,2.8598415589975756,1.18255153542824,protocol_midpoint_estimate elapsed minutes,map_level_time_adjusted_sensitivity; sequential_not_randomized
17,6,6,11,1.276624646775796,3.413788995025948,12.71673345674465,17.47963548192169,-35.05862930434306,41.88620729439495,3.2789449214540456,4.6114509274686855,0.9214987007049875,53.3753306008793,full_rank,map3_5_no_refresh,linear_drift_corrected,120.0,block_fixed_quadratic_within,2.8598415589975756,1.1936986453971739,protocol_midpoint_estimate elapsed minutes,map_level_time_adjusted_sensitivity; sequential_not_randomized
17,3,3,14,1.072912957239902,5.97879519833476,14.821624715530643,17.671368162462816,-31.922519993794502,43.88011039046402,3.831583966508037,4.344677036038494,0.789772014912947,50.21696332382886,full_rank,map3_5_no_refresh,linear_drift_corrected,125.0,global_time_poly1,2.7454478966376725,2.1777121342047474,protocol_midpoint_estimate elapsed minutes,map_level_time_adjusted_sensitivity; sequential_not_randomized
17,4,4,13,1.1210159228713044,6.337106684780546,6.827149557256306,8.626669832580236,-12.299680431163566,24.97389380072466,1.7648616368617107,2.4628917915271393,0.9585837783989969,26.08730357760607,full_rank,map3_5_no_refresh,linear_drift_corrected,125.0,global_time_poly2,2.7454478966376725,2.308223256591957,protocol_midpoint_estimate elapsed minutes,map_level_time_adjusted_sensitivity; sequential_not_randomized
17,5,5,12,1.3889260164496977,5.021475003157278,6.737234693193032,8.792098422152579,-14.134861838692252,24.177811845006808,1.7215301360067832,3.3589401959132577,0.9636238859455979,28.002590968553825,full_rank,map3_5_no_refresh,linear_drift_corrected,125.0,global_time_poly3,2.7454478966376725,1.8290185034314572,protocol_midpoint_estimate elapsed minutes,map_level_time_adjusted_sensitivity; sequential_not_randomized
17,6,6,11,2.1027706913146416,-0.7003015025277545,6.182069145715545,6.66741218373326,-15.375176775080908,13.9745737700254,1.457215135688025,4.068385956983687,0.9761083672811942,25.801516668164616,full_rank,map3_5_no_refresh,linear_drift_corrected,125.0,global_time_poly4,2.7454478966376725,-0.2550773239533731,protocol_midpoint_estimate elapsed minutes,map_level_time_adjusted_sensitivity; sequential_not_randomized
17,7,7,10,3.0168438884889035,1.7792402626650872,4.347355807996493,4.222275054134591,-7.628574829134559,11.187055354464734,1.0116611060382916,1.7882142280203723,0.9895317061537168,17.817947913462497,full_rank,map3_5_no_refresh,linear_drift_corrected,125.0,global_time_poly5,2.7454478966376725,0.6480692148061189,protocol_midpoint_estimate elapsed minutes,map_level_time_adjusted_sensitivity; sequential_not_randomized
17,5,5,12,1.0908503246792092,5.231018874604349,10.7602372881897,12.933744363788454,-22.949189280804855,33.41122703001355,2.778043892045965,3.3956311045238756,0.905274861267437,44.27273115070214,full_rank,map3_5_no_refresh,linear_drift_corrected,125.0,block_fixed_linear_within,2.7454478966376725,1.9053426149557362,protocol_midpoint_estimate elapsed minutes,map_level_time_adjusted_sensitivity; sequential_not_randomized
17,6,6,11,1.276624646775796,5.24037436653649,11.253031139829808,14.216773358233764,-26.050532819198654,36.531281552271636,2.9015367375919423,3.950004372838115,0.9052771775378321,49.21776999786707,full_rank,map3_5_no_refresh,linear_drift_corrected,125.0,block_fixed_quadratic_within,2.7454478966376725,1.9087502527199054,protocol_midpoint_estimate elapsed minutes,map_level_time_adjusted_sensitivity; sequential_not_randomized
17,3,3,14,1.072912957239902,8.329166445026171,12.830987280438395,14.945462594513232,-23.72566277244619,40.383995662498535,3.3169781371323954,3.7263112847255897,0.763418230407255,45.313343339389846,full_rank,map3_5_no_refresh,linear_drift_corrected,130.0,global_time_poly1,2.639853746766993,3.1551620824550723,protocol_midpoint_estimate elapsed minutes,map_level_time_adjusted_sensitivity; sequential_not_randomized
17,4,4,13,1.1210159228713044,8.633351908795502,6.355135060359047,7.6335002531672655,-7.857822777234263,25.12452659482527,1.6428428835547544,2.2615417582300674,0.9461105890839296,23.651404589052905,full_rank,map3_5_no_refresh,linear_drift_corrected,130.0,global_time_poly2,2.639853746766993,3.2703902325531087,protocol_midpoint_estimate elapsed minutes,map_level_time_adjusted_sensitivity; sequential_not_randomized
17,5,5,12,1.3889260164496977,7.234042500694155,6.137255770057028,7.97392528648008,-10.139648216266188,24.6077332176545,1.5682206783162118,2.9842662382130167,0.9546723065074292,24.83134777740164,full_rank,map3_5_no_refresh,linear_drift_corrected,130.0,global_time_poly3,2.639853746766993,2.7403194247232925,protocol_midpoint_estimate elapsed minutes,map_level_time_adjusted_sensitivity; sequential_not_randomized
17,6,6,11,2.1027706913146416,1.373099543990791,5.228029538254433,4.58342303328952,-8.71494653466182,11.4611456226434,1.232332345918245,2.6857932078584397,0.9743423779697352,20.102484849621945,full_rank,map3_5_no_refresh,linear_drift_corrected,130.0,global_time_poly4,2.639853746766993,0.5201422789699673,protocol_midpoint_estimate elapsed minutes,map_level_time_adjusted_sensitivity; sequential_not_randomized
17,7,7,10,3.0168438884889035,2.788836861832162,4.790361410032892,5.64598208585715,-9.791195181164198,15.36886890482852,1.1147517103345719,2.2691603624501906,0.98091358700515,21.117241935609023,full_rank,map3_5_no_refresh,linear_drift_corrected,130.0,global_time_poly5,2.639853746766993,1.0564361246328995,protocol_midpoint_estimate elapsed minutes,map_level_time_adjusted_sensitivity; sequential_not_randomized
17,5,5,12,1.0908503246792092,7.67965327354017,8.821547265118,9.9385225883871,-13.974527249937323,29.33383379701766,2.2775190585391667,2.7229454962541966,0.9043966065101178,37.51828007422013,full_rank,map3_5_no_refresh,linear_drift_corrected,130.0,block_fixed_linear_within,2.639853746766993,2.9091207355503603,protocol_midpoint_estimate elapsed minutes,map_level_time_adjusted_sensitivity; sequential_not_randomized
17,6,6,11,1.276624646775796,7.72674165802292,9.221413955966236,10.704944489278617,-15.834682302391059,31.2881656184369,2.377694599197896,3.0633497718277396,0.904484720690414,42.4480591113716,full_rank,map3_5_no_refresh,linear_drift_corrected,130.0,block_fixed_quadratic_within,2.639853746766993,2.9269582330027926,protocol_midpoint_estimate elapsed minutes,map_level_time_adjusted_sensitivity; sequential_not_randomized
17,3,3,14,1.072912957239902,6.719359431965495,9.931526752446963,10.379661230841164,-15.542799801030062,28.98151866496105,2.567429644048913,2.8106016677930037,0.7581124997175852,36.60428043836345,full_rank,map3_5_no_refresh,linear_drift_corrected,135.0,global_time_poly1,2.542081385775623,2.643251105005566,protocol_midpoint_estimate elapsed minutes,map_level_time_adjusted_sensitivity; sequential_not_randomized
17,4,4,13,1.1210159228713044,6.923508396803927,6.675076623833765,7.481838055832836,-9.240020031734533,23.087036825342388,1.7255498151487663,2.310583495784923,0.8985419190691513,25.32140048724232,full_rank,map3_5_no_refresh,linear_drift_corrected,135.0,global_time_poly2,2.542081385775623,2.7235589055271223,protocol_midpoint_estimate elapsed minutes,map_level_time_adjusted_sensitivity; sequential_not_randomized
17,5,5,12,1.3889260164496977,5.797304218369669,6.69285696973461,8.64758502304417,-13.044164975444193,24.63877341218353,1.7101905298062992,3.276103093381521,0.9080062063907308,27.777894350386262,full_rank,map3_5_no_refresh,linear_drift_corrected,135.0,global_time_poly3,2.542081385775623,2.2805344670744416,protocol_midpoint_estimate elapsed minutes,map_level_time_adjusted_sensitivity; sequential_not_randomized
17,6,6,11,2.1027706913146416,-1.2602492025869172,5.200097289330193,5.72385797429993,-13.858375662443514,11.337877257269678,1.2257482565224769,2.5052692793618823,0.9566804893948749,19.920343080467312,full_rank,map3_5_no_refresh,linear_drift_corrected,135.0,global_time_poly4,2.542081385775623,-0.4957548604221412,protocol_midpoint_estimate elapsed minutes,map_level_time_adjusted_sensitivity; sequential_not_randomized
17,7,7,10,3.0168438884889035,0.057359435247476276,4.865806760009538,5.645012719854785,-12.52051272569724,12.635231596192193,1.1323083883645664,1.709599568624415,0.966393929246287,21.648548775534508,full_rank,map3_5_no_refresh,linear_drift_corrected,135.0,global_time_poly5,2.542081385775623,0.022563964933787966,protocol_midpoint_estimate elapsed minutes,map_level_time_adjusted_sensitivity; sequential_not_randomized
17,5,5,12,1.0908503246792092,6.1441973266754,6.788112298197155,6.648138822193458,-8.340852832503149,20.62924748585395,1.7525332763085668,1.9922231945176097,0.9033944494363344,28.609450792229403,full_rank,map3_5_no_refresh,linear_drift_corrected,135.0,block_fixed_linear_within,2.542081385775623,2.4169947355169836,protocol_midpoint_estimate elapsed minutes,map_level_time_adjusted_sensitivity; sequential_not_randomized
17,6,6,11,1.276624646775796,6.000718751967487,7.047596295453726,7.104505009515986,-9.636191343712166,21.637628847647143,1.8171867925076348,2.1640329820184077,0.9047905368033607,33.30743874087584,full_rank,map3_5_no_refresh,linear_drift_corrected,135.0,block_fixed_quadratic_within,2.542081385775623,2.360553358183136,protocol_midpoint_estimate elapsed minutes,map_level_time_adjusted_sensitivity; sequential_not_randomized
17,3,3,14,1.072912957239902,5.565198450900472,8.433425704837864,8.09152083766597,-11.789387726727924,22.919784628528866,2.180150916892016,2.3405645964282575,0.7415053099442108,31.04490108011463,full_rank,map3_5_no_refresh,linear_drift_corrected,140.0,global_time_poly1,2.451292764855065,2.2703116211537138,protocol_midpoint_estimate elapsed minutes,map_level_time_adjusted_sensitivity; sequential_not_randomized
17,4,4,13,1.1210159228713044,5.718136268228408,6.479676579141749,6.477096695630534,-8.274780417878993,19.71105295433581,1.6750376592591285,2.096260670463347,0.8583087673920143,24.311257598802026,full_rank,map3_5_no_refresh,linear_drift_corrected,140.0,global_time_poly2,2.451292764855065,2.332702299052597,protocol_midpoint_estimate elapsed minutes,map_level_time_adjusted_sensitivity; sequential_not_randomized
17,5,5,12,1.3889260164496977,5.114403581165486,6.725205304672588,7.907353629104604,-12.114239954613211,22.343047116944184,1.718456329645755,3.114395021979505,0.8623396970016379,27.94182942479013,full_rank,map3_5_no_refresh,linear_drift_corrected,140.0,global_time_poly3,2.451292764855065,2.0864107521109907,protocol_midpoint_estimate elapsed minutes,map_level_time_adjusted_sensitivity; sequential_not_randomized
17,6,6,11,2.1027706913146416,-1.1254188716514695,5.850675498522992,5.915733697943047,-14.14586095182674,11.895023208523803,1.3791002153955974,2.7777558519470915,0.9187291480032084,23.928255923864775,full_rank,map3_5_no_refresh,linear_drift_corrected,140.0,global_time_poly4,2.451292764855065,-0.45911238665040116,protocol_midpoint_estimate elapsed minutes,map_level_time_adjusted_sensitivity; sequential_not_randomized
17,7,7,10,3.0168438884889035,0.5012115626555274,5.310733803380975,6.310572457721067,-13.559620108532652,14.562043233843706,1.2358461259418667,1.482815734050629,0.9406693268247395,24.623463338561184,full_rank,map3_5_no_refresh,linear_drift_corrected,140.0,global_time_poly5,2.451292764855065,0.20446825848040306,protocol_midpoint_estimate elapsed minutes,map_level_time_adjusted_sensitivity; sequential_not_randomized
17,5,5,12,1.0908503246792092,5.031241358825734,6.632692139945285,6.449092313451661,-9.020123713406477,19.082606431057947,1.7124073934150434,1.9716348783415205,0.863307115071104,27.82193888902544,full_rank,map3_5_no_refresh,linear_drift_corrected,140.0,block_fixed_linear_within,2.451292764855065,2.0524848891818155,protocol_midpoint_estimate elapsed minutes,map_level_time_adjusted_sensitivity; sequential_not_randomized
17,6,6,11,1.276624646775796,4.826432378169919,6.828730155386351,6.884835651871413,-10.326988721209077,19.979853477548914,1.7607532735624418,2.1237482940441623,0.8675230963002118,32.23481105877025,full_rank,map3_5_no_refresh,linear_drift_corrected,140.0,block_fixed_quadratic_within,2.451292764855065,1.968933473540149,protocol_midpoint_estimate elapsed minutes,map_level_time_adjusted_sensitivity; sequential_not_randomized
17,3,3,14,1.072912957239902,2.1237579709685503,7.658725308099671,8.16755911459288,-15.393914090784822,19.641430032721924,1.979880725468322,2.1689663295042263,0.6527949015311966,27.768746110460533,full_rank,map3_5_no_refresh,linear_drift_corrected,145.0,global_time_poly1,2.3667654281359245,0.8973250773910586,protocol_midpoint_estimate elapsed minutes,map_level_time_adjusted_sensitivity; sequential_not_randomized
17,4,4,13,1.1210159228713044,2.2551007169746,6.135490591738032,7.1822254890921045,-13.261154113295351,17.77135554724455,1.5860633896873473,2.0677199776979838,0.7930981202581915,22.455518644716488,full_rank,map3_5_no_refresh,linear_drift_corrected,145.0,global_time_poly2,2.3667654281359245,0.9528196965217325,protocol_midpoint_estimate elapsed minutes,map_level_time_adjusted_sensitivity; sequential_not_randomized
17,5,5,12,1.3889260164496977,1.2039500740881885,6.141977580263141,6.922054459349734,-13.877910989571886,16.28581113774826,1.5694272176363488,2.600066984121978,0.8129991378171235,24.8574962429191,full_rank,map3_5_no_refresh,linear_drift_corrected,145.0,global_time_poly3,2.3667654281359245,0.5086900711729702,protocol_midpoint_estimate elapsed minutes,map_level_time_adjusted_sensitivity; sequential_not_randomized
17,6,6,11,2.1027706913146416,-3.2191101657039836,6.035463819661117,7.081290411993628,-18.804925276739628,12.366704945331662,1.4226578547739075,2.916246972793908,0.8591445614988225,24.985505716691122,full_rank,map3_5_no_refresh,linear_drift_corrected,145.0,global_time_poly4,2.3667654281359245,-1.360130635438329,protocol_midpoint_estimate elapsed minutes,map_level_time_adjusted_sensitivity; sequential_not_randomized
17,7,7,10,3.0168438884889035,-1.4716348243536017,5.392180450917752,6.656054230769619,-16.302247856716992,13.358978208009788,1.2547993492733014,1.4645934466929813,0.900384120798523,25.140937253693004,full_rank,map3_5_no_refresh,linear_drift_corrected,145.0,global_time_poly5,2.3667654281359245,-0.6217915839309298,protocol_midpoint_estimate elapsed minutes,map_level_time_adjusted_sensitivity; sequential_not_randomized
17,5,5,12,1.0908503246792092,1.6537775588121946,6.186120925732208,6.755376756080624,-13.06492398654631,16.3724791041707,1.5971130554946473,1.8431999671244503,0.8063432815345053,25.45205206298896,full_rank,map3_5_no_refresh,linear_drift_corrected,145.0,block_fixed_linear_within,2.3667654281359245,0.6987500912224823,protocol_midpoint_estimate elapsed minutes,map_level_time_adjusted_sensitivity; sequential_not_randomized
17,6,6,11,1.276624646775796,1.6170661645578592,6.465823902632363,7.5157070734419715,-14.92489357161837,18.159025900734086,1.6671797455429105,2.008739002267633,0.8065638949721158,30.37812919497666,full_rank,map3_5_no_refresh,linear_drift_corrected,145.0,block_fixed_quadratic_within,2.3667654281359245,0.6832388817811439,protocol_midpoint_estimate elapsed minutes,map_level_time_adjusted_sensitivity; sequential_not_randomized
17,3,3,14,1.072912957239902,2.5093144702094037,7.173308283373427,6.776169715995218,-12.024124131722965,17.04275307214177,1.854394071696673,1.9624735689933626,0.5010822474158219,25.542473488911714,full_rank,map3_5_no_refresh,linear_drift_corrected,150.0,global_time_poly1,2.2878732471980605,1.0967891133315801,protocol_midpoint_estimate elapsed minutes,map_level_time_adjusted_sensitivity; sequential_not_randomized
17,4,4,13,1.1210159228713044,2.5817467107077716,6.903186728356131,7.495298416252055,-13.610861058585037,18.774354480000582,1.7845177298071098,2.2020516190082287,0.5709756441759724,26.46388433901525,full_rank,map3_5_no_refresh,linear_drift_corrected,150.0,global_time_poly2,2.2878732471980605,1.1284483149884355,protocol_midpoint_estimate elapsed minutes,map_level_time_adjusted_sensitivity; sequential_not_randomized
17,5,5,12,1.3889260164496977,1.4999129648588512,6.970259910389548,7.504112290824634,-14.8501431696248,17.849969099342502,1.7810738437922105,2.687985581445557,0.6055045860324855,29.158691476649103,full_rank,map3_5_no_refresh,linear_drift_corrected,150.0,global_time_poly3,2.2878732471980605,0.6555926849076024,protocol_midpoint_estimate elapsed minutes,map_level_time_adjusted_sensitivity; sequential_not_randomized
17,6,6,11,2.1027706913146416,-3.7056605775041467,6.764145203601968,6.382315031971714,-17.75304124984822,10.341720094839928,1.5944200134855442,2.203173946066095,0.7102022424769157,28.860934223396185,full_rank,map3_5_no_refresh,linear_drift_corrected,150.0,global_time_poly4,2.2878732471980605,-1.6196966252577316,protocol_midpoint_estimate elapsed minutes,map_level_time_adjusted_sensitivity; sequential_not_randomized
17,7,7,10,3.0168438884889035,-2.434859549408007,6.728547776529634,7.432193184641164,-18.994817939416013,14.1250988406,1.565781681157704,2.3044718302137452,0.7459265547410185,32.668860162876236,full_rank,map3_5_no_refresh,linear_drift_corrected,150.0,global_time_poly5,2.2878732471980605,-1.0642458241032187,protocol_midpoint_estimate elapsed minutes,map_level_time_adjusted_sensitivity; sequential_not_randomized
17,5,5,12,1.0908503246792092,1.8264992711255683,5.889209369603734,6.443363482262082,-12.212383750211812,15.865382292462948,1.5204573728280677,1.758955423231503,0.7125074433536771,23.779712206242763,full_rank,map3_5_no_refresh,linear_drift_corrected,150.0,block_fixed_linear_within,2.2878732471980605,0.7983393631454307,protocol_midpoint_estimate elapsed minutes,map_level_time_adjusted_sensitivity; sequential_not_randomized
17,6,6,11,1.276624646775796,1.7280438606638793,6.131092893114377,7.608045275134063,-15.01715088714539,18.473238608473146,1.5808710604198402,1.9425806401374692,0.7151065627902058,28.570776761070206,full_rank,map3_5_no_refresh,linear_drift_corrected,150.0,block_fixed_quadratic_within,2.2878732471980605,0.7553057682632551,protocol_midpoint_estimate elapsed minutes,map_level_time_adjusted_sensitivity; sequential_not_randomized
17,3,3,14,1.072912957239902,0.34417825951298164,6.402235147350945,5.455880385372937,-11.357521361901968,12.04587788092793,1.6550615746396498,1.723837859593469,0.46603418200214697,21.676000854804457,full_rank,map3_5_no_refresh,linear_drift_corrected,155.0,global_time_poly1,2.21407088438522,0.15545042479909105,protocol_midpoint_estimate elapsed minutes,map_level_time_adjusted_sensitivity; sequential_not_randomized
17,4,4,13,1.1210159228713044,0.3912990357792909,6.392048313090354,6.396355329432917,-13.42718653351494,14.209784605073521,1.6523851944549193,1.9787693276674796,0.5057768876037234,23.84831932138976,full_rank,map3_5_no_refresh,linear_drift_corrected,155.0,global_time_poly2,2.21407088438522,0.17673284018995747,protocol_midpoint_estimate elapsed minutes,map_level_time_adjusted_sensitivity; sequential_not_randomized
17,5,5,12,1.3889260164496977,-0.025280439542295197,6.683682040205216,7.774686183281352,-16.964866442282617,16.914305563198024,1.7078461083337106,2.8317346535150527,0.5126557750895071,27.73125333918199,full_rank,map3_5_no_refresh,linear_drift_corrected,155.0,global_time_poly3,2.21407088438522,-0.011418080478175297,protocol_midpoint_estimate elapsed minutes,map_level_time_adjusted_sensitivity; sequential_not_randomized
17,6,6,11,2.1027706913146416,-6.365747041377707,5.722262691791011,6.109891789199272,-19.81352819911796,7.082034116362548,1.348831209796443,1.9529093339065124,0.721346176340885,23.17369998435329,full_rank,map3_5_no_refresh,linear_drift_corrected,155.0,global_time_poly4,2.21407088438522,-2.8751324477785545,protocol_midpoint_estimate elapsed minutes,map_level_time_adjusted_sensitivity; sequential_not_randomized
17,7,7,10,3.0168438884889035,-5.177119297173956,5.602426895887153,6.901041725831875,-20.553598485531126,10.199359891183216,1.3037252160420456,2.485848032338741,0.7633376132271088,26.441438568155,full_rank,map3_5_no_refresh,linear_drift_corrected,155.0,global_time_poly5,2.21407088438522,-2.338280736035009,protocol_midpoint_estimate elapsed minutes,map_level_time_adjusted_sensitivity; sequential_not_randomized
17,5,5,12,1.0908503246792092,-0.372697027738079,5.041589322041533,5.411259134077961,-12.162817853700497,11.41742379822434,1.3016215207144344,1.5044483156557924,0.7169209065378173,18.49609922027816,full_rank,map3_5_no_refresh,linear_drift_corrected,155.0,block_fixed_linear_within,2.21407088438522,-0.16833111819794586,protocol_midpoint_estimate elapsed minutes,map_level_time_adjusted_sensitivity; sequential_not_randomized
17,6,6,11,1.276624646775796,-0.41686674931533885,5.265997341360723,5.877856226146536,-13.35394107616503,12.520207577534352,1.3578105806477598,1.5917768581983582,0.7176237468031167,23.399292990469412,full_rank,map3_5_no_refresh,linear_drift_corrected,155.0,block_fixed_quadratic_within,2.21407088438522,-0.18828066989873724,protocol_midpoint_estimate elapsed minutes,map_level_time_adjusted_sensitivity; sequential_not_randomized
17,3,3,14,1.072912957239902,1.915234602782308,4.7596937775959,4.3996430796096,-7.521061305950196,11.351530511514811,1.2304431338498907,1.3013909103744281,0.3778859992720116,11.596230382101975,full_rank,map3_5_no_refresh,linear_drift_corrected,160.0,global_time_poly1,2.144881169248182,0.8929327322378567,protocol_midpoint_estimate elapsed minutes,map_level_time_adjusted_sensitivity; sequential_not_randomized
17,4,4,13,1.1210159228713044,1.965087575943933,4.552028112569229,4.729708153713745,-8.252825673547328,12.183000825435194,1.1767282550959721,1.444202077550126,0.47165869938794314,12.305934921078443,full_rank,map3_5_no_refresh,linear_drift_corrected,160.0,global_time_poly2,2.144881169248182,0.9161754991922141,protocol_midpoint_estimate elapsed minutes,map_level_time_adjusted_sensitivity; sequential_not_randomized
17,5,5,12,1.3889260164496977,1.5013243271471206,4.7109621701062645,5.2892676996290025,-10.022999996328863,13.025648650623104,1.2037673785685177,2.00995083062967,0.4896298905719154,15.83883976771008,full_rank,map3_5_no_refresh,linear_drift_corrected,160.0,global_time_poly3,2.144881169248182,0.699956878111509,protocol_midpoint_estimate elapsed minutes,map_level_time_adjusted_sensitivity; sequential_not_randomized
17,6,6,11,2.1027706913146416,-2.3971724124403373,4.379475718293902,4.525383291328751,-12.357473880342251,7.563129055461577,1.0323142871184097,1.8105237181330072,0.6559390323719756,14.080900312846195,full_rank,map3_5_no_refresh,linear_drift_corrected,160.0,global_time_poly4,2.144881169248182,-1.1176248114857514,protocol_midpoint_estimate elapsed minutes,map_level_time_adjusted_sensitivity; sequential_not_randomized
17,7,7,10,3.0168438884889035,-1.1817254607489496,3.9779042718395026,4.599994176399024,-11.431151203996075,9.067700282498175,0.9256870642981064,1.4443335398063102,0.7484946457848666,14.798316647261297,full_rank,map3_5_no_refresh,linear_drift_corrected,160.0,global_time_poly5,2.144881169248182,-0.5509514828568172,protocol_midpoint_estimate elapsed minutes,map_level_time_adjusted_sensitivity; sequential_not_randomized
17,5,5,12,1.0908503246792092,1.3979517594559132,3.744786298033939,3.5240711971631713,-6.280339777570524,9.07624329648235,0.9668170342013743,1.0942365538200776,0.6707781291752584,8.385967272864548,full_rank,map3_5_no_refresh,linear_drift_corrected,160.0,block_fixed_linear_within,2.144881169248182,0.6517618689085324,protocol_midpoint_estimate elapsed minutes,map_level_time_adjusted_sensitivity; sequential_not_randomized
17,6,6,11,1.276624646775796,1.2657626398229742,3.8365986258877185,3.742508598752298,-6.971443247513665,9.502968527159613,0.9892474056173581,1.1507396300733028,0.6840478097064137,12.632024864574078,full_rank,map3_5_no_refresh,linear_drift_corrected,160.0,block_fixed_quadratic_within,2.144881169248182,0.5901318254692152,protocol_midpoint_estimate elapsed minutes,map_level_time_adjusted_sensitivity; sequential_not_randomized
17,3,3,14,1.072912957239902,2.4265840189655132,5.648193611270702,4.4363298261249025,-7.088397135315994,11.941565173247021,1.4601319690682195,1.5591902353770875,0.21663089731136953,17.41541352853259,full_rank,map3_5_no_refresh,linear_drift_corrected,165.0,global_time_poly1,2.079884770180055,1.1666915656848837,protocol_midpoint_estimate elapsed minutes,map_level_time_adjusted_sensitivity; sequential_not_randomized
17,4,4,13,1.1210159228713044,2.4451861422192547,5.817717030863966,5.610882635373456,-9.676388838322925,14.566761122761434,1.5039169005717692,1.8474823809616814,0.22830583754545497,20.647326599764167,full_rank,map3_5_no_refresh,linear_drift_corrected,165.0,global_time_poly2,2.079884770180055,1.1756353896507332,protocol_midpoint_estimate elapsed minutes,map_level_time_adjusted_sensitivity; sequential_not_randomized
17,5,5,12,1.3889260164496977,1.8863103588902692,6.0325886480938715,6.797985457118451,-12.925227570944747,16.697848288725286,1.541475639303288,2.6630640284765565,0.2516431115777612,24.246497261228757,full_rank,map3_5_no_refresh,linear_drift_corrected,165.0,global_time_poly3,2.079884770180055,0.906930223219516,protocol_midpoint_estimate elapsed minutes,map_level_time_adjusted_sensitivity; sequential_not_randomized
17,6,6,11,2.1027706913146416,-3.0172836513882784,5.65558745381966,5.431303086876337,-14.971501145515806,8.93693384273925,1.3331147621706847,2.5744215589347657,0.4869237128110957,22.775209230447018,full_rank,map3_5_no_refresh,linear_drift_corrected,165.0,global_time_poly4,2.079884770180055,-1.450697507211937,protocol_midpoint_estimate elapsed minutes,map_level_time_adjusted_sensitivity; sequential_not_randomized
17,7,7,10,3.0168438884889035,-1.4100712036324106,5.090966123298356,5.843362488375069,-14.429894190095425,11.609751782830603,1.1847045989716338,1.639926364917485,0.6316384160379649,23.186541814433895,full_rank,map3_5_no_refresh,linear_drift_corrected,165.0,global_time_poly5,2.079884770180055,-0.6779564059745199,protocol_midpoint_estimate elapsed minutes,map_level_time_adjusted_sensitivity; sequential_not_randomized
17,5,5,12,1.0908503246792092,1.836017235857137,5.045923501896741,4.438464638972266,-7.834566463543046,11.50660093525732,1.3027405055055044,1.4590271905789611,0.465495627341059,18.52531596115711,full_rank,map3_5_no_refresh,linear_drift_corrected,165.0,block_fixed_linear_within,2.079884770180055,0.8827494975590371,protocol_midpoint_estimate elapsed minutes,map_level_time_adjusted_sensitivity; sequential_not_randomized
17,6,6,11,1.276624646775796,1.5898004633828315,5.069795251476881,4.461167176509841,-8.229162288764478,11.40876321553014,1.307220871553709,1.4814039734568367,0.5066617205187736,22.10830878325432,full_rank,map3_5_no_refresh,linear_drift_corrected,165.0,block_fixed_quadratic_within,2.079884770180055,0.7643694911258007,protocol_midpoint_estimate elapsed minutes,map_level_time_adjusted_sensitivity; sequential_not_randomized
17,3,3,14,1.072912957239902,1.545878596443616,5.039148217329075,5.272427368853335,-9.762353437281888,12.85411063016912,1.3026857638720328,1.4395735332129127,0.08099855271504575,13.536057187350595,full_rank,map3_5_no_refresh,linear_drift_corrected,170.0,global_time_poly1,2.018711688704171,0.7657748281211613,protocol_midpoint_estimate elapsed minutes,map_level_time_adjusted_sensitivity; sequential_not_randomized
17,4,4,13,1.1210159228713044,1.5572875363243992,5.2110588769542305,6.41276805280928,-12.296655566119291,15.411230638768089,1.347091904496113,1.7521328171972528,0.08747109440708845,16.903081781484513,full_rank,map3_5_no_refresh,linear_drift_corrected,170.0,global_time_poly2,2.018711688704171,0.7714264226230522,protocol_midpoint_estimate elapsed minutes,map_level_time_adjusted_sensitivity; sequential_not_randomized
17,5,5,12,1.3889260164496977,0.7937168459715579,5.290573090722543,7.082079765814044,-14.636809408483776,16.224243100426893,1.3518723077329573,2.355340801564565,0.1516766612376742,19.784009543373987,full_rank,map3_5_no_refresh,linear_drift_corrected,170.0,global_time_poly3,2.018711688704171,0.39317989310353263,protocol_midpoint_estimate elapsed minutes,map_level_time_adjusted_sensitivity; sequential_not_randomized
17,6,6,11,2.1027706913146416,-3.908869245036978,4.732076001878987,4.583694034360416,-13.997511793024996,6.179773302951039,1.1154279595761456,1.8795005308349508,0.47059923626084565,16.71368994028294,full_rank,map3_5_no_refresh,linear_drift_corrected,170.0,global_time_poly4,2.018711688704171,-1.9363187259029127,protocol_midpoint_estimate elapsed minutes,map_level_time_adjusted_sensitivity; sequential_not_randomized
17,7,7,10,3.0168438884889035,-2.784657086840849,4.504567225480774,5.36163795434972,-14.731130923097275,9.161816749415578,1.0482453387347388,1.3983991125658528,0.5749552020572012,19.025764628199617,full_rank,map3_5_no_refresh,linear_drift_corrected,170.0,global_time_poly5,2.018711688704171,-1.3794228776811337,protocol_midpoint_estimate elapsed minutes,map_level_time_adjusted_sensitivity; sequential_not_randomized
17,5,5,12,1.0908503246792092,1.0259888757358513,4.416448327459621,5.479421993371814,-10.912646062562555,12.964623814034258,1.140224603978038,1.357616818039927,0.3965088750524387,13.994990629130765,full_rank,map3_5_no_refresh,linear_drift_corrected,170.0,block_fixed_linear_within,2.018711688704171,0.5082394288777525,protocol_midpoint_estimate elapsed minutes,map_level_time_adjusted_sensitivity; sequential_not_randomized
17,6,6,11,1.276624646775796,0.7772749279011566,4.375448102971887,5.6537120844939786,-11.666461469451725,13.22101132525404,1.1281869974805658,1.38258529876591,0.45841866197192194,17.100397974930686,full_rank,map3_5_no_refresh,linear_drift_corrected,170.0,block_fixed_quadratic_within,2.018711688704171,0.38503513515597476,protocol_midpoint_estimate elapsed minutes,map_level_time_adjusted_sensitivity; sequential_not_randomized
17,3,3,14,1.072912957239902,-2.277632726977871,4.955605657560539,4.95633131733863,-12.907906157311531,8.35264070335579,1.281088918811265,1.3960459166086514,0.029593546936825255,12.967656359973162,full_rank,map3_5_no_refresh,linear_drift_corrected,175.0,global_time_poly1,1.9610342118840518,-1.1614446668881155,protocol_midpoint_estimate elapsed minutes,map_level_time_adjusted_sensitivity; sequential_not_randomized
17,4,4,13,1.1210159228713044,-2.275958796279316,5.142405567385496,5.903519133836936,-15.029736495838499,10.477818903279868,1.3293445867780367,1.6605050381646382,0.029745677855136265,16.452170542994782,full_rank,map3_5_no_refresh,linear_drift_corrected,175.0,global_time_poly2,1.9610342118840518,-1.1605910710209906,protocol_midpoint_estimate elapsed minutes,map_level_time_adjusted_sensitivity; sequential_not_randomized
17,5,5,12,1.3889260164496977,-2.884837653954091,5.288994191523711,6.620282273633872,-17.30919360774087,11.53951829983269,1.3514688599273983,2.2718380812701553,0.07432097416938221,19.77386119387601,full_rank,map3_5_no_refresh,linear_drift_corrected,175.0,global_time_poly3,1.9610342118840518,-1.4710797172592418,protocol_midpoint_estimate elapsed minutes,map_level_time_adjusted_sensitivity; sequential_not_randomized
17,6,6,11,2.1027706913146416,-7.8372632123259,4.5716170968713845,3.787080515754055,-16.172571227539855,0.49804480288805575,1.0776051627872976,1.5164685786525849,0.4605153366807234,15.540791450282764,full_rank,map3_5_no_refresh,linear_drift_corrected,175.0,global_time_poly4,1.9610342118840518,-3.996494892761864,protocol_midpoint_estimate elapsed minutes,map_level_time_adjusted_sensitivity; sequential_not_randomized
17,7,7,10,3.0168438884889035,-6.983393645075628,4.551278853221828,4.772630686281276,-17.617477503259025,3.6506902131077705,1.0591154720002152,1.414869384564969,0.5262450989944328,19.376523555679967,full_rank,map3_5_no_refresh,linear_drift_corrected,175.0,global_time_poly5,1.9610342118840518,-3.5610769066422225,protocol_midpoint_estimate elapsed minutes,map_level_time_adjusted_sensitivity; sequential_not_randomized
17,5,5,12,1.0908503246792092,-2.8431019784108083,4.168678588248157,4.798739548436942,-13.298657272758454,7.612453315936837,1.0762561995446418,1.2808289802528112,0.4129438133196587,12.031941912142667,full_rank,map3_5_no_refresh,linear_drift_corrected,175.0,block_fixed_linear_within,1.9610342118840518,-1.4497972351432438,protocol_midpoint_estimate elapsed minutes,map_level_time_adjusted_sensitivity; sequential_not_randomized
17,6,6,11,1.276624646775796,-3.053948040215098,4.17537249793003,4.885360662057341,-13.806554359056314,7.698658278626119,1.0765985222412036,1.3124245953530858,0.4615227807851934,15.509015642548096,full_rank,map3_5_no_refresh,linear_drift_corrected,175.0,block_fixed_quadratic_within,1.9610342118840518,-1.5573150237297675,protocol_midpoint_estimate elapsed minutes,map_level_time_adjusted_sensitivity; sequential_not_randomized
17,3,3,14,1.072912957239902,-0.6942162747605773,5.56214156860204,5.514420992820522,-12.521473011731679,11.133040462210523,1.4378863898349912,1.5652840636814567,0.0193725769843045,16.89342611764774,full_rank,map3_5_no_refresh,linear_drift_corrected,180.0,global_time_poly1,1.9065610393317172,-0.364119616649626,protocol_midpoint_estimate elapsed minutes,map_level_time_adjusted_sensitivity; sequential_not_randomized
17,4,4,13,1.1210159228713044,-0.7094079268212978,5.742599177795563,6.366221896295392,-14.462794171653654,13.043978318011058,1.4844984571918476,1.8166352769385576,0.029423647278827403,20.20546274329134,full_rank,map3_5_no_refresh,linear_drift_corrected,180.0,global_time_poly2,1.9065610393317172,-0.3720877077557179,protocol_midpoint_estimate elapsed minutes,map_level_time_adjusted_sensitivity; sequential_not_randomized
17,5,5,12,1.3889260164496977,-1.374573156176058,5.9124082302089445,6.62374371644108,-15.806470945960331,13.057324633608214,1.5107665694001975,2.337660791770537,0.07209646198778197,23.562315903381645,full_rank,map3_5_no_refresh,linear_drift_corrected,180.0,global_time_poly3,1.9065610393317172,-0.7209699179932207,protocol_midpoint_estimate elapsed minutes,map_level_time_adjusted_sensitivity; sequential_not_randomized
17,6,6,11,2.1027706913146416,-5.467132652406876,5.881838882650959,5.5898115291848445,-17.770224875803294,6.835959570989541,1.386445936376736,2.2733878685838964,0.28364975136086135,24.108874931473135,full_rank,map3_5_no_refresh,linear_drift_corrected,180.0,global_time_poly4,1.9065610393317172,-2.867536123744143,protocol_midpoint_estimate elapsed minutes,map_level_time_adjusted_sensitivity; sequential_not_randomized
17,7,7,10,3.0168438884889035,-4.254221976956105,5.766042754501001,7.0080329332066755,-19.869092431283708,11.360648477371498,1.3417998084612415,1.540669536873229,0.39003866888039396,27.420167191954192,full_rank,map3_5_no_refresh,linear_drift_corrected,180.0,global_time_poly5,1.9065610393317172,-2.231358917544693,protocol_midpoint_estimate elapsed minutes,map_level_time_adjusted_sensitivity; sequential_not_randomized
17,5,5,12,1.0908503246792092,-1.197700618003696,5.296899089363281,6.644804546193612,-15.67548601385614,13.28008477784875,1.3675365856606632,1.6524541684676635,0.23969822196842228,20.175705945695196,full_rank,map3_5_no_refresh,linear_drift_corrected,180.0,block_fixed_linear_within,1.9065610393317172,-0.6281994613838909,protocol_midpoint_estimate elapsed minutes,map_level_time_adjusted_sensitivity; sequential_not_randomized
17,6,6,11,1.276624646775796,-1.5068474537725323,5.225461532240733,7.039421789849371,-17.000510348795547,13.986815441250483,1.347358628823565,1.6862170596366295,0.32347172293243653,23.136560345786943,full_rank,map3_5_no_refresh,linear_drift_corrected,180.0,block_fixed_quadratic_within,1.9065610393317172,-0.7903483930945681,protocol_midpoint_estimate elapsed minutes,map_level_time_adjusted_sensitivity; sequential_not_randomized
17,3,3,14,1.072912957239902,-3.670702275622908,5.010583032351512,4.977889594635841,-14.34721361211805,7.0058090608722345,1.2953012897093805,1.4331788604149458,0.03696232588496717,13.342774624732462,full_rank,map3_5_no_refresh,linear_drift_corrected,185.0,global_time_poly1,1.8550323625930223,-1.9787807208343715,protocol_midpoint_estimate elapsed minutes,map_level_time_adjusted_sensitivity; sequential_not_randomized
17,4,4,13,1.1210159228713044,-3.6794759526137915,5.188898396859476,5.962066831526905,-16.55973826317034,9.200786357942757,1.3413632792703625,1.705141585551931,0.04101939472028282,16.75818552014009,full_rank,map3_5_no_refresh,linear_drift_corrected,185.0,global_time_poly2,1.8550323625930223,-1.9835103833285717,protocol_midpoint_estimate elapsed minutes,map_level_time_adjusted_sensitivity; sequential_not_randomized
17,5,5,12,1.3889260164496977,-4.0404229016987765,5.420304163433614,7.502799044194878,-20.387617717577005,12.306771914179453,1.3850218062169932,2.6604431452073563,0.056225771800432645,20.607671710582142,full_rank,map3_5_no_refresh,linear_drift_corrected,185.0,global_time_poly3,1.8550323625930223,-2.1780875542521247,protocol_midpoint_estimate elapsed minutes,map_level_time_adjusted_sensitivity; sequential_not_randomized
17,6,6,11,2.1027706913146416,-9.51531260215175,4.4021813809173915,4.126437271400353,-18.597539800517104,-0.43308540378639826,1.03766638436302,2.1799320781898355,0.5143964798336238,14.256720033610975,full_rank,map3_5_no_refresh,linear_drift_corrected,185.0,global_time_poly4,1.8550323625930223,-5.129459083318066,protocol_midpoint_estimate elapsed minutes,map_level_time_adjusted_sensitivity; sequential_not_randomized
17,7,7,10,3.0168438884889035,-8.2918327779441,3.996440732412259,5.320210229085711,-20.14599988999126,3.562334334103058,0.9300006325987679,1.510666761260434,0.645398855112236,14.956383747262063,full_rank,map3_5_no_refresh,linear_drift_corrected,185.0,global_time_poly5,1.8550323625930223,-4.469912733141494,protocol_midpoint_estimate elapsed minutes,map_level_time_adjusted_sensitivity; sequential_not_randomized
17,5,5,12,1.0908503246792092,-4.054387954842504,4.929998984532934,5.682995014366343,-16.436570403057132,8.327794493372123,1.2728114817511331,1.515654197823137,0.20295459897471924,17.735091093265392,full_rank,map3_5_no_refresh,linear_drift_corrected,185.0,block_fixed_linear_within,1.8550323625930223,-2.185615753449796,protocol_midpoint_estimate elapsed minutes,map_level_time_adjusted_sensitivity; sequential_not_randomized
17,6,6,11,1.276624646775796,-4.525797937686571,4.326735901499377,4.979219075269292,-15.484985231156225,6.433389355783083,1.115626804552529,1.3246778931850405,0.4386881494685567,16.71975050797822,full_rank,map3_5_no_refresh,linear_drift_corrected,185.0,block_fixed_quadratic_within,1.8550323625930223,-2.439740690755534,protocol_midpoint_estimate elapsed minutes,map_level_time_adjusted_sensitivity; sequential_not_randomized
17,3,3,14,1.072912957239902,0.7119411526266105,4.4400682174177355,3.607876425911196,-7.026184177317026,8.450066482570247,1.1478157434544538,1.1968040751081228,0.0034278726805748727,9.232768215794353,full_rank,map3_5_no_refresh,linear_drift_corrected,190.0,global_time_poly1,1.8062157214721533,0.3941617516463338,protocol_midpoint_estimate elapsed minutes,map_level_time_adjusted_sensitivity; sequential_not_randomized
17,4,4,13,1.1210159228713044,0.7045767229990678,4.599079542350805,4.1283215956502906,-8.214119856034934,9.62327330203307,1.188891349325062,1.3456736912300364,0.007194824167359393,12.655567505502376,full_rank,map3_5_no_refresh,linear_drift_corrected,190.0,global_time_poly2,1.8062157214721533,0.39008448139561297,protocol_midpoint_estimate elapsed minutes,map_level_time_adjusted_sensitivity; sequential_not_randomized
17,5,5,12,1.3889260164496977,0.5294802285569425,4.831214972517633,4.811629355713714,-9.954159543257223,11.013120000371106,1.234494944508829,1.75765618477153,0.011910637526954204,16.695837429121166,full_rank,map3_5_no_refresh,linear_drift_corrected,190.0,global_time_poly3,1.8062157214721533,0.2931434059965941,protocol_midpoint_estimate elapsed minutes,map_level_time_adjusted_sensitivity; sequential_not_randomized
17,6,6,11,2.1027706913146416,-2.347350542545936,4.98731647909843,4.471663435911626,-12.189415405872955,7.494714320781084,1.1755923281520255,1.661986816433955,0.17862303745616126,18.499845196423795,full_rank,map3_5_no_refresh,linear_drift_corrected,190.0,global_time_poly4,1.8062157214721533,-1.2995958980097524,protocol_midpoint_estimate elapsed minutes,map_level_time_adjusted_sensitivity; sequential_not_randomized
17,7,7,10,3.0168438884889035,-1.2819585410465846,4.85784834645393,5.576803086850432,-13.707850168616032,11.143933086522862,1.1304564080308728,1.9666325283868105,0.30953131567488945,21.592893547464868,full_rank,map3_5_no_refresh,linear_drift_corrected,190.0,global_time_poly5,1.8062157214721533,-0.7097483018261663,protocol_midpoint_estimate elapsed minutes,map_level_time_adjusted_sensitivity; sequential_not_randomized
17,5,5,12,1.0908503246792092,0.3208674675194447,4.261047329333722,4.617109179710959,-9.738949249191531,10.380684184230422,1.1001036677849911,1.294593337401569,0.2153340311223897,12.777081891341908,full_rank,map3_5_no_refresh,linear_drift_corrected,190.0,block_fixed_linear_within,1.8062157214721533,0.17764625991513472,protocol_midpoint_estimate elapsed minutes,map_level_time_adjusted_sensitivity; sequential_not_randomized
17,6,6,11,1.276624646775796,0.09486128737100064,4.248652713848532,4.871236543418536,-10.626658055946955,10.816380630688958,1.0954934525034705,1.3109810443518153,0.28673879346355746,16.100559501351583,full_rank,map3_5_no_refresh,linear_drift_corrected,190.0,block_fixed_quadratic_within,1.8062157214721533,0.0525193564884288,protocol_midpoint_estimate elapsed minutes,map_level_time_adjusted_sensitivity; sequential_not_randomized
17,3,3,14,1.072912957239902,-2.2152828454579585,4.489906927021393,4.76517850031748,-12.435574258486836,8.00500856757092,1.1606997021495307,1.2746388123937773,0.01752897163970757,9.612284103164429,full_rank,map3_5_no_refresh,linear_drift_corrected,195.0,global_time_poly1,1.759902497844662,-1.2587531685255273,protocol_midpoint_estimate elapsed minutes,map_level_time_adjusted_sensitivity; sequential_not_randomized
17,4,4,13,1.1210159228713044,-2.260294361482379,4.32586051396054,4.298121320652495,-11.545820944286842,7.025232221322084,1.1182624905864829,1.236640087986451,0.1531961210356506,10.573234084262559,full_rank,map3_5_no_refresh,linear_drift_corrected,195.0,global_time_poly2,1.759902497844662,-1.284329310430858,protocol_midpoint_estimate elapsed minutes,map_level_time_adjusted_sensitivity; sequential_not_randomized
17,5,5,12,1.3889260164496977,-2.245056338321519,4.5549438513903615,4.705352463500461,-12.49713865388469,8.007025977241653,1.1639008384122267,1.5490202318455009,0.15323055401397256,14.69375493262227,full_rank,map3_5_no_refresh,linear_drift_corrected,195.0,global_time_poly3,1.759902497844662,-1.2756708630569142,protocol_midpoint_estimate elapsed minutes,map_level_time_adjusted_sensitivity; sequential_not_randomized
17,6,6,11,2.1027706913146416,-5.061840823888353,4.66450300610982,4.221389349069749,-14.35305613612309,4.229374488346384,1.0994998957066469,1.349072504103197,0.3073161836763577,16.22467761796888,full_rank,map3_5_no_refresh,linear_drift_corrected,195.0,global_time_poly4,1.759902497844662,-2.8762052614207594,protocol_midpoint_estimate elapsed minutes,map_level_time_adjusted_sensitivity; sequential_not_randomized
17,7,7,10,3.0168438884889035,-4.221770731600699,4.666319764217813,4.945000190043089,-15.23991777800971,6.796376314808311,1.08588632315617,2.9485888630697317,0.38578460556395144,20.225246577962643,full_rank,map3_5_no_refresh,linear_drift_corrected,195.0,global_time_poly5,1.759902497844662,-2.398866264904486,protocol_midpoint_estimate elapsed minutes,map_level_time_adjusted_sensitivity; sequential_not_randomized
17,5,5,12,1.0908503246792092,-2.673048194022315,3.934854639079362,4.41414984574665,-12.290654509991914,6.944558121947282,1.015888274897162,1.1898603591302406,0.3549028657701262,10.069286485531432,full_rank,map3_5_no_refresh,linear_drift_corrected,195.0,block_fixed_linear_within,1.759902497844662,-1.5188615263038578,protocol_midpoint_estimate elapsed minutes,map_level_time_adjusted_sensitivity; sequential_not_randomized
17,6,6,11,1.276624646775796,-2.7593088324416364,4.083001294752662,4.6574113383294184,-13.010202072506752,7.491584407623479,1.0527810781957447,1.2545237088760635,0.36493117017956567,14.748393280643098,full_rank,map3_5_no_refresh,linear_drift_corrected,195.0,block_fixed_quadratic_within,1.759902497844662,-1.5678759680271714,protocol_midpoint_estimate elapsed minutes,map_level_time_adjusted_sensitivity; sequential_not_randomized
17,3,3,14,1.072912957239902,3.414237806169533,2.8953400433407133,3.5849905533764663,-4.27480220902025,11.103277821359317,0.7484832938745598,0.8481947050710834,0.10430841657063106,-5.304515824052135,full_rank,map3_5_no_refresh,linear_drift_corrected,200.0,global_time_poly1,1.7159049353985454,1.9897593017742112,protocol_midpoint_estimate elapsed minutes,map_level_time_adjusted_sensitivity; sequential_not_randomized
17,4,4,13,1.1210159228713044,3.389478411432644,2.8497681885490365,3.4667705914648352,-4.100024113508793,10.87898093637408,0.7366832244905908,0.8399248096150775,0.1943041105623381,-3.617462526813718,full_rank,map3_5_no_refresh,linear_drift_corrected,200.0,global_time_poly2,1.7159049353985454,1.9753299506918112,protocol_midpoint_estimate elapsed minutes,map_level_time_adjusted_sensitivity; sequential_not_randomized
17,5,5,12,1.3889260164496977,3.6184939991209912,2.968820396991296,3.9960511296935763,-5.088153470246366,12.325141468488349,0.758607056835344,1.075904411061185,0.21135557488788304,0.14010584294059836,full_rank,map3_5_no_refresh,linear_drift_corrected,200.0,global_time_poly3,1.7159049353985454,2.10879631177268,protocol_midpoint_estimate elapsed minutes,map_level_time_adjusted_sensitivity; sequential_not_randomized
17,6,6,11,2.1027706913146416,0.9393565967527484,2.63070670358087,2.883845559840678,-5.407944684427687,7.286657877933184,0.6201007357982704,0.8355068767385602,0.5169596465999774,-3.2481006709809908,full_rank,map3_5_no_refresh,linear_drift_corrected,200.0,global_time_poly4,1.7159049353985454,0.5474409318221166,protocol_midpoint_estimate elapsed minutes,map_level_time_adjusted_sensitivity; sequential_not_randomized
17,7,7,10,3.0168438884889035,0.9832894479761412,2.7934256101170227,3.559943155526627,-6.948758207639399,8.91533710359168,0.650050321891885,2.139594978139487,0.5174301436610094,2.779777149395356,full_rank,map3_5_no_refresh,linear_drift_corrected,200.0,global_time_poly5,1.7159049353985454,0.5730442448711514,protocol_midpoint_estimate elapsed minutes,map_level_time_adjusted_sensitivity; sequential_not_randomized
17,5,5,12,1.0908503246792092,3.1702109825880114,2.798255083955183,3.56321600114879,-4.593369755576951,10.933791720752975,0.7224446112262368,0.8586595550806576,0.28475209744304164,-1.520562184309834,full_rank,map3_5_no_refresh,linear_drift_corrected,200.0,block_fixed_linear_within,1.7159049353985454,1.8475446495826302,protocol_midpoint_estimate elapsed minutes,map_level_time_adjusted_sensitivity; sequential_not_randomized
17,6,6,11,1.276624646775796,3.110368615628101,2.9047172866001136,3.724574869756451,-5.08736540032373,11.308102631579931,0.748966550848457,0.9010436145170662,0.29533327403152754,3.1715203228527162,full_rank,map3_5_no_refresh,linear_drift_corrected,200.0,block_fixed_quadratic_within,1.7159049353985454,1.8126695433192341,protocol_midpoint_estimate elapsed minutes,map_level_time_adjusted_sensitivity; sequential_not_randomized
17,3,3,14,1.072912957239902,-59.7140259699936,543.7113768139944,672.4880617620743,-1502.057468620347,1382.6294166803598,140.55650671181667,167.61006901735848,0.96435975761347,172.6962276920106,full_rank,map3_5_no_refresh,far_constant_referenced,20.0,global_time_poly1,17.159049353985456,-3.4800311333170733,protocol_midpoint_estimate elapsed minutes,map_level_time_adjusted_sensitivity; sequential_not_randomized
17,4,4,13,1.1210159228713044,-73.7088656365691,168.99911781918155,185.4482081649748,-474.3453619530379,326.9276306798997,43.6873481679535,52.931310536459975,0.9968028322534043,135.1928360768193,full_rank,map3_5_no_refresh,far_constant_referenced,20.0,global_time_poly2,17.159049353985456,-4.295626413560555,protocol_midpoint_estimate elapsed minutes,map_level_time_adjusted_sensitivity; sequential_not_randomized
17,5,5,12,1.3889260164496977,-88.11169346487318,175.82184339645087,276.82716326199306,-691.2662683794332,515.0428814496869,44.92683062994242,75.98995439418215,0.9968789299657645,138.9045277862355,full_rank,map3_5_no_refresh,far_constant_referenced,20.0,global_time_poly3,17.159049353985456,-5.134998544916935,protocol_midpoint_estimate elapsed minutes,map_level_time_adjusted_sensitivity; sequential_not_randomized
17,6,6,11,2.1027706913146416,-247.49558063788103,155.35018364440697,190.02183119738484,-665.7308111951122,170.73964991935011,36.61858733745073,44.57420819207469,0.9980993306960532,135.41849550493956,full_rank,map3_5_no_refresh,far_constant_referenced,20.0,global_time_poly4,17.159049353985456,-14.423618437835913,protocol_midpoint_estimate elapsed minutes,map_level_time_adjusted_sensitivity; sequential_not_randomized
17,7,7,10,3.0168438884889035,-241.37786254977516,164.59201092693704,256.18618638302894,-812.196257766533,329.4405326669827,38.30175011512332,63.817474792742445,0.9981096251075567,141.37061423823906,full_rank,map3_5_no_refresh,far_constant_referenced,20.0,global_time_poly5,17.159049353985456,-14.067088308345673,protocol_midpoint_estimate elapsed minutes,map_level_time_adjusted_sensitivity; sequential_not_randomized
17,5,5,12,1.0908503246792092,-55.86856222683764,468.3067358459511,566.7238906221854,-1290.6538459912226,1178.9167215375473,120.90594587061412,156.05703825827663,0.97739589753415,172.56377149239748,full_rank,map3_5_no_refresh,far_constant_referenced,20.0,block_fixed_linear_within,17.159049353985456,-3.2559240942949614,protocol_midpoint_estimate elapsed minutes,map_level_time_adjusted_sensitivity; sequential_not_randomized
17,6,6,11,1.276624646775796,-101.76396222441758,406.62504850122235,532.2384417208169,-1273.212874077609,1069.684949628774,104.84619672608903,155.08867259767698,0.984418518413749,171.1844052179091,full_rank,map3_5_no_refresh,far_constant_referenced,20.0,block_fixed_quadratic_within,17.159049353985456,-5.930629379580479,protocol_midpoint_estimate elapsed minutes,map_level_time_adjusted_sensitivity; sequential_not_randomized
17,3,3,14,1.072912957239902,29.45798875371031,347.73162478574716,416.2343326580168,-863.2758669851901,922.1918444926107,89.89317593372598,107.33135745699995,0.9799531133263235,157.498650664736,full_rank,map3_5_no_refresh,far_constant_referenced,25.0,global_time_poly1,13.727239483188363,2.145951397568846,protocol_midpoint_estimate elapsed minutes,map_level_time_adjusted_sensitivity; sequential_not_randomized
17,4,4,13,1.1210159228713044,20.88454151391076,146.48388072810042,175.72023254460055,-358.7359411814847,400.50502420930616,37.86701599950689,51.50487151446295,0.9966968296656766,130.33158062035005,full_rank,map3_5_no_refresh,far_constant_referenced,25.0,global_time_poly2,13.727239483188363,1.5213941258537733,protocol_midpoint_estimate elapsed minutes,map_level_time_adjusted_sensitivity; sequential_not_randomized
17,5,5,12,1.3889260164496977,-25.174068580627555,126.82012167963167,167.0153037896758,-389.0691552277064,338.72101806645134,32.405678481724486,52.0837898347842,0.9977669989131017,127.79667640557975,full_rank,map3_5_no_refresh,far_constant_referenced,25.0,global_time_poly3,13.727239483188363,-1.833876986808457,protocol_midpoint_estimate elapsed minutes,map_level_time_adjusted_sensitivity; sequential_not_randomized
17,6,6,11,2.1027706913146416,-117.28312087654464,124.26955945792793,151.84146442573618,-451.483930762853,216.91768900976368,29.29237423248127,44.53609199490576,0.9983274955423883,127.82871816815185,full_rank,map3_5_no_refresh,far_constant_referenced,25.0,global_time_poly4,13.727239483188363,-8.54382419860747,protocol_midpoint_estimate elapsed minutes,map_level_time_adjusted_sensitivity; sequential_not_randomized
17,7,7,10,3.0168438884889035,-98.05013537433513,126.37757809735784,192.87514999378305,-527.8027506540482,331.70247990537797,29.40897549753,49.13573290403002,0.9984674126310599,132.3879613470794,full_rank,map3_5_no_refresh,far_constant_referenced,25.0,global_time_poly5,13.727239483188363,-7.14274239146307,protocol_midpoint_estimate elapsed minutes,map_level_time_adjusted_sensitivity; sequential_not_randomized
17,5,5,12,1.0908503246792092,29.613623657703556,312.8179320246271,365.4516229479843,-766.6370610426825,825.8643083580896,80.76234028196504,105.0761690598349,0.9861303823997793,158.8446978746946,full_rank,map3_5_no_refresh,far_constant_referenced,25.0,block_fixed_linear_within,13.727239483188363,2.157289067038651,protocol_midpoint_estimate elapsed minutes,map_level_time_adjusted_sensitivity; sequential_not_randomized
17,6,6,11,1.276624646775796,-3.134600051392681,262.83904699265304,357.78548941832247,-790.6151527541354,784.34595265135,67.77170892414077,106.27538786386525,0.9910472798374852,156.34851719081087,full_rank,map3_5_no_refresh,far_constant_referenced,25.0,block_fixed_quadratic_within,13.727239483188363,-0.2283489011196752,protocol_midpoint_estimate elapsed minutes,map_level_time_adjusted_sensitivity; sequential_not_randomized
17,3,3,14,1.072912957239902,61.18393178777069,218.42947433087247,248.69707817394573,-472.21825080354347,594.5861143790848,56.466877803347884,67.56504045339463,0.9887913001250832,141.68974551181992,full_rank,map3_5_no_refresh,far_constant_referenced,30.0,global_time_poly1,11.439366235990303,5.348542089270212,protocol_midpoint_estimate elapsed minutes,map_level_time_adjusted_sensitivity; sequential_not_randomized
17,4,4,13,1.1210159228713044,56.7640191330547,149.92093898482523,200.98347437272452,-377.4343793684145,490.96241763452394,38.75551744657203,56.74882992588514,0.9950971332916777,131.1201320281934,full_rank,map3_5_no_refresh,far_constant_referenced,30.0,global_time_poly2,11.439366235990303,4.96216468308051,protocol_midpoint_estimate elapsed minutes,map_level_time_adjusted_sensitivity; sequential_not_randomized
17,5,5,12,1.3889260164496977,-8.481622590973458,97.2282650381638,127.8384480849821,-287.01767340279326,270.0544282208463,24.844227039317417,39.78398188944861,0.9981401758641625,118.76259570258252,full_rank,map3_5_no_refresh,far_constant_referenced,30.0,global_time_poly3,11.439366235990303,-0.7414416512244139,protocol_midpoint_estimate elapsed minutes,map_level_time_adjusted_sensitivity; sequential_not_randomized
17,6,6,11,2.1027706913146416,-74.86756927923098,97.11063808019618,114.39105075575384,-326.6405744389406,176.9054358804786,22.890570828515788,37.22541692252059,0.9985527432438401,119.44424522141409,full_rank,map3_5_no_refresh,far_constant_referenced,30.0,global_time_poly4,11.439366235990303,-6.54473051519971,protocol_midpoint_estimate elapsed minutes,map_level_time_adjusted_sensitivity; sequential_not_randomized
17,7,7,10,3.0168438884889035,-58.399970569798654,97.84990523495885,145.3127955201368,-382.17705595585215,265.37711481625485,22.770379910854622,41.08513434035874,0.9986980922631724,123.68942337437902,full_rank,map3_5_no_refresh,far_constant_referenced,30.0,global_time_poly5,11.439366235990303,-5.1051753536889,protocol_midpoint_estimate elapsed minutes,map_level_time_adjusted_sensitivity; sequential_not_randomized
17,5,5,12,1.0908503246792092,57.36375914139421,217.48046157621474,251.1562080940665,-489.85860930357296,604.5861275863614,56.148414922435784,72.99112792362017,0.9905006059818213,146.48527900107507,full_rank,map3_5_no_refresh,far_constant_referenced,30.0,block_fixed_linear_within,11.439366235990303,5.014592413425625,protocol_midpoint_estimate elapsed minutes,map_level_time_adjusted_sensitivity; sequential_not_randomized
17,6,6,11,1.276624646775796,32.15175791726631,171.0036708070593,250.80270779650297,-519.8612800514568,584.1647958859894,44.09242513810954,70.89467646543805,0.994630172777716,141.73338486082096,full_rank,map3_5_no_refresh,far_constant_referenced,30.0,block_fixed_quadratic_within,11.439366235990303,2.810624055038215,protocol_midpoint_estimate elapsed minutes,map_level_time_adjusted_sensitivity; sequential_not_randomized
17,3,3,14,1.072912957239902,77.58166877282429,149.8668882915171,159.58589343084188,-264.6960310369748,419.85936858262335,38.74255200150434,45.7736411063137,0.9924149635139935,128.8814116516841,full_rank,map3_5_no_refresh,far_constant_referenced,35.0,global_time_poly1,9.80517105942026,7.9123218047571084,protocol_midpoint_estimate elapsed minutes,map_level_time_adjusted_sensitivity; sequential_not_randomized
17,4,4,13,1.1210159228713044,76.15418761291127,145.51199778130902,204.5763692514349,-365.80618837048314,518.1145635963057,37.615778068665136,56.7713198053374,0.9933604806566533,130.10524768452478,full_rank,map3_5_no_refresh,far_constant_referenced,35.0,global_time_poly2,9.80517105942026,7.766737280911237,protocol_midpoint_estimate elapsed minutes,map_level_time_adjusted_sensitivity; sequential_not_randomized
17,5,5,12,1.3889260164496977,5.36240489029025,72.57927538995492,95.59692571221636,-202.9254033278674,213.65021310844793,18.545800394868763,30.54312452056721,0.9985102081374283,108.82160621889184,full_rank,map3_5_no_refresh,far_constant_referenced,35.0,global_time_poly3,9.80517105942026,0.5468955980261406,protocol_midpoint_estimate elapsed minutes,map_level_time_adjusted_sensitivity; sequential_not_randomized
17,6,6,11,2.1027706913146416,-43.276917433281,72.8692072463934,85.76161975626833,-232.03696982150424,145.48313495494224,17.17646781719091,31.52095461877206,0.9988285774110599,109.67996288267692,full_rank,map3_5_no_refresh,far_constant_referenced,35.0,global_time_poly4,9.80517105942026,-4.4136830628470225,protocol_midpoint_estimate elapsed minutes,map_level_time_adjusted_sensitivity; sequential_not_randomized
17,7,7,10,3.0168438884889035,-29.916371356969094,72.72775483283588,107.13424484777745,-268.6263446782266,208.79360196428837,16.92427400548481,39.54444858089009,0.9989661124985657,113.60122756100019,full_rank,map3_5_no_refresh,far_constant_referenced,35.0,global_time_poly5,9.80517105942026,-3.0510810240507857,protocol_midpoint_estimate elapsed minutes,map_level_time_adjusted_sensitivity; sequential_not_randomized
17,5,5,12,1.0908503246792092,71.91001477633336,158.79770565455715,184.59892856150745,-330.2964991155998,474.1165286682665,40.99788735595569,52.886741256451856,0.992719563957467,135.7930299260739,full_rank,map3_5_no_refresh,far_constant_referenced,35.0,block_fixed_linear_within,9.80517105942026,7.333886817532493,protocol_midpoint_estimate elapsed minutes,map_level_time_adjusted_sensitivity; sequential_not_randomized
17,6,6,11,1.276624646775796,53.926860441727854,127.03855427084456,194.6341336429319,-374.4599793519667,482.3137002354224,32.756243871284454,50.93589396070637,0.9957397599972561,131.6287750685176,full_rank,map3_5_no_refresh,far_constant_referenced,35.0,block_fixed_quadratic_within,9.80517105942026,5.499838821263393,protocol_midpoint_estimate elapsed minutes,map_level_time_adjusted_sensitivity; sequential_not_randomized
17,3,3,14,1.072912957239902,87.73421279218667,137.33066150347312,151.4798926664084,-237.15784448581104,412.6262700701844,35.5017733093245,41.15792644275852,0.9906668782187772,125.91131161936798,full_rank,map3_5_no_refresh,far_constant_referenced,40.0,global_time_poly1,8.579524676992728,10.22599923600185,protocol_midpoint_estimate elapsed minutes,map_level_time_adjusted_sensitivity; sequential_not_randomized
17,4,4,13,1.1210159228713044,88.36143144620092,140.46128754460548,206.1170111451968,-356.9272989953075,533.6501618877094,36.310137308797984,56.31334436709969,0.9909343710724917,128.90414243884484,full_rank,map3_5_no_refresh,far_constant_referenced,40.0,global_time_poly2,8.579524676992728,10.299105693250729,protocol_midpoint_estimate elapsed minutes,map_level_time_adjusted_sensitivity; sequential_not_randomized
17,5,5,12,1.3889260164496977,17.524130226064344,60.35615505489794,88.48997789798993,-175.2789689147084,210.32722936683706,15.422490762491227,29.315028917319705,0.998490305449113,102.5514456786898,full_rank,map3_5_no_refresh,far_constant_referenced,40.0,global_time_poly3,8.579524676992728,2.042552575559099,protocol_midpoint_estimate elapsed minutes,map_level_time_adjusted_sensitivity; sequential_not_randomized
17,6,6,11,2.1027706913146416,-33.29063565538708,55.63185433345248,66.13489648543401,-178.8525613834493,112.27129007267514,13.113340897728701,30.781971165143332,0.9989994974685753,100.50301622738601,full_rank,map3_5_no_refresh,far_constant_referenced,40.0,global_time_poly4,8.579524676992728,-3.880242427026391,protocol_midpoint_estimate elapsed minutes,map_level_time_adjusted_sensitivity; sequential_not_randomized
17,7,7,10,3.0168438884889035,-18.47884782073799,51.26622292499389,77.66217106737737,-191.52094850390887,154.56325286243288,11.930020471594853,36.18566599283448,0.9992471972763699,101.71173454725887,full_rank,map3_5_no_refresh,far_constant_referenced,40.0,global_time_poly5,8.579524676992728,-2.1538311872092133,protocol_midpoint_estimate elapsed minutes,map_level_time_adjusted_sensitivity; sequential_not_randomized
17,5,5,12,1.0908503246792092,79.53875914611359,130.4049143430313,155.45265667447148,-259.1634836214874,418.24100191371457,33.66752666142956,42.71656445996129,0.9928054692133924,129.0954799083428,full_rank,map3_5_no_refresh,far_constant_referenced,40.0,block_fixed_linear_within,8.579524676992728,9.27076523940873,protocol_midpoint_estimate elapsed minutes,map_level_time_adjusted_sensitivity; sequential_not_randomized
17,6,6,11,1.276624646775796,65.69094561514578,108.69644991022665,161.54285761012255,-289.86248670212683,421.2443779324184,28.026825727340423,39.51279885570912,0.9954297567578045,126.32710463802015,full_rank,map3_5_no_refresh,far_constant_referenced,40.0,block_fixed_quadratic_within,8.579524676992728,7.656711541526983,protocol_midpoint_estimate elapsed minutes,map_level_time_adjusted_sensitivity; sequential_not_randomized
17,3,3,14,1.072912957239902,85.16916964613495,138.98967065430483,156.43361768396448,-250.3475711051181,420.685910397388,35.93064888704413,40.83505193831422,0.9857086758907174,126.31958406509199,full_rank,map3_5_no_refresh,far_constant_referenced,45.0,global_time_poly1,7.626244157326869,11.167904920052838,protocol_midpoint_estimate elapsed minutes,map_level_time_adjusted_sensitivity; sequential_not_randomized
17,4,4,13,1.1210159228713044,87.07490686920279,124.22156634428863,178.4232753692383,-298.38514482161185,472.5349585600174,32.11206596153908,49.1665046396826,0.9894002857179508,124.72672833068378,full_rank,map3_5_no_refresh,far_constant_referenced,45.0,global_time_poly2,7.626244157326869,11.417796896201663,protocol_midpoint_estimate elapsed minutes,map_level_time_adjusted_sensitivity; sequential_not_randomized
17,5,5,12,1.3889260164496977,23.87341435663719,50.94893352924564,71.4775100771293,-131.86270163180833,179.60953034508273,13.018712938206052,23.43541932681005,0.9983918310965813,96.79051614552799,full_rank,map3_5_no_refresh,far_constant_referenced,45.0,global_time_poly3,7.626244157326869,3.1304288014042863,protocol_midpoint_estimate elapsed minutes,map_level_time_adjusted_sensitivity; sequential_not_randomized
17,6,6,11,2.1027706913146416,-20.74432959516527,45.9711995423306,53.460229754547306,-138.40950193954882,96.92084274921827,10.836166047292696,19.656523703321202,0.9989786883170817,94.01782721299604,full_rank,map3_5_no_refresh,far_constant_referenced,45.0,global_time_poly4,7.626244157326869,-2.7201239780967774,protocol_midpoint_estimate elapsed minutes,map_level_time_adjusted_sensitivity; sequential_not_randomized
17,7,7,10,3.0168438884889035,-11.767006577784471,45.46998924942487,66.53081477204027,-160.00689982425024,136.47288666868133,10.581195017672568,22.33365479623621,0.9991147136873649,97.63242877958876,full_rank,map3_5_no_refresh,far_constant_referenced,45.0,global_time_poly5,7.626244157326869,-1.542962215087146,protocol_midpoint_estimate elapsed minutes,map_level_time_adjusted_sensitivity; sequential_not_randomized
17,5,5,12,1.0908503246792092,77.63081658115237,113.29720087470625,134.27531587825717,-214.92996436150236,370.1915975238071,29.250711526719034,36.148729645881936,0.9918816377181845,124.31406422076687,full_rank,map3_5_no_refresh,far_constant_referenced,45.0,block_fixed_linear_within,7.626244157326869,10.179429740204295,protocol_midpoint_estimate elapsed minutes,map_level_time_adjusted_sensitivity; sequential_not_randomized
17,6,6,11,1.276624646775796,68.36314427741172,104.8837737338543,144.4308466231069,-249.52700579826308,386.2532943530865,27.043746603429526,34.89501723957513,0.9936387756414019,125.11308996806889,full_rank,map3_5_no_refresh,far_constant_referenced,45.0,block_fixed_quadratic_within,7.626244157326869,8.964195594463394,protocol_midpoint_estimate elapsed minutes,map_level_time_adjusted_sensitivity; sequential_not_randomized
17,3,3,14,1.072912957239902,84.70288458555098,139.62262134234152,163.3603018832294,-265.67011622768996,435.0758853987919,36.09427492362367,40.90395706931885,0.9781930451163451,126.47406655588034,full_rank,map3_5_no_refresh,far_constant_referenced,50.0,global_time_poly1,6.8636197415941815,12.340847508238769,protocol_midpoint_estimate elapsed minutes,map_level_time_adjusted_sensitivity; sequential_not_randomized
17,4,4,13,1.1210159228713044,87.37166400685709,102.25343674159491,147.47698503875907,-231.2329920202477,405.9763200339619,26.433164562903045,40.68345549908023,0.9891399451869717,118.10990703783825,full_rank,map3_5_no_refresh,far_constant_referenced,50.0,global_time_poly2,6.8636197415941815,12.729677239748085,protocol_midpoint_estimate elapsed minutes,map_level_time_adjusted_sensitivity; sequential_not_randomized
17,5,5,12,1.3889260164496977,35.993677192739796,44.74122858247112,67.4917530113513,-111.05822016486704,183.04557455034663,11.432490752402122,21.85434373361345,0.9981247753248383,92.37295015252734,full_rank,map3_5_no_refresh,far_constant_referenced,50.0,global_time_poly3,6.8636197415941815,5.244124608858315,protocol_midpoint_estimate elapsed minutes,map_level_time_adjusted_sensitivity; sequential_not_randomized
17,6,6,11,2.1027706913146416,-6.897886731398412,37.999871706356785,43.711009499931556,-103.10516997299257,89.30939651019574,8.957193279386551,17.680690301062693,0.9989448190989992,87.54312833535761,full_rank,map3_5_no_refresh,far_constant_referenced,50.0,global_time_poly4,6.8636197415941815,-1.0049925536516204,protocol_midpoint_estimate elapsed minutes,map_level_time_adjusted_sensitivity; sequential_not_randomized
17,7,7,10,3.0168438884889035,0.3459881955618833,37.721275980037234,57.722305499777235,-128.26732331348123,128.959299704605,8.778013455661206,24.486749776829836,0.9990787386955905,91.28026839747017,full_rank,map3_5_no_refresh,far_constant_referenced,50.0,global_time_poly5,6.8636197415941815,0.050408998252796884,protocol_midpoint_estimate elapsed minutes,map_level_time_adjusted_sensitivity; sequential_not_randomized
17,5,5,12,1.0908503246792092,78.64489875195207,100.06868032866215,119.71414412843167,-182.18981436725036,339.4796118711545,25.83541410162619,31.6277101864094,0.9904235963051674,120.09270212276202,full_rank,map3_5_no_refresh,far_constant_referenced,50.0,block_fixed_linear_within,6.8636197415941815,11.458224918166223,protocol_midpoint_estimate elapsed minutes,map_level_time_adjusted_sensitivity; sequential_not_randomized
17,6,6,11,1.276624646775796,72.31154222154908,97.63779589538734,127.6012220712576,-208.53685396573775,353.1599384088359,25.175408140944214,31.65576650144391,0.9916644152648203,122.67909290989758,full_rank,map3_5_no_refresh,far_constant_referenced,50.0,block_fixed_quadratic_within,6.8636197415941815,10.53548199696063,protocol_midpoint_estimate elapsed minutes,map_level_time_adjusted_sensitivity; sequential_not_randomized
17,3,3,14,1.072912957239902,76.38215570493742,135.25894809077644,159.90077898083086,-266.5709064406954,419.33521785057025,34.966208278658826,39.61747605038131,0.9689510728469827,125.3944935909981,full_rank,map3_5_no_refresh,far_constant_referenced,55.0,global_time_poly1,6.239654310540166,12.241408242105807,protocol_midpoint_estimate elapsed minutes,map_level_time_adjusted_sensitivity; sequential_not_randomized
17,4,4,13,1.1210159228713044,79.33352389115907,82.54577102291007,119.20247849644927,-178.1877744250378,336.85482220735594,21.338607473255887,33.16720584715524,0.9892626531130239,110.83045720236368,full_rank,map3_5_no_refresh,far_constant_referenced,55.0,global_time_poly2,6.239654310540166,12.714410116782766,protocol_midpoint_estimate elapsed minutes,map_level_time_adjusted_sensitivity; sequential_not_randomized
17,5,5,12,1.3889260164496977,38.91632029387802,40.24280611390469,61.85789402448721,-95.86045282263478,173.69309341039082,10.283032525579259,20.96497133992831,0.9976983189217012,88.77016876770426,full_rank,map3_5_no_refresh,far_constant_referenced,55.0,global_time_poly3,6.239654310540166,6.236935310364821,protocol_midpoint_estimate elapsed minutes,map_level_time_adjusted_sensitivity; sequential_not_randomized
17,6,6,11,2.1027706913146416,-5.063803273684567,29.93692279567602,35.240316072349906,-82.62721598555935,72.4996094381902,7.056623920814076,15.6965189454503,0.9990064079391315,79.43446191281328,full_rank,map3_5_no_refresh,far_constant_referenced,55.0,global_time_poly4,6.239654310540166,-0.811551894009685,protocol_midpoint_estimate elapsed minutes,map_level_time_adjusted_sensitivity; sequential_not_randomized
17,7,7,10,3.0168438884889035,2.3166991558784495,28.227407611558426,43.23351917432246,-94.01358462360055,98.64698293535746,6.568721693397203,18.393271426005242,0.999217321856537,81.42261855231561,full_rank,map3_5_no_refresh,far_constant_referenced,55.0,global_time_poly5,6.239654310540166,0.3712864592458317,protocol_midpoint_estimate elapsed minutes,map_level_time_adjusted_sensitivity; sequential_not_randomized
17,5,5,12,1.0908503246792092,70.88545040686225,88.36881200371184,107.15534323099294,-162.58598619181222,304.3568870055367,22.81477925247236,27.873646628273693,0.9886698601469468,115.86522197080974,full_rank,map3_5_no_refresh,far_constant_referenced,55.0,block_fixed_linear_within,6.239654310540166,11.360477180141364,protocol_midpoint_estimate elapsed minutes,map_level_time_adjusted_sensitivity; sequential_not_randomized
17,6,6,11,1.276624646775796,66.84011718642253,89.22973985174957,114.46656746358734,-185.09909912656693,318.779333499412,23.00743373483092,29.270833974071447,0.9894378938634028,119.61738335405104,full_rank,map3_5_no_refresh,far_constant_referenced,55.0,block_fixed_quadratic_within,6.239654310540166,10.712150683334281,protocol_midpoint_estimate elapsed minutes,map_level_time_adjusted_sensitivity; sequential_not_randomized
17,3,3,14,1.072912957239902,64.11105483369323,128.6244345978366,153.69116253925517,-265.523704630978,393.74581429836445,33.251099711748964,37.68251538452853,0.9570145380356109,123.68448818080229,full_rank,map3_5_no_refresh,far_constant_referenced,60.0,global_time_poly1,5.719683117995151,11.208847327920724,protocol_midpoint_estimate elapsed minutes,map_level_time_adjusted_sensitivity; sequential_not_randomized
17,4,4,13,1.1210159228713044,67.13067951878735,65.76632130881438,93.31189885572883,-134.45742204398942,268.71878108156415,17.001012868113136,26.200645573677896,0.9895654318297143,103.10412493501663,full_rank,map3_5_no_refresh,far_constant_referenced,60.0,global_time_poly2,5.719683117995151,11.73678298848098,protocol_midpoint_estimate elapsed minutes,map_level_time_adjusted_sensitivity; sequential_not_randomized
17,5,5,12,1.3889260164496977,36.24433585614603,36.46163210605483,60.025092077861736,-94.5391048648271,167.02777657711914,9.316849024420266,19.241943171419965,0.9971073166339083,85.41536410881804,full_rank,map3_5_no_refresh,far_constant_referenced,60.0,global_time_poly3,5.719683117995151,6.336773403078019,protocol_midpoint_estimate elapsed minutes,map_level_time_adjusted_sensitivity; sequential_not_randomized
17,6,6,11,2.1027706913146416,-6.148081763416374,24.65888403217346,28.03841378511402,-67.86021441671751,55.56405088988477,5.8125035799320255,11.666182173554779,0.9989679501188853,72.83997994034598,full_rank,map3_5_no_refresh,far_constant_referenced,60.0,global_time_poly4,5.719683117995151,-1.0748990174076958,protocol_midpoint_estimate elapsed minutes,map_level_time_adjusted_sensitivity; sequential_not_randomized
17,7,7,10,3.0168438884889035,-1.2376174086682408,24.315225751783405,36.75875776354333,-83.14123373158695,80.66599891425047,5.658328709228989,16.010839069042056,0.999110885111152,76.35013547329523,full_rank,map3_5_no_refresh,far_constant_referenced,60.0,global_time_poly5,5.719683117995151,-0.21637866698846897,protocol_midpoint_estimate elapsed minutes,map_level_time_adjusted_sensitivity; sequential_not_randomized
17,5,5,12,1.0908503246792092,59.51597405399822,79.0934846684606,95.76219255366101,-149.131919678617,268.1638677866134,20.420104696484316,25.030872561050096,0.9861043549760229,112.09500960781594,full_rank,map3_5_no_refresh,far_constant_referenced,60.0,block_fixed_linear_within,5.719683117995151,10.405467020847757,protocol_midpoint_estimate elapsed minutes,map_level_time_adjusted_sensitivity; sequential_not_randomized
17,6,6,11,1.276624646775796,56.7931527787414,81.11584188462002,103.35100719930138,-170.68088034654693,284.26718590402976,20.915306489810696,27.53579222559529,0.9866370394130111,116.37595558964456,full_rank,map3_5_no_refresh,far_constant_referenced,60.0,block_fixed_quadratic_within,5.719683117995151,9.929422943040311,protocol_midpoint_estimate elapsed minutes,map_level_time_adjusted_sensitivity; sequential_not_randomized
17,3,3,14,1.072912957239902,58.02831162958617,117.54467235310814,141.61846122937257,-245.7130787784516,361.7697020376239,30.386836165449697,34.504574619626815,0.944547241820457,120.62182438843632,full_rank,map3_5_no_refresh,far_constant_referenced,65.0,global_time_poly1,5.279707493533986,10.99081941578259,protocol_midpoint_estimate elapsed minutes,map_level_time_adjusted_sensitivity; sequential_not_randomized
17,4,4,13,1.1210159228713044,60.90046185382728,51.70582248414561,73.12896275962804,-97.08505717157779,218.88598087923236,13.366284382573753,20.684328113735596,0.9900370283504383,94.92585070577515,full_rank,map3_5_no_refresh,far_constant_referenced,65.0,global_time_poly2,5.279707493533986,11.534817398200861,protocol_midpoint_estimate elapsed minutes,map_level_time_adjusted_sensitivity; sequential_not_randomized
17,5,5,12,1.3889260164496977,38.06227319659203,32.6975214430462,57.08378017249509,-86.31259940892649,162.43714580211054,8.355025629996891,18.227994913511196,0.9964066380295655,81.71068146064533,full_rank,map3_5_no_refresh,far_constant_referenced,65.0,global_time_poly3,5.279707493533986,7.209163243078633,protocol_midpoint_estimate elapsed minutes,map_level_time_adjusted_sensitivity; sequential_not_randomized
17,6,6,11,2.1027706913146416,-2.0343268245429695,19.74484317736394,22.425869404122913,-51.393332584975745,47.3246789358898,4.6541835187627765,11.21402937971755,0.9989778753990041,65.28365367243333,full_rank,map3_5_no_refresh,far_constant_referenced,65.0,global_time_poly4,5.279707493533986,-0.3853105171137592,protocol_midpoint_estimate elapsed minutes,map_level_time_adjusted_sensitivity; sequential_not_randomized
17,7,7,10,3.0168438884889035,2.5858541927424303,18.864408215777694,30.978719933598082,-66.43903527544816,71.61074366093303,4.389884086604511,17.569666685575733,0.9991733336605231,67.7200601507703,full_rank,map3_5_no_refresh,far_constant_referenced,65.0,global_time_poly5,5.279707493533986,0.4897722451308722,protocol_midpoint_estimate elapsed minutes,map_level_time_adjusted_sensitivity; sequential_not_randomized
17,5,5,12,1.0908503246792092,54.15171372228538,71.2768470829813,86.90510647677519,-135.19824723257778,243.50167467714851,18.402030027767506,22.616827657487676,0.9825684155466438,108.55700518024797,full_rank,map3_5_no_refresh,far_constant_referenced,65.0,block_fixed_linear_within,5.279707493533986,10.256574590278824,protocol_midpoint_estimate elapsed minutes,map_level_time_adjusted_sensitivity; sequential_not_randomized
17,6,6,11,1.276624646775796,52.618257793907034,73.98194559096378,94.50108421825114,-155.37722618221267,260.61374177002676,19.075867682523462,25.636084972589103,0.9828294013881331,113.24601096732093,full_rank,map3_5_no_refresh,far_constant_referenced,65.0,block_fixed_quadratic_within,5.279707493533986,9.966131240859115,protocol_midpoint_estimate elapsed minutes,map_level_time_adjusted_sensitivity; sequential_not_randomized
17,3,3,14,1.072912957239902,41.500716026529346,105.59075847624504,127.38116609859988,-231.70471331308266,314.70614536614136,27.29659298181187,31.0661983696244,0.9307488945118766,116.97540603751928,full_rank,map3_5_no_refresh,far_constant_referenced,70.0,global_time_poly1,4.90258552971013,8.465067213010583,protocol_midpoint_estimate elapsed minutes,map_level_time_adjusted_sensitivity; sequential_not_randomized
17,4,4,13,1.1210159228713044,44.16739758749199,38.53394165041617,53.24451023788343,-70.86037345904887,159.19516863403285,9.961269306544649,15.258486732243213,0.9914364368970024,84.92879869357886,full_rank,map3_5_no_refresh,far_constant_referenced,70.0,global_time_poly2,4.90258552971013,9.009000928149728,protocol_midpoint_estimate elapsed minutes,map_level_time_adjusted_sensitivity; sequential_not_randomized
17,5,5,12,1.3889260164496977,29.065691283530185,28.595708833081968,49.11280694877508,-77.94192259724362,136.07330516430397,7.306911033745624,15.972842668514701,0.995746654401346,77.15323263855196,full_rank,map3_5_no_refresh,far_constant_referenced,70.0,global_time_poly3,4.90258552971013,5.9286454274768605,protocol_midpoint_estimate elapsed minutes,map_level_time_adjusted_sensitivity; sequential_not_randomized
17,6,6,11,2.1027706913146416,-6.1561434877000725,17.074089191389852,18.614867691237038,-47.12719103302034,34.8149040576202,4.024642981391434,10.080512603072977,0.9988171513081218,60.34242381509078,full_rank,map3_5_no_refresh,far_constant_referenced,70.0,global_time_poly4,4.90258552971013,-1.2556932358228658,protocol_midpoint_estimate elapsed minutes,map_level_time_adjusted_sensitivity; sequential_not_randomized
17,7,7,10,3.0168438884889035,-1.6991691511430513,15.834208154128849,24.512948541284338,-56.317422172195954,52.91908386990985,3.68473463915274,14.395828842668703,0.9990986484270492,61.76651358315127,full_rank,map3_5_no_refresh,far_constant_referenced,70.0,global_time_poly5,4.90258552971013,-0.3465863350768541,protocol_midpoint_estimate elapsed minutes,map_level_time_adjusted_sensitivity; sequential_not_randomized
17,5,5,12,1.0908503246792092,38.5375406184061,64.93199100358324,80.26349222153253,-136.3415859874589,213.4166672242711,16.7639352343907,20.834062378884184,0.9776120163260118,105.38714711913677,full_rank,map3_5_no_refresh,far_constant_referenced,70.0,block_fixed_linear_within,4.90258552971013,7.860656460731786,protocol_midpoint_estimate elapsed minutes,map_level_time_adjusted_sensitivity; sequential_not_randomized
17,6,6,11,1.276624646775796,37.94723121685574,67.81572143311287,89.00009267373943,-157.9406520040519,233.83511443776342,17.48593820450889,24.474357275335556,0.9776718700792068,110.28709169826405,full_rank,map3_5_no_refresh,far_constant_referenced,70.0,block_fixed_quadratic_within,4.90258552971013,7.74024868855259,protocol_midpoint_estimate elapsed minutes,map_level_time_adjusted_sensitivity; sequential_not_randomized
17,3,3,14,1.072912957239902,32.20820422482015,91.3877977996313,110.67168461951611,-205.15895167645857,269.5753601260989,23.624941766109835,26.913743771982546,0.919107685824745,112.06380388796438,full_rank,map3_5_no_refresh,far_constant_referenced,75.0,global_time_poly1,4.575746494396121,7.038896115478703,protocol_midpoint_estimate elapsed minutes,map_level_time_adjusted_sensitivity; sequential_not_randomized
17,4,4,13,1.1210159228713044,34.543205172923436,30.44138789272519,41.639416560534244,-55.41328523777837,124.49969558362524,7.869292625587093,11.831802851493377,0.9916660196225372,76.91376354519622,full_rank,map3_5_no_refresh,far_constant_referenced,75.0,global_time_poly2,4.575746494396121,7.549195571745116,protocol_midpoint_estimate elapsed minutes,map_level_time_adjusted_sensitivity; sequential_not_randomized
17,5,5,12,1.3889260164496977,24.692463888510495,25.978599667290258,44.58551866478123,-72.45103619551264,121.83596397253362,6.638174897437048,14.583693160185712,0.9945258542259016,73.88979172130261,full_rank,map3_5_no_refresh,far_constant_referenced,75.0,global_time_poly3,4.575746494396121,5.396379348976424,protocol_midpoint_estimate elapsed minutes,map_level_time_adjusted_sensitivity; sequential_not_randomized
17,6,6,11,2.1027706913146416,-7.243774582197595,15.589270045005934,17.079787316968805,-44.8361330042189,30.34858383982371,3.67464674503915,9.646990197862966,0.9984623354331638,57.24913093297181,full_rank,map3_5_no_refresh,far_constant_referenced,75.0,global_time_poly4,4.575746494396121,-1.5830803981533912,protocol_midpoint_estimate elapsed minutes,map_level_time_adjusted_sensitivity; sequential_not_randomized
17,7,7,10,3.0168438884889035,-2.9448805582842814,14.192967517574917,21.382904488420138,-50.58896081678866,44.6991997002201,3.302806085111442,13.554242660095502,0.9988707141588412,58.04602699934533,full_rank,map3_5_no_refresh,far_constant_referenced,75.0,global_time_poly5,4.575746494396121,-0.6435847269709658,protocol_midpoint_estimate elapsed minutes,map_level_time_adjusted_sensitivity; sequential_not_randomized
17,5,5,12,1.0908503246792092,30.01335379734342,56.372970092401864,70.61205848712254,-123.83710516334278,183.86381275802964,14.554194396212456,18.208152414287216,0.973685488047675,100.58122536074201,full_rank,map3_5_no_refresh,far_constant_referenced,75.0,block_fixed_linear_within,4.575746494396121,6.559225655114532,protocol_midpoint_estimate elapsed minutes,map_level_time_adjusted_sensitivity; sequential_not_randomized
17,6,6,11,1.276624646775796,29.656468664166454,58.91721363656869,79.54024909171055,-145.41043921598973,204.72337654432263,15.191503313092447,21.859464900576825,0.973719603006084,105.50462627454641,full_rank,map3_5_no_refresh,far_constant_referenced,75.0,block_fixed_quadratic_within,4.575746494396121,6.481230702025666,protocol_midpoint_estimate elapsed minutes,map_level_time_adjusted_sensitivity; sequential_not_randomized
17,3,3,14,1.072912957239902,27.785042211277258,79.55028402739069,96.3333212071888,-178.82938271672668,234.39946713928123,20.564789532899596,23.49884954547475,0.904465187396189,107.34723409199287,full_rank,map3_5_no_refresh,far_constant_referenced,80.0,global_time_poly1,4.289762338496364,6.477058638408485,protocol_midpoint_estimate elapsed minutes,map_level_time_adjusted_sensitivity; sequential_not_randomized
17,4,4,13,1.1210159228713044,29.84860401230693,22.67534822557426,29.436308898622702,-33.74467509418195,93.4418831187958,5.861721916324775,8.480652442352019,0.9927925961540397,66.89992125648999,full_rank,map3_5_no_refresh,far_constant_referenced,80.0,global_time_poly2,4.289762338496364,6.9581020245446465,protocol_midpoint_estimate elapsed minutes,map_level_time_adjusted_sensitivity; sequential_not_randomized
17,5,5,12,1.3889260164496977,24.644446228192944,21.718396755542226,37.087675782359646,-56.16265758880948,105.45155004519538,5.5495876606753445,12.28168926865382,0.9940366848743091,67.79993505921856,full_rank,map3_5_no_refresh,far_constant_referenced,80.0,global_time_poly3,4.289762338496364,5.7449444243177465,protocol_midpoint_estimate elapsed minutes,map_level_time_adjusted_sensitivity; sequential_not_randomized
17,6,6,11,2.1027706913146416,-1.7568454611137811,13.397711037298231,14.845312720389197,-34.43115845548104,30.917467533253475,3.158060326881989,8.678151128163263,0.9982298151849859,52.09816541852987,full_rank,map3_5_no_refresh,far_constant_referenced,80.0,global_time_poly4,4.289762338496364,-0.4095437748025887,protocol_midpoint_estimate elapsed minutes,map_level_time_adjusted_sensitivity; sequential_not_randomized
17,7,7,10,3.0168438884889035,2.348834578547685,11.668034388045228,18.641182514243912,-39.18630842800863,43.883977585104006,2.7152359033024838,11.509998530476079,0.9988104020218986,51.38564468500692,full_rank,map3_5_no_refresh,far_constant_referenced,80.0,global_time_poly5,4.289762338496364,0.5475442211493218,protocol_midpoint_estimate elapsed minutes,map_level_time_adjusted_sensitivity; sequential_not_randomized
17,5,5,12,1.0908503246792092,26.20822853215867,51.330118444241776,64.97481886883214,-115.3597404243095,167.77619748862685,13.252246972149472,16.70911293131361,0.9659947971452127,97.39501376117228,full_rank,map3_5_no_refresh,far_constant_referenced,80.0,block_fixed_linear_within,4.289762338496364,6.109482638925193,protocol_midpoint_estimate elapsed minutes,map_level_time_adjusted_sensitivity; sequential_not_randomized
17,6,6,11,1.276624646775796,26.442016135397218,53.66356124260697,73.9446098781804,-136.30897287460087,189.1930051453953,13.836875814225653,20.345945639568736,0.9660176151801582,102.32905720580963,full_rank,map3_5_no_refresh,far_constant_referenced,80.0,block_fixed_quadratic_within,4.289762338496364,6.1639816029215275,protocol_midpoint_estimate elapsed minutes,map_level_time_adjusted_sensitivity; sequential_not_randomized
17,3,3,14,1.072912957239902,18.94167982471268,68.55414538437023,83.87015605111438,-160.94191438723277,198.82527403665813,17.722143782063085,20.293413602068437,0.8876475290724357,102.28920883946317,full_rank,map3_5_no_refresh,far_constant_referenced,85.0,global_time_poly1,4.037423377408342,4.691526762019075,protocol_midpoint_estimate elapsed minutes,map_level_time_adjusted_sensitivity; sequential_not_randomized
17,4,4,13,1.1210159228713044,20.72345381921519,19.069445020900943,25.247654801201424,-33.82078826244776,75.26769590087815,4.929572974985021,6.810156409425565,0.9919279464660089,61.01142602742498,full_rank,map3_5_no_refresh,far_constant_referenced,85.0,global_time_poly2,4.037423377408342,5.132841389678028,protocol_midpoint_estimate elapsed minutes,map_level_time_adjusted_sensitivity; sequential_not_randomized
17,5,5,12,1.3889260164496977,18.719725889892135,19.71310954275041,34.448058726242444,-56.33614641984376,93.77559819962802,5.0371871691713075,11.324611334224574,0.9922200016666036,64.50615769966859,full_rank,map3_5_no_refresh,far_constant_referenced,85.0,global_time_poly3,4.037423377408342,4.636552607942864,protocol_midpoint_estimate elapsed minutes,map_level_time_adjusted_sensitivity; sequential_not_randomized
17,6,6,11,2.1027706913146416,-4.994754645889449,12.45505175958258,14.745235407005493,-37.4487989586382,27.4592896668593,2.935860067566547,8.791557850376087,0.9975773790421621,49.61760804461638,full_rank,map3_5_no_refresh,far_constant_referenced,85.0,global_time_poly4,4.037423377408342,-1.2371144115917876,protocol_midpoint_estimate elapsed minutes,map_level_time_adjusted_sensitivity; sequential_not_randomized
17,7,7,10,3.0168438884889035,-0.7059275005335905,10.128062632980969,17.947868355285156,-40.69627029289651,39.284415291829326,2.3568733496485144,11.250955751612668,0.998580633429584,46.57318439564034,full_rank,map3_5_no_refresh,far_constant_referenced,85.0,global_time_poly5,4.037423377408342,-0.174846042771648,protocol_midpoint_estimate elapsed minutes,map_level_time_adjusted_sensitivity; sequential_not_randomized
17,5,5,12,1.0908503246792092,17.839680503079858,45.07080933008426,58.7990027491212,-110.27234105811998,145.9517020642797,11.636238422589095,14.802322016300087,0.9584827528399497,92.97355548914224,full_rank,map3_5_no_refresh,far_constant_referenced,85.0,block_fixed_linear_within,4.037423377408342,4.4185805736656,protocol_midpoint_estimate elapsed minutes,map_level_time_adjusted_sensitivity; sequential_not_randomized
17,6,6,11,1.276624646775796,18.051513264112387,47.1186806573909,67.79233489978552,-131.1584098176889,167.2614363459137,12.149311705925863,18.333207327669864,0.9585124188087926,97.90685841638808,full_rank,map3_5_no_refresh,far_constant_referenced,85.0,block_fixed_quadratic_within,4.037423377408342,4.4710478878982,protocol_midpoint_estimate elapsed minutes,map_level_time_adjusted_sensitivity; sequential_not_randomized
17,3,3,14,1.072912957239902,12.853218366588841,58.17912032084317,70.33044741662559,-137.99058900783118,163.69702574100884,15.040064020329883,17.235982334525705,0.8692192714164896,96.70989915689671,full_rank,map3_5_no_refresh,far_constant_referenced,90.0,global_time_poly1,3.8131220786634343,3.370785960016816,protocol_midpoint_estimate elapsed minutes,map_level_time_adjusted_sensitivity; sequential_not_randomized
17,4,4,13,1.1210159228713044,14.371851731010349,15.254187961389842,18.081623269010933,-24.691120437296984,53.43482389931768,3.9433047289729948,5.092298497367304,0.9916520396334564,53.421496166281514,full_rank,map3_5_no_refresh,far_constant_referenced,90.0,global_time_poly2,3.8131220786634343,3.7690510386302485,protocol_midpoint_estimate elapsed minutes,map_level_time_adjusted_sensitivity; sequential_not_randomized
17,5,5,12,1.3889260164496977,14.269732934379139,16.061146601768463,26.434176309818454,-43.325389551038086,71.86485541979637,4.104020292139041,8.999525871589277,0.9916532656408338,57.54021143136111,full_rank,map3_5_no_refresh,far_constant_referenced,90.0,global_time_poly3,3.8131220786634343,3.7422701502861218,protocol_midpoint_estimate elapsed minutes,map_level_time_adjusted_sensitivity; sequential_not_randomized
17,6,6,11,2.1027706913146416,-4.715629753420503,10.527297775066708,12.48173515482639,-32.18774360127904,22.75648409443803,2.481456822001703,6.9311941747806705,0.9972028067104237,43.900350530405326,full_rank,map3_5_no_refresh,far_constant_referenced,90.0,global_time_poly4,3.8131220786634343,-1.2366847051152932,protocol_midpoint_estimate elapsed minutes,map_level_time_adjusted_sensitivity; sequential_not_randomized
17,7,7,10,3.0168438884889035,-1.1066674903725948,8.587168247941115,14.413847105449683,-33.2227202323074,31.009385251562215,1.9982960933332503,7.591600998902335,0.9983509416394882,40.96178955606209,full_rank,map3_5_no_refresh,far_constant_referenced,90.0,global_time_poly5,3.8131220786634343,-0.29022608443748044,protocol_midpoint_estimate elapsed minutes,map_level_time_adjusted_sensitivity; sequential_not_randomized
17,5,5,12,1.0908503246792092,12.170166626985974,39.35884493436394,50.7562023622148,-98.4180982648003,122.75843151877226,10.161541594245776,12.970580269175901,0.94882983805267,88.36607717213558,full_rank,map3_5_no_refresh,far_constant_referenced,90.0,block_fixed_linear_within,3.8131220786634343,3.1916540766121577,protocol_midpoint_estimate elapsed minutes,map_level_time_adjusted_sensitivity; sequential_not_randomized
17,6,6,11,1.276624646775796,12.649323115003728,41.063106724423264,58.962472234362366,-117.12620327463075,142.42484950463822,10.587912824559623,16.14855558726768,0.9490751514656491,93.22983651962326,full_rank,map3_5_no_refresh,far_constant_referenced,90.0,block_fixed_quadratic_within,3.8131220786634343,3.317313963217652,protocol_midpoint_estimate elapsed minutes,map_level_time_adjusted_sensitivity; sequential_not_randomized
17,3,3,14,1.072912957239902,7.510961523058164,47.75898217606389,58.10374337567047,-117.10917378722121,132.13109683333752,12.346321936676969,14.149920014744403,0.8600612075557977,89.99968039469326,full_rank,map3_5_no_refresh,far_constant_referenced,95.0,global_time_poly1,3.6124314429443065,2.0791983575849864,protocol_midpoint_estimate elapsed minutes,map_level_time_adjusted_sensitivity; sequential_not_randomized
17,4,4,13,1.1210159228713044,8.74819859608722,13.833343233842854,17.57769721542918,-29.226107520888,46.72250471306244,3.5760073187500585,4.450120882500567,0.9890987815623342,50.09724029516688,full_rank,map3_5_no_refresh,far_constant_referenced,95.0,global_time_poly2,3.6124314429443065,2.421692628430068,protocol_midpoint_estimate elapsed minutes,map_level_time_adjusted_sensitivity; sequential_not_randomized
17,5,5,12,1.3889260164496977,10.508733685115187,14.174364654801769,24.550687867777015,-42.98262001825939,64.00008738848976,3.621900827745365,8.050631552530428,0.9896773964745523,53.291296923137224,full_rank,map3_5_no_refresh,far_constant_referenced,95.0,global_time_poly3,3.6124314429443065,2.9090472306790853,protocol_midpoint_estimate elapsed minutes,map_level_time_adjusted_sensitivity; sequential_not_randomized
17,6,6,11,2.1027706913146416,-6.970433400567623,8.437643854294752,10.967625972148513,-31.110015406606827,17.169148605471577,1.9888911049376843,5.621316777909673,0.9971466858647393,36.37721927924443,full_rank,map3_5_no_refresh,far_constant_referenced,95.0,global_time_poly4,3.6124314429443065,-1.9295683560118673,protocol_midpoint_estimate elapsed minutes,map_level_time_adjusted_sensitivity; sequential_not_randomized
17,7,7,10,3.0168438884889035,-3.97444310587617,6.706000779498874,11.534516833710242,-29.674948201709565,21.726061989957227,1.5605348320472574,5.988739708510468,0.9984030849073547,32.554736697455226,full_rank,map3_5_no_refresh,far_constant_referenced,95.0,global_time_poly5,3.6124314429443065,-1.10021274276054,protocol_midpoint_estimate elapsed minutes,map_level_time_adjusted_sensitivity; sequential_not_randomized
17,5,5,12,1.0908503246792092,6.873640273926156,32.999491059613575,43.74711446469671,-88.44313398250911,102.19041453036142,8.519703806105204,10.991250440226596,0.942883033901541,82.37430522562533,full_rank,map3_5_no_refresh,far_constant_referenced,95.0,block_fixed_linear_within,3.6124314429443065,1.9027739024228532,protocol_midpoint_estimate elapsed minutes,map_level_time_adjusted_sensitivity; sequential_not_randomized
17,6,6,11,1.276624646775796,7.307656483261837,34.41452535386259,51.69217886940502,-106.466062100652,121.08137506717567,8.873609997184444,13.920558015214736,0.9432026267058099,87.22437069264728,full_rank,map3_5_no_refresh,far_constant_referenced,95.0,block_fixed_quadratic_within,3.6124314429443065,2.02291907782359,protocol_midpoint_estimate elapsed minutes,map_level_time_adjusted_sensitivity; sequential_not_randomized
17,3,3,14,1.072912957239902,-1.7471054544183673,39.57383955361332,48.155465824947775,-105.03030750620488,101.53609659736816,10.230355445979033,11.733704543594863,0.8464395343339454,83.6077186442799,full_rank,map3_5_no_refresh,far_constant_referenced,100.0,global_time_poly1,3.4318098707970908,-0.5090915639835767,protocol_midpoint_estimate elapsed minutes,map_level_time_adjusted_sensitivity; sequential_not_randomized
17,4,4,13,1.1210159228713044,-0.7311666750121155,12.623140269106253,16.859251666827394,-37.1533655474141,35.69103219738987,3.2631621456119024,4.072414438502072,0.9854925661414683,46.98453365244471,full_rank,map3_5_no_refresh,far_constant_referenced,100.0,global_time_poly2,3.4318098707970908,-0.21305570603836826,protocol_midpoint_estimate elapsed minutes,map_level_time_adjusted_sensitivity; sequential_not_randomized
17,5,5,12,1.3889260164496977,2.0196578820886826,12.213925193014594,22.5335159734057,-47.07665581819321,51.11597158237057,3.120960046107844,6.958774553371811,0.9877502393711731,48.23011414553995,full_rank,map3_5_no_refresh,far_constant_referenced,100.0,global_time_poly3,3.4318098707970908,0.5885110067649482,protocol_midpoint_estimate elapsed minutes,map_level_time_adjusted_sensitivity; sequential_not_randomized
17,6,6,11,2.1027706913146416,-13.400074023999988,6.797359230668953,8.229463162029901,-31.5130003190771,4.712852271077125,1.602249104655239,4.094482176534409,0.997040470327306,29.027476096927764,full_rank,map3_5_no_refresh,far_constant_referenced,100.0,global_time_poly4,3.4318098707970908,-3.9046667876410104,protocol_midpoint_estimate elapsed minutes,map_level_time_adjusted_sensitivity; sequential_not_randomized
17,7,7,10,3.0168438884889035,-11.692719427491197,6.3762783452101335,10.908426743387745,-35.9982088682468,12.612770013264408,1.4838060393534034,6.555221357633736,0.9976925929929739,30.840518964983325,full_rank,map3_5_no_refresh,far_constant_referenced,100.0,global_time_poly5,3.4318098707970908,-3.40715828315261,protocol_midpoint_estimate elapsed minutes,map_level_time_adjusted_sensitivity; sequential_not_randomized
17,5,5,12,1.0908503246792092,-2.092368083438984,27.708980173809618,36.8222665587693,-82.32119487897177,78.1364587120938,7.1538165065526265,9.252471454306512,0.9356384081066982,76.43329536087099,full_rank,map3_5_no_refresh,far_constant_referenced,100.0,block_fixed_linear_within,3.4318098707970908,-0.6096981366141357,protocol_midpoint_estimate elapsed minutes,map_level_time_adjusted_sensitivity; sequential_not_randomized
17,6,6,11,1.276624646775796,-1.6469057140442391,28.856955096628862,43.85148671148927,-98.16337721360676,94.86956578551829,7.440618825940263,11.763695819208898,0.9361764823273535,81.23602949975088,full_rank,map3_5_no_refresh,far_constant_referenced,100.0,block_fixed_quadratic_within,3.4318098707970908,-0.47989421793396725,protocol_midpoint_estimate elapsed minutes,map_level_time_adjusted_sensitivity; sequential_not_randomized
17,3,3,14,1.072912957239902,2.412887979159432,33.50770879520955,40.79047713880465,-85.07398438192853,89.8997603402474,8.66218125463776,9.968516576458024,0.8255672291826529,77.95036490713662,full_rank,map3_5_no_refresh,far_constant_referenced,105.0,global_time_poly1,3.268390353140087,0.7382496331386073,protocol_midpoint_estimate elapsed minutes,map_level_time_adjusted_sensitivity; sequential_not_randomized
17,4,4,13,1.1210159228713044,3.263819720739205,11.735776247390872,15.931683494744039,-31.154489945963064,37.68212938744148,3.033772895131476,3.7688992655665223,0.9801319613668424,44.506284405752815,full_rank,map3_5_no_refresh,far_constant_referenced,105.0,global_time_poly2,3.268390353140087,0.9986015647131956,protocol_midpoint_estimate elapsed minutes,map_level_time_adjusted_sensitivity; sequential_not_randomized
17,5,5,12,1.3889260164496977,7.011916241268668,10.082895138736076,17.86424058516498,-31.910920337882704,45.934752820420044,2.576429147862122,5.532246915121945,0.9867729448775985,41.711080879132595,full_rank,map3_5_no_refresh,far_constant_referenced,105.0,global_time_poly3,3.268390353140087,2.1453729462063826,protocol_midpoint_estimate elapsed minutes,map_level_time_adjusted_sensitivity; sequential_not_randomized
17,6,6,11,2.1027706913146416,-5.190797312203497,6.284689939637962,8.850828866366339,-24.6713403015096,14.289745677102605,1.4814045406615535,3.371816542012252,0.9959914663111918,26.361274946671088,full_rank,map3_5_no_refresh,far_constant_referenced,105.0,global_time_poly4,3.268390353140087,-1.588181566873268,protocol_midpoint_estimate elapsed minutes,map_level_time_adjusted_sensitivity; sequential_not_randomized
17,7,7,10,3.0168438884889035,-3.568604703264757,5.848516629752508,9.81286541845088,-25.433031391218346,18.295821984688832,1.3609920751035838,4.207257365297851,0.9969242098450858,27.903036803729137,full_rank,map3_5_no_refresh,far_constant_referenced,105.0,global_time_poly5,3.268390353140087,-1.0918538845386816,protocol_midpoint_estimate elapsed minutes,map_level_time_adjusted_sensitivity; sequential_not_randomized
17,5,5,12,1.0908503246792092,2.1072216123442598,24.873242147482134,33.40949275482232,-70.6858098344096,74.90025305909812,6.42169466829836,8.385256002945514,0.9178275831617928,72.76252134836041,full_rank,map3_5_no_refresh,far_constant_referenced,105.0,block_fixed_linear_within,3.268390353140087,0.6447276440893172,protocol_midpoint_estimate elapsed minutes,map_level_time_adjusted_sensitivity; sequential_not_randomized
17,6,6,11,1.276624646775796,2.7020291273807935,25.77098363885076,40.12835538195736,-85.61988556684209,91.02394382160368,6.644916810666292,10.69702983819514,0.9193476007218436,77.39056667060831,full_rank,map3_5_no_refresh,far_constant_referenced,105.0,block_fixed_quadratic_within,3.268390353140087,0.8267155496848272,protocol_midpoint_estimate elapsed minutes,map_level_time_adjusted_sensitivity; sequential_not_randomized
17,3,3,14,1.072912957239902,-2.2559487139850702,28.438893022004407,34.76658543473047,-76.82285833872152,72.31096091075139,7.351826039298565,8.476144006138135,0.7936302609562301,72.37375818569556,full_rank,map3_5_no_refresh,far_constant_referenced,110.0,global_time_poly1,3.119827155270083,-0.7231005442638931,protocol_midpoint_estimate elapsed minutes,map_level_time_adjusted_sensitivity; sequential_not_randomized
17,4,4,13,1.1210159228713044,-1.543321005366403,10.934039446889031,15.050102843234157,-34.057091464404245,30.970449453671442,2.82651882662172,3.546536648763067,0.9716746912506465,42.100404728641145,full_rank,map3_5_no_refresh,far_constant_referenced,110.0,global_time_poly2,3.119827155270083,-0.49468157322734696,protocol_midpoint_estimate elapsed minutes,map_level_time_adjusted_sensitivity; sequential_not_randomized
17,5,5,12,1.3889260164496977,2.3835137966917967,8.748050538970535,15.644678234277658,-31.70331185610839,36.47033944949198,2.235343330011061,4.811851547578355,0.983647006869678,36.88275592248938,full_rank,map3_5_no_refresh,far_constant_referenced,110.0,global_time_poly3,3.119827155270083,0.7639890539017558,protocol_midpoint_estimate elapsed minutes,map_level_time_adjusted_sensitivity; sequential_not_randomized
17,6,6,11,2.1027706913146416,-7.809342931677484,5.893281003049164,7.99021764870815,-25.395693402316994,9.777007538962025,1.3891430319018134,3.3267229416927413,0.9942108587003048,24.174951917484634,full_rank,map3_5_no_refresh,far_constant_referenced,110.0,global_time_poly4,3.119827155270083,-2.503133200339565,protocol_midpoint_estimate elapsed minutes,map_level_time_adjusted_sensitivity; sequential_not_randomized
17,7,7,10,3.0168438884889035,-6.135128163650935,5.305608703465807,9.465793542474268,-27.22623052031668,14.955974193014807,1.2346534781629115,4.101035258701791,0.995842639326864,24.590635948046966,full_rank,map3_5_no_refresh,far_constant_referenced,110.0,global_time_poly5,3.119827155270083,-1.9664961737663376,protocol_midpoint_estimate elapsed minutes,map_level_time_adjusted_sensitivity; sequential_not_randomized
17,5,5,12,1.0908503246792092,-2.571043341469318,22.025343004388645,29.370945276757954,-66.5648357298117,61.42274904687307,5.6864331115372035,7.4114827605854945,0.8941749088763797,68.62815983645574,full_rank,map3_5_no_refresh,far_constant_referenced,110.0,block_fixed_linear_within,3.119827155270083,-0.8240980072008968,protocol_midpoint_estimate elapsed minutes,map_level_time_adjusted_sensitivity; sequential_not_randomized
17,6,6,11,1.276624646775796,-1.9915517214464415,22.774987347081527,35.39113057653384,-79.88690491895532,75.90380147606244,5.872414433463315,9.445988709099417,0.8965444925926553,73.18863225735466,full_rank,map3_5_no_refresh,far_constant_referenced,110.0,block_fixed_quadratic_within,3.119827155270083,-0.6383532235374858,protocol_midpoint_estimate elapsed minutes,map_level_time_adjusted_sensitivity; sequential_not_randomized
17,3,3,14,1.072912957239902,-5.026365976038633,22.87336459513389,27.62132644873569,-64.26821924589467,54.21548729381741,5.913064102275772,6.791188961990641,0.7827298949260861,64.96908296197113,full_rank,map3_5_no_refresh,far_constant_referenced,115.0,global_time_poly1,2.9841824963452965,-1.6843359888996003,protocol_midpoint_estimate elapsed minutes,map_level_time_adjusted_sensitivity; sequential_not_randomized
17,4,4,13,1.1210159228713044,-4.472483526506014,10.464128928880038,14.500619559716851,-35.79916752258379,26.85420046957176,2.705043965255833,3.4736430631583803,0.9577780027608671,40.60686318807722,full_rank,map3_5_no_refresh,far_constant_referenced,115.0,global_time_poly2,2.9841824963452965,-1.4987298973784036,protocol_midpoint_estimate elapsed minutes,map_level_time_adjusted_sensitivity; sequential_not_randomized
17,5,5,12,1.3889260164496977,-0.4635780481850498,7.938079005860379,15.006427451837716,-33.15977470766237,32.232618611292274,2.028375565482155,4.469827597882638,0.9780858438950277,33.57933044653896,full_rank,map3_5_no_refresh,far_constant_referenced,115.0,global_time_poly3,2.9841824963452965,-0.15534507314910867,protocol_midpoint_estimate elapsed minutes,map_level_time_adjusted_sensitivity; sequential_not_randomized
17,6,6,11,2.1027706913146416,-10.717137140264953,4.080145238840151,4.146683678901195,-19.84392638108465,-1.5903478994452538,0.9617571815682304,2.137009653914064,0.9954838295426106,11.673821602175884,full_rank,map3_5_no_refresh,far_constant_referenced,115.0,global_time_poly4,2.9841824963452965,-3.5913142555423945,protocol_midpoint_estimate elapsed minutes,map_level_time_adjusted_sensitivity; sequential_not_randomized
17,7,7,10,3.0168438884889035,-9.99028635194712,4.087360763958305,6.633636093698188,-24.77094866211298,4.790375958218741,0.9511583808340796,3.9687195583767583,0.9959843815376578,15.721224752343804,full_rank,map3_5_no_refresh,far_constant_referenced,115.0,global_time_poly5,2.9841824963452965,-3.347746447873795,protocol_midpoint_estimate elapsed minutes,map_level_time_adjusted_sensitivity; sequential_not_randomized
17,5,5,12,1.0908503246792092,-5.087015238817652,17.662174557198256,23.03930870506951,-55.28535663199916,45.11132615436386,4.55996413784748,5.900738830160403,0.8892481817791253,61.12203345758587,full_rank,map3_5_no_refresh,far_constant_referenced,115.0,block_fixed_linear_within,2.9841824963452965,-1.7046595659104888,protocol_midpoint_estimate elapsed minutes,map_level_time_adjusted_sensitivity; sequential_not_randomized
17,6,6,11,1.276624646775796,-4.640668748004503,18.27950043566997,27.89085533534191,-66.02802744311239,56.746689947103384,4.713276040905588,7.486638275081187,0.8915361037844687,65.71262214389054,full_rank,map3_5_no_refresh,far_constant_referenced,115.0,block_fixed_quadratic_within,2.9841824963452965,-1.5550887902090074,protocol_midpoint_estimate elapsed minutes,map_level_time_adjusted_sensitivity; sequential_not_randomized
17,3,3,14,1.072912957239902,-8.30000695883901,18.791778845673225,22.9402205171017,-57.501886541797504,40.90187262411949,4.85792076841615,5.649810680511187,0.7371233816714733,58.286259312624956,full_rank,map3_5_no_refresh,far_constant_referenced,120.0,global_time_poly1,2.8598415589975756,-2.9022611174824338,protocol_midpoint_estimate elapsed minutes,map_level_time_adjusted_sensitivity; sequential_not_randomized
17,4,4,13,1.1210159228713044,-7.868262907550667,10.221747182082751,15.283397617862445,-40.8860360854116,25.149510270310266,2.642386740185467,3.6543288717832128,0.9277797173043454,39.81005317877284,full_rank,map3_5_no_refresh,far_constant_referenced,120.0,global_time_poly2,2.8598415589975756,-2.7512932955309,protocol_midpoint_estimate elapsed minutes,map_level_time_adjusted_sensitivity; sequential_not_randomized
17,5,5,12,1.3889260164496977,-3.180863141423062,6.001263146156691,12.063083018218865,-29.464063186813227,23.102336903967107,1.5334711985993175,3.1355235977217113,0.9775479726688762,24.06948503109837,full_rank,map3_5_no_refresh,far_constant_referenced,120.0,global_time_poly3,2.8598415589975756,-1.1122515271573332,protocol_midpoint_estimate elapsed minutes,map_level_time_adjusted_sensitivity; sequential_not_randomized
17,6,6,11,2.1027706913146416,-9.916578270932554,4.300508016844193,6.2890359597647185,-23.758653089602724,3.925496547737616,1.013700304150788,1.64391706727338,0.9910063722529013,13.46224110579452,full_rank,map3_5_no_refresh,far_constant_referenced,120.0,global_time_poly4,2.8598415589975756,-3.467527157136806,protocol_midpoint_estimate elapsed minutes,map_level_time_adjusted_sensitivity; sequential_not_randomized
17,7,7,10,3.0168438884889035,-9.765447357306428,4.558872136360925,8.294096899317495,-28.245846900637666,8.71495218602481,1.0608824838479296,3.453374073126782,0.9910451642005716,19.43320136196659,full_rank,map3_5_no_refresh,far_constant_referenced,120.0,global_time_poly5,2.8598415589975756,-3.414681252736738,protocol_midpoint_estimate elapsed minutes,map_level_time_adjusted_sensitivity; sequential_not_randomized
17,5,5,12,1.0908503246792092,-8.207309659802315,15.96206485316443,21.466763739421445,-54.979369906607204,38.56475058700258,4.121035213456275,5.407936701337673,0.8378499951010527,57.680881156839476,full_rank,map3_5_no_refresh,far_constant_referenced,120.0,block_fixed_linear_within,2.8598415589975756,-2.8698476787920795,protocol_midpoint_estimate elapsed minutes,map_level_time_adjusted_sensitivity; sequential_not_randomized
17,6,6,11,1.276624646775796,-7.665422540847808,16.379177434035135,26.056080406823515,-65.01446884619445,49.68362376449883,4.223287438366462,6.862285745373903,0.8438949202263979,61.98046330118846,full_rank,map3_5_no_refresh,far_constant_referenced,120.0,block_fixed_quadratic_within,2.8598415589975756,-2.680366161101132,protocol_midpoint_estimate elapsed minutes,map_level_time_adjusted_sensitivity; sequential_not_randomized
17,3,3,14,1.072912957239902,-6.695510068084443,15.963630248752304,18.944872888882117,-47.32822124443711,33.93720110826822,4.126807342807031,4.751303672845148,0.7035671263056192,52.74063989703496,full_rank,map3_5_no_refresh,far_constant_referenced,125.0,global_time_poly1,2.7454478966376725,-2.438767851425765,protocol_midpoint_estimate elapsed minutes,map_level_time_adjusted_sensitivity; sequential_not_randomized
17,4,4,13,1.1210159228713044,-6.3677532821396055,10.746755921174243,15.513263920504022,-39.88212241540398,27.146615851124768,2.778104842574904,3.7644689282759107,0.8752586170380341,41.51299101476713,full_rank,map3_5_no_refresh,far_constant_referenced,125.0,global_time_poly2,2.7454478966376725,-2.3193859515375035,protocol_midpoint_estimate elapsed minutes,map_level_time_adjusted_sensitivity; sequential_not_randomized
17,5,5,12,1.3889260164496977,-1.492298594192635,6.45654465608331,12.170511922871892,-28.009566115317508,25.024968926932235,1.6498068875574654,3.3535985139775795,0.9593914567762543,26.55571192143403,full_rank,map3_5_no_refresh,far_constant_referenced,125.0,global_time_poly3,2.7454478966376725,-0.5435537844372282,protocol_midpoint_estimate elapsed minutes,map_level_time_adjusted_sensitivity; sequential_not_randomized
17,6,6,11,2.1027706913146416,-9.197107481974452,4.150773151460575,4.646718057874946,-19.42446497044667,1.0302500064977647,0.9784053394659563,1.427371366158121,0.9869081731526497,12.25733072111478,full_rank,map3_5_no_refresh,far_constant_referenced,125.0,global_time_poly4,2.7454478966376725,-3.349947924066625,protocol_midpoint_estimate elapsed minutes,map_level_time_adjusted_sensitivity; sequential_not_randomized
17,7,7,10,3.0168438884889035,-9.060072231031143,4.40126078635643,6.246197485421329,-22.97746752534411,4.857323063281823,1.024205183964528,2.925846120194985,0.9869580095269259,18.236938147737522,full_rank,map3_5_no_refresh,far_constant_referenced,125.0,global_time_poly5,2.7454478966376725,-3.3000343011888655,protocol_midpoint_estimate elapsed minutes,map_level_time_adjusted_sensitivity; sequential_not_randomized
17,5,5,12,1.0908503246792092,-6.592103991199299,14.062010313029923,18.982049764481925,-47.95043755136198,34.766229568963375,3.6304851662404563,4.734154845881374,0.8033560820346424,53.37178564653989,full_rank,map3_5_no_refresh,far_constant_referenced,125.0,block_fixed_linear_within,2.7454478966376725,-2.4011032951208415,protocol_midpoint_estimate elapsed minutes,map_level_time_adjusted_sensitivity; sequential_not_randomized
17,6,6,11,1.276624646775796,-6.170460039814928,14.490773358391712,23.115614772489426,-57.04758512025835,44.706665040628494,3.736372070159225,5.932770407407,0.8090749739687878,57.81550638994767,full_rank,map3_5_no_refresh,far_constant_referenced,125.0,block_fixed_quadratic_within,2.7454478966376725,-2.2475240004998236,protocol_midpoint_estimate elapsed minutes,map_level_time_adjusted_sensitivity; sequential_not_randomized
17,3,3,14,1.072912957239902,-11.585858907476068,13.31046724977335,16.1290102455789,-46.179145371469424,23.007427556517293,3.440929984384373,3.9921752879522274,0.6483905991802268,46.56072209164384,full_rank,map3_5_no_refresh,far_constant_referenced,130.0,global_time_poly1,2.639853746766993,-4.3888260558620615,protocol_midpoint_estimate elapsed minutes,map_level_time_adjusted_sensitivity; sequential_not_randomized
17,4,4,13,1.1210159228713044,-11.322036723518295,9.37084495354184,14.103473884938976,-41.790739651756894,19.1466662047203,2.422423095434801,3.371257113495133,0.8381830094128131,36.854968384386815,full_rank,map3_5_no_refresh,far_constant_referenced,130.0,global_time_poly2,2.639853746766993,-4.288887873952979,protocol_midpoint_estimate elapsed minutes,map_level_time_adjusted_sensitivity; sequential_not_randomized
17,5,5,12,1.3889260164496977,-6.995410835534708,5.417249727803883,10.863579559045379,-30.665117354852036,16.674295683782617,1.3842413223501646,2.7905323056189135,0.9512263074552528,20.588506719071553,full_rank,map3_5_no_refresh,far_constant_referenced,130.0,global_time_poly3,2.639853746766993,-2.6499236346338995,protocol_midpoint_estimate elapsed minutes,map_level_time_adjusted_sensitivity; sequential_not_randomized
17,6,6,11,2.1027706913146416,-13.170319080053451,3.789744089100867,4.618188454432125,-23.334883334724967,-3.005754825381935,0.8933048655480236,1.3273111453208903,0.9813802924695254,9.163462494999994,full_rank,map3_5_no_refresh,far_constant_referenced,130.0,global_time_poly4,2.639853746766993,-4.989033614526195,protocol_midpoint_estimate elapsed minutes,map_level_time_adjusted_sensitivity; sequential_not_randomized
17,7,7,10,3.0168438884889035,-13.394321617159397,4.001476576196851,5.9683588453553105,-26.692653842964162,-0.09598939135462992,0.9311725098312654,3.3449734756059852,0.9816074873527183,14.99919957160636,full_rank,map3_5_no_refresh,far_constant_referenced,130.0,global_time_poly5,2.639853746766993,-5.073887761230451,protocol_midpoint_estimate elapsed minutes,map_level_time_adjusted_sensitivity; sequential_not_randomized
17,5,5,12,1.0908503246792092,-11.414495109268273,12.074921299353607,16.315454378189386,-46.96281643025549,24.13382621171894,3.117464835038834,4.053331256351294,0.7526196818834237,48.19201568605862,full_rank,map3_5_no_refresh,far_constant_referenced,130.0,block_fixed_linear_within,2.639853746766993,-4.323911930063364,protocol_midpoint_estimate elapsed minutes,map_level_time_adjusted_sensitivity; sequential_not_randomized
17,6,6,11,1.276624646775796,-11.083715675562349,12.473869930107398,19.740009604934155,-54.53118387591729,32.3637525247926,3.216323798664743,5.085064557528675,0.7586246121877731,52.71971980565421,full_rank,map3_5_no_refresh,far_constant_referenced,130.0,block_fixed_quadratic_within,2.639853746766993,-4.198609748413708,protocol_midpoint_estimate elapsed minutes,map_level_time_adjusted_sensitivity; sequential_not_randomized
17,3,3,14,1.072912957239902,-9.351172429497137,12.490744662864923,14.321098275780443,-40.066873367741096,21.36452850874682,3.2290209675751873,3.685990063787611,0.5316674263935419,44.39958710000006,full_rank,map3_5_no_refresh,far_constant_referenced,135.0,global_time_poly1,2.542081385775623,-3.678549586107751,protocol_midpoint_estimate elapsed minutes,map_level_time_adjusted_sensitivity; sequential_not_randomized
17,4,4,13,1.1210159228713044,-9.148665959819073,10.360783009016878,14.460271704307276,-40.38818371371458,22.090851794076436,2.6783283868489094,3.5966990277594912,0.7008041261076523,40.26940292593503,full_rank,map3_5_no_refresh,far_constant_referenced,135.0,global_time_poly2,2.542081385775623,-3.598887907763698,protocol_midpoint_estimate elapsed minutes,map_level_time_adjusted_sensitivity; sequential_not_randomized
17,5,5,12,1.3889260164496977,-4.4648613883584085,6.269811135469986,10.550453478857317,-27.45232478685977,18.522602010142954,1.6020918534555249,3.0442112775111134,0.9011809511780529,25.557877899188593,full_rank,map3_5_no_refresh,far_constant_referenced,135.0,global_time_poly3,2.542081385775623,-1.756380190399026,protocol_midpoint_estimate elapsed minutes,map_level_time_adjusted_sensitivity; sequential_not_randomized
17,6,6,11,2.1027706913146416,-11.130123836409958,4.826471951069358,3.973395064523721,-19.875507408573498,-2.3847402642464157,1.1376786336895492,1.5888888824212775,0.9543210105021057,17.38524939268236,full_rank,map3_5_no_refresh,far_constant_referenced,135.0,global_time_poly4,2.542081385775623,-4.378350708474271,protocol_midpoint_estimate elapsed minutes,map_level_time_adjusted_sensitivity; sequential_not_randomized
17,7,7,10,3.0168438884889035,-10.834240239277465,5.093742672866335,5.733971348349508,-23.610324576588788,1.941844098033858,1.185350722116591,2.828458699443901,0.954920578272631,23.20507993654212,full_rank,map3_5_no_refresh,far_constant_referenced,135.0,global_time_poly5,2.542081385775623,-4.261956481763779,protocol_midpoint_estimate elapsed minutes,map_level_time_adjusted_sensitivity; sequential_not_randomized
17,5,5,12,1.0908503246792092,-9.264290967647671,12.292247088848436,15.58982510565194,-43.23160192005096,24.703019984755624,3.173573317214486,4.032644924589741,0.6122400799217551,48.79850985522993,full_rank,map3_5_no_refresh,far_constant_referenced,135.0,block_fixed_linear_within,2.542081385775623,-3.644372292518484,protocol_midpoint_estimate elapsed minutes,map_level_time_adjusted_sensitivity; sequential_not_randomized
17,6,6,11,1.276624646775796,-9.044681376107157,12.788824997173485,18.785387323761697,-50.391040102116996,32.30167734990268,3.2975333577984083,4.994433150243229,0.6162435575780892,53.567533324567975,full_rank,map3_5_no_refresh,far_constant_referenced,135.0,block_fixed_quadratic_within,2.542081385775623,-3.5579826148435854,protocol_midpoint_estimate elapsed minutes,map_level_time_adjusted_sensitivity; sequential_not_randomized
17,3,3,14,1.072912957239902,-8.485684088079186,10.854425453599392,12.072528119008798,-34.37868168723204,17.407313511073667,2.806011036704296,3.2108822611831287,0.3746281703278651,39.62547470808183,full_rank,map3_5_no_refresh,far_constant_referenced,140.0,global_time_poly1,2.451292764855065,-3.461717918700302,protocol_midpoint_estimate elapsed minutes,map_level_time_adjusted_sensitivity; sequential_not_randomized
17,4,4,13,1.1210159228713044,-8.36368365492351,10.240278050592135,14.475647583124458,-39.6364189754812,22.90905166563418,2.647177087702489,3.6876558383446874,0.4831781438450746,39.87163551917172,full_rank,map3_5_no_refresh,far_constant_referenced,140.0,global_time_poly2,2.451292764855065,-3.4119480850415758,protocol_midpoint_estimate elapsed minutes,map_level_time_adjusted_sensitivity; sequential_not_randomized
17,5,5,12,1.3889260164496977,-3.5479889883405873,5.657357341858513,9.289145223601746,-23.787297778130732,16.691319801449556,1.4455947577436743,2.4224826629036786,0.8577324331026689,22.06304000581012,full_rank,map3_5_no_refresh,far_constant_referenced,140.0,global_time_poly3,2.451292764855065,-1.4473950395518609,protocol_midpoint_estimate elapsed minutes,map_level_time_adjusted_sensitivity; sequential_not_randomized
17,6,6,11,2.1027706913146416,-9.198125960518013,4.642881360656732,4.6722332690181885,-19.481642050072892,1.085390129036865,1.0944033190961189,1.4304658208849608,0.9252555385650469,16.066709011783082,full_rank,map3_5_no_refresh,far_constant_referenced,140.0,global_time_poly4,2.451292764855065,-3.7523571612474695,protocol_midpoint_estimate elapsed minutes,map_level_time_adjusted_sensitivity; sequential_not_randomized
17,7,7,10,3.0168438884889035,-9.664264606754852,4.844863839824888,4.299897762345038,-19.245033870512934,-0.08349534299676975,1.1274348195256174,1.5645467497982164,0.927886858467006,21.501893530056805,full_rank,map3_5_no_refresh,far_constant_referenced,140.0,global_time_poly5,2.451292764855065,-3.94251749334652,protocol_midpoint_estimate elapsed minutes,map_level_time_adjusted_sensitivity; sequential_not_randomized
17,5,5,12,1.0908503246792092,-8.215162685673983,11.063358750197535,13.539485123620631,-37.7151665800556,21.284841208707633,2.8563028284918337,3.5946661122151933,0.4445803061404763,45.21728607419331,full_rank,map3_5_no_refresh,far_constant_referenced,140.0,block_fixed_linear_within,2.451292764855065,-3.351359251517112,protocol_midpoint_estimate elapsed minutes,map_level_time_adjusted_sensitivity; sequential_not_randomized
17,6,6,11,1.276624646775796,-7.977866930975534,11.483764097387931,16.14760338782517,-43.518502358483886,27.562768496532815,2.9610300549576545,4.329113212663924,0.45284566411222893,49.90785756620058,full_rank,map3_5_no_refresh,far_constant_referenced,140.0,block_fixed_quadratic_within,2.451292764855065,-3.2545549211243365,protocol_midpoint_estimate elapsed minutes,map_level_time_adjusted_sensitivity; sequential_not_randomized
17,3,3,14,1.072912957239902,-10.037006958997832,8.95006361025548,10.718416478907072,-33.02572393850714,12.95171002051148,2.313708576924671,2.670856336262842,0.28534293997520044,33.066458779864675,full_rank,map3_5_no_refresh,far_constant_referenced,145.0,global_time_poly1,2.3667654281359245,-4.240811885993715,protocol_midpoint_estimate elapsed minutes,map_level_time_adjusted_sensitivity; sequential_not_randomized
17,4,4,13,1.1210159228713044,-9.971233400741125,8.936905864514406,13.293179014852807,-38.68940068915441,18.746933887672164,2.310247077532095,3.2437948255615434,0.3383740187716143,35.242897839896656,full_rank,map3_5_no_refresh,far_constant_referenced,145.0,global_time_poly2,2.3667654281359245,-4.2130214013623295,protocol_midpoint_estimate elapsed minutes,map_level_time_adjusted_sensitivity; sequential_not_randomized
17,5,5,12,1.3889260164496977,-5.979858538066648,5.538083304823404,10.712860980783008,-29.32117748539729,17.361460409263994,1.415117290570594,2.562478753771055,0.770850739217756,21.338553881752617,full_rank,map3_5_no_refresh,far_constant_referenced,145.0,global_time_poly3,2.3667654281359245,-2.5265953554072373,protocol_midpoint_estimate elapsed minutes,map_level_time_adjusted_sensitivity; sequential_not_randomized
17,6,6,11,2.1027706913146416,-11.844643342742774,4.282149124378201,5.274773049214155,-23.454340546868615,-0.23494613861693203,1.0093728119559693,1.5989676137857896,0.893131865092208,13.316784218583038,full_rank,map3_5_no_refresh,far_constant_referenced,145.0,global_time_poly4,2.3667654281359245,-5.004570035515378,protocol_midpoint_estimate elapsed minutes,map_level_time_adjusted_sensitivity; sequential_not_randomized
17,7,7,10,3.0168438884889035,-12.535165912348921,4.337739835200886,5.002523364176851,-23.681482577933714,-1.3888492467641296,1.009423399693634,2.030869439483808,0.9028374116284495,17.742659575353933,full_rank,map3_5_no_refresh,far_constant_referenced,145.0,global_time_poly5,2.3667654281359245,-5.296327960232914,protocol_midpoint_estimate elapsed minutes,map_level_time_adjusted_sensitivity; sequential_not_randomized
17,5,5,12,1.0908503246792092,-9.83899562521975,9.318780753223145,12.574077465642311,-37.23555692854289,17.557565678103387,2.4058932214460897,3.0377901531543507,0.33765191831510244,39.38265369141553,full_rank,map3_5_no_refresh,far_constant_referenced,145.0,block_fixed_linear_within,2.3667654281359245,-4.157148616527236,protocol_midpoint_estimate elapsed minutes,map_level_time_adjusted_sensitivity; sequential_not_randomized
17,6,6,11,1.276624646775796,-9.814379535571367,9.744578481102506,14.523854918887327,-41.78116867924012,22.15240960809738,2.512589906126789,3.623733062509881,0.33780141813553244,44.32427070206962,full_rank,map3_5_no_refresh,far_constant_referenced,145.0,block_fixed_quadratic_within,2.3667654281359245,-4.146747885911625,protocol_midpoint_estimate elapsed minutes,map_level_time_adjusted_sensitivity; sequential_not_randomized
17,3,3,14,1.072912957239902,-6.70074825452385,8.356920898166164,9.591157242320936,-27.271734629571817,13.87023812052412,2.1603734231131506,2.483676742873552,0.09415107376980514,30.735058586699633,full_rank,map3_5_no_refresh,far_constant_referenced,150.0,global_time_poly1,2.2878732471980605,-2.9288109656993457,protocol_midpoint_estimate elapsed minutes,map_level_time_adjusted_sensitivity; sequential_not_randomized
17,4,4,13,1.1210159228713044,-6.67162745405021,8.599961493359771,12.328618100425814,-33.30598757568805,19.96273266758763,2.2231448118763986,3.154999635624006,0.10926412489448556,33.936219924989196,full_rank,map3_5_no_refresh,far_constant_referenced,150.0,global_time_poly2,2.2878732471980605,-2.9160826379786977,protocol_midpoint_estimate elapsed minutes,map_level_time_adjusted_sensitivity; sequential_not_randomized
17,5,5,12,1.3889260164496977,-2.522668168746605,4.411099769189036,6.752604399845183,-17.235329268770933,12.189992931277722,1.1271451168628477,1.582916510541173,0.7886457427757994,13.602723333125091,full_rank,map3_5_no_refresh,far_constant_referenced,150.0,global_time_poly3,2.2878732471980605,-1.1026258433836298,protocol_midpoint_estimate elapsed minutes,map_level_time_adjusted_sensitivity; sequential_not_randomized
17,6,6,11,2.1027706913146416,-5.09837196730367,4.571350330778411,6.387232229815271,-19.156575319130603,8.959831384523264,1.0775422816419713,1.360069524625692,0.8229355346928593,15.538807401398099,full_rank,map3_5_no_refresh,far_constant_referenced,150.0,global_time_poly4,2.2878732471980605,-2.2284328791149615,protocol_midpoint_estimate elapsed minutes,map_level_time_adjusted_sensitivity; sequential_not_randomized
17,7,7,10,3.0168438884889035,-5.205474828410594,4.851813466946788,7.989310253410766,-23.00676740443697,12.595817747615783,1.1290520479677344,1.8456308537181505,0.8232749911951711,21.550629268109432,full_rank,map3_5_no_refresh,far_constant_referenced,150.0,global_time_poly5,2.2878732471980605,-2.275246163565091,protocol_midpoint_estimate elapsed minutes,map_level_time_adjusted_sensitivity; sequential_not_randomized
17,5,5,12,1.0908503246792092,-6.5490400358346,8.995484121277288,11.640012960275135,-31.910449611130524,18.812369539461322,2.322425523695409,2.9414754974876187,0.10270566907776457,38.18214386429824,full_rank,map3_5_no_refresh,far_constant_referenced,150.0,block_fixed_linear_within,2.2878732471980605,-2.862501252573828,protocol_midpoint_estimate elapsed minutes,map_level_time_adjusted_sensitivity; sequential_not_randomized
17,6,6,11,1.276624646775796,-6.301513023144235,9.291650411836189,13.647640452547117,-36.339767129348175,23.73674108305971,2.395804711441663,3.440450145077972,0.1246825213497631,42.70604459769688,full_rank,map3_5_no_refresh,far_constant_referenced,150.0,block_fixed_quadratic_within,2.2878732471980605,-2.7543103757437812,protocol_midpoint_estimate elapsed minutes,map_level_time_adjusted_sensitivity; sequential_not_randomized
17,3,3,14,1.072912957239902,-9.633155602961399,7.893734113900526,8.971773490602255,-28.875695952611096,9.6093847466883,2.0406335774381352,2.3320054658050164,0.11865389296459217,28.796353052285088,full_rank,map3_5_no_refresh,far_constant_referenced,155.0,global_time_poly1,2.21407088438522,-4.3508794912120585,protocol_midpoint_estimate elapsed minutes,map_level_time_adjusted_sensitivity; sequential_not_randomized
17,4,4,13,1.1210159228713044,-9.620318156901092,8.177030024327408,11.523242555619587,-34.51477019485935,15.274133881057164,2.113814333840591,2.9562831939734044,0.12185662872836078,32.221643487226274,full_rank,map3_5_no_refresh,far_constant_referenced,155.0,global_time_poly2,2.21407088438522,-4.3450813723935315,protocol_midpoint_estimate elapsed minutes,map_level_time_adjusted_sensitivity; sequential_not_randomized
17,5,5,12,1.3889260164496977,-5.713662463919295,4.3223472216044945,6.71192444500797,-20.337689556434174,8.910364628595584,1.104466645313009,1.7083394033636792,0.7787033428572853,12.911658165675355,full_rank,map3_5_no_refresh,far_constant_referenced,155.0,global_time_poly3,2.21407088438522,-2.5806140644434716,protocol_midpoint_estimate elapsed minutes,map_level_time_adjusted_sensitivity; sequential_not_randomized
17,6,6,11,2.1027706913146416,-9.31587228452823,4.00439169494042,5.116648268118831,-20.577539192021895,1.9457946229654386,0.9439008282744145,1.1745830168689357,0.8518390283382884,11.036630901539398,full_rank,map3_5_no_refresh,far_constant_referenced,155.0,global_time_poly4,2.21407088438522,-4.2075763473647605,protocol_midpoint_estimate elapsed minutes,map_level_time_adjusted_sensitivity; sequential_not_randomized
17,7,7,10,3.0168438884889035,-9.422505233600457,4.248879326425946,6.572847140340355,-24.067721315019444,5.222710847818529,0.9887449172871502,1.556844552237848,0.8522059582693549,17.03892156083406,full_rank,map3_5_no_refresh,far_constant_referenced,155.0,global_time_poly5,2.21407088438522,-4.2557378357002325,protocol_midpoint_estimate elapsed minutes,map_level_time_adjusted_sensitivity; sequential_not_randomized
17,5,5,12,1.0908503246792092,-9.493995274086032,8.500814035856395,10.704874228076706,-32.817912582152836,13.829922033980772,2.1947131719529724,2.7543716989442304,0.12617355397589014,36.25907804902097,full_rank,map3_5_no_refresh,far_constant_referenced,155.0,block_fixed_linear_within,2.21407088438522,-4.288026793108851,protocol_midpoint_estimate elapsed minutes,map_level_time_adjusted_sensitivity; sequential_not_randomized
17,6,6,11,1.276624646775796,-9.326700351596614,8.834376630703723,12.274274994681589,-36.34219746566801,17.68879676247478,2.2778989970961954,3.157298375222408,0.13712078087418922,40.990212660018166,full_rank,map3_5_no_refresh,far_constant_referenced,155.0,block_fixed_quadratic_within,2.21407088438522,-4.21246691665265,protocol_midpoint_estimate elapsed minutes,map_level_time_adjusted_sensitivity; sequential_not_randomized
17,3,3,14,1.072912957239902,-10.642776854282172,7.242569493752079,8.345464008028474,-28.542016963191486,7.256463254627143,1.8722990010334486,2.165899169479259,0.13733891317799685,25.86918259521961,full_rank,map3_5_no_refresh,far_constant_referenced,160.0,global_time_poly1,2.144881169248182,-4.961942417543183,protocol_midpoint_estimate elapsed minutes,map_level_time_adjusted_sensitivity; sequential_not_randomized
17,4,4,13,1.1210159228713044,-10.616391448883723,7.447318014866437,10.810687879376761,-33.971462698272255,12.738679800504807,1.925179132479557,2.754778406121136,0.15307021819360478,29.04349221551496,full_rank,map3_5_no_refresh,far_constant_referenced,160.0,global_time_poly2,2.144881169248182,-4.949640847751464,protocol_midpoint_estimate elapsed minutes,map_level_time_adjusted_sensitivity; sequential_not_randomized
17,5,5,12,1.3889260164496977,-7.078978702436665,4.003561769330641,6.818337987088483,-21.93486098568649,7.776903580813164,1.0230090758499073,1.574033760599995,0.779249355234259,10.306775848760772,full_rank,map3_5_no_refresh,far_constant_referenced,160.0,global_time_poly3,2.144881169248182,-3.30040601033295,protocol_midpoint_estimate elapsed minutes,map_level_time_adjusted_sensitivity; sequential_not_randomized
17,6,6,11,2.1027706913146416,-10.259804697698055,3.791588295949886,4.180080797855147,-19.460100501724924,-1.0595088936711843,0.8937395753628746,1.354587353491338,0.8455540853768759,9.180003923582408,full_rank,map3_5_no_refresh,far_constant_referenced,160.0,global_time_poly4,2.144881169248182,-4.78339072802541,protocol_midpoint_estimate elapsed minutes,map_level_time_adjusted_sensitivity; sequential_not_randomized
17,7,7,10,3.0168438884889035,-10.933295151998628,3.7996622542050216,3.887000352904405,-19.59407165590636,-2.2725186480908963,0.8842088590012418,1.493924621085878,0.8625731838543493,13.23965691036722,full_rank,map3_5_no_refresh,far_constant_referenced,160.0,global_time_poly5,2.144881169248182,-5.097389687015126,protocol_midpoint_estimate elapsed minutes,map_level_time_adjusted_sensitivity; sequential_not_randomized
17,5,5,12,1.0908503246792092,-10.403145335157426,7.671667970666623,9.770281876058608,-31.690760836141887,10.884470165827036,1.9806468739408851,2.488073593199703,0.17252074823568642,32.76973049425494,full_rank,map3_5_no_refresh,far_constant_referenced,160.0,block_fixed_linear_within,2.144881169248182,-4.850219902300652,protocol_midpoint_estimate elapsed minutes,map_level_time_adjusted_sensitivity; sequential_not_randomized
17,6,6,11,1.276624646775796,-10.269743657063074,7.983777711219845,11.321006439680188,-35.187110828002666,14.647623513876518,2.0585764000847195,2.9009087416478194,0.18061421426739743,37.5480917720708,full_rank,map3_5_no_refresh,far_constant_referenced,160.0,block_fixed_quadratic_within,2.144881169248182,-4.788024532222826,protocol_midpoint_estimate elapsed minutes,map_level_time_adjusted_sensitivity; sequential_not_randomized
17,3,3,14,1.072912957239902,-10.149626483281317,6.289781035291325,7.468243328443593,-26.167415356251542,5.868162389688909,1.6259907149326132,1.861078761350796,0.18744722744997866,21.073489825673683,full_rank,map3_5_no_refresh,far_constant_referenced,165.0,global_time_poly1,2.079884770180055,-4.879898458222119,protocol_midpoint_estimate elapsed minutes,map_level_time_adjusted_sensitivity; sequential_not_randomized
17,4,4,13,1.1210159228713044,-10.167508077796997,6.49103899341116,9.196268286054512,-30.0348378393956,9.699821683801607,1.6779749157053272,2.3073058028917592,0.19647073427677675,24.370825967535172,full_rank,map3_5_no_refresh,far_constant_referenced,165.0,global_time_poly2,2.079884770180055,-4.8884958549491175,protocol_midpoint_estimate elapsed minutes,map_level_time_adjusted_sensitivity; sequential_not_randomized
17,5,5,12,1.3889260164496977,-7.081063567011175,3.4790063048369055,5.590576712013264,-19.2618838323632,5.09975669834085,0.8889721777371864,1.5456846737919854,0.7918171247320258,5.531894088870868,full_rank,map3_5_no_refresh,far_constant_referenced,165.0,global_time_poly3,2.079884770180055,-3.404546092425192,protocol_midpoint_estimate elapsed minutes,map_level_time_adjusted_sensitivity; sequential_not_randomized
17,6,6,11,2.1027706913146416,-10.064616691128736,3.175880550802408,3.2631370897303613,-17.246733000941525,-2.882500381315948,0.7486071570347711,1.0530665552844545,0.8646718785632614,3.155201406681071,full_rank,map3_5_no_refresh,far_constant_referenced,165.0,global_time_poly4,2.079884770180055,-4.8390261015553495,protocol_midpoint_estimate elapsed minutes,map_level_time_adjusted_sensitivity; sequential_not_randomized
17,7,7,10,3.0168438884889035,-9.918711830323806,3.3615056011796693,4.40806584175698,-19.740494594362065,-0.0969290662855471,0.7822466401733456,1.9740207384816943,0.8656694381350903,9.073867664612886,full_rank,map3_5_no_refresh,far_constant_referenced,165.0,global_time_poly5,2.079884770180055,-4.768875647599048,protocol_midpoint_estimate elapsed minutes,map_level_time_adjusted_sensitivity; sequential_not_randomized
17,5,5,12,1.0908503246792092,-9.98672871427463,6.680498645408575,8.849772081303353,-29.268725664615502,9.295268236066242,1.724749925177621,2.1651232022291276,0.2163521725478087,28.06612200011081,full_rank,map3_5_no_refresh,far_constant_referenced,165.0,block_fixed_linear_within,2.079884770180055,-4.80157788424504,protocol_midpoint_estimate elapsed minutes,map_level_time_adjusted_sensitivity; sequential_not_randomized
17,6,6,11,1.276624646775796,-9.97239183224908,6.986014927694704,10.05182772837442,-32.09631549411148,12.151531829613315,1.8013083506297367,2.4639014003366104,0.21646891990089712,33.00904370774242,full_rank,map3_5_no_refresh,far_constant_referenced,165.0,block_fixed_quadratic_within,2.079884770180055,-4.794684770630718,protocol_midpoint_estimate elapsed minutes,map_level_time_adjusted_sensitivity; sequential_not_randomized
17,3,3,14,1.072912957239902,-7.572171706749955,6.603241967014534,8.003777928118428,-24.738568060021684,9.594224646521774,1.7070244681930644,1.9657766633680571,0.12316532002802871,22.727062043879805,full_rank,map3_5_no_refresh,far_constant_referenced,170.0,global_time_poly1,2.018711688704171,-3.750992154610547,protocol_midpoint_estimate elapsed minutes,map_level_time_adjusted_sensitivity; sequential_not_randomized
17,4,4,13,1.1210159228713044,-7.5993427795053226,6.772507175208724,9.82270644987876,-28.82000991544082,13.621324356430177,1.7507362331315375,2.4368890021485816,0.14356386586534675,25.814083300985146,full_rank,map3_5_no_refresh,far_constant_referenced,170.0,global_time_poly2,2.018711688704171,-3.7644517649686806,protocol_midpoint_estimate elapsed minutes,map_level_time_adjusted_sensitivity; sequential_not_randomized
17,5,5,12,1.3889260164496977,-4.37634025886547,3.6210769772358713,6.548981243877107,-18.64534461425,9.89266409651906,0.9252747492098229,1.6863779765134417,0.7791828211393361,6.8927366323697745,full_rank,map3_5_no_refresh,far_constant_referenced,170.0,global_time_poly3,2.018711688704171,-2.167887709450319,protocol_midpoint_estimate elapsed minutes,map_level_time_adjusted_sensitivity; sequential_not_randomized
17,6,6,11,2.1027706913146416,-8.112379401176383,2.880093714895236,3.6143579747850154,-16.06752766690566,-0.15723113544710365,0.6788853464141441,0.8680736905128645,0.891032811762239,-0.16870996666736993,full_rank,map3_5_no_refresh,far_constant_referenced,170.0,global_time_poly4,2.018711688704171,-4.018592375805676,protocol_midpoint_estimate elapsed minutes,map_level_time_adjusted_sensitivity; sequential_not_randomized
17,7,7,10,3.0168438884889035,-8.129351564548196,3.0595430756069635,4.43697592699115,-18.015550012710328,1.7568468836139335,0.7119777788022347,1.355021203533288,0.891046027654757,5.8736725378307195,full_rank,map3_5_no_refresh,far_constant_referenced,170.0,global_time_poly5,2.018711688704171,-4.026999798949249,protocol_midpoint_estimate elapsed minutes,map_level_time_adjusted_sensitivity; sequential_not_randomized
17,5,5,12,1.0908503246792092,-7.475523712966884,7.052344201207357,9.564945494784164,-28.315749672033924,13.364702246100158,1.8207518299130356,2.298373269875751,0.1449471744610571,29.907814963015866,full_rank,map3_5_no_refresh,far_constant_referenced,170.0,block_fixed_linear_within,2.018711688704171,-3.7031160788321826,protocol_midpoint_estimate elapsed minutes,map_level_time_adjusted_sensitivity; sequential_not_randomized
17,6,6,11,1.276624646775796,-7.452609374965394,7.3741559095434495,10.707589101307635,-31.019854087209417,16.114635337278628,1.90138852495832,2.5861514905685854,0.14523916919666957,34.847463132395156,full_rank,map3_5_no_refresh,far_constant_referenced,170.0,block_fixed_quadratic_within,2.018711688704171,-3.6917651077501263,protocol_midpoint_estimate elapsed minutes,map_level_time_adjusted_sensitivity; sequential_not_randomized
17,3,3,14,1.072912957239902,-7.408372449163506,5.646991378792875,7.181911360337287,-22.81204032861427,7.995295430287257,1.4598211762385218,1.707318315011292,0.220856267184377,17.40817577112774,full_rank,map3_5_no_refresh,far_constant_referenced,175.0,global_time_poly1,1.9610342118840518,-3.777788477257598,protocol_midpoint_estimate elapsed minutes,map_level_time_adjusted_sensitivity; sequential_not_randomized
17,4,4,13,1.1210159228713044,-7.433554579114579,5.779696226342444,8.767954874700912,-26.37556947168298,11.508460313453819,1.4940882804807778,2.1186308266210716,0.24214503850076474,20.42439551050254,full_rank,map3_5_no_refresh,far_constant_referenced,175.0,global_time_poly2,1.9610342118840518,-3.7906297269402742,protocol_midpoint_estimate elapsed minutes,map_level_time_adjusted_sensitivity; sequential_not_randomized
17,5,5,12,1.3889260164496977,-4.761033731566302,3.329673307688742,6.5863680781150595,-19.11149700104898,9.589429537916377,0.8508139026290741,1.53358717735164,0.7731490359638046,4.040228577402691,full_rank,map3_5_no_refresh,far_constant_referenced,175.0,global_time_poly3,1.9610342118840518,-2.4278177824303064,protocol_midpoint_estimate elapsed minutes,map_level_time_adjusted_sensitivity; sequential_not_randomized
17,6,6,11,2.1027706913146416,-8.070329112926741,2.744514737652112,3.6347572935344927,-16.07037597649942,-0.0702822493540598,0.6469271568399129,0.947439987729209,0.8797753067914629,-1.808140824197503,full_rank,map3_5_no_refresh,far_constant_referenced,175.0,global_time_poly4,1.9610342118840518,-4.115343355062236,protocol_midpoint_estimate elapsed minutes,map_level_time_adjusted_sensitivity; sequential_not_randomized
17,7,7,10,3.0168438884889035,-8.483415310310502,2.797971111318878,4.036960371263569,-17.478323557365663,0.5114929367446592,0.6511080928626691,1.685599620528914,0.8892875620523316,2.835057460419014,full_rank,map3_5_no_refresh,far_constant_referenced,175.0,global_time_poly5,1.9610342118840518,-4.325990469161734,protocol_midpoint_estimate elapsed minutes,map_level_time_adjusted_sensitivity; sequential_not_randomized
17,5,5,12,1.0908503246792092,-7.2706756813647475,6.022489519426405,8.525342831909425,-25.845802020808055,11.304450658078562,1.5548672186548165,1.9643077089694971,0.24236838600483135,24.54059682177676,full_rank,map3_5_no_refresh,far_constant_referenced,175.0,block_fixed_linear_within,1.9610342118840518,-3.7075720746245877,protocol_midpoint_estimate elapsed minutes,map_level_time_adjusted_sensitivity; sequential_not_randomized
17,6,6,11,1.276624646775796,-7.324135508469032,6.290350733153646,9.330273044643693,-27.859928019251754,13.211657002313691,1.6219348829474363,2.208766062953221,0.24429944494122424,29.44266628574364,full_rank,map3_5_no_refresh,far_constant_referenced,175.0,block_fixed_quadratic_within,1.9610342118840518,-3.7348331120814118,protocol_midpoint_estimate elapsed minutes,map_level_time_adjusted_sensitivity; sequential_not_randomized
17,3,3,14,1.072912957239902,-10.221626073973134,6.455526697378634,7.45249312769086,-26.205634126036877,5.762381978090609,1.6688381377732782,1.915136576370697,0.21964557990181954,21.957841986761984,full_rank,map3_5_no_refresh,far_constant_referenced,180.0,global_time_poly1,1.9065610393317172,-5.361289705970281,protocol_midpoint_estimate elapsed minutes,map_level_time_adjusted_sensitivity; sequential_not_randomized
17,4,4,13,1.1210159228713044,-10.26252295174459,6.5120555180005555,9.068730168923413,-29.854323362589117,9.329277459099938,1.6834078211480623,2.3574836935313996,0.2626775452613045,24.480732491345723,full_rank,map3_5_no_refresh,far_constant_referenced,180.0,global_time_poly2,1.9065610393317172,-5.38274030572962,protocol_midpoint_estimate elapsed minutes,map_level_time_adjusted_sensitivity; sequential_not_randomized
17,5,5,12,1.3889260164496977,-7.175055440317088,3.519025280627751,5.589545965090713,-19.353629901050127,5.003519020415949,0.899198016077904,1.3992055407579562,0.8058097803685491,5.920763442402941,full_rank,map3_5_no_refresh,far_constant_referenced,180.0,global_time_poly3,1.9065610393317172,-3.7633494508164658,protocol_midpoint_estimate elapsed minutes,map_level_time_adjusted_sensitivity; sequential_not_randomized
17,6,6,11,2.1027706913146416,-10.163591333972365,3.229099493236048,3.336859135595036,-17.507968772704256,-2.819213895240474,0.7611517350056204,0.9938497249774889,0.8724528980387892,3.720226019715218,full_rank,map3_5_no_refresh,far_constant_referenced,180.0,global_time_poly4,1.9065610393317172,-5.330850218954899,protocol_midpoint_estimate elapsed minutes,map_level_time_adjusted_sensitivity; sequential_not_randomized
17,7,7,10,3.0168438884889035,-10.510845235208683,3.3605097486111464,3.3427949595960795,-17.959056558837275,-3.0626339115800905,0.7820148980856448,1.1185401749847113,0.8776044916330125,9.06379360621951,full_rank,map3_5_no_refresh,far_constant_referenced,180.0,global_time_poly5,1.9065610393317172,-5.512986481090014,protocol_midpoint_estimate elapsed minutes,map_level_time_adjusted_sensitivity; sequential_not_randomized
17,5,5,12,1.0908503246792092,-10.01602807855734,6.788430533513382,8.398645633913421,-28.315104937524552,8.283048780409871,1.7526154372918983,2.1600733487887145,0.26228275065779516,28.611044718000908,full_rank,map3_5_no_refresh,far_constant_referenced,180.0,block_fixed_linear_within,1.9065610393317172,-5.253452615431674,protocol_midpoint_estimate elapsed minutes,map_level_time_adjusted_sensitivity; sequential_not_randomized
17,6,6,11,1.276624646775796,-9.973148907829774,7.094828974081377,9.283805921390506,-30.406667969900486,10.460370154240938,1.8293654980092953,2.3749717607503023,0.2632348414906368,33.53454505590221,full_rank,map3_5_no_refresh,far_constant_referenced,180.0,block_fixed_quadratic_within,1.9065610393317172,-5.230962293935019,protocol_midpoint_estimate elapsed minutes,map_level_time_adjusted_sensitivity; sequential_not_randomized
17,3,3,14,1.072912957239902,-11.090037698722123,6.005565240538523,7.157203233117231,-26.440711915827954,4.260636518383707,1.5525172123238145,1.793148356540571,0.29197275870310446,19.501340735298115,full_rank,map3_5_no_refresh,far_constant_referenced,185.0,global_time_poly1,1.8550323625930223,-5.978352681254639,protocol_midpoint_estimate elapsed minutes,map_level_time_adjusted_sensitivity; sequential_not_randomized
17,4,4,13,1.1210159228713044,-11.138135238343398,5.95146866852423,8.485716171982679,-29.470410483919107,7.19414000723231,1.5384925506574096,2.1521951451759276,0.35437069899139584,21.420150070988257,full_rank,map3_5_no_refresh,far_constant_referenced,185.0,global_time_poly2,1.8550323625930223,-6.004280821696375,protocol_midpoint_estimate elapsed minutes,map_level_time_adjusted_sensitivity; sequential_not_randomized
17,5,5,12,1.3889260164496977,-8.281665080939177,3.1025111666537515,5.714961654006947,-20.733496853723977,4.170166691845624,0.7927683558490765,1.4388998500767205,0.8417575700347695,1.637708471818848,full_rank,map3_5_no_refresh,far_constant_referenced,185.0,global_time_poly3,1.8550323625930223,-4.4644315904887,protocol_midpoint_estimate elapsed minutes,map_level_time_adjusted_sensitivity; sequential_not_randomized
17,6,6,11,2.1027706913146416,-11.578118610188044,2.3897639409878884,2.9272310808597632,-18.020910779293953,-5.135326441082134,0.5633065731628829,0.7449142934295073,0.9267628547458868,-6.514070191551697,full_rank,map3_5_no_refresh,far_constant_referenced,185.0,global_time_poly4,1.8550323625930223,-6.2414644852900505,protocol_midpoint_estimate elapsed minutes,map_level_time_adjusted_sensitivity; sequential_not_randomized
17,7,7,10,3.0168438884889035,-11.757161625352587,2.5138077636555467,3.21702799017833,-18.925146678127604,-4.58917657257757,0.584981228789605,1.0695548374708441,0.9281985945828418,-0.8062034969563907,full_rank,map3_5_no_refresh,far_constant_referenced,185.0,global_time_poly5,1.8550323625930223,-6.33798194707399,protocol_midpoint_estimate elapsed minutes,map_level_time_adjusted_sensitivity; sequential_not_randomized
17,5,5,12,1.0908503246792092,-10.91039350841413,6.27349056941587,8.20153502055278,-28.78000323412835,6.95921621730009,1.6196698726432834,2.023524288752661,0.3394840060131449,25.928891421388172,full_rank,map3_5_no_refresh,far_constant_referenced,185.0,block_fixed_linear_within,1.8550323625930223,-5.881511141489327,protocol_midpoint_estimate elapsed minutes,map_level_time_adjusted_sensitivity; sequential_not_randomized
17,6,6,11,1.276624646775796,-10.921421426179414,6.560554164536409,8.920559379153325,-30.555440239334644,8.712597386975816,1.691605460860042,2.2054354246998353,0.33955002765549736,30.872646652932247,full_rank,map3_5_no_refresh,far_constant_referenced,185.0,block_fixed_quadratic_within,1.8550323625930223,-5.887456006920067,protocol_midpoint_estimate elapsed minutes,map_level_time_adjusted_sensitivity; sequential_not_randomized
17,3,3,14,1.072912957239902,-7.46645881196762,5.302034380848708,6.283877963937476,-20.944036617515245,6.011118993580004,1.3706452776561853,1.5917251566638964,0.26865311959010574,15.265077175023546,full_rank,map3_5_no_refresh,far_constant_referenced,190.0,global_time_poly1,1.8062157214721533,-4.133758068433871,protocol_midpoint_estimate elapsed minutes,map_level_time_adjusted_sensitivity; sequential_not_randomized
17,4,4,13,1.1210159228713044,-7.492346694480412,5.41145686501562,8.039535542713173,-24.860707293462227,9.876013904501404,1.3988960605743859,2.066309241105739,0.29260908818378895,18.1860810731027,full_rank,map3_5_no_refresh,far_constant_referenced,190.0,global_time_poly2,1.8062157214721533,-4.148090732137901,protocol_midpoint_estimate elapsed minutes,map_level_time_adjusted_sensitivity; sequential_not_randomized
17,5,5,12,1.3889260164496977,-4.78257534307092,2.4060354915783684,3.7342268521285944,-12.918756717362339,3.3536060312205,0.6148015908127694,0.8382432253448258,0.8738763761883361,-7.006161460947015,full_rank,map3_5_no_refresh,far_constant_referenced,190.0,global_time_poly3,1.8062157214721533,-2.6478428275294212,protocol_midpoint_estimate elapsed minutes,map_level_time_adjusted_sensitivity; sequential_not_randomized
17,6,6,11,2.1027706913146416,-5.988135535935087,2.55630999090185,2.9969740136790852,-12.584430865196985,0.6081597933268119,0.6025642098866449,0.9778679536625953,0.8889433472589867,-4.223482804956495,full_rank,map3_5_no_refresh,far_constant_referenced,190.0,global_time_poly4,1.8062157214721533,-3.3152936632920387,protocol_midpoint_estimate elapsed minutes,map_level_time_adjusted_sensitivity; sequential_not_randomized
17,7,7,10,3.0168438884889035,-6.381278508707394,2.6011635879332875,2.9078667903325566,-12.860409480585947,0.09785246317115881,0.6053095602422895,0.9384381670268771,0.8981173351905477,0.3552445888058475,full_rank,map3_5_no_refresh,far_constant_referenced,190.0,global_time_poly5,1.8062157214721533,-3.532954803154046,protocol_midpoint_estimate elapsed minutes,map_level_time_adjusted_sensitivity; sequential_not_randomized
17,5,5,12,1.0908503246792092,-7.217398488333523,5.448978445650717,7.108360074085803,-22.705184615618872,8.270387638951824,1.4067999509123112,1.7689935121310634,0.33962417792627186,21.138129600620005,full_rank,map3_5_no_refresh,far_constant_referenced,190.0,block_fixed_linear_within,1.8062157214721533,-3.995867383133502,protocol_midpoint_estimate elapsed minutes,map_level_time_adjusted_sensitivity; sequential_not_randomized
17,6,6,11,1.276624646775796,-7.115891000041499,5.666523974836367,8.12493914647026,-24.99876148799956,10.766979487916563,1.4610843321350573,2.012143520444547,0.34703713686008775,25.891673800928388,full_rank,map3_5_no_refresh,far_constant_referenced,190.0,block_fixed_quadratic_within,1.8062157214721533,-3.939668399210756,protocol_midpoint_estimate elapsed minutes,map_level_time_adjusted_sensitivity; sequential_not_randomized
17,3,3,14,1.072912957239902,-7.6784380709004445,6.288042173411759,7.43228402992343,-23.61910191909779,8.262225777296901,1.6255411963794455,1.8812037264480181,0.20191494020683842,21.064088945521224,full_rank,map3_5_no_refresh,far_constant_referenced,195.0,global_time_poly1,1.759902497844662,-4.362990609027582,protocol_midpoint_estimate elapsed minutes,map_level_time_adjusted_sensitivity; sequential_not_randomized
17,4,4,13,1.1210159228713044,-7.7109570320306275,6.404558633647434,9.355631417164375,-27.922569907074468,12.500655843013213,1.6556191919865197,2.4176684906540897,0.23124236691167455,23.914798042854258,full_rank,map3_5_no_refresh,far_constant_referenced,195.0,global_time_poly2,1.759902497844662,-4.381468315133465,protocol_midpoint_estimate elapsed minutes,map_level_time_adjusted_sensitivity; sequential_not_randomized
17,5,5,12,1.3889260164496977,-4.790534941448175,3.806640746082095,5.60309482648509,-16.998629835214608,7.41755995231826,0.9726908827968762,1.2592384011159337,0.755062026240902,8.591907615856108,full_rank,map3_5_no_refresh,far_constant_referenced,195.0,global_time_poly3,1.759902497844662,-2.7220456515716656,protocol_midpoint_estimate elapsed minutes,map_level_time_adjusted_sensitivity; sequential_not_randomized
17,6,6,11,2.1027706913146416,-6.227248170039398,4.161387256383344,4.713431942728894,-16.601441929046636,4.146945588967841,0.9809072581570406,1.8451984717291583,0.7716643275732024,12.344162482248755,full_rank,map3_5_no_refresh,far_constant_referenced,195.0,global_time_poly4,1.759902497844662,-3.5384052114624858,protocol_midpoint_estimate elapsed minutes,map_level_time_adjusted_sensitivity; sequential_not_randomized
17,7,7,10,3.0168438884889035,-7.109666571732648,4.0589874369854115,3.6815540779636446,-15.3126802484534,1.093347104988105,0.9445557026510364,1.3804119435034785,0.8075223386798579,15.484383165367609,full_rank,map3_5_no_refresh,far_constant_referenced,195.0,global_time_poly5,1.759902497844662,-4.039807080471673,protocol_midpoint_estimate elapsed minutes,map_level_time_adjusted_sensitivity; sequential_not_randomized
17,5,5,12,1.0908503246792092,-7.51831812768593,6.626513969337697,8.300350459577375,-25.603228199715762,10.566591944343902,1.7108123329474396,2.1129752651934033,0.24227576977064813,27.790254063534572,full_rank,map3_5_no_refresh,far_constant_referenced,195.0,block_fixed_linear_within,1.759902497844662,-4.272008328241793,protocol_midpoint_estimate elapsed minutes,map_level_time_adjusted_sensitivity; sequential_not_randomized
17,6,6,11,1.276624646775796,-7.371807802703571,6.875068364384109,9.34963882012959,-27.95022409794425,13.206608492537107,1.772701344627963,2.3744436197432797,0.2542572879033145,32.46474805155684,full_rank,map3_5_no_refresh,far_constant_referenced,195.0,block_fixed_quadratic_within,1.759902497844662,-4.188759213497204,protocol_midpoint_estimate elapsed minutes,map_level_time_adjusted_sensitivity; sequential_not_randomized
17,3,3,14,1.072912957239902,-8.713073022735355,6.171953513046809,7.573422084424763,-24.956447891385654,7.530301845914945,1.5955307583684455,1.867430641507037,0.2665562611863842,20.43052072217646,full_rank,map3_5_no_refresh,far_constant_referenced,200.0,global_time_poly1,1.7159049353985454,-5.077829687990033,protocol_midpoint_estimate elapsed minutes,map_level_time_adjusted_sensitivity; sequential_not_randomized
17,4,4,13,1.1210159228713044,-8.755160382953326,6.197113660074638,9.539624545624386,-29.364266245726384,11.85394547981973,1.6019933452772892,2.4354127759720017,0.31341679481860685,22.795301178587916,full_rank,map3_5_no_refresh,far_constant_referenced,200.0,global_time_poly2,1.7159049353985454,-5.102357480497488,protocol_midpoint_estimate elapsed minutes,map_level_time_adjusted_sensitivity; sequential_not_randomized
17,5,5,12,1.3889260164496977,-5.680371318423506,2.8686970429507093,4.567059108421874,-15.631138297684256,4.270395660837242,0.7330230629345384,0.9891538407067071,0.8673079413342197,-1.0263242183213341,full_rank,map3_5_no_refresh,far_constant_referenced,200.0,global_time_poly3,1.7159049353985454,-3.310423090020516,protocol_midpoint_estimate elapsed minutes,map_level_time_adjusted_sensitivity; sequential_not_randomized
17,6,6,11,2.1027706913146416,-6.344004846009314,3.206423133494781,4.154068084250827,-15.48704705341959,2.799037361400961,0.7558065449311642,1.6458538408784684,0.8706869396287223,3.4806186197190865,full_rank,map3_5_no_refresh,far_constant_referenced,200.0,global_time_poly4,1.7159049353985454,-3.6971773407341013,protocol_midpoint_estimate elapsed minutes,map_level_time_adjusted_sensitivity; sequential_not_randomized
17,7,7,10,3.0168438884889035,-7.113198812021858,3.0449056080334684,4.102439124122366,-16.254002812299916,2.0276051882561994,0.7085715343426108,1.3983046396291945,0.8966772847317952,5.710619368869702,full_rank,map3_5_no_refresh,far_constant_referenced,200.0,global_time_poly5,1.7159049353985454,-4.145450406534152,protocol_midpoint_estimate elapsed minutes,map_level_time_adjusted_sensitivity; sequential_not_randomized
17,5,5,12,1.0908503246792092,-8.448649538927404,6.254633231694097,8.510648587595913,-26.99175987033822,10.094460792483416,1.614801345075056,2.0631684896603377,0.35605635863131724,25.826537712736872,full_rank,map3_5_no_refresh,far_constant_referenced,200.0,block_fixed_linear_within,1.7159049353985454,-4.923728211647736,protocol_midpoint_estimate elapsed minutes,map_level_time_adjusted_sensitivity; sequential_not_randomized
17,6,6,11,1.276624646775796,-8.266837805347222,6.451149399406731,9.687638918455285,-29.589187301109334,13.055511690414889,1.6633959996627115,2.325493545762401,0.37365675406293264,30.30087683675731,full_rank,map3_5_no_refresh,far_constant_referenced,200.0,block_fixed_quadratic_within,1.7159049353985454,-4.817771448059342,protocol_midpoint_estimate elapsed minutes,map_level_time_adjusted_sensitivity; sequential_not_randomized
