source,timestamp,block,nominal_speed_um_per_s,point_index,sensitivity_nm_per_V,sensitivity_40nm_nm_per_V,sensitivity_60nm_nm_per_V,contact_fit_R2,contact_points,valid_for_consensus
27-08-26/0/map1-0.2-data-2026.08.27-14.00.12.429.jpk-force-map,2026-08-27T14:00:12.429000,1,0.2,0,53.30380756027984,53.24675879142318,53.234889904904996,0.999737335181942,501,True
27-08-26/0/map1-0.2-data-2026.08.27-14.00.12.429.jpk-force-map,2026-08-27T14:00:12.429000,1,0.2,1,53.21025140734968,53.22521830716508,53.20571206206446,0.9998636912462912,501,True
27-08-26/0/map1-0.2-data-2026.08.27-14.00.12.429.jpk-force-map,2026-08-27T14:00:12.429000,1,0.2,2,53.59059385825239,53.43473904375744,53.6162426098456,0.9998514031241383,499,True
27-08-26/0/map1-0.2-data-2026.08.27-14.00.12.429.jpk-force-map,2026-08-27T14:00:12.429000,1,0.2,3,53.323891798133424,53.25703977854499,53.33948778402734,0.9997436319826822,500,True
27-08-26/0/map1-0.2-data-2026.08.27-14.00.12.429.jpk-force-map,2026-08-27T14:00:12.429000,1,0.2,4,53.2075570678904,52.995906594187055,53.36015399680235,0.9998179186275826,500,True
27-08-26/0/map1-0.2-data-2026.08.27-14.00.12.429.jpk-force-map,2026-08-27T14:00:12.429000,1,0.2,5,53.214982552264466,53.05074053137384,53.30167232166165,0.9998280166346425,500,True
27-08-26/0/map1-0.2-data-2026.08.27-14.00.12.429.jpk-force-map,2026-08-27T14:00:12.429000,1,0.2,6,53.47045003635309,53.433356738647284,53.524103221183154,0.999891958458885,500,True
27-08-26/0/map1-0.2-data-2026.08.27-14.00.12.429.jpk-force-map,2026-08-27T14:00:12.429000,1,0.2,7,53.43534593143709,53.392261831724795,53.526540897188205,0.9999217461560722,501,True
27-08-26/0/map1-0.2-data-2026.08.27-14.00.12.429.jpk-force-map,2026-08-27T14:00:12.429000,1,0.2,8,53.33366597679181,53.238539903906,53.42482201445699,0.9998944830937494,501,True
27-08-26/0/map1-0.2-data-2026.08.27-14.00.12.429.jpk-force-map,2026-08-27T14:00:12.429000,1,0.2,9,53.68674705032042,53.68626488395126,53.68992587639328,0.9998068267838446,502,True
27-08-26/0/map1-0.2-data-2026.08.27-14.00.12.429.jpk-force-map,2026-08-27T14:00:12.429000,1,0.2,10,53.61292596372289,53.63376024589243,53.59706276998986,0.9999320787339085,499,True
27-08-26/0/map1-0.2-data-2026.08.27-14.00.12.429.jpk-force-map,2026-08-27T14:00:12.429000,1,0.2,11,53.35709445342805,53.26593285795784,53.427621213748,0.9999160139442104,500,True
27-08-26/0/map1-0.2-data-2026.08.27-14.00.12.429.jpk-force-map,2026-08-27T14:00:12.429000,1,0.2,12,53.37927238852379,53.25310142595161,53.47390147860694,0.9998920431488666,499,True
27-08-26/0/map1-0.2-data-2026.08.27-14.00.12.429.jpk-force-map,2026-08-27T14:00:12.429000,1,0.2,13,53.52818806442266,53.49959133976204,53.65962099521037,0.9998641986059614,499,True
27-08-26/0/map1-0.2-data-2026.08.27-14.00.12.429.jpk-force-map,2026-08-27T14:00:12.429000,1,0.2,14,53.50007253748961,53.43478209494598,53.48696910651334,0.999833535802156,498,True
27-08-26/0/map1-0.2-data-2026.08.27-14.00.12.429.jpk-force-map,2026-08-27T14:00:12.429000,1,0.2,15,53.56091252549062,53.55436534244296,53.55872093525163,0.9998520229424726,500,True
27-08-26/0/map1-0.2-data-2026.08.27-14.00.12.429.jpk-force-map,2026-08-27T14:00:12.429000,1,0.2,16,53.390884859722114,53.364758660838255,53.48529018340902,0.9998903883976118,502,True
27-08-26/0/map1-0.2-data-2026.08.27-14.00.12.429.jpk-force-map,2026-08-27T14:00:12.429000,1,0.2,17,53.612339838200995,53.648929455496386,53.57982612576712,0.9998779609777216,501,True
27-08-26/0/map1-0.2-data-2026.08.27-14.00.12.429.jpk-force-map,2026-08-27T14:00:12.429000,1,0.2,18,53.661270022016396,53.54270694596165,53.68991446172097,0.9998735801158356,501,True
27-08-26/0/map1-0.2-data-2026.08.27-14.00.12.429.jpk-force-map,2026-08-27T14:00:12.429000,1,0.2,19,53.540920063277554,53.40587585151711,53.57919603892292,0.9998749853738952,500,True
27-08-26/0/map1-0.2-data-2026.08.27-14.00.12.429.jpk-force-map,2026-08-27T14:00:12.429000,1,0.2,20,53.694304382074684,53.666198255891324,53.73973486468187,0.9998590402873273,501,True
27-08-26/0/map1-0.2-data-2026.08.27-14.00.12.429.jpk-force-map,2026-08-27T14:00:12.429000,1,0.2,21,53.479220888263754,53.393965208138795,53.61156606442109,0.9998786869175423,498,True
27-08-26/0/map1-0.2-data-2026.08.27-14.00.12.429.jpk-force-map,2026-08-27T14:00:12.429000,1,0.2,22,53.426550283673386,53.217903258254005,53.57144859280926,0.9998192431686851,499,True
27-08-26/0/map1-0.2-data-2026.08.27-14.00.12.429.jpk-force-map,2026-08-27T14:00:12.429000,1,0.2,23,53.65868357495873,53.51002655711393,53.794302155266266,0.9998818345017834,499,True
27-08-26/0/map1-0.2-data-2026.08.27-14.00.12.429.jpk-force-map,2026-08-27T14:00:12.429000,1,0.2,24,53.76363632178207,53.70839533436197,53.82174241010235,0.9998080457395468,501,True
27-08-26/0/map1-0.2-data-2026.08.27-14.00.12.429.jpk-force-map,2026-08-27T14:00:12.429000,1,0.2,25,53.431421520613036,53.31066853081154,53.428544087230215,0.9998496892045764,499,True
27-08-26/0/map1-0.2-data-2026.08.27-14.00.12.429.jpk-force-map,2026-08-27T14:00:12.429000,1,0.2,26,53.691818353191444,53.62979515562861,53.75322572302921,0.9998467621556445,499,True
27-08-26/0/map1-0.2-data-2026.08.27-14.00.12.429.jpk-force-map,2026-08-27T14:00:12.429000,1,0.2,27,53.756234933006645,53.71276820970309,53.74476195468287,0.9998728261241705,501,True
27-08-26/0/map1-0.2-data-2026.08.27-14.00.12.429.jpk-force-map,2026-08-27T14:00:12.429000,1,0.2,28,53.723236543608515,53.652460840322824,53.72170741791057,0.9998833359451973,500,True
27-08-26/0/map1-0.2-data-2026.08.27-14.00.12.429.jpk-force-map,2026-08-27T14:00:12.429000,1,0.2,29,53.52497553534908,53.463671540233065,53.560229465436386,0.9998282510386427,501,True
27-08-26/0/map1-0.2-data-2026.08.27-14.00.12.429.jpk-force-map,2026-08-27T14:00:12.429000,1,0.2,30,53.74222355953399,53.57739595789491,53.761799532270594,0.999808446772658,503,True
27-08-26/0/map1-0.2-data-2026.08.27-14.00.12.429.jpk-force-map,2026-08-27T14:00:12.429000,1,0.2,31,53.66624373093448,53.560954815849804,53.70889680938222,0.9998830521387322,500,True
27-08-26/0/map1-0.2-data-2026.08.27-14.00.12.429.jpk-force-map,2026-08-27T14:00:12.429000,1,0.2,32,53.79953987418795,53.85142791687645,53.8285771732438,0.9998418932070218,502,True
27-08-26/0/map1-0.2-data-2026.08.27-14.00.12.429.jpk-force-map,2026-08-27T14:00:12.429000,1,0.2,33,53.84162048600193,53.7044776611916,53.93117971628132,0.9998713242728692,500,True
27-08-26/0/map1-0.2-data-2026.08.27-14.00.12.429.jpk-force-map,2026-08-27T14:00:12.429000,1,0.2,34,53.48302876065946,53.43954881194428,53.509907927729934,0.9998822521621524,502,True
27-08-26/0/map1-0.2-data-2026.08.27-14.00.12.429.jpk-force-map,2026-08-27T14:00:12.429000,1,0.2,35,53.66179980142484,53.52843335449293,53.75407027774598,0.9998947292668079,500,True
27-08-26/0/map1-0.2-data-2026.08.27-14.00.12.429.jpk-force-map,2026-08-27T14:00:12.429000,1,0.2,36,53.43258777662308,53.37910347886171,53.47168523523934,0.9998672227656178,501,True
27-08-26/0/map1-0.2-data-2026.08.27-14.00.12.429.jpk-force-map,2026-08-27T14:00:12.429000,1,0.2,37,53.36958700794867,53.313307200583154,53.420163450591886,0.9998825863734304,500,True
27-08-26/0/map1-0.2-data-2026.08.27-14.00.12.429.jpk-force-map,2026-08-27T14:00:12.429000,1,0.2,38,53.53186301743802,53.334656251564084,53.66262175863884,0.9998902111419731,500,True
27-08-26/0/map1-0.2-data-2026.08.27-14.00.12.429.jpk-force-map,2026-08-27T14:00:12.429000,1,0.2,39,53.3126300846934,53.288922454280446,53.390942651261646,0.9999189718716178,501,True
27-08-26/0/map1-0.2-data-2026.08.27-14.00.12.429.jpk-force-map,2026-08-27T14:00:12.429000,1,0.2,40,53.50551670641418,53.38624487393853,53.575385508809504,0.9999264824606083,501,True
27-08-26/0/map1-0.2-data-2026.08.27-14.00.12.429.jpk-force-map,2026-08-27T14:00:12.429000,1,0.2,41,53.97149920111228,54.11494757429543,53.7317736624164,0.9997247563083131,499,True
27-08-26/0/map1-0.2-data-2026.08.27-14.00.12.429.jpk-force-map,2026-08-27T14:00:12.429000,1,0.2,42,53.73337222027055,53.706481515106155,53.731951525343504,0.9998991709993235,499,True
27-08-26/0/map1-0.2-data-2026.08.27-14.00.12.429.jpk-force-map,2026-08-27T14:00:12.429000,1,0.2,43,53.60479611560682,53.587688920250734,53.61091554779519,0.9999295191551314,501,True
27-08-26/0/map1-0.2-data-2026.08.27-14.00.12.429.jpk-force-map,2026-08-27T14:00:12.429000,1,0.2,44,53.5437648258918,53.57290473123636,53.6299598506454,0.9997444021133084,499,True
27-08-26/0/map1-0.2-data-2026.08.27-14.00.12.429.jpk-force-map,2026-08-27T14:00:12.429000,1,0.2,45,53.736214833110274,53.693760980700176,53.80753072457852,0.999804473519519,500,True
27-08-26/0/map1-0.2-data-2026.08.27-14.00.12.429.jpk-force-map,2026-08-27T14:00:12.429000,1,0.2,46,53.18082132072141,52.99044634575491,53.279302976251344,0.9999134869116073,502,True
27-08-26/0/map1-0.2-data-2026.08.27-14.00.12.429.jpk-force-map,2026-08-27T14:00:12.429000,1,0.2,47,55.27039961354004,55.19101625941509,55.291181672433076,0.9999208909098539,499,True
27-08-26/0/map1-0.2-data-2026.08.27-14.00.12.429.jpk-force-map,2026-08-27T14:00:12.429000,1,0.2,48,53.590767222132655,53.632148182440865,53.6577394155837,0.9998761657547296,500,True
27-08-26/0/map1-0.2-data-2026.08.27-14.00.12.429.jpk-force-map,2026-08-27T14:00:12.429000,1,0.2,49,53.45423797822709,53.38531851747429,53.42093046008479,0.999893382988519,501,True
27-08-26/0/map1-0.2-data-2026.08.27-14.00.12.429.jpk-force-map,2026-08-27T14:00:12.429000,1,0.2,50,53.8651477499818,53.8347295684401,53.93327367947939,0.9998554515638084,497,True
27-08-26/0/map1-0.2-data-2026.08.27-14.00.12.429.jpk-force-map,2026-08-27T14:00:12.429000,1,0.2,51,54.00555249856513,53.88528392179031,54.080274756781535,0.9998397870635064,500,True
27-08-26/0/map1-0.2-data-2026.08.27-14.00.12.429.jpk-force-map,2026-08-27T14:00:12.429000,1,0.2,52,53.74099058421175,53.6564928540186,53.69667296648127,0.9998481324169344,500,True
27-08-26/0/map1-0.2-data-2026.08.27-14.00.12.429.jpk-force-map,2026-08-27T14:00:12.429000,1,0.2,53,53.624747079858544,53.4661089727865,53.661291717955194,0.9998682566995724,500,True
27-08-26/0/map1-0.2-data-2026.08.27-14.00.12.429.jpk-force-map,2026-08-27T14:00:12.429000,1,0.2,54,53.814573284749486,53.7064841314494,53.9315596696403,0.9999035365132591,501,True
27-08-26/0/map1-0.2-data-2026.08.27-14.00.12.429.jpk-force-map,2026-08-27T14:00:12.429000,1,0.2,55,54.31266308601314,54.23166896532078,54.33680778458047,0.9998717832683727,500,True
27-08-26/0/map1-0.2-data-2026.08.27-14.00.12.429.jpk-force-map,2026-08-27T14:00:12.429000,1,0.2,56,53.540832051268836,53.499087198193685,53.610146670693666,0.9998810410988915,498,True
27-08-26/0/map1-0.2-data-2026.08.27-14.00.12.429.jpk-force-map,2026-08-27T14:00:12.429000,1,0.2,57,53.55454856203003,53.54932136924352,53.54210305462318,0.9998634045799504,500,True
27-08-26/0/map1-0.2-data-2026.08.27-14.00.12.429.jpk-force-map,2026-08-27T14:00:12.429000,1,0.2,58,53.448103780094506,53.34576651851116,53.54955067564099,0.9999174607379894,502,True
27-08-26/0/map1-0.2-data-2026.08.27-14.00.12.429.jpk-force-map,2026-08-27T14:00:12.429000,1,0.2,59,53.697305558141394,53.553284835522675,53.76666143086745,0.9999295339166887,501,True
27-08-26/0/map1-0.2-data-2026.08.27-14.00.12.429.jpk-force-map,2026-08-27T14:00:12.429000,1,0.2,60,53.835790200828654,53.91889914536164,53.80541438030831,0.9998761434749524,501,True
27-08-26/0/map1-0.2-data-2026.08.27-14.00.12.429.jpk-force-map,2026-08-27T14:00:12.429000,1,0.2,61,53.71732614097144,53.5384378380551,53.78065909228614,0.9999012001726404,499,True
27-08-26/0/map1-0.2-data-2026.08.27-14.00.12.429.jpk-force-map,2026-08-27T14:00:12.429000,1,0.2,62,53.699381914346255,53.66936527576793,53.69956771408904,0.9999012444368648,501,True
27-08-26/0/map1-0.2-data-2026.08.27-14.00.12.429.jpk-force-map,2026-08-27T14:00:12.429000,1,0.2,63,53.59447624778727,53.572057641417764,53.6014359990626,0.9998754086914667,502,True
27-08-26/0/map1-0.1-data-2026.08.27-14.04.47.122.jpk-force-map,2026-08-27T14:04:47.122000,1,0.1,0,53.36721972432082,53.30265217065751,53.45654288451222,0.9997899827026021,1002,True
27-08-26/0/map1-0.1-data-2026.08.27-14.04.47.122.jpk-force-map,2026-08-27T14:04:47.122000,1,0.1,1,53.52480606901409,53.51345753247034,53.56550880631618,0.9998499717889778,998,True
27-08-26/0/map1-0.1-data-2026.08.27-14.04.47.122.jpk-force-map,2026-08-27T14:04:47.122000,1,0.1,2,53.523514506745656,53.55556581158361,53.55011746581867,0.9997938816728729,998,True
27-08-26/0/map1-0.1-data-2026.08.27-14.04.47.122.jpk-force-map,2026-08-27T14:04:47.122000,1,0.1,3,53.606814424101515,53.514077983182446,53.657120986580246,0.9998471722140964,996,True
27-08-26/0/map1-0.1-data-2026.08.27-14.04.47.122.jpk-force-map,2026-08-27T14:04:47.122000,1,0.1,4,53.59734044238924,53.639302657575584,53.54170851711187,0.9997032304001785,994,True
27-08-26/0/map1-0.1-data-2026.08.27-14.04.47.122.jpk-force-map,2026-08-27T14:04:47.122000,1,0.1,5,53.83420584001648,53.9257025645967,53.818071473688256,0.9997188849915418,999,True
27-08-26/0/map1-0.1-data-2026.08.27-14.04.47.122.jpk-force-map,2026-08-27T14:04:47.122000,1,0.1,6,53.629891920925736,53.62546662095401,53.623665276890215,0.9998740635191381,999,True
27-08-26/0/map1-0.1-data-2026.08.27-14.04.47.122.jpk-force-map,2026-08-27T14:04:47.122000,1,0.1,7,53.48873677740888,53.53682935341823,53.51195168311319,0.9998965858596763,998,True
27-08-26/0/map1-0.1-data-2026.08.27-14.04.47.122.jpk-force-map,2026-08-27T14:04:47.122000,1,0.1,8,53.6270365922075,53.63429919153522,53.62522041787957,0.9998420860186302,1000,True
27-08-26/0/map1-0.1-data-2026.08.27-14.04.47.122.jpk-force-map,2026-08-27T14:04:47.122000,1,0.1,9,53.69873793345306,53.71475393340903,53.738466250738085,0.9998377852576721,999,True
27-08-26/0/map1-0.1-data-2026.08.27-14.04.47.122.jpk-force-map,2026-08-27T14:04:47.122000,1,0.1,10,53.46756495330864,53.46596646133077,53.452861927979434,0.9999359560168657,1003,True
27-08-26/0/map1-0.1-data-2026.08.27-14.04.47.122.jpk-force-map,2026-08-27T14:04:47.122000,1,0.1,11,53.75951900047964,53.70057368405953,53.78130911183309,0.9999213941169195,996,True
27-08-26/0/map1-0.1-data-2026.08.27-14.04.47.122.jpk-force-map,2026-08-27T14:04:47.122000,1,0.1,12,53.80376747608175,53.83916909502918,53.82476913013297,0.9999126560587788,999,True
27-08-26/0/map1-0.1-data-2026.08.27-14.04.47.122.jpk-force-map,2026-08-27T14:04:47.122000,1,0.1,13,53.71578052710593,53.763967510514725,53.757768699917975,0.9998490568227912,997,True
27-08-26/0/map1-0.1-data-2026.08.27-14.04.47.122.jpk-force-map,2026-08-27T14:04:47.122000,1,0.1,14,53.687487785018696,53.7185532558466,53.70930067532826,0.9998957885859413,1004,True
27-08-26/0/map1-0.1-data-2026.08.27-14.04.47.122.jpk-force-map,2026-08-27T14:04:47.122000,1,0.1,15,53.566898326588294,53.54066255844739,53.60441922723442,0.9998297170536844,1002,True
27-08-26/0/map1-0.1-data-2026.08.27-14.04.47.122.jpk-force-map,2026-08-27T14:04:47.122000,1,0.1,16,53.63223461250195,53.674295203322245,53.57875656897547,0.9998936192924756,1001,True
27-08-26/0/map1-0.1-data-2026.08.27-14.04.47.122.jpk-force-map,2026-08-27T14:04:47.122000,1,0.1,17,53.56773475600861,53.66303000820408,53.599584944254524,0.9998783410784513,999,True
27-08-26/0/map1-0.1-data-2026.08.27-14.04.47.122.jpk-force-map,2026-08-27T14:04:47.122000,1,0.1,18,53.77012854211717,53.73701295412478,53.805033615540054,0.999892708565922,998,True
27-08-26/0/map1-0.1-data-2026.08.27-14.04.47.122.jpk-force-map,2026-08-27T14:04:47.122000,1,0.1,19,53.71160158156769,53.75119915643542,53.70831976441465,0.9998848319405323,999,True
27-08-26/0/map1-0.1-data-2026.08.27-14.04.47.122.jpk-force-map,2026-08-27T14:04:47.122000,1,0.1,20,53.90855558139912,53.904569808715,53.91212746443543,0.9998345562883638,1002,True
27-08-26/0/map1-0.1-data-2026.08.27-14.04.47.122.jpk-force-map,2026-08-27T14:04:47.122000,1,0.1,21,53.830862530348384,53.75552437686014,53.83445913241417,0.9999012223074758,1002,True
27-08-26/0/map1-0.1-data-2026.08.27-14.04.47.122.jpk-force-map,2026-08-27T14:04:47.122000,1,0.1,22,53.863375996440865,53.96712674568781,53.78127391006945,0.9998752939613625,1000,True
27-08-26/0/map1-0.1-data-2026.08.27-14.04.47.122.jpk-force-map,2026-08-27T14:04:47.122000,1,0.1,23,53.968463211298264,53.958073139482636,53.970535670204285,0.9998640275842764,1002,True
27-08-26/0/map1-0.1-data-2026.08.27-14.04.47.122.jpk-force-map,2026-08-27T14:04:47.122000,1,0.1,24,53.95121976524453,54.013374394783156,53.984172399070125,0.9997844531397123,1002,True
27-08-26/0/map1-0.1-data-2026.08.27-14.04.47.122.jpk-force-map,2026-08-27T14:04:47.122000,1,0.1,25,53.65123592021742,53.56743929314666,53.73375454967061,0.9998220730539907,998,True
27-08-26/0/map1-0.1-data-2026.08.27-14.04.47.122.jpk-force-map,2026-08-27T14:04:47.122000,1,0.1,26,53.70347157581814,53.64979759009648,53.75246228810279,0.9998655989275428,1001,True
27-08-26/0/map1-0.1-data-2026.08.27-14.04.47.122.jpk-force-map,2026-08-27T14:04:47.122000,1,0.1,27,53.89565469904148,53.8425937305101,53.92424869152249,0.9998959577109956,1001,True
27-08-26/0/map1-0.1-data-2026.08.27-14.04.47.122.jpk-force-map,2026-08-27T14:04:47.122000,1,0.1,28,53.65198569143154,53.64414067944229,53.66695811682409,0.9999051706826259,996,True
27-08-26/0/map1-0.1-data-2026.08.27-14.04.47.122.jpk-force-map,2026-08-27T14:04:47.122000,1,0.1,29,53.65584087591304,53.732091877731484,53.656584550153234,0.9998668359073893,1001,True
27-08-26/0/map1-0.1-data-2026.08.27-14.04.47.122.jpk-force-map,2026-08-27T14:04:47.122000,1,0.1,30,53.92723489921429,53.86932752421073,53.97851282080473,0.9998690180986497,1001,True
27-08-26/0/map1-0.1-data-2026.08.27-14.04.47.122.jpk-force-map,2026-08-27T14:04:47.122000,1,0.1,31,53.921318948693944,53.96235602986353,53.877627103135424,0.9999007526338696,999,True
27-08-26/0/map1-0.1-data-2026.08.27-14.04.47.122.jpk-force-map,2026-08-27T14:04:47.122000,1,0.1,32,53.90511389916938,53.859673481682734,53.8925681195638,0.9998542884762429,999,True
27-08-26/0/map1-0.1-data-2026.08.27-14.04.47.122.jpk-force-map,2026-08-27T14:04:47.122000,1,0.1,33,53.89730040672233,53.85811131426679,53.91195693594179,0.9998653733841755,1001,True
27-08-26/0/map1-0.1-data-2026.08.27-14.04.47.122.jpk-force-map,2026-08-27T14:04:47.122000,1,0.1,34,53.6516444729598,53.66833757204028,53.759043480262434,0.9998608799069345,1001,True
27-08-26/0/map1-0.1-data-2026.08.27-14.04.47.122.jpk-force-map,2026-08-27T14:04:47.122000,1,0.1,35,53.9063277318073,53.9684312405937,53.904388355178334,0.9998859545532479,999,True
27-08-26/0/map1-0.1-data-2026.08.27-14.04.47.122.jpk-force-map,2026-08-27T14:04:47.122000,1,0.1,36,53.47225041703238,53.41889263001577,53.50914668038014,0.999907251201161,998,True
27-08-26/0/map1-0.1-data-2026.08.27-14.04.47.122.jpk-force-map,2026-08-27T14:04:47.122000,1,0.1,37,53.75441473960418,53.81168759558621,53.74788906494496,0.9999052690342181,1001,True
27-08-26/0/map1-0.1-data-2026.08.27-14.04.47.122.jpk-force-map,2026-08-27T14:04:47.122000,1,0.1,38,53.781207453144816,53.707638561635136,53.792101519825984,0.9998881114555125,1000,True
27-08-26/0/map1-0.1-data-2026.08.27-14.04.47.122.jpk-force-map,2026-08-27T14:04:47.122000,1,0.1,39,53.54616396333449,53.60022631486607,53.57865596093707,0.9999154870323655,1001,True
27-08-26/0/map1-0.1-data-2026.08.27-14.04.47.122.jpk-force-map,2026-08-27T14:04:47.122000,1,0.1,40,53.673976069017314,53.8290426681387,53.70153860960217,0.9998797417056104,1001,True
27-08-26/0/map1-0.1-data-2026.08.27-14.04.47.122.jpk-force-map,2026-08-27T14:04:47.122000,1,0.1,41,54.023491513289095,54.11531084980046,53.960085876176464,0.9998967121831199,999,True
27-08-26/0/map1-0.1-data-2026.08.27-14.04.47.122.jpk-force-map,2026-08-27T14:04:47.122000,1,0.1,42,53.795652602419366,53.92632148376538,53.860409263884755,0.9998249076300918,999,True
27-08-26/0/map1-0.1-data-2026.08.27-14.04.47.122.jpk-force-map,2026-08-27T14:04:47.122000,1,0.1,43,53.60226209149173,53.717097502524275,53.61837819715757,0.9999219809321407,998,True
27-08-26/0/map1-0.1-data-2026.08.27-14.04.47.122.jpk-force-map,2026-08-27T14:04:47.122000,1,0.1,44,53.63463185099414,53.76635481179433,53.65503211703625,0.999809173194092,1004,True
27-08-26/0/map1-0.1-data-2026.08.27-14.04.47.122.jpk-force-map,2026-08-27T14:04:47.122000,1,0.1,45,53.80361227562514,53.717071856325276,53.73442213186263,0.9997939655495013,1000,True
27-08-26/0/map1-0.1-data-2026.08.27-14.04.47.122.jpk-force-map,2026-08-27T14:04:47.122000,1,0.1,46,53.62760602739883,53.482191723724526,53.49479472901861,0.9998755457158728,1004,True
27-08-26/0/map1-0.1-data-2026.08.27-14.04.47.122.jpk-force-map,2026-08-27T14:04:47.122000,1,0.1,47,55.60512895808853,55.56102189545258,55.48345403444483,0.9996325212508477,999,True
27-08-26/0/map1-0.1-data-2026.08.27-14.04.47.122.jpk-force-map,2026-08-27T14:04:47.122000,1,0.1,48,53.542950779642936,53.62275527655622,53.60759533426188,0.9994277144735095,1000,True
27-08-26/0/map1-0.1-data-2026.08.27-14.04.47.122.jpk-force-map,2026-08-27T14:04:47.122000,1,0.1,49,53.56172113479341,53.64086239691554,53.646948685505976,0.9998934586676141,999,True
27-08-26/0/map1-0.1-data-2026.08.27-14.04.47.122.jpk-force-map,2026-08-27T14:04:47.122000,1,0.1,50,53.967183339422164,53.83453124376006,54.046208305337935,0.9998409748221545,1002,True
27-08-26/0/map1-0.1-data-2026.08.27-14.04.47.122.jpk-force-map,2026-08-27T14:04:47.122000,1,0.1,51,54.13692616728678,54.10967704484559,54.128200893755555,0.9998254596728435,999,True
27-08-26/0/map1-0.1-data-2026.08.27-14.04.47.122.jpk-force-map,2026-08-27T14:04:47.122000,1,0.1,52,53.78827963008575,53.65525642095416,53.833009130651575,0.9998787887685181,997,True
27-08-26/0/map1-0.1-data-2026.08.27-14.04.47.122.jpk-force-map,2026-08-27T14:04:47.122000,1,0.1,53,53.70340972481929,53.643708138023676,53.76281767216462,0.999874923116949,1003,True
27-08-26/0/map1-0.1-data-2026.08.27-14.04.47.122.jpk-force-map,2026-08-27T14:04:47.122000,1,0.1,54,54.084325407021254,54.019167744899526,54.164253242415484,0.9998990372739214,1002,True
27-08-26/0/map1-0.1-data-2026.08.27-14.04.47.122.jpk-force-map,2026-08-27T14:04:47.122000,1,0.1,55,54.20743415575525,54.0717817877118,54.2558750943391,0.9998912052709533,1001,True
27-08-26/0/map1-0.1-data-2026.08.27-14.04.47.122.jpk-force-map,2026-08-27T14:04:47.122000,1,0.1,56,53.98790120990094,54.04630702174289,53.960591512268685,0.9998546041334436,1001,True
27-08-26/0/map1-0.1-data-2026.08.27-14.04.47.122.jpk-force-map,2026-08-27T14:04:47.122000,1,0.1,57,53.58878589910678,53.57933132120762,53.620045987983865,0.9998966110514833,998,True
27-08-26/0/map1-0.1-data-2026.08.27-14.04.47.122.jpk-force-map,2026-08-27T14:04:47.122000,1,0.1,58,53.515051165019266,53.61946357791822,53.60898068609118,0.9998774383779746,998,True
27-08-26/0/map1-0.1-data-2026.08.27-14.04.47.122.jpk-force-map,2026-08-27T14:04:47.122000,1,0.1,59,53.7570614561805,53.83009535941421,53.745893488154934,0.99990446243392,998,True
27-08-26/0/map1-0.1-data-2026.08.27-14.04.47.122.jpk-force-map,2026-08-27T14:04:47.122000,1,0.1,60,53.60085700995888,53.01298539181891,53.97494407905682,0.9997437365435278,1001,True
27-08-26/0/map1-0.1-data-2026.08.27-14.04.47.122.jpk-force-map,2026-08-27T14:04:47.122000,1,0.1,61,53.72378574127483,53.71069223459873,53.761521179009165,0.9998971827161584,997,True
27-08-26/0/map1-0.1-data-2026.08.27-14.04.47.122.jpk-force-map,2026-08-27T14:04:47.122000,1,0.1,62,53.55497824198931,53.585758652181376,53.57004480555679,0.9999124721905066,1003,True
27-08-26/0/map1-0.1-data-2026.08.27-14.04.47.122.jpk-force-map,2026-08-27T14:04:47.122000,1,0.1,63,53.53093709475082,53.4597290723035,53.65952709618113,0.9998803307597665,1000,True
27-08-26/0/map1-0.05-data-2026.08.27-14.14.18.398.jpk-force-map,2026-08-27T14:14:18.398000,1,0.05,0,53.54264471929033,53.69314595737154,53.53984448856596,0.9998140099024411,1999,True
27-08-26/0/map1-0.05-data-2026.08.27-14.14.18.398.jpk-force-map,2026-08-27T14:14:18.398000,1,0.05,1,53.316985198225154,53.41929802242857,53.35838930628784,0.9999019732904654,2001,True
27-08-26/0/map1-0.05-data-2026.08.27-14.14.18.398.jpk-force-map,2026-08-27T14:14:18.398000,1,0.05,2,53.79605370952706,53.81680604382321,53.85435228425412,0.9999106367793151,1998,True
27-08-26/0/map1-0.05-data-2026.08.27-14.14.18.398.jpk-force-map,2026-08-27T14:14:18.398000,1,0.05,3,53.78151328583352,53.85670136424532,53.75431757524774,0.9998476886835584,1998,True
27-08-26/0/map1-0.05-data-2026.08.27-14.14.18.398.jpk-force-map,2026-08-27T14:14:18.398000,1,0.05,4,53.71634551321132,53.76951795962062,53.6634784213599,0.9998902850287213,1995,True
27-08-26/0/map1-0.05-data-2026.08.27-14.14.18.398.jpk-force-map,2026-08-27T14:14:18.398000,1,0.05,5,53.72848616096356,53.86220998498228,53.66791380930967,0.9998019519276145,2000,True
27-08-26/0/map1-0.05-data-2026.08.27-14.14.18.398.jpk-force-map,2026-08-27T14:14:18.398000,1,0.05,6,53.788606919927574,53.82171546882606,53.78602470542455,0.9999179953565951,1997,True
27-08-26/0/map1-0.05-data-2026.08.27-14.14.18.398.jpk-force-map,2026-08-27T14:14:18.398000,1,0.05,7,53.942265300393885,53.97415707910561,53.91878805553984,0.9999172698228151,1994,True
27-08-26/0/map1-0.05-data-2026.08.27-14.14.18.398.jpk-force-map,2026-08-27T14:14:18.398000,1,0.05,8,53.87505589874224,53.866785195838716,53.82673027162471,0.9999056369921183,1996,True
27-08-26/0/map1-0.05-data-2026.08.27-14.14.18.398.jpk-force-map,2026-08-27T14:14:18.398000,1,0.05,9,54.00288797244768,54.022097333458156,54.009028505880245,0.9999026891022442,1997,True
27-08-26/0/map1-0.05-data-2026.08.27-14.14.18.398.jpk-force-map,2026-08-27T14:14:18.398000,1,0.05,10,53.90697096214616,53.983407494482634,53.862694775176564,0.9999108665200904,1993,True
27-08-26/0/map1-0.05-data-2026.08.27-14.14.18.398.jpk-force-map,2026-08-27T14:14:18.398000,1,0.05,11,53.78120013000841,53.895506662042806,53.807416402552036,0.9999238226627923,2001,True
27-08-26/0/map1-0.05-data-2026.08.27-14.14.18.398.jpk-force-map,2026-08-27T14:14:18.398000,1,0.05,12,53.73700212749851,53.76624886616305,53.76155927679551,0.9999156783056758,2000,True
27-08-26/0/map1-0.05-data-2026.08.27-14.14.18.398.jpk-force-map,2026-08-27T14:14:18.398000,1,0.05,13,53.72515825368791,53.72379021022724,53.76578303937903,0.999885054085308,1998,True
27-08-26/0/map1-0.05-data-2026.08.27-14.14.18.398.jpk-force-map,2026-08-27T14:14:18.398000,1,0.05,14,53.719249867718474,53.696184510812664,53.83623641231811,0.9999067950968232,2002,True
27-08-26/0/map1-0.05-data-2026.08.27-14.14.18.398.jpk-force-map,2026-08-27T14:14:18.398000,1,0.05,15,53.958849124935696,53.82741105467842,54.02812240110552,0.9998427192077207,1996,True
27-08-26/0/map1-0.05-data-2026.08.27-14.14.18.398.jpk-force-map,2026-08-27T14:14:18.398000,1,0.05,16,53.50535800524167,53.52207231991228,53.55980814961628,0.9999227421467395,2004,True
27-08-26/0/map1-0.05-data-2026.08.27-14.14.18.398.jpk-force-map,2026-08-27T14:14:18.398000,1,0.05,17,53.412284357100276,53.306688043810865,53.545689996172,0.9998498914032594,1999,True
27-08-26/0/map1-0.05-data-2026.08.27-14.14.18.398.jpk-force-map,2026-08-27T14:14:18.398000,1,0.05,18,53.454258865223146,53.42264828561856,53.51838122766728,0.9998991307954238,2002,True
27-08-26/0/map1-0.05-data-2026.08.27-14.14.18.398.jpk-force-map,2026-08-27T14:14:18.398000,1,0.05,19,53.83186687540305,53.87548792890383,53.832657380077386,0.9998958515241458,1994,True
27-08-26/0/map1-0.05-data-2026.08.27-14.14.18.398.jpk-force-map,2026-08-27T14:14:18.398000,1,0.05,20,53.736152075773525,53.77684470157505,53.77413527148354,0.9998345747372912,2001,True
27-08-26/0/map1-0.05-data-2026.08.27-14.14.18.398.jpk-force-map,2026-08-27T14:14:18.398000,1,0.05,21,53.99955866498901,54.08290770296987,54.045147524053306,0.9999198025805507,1998,True
27-08-26/0/map1-0.05-data-2026.08.27-14.14.18.398.jpk-force-map,2026-08-27T14:14:18.398000,1,0.05,22,53.792096325925975,53.81956607256919,53.81739605964505,0.999890481637535,1998,True
27-08-26/0/map1-0.05-data-2026.08.27-14.14.18.398.jpk-force-map,2026-08-27T14:14:18.398000,1,0.05,23,53.862935244438624,53.97568429857373,53.84193262827022,0.9998283968423405,1994,True
27-08-26/0/map1-0.05-data-2026.08.27-14.14.18.398.jpk-force-map,2026-08-27T14:14:18.398000,1,0.05,24,54.524714603222975,54.64199124470355,54.46277067122722,0.9996002283193661,2006,True
27-08-26/0/map1-0.05-data-2026.08.27-14.14.18.398.jpk-force-map,2026-08-27T14:14:18.398000,1,0.05,25,53.42712592965992,53.58742383310011,53.44547250340293,0.9991475729677949,1998,True
27-08-26/0/map1-0.05-data-2026.08.27-14.14.18.398.jpk-force-map,2026-08-27T14:14:18.398000,1,0.05,26,53.70186217989707,53.797468260786815,53.74584140888357,0.9998095296979839,1997,True
27-08-26/0/map1-0.05-data-2026.08.27-14.14.18.398.jpk-force-map,2026-08-27T14:14:18.398000,1,0.05,27,54.06092375158665,54.07652659878992,54.08779563150306,0.9997447062840811,1999,True
27-08-26/0/map1-0.05-data-2026.08.27-14.14.18.398.jpk-force-map,2026-08-27T14:14:18.398000,1,0.05,28,53.82161020405521,53.78377572032986,53.90301459357987,0.9998862812225571,1995,True
27-08-26/0/map1-0.05-data-2026.08.27-14.14.18.398.jpk-force-map,2026-08-27T14:14:18.398000,1,0.05,29,53.87822789624979,53.96519530394896,53.86467797624508,0.999845546498678,1997,True
27-08-26/0/map1-0.05-data-2026.08.27-14.14.18.398.jpk-force-map,2026-08-27T14:14:18.398000,1,0.05,30,53.839081617769864,53.963070772178924,53.83075035017291,0.9995999059729885,1995,True
27-08-26/0/map1-0.05-data-2026.08.27-14.14.18.398.jpk-force-map,2026-08-27T14:14:18.398000,1,0.05,31,53.650583664015954,53.5915724882706,53.59629965794868,0.9998716231135856,2001,True
27-08-26/0/map1-0.05-data-2026.08.27-14.14.18.398.jpk-force-map,2026-08-27T14:14:18.398000,1,0.05,32,53.91316404710226,53.86823108947361,53.874359121369835,0.9998565241845677,1999,True
27-08-26/0/map1-0.05-data-2026.08.27-14.14.18.398.jpk-force-map,2026-08-27T14:14:18.398000,1,0.05,33,54.0862267906022,54.030512301253275,54.141994583540736,0.9997970781414101,2000,True
27-08-26/0/map1-0.05-data-2026.08.27-14.14.18.398.jpk-force-map,2026-08-27T14:14:18.398000,1,0.05,34,53.57771782791329,53.49726477831512,53.55031470143725,0.9995369526440547,1996,True
27-08-26/0/map1-0.05-data-2026.08.27-14.14.18.398.jpk-force-map,2026-08-27T14:14:18.398000,1,0.05,35,53.69983502747072,53.81554785291683,53.698615322492415,0.9996603717067055,2002,True
27-08-26/0/map1-0.05-data-2026.08.27-14.14.18.398.jpk-force-map,2026-08-27T14:14:18.398000,1,0.05,36,53.57956601658057,53.3470422656514,53.65912084259629,0.9998174285706622,1999,True
27-08-26/0/map1-0.05-data-2026.08.27-14.14.18.398.jpk-force-map,2026-08-27T14:14:18.398000,1,0.05,37,53.87454644810866,53.959128261516334,53.87695924620208,0.9996626550456796,2003,True
27-08-26/0/map1-0.05-data-2026.08.27-14.14.18.398.jpk-force-map,2026-08-27T14:14:18.398000,1,0.05,38,53.8098026105264,53.762800404274266,53.870544259012696,0.9998989698500546,1995,True
27-08-26/0/map1-0.05-data-2026.08.27-14.14.18.398.jpk-force-map,2026-08-27T14:14:18.398000,1,0.05,39,53.81508761761828,53.86980262097977,53.772404948254795,0.9998712672895467,2004,True
27-08-26/0/map1-0.05-data-2026.08.27-14.14.18.398.jpk-force-map,2026-08-27T14:14:18.398000,1,0.05,40,53.68951519418874,53.700982996375174,53.7570882074161,0.999756892420081,1997,True
27-08-26/0/map1-0.05-data-2026.08.27-14.14.18.398.jpk-force-map,2026-08-27T14:14:18.398000,1,0.05,41,53.8168141065904,53.85634317899541,53.80792408048771,0.9998430466781579,1998,True
27-08-26/0/map1-0.05-data-2026.08.27-14.14.18.398.jpk-force-map,2026-08-27T14:14:18.398000,1,0.05,42,53.682802814064246,53.65568538928693,53.75545379300521,0.9998824245490974,2001,True
27-08-26/0/map1-0.05-data-2026.08.27-14.14.18.398.jpk-force-map,2026-08-27T14:14:18.398000,1,0.05,43,53.89643480082606,53.800606935263694,53.94071433966567,0.9998596658728409,1999,True
27-08-26/0/map1-0.05-data-2026.08.27-14.14.18.398.jpk-force-map,2026-08-27T14:14:18.398000,1,0.05,44,53.9983316376926,53.99863946841293,53.98009049036439,0.999741337750183,2003,True
27-08-26/0/map1-0.05-data-2026.08.27-14.14.18.398.jpk-force-map,2026-08-27T14:14:18.398000,1,0.05,45,53.84937325897728,53.824749580084415,53.85058858266354,0.9997641155970721,1997,True
27-08-26/0/map1-0.05-data-2026.08.27-14.14.18.398.jpk-force-map,2026-08-27T14:14:18.398000,1,0.05,46,52.927339263514625,52.869070365472844,53.15139696624544,0.9998770640948923,1991,True
27-08-26/0/map1-0.05-data-2026.08.27-14.14.18.398.jpk-force-map,2026-08-27T14:14:18.398000,1,0.05,47,55.12802301334127,55.35918405190076,55.10134796062919,0.9995649760979984,2001,True
27-08-26/0/map1-0.05-data-2026.08.27-14.14.18.398.jpk-force-map,2026-08-27T14:14:18.398000,1,0.05,48,53.760161242687175,53.76329381033978,53.85794376597586,0.9998361073265519,1999,True
27-08-26/0/map1-0.05-data-2026.08.27-14.14.18.398.jpk-force-map,2026-08-27T14:14:18.398000,1,0.05,49,53.87037482510101,54.01225228136658,53.8608091810298,0.9996189385652258,2004,True
27-08-26/0/map1-0.05-data-2026.08.27-14.14.18.398.jpk-force-map,2026-08-27T14:14:18.398000,1,0.05,50,54.25659676281871,53.989371940583936,54.33670894772013,0.9996173821266164,1998,True
27-08-26/0/map1-0.05-data-2026.08.27-14.14.18.398.jpk-force-map,2026-08-27T14:14:18.398000,1,0.05,51,53.5234013314461,53.48240607971498,53.65554375563456,0.9998327800982615,2002,True
27-08-26/0/map1-0.05-data-2026.08.27-14.14.18.398.jpk-force-map,2026-08-27T14:14:18.398000,1,0.05,52,53.944107488195726,53.92560712389599,53.97381085362737,0.9998287805854165,1997,True
27-08-26/0/map1-0.05-data-2026.08.27-14.14.18.398.jpk-force-map,2026-08-27T14:14:18.398000,1,0.05,53,53.708830980100004,53.72938975891627,53.75849519625937,0.9997790557083227,1998,True
27-08-26/0/map1-0.05-data-2026.08.27-14.14.18.398.jpk-force-map,2026-08-27T14:14:18.398000,1,0.05,54,54.04874457602516,53.925143207068345,54.20195076449668,0.9998658409685484,2002,True
27-08-26/0/map1-0.05-data-2026.08.27-14.14.18.398.jpk-force-map,2026-08-27T14:14:18.398000,1,0.05,55,54.26247696694274,54.13733612208646,54.31742830699843,0.999886063599726,1998,True
27-08-26/0/map1-0.05-data-2026.08.27-14.14.18.398.jpk-force-map,2026-08-27T14:14:18.398000,1,0.05,56,53.421755240717296,53.3972197091034,53.515341356179995,0.9989996316596195,1993,True
27-08-26/0/map1-0.05-data-2026.08.27-14.14.18.398.jpk-force-map,2026-08-27T14:14:18.398000,1,0.05,57,53.650287418072416,53.58673190672447,53.693177101535255,0.9999180137383847,1998,True
27-08-26/0/map1-0.05-data-2026.08.27-14.14.18.398.jpk-force-map,2026-08-27T14:14:18.398000,1,0.05,58,53.66760726136248,53.58642156949484,53.70833509272704,0.9998942315291729,1999,True
27-08-26/0/map1-0.05-data-2026.08.27-14.14.18.398.jpk-force-map,2026-08-27T14:14:18.398000,1,0.05,59,54.10129806183437,53.99618345692837,54.11949721645232,0.9999024906059184,1999,True
27-08-26/0/map1-0.05-data-2026.08.27-14.14.18.398.jpk-force-map,2026-08-27T14:14:18.398000,1,0.05,60,55.35402392852587,55.238781994607784,55.54701060140342,0.9993267182652975,1996,True
27-08-26/0/map1-0.05-data-2026.08.27-14.14.18.398.jpk-force-map,2026-08-27T14:14:18.398000,1,0.05,61,54.10186050953757,53.98252335373028,54.14890223632517,0.999891189487462,2000,True
27-08-26/0/map1-0.05-data-2026.08.27-14.14.18.398.jpk-force-map,2026-08-27T14:14:18.398000,1,0.05,62,53.644585284373846,53.55260437709452,53.71195505517519,0.999888963969418,2001,True
27-08-26/0/map1-0.05-data-2026.08.27-14.14.18.398.jpk-force-map,2026-08-27T14:14:18.398000,1,0.05,63,53.79628215750062,53.71386841386481,53.82544911872239,0.9998487331924826,2007,True
27-08-26/0/map1-0.05-data-2026.08.27-14.27.55.012.jpk-force-map,2026-08-27T14:27:55.012000,1,0.05,0,53.45961550788174,53.45850889563491,53.461700594875744,0.9998309794227042,1990,True
27-08-26/0/map1-0.05-data-2026.08.27-14.27.55.012.jpk-force-map,2026-08-27T14:27:55.012000,1,0.05,1,53.65686403031877,53.60268220428644,53.75122890061358,0.9998763228958764,1991,True
27-08-26/0/map1-0.05-data-2026.08.27-14.27.55.012.jpk-force-map,2026-08-27T14:27:55.012000,1,0.05,2,53.724229581647,53.67625099888875,53.81693769762666,0.9998910968722348,1995,True
27-08-26/0/map1-0.05-data-2026.08.27-14.27.55.012.jpk-force-map,2026-08-27T14:27:55.012000,1,0.05,3,53.73741297681156,53.703557227262785,53.770986052524115,0.999916557279808,2003,True
27-08-26/0/map1-0.05-data-2026.08.27-14.27.55.012.jpk-force-map,2026-08-27T14:27:55.012000,1,0.05,4,54.035667017874886,54.11942134032744,54.109165071897074,0.9998755858204252,1994,True
27-08-26/0/map1-0.05-data-2026.08.27-14.27.55.012.jpk-force-map,2026-08-27T14:27:55.012000,1,0.05,5,53.85333459417441,53.862849992029595,53.889591071791884,0.9998338489322323,1998,True
27-08-26/0/map1-0.05-data-2026.08.27-14.27.55.012.jpk-force-map,2026-08-27T14:27:55.012000,1,0.05,6,53.83247030218939,53.85493114339783,53.949731555079744,0.9999101532884266,1993,True
27-08-26/0/map1-0.05-data-2026.08.27-14.27.55.012.jpk-force-map,2026-08-27T14:27:55.012000,1,0.05,7,54.06462177245081,53.9645769537364,54.075335798450645,0.9998974631154044,1995,True
27-08-26/0/map1-0.05-data-2026.08.27-14.27.55.012.jpk-force-map,2026-08-27T14:27:55.012000,1,0.05,8,53.736966762827294,53.79916339807557,53.770624980243284,0.9999130765631252,1991,True
27-08-26/0/map1-0.05-data-2026.08.27-14.27.55.012.jpk-force-map,2026-08-27T14:27:55.012000,1,0.05,9,53.89999380575256,53.91584381795945,53.87468086426454,0.9998873765104839,2003,True
27-08-26/0/map1-0.05-data-2026.08.27-14.27.55.012.jpk-force-map,2026-08-27T14:27:55.012000,1,0.05,10,53.71608800711119,53.779228706269,53.78268590361407,0.9998504483422446,1995,True
27-08-26/0/map1-0.05-data-2026.08.27-14.27.55.012.jpk-force-map,2026-08-27T14:27:55.012000,1,0.05,11,53.92016923529245,53.908095895444724,53.921326652562755,0.9999094992176768,2004,True
27-08-26/0/map1-0.05-data-2026.08.27-14.27.55.012.jpk-force-map,2026-08-27T14:27:55.012000,1,0.05,12,53.912501715811565,53.84511391301727,53.98749736579987,0.9999118613995205,2005,True
27-08-26/0/map1-0.05-data-2026.08.27-14.27.55.012.jpk-force-map,2026-08-27T14:27:55.012000,1,0.05,13,54.049340165863164,53.95321961579165,54.12771424211895,0.9998876098215653,2004,True
27-08-26/0/map1-0.05-data-2026.08.27-14.27.55.012.jpk-force-map,2026-08-27T14:27:55.012000,1,0.05,14,53.931979726460874,53.90315581596403,53.98404475644216,0.9998787204272306,1998,True
27-08-26/0/map1-0.05-data-2026.08.27-14.27.55.012.jpk-force-map,2026-08-27T14:27:55.012000,1,0.05,15,53.91449687367076,53.88568336141826,53.93308114147202,0.9998524070156005,1997,True
27-08-26/0/map1-0.05-data-2026.08.27-14.27.55.012.jpk-force-map,2026-08-27T14:27:55.012000,1,0.05,16,53.88780246455538,53.798495644108016,53.93867678889165,0.9998870395159528,1997,True
27-08-26/0/map1-0.05-data-2026.08.27-14.27.55.012.jpk-force-map,2026-08-27T14:27:55.012000,1,0.05,17,53.85592074380406,53.773731336136585,53.900191846838375,0.9998606895323955,1997,True
27-08-26/0/map1-0.05-data-2026.08.27-14.27.55.012.jpk-force-map,2026-08-27T14:27:55.012000,1,0.05,18,53.85015473512856,53.75339628315762,53.887222680996736,0.9998730005092914,2000,True
27-08-26/0/map1-0.05-data-2026.08.27-14.27.55.012.jpk-force-map,2026-08-27T14:27:55.012000,1,0.05,19,53.840695658502185,53.846550405104665,53.870342819709315,0.9999139227433647,1998,True
27-08-26/0/map1-0.05-data-2026.08.27-14.27.55.012.jpk-force-map,2026-08-27T14:27:55.012000,1,0.05,20,53.680326905582504,53.6629642731738,53.682880934590614,0.9998460111156329,1996,True
27-08-26/0/map1-0.05-data-2026.08.27-14.27.55.012.jpk-force-map,2026-08-27T14:27:55.012000,1,0.05,21,54.1256713551385,54.0855731403306,54.15973223909252,0.999882900353463,1999,True
27-08-26/0/map1-0.05-data-2026.08.27-14.27.55.012.jpk-force-map,2026-08-27T14:27:55.012000,1,0.05,22,53.74369186878142,53.62536769722085,53.86410039120742,0.999845390412631,1996,True
27-08-26/0/map1-0.05-data-2026.08.27-14.27.55.012.jpk-force-map,2026-08-27T14:27:55.012000,1,0.05,23,53.67344876084761,53.74214913931355,53.751437937801235,0.9998626188464804,2003,True
27-08-26/0/map1-0.05-data-2026.08.27-14.27.55.012.jpk-force-map,2026-08-27T14:27:55.012000,1,0.05,24,53.88566114859817,53.89225493608739,53.91324785991028,0.9998430424693664,2000,True
27-08-26/0/map1-0.05-data-2026.08.27-14.27.55.012.jpk-force-map,2026-08-27T14:27:55.012000,1,0.05,25,53.64523957490397,53.56487166573585,53.70682610687029,0.9998578650861191,1999,True
27-08-26/0/map1-0.05-data-2026.08.27-14.27.55.012.jpk-force-map,2026-08-27T14:27:55.012000,1,0.05,26,53.99587994640203,53.86916387577507,54.05876827705498,0.9998712880644924,2003,True
27-08-26/0/map1-0.05-data-2026.08.27-14.27.55.012.jpk-force-map,2026-08-27T14:27:55.012000,1,0.05,27,53.91604793061021,53.86914806792326,53.950970517125675,0.9998656732515082,1996,True
27-08-26/0/map1-0.05-data-2026.08.27-14.27.55.012.jpk-force-map,2026-08-27T14:27:55.012000,1,0.05,28,53.944578112927715,53.97487758781291,53.94215261863089,0.9998910133096583,1999,True
27-08-26/0/map1-0.05-data-2026.08.27-14.27.55.012.jpk-force-map,2026-08-27T14:27:55.012000,1,0.05,29,53.94068450741412,53.90605745158098,54.03013358291975,0.9998324898584179,2000,True
27-08-26/0/map1-0.05-data-2026.08.27-14.27.55.012.jpk-force-map,2026-08-27T14:27:55.012000,1,0.05,30,53.625023115385645,53.58849273492823,53.71429325162054,0.9998931261887994,2000,True
27-08-26/0/map1-0.05-data-2026.08.27-14.27.55.012.jpk-force-map,2026-08-27T14:27:55.012000,1,0.05,31,54.15483749123049,54.09814652508604,54.1351309363344,0.9999027833610865,1997,True
27-08-26/0/map1-0.05-data-2026.08.27-14.27.55.012.jpk-force-map,2026-08-27T14:27:55.012000,1,0.05,32,54.05479321795401,54.04966358040999,54.08202994191842,0.9997788423532679,1997,True
27-08-26/0/map1-0.05-data-2026.08.27-14.27.55.012.jpk-force-map,2026-08-27T14:27:55.012000,1,0.05,33,53.991055832282704,53.898079642123406,54.11114326295216,0.99987342312124,2001,True
27-08-26/0/map1-0.05-data-2026.08.27-14.27.55.012.jpk-force-map,2026-08-27T14:27:55.012000,1,0.05,34,53.95438569537421,53.94474576329323,53.92898717963173,0.9998950542031405,2003,True
27-08-26/0/map1-0.05-data-2026.08.27-14.27.55.012.jpk-force-map,2026-08-27T14:27:55.012000,1,0.05,35,53.73268246157282,53.79158338836434,53.75240604429171,0.9998920213012715,1996,True
27-08-26/0/map1-0.05-data-2026.08.27-14.27.55.012.jpk-force-map,2026-08-27T14:27:55.012000,1,0.05,36,53.79614418970806,53.786984963828715,53.846071226426545,0.9998653350086288,2001,True
27-08-26/0/map1-0.05-data-2026.08.27-14.27.55.012.jpk-force-map,2026-08-27T14:27:55.012000,1,0.05,37,53.957660680233666,53.89815360884905,54.04186678600169,0.9998915721886855,1998,True
27-08-26/0/map1-0.05-data-2026.08.27-14.27.55.012.jpk-force-map,2026-08-27T14:27:55.012000,1,0.05,38,54.134097134655754,54.06190408184581,54.22966896855766,0.9998998226420235,2004,True
27-08-26/0/map1-0.05-data-2026.08.27-14.27.55.012.jpk-force-map,2026-08-27T14:27:55.012000,1,0.05,39,53.83513954675348,53.73335253735957,53.8961233752028,0.9998979454132652,2000,True
27-08-26/0/map1-0.05-data-2026.08.27-14.27.55.012.jpk-force-map,2026-08-27T14:27:55.012000,1,0.05,40,53.90219350831329,53.80520658726948,53.99418892305864,0.9999117655108044,1988,True
27-08-26/0/map1-0.05-data-2026.08.27-14.27.55.012.jpk-force-map,2026-08-27T14:27:55.012000,1,0.05,41,53.85297702598171,53.7993412828885,53.92999105216564,0.9999116338784633,1997,True
27-08-26/0/map1-0.05-data-2026.08.27-14.27.55.012.jpk-force-map,2026-08-27T14:27:55.012000,1,0.05,42,54.35316963103825,54.370911002372985,54.33192199580015,0.9999160384843725,2002,True
27-08-26/0/map1-0.05-data-2026.08.27-14.27.55.012.jpk-force-map,2026-08-27T14:27:55.012000,1,0.05,43,53.76104374384382,53.68048457821428,53.80708930614079,0.9999058184038214,1995,True
27-08-26/0/map1-0.05-data-2026.08.27-14.27.55.012.jpk-force-map,2026-08-27T14:27:55.012000,1,0.05,44,53.68366564894555,53.63781766212036,53.721705668855655,0.9998797333829695,1998,True
27-08-26/0/map1-0.05-data-2026.08.27-14.27.55.012.jpk-force-map,2026-08-27T14:27:55.012000,1,0.05,45,53.7307839781854,53.59040670394152,53.83815866995765,0.999875592816726,2004,True
27-08-26/0/map1-0.05-data-2026.08.27-14.27.55.012.jpk-force-map,2026-08-27T14:27:55.012000,1,0.05,46,53.915043755934455,53.848781748245464,53.83213365946946,0.9999141361680126,2006,True
27-08-26/0/map1-0.05-data-2026.08.27-14.27.55.012.jpk-force-map,2026-08-27T14:27:55.012000,1,0.05,47,55.010700040233345,55.0844623620125,54.98911879758916,0.9999097366961047,2000,True
27-08-26/0/map1-0.05-data-2026.08.27-14.27.55.012.jpk-force-map,2026-08-27T14:27:55.012000,1,0.05,48,53.763808913636396,53.73489410407847,53.80921183100305,0.9998900216390004,1995,True
27-08-26/0/map1-0.05-data-2026.08.27-14.27.55.012.jpk-force-map,2026-08-27T14:27:55.012000,1,0.05,49,53.855932472441474,53.84391753793767,53.91897092231019,0.9998960992803703,1996,True
27-08-26/0/map1-0.05-data-2026.08.27-14.27.55.012.jpk-force-map,2026-08-27T14:27:55.012000,1,0.05,50,53.988314349112834,53.81672385244665,54.085894105631276,0.9997059081704994,1991,True
27-08-26/0/map1-0.05-data-2026.08.27-14.27.55.012.jpk-force-map,2026-08-27T14:27:55.012000,1,0.05,51,53.76309241616217,53.628498263274956,53.86828989545138,0.9998217845440072,1994,True
27-08-26/0/map1-0.05-data-2026.08.27-14.27.55.012.jpk-force-map,2026-08-27T14:27:55.012000,1,0.05,52,54.29182575639622,54.19220930936116,54.308920744576824,0.9998141011954526,2003,True
27-08-26/0/map1-0.05-data-2026.08.27-14.27.55.012.jpk-force-map,2026-08-27T14:27:55.012000,1,0.05,53,53.8315791421032,53.717869418644085,53.84085057707869,0.9998527897335584,1991,True
27-08-26/0/map1-0.05-data-2026.08.27-14.27.55.012.jpk-force-map,2026-08-27T14:27:55.012000,1,0.05,54,53.97168216732029,53.9438247754566,54.04046667255843,0.9998760730557226,2000,True
27-08-26/0/map1-0.05-data-2026.08.27-14.27.55.012.jpk-force-map,2026-08-27T14:27:55.012000,1,0.05,55,54.321616872516216,54.134628021255146,54.46108764507673,0.9998330773368299,2001,True
27-08-26/0/map1-0.05-data-2026.08.27-14.27.55.012.jpk-force-map,2026-08-27T14:27:55.012000,1,0.05,56,53.818451201627816,53.76638234874322,53.83833555098188,0.9999123573942794,2005,True
27-08-26/0/map1-0.05-data-2026.08.27-14.27.55.012.jpk-force-map,2026-08-27T14:27:55.012000,1,0.05,57,53.7280530032274,53.71974708896568,53.75940588733395,0.9998985512377696,2000,True
27-08-26/0/map1-0.05-data-2026.08.27-14.27.55.012.jpk-force-map,2026-08-27T14:27:55.012000,1,0.05,58,53.82083884526607,53.734274360913865,53.86598813062234,0.9999249274373608,2002,True
27-08-26/0/map1-0.05-data-2026.08.27-14.27.55.012.jpk-force-map,2026-08-27T14:27:55.012000,1,0.05,59,53.69567515433712,53.60692949905153,53.73961692244828,0.9999042088362647,1998,True
27-08-26/0/map1-0.05-data-2026.08.27-14.27.55.012.jpk-force-map,2026-08-27T14:27:55.012000,1,0.05,60,54.506469460608706,54.767559649341806,54.30697398200333,0.9998685290679289,2001,True
27-08-26/0/map1-0.05-data-2026.08.27-14.27.55.012.jpk-force-map,2026-08-27T14:27:55.012000,1,0.05,61,54.119192852141545,54.07636905126805,54.123331851589576,0.999922108793259,1999,True
27-08-26/0/map1-0.05-data-2026.08.27-14.27.55.012.jpk-force-map,2026-08-27T14:27:55.012000,1,0.05,62,54.010522739843395,53.911678902797796,54.0222771045974,0.9998800047272787,1997,True
27-08-26/0/map1-0.05-data-2026.08.27-14.27.55.012.jpk-force-map,2026-08-27T14:27:55.012000,1,0.05,63,54.02035123981789,53.911850406363754,53.97003996895568,0.9998675368419304,2001,True
27-08-26/0/map1-0.1-data-2026.08.27-14.40.56.507.jpk-force-map,2026-08-27T14:40:56.507000,1,0.1,0,53.768583845369946,53.71412340265721,53.81388253473389,0.9998841200951264,1000,True
27-08-26/0/map1-0.1-data-2026.08.27-14.40.56.507.jpk-force-map,2026-08-27T14:40:56.507000,1,0.1,1,53.71977563899964,53.68784044908962,53.78688333603001,0.9999042702714886,1001,True
27-08-26/0/map1-0.1-data-2026.08.27-14.40.56.507.jpk-force-map,2026-08-27T14:40:56.507000,1,0.1,2,53.998362862404456,53.92434394414394,54.11575029109846,0.9999043000140475,999,True
27-08-26/0/map1-0.1-data-2026.08.27-14.40.56.507.jpk-force-map,2026-08-27T14:40:56.507000,1,0.1,3,53.74871499741193,53.8228989206292,53.807153569504614,0.9999073460350612,1003,True
27-08-26/0/map1-0.1-data-2026.08.27-14.40.56.507.jpk-force-map,2026-08-27T14:40:56.507000,1,0.1,4,53.77797191171162,53.743127999235995,53.874985391471085,0.9998810901010277,1003,True
27-08-26/0/map1-0.1-data-2026.08.27-14.40.56.507.jpk-force-map,2026-08-27T14:40:56.507000,1,0.1,5,54.11558780710931,54.14833333330972,54.079223257033405,0.9999011940047008,999,True
27-08-26/0/map1-0.1-data-2026.08.27-14.40.56.507.jpk-force-map,2026-08-27T14:40:56.507000,1,0.1,6,54.18102475083852,54.24947012456318,54.16603145318429,0.9998888702896628,1000,True
27-08-26/0/map1-0.1-data-2026.08.27-14.40.56.507.jpk-force-map,2026-08-27T14:40:56.507000,1,0.1,7,54.504534247688795,54.58223733333149,54.5259775246304,0.9999111745054193,1001,True
27-08-26/0/map1-0.1-data-2026.08.27-14.40.56.507.jpk-force-map,2026-08-27T14:40:56.507000,1,0.1,8,54.094808737518484,54.094492914545285,54.047990930740056,0.999872108871723,1001,True
27-08-26/0/map1-0.1-data-2026.08.27-14.40.56.507.jpk-force-map,2026-08-27T14:40:56.507000,1,0.1,9,53.904648673561645,53.915042016792896,53.97169030814152,0.9998525535939018,1001,True
27-08-26/0/map1-0.1-data-2026.08.27-14.40.56.507.jpk-force-map,2026-08-27T14:40:56.507000,1,0.1,10,54.454287531004006,54.4142604405073,54.56542629153216,0.9998900523467502,1001,True
27-08-26/0/map1-0.1-data-2026.08.27-14.40.56.507.jpk-force-map,2026-08-27T14:40:56.507000,1,0.1,11,54.348546396379916,54.496402802648724,54.298359542288715,0.9999241526220897,1002,True
27-08-26/0/map1-0.1-data-2026.08.27-14.40.56.507.jpk-force-map,2026-08-27T14:40:56.507000,1,0.1,12,53.88159231539934,53.819774547595685,53.97860308219623,0.9999033015423607,1002,True
27-08-26/0/map1-0.1-data-2026.08.27-14.40.56.507.jpk-force-map,2026-08-27T14:40:56.507000,1,0.1,13,54.08770721249764,54.0593960446858,54.24032571849455,0.9999136259519009,1000,True
27-08-26/0/map1-0.1-data-2026.08.27-14.40.56.507.jpk-force-map,2026-08-27T14:40:56.507000,1,0.1,14,54.06011174489659,53.9947654017213,54.17566237490614,0.9999026286384441,1003,True
27-08-26/0/map1-0.1-data-2026.08.27-14.40.56.507.jpk-force-map,2026-08-27T14:40:56.507000,1,0.1,15,54.17715931819086,54.13135481873114,54.32480277417899,0.9999044235922346,1001,True
27-08-26/0/map1-0.1-data-2026.08.27-14.40.56.507.jpk-force-map,2026-08-27T14:40:56.507000,1,0.1,16,54.00659568896804,53.996253571031815,54.04258353016652,0.9999300717079401,999,True
27-08-26/0/map1-0.1-data-2026.08.27-14.40.56.507.jpk-force-map,2026-08-27T14:40:56.507000,1,0.1,17,53.77418303830657,53.818448298334644,53.78834985198332,0.9998870232070697,1001,True
27-08-26/0/map1-0.1-data-2026.08.27-14.40.56.507.jpk-force-map,2026-08-27T14:40:56.507000,1,0.1,18,53.898893508496606,53.961494635669126,53.90261123971774,0.9999066935529304,1001,True
27-08-26/0/map1-0.1-data-2026.08.27-14.40.56.507.jpk-force-map,2026-08-27T14:40:56.507000,1,0.1,19,53.84916168516903,53.91165893150213,53.886806143726446,0.9999242180027598,1000,True
27-08-26/0/map1-0.1-data-2026.08.27-14.40.56.507.jpk-force-map,2026-08-27T14:40:56.507000,1,0.1,20,53.939922854817894,53.94902092069855,53.999874929720576,0.999883205525546,997,True
27-08-26/0/map1-0.1-data-2026.08.27-14.40.56.507.jpk-force-map,2026-08-27T14:40:56.507000,1,0.1,21,53.97682054174022,54.047196831440765,53.991528651605805,0.9999033962701933,1002,True
27-08-26/0/map1-0.1-data-2026.08.27-14.40.56.507.jpk-force-map,2026-08-27T14:40:56.507000,1,0.1,22,54.26239442807446,54.42895513125047,54.246613229112164,0.9998824391384585,1001,True
27-08-26/0/map1-0.1-data-2026.08.27-14.40.56.507.jpk-force-map,2026-08-27T14:40:56.507000,1,0.1,23,54.09233893258974,54.12075819596166,54.12618481353533,0.9998933002836631,1003,True
27-08-26/0/map1-0.1-data-2026.08.27-14.40.56.507.jpk-force-map,2026-08-27T14:40:56.507000,1,0.1,24,54.01515500585319,54.05768433647669,53.96491573299395,0.9998555959950187,999,True
27-08-26/0/map1-0.1-data-2026.08.27-14.40.56.507.jpk-force-map,2026-08-27T14:40:56.507000,1,0.1,25,54.07150308658528,54.13389690045997,54.11453771010779,0.999905319827364,997,True
27-08-26/0/map1-0.1-data-2026.08.27-14.40.56.507.jpk-force-map,2026-08-27T14:40:56.507000,1,0.1,26,53.95919568276758,53.97488370682296,53.987984530209836,0.9999041733031309,1001,True
27-08-26/0/map1-0.1-data-2026.08.27-14.40.56.507.jpk-force-map,2026-08-27T14:40:56.507000,1,0.1,27,54.255860932042715,54.11864156006309,54.32530618017111,0.9998900976945162,1001,True
27-08-26/0/map1-0.1-data-2026.08.27-14.40.56.507.jpk-force-map,2026-08-27T14:40:56.507000,1,0.1,28,53.99946014970565,54.022584514049434,54.02827523121397,0.9999290622755979,999,True
27-08-26/0/map1-0.1-data-2026.08.27-14.40.56.507.jpk-force-map,2026-08-27T14:40:56.507000,1,0.1,29,54.208335843536894,54.13358109909732,54.340381592167475,0.9999268650587461,1002,True
27-08-26/0/map1-0.1-data-2026.08.27-14.40.56.507.jpk-force-map,2026-08-27T14:40:56.507000,1,0.1,30,53.84712342615566,53.87592930938812,53.90772361749272,0.9999067703741988,1002,True
27-08-26/0/map1-0.1-data-2026.08.27-14.40.56.507.jpk-force-map,2026-08-27T14:40:56.507000,1,0.1,31,53.4528981351147,53.40466783154754,53.36523742319308,0.9998353971174883,999,True
27-08-26/0/map1-0.1-data-2026.08.27-14.40.56.507.jpk-force-map,2026-08-27T14:40:56.507000,1,0.1,32,54.849218999635255,54.76110127912061,54.799905504409885,0.9998806208661792,1000,True
27-08-26/0/map1-0.1-data-2026.08.27-14.40.56.507.jpk-force-map,2026-08-27T14:40:56.507000,1,0.1,33,54.20864185044346,54.0655736213422,54.51370241192205,0.9999069390694069,1002,True
27-08-26/0/map1-0.1-data-2026.08.27-14.40.56.507.jpk-force-map,2026-08-27T14:40:56.507000,1,0.1,34,54.22635363205469,54.17297795637578,54.32717872523964,0.9998957668855425,1005,True
27-08-26/0/map1-0.1-data-2026.08.27-14.40.56.507.jpk-force-map,2026-08-27T14:40:56.507000,1,0.1,35,53.64600127763753,53.63182442413542,53.711901272895844,0.9998965054159404,997,True
27-08-26/0/map1-0.1-data-2026.08.27-14.40.56.507.jpk-force-map,2026-08-27T14:40:56.507000,1,0.1,36,54.04166340092106,53.97821838204208,54.12180510163798,0.9999091260667031,1000,True
27-08-26/0/map1-0.1-data-2026.08.27-14.40.56.507.jpk-force-map,2026-08-27T14:40:56.507000,1,0.1,37,54.163333511457566,54.20022004783028,54.16883990923347,0.9998749083625924,1000,True
27-08-26/0/map1-0.1-data-2026.08.27-14.40.56.507.jpk-force-map,2026-08-27T14:40:56.507000,1,0.1,38,54.13695945018605,54.20518419558532,54.18134432914853,0.9999226213260078,999,True
27-08-26/0/map1-0.1-data-2026.08.27-14.40.56.507.jpk-force-map,2026-08-27T14:40:56.507000,1,0.1,39,53.99108332951147,54.03296203183659,54.04170968936074,0.9999150511919801,999,True
27-08-26/0/map1-0.1-data-2026.08.27-14.40.56.507.jpk-force-map,2026-08-27T14:40:56.507000,1,0.1,40,54.19750668106612,54.331700542046306,54.067046415579064,0.9999103012269199,1000,True
27-08-26/0/map1-0.1-data-2026.08.27-14.40.56.507.jpk-force-map,2026-08-27T14:40:56.507000,1,0.1,41,53.980493607736136,54.01354751025905,54.029699774665914,0.9999104168738076,1002,True
27-08-26/0/map1-0.1-data-2026.08.27-14.40.56.507.jpk-force-map,2026-08-27T14:40:56.507000,1,0.1,42,54.237891680754714,54.150962057035755,54.214629375226124,0.9999069810396002,1002,True
27-08-26/0/map1-0.1-data-2026.08.27-14.40.56.507.jpk-force-map,2026-08-27T14:40:56.507000,1,0.1,43,54.217160213207606,54.140358159084805,54.2517335063443,0.9999158826911411,1001,True
27-08-26/0/map1-0.1-data-2026.08.27-14.40.56.507.jpk-force-map,2026-08-27T14:40:56.507000,1,0.1,44,53.847494025713345,53.86260415264642,53.916035534105575,0.9999112261555079,999,True
27-08-26/0/map1-0.1-data-2026.08.27-14.40.56.507.jpk-force-map,2026-08-27T14:40:56.507000,1,0.1,45,53.56477556488212,53.475031899479845,53.58097988481349,0.9998650413260133,998,True
27-08-26/0/map1-0.1-data-2026.08.27-14.40.56.507.jpk-force-map,2026-08-27T14:40:56.507000,1,0.1,46,54.03860785253642,53.59030984383471,54.26080022341102,0.9997976650428381,999,True
27-08-26/0/map1-0.1-data-2026.08.27-14.40.56.507.jpk-force-map,2026-08-27T14:40:56.507000,1,0.1,47,55.092462795825945,54.8939998386893,55.088920716371966,0.9998502379756048,1000,True
27-08-26/0/map1-0.1-data-2026.08.27-14.40.56.507.jpk-force-map,2026-08-27T14:40:56.507000,1,0.1,48,53.90309730827047,53.91920954577549,53.97251366105495,0.9998957988237454,997,True
27-08-26/0/map1-0.1-data-2026.08.27-14.40.56.507.jpk-force-map,2026-08-27T14:40:56.507000,1,0.1,49,53.47008261840831,53.4282754193975,53.72179939300247,0.9998319919983607,1001,True
27-08-26/0/map1-0.1-data-2026.08.27-14.40.56.507.jpk-force-map,2026-08-27T14:40:56.507000,1,0.1,50,54.133753919226464,54.00678177369915,54.19741938466539,0.9998273016520772,999,True
27-08-26/0/map1-0.1-data-2026.08.27-14.40.56.507.jpk-force-map,2026-08-27T14:40:56.507000,1,0.1,51,54.18836357724853,54.07437034784604,54.11332845572155,0.9997955442558017,1001,True
27-08-26/0/map1-0.1-data-2026.08.27-14.40.56.507.jpk-force-map,2026-08-27T14:40:56.507000,1,0.1,52,54.25250263770275,54.37961086096368,54.175226949565136,0.9998409978493819,1000,True
27-08-26/0/map1-0.1-data-2026.08.27-14.40.56.507.jpk-force-map,2026-08-27T14:40:56.507000,1,0.1,53,54.0062722696266,54.02932839216217,54.07875538305962,0.9998860781858212,1001,True
27-08-26/0/map1-0.1-data-2026.08.27-14.40.56.507.jpk-force-map,2026-08-27T14:40:56.507000,1,0.1,54,54.36971435523338,54.3615742027151,54.445002163423645,0.999901120343804,999,True
27-08-26/0/map1-0.1-data-2026.08.27-14.40.56.507.jpk-force-map,2026-08-27T14:40:56.507000,1,0.1,55,54.076241220532964,54.42820598543461,53.985539635808216,0.9997548433587033,998,True
27-08-26/0/map1-0.1-data-2026.08.27-14.40.56.507.jpk-force-map,2026-08-27T14:40:56.507000,1,0.1,56,53.91790306247446,54.06586573857599,53.930681082942016,0.9998997443615552,998,True
27-08-26/0/map1-0.1-data-2026.08.27-14.40.56.507.jpk-force-map,2026-08-27T14:40:56.507000,1,0.1,57,53.89527834377145,53.901582330368356,53.9529796740503,0.999905969841239,1002,True
27-08-26/0/map1-0.1-data-2026.08.27-14.40.56.507.jpk-force-map,2026-08-27T14:40:56.507000,1,0.1,58,53.78320514802959,53.70251240910524,53.8045126476625,0.9999231361751526,1002,True
27-08-26/0/map1-0.1-data-2026.08.27-14.40.56.507.jpk-force-map,2026-08-27T14:40:56.507000,1,0.1,59,54.219129028583716,54.36972456134098,54.240710742102806,0.9998690759037139,1004,True
27-08-26/0/map1-0.1-data-2026.08.27-14.40.56.507.jpk-force-map,2026-08-27T14:40:56.507000,1,0.1,60,53.79761625968302,53.662136104405846,53.905972097993896,0.999888689451705,1001,True
27-08-26/0/map1-0.1-data-2026.08.27-14.40.56.507.jpk-force-map,2026-08-27T14:40:56.507000,1,0.1,61,53.9578550780558,53.9189682140838,53.996983281982786,0.999922022016092,1001,True
27-08-26/0/map1-0.1-data-2026.08.27-14.40.56.507.jpk-force-map,2026-08-27T14:40:56.507000,1,0.1,62,53.94380158204086,53.91945992197276,53.99133635004846,0.9998993052509535,1001,True
27-08-26/0/map1-0.1-data-2026.08.27-14.40.56.507.jpk-force-map,2026-08-27T14:40:56.507000,1,0.1,63,53.789613483867655,53.73440224759588,53.79249529387732,0.9998970531798624,1000,True
27-08-26/0/map1-0.2-data-2026.08.27-14.47.23.611.jpk-force-map,2026-08-27T14:47:23.611000,1,0.2,0,53.6568939154034,53.47439523756442,53.74745489049013,0.9998925468271979,500,True
27-08-26/0/map1-0.2-data-2026.08.27-14.47.23.611.jpk-force-map,2026-08-27T14:47:23.611000,1,0.2,1,53.768735337092416,53.83729673933677,53.86997213138509,0.999919436248084,501,True
27-08-26/0/map1-0.2-data-2026.08.27-14.47.23.611.jpk-force-map,2026-08-27T14:47:23.611000,1,0.2,2,53.95961903843218,53.83559244666227,54.129034354691974,0.9999093143339993,498,True
27-08-26/0/map1-0.2-data-2026.08.27-14.47.23.611.jpk-force-map,2026-08-27T14:47:23.611000,1,0.2,3,53.91656359630254,53.815962708883085,53.91865024064778,0.9998844871856268,501,True
27-08-26/0/map1-0.2-data-2026.08.27-14.47.23.611.jpk-force-map,2026-08-27T14:47:23.611000,1,0.2,4,53.80809200742568,53.68636062029429,53.87169969427103,0.9999293018890677,500,True
27-08-26/0/map1-0.2-data-2026.08.27-14.47.23.611.jpk-force-map,2026-08-27T14:47:23.611000,1,0.2,5,54.158943482436,53.99475512341853,54.323379956971785,0.9998696008409316,500,True
27-08-26/0/map1-0.2-data-2026.08.27-14.47.23.611.jpk-force-map,2026-08-27T14:47:23.611000,1,0.2,6,53.8913879869818,53.85126302543247,53.98594873534975,0.9998903439889434,498,True
27-08-26/0/map1-0.2-data-2026.08.27-14.47.23.611.jpk-force-map,2026-08-27T14:47:23.611000,1,0.2,7,54.24340185820663,53.94811689882722,54.352896624435125,0.9998456849490821,501,True
27-08-26/0/map1-0.2-data-2026.08.27-14.47.23.611.jpk-force-map,2026-08-27T14:47:23.611000,1,0.2,8,53.956334166605565,53.827995979858784,54.02253625046072,0.9999366529612143,500,True
27-08-26/0/map1-0.2-data-2026.08.27-14.47.23.611.jpk-force-map,2026-08-27T14:47:23.611000,1,0.2,9,54.03281004919185,53.84416229081081,54.11136364060455,0.9999026748306282,502,True
27-08-26/0/map1-0.2-data-2026.08.27-14.47.23.611.jpk-force-map,2026-08-27T14:47:23.611000,1,0.2,10,54.02602165155883,54.02340943413026,53.93502451023855,0.999785802306313,500,True
27-08-26/0/map1-0.2-data-2026.08.27-14.47.23.611.jpk-force-map,2026-08-27T14:47:23.611000,1,0.2,11,54.28532772908381,54.047041608824365,54.44747738320055,0.9998727752797396,498,True
27-08-26/0/map1-0.2-data-2026.08.27-14.47.23.611.jpk-force-map,2026-08-27T14:47:23.611000,1,0.2,12,54.3093059349547,54.321802045162215,54.256058485921294,0.9999044157930637,500,True
27-08-26/0/map1-0.2-data-2026.08.27-14.47.23.611.jpk-force-map,2026-08-27T14:47:23.611000,1,0.2,13,53.94011528484739,53.947909099396774,54.03644389170672,0.9999129265634628,499,True
27-08-26/0/map1-0.2-data-2026.08.27-14.47.23.611.jpk-force-map,2026-08-27T14:47:23.611000,1,0.2,14,54.18791401396477,54.11571444997731,54.17940783015647,0.9998785291741982,500,True
27-08-26/0/map1-0.2-data-2026.08.27-14.47.23.611.jpk-force-map,2026-08-27T14:47:23.611000,1,0.2,15,53.99123739951026,54.04130622741428,53.99979048896572,0.9998874438996279,501,True
27-08-26/0/map1-0.2-data-2026.08.27-14.47.23.611.jpk-force-map,2026-08-27T14:47:23.611000,1,0.2,16,54.23753815132406,54.166063993510036,54.31444025149068,0.9999091333063456,500,True
27-08-26/0/map1-0.2-data-2026.08.27-14.47.23.611.jpk-force-map,2026-08-27T14:47:23.611000,1,0.2,17,54.03258125063162,53.801613595882486,54.133544781751105,0.999854796159417,499,True
27-08-26/0/map1-0.2-data-2026.08.27-14.47.23.611.jpk-force-map,2026-08-27T14:47:23.611000,1,0.2,18,54.066055027191986,53.95546564449297,54.07407785861131,0.999930475326276,500,True
27-08-26/0/map1-0.2-data-2026.08.27-14.47.23.611.jpk-force-map,2026-08-27T14:47:23.611000,1,0.2,19,54.002505373020014,53.86032215880161,54.081369533632596,0.9999054882868332,500,True
27-08-26/0/map1-0.2-data-2026.08.27-14.47.23.611.jpk-force-map,2026-08-27T14:47:23.611000,1,0.2,20,54.05747286314558,53.88732949889435,54.19732289603503,0.9999138473274238,501,True
27-08-26/0/map1-0.2-data-2026.08.27-14.47.23.611.jpk-force-map,2026-08-27T14:47:23.611000,1,0.2,21,54.186680077887246,54.185613759201345,54.19665694159855,0.9999168032432408,501,True
27-08-26/0/map1-0.2-data-2026.08.27-14.47.23.611.jpk-force-map,2026-08-27T14:47:23.611000,1,0.2,22,53.90788875793706,53.903771952128324,53.95216979892384,0.9998950344404788,501,True
27-08-26/0/map1-0.2-data-2026.08.27-14.47.23.611.jpk-force-map,2026-08-27T14:47:23.611000,1,0.2,23,54.037693037730584,53.97478531228814,54.1978732421424,0.9998949700930152,501,True
27-08-26/0/map1-0.2-data-2026.08.27-14.47.23.611.jpk-force-map,2026-08-27T14:47:23.611000,1,0.2,24,54.21895621608433,54.304374222609276,54.16762254259178,0.9998569913921261,500,True
27-08-26/0/map1-0.2-data-2026.08.27-14.47.23.611.jpk-force-map,2026-08-27T14:47:23.611000,1,0.2,25,53.969154273403625,54.20648107593784,53.96250141505816,0.999884280194605,501,True
27-08-26/0/map1-0.2-data-2026.08.27-14.47.23.611.jpk-force-map,2026-08-27T14:47:23.611000,1,0.2,26,54.014979175652385,54.00808315025907,54.10396154777146,0.9999117845013965,502,True
27-08-26/0/map1-0.2-data-2026.08.27-14.47.23.611.jpk-force-map,2026-08-27T14:47:23.611000,1,0.2,27,54.15448137030666,53.79245606665401,54.37643645164403,0.9998594146173727,501,True
27-08-26/0/map1-0.2-data-2026.08.27-14.47.23.611.jpk-force-map,2026-08-27T14:47:23.611000,1,0.2,28,53.93467486346996,53.79902483583077,54.05791805723981,0.9999030948338663,500,True
27-08-26/0/map1-0.2-data-2026.08.27-14.47.23.611.jpk-force-map,2026-08-27T14:47:23.611000,1,0.2,29,54.170535030628415,54.1132746470225,54.2378699509077,0.9999174809235042,500,True
27-08-26/0/map1-0.2-data-2026.08.27-14.47.23.611.jpk-force-map,2026-08-27T14:47:23.611000,1,0.2,30,54.00534036768471,53.9897434675153,54.003641589862816,0.9999143168303922,499,True
27-08-26/0/map1-0.2-data-2026.08.27-14.47.23.611.jpk-force-map,2026-08-27T14:47:23.611000,1,0.2,31,53.63159678460288,53.69947895275837,53.49161954953881,0.9999048894761176,501,True
27-08-26/0/map1-0.2-data-2026.08.27-14.47.23.611.jpk-force-map,2026-08-27T14:47:23.611000,1,0.2,32,53.98712771333858,53.790864974104075,54.186113682183986,0.9998804553814953,499,True
27-08-26/0/map1-0.2-data-2026.08.27-14.47.23.611.jpk-force-map,2026-08-27T14:47:23.611000,1,0.2,33,54.24103074202919,54.15020058631422,54.41592534921238,0.9999048267673756,501,True
27-08-26/0/map1-0.2-data-2026.08.27-14.47.23.611.jpk-force-map,2026-08-27T14:47:23.611000,1,0.2,34,54.09576838205463,53.93109667516811,54.210807386505664,0.9998514153539848,501,True
27-08-26/0/map1-0.2-data-2026.08.27-14.47.23.611.jpk-force-map,2026-08-27T14:47:23.611000,1,0.2,35,53.94253420877125,53.93517301861273,53.9920131696223,0.9999145645564016,500,True
27-08-26/0/map1-0.2-data-2026.08.27-14.47.23.611.jpk-force-map,2026-08-27T14:47:23.611000,1,0.2,36,54.25939533303396,54.15468295919977,54.332735985739895,0.9999031362767624,501,True
27-08-26/0/map1-0.2-data-2026.08.27-14.47.23.611.jpk-force-map,2026-08-27T14:47:23.611000,1,0.2,37,53.98286566437443,53.98079033296775,54.00137632658806,0.9999012579073147,502,True
27-08-26/0/map1-0.2-data-2026.08.27-14.47.23.611.jpk-force-map,2026-08-27T14:47:23.611000,1,0.2,38,53.40199741041148,53.07080602167214,53.66211976605947,0.9998401623680359,499,True
27-08-26/0/map1-0.2-data-2026.08.27-14.47.23.611.jpk-force-map,2026-08-27T14:47:23.611000,1,0.2,39,54.11264223007769,54.15203973139273,54.11081928522498,0.9999263455754125,499,True
27-08-26/0/map1-0.2-data-2026.08.27-14.47.23.611.jpk-force-map,2026-08-27T14:47:23.611000,1,0.2,40,54.00140592853597,53.99084018631073,54.08883610916383,0.9999219457074124,502,True
27-08-26/0/map1-0.2-data-2026.08.27-14.47.23.611.jpk-force-map,2026-08-27T14:47:23.611000,1,0.2,41,54.137447787802394,54.12536142314438,54.141472968407044,0.999912396163434,501,True
27-08-26/0/map1-0.2-data-2026.08.27-14.47.23.611.jpk-force-map,2026-08-27T14:47:23.611000,1,0.2,42,53.99560337178214,54.08812037998577,54.02573646809309,0.9998844257121678,500,True
27-08-26/0/map1-0.2-data-2026.08.27-14.47.23.611.jpk-force-map,2026-08-27T14:47:23.611000,1,0.2,43,54.19665230444977,54.10370794671664,54.25537687215434,0.9998686430913278,499,True
27-08-26/0/map1-0.2-data-2026.08.27-14.47.23.611.jpk-force-map,2026-08-27T14:47:23.611000,1,0.2,44,54.0105228597214,53.93961541595906,54.01946081245144,0.9998895686794287,500,True
27-08-26/0/map1-0.2-data-2026.08.27-14.47.23.611.jpk-force-map,2026-08-27T14:47:23.611000,1,0.2,45,53.710215682922545,53.57061406660533,53.636707292812694,0.999813939922597,502,True
27-08-26/0/map1-0.2-data-2026.08.27-14.47.23.611.jpk-force-map,2026-08-27T14:47:23.611000,1,0.2,46,54.55658776960639,54.49574578610407,54.64727339807624,0.9998426731260835,501,True
27-08-26/0/map1-0.2-data-2026.08.27-14.47.23.611.jpk-force-map,2026-08-27T14:47:23.611000,1,0.2,47,55.68624749927698,55.76581809886649,55.65382407587919,0.9999153773538794,499,True
27-08-26/0/map1-0.2-data-2026.08.27-14.47.23.611.jpk-force-map,2026-08-27T14:47:23.611000,1,0.2,48,54.0232655280798,53.908272916309286,54.17052566853604,0.9999130459899871,500,True
27-08-26/0/map1-0.2-data-2026.08.27-14.47.23.611.jpk-force-map,2026-08-27T14:47:23.611000,1,0.2,49,54.007992458033584,53.96714717914317,53.999758428253394,0.9999025430598638,501,True
27-08-26/0/map1-0.2-data-2026.08.27-14.47.23.611.jpk-force-map,2026-08-27T14:47:23.611000,1,0.2,50,54.13909083163863,54.03340894016572,54.16151440930521,0.9998715086155653,501,True
27-08-26/0/map1-0.2-data-2026.08.27-14.47.23.611.jpk-force-map,2026-08-27T14:47:23.611000,1,0.2,51,54.10344797315959,54.1076073842873,54.152230918597496,0.999864529895805,501,True
27-08-26/0/map1-0.2-data-2026.08.27-14.47.23.611.jpk-force-map,2026-08-27T14:47:23.611000,1,0.2,52,54.27204498109218,54.10938360610878,54.38750035287285,0.9998412046134865,500,True
27-08-26/0/map1-0.2-data-2026.08.27-14.47.23.611.jpk-force-map,2026-08-27T14:47:23.611000,1,0.2,53,54.13205432321069,54.059852392263736,54.17661939041264,0.999916405634731,501,True
27-08-26/0/map1-0.2-data-2026.08.27-14.47.23.611.jpk-force-map,2026-08-27T14:47:23.611000,1,0.2,54,53.92742334032674,53.96618980562334,53.97540550681415,0.9999192568206619,500,True
27-08-26/0/map1-0.2-data-2026.08.27-14.47.23.611.jpk-force-map,2026-08-27T14:47:23.611000,1,0.2,55,55.0322133721462,54.97913937116456,55.02041871713969,0.9998653263502165,501,True
27-08-26/0/map1-0.2-data-2026.08.27-14.47.23.611.jpk-force-map,2026-08-27T14:47:23.611000,1,0.2,56,53.67658744705571,53.59656117655654,53.77324574718868,0.9999257306088466,499,True
27-08-26/0/map1-0.2-data-2026.08.27-14.47.23.611.jpk-force-map,2026-08-27T14:47:23.611000,1,0.2,57,53.851956910626306,53.66986788151483,53.90781584250157,0.9998837208118804,500,True
27-08-26/0/map1-0.2-data-2026.08.27-14.47.23.611.jpk-force-map,2026-08-27T14:47:23.611000,1,0.2,58,53.703062556354524,53.58938293003641,53.749041418149865,0.999918363266992,500,True
27-08-26/0/map1-0.2-data-2026.08.27-14.47.23.611.jpk-force-map,2026-08-27T14:47:23.611000,1,0.2,59,53.94703652543841,53.90073624163782,53.98793416258741,0.9998759896073988,501,True
27-08-26/0/map1-0.2-data-2026.08.27-14.47.23.611.jpk-force-map,2026-08-27T14:47:23.611000,1,0.2,60,54.85227277896772,54.87336247773793,54.82869080560824,0.9998949399261049,500,True
27-08-26/0/map1-0.2-data-2026.08.27-14.47.23.611.jpk-force-map,2026-08-27T14:47:23.611000,1,0.2,61,53.921799723888036,53.79500229503869,54.07511184797351,0.999886965143734,501,True
27-08-26/0/map1-0.2-data-2026.08.27-14.47.23.611.jpk-force-map,2026-08-27T14:47:23.611000,1,0.2,62,53.672491852938876,53.685401897560105,53.74654268778562,0.9999072578370595,501,True
27-08-26/0/map1-0.2-data-2026.08.27-14.47.23.611.jpk-force-map,2026-08-27T14:47:23.611000,1,0.2,63,53.90253668261099,53.86615653160766,53.81608580076459,0.9999085541269906,499,True
27-08-26/0/map2-0.1-data-2026.08.27-14.58.45.160.jpk-force-map,2026-08-27T14:58:45.160000,2,0.1,0,54.144065351240926,53.986606650122404,54.21898384264037,0.9999140528061804,1000,True
27-08-26/0/map2-0.1-data-2026.08.27-14.58.45.160.jpk-force-map,2026-08-27T14:58:45.160000,2,0.1,1,54.46108046981,54.26989415556557,54.570859326792494,0.9999018373712257,1002,True
27-08-26/0/map2-0.1-data-2026.08.27-14.58.45.160.jpk-force-map,2026-08-27T14:58:45.160000,2,0.1,2,54.69610252643017,54.58107143351169,54.74382939627223,0.9998467417948846,998,True
27-08-26/0/map2-0.1-data-2026.08.27-14.58.45.160.jpk-force-map,2026-08-27T14:58:45.160000,2,0.1,3,54.54802720896167,54.455925785120066,54.70072837207819,0.9999308878714424,1000,True
27-08-26/0/map2-0.1-data-2026.08.27-14.58.45.160.jpk-force-map,2026-08-27T14:58:45.160000,2,0.1,4,54.301597558254265,54.305880649078965,54.44678953648931,0.9999252014133284,1001,True
27-08-26/0/map2-0.1-data-2026.08.27-14.58.45.160.jpk-force-map,2026-08-27T14:58:45.160000,2,0.1,5,54.56040443068126,54.42230120456247,54.65145359137319,0.9999280491694944,999,True
27-08-26/0/map2-0.1-data-2026.08.27-14.58.45.160.jpk-force-map,2026-08-27T14:58:45.160000,2,0.1,6,54.4624723473816,54.38719168545465,54.46576802148622,0.9999140918818812,1002,True
27-08-26/0/map2-0.1-data-2026.08.27-14.58.45.160.jpk-force-map,2026-08-27T14:58:45.160000,2,0.1,7,57.611910326938336,57.44798431192767,57.67484902189915,0.9999224895103964,1002,True
27-08-26/0/map2-0.1-data-2026.08.27-14.58.45.160.jpk-force-map,2026-08-27T14:58:45.160000,2,0.1,8,54.371547468599154,54.48866224122958,54.39969600773191,0.9999314387912929,1001,True
27-08-26/0/map2-0.1-data-2026.08.27-14.58.45.160.jpk-force-map,2026-08-27T14:58:45.160000,2,0.1,9,54.350015529978435,54.325595109932294,54.4449382022556,0.9999217268297474,999,True
27-08-26/0/map2-0.1-data-2026.08.27-14.58.45.160.jpk-force-map,2026-08-27T14:58:45.160000,2,0.1,10,54.370346609442365,54.38098328532994,54.43357516412503,0.9999148393757575,1000,True
27-08-26/0/map2-0.1-data-2026.08.27-14.58.45.160.jpk-force-map,2026-08-27T14:58:45.160000,2,0.1,11,54.46756876497416,54.47352478730392,54.463818912682015,0.9999160760091486,1000,True
27-08-26/0/map2-0.1-data-2026.08.27-14.58.45.160.jpk-force-map,2026-08-27T14:58:45.160000,2,0.1,12,54.97892358024216,54.772042162373474,55.02201338541034,0.9998913583090216,998,True
27-08-26/0/map2-0.1-data-2026.08.27-14.58.45.160.jpk-force-map,2026-08-27T14:58:45.160000,2,0.1,13,54.2619342730887,54.141756438050905,54.317486984439746,0.9999155152759516,998,True
27-08-26/0/map2-0.1-data-2026.08.27-14.58.45.160.jpk-force-map,2026-08-27T14:58:45.160000,2,0.1,14,54.36766419759602,54.31378419571858,54.35283001016049,0.9999091322253401,1003,True
27-08-26/0/map2-0.1-data-2026.08.27-14.58.45.160.jpk-force-map,2026-08-27T14:58:45.160000,2,0.1,15,54.47977703592802,54.42998448715737,54.52746348106604,0.9998971038916342,999,True
27-08-26/0/map2-0.1-data-2026.08.27-14.58.45.160.jpk-force-map,2026-08-27T14:58:45.160000,2,0.1,16,54.28528544495182,54.268272348604334,54.31245394919577,0.9998293457600907,1002,True
27-08-26/0/map2-0.1-data-2026.08.27-14.58.45.160.jpk-force-map,2026-08-27T14:58:45.160000,2,0.1,17,54.09544200811956,54.0497374854122,54.01488246931063,0.9999151773121991,997,True
27-08-26/0/map2-0.1-data-2026.08.27-14.58.45.160.jpk-force-map,2026-08-27T14:58:45.160000,2,0.1,18,54.60884386700806,54.5316482524207,54.640187431484364,0.999908366833051,1001,True
27-08-26/0/map2-0.1-data-2026.08.27-14.58.45.160.jpk-force-map,2026-08-27T14:58:45.160000,2,0.1,19,54.28504623119726,54.302696758525194,54.30339198915611,0.9999289541552349,1003,True
27-08-26/0/map2-0.1-data-2026.08.27-14.58.45.160.jpk-force-map,2026-08-27T14:58:45.160000,2,0.1,20,54.65106224147676,54.60095485934918,54.66532041711626,0.99990401405705,999,True
27-08-26/0/map2-0.1-data-2026.08.27-14.58.45.160.jpk-force-map,2026-08-27T14:58:45.160000,2,0.1,21,54.33017751672304,54.26443721045247,54.22627309905266,0.999899853987364,1000,True
27-08-26/0/map2-0.1-data-2026.08.27-14.58.45.160.jpk-force-map,2026-08-27T14:58:45.160000,2,0.1,22,54.558147338387535,54.716321144794904,54.49121448810188,0.9995720274034648,999,True
27-08-26/0/map2-0.1-data-2026.08.27-14.58.45.160.jpk-force-map,2026-08-27T14:58:45.160000,2,0.1,23,54.22021815914803,54.12810752115368,54.10329124810987,0.9999027486310894,999,True
27-08-26/0/map2-0.1-data-2026.08.27-14.58.45.160.jpk-force-map,2026-08-27T14:58:45.160000,2,0.1,24,54.32617651926971,54.18023071107742,54.41853035776405,0.999892311685661,1002,True
27-08-26/0/map2-0.1-data-2026.08.27-14.58.45.160.jpk-force-map,2026-08-27T14:58:45.160000,2,0.1,25,54.2025586194767,54.12637030593915,54.22991700254003,0.9999274300080426,1001,True
27-08-26/0/map2-0.1-data-2026.08.27-14.58.45.160.jpk-force-map,2026-08-27T14:58:45.160000,2,0.1,26,54.60105050941286,54.62721815032033,54.6034629526313,0.999923876364034,999,True
27-08-26/0/map2-0.1-data-2026.08.27-14.58.45.160.jpk-force-map,2026-08-27T14:58:45.160000,2,0.1,27,54.213718954618635,54.16626533820104,54.340654527774326,0.9998617617924198,1000,True
27-08-26/0/map2-0.1-data-2026.08.27-14.58.45.160.jpk-force-map,2026-08-27T14:58:45.160000,2,0.1,28,54.18624339022712,54.24522985272563,54.2635726378205,0.9998414823101662,998,True
27-08-26/0/map2-0.1-data-2026.08.27-14.58.45.160.jpk-force-map,2026-08-27T14:58:45.160000,2,0.1,29,54.46307604829864,54.60416194856729,54.53004081407903,0.9999238465165359,1000,True
27-08-26/0/map2-0.1-data-2026.08.27-14.58.45.160.jpk-force-map,2026-08-27T14:58:45.160000,2,0.1,30,54.29897725646165,54.32897907518781,54.25000238523271,0.9999229903199354,1003,True
27-08-26/0/map2-0.1-data-2026.08.27-14.58.45.160.jpk-force-map,2026-08-27T14:58:45.160000,2,0.1,31,54.50479703478276,54.57318969922258,54.47535360436642,0.9999269499141474,1000,True
27-08-26/0/map2-0.1-data-2026.08.27-14.58.45.160.jpk-force-map,2026-08-27T14:58:45.160000,2,0.1,32,54.34800613771062,54.43896624965281,54.35517004213704,0.9998777036360976,1001,True
27-08-26/0/map2-0.1-data-2026.08.27-14.58.45.160.jpk-force-map,2026-08-27T14:58:45.160000,2,0.1,33,54.20393888868734,54.155055262599795,54.212111083161965,0.9999160475474785,999,True
27-08-26/0/map2-0.1-data-2026.08.27-14.58.45.160.jpk-force-map,2026-08-27T14:58:45.160000,2,0.1,34,54.488743744400395,54.489951382292,54.53271258244833,0.9999039373431684,1002,True
27-08-26/0/map2-0.1-data-2026.08.27-14.58.45.160.jpk-force-map,2026-08-27T14:58:45.160000,2,0.1,35,54.437806176602905,54.447125365237945,54.42684542215981,0.9998469967932327,1002,True
27-08-26/0/map2-0.1-data-2026.08.27-14.58.45.160.jpk-force-map,2026-08-27T14:58:45.160000,2,0.1,36,54.2610765152836,54.278776856765056,54.21291753902632,0.9999256620487883,1001,True
27-08-26/0/map2-0.1-data-2026.08.27-14.58.45.160.jpk-force-map,2026-08-27T14:58:45.160000,2,0.1,37,54.556989621425515,54.63316353671192,54.488206549611895,0.9998651007119086,998,True
27-08-26/0/map2-0.1-data-2026.08.27-14.58.45.160.jpk-force-map,2026-08-27T14:58:45.160000,2,0.1,38,54.6479208622341,54.674660787054854,54.606854082176866,0.9999230372698227,999,True
27-08-26/0/map2-0.1-data-2026.08.27-14.58.45.160.jpk-force-map,2026-08-27T14:58:45.160000,2,0.1,39,54.22774153348593,54.25527885493535,54.171236812432845,0.9999332202173519,1000,True
27-08-26/0/map2-0.1-data-2026.08.27-14.58.45.160.jpk-force-map,2026-08-27T14:58:45.160000,2,0.1,40,54.24664780618635,54.17037207030296,54.213117609087384,0.9999217963322673,1001,True
27-08-26/0/map2-0.1-data-2026.08.27-14.58.45.160.jpk-force-map,2026-08-27T14:58:45.160000,2,0.1,41,54.644539479511536,54.62759625206928,54.62671233334086,0.9999170577126619,1001,True
27-08-26/0/map2-0.1-data-2026.08.27-14.58.45.160.jpk-force-map,2026-08-27T14:58:45.160000,2,0.1,42,54.44319975176716,54.43901971347986,54.405063777790474,0.9999242415691177,1002,True
27-08-26/0/map2-0.1-data-2026.08.27-14.58.45.160.jpk-force-map,2026-08-27T14:58:45.160000,2,0.1,43,54.55308880966675,54.386841702646514,54.51474126369104,0.9999083368427876,1002,True
27-08-26/0/map2-0.1-data-2026.08.27-14.58.45.160.jpk-force-map,2026-08-27T14:58:45.160000,2,0.1,44,54.33609140770959,54.35941253066067,54.3690126624119,0.9999278330676327,999,True
27-08-26/0/map2-0.1-data-2026.08.27-14.58.45.160.jpk-force-map,2026-08-27T14:58:45.160000,2,0.1,45,54.310964280456176,54.36785159163813,54.2873913525872,0.9999088595454252,1001,True
27-08-26/0/map2-0.1-data-2026.08.27-14.58.45.160.jpk-force-map,2026-08-27T14:58:45.160000,2,0.1,46,54.44219437428261,54.41083296884775,54.41608395456897,0.9999205138866413,1001,True
27-08-26/0/map2-0.1-data-2026.08.27-14.58.45.160.jpk-force-map,2026-08-27T14:58:45.160000,2,0.1,47,54.435695127786055,54.404394378673196,54.43209931965028,0.999905482302256,998,True
27-08-26/0/map2-0.1-data-2026.08.27-14.58.45.160.jpk-force-map,2026-08-27T14:58:45.160000,2,0.1,48,55.814713990256216,55.7823459349804,55.85340093686061,0.9999324795125336,1001,True
27-08-26/0/map2-0.1-data-2026.08.27-14.58.45.160.jpk-force-map,2026-08-27T14:58:45.160000,2,0.1,49,54.62076373710824,54.55046290850231,54.75692025881108,0.9999234601802287,999,True
27-08-26/0/map2-0.1-data-2026.08.27-14.58.45.160.jpk-force-map,2026-08-27T14:58:45.160000,2,0.1,50,54.4720328583899,54.46684823858926,54.53670805213631,0.9999160758988987,1000,True
27-08-26/0/map2-0.1-data-2026.08.27-14.58.45.160.jpk-force-map,2026-08-27T14:58:45.160000,2,0.1,51,54.27739033716483,54.42382625184498,54.34674563951144,0.9998398271693988,1002,True
27-08-26/0/map2-0.1-data-2026.08.27-14.58.45.160.jpk-force-map,2026-08-27T14:58:45.160000,2,0.1,52,54.26428196848646,54.43822151256351,54.249798794798906,0.9998840693858263,1000,True
27-08-26/0/map2-0.1-data-2026.08.27-14.58.45.160.jpk-force-map,2026-08-27T14:58:45.160000,2,0.1,53,54.56477121052857,54.590809699648595,54.577079857315795,0.9998339095042539,999,True
27-08-26/0/map2-0.1-data-2026.08.27-14.58.45.160.jpk-force-map,2026-08-27T14:58:45.160000,2,0.1,54,54.50763505790704,54.54534402976458,54.53531934199966,0.9998853887698752,1002,True
27-08-26/0/map2-0.1-data-2026.08.27-14.58.45.160.jpk-force-map,2026-08-27T14:58:45.160000,2,0.1,55,54.309643964596056,54.02143646374351,54.53414681553438,0.9997720572546055,1001,True
27-08-26/0/map2-0.1-data-2026.08.27-14.58.45.160.jpk-force-map,2026-08-27T14:58:45.160000,2,0.1,56,54.781837005590916,54.873046763730144,54.69369398277512,0.9998886938151313,1001,True
27-08-26/0/map2-0.1-data-2026.08.27-14.58.45.160.jpk-force-map,2026-08-27T14:58:45.160000,2,0.1,57,54.466461532699874,54.422296452864565,54.44178720822121,0.9998708381589415,999,True
27-08-26/0/map2-0.1-data-2026.08.27-14.58.45.160.jpk-force-map,2026-08-27T14:58:45.160000,2,0.1,58,54.4595293178777,54.72679689418273,54.38118651837479,0.9999016763799732,1000,True
27-08-26/0/map2-0.1-data-2026.08.27-14.58.45.160.jpk-force-map,2026-08-27T14:58:45.160000,2,0.1,59,54.4701250172267,54.48244239539463,54.550839869710465,0.9999279865399943,1001,True
27-08-26/0/map2-0.1-data-2026.08.27-14.58.45.160.jpk-force-map,2026-08-27T14:58:45.160000,2,0.1,60,55.79825491996361,55.86421016616059,55.83948542252258,0.9999103909297177,999,True
27-08-26/0/map2-0.1-data-2026.08.27-14.58.45.160.jpk-force-map,2026-08-27T14:58:45.160000,2,0.1,61,54.672704130376495,54.69803254494724,54.73937092900757,0.99988443990715,998,True
27-08-26/0/map2-0.1-data-2026.08.27-14.58.45.160.jpk-force-map,2026-08-27T14:58:45.160000,2,0.1,62,54.479402158121076,54.40000074688133,54.603763916248795,0.9999316490758755,1001,True
27-08-26/0/map2-0.1-data-2026.08.27-14.58.45.160.jpk-force-map,2026-08-27T14:58:45.160000,2,0.1,63,54.448111099022874,54.50246711493366,54.46743634792292,0.9998957457573433,1001,True
27-08-26/0/map2-0.05-data-2026.08.27-15.05.27.190.jpk-force-map,2026-08-27T15:05:27.190000,2,0.05,0,54.27203425576484,54.227911194606534,54.36489309611558,0.9999169248698997,1999,True
27-08-26/0/map2-0.05-data-2026.08.27-15.05.27.190.jpk-force-map,2026-08-27T15:05:27.190000,2,0.05,1,54.367276311588036,54.34753393882525,54.40342337289627,0.9998527642316394,1996,True
27-08-26/0/map2-0.05-data-2026.08.27-15.05.27.190.jpk-force-map,2026-08-27T15:05:27.190000,2,0.05,2,53.89974812909931,53.764922019837876,54.04239786414527,0.9998109432446427,2000,True
27-08-26/0/map2-0.05-data-2026.08.27-15.05.27.190.jpk-force-map,2026-08-27T15:05:27.190000,2,0.05,3,54.382140837244144,54.28202878738044,54.4688851096821,0.9999036980315282,1997,True
27-08-26/0/map2-0.05-data-2026.08.27-15.05.27.190.jpk-force-map,2026-08-27T15:05:27.190000,2,0.05,4,54.296113119662806,54.236051301112134,54.40397582527909,0.9999285927445346,2004,True
27-08-26/0/map2-0.05-data-2026.08.27-15.05.27.190.jpk-force-map,2026-08-27T15:05:27.190000,2,0.05,5,54.58476039085022,54.49215066251687,54.59925631625729,0.999884409570228,2001,True
27-08-26/0/map2-0.05-data-2026.08.27-15.05.27.190.jpk-force-map,2026-08-27T15:05:27.190000,2,0.05,6,54.65349421642122,54.67910577881504,54.699386480145584,0.9999189623042939,1999,True
27-08-26/0/map2-0.05-data-2026.08.27-15.05.27.190.jpk-force-map,2026-08-27T15:05:27.190000,2,0.05,7,57.595931663302736,57.22401888950309,57.85696602315724,0.9998803192165292,2000,True
27-08-26/0/map2-0.05-data-2026.08.27-15.05.27.190.jpk-force-map,2026-08-27T15:05:27.190000,2,0.05,8,54.55988245946569,54.496911567757024,54.669077111681695,0.9999209271885042,1998,True
27-08-26/0/map2-0.05-data-2026.08.27-15.05.27.190.jpk-force-map,2026-08-27T15:05:27.190000,2,0.05,9,54.039011333599944,54.003169626305066,54.09682037091937,0.9999125088379336,1998,True
27-08-26/0/map2-0.05-data-2026.08.27-15.05.27.190.jpk-force-map,2026-08-27T15:05:27.190000,2,0.05,10,53.71128415325671,53.70839101585075,53.695576460159,0.9997652338790414,1996,True
27-08-26/0/map2-0.05-data-2026.08.27-15.05.27.190.jpk-force-map,2026-08-27T15:05:27.190000,2,0.05,11,54.714333238732465,54.55557836980457,54.81650274568216,0.9999031901332335,1989,True
27-08-26/0/map2-0.05-data-2026.08.27-15.05.27.190.jpk-force-map,2026-08-27T15:05:27.190000,2,0.05,12,54.481976807623305,54.41555467296965,54.66453313773057,0.9998630301394144,2000,True
27-08-26/0/map2-0.05-data-2026.08.27-15.05.27.190.jpk-force-map,2026-08-27T15:05:27.190000,2,0.05,13,54.02054437045655,54.042833706175415,54.175116589266494,0.9998850540865077,2004,True
27-08-26/0/map2-0.05-data-2026.08.27-15.05.27.190.jpk-force-map,2026-08-27T15:05:27.190000,2,0.05,14,54.17151602994719,54.070771665510996,54.27886440389435,0.9998996701144595,1999,True
27-08-26/0/map2-0.05-data-2026.08.27-15.05.27.190.jpk-force-map,2026-08-27T15:05:27.190000,2,0.05,15,54.29373886947349,54.277497105941436,54.37499925071019,0.9998365580760936,2000,True
27-08-26/0/map2-0.05-data-2026.08.27-15.05.27.190.jpk-force-map,2026-08-27T15:05:27.190000,2,0.05,16,54.41167160038237,54.31129726876035,54.47580775614133,0.9998772015316231,2000,True
27-08-26/0/map2-0.05-data-2026.08.27-15.05.27.190.jpk-force-map,2026-08-27T15:05:27.190000,2,0.05,17,54.44631098015915,54.4808999944189,54.4562109849749,0.999901945342087,1999,True
27-08-26/0/map2-0.05-data-2026.08.27-15.05.27.190.jpk-force-map,2026-08-27T15:05:27.190000,2,0.05,18,54.33660147644547,54.25108295434225,54.43918735771713,0.9998860836644788,2003,True
27-08-26/0/map2-0.05-data-2026.08.27-15.05.27.190.jpk-force-map,2026-08-27T15:05:27.190000,2,0.05,19,54.397401974243984,54.31348983578393,54.460936412937805,0.9999131134065621,1993,True
27-08-26/0/map2-0.05-data-2026.08.27-15.05.27.190.jpk-force-map,2026-08-27T15:05:27.190000,2,0.05,20,54.55699825503006,54.47042822328443,54.664143497280044,0.9999301103454522,1996,True
27-08-26/0/map2-0.05-data-2026.08.27-15.05.27.190.jpk-force-map,2026-08-27T15:05:27.190000,2,0.05,21,54.21543249303702,54.185658964028256,54.276757127789445,0.9998826863275887,1995,True
27-08-26/0/map2-0.05-data-2026.08.27-15.05.27.190.jpk-force-map,2026-08-27T15:05:27.190000,2,0.05,22,54.36092866261957,54.24588905611377,54.44657310578126,0.9998933755362212,2002,True
27-08-26/0/map2-0.05-data-2026.08.27-15.05.27.190.jpk-force-map,2026-08-27T15:05:27.190000,2,0.05,23,54.34586159937141,54.34517591650092,54.450306933170346,0.9999119878874709,2002,True
27-08-26/0/map2-0.05-data-2026.08.27-15.05.27.190.jpk-force-map,2026-08-27T15:05:27.190000,2,0.05,24,54.59863087358803,54.54465450451362,54.69364227215387,0.9998635500417768,1998,True
27-08-26/0/map2-0.05-data-2026.08.27-15.05.27.190.jpk-force-map,2026-08-27T15:05:27.190000,2,0.05,25,54.36193655941646,54.34113726681372,54.40147236145286,0.9998949159633534,2002,True
27-08-26/0/map2-0.05-data-2026.08.27-15.05.27.190.jpk-force-map,2026-08-27T15:05:27.190000,2,0.05,26,54.52326990345353,54.473585916603405,54.62425447336884,0.999908980815464,1998,True
27-08-26/0/map2-0.05-data-2026.08.27-15.05.27.190.jpk-force-map,2026-08-27T15:05:27.190000,2,0.05,27,54.27263292838949,54.26486126773009,54.34978857022533,0.9998513068181129,1998,True
27-08-26/0/map2-0.05-data-2026.08.27-15.05.27.190.jpk-force-map,2026-08-27T15:05:27.190000,2,0.05,28,54.62724726432956,54.505054284684896,54.67063409103384,0.9998390511907962,1997,True
27-08-26/0/map2-0.05-data-2026.08.27-15.05.27.190.jpk-force-map,2026-08-27T15:05:27.190000,2,0.05,29,54.1115433403188,54.106186346667414,54.179234503354266,0.999908765332459,2000,True
27-08-26/0/map2-0.05-data-2026.08.27-15.05.27.190.jpk-force-map,2026-08-27T15:05:27.190000,2,0.05,30,54.41742859000318,54.315108930717045,54.457577504157925,0.9999084128505515,1997,True
27-08-26/0/map2-0.05-data-2026.08.27-15.05.27.190.jpk-force-map,2026-08-27T15:05:27.190000,2,0.05,31,54.31173132373014,54.20036273320749,54.32393603351907,0.9998941012389371,2001,True
27-08-26/0/map2-0.05-data-2026.08.27-15.05.27.190.jpk-force-map,2026-08-27T15:05:27.190000,2,0.05,32,54.33352414925506,54.290968133476945,54.3556921787692,0.9998917831937134,1998,True
27-08-26/0/map2-0.05-data-2026.08.27-15.05.27.190.jpk-force-map,2026-08-27T15:05:27.190000,2,0.05,33,54.18931242703714,54.05252729655856,54.242099524772534,0.9998332198673275,2005,True
27-08-26/0/map2-0.05-data-2026.08.27-15.05.27.190.jpk-force-map,2026-08-27T15:05:27.190000,2,0.05,34,54.82243311519966,54.84082012815722,54.826653598360565,0.9998926010895949,1998,True
27-08-26/0/map2-0.05-data-2026.08.27-15.05.27.190.jpk-force-map,2026-08-27T15:05:27.190000,2,0.05,35,54.54478609180221,54.48449357633583,54.639970935018944,0.9998816452241637,1996,True
27-08-26/0/map2-0.05-data-2026.08.27-15.05.27.190.jpk-force-map,2026-08-27T15:05:27.190000,2,0.05,36,54.282876185275384,54.27132874317226,54.38266830535654,0.9999216981950357,2000,True
27-08-26/0/map2-0.05-data-2026.08.27-15.05.27.190.jpk-force-map,2026-08-27T15:05:27.190000,2,0.05,37,54.10711665171237,53.98351859321546,54.22826536376243,0.9998295186069817,1999,True
27-08-26/0/map2-0.05-data-2026.08.27-15.05.27.190.jpk-force-map,2026-08-27T15:05:27.190000,2,0.05,38,54.30483854298927,54.275543369954995,54.29610374839279,0.9998561729675597,1997,True
27-08-26/0/map2-0.05-data-2026.08.27-15.05.27.190.jpk-force-map,2026-08-27T15:05:27.190000,2,0.05,39,54.49281946274677,54.54518440451595,54.53780042777493,0.9997598169639866,2001,True
27-08-26/0/map2-0.05-data-2026.08.27-15.05.27.190.jpk-force-map,2026-08-27T15:05:27.190000,2,0.05,40,54.35230357711559,54.29110927859592,54.45168357642509,0.999775034158848,2003,True
27-08-26/0/map2-0.05-data-2026.08.27-15.05.27.190.jpk-force-map,2026-08-27T15:05:27.190000,2,0.05,41,54.084693291795936,54.13341715931931,54.100218681439884,0.9998759542867333,1994,True
27-08-26/0/map2-0.05-data-2026.08.27-15.05.27.190.jpk-force-map,2026-08-27T15:05:27.190000,2,0.05,42,54.522039102903356,54.45533473056645,54.60533306179188,0.9999234021983209,1996,True
27-08-26/0/map2-0.05-data-2026.08.27-15.05.27.190.jpk-force-map,2026-08-27T15:05:27.190000,2,0.05,43,54.43906051798407,54.44037307905379,54.48052598870137,0.9999062392992234,2000,True
27-08-26/0/map2-0.05-data-2026.08.27-15.05.27.190.jpk-force-map,2026-08-27T15:05:27.190000,2,0.05,44,54.33096451645619,54.18276911272878,54.434525619228225,0.9999188726903953,1995,True
27-08-26/0/map2-0.05-data-2026.08.27-15.05.27.190.jpk-force-map,2026-08-27T15:05:27.190000,2,0.05,45,54.62497499404583,54.42416511452889,54.67307909924727,0.9998818392187077,1995,True
27-08-26/0/map2-0.05-data-2026.08.27-15.05.27.190.jpk-force-map,2026-08-27T15:05:27.190000,2,0.05,46,54.44938149178083,54.36305618985464,54.51133201874776,0.9998994013882047,1998,True
27-08-26/0/map2-0.05-data-2026.08.27-15.05.27.190.jpk-force-map,2026-08-27T15:05:27.190000,2,0.05,47,54.10035955951725,54.0692640172212,54.188118905381124,0.9997839319415952,2000,True
27-08-26/0/map2-0.05-data-2026.08.27-15.05.27.190.jpk-force-map,2026-08-27T15:05:27.190000,2,0.05,48,55.2801787239927,55.15768086467806,55.432247168417966,0.9999141467005668,1998,True
27-08-26/0/map2-0.05-data-2026.08.27-15.05.27.190.jpk-force-map,2026-08-27T15:05:27.190000,2,0.05,49,55.009817236563556,54.86142426560472,55.12146641389329,0.9999260856263352,2000,True
27-08-26/0/map2-0.05-data-2026.08.27-15.05.27.190.jpk-force-map,2026-08-27T15:05:27.190000,2,0.05,50,54.893225761624336,54.82797006715712,55.04132789812187,0.9999091519359914,2002,True
27-08-26/0/map2-0.05-data-2026.08.27-15.05.27.190.jpk-force-map,2026-08-27T15:05:27.190000,2,0.05,51,54.477794384917004,54.36251890238337,54.53218684182639,0.9998519897054077,2000,True
27-08-26/0/map2-0.05-data-2026.08.27-15.05.27.190.jpk-force-map,2026-08-27T15:05:27.190000,2,0.05,52,54.3223547207528,54.28210616732984,54.41007681973585,0.9999318206905156,1997,True
27-08-26/0/map2-0.05-data-2026.08.27-15.05.27.190.jpk-force-map,2026-08-27T15:05:27.190000,2,0.05,53,55.11065693430032,55.045182114271526,55.211279047664675,0.9999107724990423,2002,True
27-08-26/0/map2-0.05-data-2026.08.27-15.05.27.190.jpk-force-map,2026-08-27T15:05:27.190000,2,0.05,54,54.351908956334036,54.34546599599593,54.45997711607348,0.999932796306187,1997,True
27-08-26/0/map2-0.05-data-2026.08.27-15.05.27.190.jpk-force-map,2026-08-27T15:05:27.190000,2,0.05,55,55.45083393774307,55.51106388644744,55.69583392341326,0.9998579942651488,2002,True
27-08-26/0/map2-0.05-data-2026.08.27-15.05.27.190.jpk-force-map,2026-08-27T15:05:27.190000,2,0.05,56,54.172525242668975,53.955843351585536,54.292650219375744,0.9997784912315636,1996,True
27-08-26/0/map2-0.05-data-2026.08.27-15.05.27.190.jpk-force-map,2026-08-27T15:05:27.190000,2,0.05,57,54.39752534196313,54.27476576372816,54.582949731172825,0.9998909444495497,1997,True
27-08-26/0/map2-0.05-data-2026.08.27-15.05.27.190.jpk-force-map,2026-08-27T15:05:27.190000,2,0.05,58,54.45317757579285,54.3859708085552,54.63327244049447,0.9998940527829543,1997,True
27-08-26/0/map2-0.05-data-2026.08.27-15.05.27.190.jpk-force-map,2026-08-27T15:05:27.190000,2,0.05,59,55.40817659331606,55.345088738272615,55.43491800293123,0.9997946792696003,1997,True
27-08-26/0/map2-0.05-data-2026.08.27-15.05.27.190.jpk-force-map,2026-08-27T15:05:27.190000,2,0.05,60,55.33170386694128,55.465661435092294,55.171068615723655,0.9998489656368169,1999,True
27-08-26/0/map2-0.05-data-2026.08.27-15.05.27.190.jpk-force-map,2026-08-27T15:05:27.190000,2,0.05,61,54.26180121538144,54.18561756561102,54.35789577364897,0.9998976604195684,1991,True
27-08-26/0/map2-0.05-data-2026.08.27-15.05.27.190.jpk-force-map,2026-08-27T15:05:27.190000,2,0.05,62,54.42194349416378,54.27958267700717,54.50483106278918,0.9997461517412878,1999,True
27-08-26/0/map2-0.05-data-2026.08.27-15.05.27.190.jpk-force-map,2026-08-27T15:05:27.190000,2,0.05,63,54.45198575260535,54.48517001768082,54.40669163269007,0.9998591015968967,1997,True
27-08-26/0/map2-0.2-data-2026.08.27-15.16.41.656.jpk-force-map,2026-08-27T15:16:41.656000,2,0.2,0,54.56724331632063,54.50707322088917,54.53986701538711,0.9999347998865645,502,True
27-08-26/0/map2-0.2-data-2026.08.27-15.16.41.656.jpk-force-map,2026-08-27T15:16:41.656000,2,0.2,1,54.81120546674978,54.83609648900641,54.85013027529311,0.9998669198907456,499,True
27-08-26/0/map2-0.2-data-2026.08.27-15.16.41.656.jpk-force-map,2026-08-27T15:16:41.656000,2,0.2,2,54.081797016947874,54.093271365205275,54.043334969891376,0.9999288028672592,501,True
27-08-26/0/map2-0.2-data-2026.08.27-15.16.41.656.jpk-force-map,2026-08-27T15:16:41.656000,2,0.2,3,54.5311370145576,54.45094006944834,54.598862417361964,0.9999506510698593,502,True
27-08-26/0/map2-0.2-data-2026.08.27-15.16.41.656.jpk-force-map,2026-08-27T15:16:41.656000,2,0.2,4,54.754797207493695,54.76822874921953,54.73026255597628,0.9999256433392568,500,True
27-08-26/0/map2-0.2-data-2026.08.27-15.16.41.656.jpk-force-map,2026-08-27T15:16:41.656000,2,0.2,5,54.58171499075351,54.436335784730076,54.89783717626803,0.9999136259804359,500,True
27-08-26/0/map2-0.2-data-2026.08.27-15.16.41.656.jpk-force-map,2026-08-27T15:16:41.656000,2,0.2,6,54.49518038991645,54.10087887310735,54.65341257898582,0.9998048168177346,500,True
27-08-26/0/map2-0.2-data-2026.08.27-15.16.41.656.jpk-force-map,2026-08-27T15:16:41.656000,2,0.2,7,56.96925941979406,56.70640911200297,57.23041759920114,0.9999385232898143,501,True
27-08-26/0/map2-0.2-data-2026.08.27-15.16.41.656.jpk-force-map,2026-08-27T15:16:41.656000,2,0.2,8,54.75511075887796,54.75282794791979,54.84506110590281,0.999928526598659,501,True
27-08-26/0/map2-0.2-data-2026.08.27-15.16.41.656.jpk-force-map,2026-08-27T15:16:41.656000,2,0.2,9,54.43512841608517,54.39556984375196,54.40367749573288,0.9999337211031776,501,True
27-08-26/0/map2-0.2-data-2026.08.27-15.16.41.656.jpk-force-map,2026-08-27T15:16:41.656000,2,0.2,10,54.57903408884764,54.68343664171487,54.513783291514216,0.9999263923641175,501,True
27-08-26/0/map2-0.2-data-2026.08.27-15.16.41.656.jpk-force-map,2026-08-27T15:16:41.656000,2,0.2,11,54.55756456302773,54.54553567417364,54.59679965920297,0.9999166935139139,500,True
27-08-26/0/map2-0.2-data-2026.08.27-15.16.41.656.jpk-force-map,2026-08-27T15:16:41.656000,2,0.2,12,54.58217449575608,54.559162655984515,54.72410401191804,0.9999286100376611,500,True
27-08-26/0/map2-0.2-data-2026.08.27-15.16.41.656.jpk-force-map,2026-08-27T15:16:41.656000,2,0.2,13,54.955511742940615,54.86198596174323,55.06839386771271,0.9999341323684069,500,True
27-08-26/0/map2-0.2-data-2026.08.27-15.16.41.656.jpk-force-map,2026-08-27T15:16:41.656000,2,0.2,14,54.483318000148344,54.39889777523544,54.59906879277435,0.9999372363343481,501,True
27-08-26/0/map2-0.2-data-2026.08.27-15.16.41.656.jpk-force-map,2026-08-27T15:16:41.656000,2,0.2,15,54.52104539961505,54.54473418697479,54.605949305435054,0.9999134377162886,501,True
27-08-26/0/map2-0.2-data-2026.08.27-15.16.41.656.jpk-force-map,2026-08-27T15:16:41.656000,2,0.2,16,54.63077048557946,54.51689516341327,54.77001865773851,0.9999284097671102,502,True
27-08-26/0/map2-0.2-data-2026.08.27-15.16.41.656.jpk-force-map,2026-08-27T15:16:41.656000,2,0.2,17,54.871805673574016,54.94025336043751,54.8861506938902,0.9999328678416596,501,True
27-08-26/0/map2-0.2-data-2026.08.27-15.16.41.656.jpk-force-map,2026-08-27T15:16:41.656000,2,0.2,18,54.33250473371651,54.23473745506412,54.446530648938634,0.9999338531794439,500,True
27-08-26/0/map2-0.2-data-2026.08.27-15.16.41.656.jpk-force-map,2026-08-27T15:16:41.656000,2,0.2,19,54.46782073422321,54.334838939470885,54.483410279602126,0.9999161568436946,502,True
27-08-26/0/map2-0.2-data-2026.08.27-15.16.41.656.jpk-force-map,2026-08-27T15:16:41.656000,2,0.2,20,54.6345496845935,54.57682408951649,54.739257938270356,0.9999327830168557,501,True
27-08-26/0/map2-0.2-data-2026.08.27-15.16.41.656.jpk-force-map,2026-08-27T15:16:41.656000,2,0.2,21,54.643509728448386,54.77688805048485,54.59367510353806,0.9999094945416872,500,True
27-08-26/0/map2-0.2-data-2026.08.27-15.16.41.656.jpk-force-map,2026-08-27T15:16:41.656000,2,0.2,22,54.50506607421834,54.48797580216023,54.58925055519043,0.9999381336102026,500,True
27-08-26/0/map2-0.2-data-2026.08.27-15.16.41.656.jpk-force-map,2026-08-27T15:16:41.656000,2,0.2,23,54.55414698193191,54.48989441183574,54.75780643273082,0.999935999259029,500,True
27-08-26/0/map2-0.2-data-2026.08.27-15.16.41.656.jpk-force-map,2026-08-27T15:16:41.656000,2,0.2,24,54.68620071385503,54.66673442551825,54.73698248321764,0.9998998350902916,501,True
27-08-26/0/map2-0.2-data-2026.08.27-15.16.41.656.jpk-force-map,2026-08-27T15:16:41.656000,2,0.2,25,54.50035229637491,54.297805643011394,54.694526262483976,0.9998977233097903,501,True
27-08-26/0/map2-0.2-data-2026.08.27-15.16.41.656.jpk-force-map,2026-08-27T15:16:41.656000,2,0.2,26,54.728354731662236,54.74946318832675,54.8975073467451,0.9999178772385098,500,True
27-08-26/0/map2-0.2-data-2026.08.27-15.16.41.656.jpk-force-map,2026-08-27T15:16:41.656000,2,0.2,27,54.467922221531616,54.45004244984501,54.555782886665526,0.9998793150556425,500,True
27-08-26/0/map2-0.2-data-2026.08.27-15.16.41.656.jpk-force-map,2026-08-27T15:16:41.656000,2,0.2,28,54.73152745210248,54.61351670726895,54.86516385566736,0.9999262385677411,501,True
27-08-26/0/map2-0.2-data-2026.08.27-15.16.41.656.jpk-force-map,2026-08-27T15:16:41.656000,2,0.2,29,54.66203735232795,54.58080166751695,54.697082499813696,0.9999478185662785,501,True
27-08-26/0/map2-0.2-data-2026.08.27-15.16.41.656.jpk-force-map,2026-08-27T15:16:41.656000,2,0.2,30,54.35253312941941,54.29534944544165,54.381922230580834,0.9999340956234503,499,True
27-08-26/0/map2-0.2-data-2026.08.27-15.16.41.656.jpk-force-map,2026-08-27T15:16:41.656000,2,0.2,31,54.58550843623054,54.37920574408222,54.68924413272213,0.9999263573450101,499,True
27-08-26/0/map2-0.2-data-2026.08.27-15.16.41.656.jpk-force-map,2026-08-27T15:16:41.656000,2,0.2,32,54.55743334134488,54.47868423495905,54.627093239002235,0.9998959208438277,501,True
27-08-26/0/map2-0.2-data-2026.08.27-15.16.41.656.jpk-force-map,2026-08-27T15:16:41.656000,2,0.2,33,54.45958624822819,54.39883768082772,54.450267849593935,0.9998876395970732,500,True
27-08-26/0/map2-0.2-data-2026.08.27-15.16.41.656.jpk-force-map,2026-08-27T15:16:41.656000,2,0.2,34,54.639508223429345,54.54757644857058,54.746975550783816,0.9999134648864307,501,True
27-08-26/0/map2-0.2-data-2026.08.27-15.16.41.656.jpk-force-map,2026-08-27T15:16:41.656000,2,0.2,35,54.522723243219424,54.200575923919246,54.70676568209232,0.9998667358920811,501,True
27-08-26/0/map2-0.2-data-2026.08.27-15.16.41.656.jpk-force-map,2026-08-27T15:16:41.656000,2,0.2,36,54.63158728184428,54.500237612648625,54.790825252105314,0.9999464052776307,501,True
27-08-26/0/map2-0.2-data-2026.08.27-15.16.41.656.jpk-force-map,2026-08-27T15:16:41.656000,2,0.2,37,54.61999113867887,54.61812484278325,54.64200868990178,0.9999302163358151,501,True
27-08-26/0/map2-0.2-data-2026.08.27-15.16.41.656.jpk-force-map,2026-08-27T15:16:41.656000,2,0.2,38,54.33267046628379,54.28464589126115,54.439232209634355,0.9999294974760058,501,True
27-08-26/0/map2-0.2-data-2026.08.27-15.16.41.656.jpk-force-map,2026-08-27T15:16:41.656000,2,0.2,39,54.66603469521141,54.49509141394772,54.777902477465915,0.9999441788823797,502,True
27-08-26/0/map2-0.2-data-2026.08.27-15.16.41.656.jpk-force-map,2026-08-27T15:16:41.656000,2,0.2,40,54.32385306797196,54.362045215331925,54.36607450883051,0.9999482439591159,501,True
27-08-26/0/map2-0.2-data-2026.08.27-15.16.41.656.jpk-force-map,2026-08-27T15:16:41.656000,2,0.2,41,54.58601258401582,54.496800289364565,54.65131278392925,0.9999202522672667,501,True
27-08-26/0/map2-0.2-data-2026.08.27-15.16.41.656.jpk-force-map,2026-08-27T15:16:41.656000,2,0.2,42,54.59720584508742,54.52308059870055,54.58984613998088,0.9999319851357775,500,True
27-08-26/0/map2-0.2-data-2026.08.27-15.16.41.656.jpk-force-map,2026-08-27T15:16:41.656000,2,0.2,43,54.627258085164435,54.47140238406864,54.79626298283276,0.9999366444123866,501,True
27-08-26/0/map2-0.2-data-2026.08.27-15.16.41.656.jpk-force-map,2026-08-27T15:16:41.656000,2,0.2,44,54.40115878654766,54.169279852032965,54.53170954541738,0.9999296671080585,500,True
27-08-26/0/map2-0.2-data-2026.08.27-15.16.41.656.jpk-force-map,2026-08-27T15:16:41.656000,2,0.2,45,54.59522117541558,54.53246385010048,54.70972832867485,0.9999436316337238,499,True
27-08-26/0/map2-0.2-data-2026.08.27-15.16.41.656.jpk-force-map,2026-08-27T15:16:41.656000,2,0.2,46,54.48699519139903,54.40183358448093,54.536914917004054,0.9999378986655852,500,True
27-08-26/0/map2-0.2-data-2026.08.27-15.16.41.656.jpk-force-map,2026-08-27T15:16:41.656000,2,0.2,47,54.440307149350375,54.44683766844535,54.47565183530888,0.9999269735687785,501,True
27-08-26/0/map2-0.2-data-2026.08.27-15.16.41.656.jpk-force-map,2026-08-27T15:16:41.656000,2,0.2,48,56.40300097642604,56.256814440867416,56.48126825541505,0.9999267292523151,500,True
27-08-26/0/map2-0.2-data-2026.08.27-15.16.41.656.jpk-force-map,2026-08-27T15:16:41.656000,2,0.2,49,54.71749283146821,54.54008681126987,54.8593152974504,0.9999432578545836,500,True
27-08-26/0/map2-0.2-data-2026.08.27-15.16.41.656.jpk-force-map,2026-08-27T15:16:41.656000,2,0.2,50,55.01713366382069,54.964499284497855,55.069450517564185,0.9999365545095485,501,True
27-08-26/0/map2-0.2-data-2026.08.27-15.16.41.656.jpk-force-map,2026-08-27T15:16:41.656000,2,0.2,51,54.41433958872894,54.3260228621574,54.470250047107484,0.9999149602011627,502,True
27-08-26/0/map2-0.2-data-2026.08.27-15.16.41.656.jpk-force-map,2026-08-27T15:16:41.656000,2,0.2,52,54.34597075808483,54.273638392019784,54.36831380277009,0.9999338284010754,499,True
27-08-26/0/map2-0.2-data-2026.08.27-15.16.41.656.jpk-force-map,2026-08-27T15:16:41.656000,2,0.2,53,54.71122510812159,54.59366239965739,54.86941468027229,0.9999337936805268,500,True
27-08-26/0/map2-0.2-data-2026.08.27-15.16.41.656.jpk-force-map,2026-08-27T15:16:41.656000,2,0.2,54,54.377664303021994,54.14320856034385,54.53636568248673,0.9999207040609972,500,True
27-08-26/0/map2-0.2-data-2026.08.27-15.16.41.656.jpk-force-map,2026-08-27T15:16:41.656000,2,0.2,55,55.000489119775104,55.27644591989687,54.83138969825623,0.9998809724719756,500,True
27-08-26/0/map2-0.2-data-2026.08.27-15.16.41.656.jpk-force-map,2026-08-27T15:16:41.656000,2,0.2,56,54.22497447742056,54.14910931903516,54.28229814419815,0.9999360999001861,502,True
27-08-26/0/map2-0.2-data-2026.08.27-15.16.41.656.jpk-force-map,2026-08-27T15:16:41.656000,2,0.2,57,54.39689681276279,54.22946586973649,54.623626154197,0.9999078919155882,501,True
27-08-26/0/map2-0.2-data-2026.08.27-15.16.41.656.jpk-force-map,2026-08-27T15:16:41.656000,2,0.2,58,54.17247425451822,54.03925907018013,54.26696958782606,0.9999148046973422,501,True
27-08-26/0/map2-0.2-data-2026.08.27-15.16.41.656.jpk-force-map,2026-08-27T15:16:41.656000,2,0.2,59,54.8070080650225,54.589979487432245,54.92435575932007,0.9999291817654309,499,True
27-08-26/0/map2-0.2-data-2026.08.27-15.16.41.656.jpk-force-map,2026-08-27T15:16:41.656000,2,0.2,60,56.09739073317487,56.08810887976341,56.060282534725594,0.999808832259397,500,True
27-08-26/0/map2-0.2-data-2026.08.27-15.16.41.656.jpk-force-map,2026-08-27T15:16:41.656000,2,0.2,61,54.34778690353562,54.34733866384473,54.40136318981634,0.9999295115650911,499,True
27-08-26/0/map2-0.2-data-2026.08.27-15.16.41.656.jpk-force-map,2026-08-27T15:16:41.656000,2,0.2,62,54.67613207151445,54.64040039121796,54.715964729650814,0.9999440316976705,501,True
27-08-26/0/map2-0.2-data-2026.08.27-15.16.41.656.jpk-force-map,2026-08-27T15:16:41.656000,2,0.2,63,54.697776249412975,54.71673227846379,54.69862952558115,0.9999247841991696,502,True
27-08-26/0/map2-0.2-data-2026.08.27-15.20.44.298.jpk-force-map,2026-08-27T15:20:44.298000,2,0.2,0,54.48059679944099,54.37091781210687,54.51214651487164,0.9999389748265844,498,True
27-08-26/0/map2-0.2-data-2026.08.27-15.20.44.298.jpk-force-map,2026-08-27T15:20:44.298000,2,0.2,1,54.75316437766679,54.57928466784848,54.71909292429096,0.9998934509118529,501,True
27-08-26/0/map2-0.2-data-2026.08.27-15.20.44.298.jpk-force-map,2026-08-27T15:20:44.298000,2,0.2,2,54.183116458239844,54.25290345819993,54.23515261663712,0.9997317790361785,501,True
27-08-26/0/map2-0.2-data-2026.08.27-15.20.44.298.jpk-force-map,2026-08-27T15:20:44.298000,2,0.2,3,54.404444717672476,54.34142228825683,54.45826722478795,0.999939866168645,500,True
27-08-26/0/map2-0.2-data-2026.08.27-15.20.44.298.jpk-force-map,2026-08-27T15:20:44.298000,2,0.2,4,54.91518820179524,54.97582886877938,54.91740906650982,0.9999298573925659,501,True
27-08-26/0/map2-0.2-data-2026.08.27-15.20.44.298.jpk-force-map,2026-08-27T15:20:44.298000,2,0.2,5,54.76029632462087,54.73373531496639,54.76904316384267,0.9999057185587952,501,True
27-08-26/0/map2-0.2-data-2026.08.27-15.20.44.298.jpk-force-map,2026-08-27T15:20:44.298000,2,0.2,6,54.36082490868366,54.43737322263984,54.31632721108819,0.9999208600244345,501,True
27-08-26/0/map2-0.2-data-2026.08.27-15.20.44.298.jpk-force-map,2026-08-27T15:20:44.298000,2,0.2,7,57.966932743995486,57.84210232718008,58.081929431748655,0.9999573577654437,500,True
27-08-26/0/map2-0.2-data-2026.08.27-15.20.44.298.jpk-force-map,2026-08-27T15:20:44.298000,2,0.2,8,54.917124810531966,54.81476643679981,54.96094074314064,0.9999407036991989,502,True
27-08-26/0/map2-0.2-data-2026.08.27-15.20.44.298.jpk-force-map,2026-08-27T15:20:44.298000,2,0.2,9,54.6002135116329,54.548959377699475,54.63201617223848,0.9999232034511193,501,True
27-08-26/0/map2-0.2-data-2026.08.27-15.20.44.298.jpk-force-map,2026-08-27T15:20:44.298000,2,0.2,10,54.49872370338643,54.404950303630315,54.56810391249512,0.9999221766301998,501,True
27-08-26/0/map2-0.2-data-2026.08.27-15.20.44.298.jpk-force-map,2026-08-27T15:20:44.298000,2,0.2,11,54.70105527290507,54.735837603575995,54.699660121392434,0.999915173807566,499,True
27-08-26/0/map2-0.2-data-2026.08.27-15.20.44.298.jpk-force-map,2026-08-27T15:20:44.298000,2,0.2,12,54.60522975770479,54.446259533179784,54.72034907830809,0.999934481587292,499,True
27-08-26/0/map2-0.2-data-2026.08.27-15.20.44.298.jpk-force-map,2026-08-27T15:20:44.298000,2,0.2,13,54.909696172700606,54.86255579847914,54.991584983944094,0.9999297857650185,500,True
27-08-26/0/map2-0.2-data-2026.08.27-15.20.44.298.jpk-force-map,2026-08-27T15:20:44.298000,2,0.2,14,54.37588922420745,54.34304653793394,54.43033602226158,0.999915035639567,501,True
27-08-26/0/map2-0.2-data-2026.08.27-15.20.44.298.jpk-force-map,2026-08-27T15:20:44.298000,2,0.2,15,54.5741722713052,54.595109916621354,54.683017897094956,0.9999240197267076,500,True
27-08-26/0/map2-0.2-data-2026.08.27-15.20.44.298.jpk-force-map,2026-08-27T15:20:44.298000,2,0.2,16,54.41809483788976,54.33167121046118,54.52212770896343,0.9999373723282261,500,True
27-08-26/0/map2-0.2-data-2026.08.27-15.20.44.298.jpk-force-map,2026-08-27T15:20:44.298000,2,0.2,17,54.62033423428732,54.6282135366295,54.67491236339957,0.9999380983253492,500,True
27-08-26/0/map2-0.2-data-2026.08.27-15.20.44.298.jpk-force-map,2026-08-27T15:20:44.298000,2,0.2,18,54.41136929338653,54.37803988429969,54.38754842745325,0.999912732948577,500,True
27-08-26/0/map2-0.2-data-2026.08.27-15.20.44.298.jpk-force-map,2026-08-27T15:20:44.298000,2,0.2,19,54.65516085474973,54.712878170788734,54.6296642108861,0.9999046149984311,500,True
27-08-26/0/map2-0.2-data-2026.08.27-15.20.44.298.jpk-force-map,2026-08-27T15:20:44.298000,2,0.2,20,54.54744473647618,54.56907683834584,54.529959866685275,0.9999392302232857,500,True
27-08-26/0/map2-0.2-data-2026.08.27-15.20.44.298.jpk-force-map,2026-08-27T15:20:44.298000,2,0.2,21,54.564323266555895,54.53931607141329,54.60756387700272,0.9999219531874955,500,True
27-08-26/0/map2-0.2-data-2026.08.27-15.20.44.298.jpk-force-map,2026-08-27T15:20:44.298000,2,0.2,22,54.571813284870025,54.434212461786835,54.65551860319805,0.9999393954705216,500,True
27-08-26/0/map2-0.2-data-2026.08.27-15.20.44.298.jpk-force-map,2026-08-27T15:20:44.298000,2,0.2,23,54.564204971471504,54.46092629932826,54.65247531163871,0.9999479315493228,500,True
27-08-26/0/map2-0.2-data-2026.08.27-15.20.44.298.jpk-force-map,2026-08-27T15:20:44.298000,2,0.2,24,54.842502370038986,54.74265273911924,54.91132068352639,0.9998024192127898,500,True
27-08-26/0/map2-0.2-data-2026.08.27-15.20.44.298.jpk-force-map,2026-08-27T15:20:44.298000,2,0.2,25,54.46435815472355,54.452786053936364,54.54754864575583,0.9999490084682005,501,True
27-08-26/0/map2-0.2-data-2026.08.27-15.20.44.298.jpk-force-map,2026-08-27T15:20:44.298000,2,0.2,26,54.831156242403196,54.74080802490959,54.89070258828084,0.9999254449377694,500,True
27-08-26/0/map2-0.2-data-2026.08.27-15.20.44.298.jpk-force-map,2026-08-27T15:20:44.298000,2,0.2,27,54.47478586836125,54.40175061159854,54.49959439261846,0.9999084601097991,501,True
27-08-26/0/map2-0.2-data-2026.08.27-15.20.44.298.jpk-force-map,2026-08-27T15:20:44.298000,2,0.2,28,54.71238640692139,54.64657625389326,54.78662709237329,0.9999246866250234,500,True
27-08-26/0/map2-0.2-data-2026.08.27-15.20.44.298.jpk-force-map,2026-08-27T15:20:44.298000,2,0.2,29,54.67386213340041,54.571938967330354,54.72093984695654,0.999939335574847,501,True
27-08-26/0/map2-0.2-data-2026.08.27-15.20.44.298.jpk-force-map,2026-08-27T15:20:44.298000,2,0.2,30,54.38595425262722,54.41383462092104,54.45348846348004,0.9999356221733813,501,True
27-08-26/0/map2-0.2-data-2026.08.27-15.20.44.298.jpk-force-map,2026-08-27T15:20:44.298000,2,0.2,31,54.45915711151529,54.55293023113803,54.46958003583711,0.9999235500633206,501,True
27-08-26/0/map2-0.2-data-2026.08.27-15.20.44.298.jpk-force-map,2026-08-27T15:20:44.298000,2,0.2,32,54.55207424828779,54.49035804687703,54.628067345867485,0.9999348417464721,501,True
27-08-26/0/map2-0.2-data-2026.08.27-15.20.44.298.jpk-force-map,2026-08-27T15:20:44.298000,2,0.2,33,54.58573766636814,54.72631140489189,54.561771946127564,0.9999208830713519,500,True
27-08-26/0/map2-0.2-data-2026.08.27-15.20.44.298.jpk-force-map,2026-08-27T15:20:44.298000,2,0.2,34,54.80754091344903,54.72205238677447,54.82132961824885,0.9999265286331227,501,True
27-08-26/0/map2-0.2-data-2026.08.27-15.20.44.298.jpk-force-map,2026-08-27T15:20:44.298000,2,0.2,35,54.65871694241056,54.518719237834645,54.75963616144744,0.9999259537256999,501,True
27-08-26/0/map2-0.2-data-2026.08.27-15.20.44.298.jpk-force-map,2026-08-27T15:20:44.298000,2,0.2,36,54.71951722706202,54.75142499952533,54.74054978671991,0.999942780210924,501,True
27-08-26/0/map2-0.2-data-2026.08.27-15.20.44.298.jpk-force-map,2026-08-27T15:20:44.298000,2,0.2,37,54.694000500514804,54.54586823778406,54.756976068685134,0.9998733065967432,500,True
27-08-26/0/map2-0.2-data-2026.08.27-15.20.44.298.jpk-force-map,2026-08-27T15:20:44.298000,2,0.2,38,54.622004024909735,54.51477226663697,54.661460277142474,0.9999227193522644,501,True
27-08-26/0/map2-0.2-data-2026.08.27-15.20.44.298.jpk-force-map,2026-08-27T15:20:44.298000,2,0.2,39,54.63629337204268,54.45105226510604,54.74587723670147,0.9999143259057353,501,True
27-08-26/0/map2-0.2-data-2026.08.27-15.20.44.298.jpk-force-map,2026-08-27T15:20:44.298000,2,0.2,40,54.60314467708705,54.50560836957098,54.69481929085958,0.9999369967540085,500,True
27-08-26/0/map2-0.2-data-2026.08.27-15.20.44.298.jpk-force-map,2026-08-27T15:20:44.298000,2,0.2,41,54.88761366773388,54.806928634309486,54.92990435596347,0.9999402525176754,500,True
27-08-26/0/map2-0.2-data-2026.08.27-15.20.44.298.jpk-force-map,2026-08-27T15:20:44.298000,2,0.2,42,54.64194972841981,54.451959017976485,54.77346251653844,0.9999061975311769,500,True
27-08-26/0/map2-0.2-data-2026.08.27-15.20.44.298.jpk-force-map,2026-08-27T15:20:44.298000,2,0.2,43,54.63163901093508,54.599786490418325,54.732851491433244,0.9999380782432801,502,True
27-08-26/0/map2-0.2-data-2026.08.27-15.20.44.298.jpk-force-map,2026-08-27T15:20:44.298000,2,0.2,44,54.49322051326052,54.47778326131305,54.57018421343833,0.9999142025982852,501,True
27-08-26/0/map2-0.2-data-2026.08.27-15.20.44.298.jpk-force-map,2026-08-27T15:20:44.298000,2,0.2,45,54.583851398392845,54.4220664850291,54.7191603792975,0.9999380013986199,501,True
27-08-26/0/map2-0.2-data-2026.08.27-15.20.44.298.jpk-force-map,2026-08-27T15:20:44.298000,2,0.2,46,54.728259860166254,54.73109836655443,54.753570926121874,0.9999277146958216,502,True
27-08-26/0/map2-0.2-data-2026.08.27-15.20.44.298.jpk-force-map,2026-08-27T15:20:44.298000,2,0.2,47,54.43852159577446,54.36864081787258,54.500382975547396,0.9999143366776103,502,True
27-08-26/0/map2-0.2-data-2026.08.27-15.20.44.298.jpk-force-map,2026-08-27T15:20:44.298000,2,0.2,48,56.18485627415382,56.20103451626422,56.258083040711604,0.9999404979426693,500,True
27-08-26/0/map2-0.2-data-2026.08.27-15.20.44.298.jpk-force-map,2026-08-27T15:20:44.298000,2,0.2,49,54.80077301343763,54.749503031556394,54.82711071954642,0.9999391184285227,500,True
27-08-26/0/map2-0.2-data-2026.08.27-15.20.44.298.jpk-force-map,2026-08-27T15:20:44.298000,2,0.2,50,54.82885475484991,54.80590856233747,54.874253328158204,0.9999547605206054,500,True
27-08-26/0/map2-0.2-data-2026.08.27-15.20.44.298.jpk-force-map,2026-08-27T15:20:44.298000,2,0.2,51,54.481897313183914,54.38519387576362,54.51640179110545,0.999915450900763,500,True
27-08-26/0/map2-0.2-data-2026.08.27-15.20.44.298.jpk-force-map,2026-08-27T15:20:44.298000,2,0.2,52,54.57954204376021,54.51494338550111,54.579885583538776,0.9999319982982103,500,True
27-08-26/0/map2-0.2-data-2026.08.27-15.20.44.298.jpk-force-map,2026-08-27T15:20:44.298000,2,0.2,53,54.62439123450297,54.394531594653984,54.83523147362394,0.9999022388204001,501,True
27-08-26/0/map2-0.2-data-2026.08.27-15.20.44.298.jpk-force-map,2026-08-27T15:20:44.298000,2,0.2,54,54.49807362026723,54.30067559244599,54.55358597168067,0.9999357888479646,499,True
27-08-26/0/map2-0.2-data-2026.08.27-15.20.44.298.jpk-force-map,2026-08-27T15:20:44.298000,2,0.2,55,55.42096636342638,55.293307289648766,55.405686521804796,0.9999251339934718,502,True
27-08-26/0/map2-0.2-data-2026.08.27-15.20.44.298.jpk-force-map,2026-08-27T15:20:44.298000,2,0.2,56,54.48149196316153,54.3853565745166,54.561699088736404,0.9999335400071188,498,True
27-08-26/0/map2-0.2-data-2026.08.27-15.20.44.298.jpk-force-map,2026-08-27T15:20:44.298000,2,0.2,57,54.94309938404185,54.87635700164645,55.12051696480408,0.9999181150417823,501,True
27-08-26/0/map2-0.2-data-2026.08.27-15.20.44.298.jpk-force-map,2026-08-27T15:20:44.298000,2,0.2,58,54.30992617099703,54.269076431612,54.26803496327572,0.9999222155435465,501,True
27-08-26/0/map2-0.2-data-2026.08.27-15.20.44.298.jpk-force-map,2026-08-27T15:20:44.298000,2,0.2,59,54.99044030876935,54.742713479200326,55.283963432063786,0.9999253317490618,500,True
27-08-26/0/map2-0.2-data-2026.08.27-15.20.44.298.jpk-force-map,2026-08-27T15:20:44.298000,2,0.2,60,56.00491717572671,56.173330928807864,55.8763433186671,0.9999207683668944,499,True
27-08-26/0/map2-0.2-data-2026.08.27-15.20.44.298.jpk-force-map,2026-08-27T15:20:44.298000,2,0.2,61,54.71917457403669,54.65896842665559,54.771194794094896,0.9999254829422768,500,True
27-08-26/0/map2-0.2-data-2026.08.27-15.20.44.298.jpk-force-map,2026-08-27T15:20:44.298000,2,0.2,62,54.803951161960036,54.707218232824374,54.857807235140385,0.9999307967898454,500,True
27-08-26/0/map2-0.2-data-2026.08.27-15.20.44.298.jpk-force-map,2026-08-27T15:20:44.298000,2,0.2,63,55.093689105485645,55.09714536468301,55.028426385732274,0.9999389279760512,501,True
27-08-26/0/map2-0.05-data-2026.08.27-15.24.51.168.jpk-force-map,2026-08-27T15:24:51.168000,2,0.05,0,54.38355399303171,54.3272129818236,54.53554306688052,0.9999150632176614,2002,True
27-08-26/0/map2-0.05-data-2026.08.27-15.24.51.168.jpk-force-map,2026-08-27T15:24:51.168000,2,0.05,1,54.73008181982966,54.63364720480439,54.784274073469376,0.9999130588220901,1998,True
27-08-26/0/map2-0.05-data-2026.08.27-15.24.51.168.jpk-force-map,2026-08-27T15:24:51.168000,2,0.05,2,54.26663873572296,54.30287452418308,54.29624729075988,0.9997657618777656,1999,True
27-08-26/0/map2-0.05-data-2026.08.27-15.24.51.168.jpk-force-map,2026-08-27T15:24:51.168000,2,0.05,3,54.45419122467623,54.4838520015655,54.41106386775824,0.9999395561554281,2001,True
27-08-26/0/map2-0.05-data-2026.08.27-15.24.51.168.jpk-force-map,2026-08-27T15:24:51.168000,2,0.05,4,54.761732313572885,54.596120455704295,54.937740973431225,0.9999153533107656,1997,True
27-08-26/0/map2-0.05-data-2026.08.27-15.24.51.168.jpk-force-map,2026-08-27T15:24:51.168000,2,0.05,5,54.83470773380715,54.699400001851856,54.92169049080275,0.9998959375630365,2000,True
27-08-26/0/map2-0.05-data-2026.08.27-15.24.51.168.jpk-force-map,2026-08-27T15:24:51.168000,2,0.05,6,54.90132865839375,54.91861577322423,54.90028916341435,0.9999090925894557,2000,True
27-08-26/0/map2-0.05-data-2026.08.27-15.24.51.168.jpk-force-map,2026-08-27T15:24:51.168000,2,0.05,7,57.5576337608964,57.50902078007231,57.76385297973547,0.9999528997950806,2004,True
27-08-26/0/map2-0.05-data-2026.08.27-15.24.51.168.jpk-force-map,2026-08-27T15:24:51.168000,2,0.05,8,54.772522919389175,54.80349546155179,54.80468399839467,0.9999408117738284,2003,True
27-08-26/0/map2-0.05-data-2026.08.27-15.24.51.168.jpk-force-map,2026-08-27T15:24:51.168000,2,0.05,9,54.53186062687871,54.522397626562594,54.602322651505624,0.9999349199307228,1996,True
27-08-26/0/map2-0.05-data-2026.08.27-15.24.51.168.jpk-force-map,2026-08-27T15:24:51.168000,2,0.05,10,54.591271452026035,54.66444370549904,54.555598265738126,0.9998810102089203,1997,True
27-08-26/0/map2-0.05-data-2026.08.27-15.24.51.168.jpk-force-map,2026-08-27T15:24:51.168000,2,0.05,11,54.44143872220963,54.44330284665923,54.4786319540068,0.9999334336445382,1999,True
27-08-26/0/map2-0.05-data-2026.08.27-15.24.51.168.jpk-force-map,2026-08-27T15:24:51.168000,2,0.05,12,55.153589951803326,54.963164322830174,55.17057671957825,0.9998826422317112,1998,True
27-08-26/0/map2-0.05-data-2026.08.27-15.24.51.168.jpk-force-map,2026-08-27T15:24:51.168000,2,0.05,13,54.644604466031325,54.13623671999781,54.9151911697641,0.9992874069463392,1997,True
27-08-26/0/map2-0.05-data-2026.08.27-15.24.51.168.jpk-force-map,2026-08-27T15:24:51.168000,2,0.05,14,54.38431523759442,54.26117648145616,54.463186162917445,0.999901005353197,2001,True
27-08-26/0/map2-0.05-data-2026.08.27-15.24.51.168.jpk-force-map,2026-08-27T15:24:51.168000,2,0.05,15,54.662318275935164,54.55642497872272,54.833435750775585,0.9998901311140551,2000,True
27-08-26/0/map2-0.05-data-2026.08.27-15.24.51.168.jpk-force-map,2026-08-27T15:24:51.168000,2,0.05,16,54.385744925998445,54.280251317436914,54.4706636455282,0.9998502254708799,1999,True
27-08-26/0/map2-0.05-data-2026.08.27-15.24.51.168.jpk-force-map,2026-08-27T15:24:51.168000,2,0.05,17,54.0515138496615,53.91826594477926,54.16367131339204,0.9999149757342066,2001,True
27-08-26/0/map2-0.05-data-2026.08.27-15.24.51.168.jpk-force-map,2026-08-27T15:24:51.168000,2,0.05,18,54.34165700710005,54.33346535591915,54.418940587914875,0.9999001270033693,1996,True
27-08-26/0/map2-0.05-data-2026.08.27-15.24.51.168.jpk-force-map,2026-08-27T15:24:51.168000,2,0.05,19,54.61371843266853,54.59436482018637,54.706333314145674,0.9999082303618687,1999,True
27-08-26/0/map2-0.05-data-2026.08.27-15.24.51.168.jpk-force-map,2026-08-27T15:24:51.168000,2,0.05,20,54.59864059064661,54.61064418199144,54.663416370550564,0.9999153182121541,1996,True
27-08-26/0/map2-0.05-data-2026.08.27-15.24.51.168.jpk-force-map,2026-08-27T15:24:51.168000,2,0.05,21,54.3902692590128,54.314039037562814,54.40393918435282,0.9998929559806011,2001,True
27-08-26/0/map2-0.05-data-2026.08.27-15.24.51.168.jpk-force-map,2026-08-27T15:24:51.168000,2,0.05,22,55.217608501718175,55.15410443827996,55.26338764718757,0.9999437296507282,2000,True
27-08-26/0/map2-0.05-data-2026.08.27-15.24.51.168.jpk-force-map,2026-08-27T15:24:51.168000,2,0.05,23,54.61810508668555,54.65329762721154,54.52611336806835,0.9999100785182363,1998,True
27-08-26/0/map2-0.05-data-2026.08.27-15.24.51.168.jpk-force-map,2026-08-27T15:24:51.168000,2,0.05,24,54.806262768608285,54.782526370420314,54.836850473332625,0.9998856107947031,1998,True
27-08-26/0/map2-0.05-data-2026.08.27-15.24.51.168.jpk-force-map,2026-08-27T15:24:51.168000,2,0.05,25,54.32148524093514,54.27466016324751,54.42353601527617,0.9999253486999129,1994,True
27-08-26/0/map2-0.05-data-2026.08.27-15.24.51.168.jpk-force-map,2026-08-27T15:24:51.168000,2,0.05,26,54.83552687986628,54.694140650198605,54.968898024539406,0.9998966874478608,2001,True
27-08-26/0/map2-0.05-data-2026.08.27-15.24.51.168.jpk-force-map,2026-08-27T15:24:51.168000,2,0.05,27,54.26518650074543,54.28638963252479,54.27780391903894,0.999917864523354,2004,True
27-08-26/0/map2-0.05-data-2026.08.27-15.24.51.168.jpk-force-map,2026-08-27T15:24:51.168000,2,0.05,28,55.112304686774706,54.98298229769779,55.253239184479966,0.9999168892002676,1999,True
27-08-26/0/map2-0.05-data-2026.08.27-15.24.51.168.jpk-force-map,2026-08-27T15:24:51.168000,2,0.05,29,54.56997921692149,54.58618634585626,54.60591309560513,0.9999316830137743,1997,True
27-08-26/0/map2-0.05-data-2026.08.27-15.24.51.168.jpk-force-map,2026-08-27T15:24:51.168000,2,0.05,30,54.44444802216727,54.32328187832788,54.49659244402393,0.9999007647383967,1993,True
27-08-26/0/map2-0.05-data-2026.08.27-15.24.51.168.jpk-force-map,2026-08-27T15:24:51.168000,2,0.05,31,54.52370189741103,54.65575108971568,54.46269763997431,0.9998819228825493,2002,True
27-08-26/0/map2-0.05-data-2026.08.27-15.24.51.168.jpk-force-map,2026-08-27T15:24:51.168000,2,0.05,32,54.60336062115889,54.59419094102892,54.64670526899062,0.9999183009417458,2001,True
27-08-26/0/map2-0.05-data-2026.08.27-15.24.51.168.jpk-force-map,2026-08-27T15:24:51.168000,2,0.05,33,54.620484867469266,54.632328947472615,54.623457658395054,0.9999008077848264,2001,True
27-08-26/0/map2-0.05-data-2026.08.27-15.24.51.168.jpk-force-map,2026-08-27T15:24:51.168000,2,0.05,34,54.8075831552714,54.83188788329334,54.839934165185134,0.9998870256695486,1999,True
27-08-26/0/map2-0.05-data-2026.08.27-15.24.51.168.jpk-force-map,2026-08-27T15:24:51.168000,2,0.05,35,54.90973596786369,54.88973208682354,54.94412548752326,0.9998674357740962,1997,True
27-08-26/0/map2-0.05-data-2026.08.27-15.24.51.168.jpk-force-map,2026-08-27T15:24:51.168000,2,0.05,36,54.76564462331337,54.792652110395814,54.786829293869324,0.9999234273805153,2002,True
27-08-26/0/map2-0.05-data-2026.08.27-15.24.51.168.jpk-force-map,2026-08-27T15:24:51.168000,2,0.05,37,54.533968439610284,54.501532641094066,54.58250991915563,0.9999287034978699,2002,True
27-08-26/0/map2-0.05-data-2026.08.27-15.24.51.168.jpk-force-map,2026-08-27T15:24:51.168000,2,0.05,38,54.65746476353892,54.66078750476106,54.74384530903387,0.9999210827977727,2003,True
27-08-26/0/map2-0.05-data-2026.08.27-15.24.51.168.jpk-force-map,2026-08-27T15:24:51.168000,2,0.05,39,54.62940152525186,54.65847387581691,54.573132347660454,0.9999324454648283,2002,True
27-08-26/0/map2-0.05-data-2026.08.27-15.24.51.168.jpk-force-map,2026-08-27T15:24:51.168000,2,0.05,40,54.976255713760814,54.99017961787326,55.05193774444188,0.9999316742385862,2002,True
27-08-26/0/map2-0.05-data-2026.08.27-15.24.51.168.jpk-force-map,2026-08-27T15:24:51.168000,2,0.05,41,54.53206195987604,54.32870155734925,54.75915326334203,0.999921845370148,2004,True
27-08-26/0/map2-0.05-data-2026.08.27-15.24.51.168.jpk-force-map,2026-08-27T15:24:51.168000,2,0.05,42,55.18609098852562,55.01378716599071,55.36674185954597,0.9999267197916207,1999,True
27-08-26/0/map2-0.05-data-2026.08.27-15.24.51.168.jpk-force-map,2026-08-27T15:24:51.168000,2,0.05,43,54.38118617995964,54.22141323800486,54.51004315379304,0.9999098395067184,2000,True
27-08-26/0/map2-0.05-data-2026.08.27-15.24.51.168.jpk-force-map,2026-08-27T15:24:51.168000,2,0.05,44,54.787252382235806,54.65763491606496,54.944073229877205,0.9999309737767632,1999,True
27-08-26/0/map2-0.05-data-2026.08.27-15.24.51.168.jpk-force-map,2026-08-27T15:24:51.168000,2,0.05,45,55.35134512777,55.19581411489737,55.474038378264545,0.9997767528211061,2000,True
27-08-26/0/map2-0.05-data-2026.08.27-15.24.51.168.jpk-force-map,2026-08-27T15:24:51.168000,2,0.05,46,54.41981344917513,54.40362722381945,54.49645329717057,0.9999415047987528,1999,True
27-08-26/0/map2-0.05-data-2026.08.27-15.24.51.168.jpk-force-map,2026-08-27T15:24:51.168000,2,0.05,47,54.31287877287334,54.27675133962976,54.29009427387369,0.9999177585602783,2004,True
27-08-26/0/map2-0.05-data-2026.08.27-15.24.51.168.jpk-force-map,2026-08-27T15:24:51.168000,2,0.05,48,57.71896618218456,57.705144742121924,57.58841792563179,0.9998054760917743,1995,True
27-08-26/0/map2-0.05-data-2026.08.27-15.24.51.168.jpk-force-map,2026-08-27T15:24:51.168000,2,0.05,49,55.470649283922896,55.28709555566993,55.600203760796155,0.9999137863582191,1997,True
27-08-26/0/map2-0.05-data-2026.08.27-15.24.51.168.jpk-force-map,2026-08-27T15:24:51.168000,2,0.05,50,54.93673238078572,55.02878377072358,54.94333045060422,0.9998949200307234,1994,True
27-08-26/0/map2-0.05-data-2026.08.27-15.24.51.168.jpk-force-map,2026-08-27T15:24:51.168000,2,0.05,51,54.56579573915602,54.54033538457622,54.70261836204839,0.9998990346945446,2001,True
27-08-26/0/map2-0.05-data-2026.08.27-15.24.51.168.jpk-force-map,2026-08-27T15:24:51.168000,2,0.05,52,54.580021630996356,54.50956500487157,54.64588370543929,0.9999369261611702,1999,True
27-08-26/0/map2-0.05-data-2026.08.27-15.24.51.168.jpk-force-map,2026-08-27T15:24:51.168000,2,0.05,53,54.25564352769832,54.12854685527758,54.38775226875413,0.9998961570887188,1997,True
27-08-26/0/map2-0.05-data-2026.08.27-15.24.51.168.jpk-force-map,2026-08-27T15:24:51.168000,2,0.05,54,54.50863145509897,54.41808798051537,54.54519875582587,0.9999337260701479,1997,True
27-08-26/0/map2-0.05-data-2026.08.27-15.24.51.168.jpk-force-map,2026-08-27T15:24:51.168000,2,0.05,55,56.02092142655408,55.9796978297132,55.98429184602168,0.9998591182605765,1996,True
27-08-26/0/map2-0.05-data-2026.08.27-15.24.51.168.jpk-force-map,2026-08-27T15:24:51.168000,2,0.05,56,55.02118233158632,54.666785697963945,55.09806117490473,0.999752850946792,2000,True
27-08-26/0/map2-0.05-data-2026.08.27-15.24.51.168.jpk-force-map,2026-08-27T15:24:51.168000,2,0.05,57,55.43642465036976,55.46271964024606,55.29759507500255,0.9998001786273142,2001,True
27-08-26/0/map2-0.05-data-2026.08.27-15.24.51.168.jpk-force-map,2026-08-27T15:24:51.168000,2,0.05,58,54.451251328338934,54.254411418146695,54.61918956328818,0.9998981354711635,1996,True
27-08-26/0/map2-0.05-data-2026.08.27-15.24.51.168.jpk-force-map,2026-08-27T15:24:51.168000,2,0.05,59,54.788837769766545,54.79243762640557,54.82950748502533,0.9999513181648685,1998,True
27-08-26/0/map2-0.05-data-2026.08.27-15.24.51.168.jpk-force-map,2026-08-27T15:24:51.168000,2,0.05,60,54.654348358882054,54.927756034566336,54.62781254028438,0.9998586469983698,2000,True
27-08-26/0/map2-0.05-data-2026.08.27-15.24.51.168.jpk-force-map,2026-08-27T15:24:51.168000,2,0.05,61,54.72655155319731,54.6755022547024,54.86293254468958,0.9999359527860657,2002,True
27-08-26/0/map2-0.05-data-2026.08.27-15.24.51.168.jpk-force-map,2026-08-27T15:24:51.168000,2,0.05,62,54.423784959834855,54.662136926664274,54.29651672324873,0.9999254163984719,2000,True
27-08-26/0/map2-0.05-data-2026.08.27-15.24.51.168.jpk-force-map,2026-08-27T15:24:51.168000,2,0.05,63,54.77110392297788,54.64597127881975,54.870916414226535,0.9998648615963383,2000,True
27-08-26/0/map2-0.1-data-2026.08.27-15.36.15.070.jpk-force-map,2026-08-27T15:36:15.070000,2,0.1,0,54.51382356446277,54.53157340713295,54.516551924848024,0.9999264948269688,999,True
27-08-26/0/map2-0.1-data-2026.08.27-15.36.15.070.jpk-force-map,2026-08-27T15:36:15.070000,2,0.1,1,54.41448551613195,54.49343081649212,54.636796533695,0.9999412071077408,1000,True
27-08-26/0/map2-0.1-data-2026.08.27-15.36.15.070.jpk-force-map,2026-08-27T15:36:15.070000,2,0.1,2,54.06646222684361,54.17340739178846,54.04632824705643,0.999920689244252,1000,True
27-08-26/0/map2-0.1-data-2026.08.27-15.36.15.070.jpk-force-map,2026-08-27T15:36:15.070000,2,0.1,3,54.87660442351697,55.1806341151202,54.59182711921049,0.9999031617355348,998,True
27-08-26/0/map2-0.1-data-2026.08.27-15.36.15.070.jpk-force-map,2026-08-27T15:36:15.070000,2,0.1,4,54.5971269230918,54.348502956326286,54.72618636504003,0.9999060571150254,999,True
27-08-26/0/map2-0.1-data-2026.08.27-15.36.15.070.jpk-force-map,2026-08-27T15:36:15.070000,2,0.1,5,54.86806572149509,54.90923310340253,54.864802036214776,0.9999467162005268,1002,True
27-08-26/0/map2-0.1-data-2026.08.27-15.36.15.070.jpk-force-map,2026-08-27T15:36:15.070000,2,0.1,6,54.34677772482218,54.37780057876692,54.34802041575199,0.9999531012620196,1000,True
27-08-26/0/map2-0.1-data-2026.08.27-15.36.15.070.jpk-force-map,2026-08-27T15:36:15.070000,2,0.1,7,57.358844455098215,57.285749914055856,57.57435171765248,0.9999484823119282,1002,True
27-08-26/0/map2-0.1-data-2026.08.27-15.36.15.070.jpk-force-map,2026-08-27T15:36:15.070000,2,0.1,8,54.51650650451912,54.56053566426054,54.50485345032204,0.9999444015545336,1001,True
27-08-26/0/map2-0.1-data-2026.08.27-15.36.15.070.jpk-force-map,2026-08-27T15:36:15.070000,2,0.1,9,54.80695580856501,54.93138141444817,54.670093115633215,0.9999359461909898,1002,True
27-08-26/0/map2-0.1-data-2026.08.27-15.36.15.070.jpk-force-map,2026-08-27T15:36:15.070000,2,0.1,10,54.63762939887349,54.5117292729911,54.72453525699133,0.9999187854152897,1000,True
27-08-26/0/map2-0.1-data-2026.08.27-15.36.15.070.jpk-force-map,2026-08-27T15:36:15.070000,2,0.1,11,54.75004676240454,54.698788572751205,54.61073491607771,0.9998038690148404,1000,True
27-08-26/0/map2-0.1-data-2026.08.27-15.36.15.070.jpk-force-map,2026-08-27T15:36:15.070000,2,0.1,12,55.60465820619966,55.74861812510016,55.34720652467795,0.9998961289496071,1003,True
27-08-26/0/map2-0.1-data-2026.08.27-15.36.15.070.jpk-force-map,2026-08-27T15:36:15.070000,2,0.1,13,54.985182064092186,55.00325005373078,54.962637858480235,0.9999294287487626,997,True
27-08-26/0/map2-0.1-data-2026.08.27-15.36.15.070.jpk-force-map,2026-08-27T15:36:15.070000,2,0.1,14,54.63427107204931,54.78296950627699,54.70863464933548,0.9998188924077105,1001,True
27-08-26/0/map2-0.1-data-2026.08.27-15.36.15.070.jpk-force-map,2026-08-27T15:36:15.070000,2,0.1,15,54.838133394868635,54.9104489234581,54.75682457209102,0.9998358580051641,1000,True
27-08-26/0/map2-0.1-data-2026.08.27-15.36.15.070.jpk-force-map,2026-08-27T15:36:15.070000,2,0.1,16,54.68397486561402,54.84495416727796,54.57938227137041,0.9998942246463035,1000,True
27-08-26/0/map2-0.1-data-2026.08.27-15.36.15.070.jpk-force-map,2026-08-27T15:36:15.070000,2,0.1,17,54.167591248751016,54.18794439221964,54.22225785205246,0.9999470793564713,1000,True
27-08-26/0/map2-0.1-data-2026.08.27-15.36.15.070.jpk-force-map,2026-08-27T15:36:15.070000,2,0.1,18,55.05218145946349,54.98407214424086,54.97880258169621,0.9999292213640355,998,True
27-08-26/0/map2-0.1-data-2026.08.27-15.36.15.070.jpk-force-map,2026-08-27T15:36:15.070000,2,0.1,19,54.5343049749188,54.52318633633813,54.628059523385446,0.9999446134840179,1000,True
27-08-26/0/map2-0.1-data-2026.08.27-15.36.15.070.jpk-force-map,2026-08-27T15:36:15.070000,2,0.1,20,54.82732047828685,54.744262785798746,54.81012648760192,0.9999243161611032,1000,True
27-08-26/0/map2-0.1-data-2026.08.27-15.36.15.070.jpk-force-map,2026-08-27T15:36:15.070000,2,0.1,21,54.296419278053676,54.183380351936876,54.35116048770318,0.9999213766120467,1001,True
27-08-26/0/map2-0.1-data-2026.08.27-15.36.15.070.jpk-force-map,2026-08-27T15:36:15.070000,2,0.1,22,54.81166250093432,54.76471819594323,54.79794150753887,0.9999266441616753,999,True
27-08-26/0/map2-0.1-data-2026.08.27-15.36.15.070.jpk-force-map,2026-08-27T15:36:15.070000,2,0.1,23,54.60604484500635,54.56499179828722,54.6435488731978,0.9999369104643919,1001,True
27-08-26/0/map2-0.1-data-2026.08.27-15.36.15.070.jpk-force-map,2026-08-27T15:36:15.070000,2,0.1,24,54.62815555532811,54.57749340679772,54.69212239185304,0.9999252719682037,1002,True
27-08-26/0/map2-0.1-data-2026.08.27-15.36.15.070.jpk-force-map,2026-08-27T15:36:15.070000,2,0.1,25,54.7079349990223,54.673095717837136,54.76498618094144,0.9999031067065292,1001,True
27-08-26/0/map2-0.1-data-2026.08.27-15.36.15.070.jpk-force-map,2026-08-27T15:36:15.070000,2,0.1,26,54.6867988559498,54.54015552979,54.82948012080951,0.99989893229417,1001,True
27-08-26/0/map2-0.1-data-2026.08.27-15.36.15.070.jpk-force-map,2026-08-27T15:36:15.070000,2,0.1,27,54.28397524398427,54.12871167386855,54.28684604585065,0.9999198329276489,1001,True
27-08-26/0/map2-0.1-data-2026.08.27-15.36.15.070.jpk-force-map,2026-08-27T15:36:15.070000,2,0.1,28,54.74669000966028,54.689809636211855,54.82142189203202,0.9999382933975328,1001,True
27-08-26/0/map2-0.1-data-2026.08.27-15.36.15.070.jpk-force-map,2026-08-27T15:36:15.070000,2,0.1,29,54.88131499308471,54.746917911877226,54.953883174716154,0.9999265027085766,1000,True
27-08-26/0/map2-0.1-data-2026.08.27-15.36.15.070.jpk-force-map,2026-08-27T15:36:15.070000,2,0.1,30,54.549602851995324,54.48852358576998,54.59670309078524,0.9999264617296831,1002,True
27-08-26/0/map2-0.1-data-2026.08.27-15.36.15.070.jpk-force-map,2026-08-27T15:36:15.070000,2,0.1,31,54.53311144475976,54.451263031495024,54.553779313269565,0.9999147116301338,1002,True
27-08-26/0/map2-0.1-data-2026.08.27-15.36.15.070.jpk-force-map,2026-08-27T15:36:15.070000,2,0.1,32,54.550302498731966,54.48699836904497,54.61511876991234,0.9999263714539824,1001,True
27-08-26/0/map2-0.1-data-2026.08.27-15.36.15.070.jpk-force-map,2026-08-27T15:36:15.070000,2,0.1,33,54.51999814359425,54.563612651243034,54.59865118630369,0.9999110920457491,1002,True
27-08-26/0/map2-0.1-data-2026.08.27-15.36.15.070.jpk-force-map,2026-08-27T15:36:15.070000,2,0.1,34,54.709722911793406,54.58773739816201,54.70804706308719,0.9999021117954133,1000,True
27-08-26/0/map2-0.1-data-2026.08.27-15.36.15.070.jpk-force-map,2026-08-27T15:36:15.070000,2,0.1,35,54.60893124400554,54.29417066382025,54.71662180632422,0.9997673009202591,1001,True
27-08-26/0/map2-0.1-data-2026.08.27-15.36.15.070.jpk-force-map,2026-08-27T15:36:15.070000,2,0.1,36,54.72229103227472,54.685010170557725,54.671184342855454,0.9998996114646652,999,True
27-08-26/0/map2-0.1-data-2026.08.27-15.36.15.070.jpk-force-map,2026-08-27T15:36:15.070000,2,0.1,37,54.89475965366386,54.790103198789666,54.90965745083949,0.9999376518726512,1000,True
27-08-26/0/map2-0.1-data-2026.08.27-15.36.15.070.jpk-force-map,2026-08-27T15:36:15.070000,2,0.1,38,54.67286528655619,54.69237892367512,54.76308523880039,0.9999420419027724,1000,True
27-08-26/0/map2-0.1-data-2026.08.27-15.36.15.070.jpk-force-map,2026-08-27T15:36:15.070000,2,0.1,39,54.70355569314715,54.70361062778747,54.71657891191648,0.9999225314616181,1000,True
27-08-26/0/map2-0.1-data-2026.08.27-15.36.15.070.jpk-force-map,2026-08-27T15:36:15.070000,2,0.1,40,54.715345785476195,54.73010845991354,54.69239045539953,0.9999303869776263,1000,True
27-08-26/0/map2-0.1-data-2026.08.27-15.36.15.070.jpk-force-map,2026-08-27T15:36:15.070000,2,0.1,41,54.51064124712116,54.303932200180704,54.66338880001898,0.9999196408151579,1002,True
27-08-26/0/map2-0.1-data-2026.08.27-15.36.15.070.jpk-force-map,2026-08-27T15:36:15.070000,2,0.1,42,54.67140404866582,54.70771050383954,54.7583457340179,0.9999381263664214,998,True
27-08-26/0/map2-0.1-data-2026.08.27-15.36.15.070.jpk-force-map,2026-08-27T15:36:15.070000,2,0.1,43,54.828483585607735,54.89253710454284,54.806882564502885,0.9999309223526556,1001,True
27-08-26/0/map2-0.1-data-2026.08.27-15.36.15.070.jpk-force-map,2026-08-27T15:36:15.070000,2,0.1,44,54.68064281042422,54.569528209590835,54.76502261090484,0.9999257777229744,1001,True
27-08-26/0/map2-0.1-data-2026.08.27-15.36.15.070.jpk-force-map,2026-08-27T15:36:15.070000,2,0.1,45,55.77808478908843,55.542988084668345,55.74074815432351,0.9998485060588586,1002,True
27-08-26/0/map2-0.1-data-2026.08.27-15.36.15.070.jpk-force-map,2026-08-27T15:36:15.070000,2,0.1,46,54.86300320863041,54.904768470356736,54.83174712045487,0.9999371011819636,1000,True
27-08-26/0/map2-0.1-data-2026.08.27-15.36.15.070.jpk-force-map,2026-08-27T15:36:15.070000,2,0.1,47,54.63076656939613,54.69605699384902,54.5248736201659,0.9999103987030658,1002,True
27-08-26/0/map2-0.1-data-2026.08.27-15.36.15.070.jpk-force-map,2026-08-27T15:36:15.070000,2,0.1,48,55.443674987862806,55.3319713060323,55.76328521056432,0.9999046093060182,1002,True
27-08-26/0/map2-0.1-data-2026.08.27-15.36.15.070.jpk-force-map,2026-08-27T15:36:15.070000,2,0.1,49,55.308708301272226,55.25595396942103,55.3515454125972,0.9999269193436049,999,True
27-08-26/0/map2-0.1-data-2026.08.27-15.36.15.070.jpk-force-map,2026-08-27T15:36:15.070000,2,0.1,50,54.82419628523219,54.69000621064754,54.842196811624966,0.999915975612366,1001,True
27-08-26/0/map2-0.1-data-2026.08.27-15.36.15.070.jpk-force-map,2026-08-27T15:36:15.070000,2,0.1,51,54.63234657137319,54.68330208262527,54.610234124775744,0.9998984656192053,998,True
27-08-26/0/map2-0.1-data-2026.08.27-15.36.15.070.jpk-force-map,2026-08-27T15:36:15.070000,2,0.1,52,54.93524981583761,54.7979124313522,54.87774594211342,0.999930790967451,1000,True
27-08-26/0/map2-0.1-data-2026.08.27-15.36.15.070.jpk-force-map,2026-08-27T15:36:15.070000,2,0.1,53,54.55301473215758,54.44529048491257,54.59599278386675,0.9998543488344772,1003,True
27-08-26/0/map2-0.1-data-2026.08.27-15.36.15.070.jpk-force-map,2026-08-27T15:36:15.070000,2,0.1,54,53.99440288113987,53.961214537514266,53.98586897521165,0.999859882530664,1000,True
27-08-26/0/map2-0.1-data-2026.08.27-15.36.15.070.jpk-force-map,2026-08-27T15:36:15.070000,2,0.1,55,54.7838110340811,54.4217674716923,54.68524897289116,0.9994105535843729,1001,True
27-08-26/0/map2-0.1-data-2026.08.27-15.36.15.070.jpk-force-map,2026-08-27T15:36:15.070000,2,0.1,56,54.891944755818585,54.70216275288355,55.045963457764856,0.9999283259489699,1002,True
27-08-26/0/map2-0.1-data-2026.08.27-15.36.15.070.jpk-force-map,2026-08-27T15:36:15.070000,2,0.1,57,54.8104601323148,55.20796715053262,54.84564315146116,0.9995602960198959,1001,True
27-08-26/0/map2-0.1-data-2026.08.27-15.36.15.070.jpk-force-map,2026-08-27T15:36:15.070000,2,0.1,58,54.3460332531841,54.25117730781456,54.431718397958626,0.9999328044294179,997,True
27-08-26/0/map2-0.1-data-2026.08.27-15.36.15.070.jpk-force-map,2026-08-27T15:36:15.070000,2,0.1,59,54.51411030943349,54.38343228368986,54.63393450075846,0.9999199885703247,999,True
27-08-26/0/map2-0.1-data-2026.08.27-15.36.15.070.jpk-force-map,2026-08-27T15:36:15.070000,2,0.1,60,55.075480450655505,55.502213232658676,54.8287121367521,0.9998297294283569,1002,True
27-08-26/0/map2-0.1-data-2026.08.27-15.36.15.070.jpk-force-map,2026-08-27T15:36:15.070000,2,0.1,61,54.828487169699024,54.760143332838474,54.84266111782927,0.9999235785054982,1001,True
27-08-26/0/map2-0.1-data-2026.08.27-15.36.15.070.jpk-force-map,2026-08-27T15:36:15.070000,2,0.1,62,54.88213983175741,54.69983562985437,54.94747228130538,0.9999230337870071,1000,True
27-08-26/0/map2-0.1-data-2026.08.27-15.36.15.070.jpk-force-map,2026-08-27T15:36:15.070000,2,0.1,63,54.70473588920215,54.779387961158534,54.661424038874536,0.9998867751308993,997,True
27-08-26/0/map3-0.05-data-2026.08.27-15.48.41.060.jpk-force-map,2026-08-27T15:48:41.060000,3,0.05,0,51.499978582109655,51.58619984337014,51.50543995702385,0.9995226728130039,1999,True
27-08-26/0/map3-0.05-data-2026.08.27-15.48.41.060.jpk-force-map,2026-08-27T15:48:41.060000,3,0.05,1,52.05133890689804,51.78880196109225,52.303231293542176,0.9996954876055801,2002,True
27-08-26/0/map3-0.05-data-2026.08.27-15.48.41.060.jpk-force-map,2026-08-27T15:48:41.060000,3,0.05,2,51.40262906713428,51.1587463492544,51.76827027264296,0.9997987599327325,2002,True
27-08-26/0/map3-0.05-data-2026.08.27-15.48.41.060.jpk-force-map,2026-08-27T15:48:41.060000,3,0.05,3,51.03375832152413,51.00457029646031,51.00679012833837,0.999893674343318,1999,True
27-08-26/0/map3-0.05-data-2026.08.27-15.48.41.060.jpk-force-map,2026-08-27T15:48:41.060000,3,0.05,4,51.59312091307459,51.6777849307917,51.61266933065607,0.9996672673212612,1994,True
27-08-26/0/map3-0.05-data-2026.08.27-15.48.41.060.jpk-force-map,2026-08-27T15:48:41.060000,3,0.05,5,51.07752888450653,51.040331434824715,51.020873969756124,0.9996767762463283,2000,True
27-08-26/0/map3-0.05-data-2026.08.27-15.48.41.060.jpk-force-map,2026-08-27T15:48:41.060000,3,0.05,6,50.93163195495412,50.849733184434086,51.18722847049141,0.9995922382813973,1999,True
27-08-26/0/map3-0.05-data-2026.08.27-15.48.41.060.jpk-force-map,2026-08-27T15:48:41.060000,3,0.05,7,51.36679246547213,51.40822697109635,51.27815729550095,0.9996230118860345,1995,True
27-08-26/0/map3-0.05-data-2026.08.27-15.48.41.060.jpk-force-map,2026-08-27T15:48:41.060000,3,0.05,8,51.465512809592155,51.449522422878374,51.347053969133846,0.9997078134267602,1998,True
27-08-26/0/map3-0.05-data-2026.08.27-15.48.41.060.jpk-force-map,2026-08-27T15:48:41.060000,3,0.05,9,49.79158972016683,49.647839787694785,49.84889649783384,0.9976597057341887,1999,True
27-08-26/0/map3-0.05-data-2026.08.27-15.48.41.060.jpk-force-map,2026-08-27T15:48:41.060000,3,0.05,10,50.895525911555055,50.714200278959055,50.894311538005326,0.9994691606194577,2003,True
27-08-26/0/map3-0.05-data-2026.08.27-15.48.41.060.jpk-force-map,2026-08-27T15:48:41.060000,3,0.05,11,52.48327439641136,52.528207019902744,52.37598997458699,0.9998453091321293,1998,True
27-08-26/0/map3-0.05-data-2026.08.27-15.48.41.060.jpk-force-map,2026-08-27T15:48:41.060000,3,0.05,12,51.84836664183755,51.82655702230224,51.871396588676035,0.9998287546124708,1996,True
27-08-26/0/map3-0.05-data-2026.08.27-15.48.41.060.jpk-force-map,2026-08-27T15:48:41.060000,3,0.05,13,52.45750054436231,52.25964682944127,52.5375963617373,0.9999226057087487,2002,True
27-08-26/0/map3-0.05-data-2026.08.27-15.48.41.060.jpk-force-map,2026-08-27T15:48:41.060000,3,0.05,14,51.44690224147658,51.39525161494447,51.481013612934184,0.9999015939349646,1999,True
27-08-26/0/map3-0.05-data-2026.08.27-15.48.41.060.jpk-force-map,2026-08-27T15:48:41.060000,3,0.05,15,52.12136555121429,52.1599206582742,52.06405480223144,0.999237317310443,2001,True
27-08-26/0/map3-0.05-data-2026.08.27-15.48.41.060.jpk-force-map,2026-08-27T15:48:41.060000,3,0.05,16,52.782641840113484,52.412088326511906,53.09120052114846,0.9997267854266948,1999,True
27-08-26/0/map3-0.05-data-2026.08.27-15.48.41.060.jpk-force-map,2026-08-27T15:48:41.060000,3,0.05,17,51.20310374569994,51.116888668792235,51.42671842207248,0.9999006325247569,1994,True
27-08-26/0/map3-0.05-data-2026.08.27-15.48.41.060.jpk-force-map,2026-08-27T15:48:41.060000,3,0.05,18,52.56407241404881,51.57256975252513,52.69022778609307,0.9993744200186803,2002,True
27-08-26/0/map3-0.05-data-2026.08.27-15.48.41.060.jpk-force-map,2026-08-27T15:48:41.060000,3,0.05,19,51.51512934084065,51.631808456453555,51.461655726140435,0.9998638778803682,1997,True
27-08-26/0/map3-0.05-data-2026.08.27-15.48.41.060.jpk-force-map,2026-08-27T15:48:41.060000,3,0.05,20,51.45675121154051,51.375037202291495,51.4717830700498,0.9997519001785697,1999,True
27-08-26/0/map3-0.05-data-2026.08.27-15.48.41.060.jpk-force-map,2026-08-27T15:48:41.060000,3,0.05,21,51.87318176158699,51.940753247625246,51.77174740215886,0.9986107154339291,2003,True
27-08-26/0/map3-0.05-data-2026.08.27-15.48.41.060.jpk-force-map,2026-08-27T15:48:41.060000,3,0.05,22,51.83937935869216,51.86447612489255,51.79029501675832,0.9998598794308571,1997,True
27-08-26/0/map3-0.05-data-2026.08.27-15.48.41.060.jpk-force-map,2026-08-27T15:48:41.060000,3,0.05,23,51.68831031619616,51.60617504996519,51.79321939111871,0.9998419856579426,1996,True
27-08-26/0/map3-0.05-data-2026.08.27-15.48.41.060.jpk-force-map,2026-08-27T15:48:41.060000,3,0.05,24,51.42664982926834,51.32974819009696,51.49480092524702,0.9999268450468681,2000,True
27-08-26/0/map3-0.05-data-2026.08.27-15.48.41.060.jpk-force-map,2026-08-27T15:48:41.060000,3,0.05,25,52.702865336495876,51.9790638537459,53.51135404508788,0.9996467390952672,1998,True
27-08-26/0/map3-0.05-data-2026.08.27-15.48.41.060.jpk-force-map,2026-08-27T15:48:41.060000,3,0.05,26,51.464246208240645,51.361829608465754,51.50108044741372,0.9998621129407138,2003,True
27-08-26/0/map3-0.05-data-2026.08.27-15.48.41.060.jpk-force-map,2026-08-27T15:48:41.060000,3,0.05,27,52.59411057791288,52.340638885684875,52.69856614427151,0.9996851297217638,2000,True
27-08-26/0/map3-0.05-data-2026.08.27-15.48.41.060.jpk-force-map,2026-08-27T15:48:41.060000,3,0.05,28,51.3480863162283,51.28947044145074,51.44213932720948,0.9998758749496118,2002,True
27-08-26/0/map3-0.05-data-2026.08.27-15.48.41.060.jpk-force-map,2026-08-27T15:48:41.060000,3,0.05,29,51.474105274210395,51.56091476548252,51.438211245719245,0.9998217615223126,2000,True
27-08-26/0/map3-0.05-data-2026.08.27-15.48.41.060.jpk-force-map,2026-08-27T15:48:41.060000,3,0.05,30,52.1307452738293,52.04159422349247,52.10177613646635,0.9998454212701033,2002,True
27-08-26/0/map3-0.05-data-2026.08.27-15.48.41.060.jpk-force-map,2026-08-27T15:48:41.060000,3,0.05,31,51.40727526057204,51.476106815021204,51.38999494741709,0.999848053727399,2001,True
27-08-26/0/map3-0.05-data-2026.08.27-15.48.41.060.jpk-force-map,2026-08-27T15:48:41.060000,3,0.05,32,51.40845169928147,51.447240608026995,51.41058068578049,0.9997893671083651,2004,True
27-08-26/0/map3-0.05-data-2026.08.27-15.48.41.060.jpk-force-map,2026-08-27T15:48:41.060000,3,0.05,33,51.70477334345829,51.772545057436304,51.75386875744147,0.999849722631746,1999,True
27-08-26/0/map3-0.05-data-2026.08.27-15.48.41.060.jpk-force-map,2026-08-27T15:48:41.060000,3,0.05,34,51.59179160569597,51.57895487094316,51.62294872486736,0.9998570499162006,2002,True
27-08-26/0/map3-0.05-data-2026.08.27-15.48.41.060.jpk-force-map,2026-08-27T15:48:41.060000,3,0.05,35,51.37268695525259,51.52205905497982,51.3444253378932,0.9997552351701687,1998,True
27-08-26/0/map3-0.05-data-2026.08.27-15.48.41.060.jpk-force-map,2026-08-27T15:48:41.060000,3,0.05,36,51.192942101201936,51.165255454152735,51.24791061691304,0.9999233818079802,1995,True
27-08-26/0/map3-0.05-data-2026.08.27-15.48.41.060.jpk-force-map,2026-08-27T15:48:41.060000,3,0.05,37,51.740828952914775,51.759806056716315,51.85357006955502,0.9998354125913287,2001,True
27-08-26/0/map3-0.05-data-2026.08.27-15.48.41.060.jpk-force-map,2026-08-27T15:48:41.060000,3,0.05,38,51.41988682708578,51.4976642724874,51.45173742503619,0.999856178170862,1996,True
27-08-26/0/map3-0.05-data-2026.08.27-15.48.41.060.jpk-force-map,2026-08-27T15:48:41.060000,3,0.05,39,51.560425535647205,51.588127315926684,51.54318402338287,0.9998302346620433,1999,True
27-08-26/0/map3-0.05-data-2026.08.27-15.48.41.060.jpk-force-map,2026-08-27T15:48:41.060000,3,0.05,40,51.40065447465724,51.398031785960455,51.46065896021602,0.9998722611462518,2000,True
27-08-26/0/map3-0.05-data-2026.08.27-15.48.41.060.jpk-force-map,2026-08-27T15:48:41.060000,3,0.05,41,51.53165716276733,51.58545093047898,51.52484189857354,0.9998387547700481,1995,True
27-08-26/0/map3-0.05-data-2026.08.27-15.48.41.060.jpk-force-map,2026-08-27T15:48:41.060000,3,0.05,42,51.602980294147805,51.643236786262364,51.63530048641835,0.9997982306188122,1997,True
27-08-26/0/map3-0.05-data-2026.08.27-15.48.41.060.jpk-force-map,2026-08-27T15:48:41.060000,3,0.05,43,51.35494884200003,51.35355527496501,51.3094361927327,0.9998367759842918,1998,True
27-08-26/0/map3-0.05-data-2026.08.27-15.48.41.060.jpk-force-map,2026-08-27T15:48:41.060000,3,0.05,44,51.359775136452406,51.38529856613545,51.32390583115622,0.9994346162946418,2001,True
27-08-26/0/map3-0.05-data-2026.08.27-15.48.41.060.jpk-force-map,2026-08-27T15:48:41.060000,3,0.05,45,56.962307304378136,58.56347468554914,55.51444004386901,0.99836512187424,1999,True
27-08-26/0/map3-0.05-data-2026.08.27-15.48.41.060.jpk-force-map,2026-08-27T15:48:41.060000,3,0.05,46,51.19923614207496,51.10024324515711,51.274992258222476,0.9998151523436745,1995,True
27-08-26/0/map3-0.05-data-2026.08.27-15.48.41.060.jpk-force-map,2026-08-27T15:48:41.060000,3,0.05,47,51.55473961243242,51.64105229496494,51.55539810671851,0.9997566234261153,2001,True
27-08-26/0/map3-0.05-data-2026.08.27-15.48.41.060.jpk-force-map,2026-08-27T15:48:41.060000,3,0.05,48,51.256378984973054,51.44235883527471,51.264846768401995,0.9997271602690764,1999,True
27-08-26/0/map3-0.05-data-2026.08.27-15.48.41.060.jpk-force-map,2026-08-27T15:48:41.060000,3,0.05,49,51.695276194463105,51.68147296677953,51.760728697926034,0.9998289026462791,1996,True
27-08-26/0/map3-0.05-data-2026.08.27-15.48.41.060.jpk-force-map,2026-08-27T15:48:41.060000,3,0.05,50,51.158304104549025,51.145110959073556,51.22895287809427,0.9999122245114922,2002,True
27-08-26/0/map3-0.05-data-2026.08.27-15.48.41.060.jpk-force-map,2026-08-27T15:48:41.060000,3,0.05,51,51.38049895115102,51.334081466253686,51.44965592519833,0.9998158458093357,2000,True
27-08-26/0/map3-0.05-data-2026.08.27-15.48.41.060.jpk-force-map,2026-08-27T15:48:41.060000,3,0.05,52,51.55952627317562,51.48499533036821,51.61137354447944,0.9998493317794674,2003,True
27-08-26/0/map3-0.05-data-2026.08.27-15.48.41.060.jpk-force-map,2026-08-27T15:48:41.060000,3,0.05,53,51.765172949095195,51.85104650035702,51.7178312545009,0.9998412469669236,1999,True
27-08-26/0/map3-0.05-data-2026.08.27-15.48.41.060.jpk-force-map,2026-08-27T15:48:41.060000,3,0.05,54,55.54662154406264,55.40730361240736,55.61348162651593,0.9998921550736128,1997,True
27-08-26/0/map3-0.05-data-2026.08.27-15.48.41.060.jpk-force-map,2026-08-27T15:48:41.060000,3,0.05,55,51.316163921933594,51.141164365186846,51.44958562124999,0.9999010814529045,2004,True
27-08-26/0/map3-0.05-data-2026.08.27-15.48.41.060.jpk-force-map,2026-08-27T15:48:41.060000,3,0.05,56,51.18691725282499,51.21218336531735,51.17826476514693,0.9999401856895447,1997,True
27-08-26/0/map3-0.05-data-2026.08.27-15.48.41.060.jpk-force-map,2026-08-27T15:48:41.060000,3,0.05,57,51.71611380477527,51.63433145518205,51.7409107937975,0.9997277632880913,1999,True
27-08-26/0/map3-0.05-data-2026.08.27-15.48.41.060.jpk-force-map,2026-08-27T15:48:41.060000,3,0.05,58,51.95350753199968,52.04591408872953,51.90375670191699,0.9998857122203547,2002,True
27-08-26/0/map3-0.05-data-2026.08.27-15.48.41.060.jpk-force-map,2026-08-27T15:48:41.060000,3,0.05,59,52.18087980944809,51.92827875246994,52.40946991865757,0.9998076142719398,2000,True
27-08-26/0/map3-0.05-data-2026.08.27-15.48.41.060.jpk-force-map,2026-08-27T15:48:41.060000,3,0.05,60,52.92617620695715,52.732522327630655,52.86996043658356,0.9996960457357237,1998,True
27-08-26/0/map3-0.05-data-2026.08.27-15.48.41.060.jpk-force-map,2026-08-27T15:48:41.060000,3,0.05,61,52.23193572163819,52.008068415032916,52.34827568799838,0.9998746133026387,2000,True
27-08-26/0/map3-0.05-data-2026.08.27-15.48.41.060.jpk-force-map,2026-08-27T15:48:41.060000,3,0.05,62,51.75897821599476,51.82563690076961,51.6219668121941,0.9999218920040567,2000,True
27-08-26/0/map3-0.05-data-2026.08.27-15.48.41.060.jpk-force-map,2026-08-27T15:48:41.060000,3,0.05,63,52.06150970676783,52.04505796528389,52.02375251391786,0.9997259507089779,1994,True
27-08-26/0/map3-0.2-data-2026.08.27-16.09.07.348.jpk-force-map,2026-08-27T16:09:07.348000,3,0.2,0,51.72681891680258,51.516430433545246,51.88787443493509,0.9998535298056348,500,True
27-08-26/0/map3-0.2-data-2026.08.27-16.09.07.348.jpk-force-map,2026-08-27T16:09:07.348000,3,0.2,1,51.6505834424837,51.812602310326156,51.60648227595853,0.9999062818499819,502,True
27-08-26/0/map3-0.2-data-2026.08.27-16.09.07.348.jpk-force-map,2026-08-27T16:09:07.348000,3,0.2,2,53.18648472065335,52.59379088738344,53.55590338738828,0.9997115988265349,500,True
27-08-26/0/map3-0.2-data-2026.08.27-16.09.07.348.jpk-force-map,2026-08-27T16:09:07.348000,3,0.2,3,51.470384917063946,51.314713892200565,51.665096880468305,0.9998626044324982,500,True
27-08-26/0/map3-0.2-data-2026.08.27-16.09.07.348.jpk-force-map,2026-08-27T16:09:07.348000,3,0.2,4,52.156388216035964,52.17708339854165,52.072733040444376,0.9999314316526605,499,True
27-08-26/0/map3-0.2-data-2026.08.27-16.09.07.348.jpk-force-map,2026-08-27T16:09:07.348000,3,0.2,5,51.657247201886236,51.661469307246186,51.84433144911424,0.9999303798999426,500,True
27-08-26/0/map3-0.2-data-2026.08.27-16.09.07.348.jpk-force-map,2026-08-27T16:09:07.348000,3,0.2,6,52.62194649031221,52.69015096512593,52.61185758515832,0.9999103005055361,500,True
27-08-26/0/map3-0.2-data-2026.08.27-16.09.07.348.jpk-force-map,2026-08-27T16:09:07.348000,3,0.2,7,51.3541811978405,51.4237091672647,51.54874375035995,0.9999259789582015,500,True
27-08-26/0/map3-0.2-data-2026.08.27-16.09.07.348.jpk-force-map,2026-08-27T16:09:07.348000,3,0.2,8,52.13120307504947,52.24808448276835,52.091962646518965,0.999754959230762,500,True
27-08-26/0/map3-0.2-data-2026.08.27-16.09.07.348.jpk-force-map,2026-08-27T16:09:07.348000,3,0.2,9,51.676591961391395,51.49807203559344,51.75428410494109,0.9998555557289718,500,True
27-08-26/0/map3-0.2-data-2026.08.27-16.09.07.348.jpk-force-map,2026-08-27T16:09:07.348000,3,0.2,10,51.74392194195594,51.720462239353175,52.081211794541645,0.9999093936451711,501,True
27-08-26/0/map3-0.2-data-2026.08.27-16.09.07.348.jpk-force-map,2026-08-27T16:09:07.348000,3,0.2,11,52.46422944008806,52.498150689922205,52.563657078397654,0.9999165280625286,500,True
27-08-26/0/map3-0.2-data-2026.08.27-16.09.07.348.jpk-force-map,2026-08-27T16:09:07.348000,3,0.2,12,52.34673828093017,52.43238540087695,52.38165559061346,0.9999265856033064,500,True
27-08-26/0/map3-0.2-data-2026.08.27-16.09.07.348.jpk-force-map,2026-08-27T16:09:07.348000,3,0.2,13,51.83127714841344,51.81079652068587,51.90602388561821,0.9999354135553677,501,True
27-08-26/0/map3-0.2-data-2026.08.27-16.09.07.348.jpk-force-map,2026-08-27T16:09:07.348000,3,0.2,14,51.732059611209316,51.74498392704784,51.80589275786957,0.9999431346796624,500,True
27-08-26/0/map3-0.2-data-2026.08.27-16.09.07.348.jpk-force-map,2026-08-27T16:09:07.348000,3,0.2,15,52.2065924702175,51.986242456955836,52.5819431289141,0.9998853165855138,501,True
27-08-26/0/map3-0.2-data-2026.08.27-16.09.07.348.jpk-force-map,2026-08-27T16:09:07.348000,3,0.2,16,51.67318855427953,51.74184451915984,51.72318843427982,0.9999243462313195,501,True
27-08-26/0/map3-0.2-data-2026.08.27-16.09.07.348.jpk-force-map,2026-08-27T16:09:07.348000,3,0.2,17,51.7157272672593,51.72882171890056,51.840849048207595,0.9998723887251316,501,True
27-08-26/0/map3-0.2-data-2026.08.27-16.09.07.348.jpk-force-map,2026-08-27T16:09:07.348000,3,0.2,18,51.84673630389209,51.944507982443916,51.895553967990224,0.9999088769144601,500,True
27-08-26/0/map3-0.2-data-2026.08.27-16.09.07.348.jpk-force-map,2026-08-27T16:09:07.348000,3,0.2,19,51.69862344104371,51.66438483322796,51.73432532347137,0.9998868258629378,501,True
27-08-26/0/map3-0.2-data-2026.08.27-16.09.07.348.jpk-force-map,2026-08-27T16:09:07.348000,3,0.2,20,51.78449986944682,51.88038857739427,51.83686868631327,0.9999081056152064,499,True
27-08-26/0/map3-0.2-data-2026.08.27-16.09.07.348.jpk-force-map,2026-08-27T16:09:07.348000,3,0.2,21,51.40687916630111,51.49034808699004,51.46061872756325,0.999782816941841,500,True
27-08-26/0/map3-0.2-data-2026.08.27-16.09.07.348.jpk-force-map,2026-08-27T16:09:07.348000,3,0.2,22,52.175521634868296,52.29320643022964,52.08685012088012,0.9999248062212546,502,True
27-08-26/0/map3-0.2-data-2026.08.27-16.09.07.348.jpk-force-map,2026-08-27T16:09:07.348000,3,0.2,23,51.919992493190314,51.967720217162956,51.95250037087286,0.9999154319703927,500,True
27-08-26/0/map3-0.2-data-2026.08.27-16.09.07.348.jpk-force-map,2026-08-27T16:09:07.348000,3,0.2,24,51.97580496465553,52.07517957320175,51.898587314324836,0.9998982045513575,501,True
27-08-26/0/map3-0.2-data-2026.08.27-16.09.07.348.jpk-force-map,2026-08-27T16:09:07.348000,3,0.2,25,54.42746972440723,53.449078887438496,55.33244403993503,0.9994809031196521,501,True
27-08-26/0/map3-0.2-data-2026.08.27-16.09.07.348.jpk-force-map,2026-08-27T16:09:07.348000,3,0.2,26,50.67184648685559,51.194181016960144,50.78299818683875,0.9997045134283118,500,True
27-08-26/0/map3-0.2-data-2026.08.27-16.09.07.348.jpk-force-map,2026-08-27T16:09:07.348000,3,0.2,27,52.16834600851122,52.28321794420028,52.04611960213682,0.9998589761847948,501,True
27-08-26/0/map3-0.2-data-2026.08.27-16.09.07.348.jpk-force-map,2026-08-27T16:09:07.348000,3,0.2,28,51.476700538567634,51.45214977727922,51.573436686841795,0.9999249192143772,500,True
27-08-26/0/map3-0.2-data-2026.08.27-16.09.07.348.jpk-force-map,2026-08-27T16:09:07.348000,3,0.2,29,51.741729773985995,51.80776135392637,51.85805333650194,0.9998680197719712,500,True
27-08-26/0/map3-0.2-data-2026.08.27-16.09.07.348.jpk-force-map,2026-08-27T16:09:07.348000,3,0.2,30,51.8368024984108,51.88591269050827,51.75121043724562,0.9999054300797275,500,True
27-08-26/0/map3-0.2-data-2026.08.27-16.09.07.348.jpk-force-map,2026-08-27T16:09:07.348000,3,0.2,31,51.87459026711383,51.85418723605602,51.8948489642763,0.9999077832104932,501,True
27-08-26/0/map3-0.2-data-2026.08.27-16.09.07.348.jpk-force-map,2026-08-27T16:09:07.348000,3,0.2,32,51.332597476281435,51.4286513275738,51.571202636511536,0.99988883649793,500,True
27-08-26/0/map3-0.2-data-2026.08.27-16.09.07.348.jpk-force-map,2026-08-27T16:09:07.348000,3,0.2,33,52.038642185571845,52.038906100005924,52.14115249027694,0.999917609030571,501,True
27-08-26/0/map3-0.2-data-2026.08.27-16.09.07.348.jpk-force-map,2026-08-27T16:09:07.348000,3,0.2,34,51.40621729417807,51.11915409496499,51.594810100535014,0.9998822184832723,498,True
27-08-26/0/map3-0.2-data-2026.08.27-16.09.07.348.jpk-force-map,2026-08-27T16:09:07.348000,3,0.2,35,52.51232700153118,52.34817285640844,52.66191234095852,0.999846334958546,500,True
27-08-26/0/map3-0.2-data-2026.08.27-16.09.07.348.jpk-force-map,2026-08-27T16:09:07.348000,3,0.2,36,52.24320417797845,52.25030169370609,52.21041384307936,0.9999263038447602,501,True
27-08-26/0/map3-0.2-data-2026.08.27-16.09.07.348.jpk-force-map,2026-08-27T16:09:07.348000,3,0.2,37,51.50549306550575,51.54776166307783,51.51099092892989,0.9999244722074896,500,True
27-08-26/0/map3-0.2-data-2026.08.27-16.09.07.348.jpk-force-map,2026-08-27T16:09:07.348000,3,0.2,38,52.03266796883025,51.86206280577926,52.33029792557436,0.9997821963539333,500,True
27-08-26/0/map3-0.2-data-2026.08.27-16.09.07.348.jpk-force-map,2026-08-27T16:09:07.348000,3,0.2,39,52.500956725655534,52.68910419004861,52.304617788046386,0.9998954960506831,500,True
27-08-26/0/map3-0.2-data-2026.08.27-16.09.07.348.jpk-force-map,2026-08-27T16:09:07.348000,3,0.2,40,52.74924116077144,52.630360757401746,52.789942814356834,0.9999267067647704,501,True
27-08-26/0/map3-0.2-data-2026.08.27-16.09.07.348.jpk-force-map,2026-08-27T16:09:07.348000,3,0.2,41,51.74542789144813,51.74532669531018,51.952584236670646,0.9999267577165251,500,True
27-08-26/0/map3-0.2-data-2026.08.27-16.09.07.348.jpk-force-map,2026-08-27T16:09:07.348000,3,0.2,42,51.59045368854691,51.70227577279096,51.50061332431302,0.999886942792472,500,True
27-08-26/0/map3-0.2-data-2026.08.27-16.09.07.348.jpk-force-map,2026-08-27T16:09:07.348000,3,0.2,43,52.07212168478917,51.99491324962381,52.517837270478054,0.9998653971730044,499,True
27-08-26/0/map3-0.2-data-2026.08.27-16.09.07.348.jpk-force-map,2026-08-27T16:09:07.348000,3,0.2,44,52.04494009558957,52.01129500610902,52.20997982440072,0.9999469423831484,501,True
27-08-26/0/map3-0.2-data-2026.08.27-16.09.07.348.jpk-force-map,2026-08-27T16:09:07.348000,3,0.2,45,50.80652612882306,50.95245985061747,50.918415131604554,0.9999180756957627,500,True
27-08-26/0/map3-0.2-data-2026.08.27-16.09.07.348.jpk-force-map,2026-08-27T16:09:07.348000,3,0.2,46,51.00622246183384,50.20132311903059,51.506013886778625,0.9996066961684624,502,True
27-08-26/0/map3-0.2-data-2026.08.27-16.09.07.348.jpk-force-map,2026-08-27T16:09:07.348000,3,0.2,47,52.50143722052051,52.374047659116044,52.593513287228056,0.999897057306015,500,True
27-08-26/0/map3-0.2-data-2026.08.27-16.09.07.348.jpk-force-map,2026-08-27T16:09:07.348000,3,0.2,48,51.86124794882255,52.062158148962624,51.78969588325402,0.999870137003149,500,True
27-08-26/0/map3-0.2-data-2026.08.27-16.09.07.348.jpk-force-map,2026-08-27T16:09:07.348000,3,0.2,49,52.41290979475905,52.590009785702236,52.42711396638044,0.9999191330482113,501,True
27-08-26/0/map3-0.2-data-2026.08.27-16.09.07.348.jpk-force-map,2026-08-27T16:09:07.348000,3,0.2,50,51.87827195163404,51.73428075582941,51.87300125073224,0.9999022756428207,500,True
27-08-26/0/map3-0.2-data-2026.08.27-16.09.07.348.jpk-force-map,2026-08-27T16:09:07.348000,3,0.2,51,51.85788258578513,51.68200900908985,52.059284156499935,0.9998983235438744,501,True
27-08-26/0/map3-0.2-data-2026.08.27-16.09.07.348.jpk-force-map,2026-08-27T16:09:07.348000,3,0.2,52,51.993719521072634,52.40719242069685,51.79807118044272,0.9998078309758458,500,True
27-08-26/0/map3-0.2-data-2026.08.27-16.09.07.348.jpk-force-map,2026-08-27T16:09:07.348000,3,0.2,53,51.737272560260095,51.66814227369578,52.14347267349937,0.9999035944698358,500,True
27-08-26/0/map3-0.2-data-2026.08.27-16.09.07.348.jpk-force-map,2026-08-27T16:09:07.348000,3,0.2,54,56.0640641783776,55.7869640748065,56.276962524878094,0.9999075011267269,500,True
27-08-26/0/map3-0.2-data-2026.08.27-16.09.07.348.jpk-force-map,2026-08-27T16:09:07.348000,3,0.2,55,52.06779792728193,51.944435390031,52.12744011999371,0.9999207648966916,500,True
27-08-26/0/map3-0.2-data-2026.08.27-16.09.07.348.jpk-force-map,2026-08-27T16:09:07.348000,3,0.2,56,51.89211467637342,51.922128315105624,51.72626247855268,0.9999000462519541,500,True
27-08-26/0/map3-0.2-data-2026.08.27-16.09.07.348.jpk-force-map,2026-08-27T16:09:07.348000,3,0.2,57,52.062788112863124,51.99700282152571,51.961382940294165,0.9998624966884125,500,True
27-08-26/0/map3-0.2-data-2026.08.27-16.09.07.348.jpk-force-map,2026-08-27T16:09:07.348000,3,0.2,58,52.66648942120293,52.86935318628273,52.38134865094563,0.999894375073038,501,True
27-08-26/0/map3-0.2-data-2026.08.27-16.09.07.348.jpk-force-map,2026-08-27T16:09:07.348000,3,0.2,59,52.12845919332319,52.30383122238389,52.1402926003038,0.9998433069625912,500,True
27-08-26/0/map3-0.2-data-2026.08.27-16.09.07.348.jpk-force-map,2026-08-27T16:09:07.348000,3,0.2,60,54.310521265774995,54.258042477562334,54.265492459748295,0.9996903166629859,500,True
27-08-26/0/map3-0.2-data-2026.08.27-16.09.07.348.jpk-force-map,2026-08-27T16:09:07.348000,3,0.2,61,52.63021310986826,52.52751312402849,52.665574142439176,0.999913288915135,500,True
27-08-26/0/map3-0.2-data-2026.08.27-16.09.07.348.jpk-force-map,2026-08-27T16:09:07.348000,3,0.2,62,52.99307460652193,53.08688679041269,52.9601506518168,0.9999128445767569,500,True
27-08-26/0/map3-0.2-data-2026.08.27-16.09.07.348.jpk-force-map,2026-08-27T16:09:07.348000,3,0.2,63,52.527629181201554,52.65601772661077,52.59326192478798,0.9998984431580924,502,True
27-08-26/0/map3-0.1-data-2026.08.27-16.12.38.424.jpk-force-map,2026-08-27T16:12:38.424000,3,0.1,0,52.40186750786071,52.28124040556536,52.57511642779964,0.9998915474936013,1001,True
27-08-26/0/map3-0.1-data-2026.08.27-16.12.38.424.jpk-force-map,2026-08-27T16:12:38.424000,3,0.1,1,51.58731654640201,51.556761016496885,51.62571614749067,0.9999300630619223,1001,True
27-08-26/0/map3-0.1-data-2026.08.27-16.12.38.424.jpk-force-map,2026-08-27T16:12:38.424000,3,0.1,2,51.83689022203337,51.77671271221411,51.84525065738353,0.9999195483653227,1001,True
27-08-26/0/map3-0.1-data-2026.08.27-16.12.38.424.jpk-force-map,2026-08-27T16:12:38.424000,3,0.1,3,51.59347374392388,51.477770863093326,51.62963081143661,0.9999030171102735,1000,True
27-08-26/0/map3-0.1-data-2026.08.27-16.12.38.424.jpk-force-map,2026-08-27T16:12:38.424000,3,0.1,4,51.40479259635797,51.352256904340976,51.46763303514228,0.999902879563879,1001,True
27-08-26/0/map3-0.1-data-2026.08.27-16.12.38.424.jpk-force-map,2026-08-27T16:12:38.424000,3,0.1,5,51.682487169945084,51.6909134976157,51.718133973430305,0.9999201069701821,1002,True
27-08-26/0/map3-0.1-data-2026.08.27-16.12.38.424.jpk-force-map,2026-08-27T16:12:38.424000,3,0.1,6,51.830490964341855,51.724735105624674,51.92382940092002,0.9999219686706311,1002,True
27-08-26/0/map3-0.1-data-2026.08.27-16.12.38.424.jpk-force-map,2026-08-27T16:12:38.424000,3,0.1,7,51.557381484505946,51.52628851536774,51.833791198597645,0.9998012275664272,1001,True
27-08-26/0/map3-0.1-data-2026.08.27-16.12.38.424.jpk-force-map,2026-08-27T16:12:38.424000,3,0.1,8,51.57488326292426,51.45455286089749,51.656993420649556,0.9999153029673639,1001,True
27-08-26/0/map3-0.1-data-2026.08.27-16.12.38.424.jpk-force-map,2026-08-27T16:12:38.424000,3,0.1,9,51.60944272049378,51.45651339281316,51.64200132530442,0.9998996648562912,999,True
27-08-26/0/map3-0.1-data-2026.08.27-16.12.38.424.jpk-force-map,2026-08-27T16:12:38.424000,3,0.1,10,51.50966256802091,51.37678461900826,51.56879768851228,0.9999081692531698,998,True
27-08-26/0/map3-0.1-data-2026.08.27-16.12.38.424.jpk-force-map,2026-08-27T16:12:38.424000,3,0.1,11,52.042444579357316,52.04620778195618,52.13484976430181,0.9999045995795404,1001,True
27-08-26/0/map3-0.1-data-2026.08.27-16.12.38.424.jpk-force-map,2026-08-27T16:12:38.424000,3,0.1,12,51.7292919482651,51.67607659382121,51.77854600722084,0.9999255811924376,1000,True
27-08-26/0/map3-0.1-data-2026.08.27-16.12.38.424.jpk-force-map,2026-08-27T16:12:38.424000,3,0.1,13,52.26969070968152,52.31668325599318,52.21063037852329,0.9999345513134205,1001,True
27-08-26/0/map3-0.1-data-2026.08.27-16.12.38.424.jpk-force-map,2026-08-27T16:12:38.424000,3,0.1,14,51.572928868462625,51.55674215568003,51.72553322282711,0.9999262745173731,999,True
27-08-26/0/map3-0.1-data-2026.08.27-16.12.38.424.jpk-force-map,2026-08-27T16:12:38.424000,3,0.1,15,52.72972661508051,52.92002854202465,52.82624123636817,0.9998407835595148,1000,True
27-08-26/0/map3-0.1-data-2026.08.27-16.12.38.424.jpk-force-map,2026-08-27T16:12:38.424000,3,0.1,16,51.593107090567344,51.63288120595865,51.60938688504706,0.9999384917843503,999,True
27-08-26/0/map3-0.1-data-2026.08.27-16.12.38.424.jpk-force-map,2026-08-27T16:12:38.424000,3,0.1,17,51.71312758225028,51.60211683056027,51.70570069145826,0.9999126468369149,1002,True
27-08-26/0/map3-0.1-data-2026.08.27-16.12.38.424.jpk-force-map,2026-08-27T16:12:38.424000,3,0.1,18,51.76849852451828,51.72786326972635,51.78611638954832,0.9999302368729874,1000,True
27-08-26/0/map3-0.1-data-2026.08.27-16.12.38.424.jpk-force-map,2026-08-27T16:12:38.424000,3,0.1,19,51.38861047792777,51.35936642019773,51.39695442053727,0.999916328372714,1002,True
27-08-26/0/map3-0.1-data-2026.08.27-16.12.38.424.jpk-force-map,2026-08-27T16:12:38.424000,3,0.1,20,52.19125964614098,52.08862518555638,52.14396543240318,0.9998420739460592,1000,True
27-08-26/0/map3-0.1-data-2026.08.27-16.12.38.424.jpk-force-map,2026-08-27T16:12:38.424000,3,0.1,21,51.543718366459096,51.552955473638654,51.56921933376776,0.9998841384357019,999,True
27-08-26/0/map3-0.1-data-2026.08.27-16.12.38.424.jpk-force-map,2026-08-27T16:12:38.424000,3,0.1,22,51.88785261870712,51.92752019918139,51.867042108207386,0.9999267883094183,1000,True
27-08-26/0/map3-0.1-data-2026.08.27-16.12.38.424.jpk-force-map,2026-08-27T16:12:38.424000,3,0.1,23,51.70284221565371,51.58901780831324,51.656723749826014,0.9999221920564426,1001,True
27-08-26/0/map3-0.1-data-2026.08.27-16.12.38.424.jpk-force-map,2026-08-27T16:12:38.424000,3,0.1,24,51.75865541132003,51.80312866783374,51.71134844116886,0.9998485647938984,1001,True
27-08-26/0/map3-0.1-data-2026.08.27-16.12.38.424.jpk-force-map,2026-08-27T16:12:38.424000,3,0.1,25,52.11028903767808,52.02499737693747,52.25878104452341,0.999870522320931,1001,True
27-08-26/0/map3-0.1-data-2026.08.27-16.12.38.424.jpk-force-map,2026-08-27T16:12:38.424000,3,0.1,26,51.821344123972274,51.4442172775463,51.754929941218656,0.9996040993426341,999,True
27-08-26/0/map3-0.1-data-2026.08.27-16.12.38.424.jpk-force-map,2026-08-27T16:12:38.424000,3,0.1,27,52.4487428164158,52.59819004217503,52.166990066527106,0.9998727867754779,999,True
27-08-26/0/map3-0.1-data-2026.08.27-16.12.38.424.jpk-force-map,2026-08-27T16:12:38.424000,3,0.1,28,50.94446002128488,50.76987300505891,51.08955601297345,0.9998824549747484,1000,True
27-08-26/0/map3-0.1-data-2026.08.27-16.12.38.424.jpk-force-map,2026-08-27T16:12:38.424000,3,0.1,29,51.96260442975456,51.86200362389311,51.921222570601984,0.9998843859667998,1000,True
27-08-26/0/map3-0.1-data-2026.08.27-16.12.38.424.jpk-force-map,2026-08-27T16:12:38.424000,3,0.1,30,52.07805810780375,52.05865988523752,52.12824800633222,0.9999406807314514,1001,True
27-08-26/0/map3-0.1-data-2026.08.27-16.12.38.424.jpk-force-map,2026-08-27T16:12:38.424000,3,0.1,31,51.904782029447524,51.95545032767764,51.78451221610188,0.9998897933233146,1001,True
27-08-26/0/map3-0.1-data-2026.08.27-16.12.38.424.jpk-force-map,2026-08-27T16:12:38.424000,3,0.1,32,51.41118637169021,51.37782983699303,51.22222714055987,0.9999100289953071,999,True
27-08-26/0/map3-0.1-data-2026.08.27-16.12.38.424.jpk-force-map,2026-08-27T16:12:38.424000,3,0.1,33,51.76114633251082,51.887689409829925,51.8671118583588,0.9998798367771571,999,True
27-08-26/0/map3-0.1-data-2026.08.27-16.12.38.424.jpk-force-map,2026-08-27T16:12:38.424000,3,0.1,34,51.62418913877897,51.49496312314636,51.64476130226256,0.999852065396793,1001,True
27-08-26/0/map3-0.1-data-2026.08.27-16.12.38.424.jpk-force-map,2026-08-27T16:12:38.424000,3,0.1,35,51.539290105518106,51.5492371382566,51.599851128365096,0.9998626098541209,999,True
27-08-26/0/map3-0.1-data-2026.08.27-16.12.38.424.jpk-force-map,2026-08-27T16:12:38.424000,3,0.1,36,52.48727969263067,52.70664865125619,52.81749007598482,0.9997336239377591,1001,True
27-08-26/0/map3-0.1-data-2026.08.27-16.12.38.424.jpk-force-map,2026-08-27T16:12:38.424000,3,0.1,37,51.639849656134594,51.694269507987435,51.59005402885805,0.9999396721354851,1001,True
27-08-26/0/map3-0.1-data-2026.08.27-16.12.38.424.jpk-force-map,2026-08-27T16:12:38.424000,3,0.1,38,51.663988267906525,51.63540351329388,51.678303577211146,0.9999162224720276,1002,True
27-08-26/0/map3-0.1-data-2026.08.27-16.12.38.424.jpk-force-map,2026-08-27T16:12:38.424000,3,0.1,39,51.37948832164445,51.32237705345429,51.41065777004797,0.999935999424858,1000,True
27-08-26/0/map3-0.1-data-2026.08.27-16.12.38.424.jpk-force-map,2026-08-27T16:12:38.424000,3,0.1,40,51.83925195408963,51.78293234876368,51.8136814315909,0.9998863262201452,1003,True
27-08-26/0/map3-0.1-data-2026.08.27-16.12.38.424.jpk-force-map,2026-08-27T16:12:38.424000,3,0.1,41,51.73842745342569,51.60746041300487,51.76786279851063,0.9998811092020324,1002,True
27-08-26/0/map3-0.1-data-2026.08.27-16.12.38.424.jpk-force-map,2026-08-27T16:12:38.424000,3,0.1,42,51.801332319714604,51.741979061562645,51.83713018129301,0.9999412474459634,1000,True
27-08-26/0/map3-0.1-data-2026.08.27-16.12.38.424.jpk-force-map,2026-08-27T16:12:38.424000,3,0.1,43,52.14232739198081,52.20245025603873,52.10459837878072,0.9999119878257724,1000,True
27-08-26/0/map3-0.1-data-2026.08.27-16.12.38.424.jpk-force-map,2026-08-27T16:12:38.424000,3,0.1,44,52.53187123324628,52.505366328562836,52.674018862503125,0.9998765569139988,1003,True
27-08-26/0/map3-0.1-data-2026.08.27-16.12.38.424.jpk-force-map,2026-08-27T16:12:38.424000,3,0.1,45,51.940029581363085,52.00122388426459,51.93022543421627,0.9998910748218618,999,True
27-08-26/0/map3-0.1-data-2026.08.27-16.12.38.424.jpk-force-map,2026-08-27T16:12:38.424000,3,0.1,46,51.206790987044265,51.15397471222095,51.310054008482105,0.9999221155275299,1003,True
27-08-26/0/map3-0.1-data-2026.08.27-16.12.38.424.jpk-force-map,2026-08-27T16:12:38.424000,3,0.1,47,51.55600263026176,51.60678735244122,51.594656872942394,0.999858578806861,1002,True
27-08-26/0/map3-0.1-data-2026.08.27-16.12.38.424.jpk-force-map,2026-08-27T16:12:38.424000,3,0.1,48,51.85711187322792,51.87770145113678,51.819397598140974,0.9998350296411165,997,True
27-08-26/0/map3-0.1-data-2026.08.27-16.12.38.424.jpk-force-map,2026-08-27T16:12:38.424000,3,0.1,49,51.18993509783059,51.002603293720284,51.35305510011275,0.9998041126066582,1002,True
27-08-26/0/map3-0.1-data-2026.08.27-16.12.38.424.jpk-force-map,2026-08-27T16:12:38.424000,3,0.1,50,51.77293894833219,51.83971738101555,51.78464392302819,0.9998983501263073,997,True
27-08-26/0/map3-0.1-data-2026.08.27-16.12.38.424.jpk-force-map,2026-08-27T16:12:38.424000,3,0.1,51,51.69159241690214,51.670827822284856,51.78950137958775,0.9999036517915862,1001,True
27-08-26/0/map3-0.1-data-2026.08.27-16.12.38.424.jpk-force-map,2026-08-27T16:12:38.424000,3,0.1,52,51.79383815176946,51.819219436028355,51.75846504384877,0.9999184950079505,998,True
27-08-26/0/map3-0.1-data-2026.08.27-16.12.38.424.jpk-force-map,2026-08-27T16:12:38.424000,3,0.1,53,51.4158367694104,51.38560768243931,51.55676300507379,0.9999343419394666,1002,True
27-08-26/0/map3-0.1-data-2026.08.27-16.12.38.424.jpk-force-map,2026-08-27T16:12:38.424000,3,0.1,54,55.26353722278161,55.21453742740545,55.27208794757697,0.9999398398109517,1003,True
27-08-26/0/map3-0.1-data-2026.08.27-16.12.38.424.jpk-force-map,2026-08-27T16:12:38.424000,3,0.1,55,51.898955194338264,51.789742678334704,51.94159615782792,0.9999381692467966,1001,True
27-08-26/0/map3-0.1-data-2026.08.27-16.12.38.424.jpk-force-map,2026-08-27T16:12:38.424000,3,0.1,56,52.308040143926185,52.27148059331033,52.583333220259526,0.9999276961646799,998,True
27-08-26/0/map3-0.1-data-2026.08.27-16.12.38.424.jpk-force-map,2026-08-27T16:12:38.424000,3,0.1,57,52.03325527355811,52.06389023731035,52.03788052607074,0.9998713963579103,1001,True
27-08-26/0/map3-0.1-data-2026.08.27-16.12.38.424.jpk-force-map,2026-08-27T16:12:38.424000,3,0.1,58,51.668945414110645,51.68316343687342,51.780326361494815,0.9998303538692437,1001,True
27-08-26/0/map3-0.1-data-2026.08.27-16.12.38.424.jpk-force-map,2026-08-27T16:12:38.424000,3,0.1,59,52.876518197059035,53.09842221616032,52.74156627113926,0.999844774604755,1000,True
27-08-26/0/map3-0.1-data-2026.08.27-16.12.38.424.jpk-force-map,2026-08-27T16:12:38.424000,3,0.1,60,53.22067038630804,53.23289941091914,53.18219619381725,0.9998428623110177,999,True
27-08-26/0/map3-0.1-data-2026.08.27-16.12.38.424.jpk-force-map,2026-08-27T16:12:38.424000,3,0.1,61,51.83563411227745,51.84597828847698,51.89624232452489,0.9999513215951827,1000,True
27-08-26/0/map3-0.1-data-2026.08.27-16.12.38.424.jpk-force-map,2026-08-27T16:12:38.424000,3,0.1,62,54.31958601725433,54.14551173215196,54.34602526369125,0.9998210868778663,999,True
27-08-26/0/map3-0.1-data-2026.08.27-16.12.38.424.jpk-force-map,2026-08-27T16:12:38.424000,3,0.1,63,51.69649521989796,51.80228409463665,51.788412293318984,0.9999204387509919,1001,True
27-08-26/0/map3-0.1-data-2026.08.27-16.18.55.666.jpk-force-map,2026-08-27T16:18:55.666000,3,0.1,0,52.460278537917794,51.91365728624118,52.5031754393151,0.9997544142708332,1002,True
27-08-26/0/map3-0.1-data-2026.08.27-16.18.55.666.jpk-force-map,2026-08-27T16:18:55.666000,3,0.1,1,51.29021355609815,51.357353580226814,51.375368175974444,0.999889935793248,1001,True
27-08-26/0/map3-0.1-data-2026.08.27-16.18.55.666.jpk-force-map,2026-08-27T16:18:55.666000,3,0.1,2,51.5968795017059,51.64773915566555,51.61007822193829,0.999915199903537,998,True
27-08-26/0/map3-0.1-data-2026.08.27-16.18.55.666.jpk-force-map,2026-08-27T16:18:55.666000,3,0.1,3,51.585632838423614,51.59211353947333,51.71662430973388,0.9999448378112763,997,True
27-08-26/0/map3-0.1-data-2026.08.27-16.18.55.666.jpk-force-map,2026-08-27T16:18:55.666000,3,0.1,4,52.22659257922233,52.01340488612977,52.29744626608778,0.9999196303007158,1000,True
27-08-26/0/map3-0.1-data-2026.08.27-16.18.55.666.jpk-force-map,2026-08-27T16:18:55.666000,3,0.1,5,51.43466608164701,51.56376016426395,51.44489249833443,0.9999356491676213,1002,True
27-08-26/0/map3-0.1-data-2026.08.27-16.18.55.666.jpk-force-map,2026-08-27T16:18:55.666000,3,0.1,6,51.69561222792849,51.81145302936199,51.67804537014205,0.9999337174593006,1001,True
27-08-26/0/map3-0.1-data-2026.08.27-16.18.55.666.jpk-force-map,2026-08-27T16:18:55.666000,3,0.1,7,51.92257698796963,52.159268821021115,51.92977497743747,0.999864438568763,1001,True
27-08-26/0/map3-0.1-data-2026.08.27-16.18.55.666.jpk-force-map,2026-08-27T16:18:55.666000,3,0.1,8,51.71435836884078,51.76458415399835,51.6897049901695,0.9999084206514561,1003,True
27-08-26/0/map3-0.1-data-2026.08.27-16.18.55.666.jpk-force-map,2026-08-27T16:18:55.666000,3,0.1,9,51.7484030731222,51.91212325020513,51.78385169048856,0.9998775800583134,1000,True
27-08-26/0/map3-0.1-data-2026.08.27-16.18.55.666.jpk-force-map,2026-08-27T16:18:55.666000,3,0.1,10,51.402192633185024,51.50277538016802,51.344415703881396,0.9998954038021584,1001,True
27-08-26/0/map3-0.1-data-2026.08.27-16.18.55.666.jpk-force-map,2026-08-27T16:18:55.666000,3,0.1,11,51.27274341382529,51.30270038898324,51.33785951096768,0.99991521365365,1000,True
27-08-26/0/map3-0.1-data-2026.08.27-16.18.55.666.jpk-force-map,2026-08-27T16:18:55.666000,3,0.1,12,51.83007169568301,51.69406186586046,52.02396946226746,0.9998366688827645,999,True
27-08-26/0/map3-0.1-data-2026.08.27-16.18.55.666.jpk-force-map,2026-08-27T16:18:55.666000,3,0.1,13,51.561909598562806,51.624385993683546,51.389164722604534,0.9991943159508256,999,True
27-08-26/0/map3-0.1-data-2026.08.27-16.18.55.666.jpk-force-map,2026-08-27T16:18:55.666000,3,0.1,14,51.430095565543596,51.605086115938235,51.69423396551495,0.9998237464156862,1001,True
27-08-26/0/map3-0.1-data-2026.08.27-16.18.55.666.jpk-force-map,2026-08-27T16:18:55.666000,3,0.1,15,51.98242251520044,52.04406888730533,52.05834043835881,0.9999179306838458,1003,True
27-08-26/0/map3-0.1-data-2026.08.27-16.18.55.666.jpk-force-map,2026-08-27T16:18:55.666000,3,0.1,16,51.370384324708596,51.55195857148974,51.443256878629946,0.9997513591572689,998,True
27-08-26/0/map3-0.1-data-2026.08.27-16.18.55.666.jpk-force-map,2026-08-27T16:18:55.666000,3,0.1,17,51.50288933563284,51.36955333865824,51.56385549406759,0.9999105230503537,1000,True
27-08-26/0/map3-0.1-data-2026.08.27-16.18.55.666.jpk-force-map,2026-08-27T16:18:55.666000,3,0.1,18,51.68744265213442,51.720027384775115,51.701891850962305,0.999918240366779,1001,True
27-08-26/0/map3-0.1-data-2026.08.27-16.18.55.666.jpk-force-map,2026-08-27T16:18:55.666000,3,0.1,19,51.534509153894554,51.4481539130447,51.625018709104936,0.999877036268883,1000,True
27-08-26/0/map3-0.1-data-2026.08.27-16.18.55.666.jpk-force-map,2026-08-27T16:18:55.666000,3,0.1,20,51.905358934968696,51.85794153085512,51.92527297210931,0.9999520952663742,1000,True
27-08-26/0/map3-0.1-data-2026.08.27-16.18.55.666.jpk-force-map,2026-08-27T16:18:55.666000,3,0.1,21,51.430240278366135,51.372527320360724,51.47354609216642,0.9998941762566772,1001,True
27-08-26/0/map3-0.1-data-2026.08.27-16.18.55.666.jpk-force-map,2026-08-27T16:18:55.666000,3,0.1,22,51.46342445217177,51.41115324572665,51.537517730129274,0.999895160452743,997,True
27-08-26/0/map3-0.1-data-2026.08.27-16.18.55.666.jpk-force-map,2026-08-27T16:18:55.666000,3,0.1,23,51.60952626767481,51.61791697745106,51.60386352055967,0.9999326511520775,1001,True
27-08-26/0/map3-0.1-data-2026.08.27-16.18.55.666.jpk-force-map,2026-08-27T16:18:55.666000,3,0.1,24,51.46638723149111,50.90785099647163,51.18743122737794,0.9990911844292539,1001,True
27-08-26/0/map3-0.1-data-2026.08.27-16.18.55.666.jpk-force-map,2026-08-27T16:18:55.666000,3,0.1,25,51.93764801571634,51.8388309587302,52.01849711268921,0.9998903779952083,1001,True
27-08-26/0/map3-0.1-data-2026.08.27-16.18.55.666.jpk-force-map,2026-08-27T16:18:55.666000,3,0.1,26,51.5670206511173,51.56800774525189,51.58250837381244,0.9999254690337046,1001,True
27-08-26/0/map3-0.1-data-2026.08.27-16.18.55.666.jpk-force-map,2026-08-27T16:18:55.666000,3,0.1,27,51.47048922620583,51.38539220810076,51.59190389720508,0.9999196829751765,1000,True
27-08-26/0/map3-0.1-data-2026.08.27-16.18.55.666.jpk-force-map,2026-08-27T16:18:55.666000,3,0.1,28,51.71338575737408,51.70192426286479,51.7588700711325,0.999924544225305,1001,True
27-08-26/0/map3-0.1-data-2026.08.27-16.18.55.666.jpk-force-map,2026-08-27T16:18:55.666000,3,0.1,29,51.52652838310764,51.51567634133495,51.67813604797419,0.9999200387422618,1001,True
27-08-26/0/map3-0.1-data-2026.08.27-16.18.55.666.jpk-force-map,2026-08-27T16:18:55.666000,3,0.1,30,52.11260515520783,52.01299987695772,52.01057675899899,0.9998724263701677,1001,True
27-08-26/0/map3-0.1-data-2026.08.27-16.18.55.666.jpk-force-map,2026-08-27T16:18:55.666000,3,0.1,31,51.77101501541728,51.75537455612061,51.740292854336346,0.9999114626729999,1003,True
27-08-26/0/map3-0.1-data-2026.08.27-16.18.55.666.jpk-force-map,2026-08-27T16:18:55.666000,3,0.1,32,51.92304969522602,52.026449315563845,51.77778366291361,0.9998672354498073,1002,True
27-08-26/0/map3-0.1-data-2026.08.27-16.18.55.666.jpk-force-map,2026-08-27T16:18:55.666000,3,0.1,33,51.80333419813775,51.79717839680366,51.802844908490904,0.9999162423731643,999,True
27-08-26/0/map3-0.1-data-2026.08.27-16.18.55.666.jpk-force-map,2026-08-27T16:18:55.666000,3,0.1,34,51.52175905394462,51.61290778004173,51.49874300867133,0.9998293335377396,999,True
27-08-26/0/map3-0.1-data-2026.08.27-16.18.55.666.jpk-force-map,2026-08-27T16:18:55.666000,3,0.1,35,51.66493260272741,51.602053111475776,51.67436060995944,0.9998930497563223,1001,True
27-08-26/0/map3-0.1-data-2026.08.27-16.18.55.666.jpk-force-map,2026-08-27T16:18:55.666000,3,0.1,36,52.41274515068132,52.41132091763406,52.36939181776362,0.9999132325807581,1002,True
27-08-26/0/map3-0.1-data-2026.08.27-16.18.55.666.jpk-force-map,2026-08-27T16:18:55.666000,3,0.1,37,50.966749418519285,50.87931503550955,51.046853332786455,0.9999242517505863,999,True
27-08-26/0/map3-0.1-data-2026.08.27-16.18.55.666.jpk-force-map,2026-08-27T16:18:55.666000,3,0.1,38,51.57844323646561,51.56869215899028,51.56555248731346,0.9999353696592246,1000,True
27-08-26/0/map3-0.1-data-2026.08.27-16.18.55.666.jpk-force-map,2026-08-27T16:18:55.666000,3,0.1,39,51.14362353250281,51.04852197366182,51.306499860471064,0.9999022330283821,1001,True
27-08-26/0/map3-0.1-data-2026.08.27-16.18.55.666.jpk-force-map,2026-08-27T16:18:55.666000,3,0.1,40,52.165437113099024,52.04650964404873,52.301277427400905,0.9999390033012154,1000,True
27-08-26/0/map3-0.1-data-2026.08.27-16.18.55.666.jpk-force-map,2026-08-27T16:18:55.666000,3,0.1,41,51.634276810776285,51.70068232411917,51.5367457296069,0.9999337182054195,999,True
27-08-26/0/map3-0.1-data-2026.08.27-16.18.55.666.jpk-force-map,2026-08-27T16:18:55.666000,3,0.1,42,51.57786537157984,51.47184858348832,51.702044121549996,0.9999270672861175,999,True
27-08-26/0/map3-0.1-data-2026.08.27-16.18.55.666.jpk-force-map,2026-08-27T16:18:55.666000,3,0.1,43,51.348384485120384,51.33110984187043,51.43193230826753,0.9999180691672767,998,True
27-08-26/0/map3-0.1-data-2026.08.27-16.18.55.666.jpk-force-map,2026-08-27T16:18:55.666000,3,0.1,44,52.39445616662089,51.85864325536602,53.069605607521126,0.9998115098892056,999,True
27-08-26/0/map3-0.1-data-2026.08.27-16.18.55.666.jpk-force-map,2026-08-27T16:18:55.666000,3,0.1,45,51.059866762459905,50.908978059543635,50.97649743720367,0.9997729957050123,1001,True
27-08-26/0/map3-0.1-data-2026.08.27-16.18.55.666.jpk-force-map,2026-08-27T16:18:55.666000,3,0.1,46,51.59647776488554,51.46777381376452,51.70302970138409,0.9999344166091386,1001,True
27-08-26/0/map3-0.1-data-2026.08.27-16.18.55.666.jpk-force-map,2026-08-27T16:18:55.666000,3,0.1,47,51.76617242198512,51.742444828460165,51.72224193045113,0.9998461738472371,1000,True
27-08-26/0/map3-0.1-data-2026.08.27-16.18.55.666.jpk-force-map,2026-08-27T16:18:55.666000,3,0.1,48,51.77401490128661,51.765760192501354,51.70636139332561,0.9999149814401709,1000,True
27-08-26/0/map3-0.1-data-2026.08.27-16.18.55.666.jpk-force-map,2026-08-27T16:18:55.666000,3,0.1,49,51.82528464226831,51.59372911205349,51.828276167737506,0.9997952316537844,998,True
27-08-26/0/map3-0.1-data-2026.08.27-16.18.55.666.jpk-force-map,2026-08-27T16:18:55.666000,3,0.1,50,51.304250314696766,51.313656781902104,51.27321422364181,0.999952200054443,998,True
27-08-26/0/map3-0.1-data-2026.08.27-16.18.55.666.jpk-force-map,2026-08-27T16:18:55.666000,3,0.1,51,51.711449966383476,51.7071540607251,51.55277051084088,0.9999130894301312,999,True
27-08-26/0/map3-0.1-data-2026.08.27-16.18.55.666.jpk-force-map,2026-08-27T16:18:55.666000,3,0.1,52,51.57260033520547,51.61495407940909,51.56275702476182,0.9999149744888901,999,True
27-08-26/0/map3-0.1-data-2026.08.27-16.18.55.666.jpk-force-map,2026-08-27T16:18:55.666000,3,0.1,53,52.751639225653655,52.364526019044675,53.38625642395474,0.9998059408141938,1001,True
27-08-26/0/map3-0.1-data-2026.08.27-16.18.55.666.jpk-force-map,2026-08-27T16:18:55.666000,3,0.1,54,55.75090949770433,55.639902623614255,55.8368226064623,0.9999330936658357,1001,True
27-08-26/0/map3-0.1-data-2026.08.27-16.18.55.666.jpk-force-map,2026-08-27T16:18:55.666000,3,0.1,55,51.8673287178517,51.76134564343831,51.96335482448066,0.9999196681770237,1002,True
27-08-26/0/map3-0.1-data-2026.08.27-16.18.55.666.jpk-force-map,2026-08-27T16:18:55.666000,3,0.1,56,52.600606307471914,52.44014598110343,52.62338131717648,0.9999204478249097,1001,True
27-08-26/0/map3-0.1-data-2026.08.27-16.18.55.666.jpk-force-map,2026-08-27T16:18:55.666000,3,0.1,57,51.79715647794734,51.66802121003776,51.937153874944784,0.9998648078021065,998,True
27-08-26/0/map3-0.1-data-2026.08.27-16.18.55.666.jpk-force-map,2026-08-27T16:18:55.666000,3,0.1,58,51.87386978030036,51.72579450722756,51.82428810113507,0.9998799097886906,997,True
27-08-26/0/map3-0.1-data-2026.08.27-16.18.55.666.jpk-force-map,2026-08-27T16:18:55.666000,3,0.1,59,51.65288383756025,51.68829343710963,51.63159745430712,0.9999424593969002,1001,True
27-08-26/0/map3-0.1-data-2026.08.27-16.18.55.666.jpk-force-map,2026-08-27T16:18:55.666000,3,0.1,60,56.17384963108988,56.35620907010379,55.810809882509076,0.9997837932932059,1000,True
27-08-26/0/map3-0.1-data-2026.08.27-16.18.55.666.jpk-force-map,2026-08-27T16:18:55.666000,3,0.1,61,51.6796267693411,51.649453726633084,51.816187763483086,0.999940822156499,999,True
27-08-26/0/map3-0.1-data-2026.08.27-16.18.55.666.jpk-force-map,2026-08-27T16:18:55.666000,3,0.1,62,51.849785395375584,51.96597454917637,51.842807104368774,0.9999167577510855,1000,True
27-08-26/0/map3-0.1-data-2026.08.27-16.18.55.666.jpk-force-map,2026-08-27T16:18:55.666000,3,0.1,63,51.69136831416012,51.87280709585254,51.631911167280876,0.9998379247891931,1001,True
27-08-26/0/map3-0.2-data-2026.08.27-16.25.10.504.jpk-force-map,2026-08-27T16:25:10.504000,3,0.2,0,51.64358851277424,51.52663503133858,51.650535722725905,0.9999318652875984,501,True
27-08-26/0/map3-0.2-data-2026.08.27-16.25.10.504.jpk-force-map,2026-08-27T16:25:10.504000,3,0.2,1,51.7925694767687,51.91661616629829,51.67993246775964,0.9999347568235185,500,True
27-08-26/0/map3-0.2-data-2026.08.27-16.25.10.504.jpk-force-map,2026-08-27T16:25:10.504000,3,0.2,2,51.682823795628046,51.70883940576557,51.61605918548904,0.999899839046286,500,True
27-08-26/0/map3-0.2-data-2026.08.27-16.25.10.504.jpk-force-map,2026-08-27T16:25:10.504000,3,0.2,3,51.78036334354327,51.91766303317909,51.702455728515964,0.999921636335875,501,True
27-08-26/0/map3-0.2-data-2026.08.27-16.25.10.504.jpk-force-map,2026-08-27T16:25:10.504000,3,0.2,4,51.7204884664433,51.60572409282346,51.74669432904641,0.9999408499544244,500,True
27-08-26/0/map3-0.2-data-2026.08.27-16.25.10.504.jpk-force-map,2026-08-27T16:25:10.504000,3,0.2,5,51.90063701615278,51.95170195646888,51.95130613293059,0.9999335368907093,501,True
27-08-26/0/map3-0.2-data-2026.08.27-16.25.10.504.jpk-force-map,2026-08-27T16:25:10.504000,3,0.2,6,51.71066612545282,51.79205211255509,51.7463003722666,0.9999359377058712,501,True
27-08-26/0/map3-0.2-data-2026.08.27-16.25.10.504.jpk-force-map,2026-08-27T16:25:10.504000,3,0.2,7,52.144331329162185,52.257036376796876,52.130429571830255,0.9999238898539251,500,True
27-08-26/0/map3-0.2-data-2026.08.27-16.25.10.504.jpk-force-map,2026-08-27T16:25:10.504000,3,0.2,8,51.55273891068739,51.477761860459516,51.59487496632001,0.9999139573297587,501,True
27-08-26/0/map3-0.2-data-2026.08.27-16.25.10.504.jpk-force-map,2026-08-27T16:25:10.504000,3,0.2,9,51.55123097605887,51.58576456141935,51.58454675412825,0.999904121145116,501,True
27-08-26/0/map3-0.2-data-2026.08.27-16.25.10.504.jpk-force-map,2026-08-27T16:25:10.504000,3,0.2,10,51.48060247918858,51.457434703928136,51.52694032320008,0.9999186927159667,501,True
27-08-26/0/map3-0.2-data-2026.08.27-16.25.10.504.jpk-force-map,2026-08-27T16:25:10.504000,3,0.2,11,51.52032983528588,51.46133861854222,51.51175555565347,0.9999329213991749,500,True
27-08-26/0/map3-0.2-data-2026.08.27-16.25.10.504.jpk-force-map,2026-08-27T16:25:10.504000,3,0.2,12,51.72178823633686,51.65074036150949,51.75660671541918,0.9999248896410131,501,True
27-08-26/0/map3-0.2-data-2026.08.27-16.25.10.504.jpk-force-map,2026-08-27T16:25:10.504000,3,0.2,13,51.65665659851117,51.70964677550548,51.634840153670915,0.9998830014654768,500,True
27-08-26/0/map3-0.2-data-2026.08.27-16.25.10.504.jpk-force-map,2026-08-27T16:25:10.504000,3,0.2,14,52.052754808488736,52.063834736464564,51.9574266765747,0.99992841647076,500,True
27-08-26/0/map3-0.2-data-2026.08.27-16.25.10.504.jpk-force-map,2026-08-27T16:25:10.504000,3,0.2,15,52.35678093653793,52.51400099139514,52.294689983552914,0.9999415460805777,501,True
27-08-26/0/map3-0.2-data-2026.08.27-16.25.10.504.jpk-force-map,2026-08-27T16:25:10.504000,3,0.2,16,51.46738413153872,51.435222011864184,51.47945891090239,0.9999480323526492,502,True
27-08-26/0/map3-0.2-data-2026.08.27-16.25.10.504.jpk-force-map,2026-08-27T16:25:10.504000,3,0.2,17,51.70377928028458,51.60777134092452,51.70247015509748,0.9999375174648054,500,True
27-08-26/0/map3-0.2-data-2026.08.27-16.25.10.504.jpk-force-map,2026-08-27T16:25:10.504000,3,0.2,18,51.54806236137992,51.58065240198701,51.55778412015384,0.999919950016021,501,True
27-08-26/0/map3-0.2-data-2026.08.27-16.25.10.504.jpk-force-map,2026-08-27T16:25:10.504000,3,0.2,19,51.92642632758572,51.79315072730959,51.95800228343026,0.99982765402001,501,True
27-08-26/0/map3-0.2-data-2026.08.27-16.25.10.504.jpk-force-map,2026-08-27T16:25:10.504000,3,0.2,20,51.96898519039039,51.98051793118815,51.96784080896357,0.9999447212648365,500,True
27-08-26/0/map3-0.2-data-2026.08.27-16.25.10.504.jpk-force-map,2026-08-27T16:25:10.504000,3,0.2,21,51.861948923461455,51.726836479936004,51.836025175186116,0.9999124798111175,501,True
27-08-26/0/map3-0.2-data-2026.08.27-16.25.10.504.jpk-force-map,2026-08-27T16:25:10.504000,3,0.2,22,51.76407044919274,51.731453736820164,51.87525963394715,0.9999381027338963,501,True
27-08-26/0/map3-0.2-data-2026.08.27-16.25.10.504.jpk-force-map,2026-08-27T16:25:10.504000,3,0.2,23,52.11281467914156,51.91920825477561,52.27357358699446,0.9999017197037814,501,True
27-08-26/0/map3-0.2-data-2026.08.27-16.25.10.504.jpk-force-map,2026-08-27T16:25:10.504000,3,0.2,24,51.66273189483659,51.446305257220985,51.82935911031876,0.9998943433758261,501,True
27-08-26/0/map3-0.2-data-2026.08.27-16.25.10.504.jpk-force-map,2026-08-27T16:25:10.504000,3,0.2,25,52.096879592509424,51.969908575801504,52.10694722405305,0.9999067180458837,501,True
27-08-26/0/map3-0.2-data-2026.08.27-16.25.10.504.jpk-force-map,2026-08-27T16:25:10.504000,3,0.2,26,51.707769198735555,51.6670419247436,51.76597913134902,0.9999461560629916,500,True
27-08-26/0/map3-0.2-data-2026.08.27-16.25.10.504.jpk-force-map,2026-08-27T16:25:10.504000,3,0.2,27,51.87343654717706,52.323085844836015,51.58357643570566,0.999784918886478,499,True
27-08-26/0/map3-0.2-data-2026.08.27-16.25.10.504.jpk-force-map,2026-08-27T16:25:10.504000,3,0.2,28,51.72860025325744,51.75108394337141,51.75679019458327,0.9999584871107255,502,True
27-08-26/0/map3-0.2-data-2026.08.27-16.25.10.504.jpk-force-map,2026-08-27T16:25:10.504000,3,0.2,29,51.74238491808736,51.6717942619035,51.90772439490809,0.9999327964433874,501,True
27-08-26/0/map3-0.2-data-2026.08.27-16.25.10.504.jpk-force-map,2026-08-27T16:25:10.504000,3,0.2,30,51.94069548352824,51.89473498681831,51.94861250455984,0.9999213918505845,501,True
27-08-26/0/map3-0.2-data-2026.08.27-16.25.10.504.jpk-force-map,2026-08-27T16:25:10.504000,3,0.2,31,51.55799834172024,51.56593230022186,51.610987737500594,0.9999129511487453,501,True
27-08-26/0/map3-0.2-data-2026.08.27-16.25.10.504.jpk-force-map,2026-08-27T16:25:10.504000,3,0.2,32,52.25223203154955,52.35037861324724,52.109286788427305,0.9998733863530764,500,True
27-08-26/0/map3-0.2-data-2026.08.27-16.25.10.504.jpk-force-map,2026-08-27T16:25:10.504000,3,0.2,33,51.848195865715155,51.74690379041458,51.87260104397387,0.9999356990669009,500,True
27-08-26/0/map3-0.2-data-2026.08.27-16.25.10.504.jpk-force-map,2026-08-27T16:25:10.504000,3,0.2,34,51.496137037618475,51.41988583440678,51.57656045815652,0.9998936315977258,501,True
27-08-26/0/map3-0.2-data-2026.08.27-16.25.10.504.jpk-force-map,2026-08-27T16:25:10.504000,3,0.2,35,51.755295588219276,51.70903410400397,51.768870013843234,0.999896185724809,500,True
27-08-26/0/map3-0.2-data-2026.08.27-16.25.10.504.jpk-force-map,2026-08-27T16:25:10.504000,3,0.2,36,52.06550454034978,51.981815508029875,52.06530711578817,0.9999395128024663,501,True
27-08-26/0/map3-0.2-data-2026.08.27-16.25.10.504.jpk-force-map,2026-08-27T16:25:10.504000,3,0.2,37,51.73234829823977,51.62419028974316,51.74972383184085,0.9999121822146217,502,True
27-08-26/0/map3-0.2-data-2026.08.27-16.25.10.504.jpk-force-map,2026-08-27T16:25:10.504000,3,0.2,38,51.51800477613738,51.46178337339858,51.58727759107389,0.9999328900289438,502,True
27-08-26/0/map3-0.2-data-2026.08.27-16.25.10.504.jpk-force-map,2026-08-27T16:25:10.504000,3,0.2,39,51.7320392836249,51.673816630740376,51.774559389281215,0.9999199560753372,501,True
27-08-26/0/map3-0.2-data-2026.08.27-16.25.10.504.jpk-force-map,2026-08-27T16:25:10.504000,3,0.2,40,51.70410618937011,51.71002348417007,51.72310205328224,0.9999411217444715,501,True
27-08-26/0/map3-0.2-data-2026.08.27-16.25.10.504.jpk-force-map,2026-08-27T16:25:10.504000,3,0.2,41,51.84280822300695,51.88819001610006,51.8000738507606,0.999942297047499,501,True
27-08-26/0/map3-0.2-data-2026.08.27-16.25.10.504.jpk-force-map,2026-08-27T16:25:10.504000,3,0.2,42,51.898003061070824,51.91320173159692,51.934617186254904,0.9999558288580107,500,True
27-08-26/0/map3-0.2-data-2026.08.27-16.25.10.504.jpk-force-map,2026-08-27T16:25:10.504000,3,0.2,43,51.96487495308493,52.045473424620695,51.936687047398514,0.9999253464976231,501,True
27-08-26/0/map3-0.2-data-2026.08.27-16.25.10.504.jpk-force-map,2026-08-27T16:25:10.504000,3,0.2,44,52.22140807431718,52.049857521094694,52.3327875760045,0.9999391687925532,499,True
27-08-26/0/map3-0.2-data-2026.08.27-16.25.10.504.jpk-force-map,2026-08-27T16:25:10.504000,3,0.2,45,51.15178786027568,50.94358529363764,51.24259903650366,0.9999026394512212,500,True
27-08-26/0/map3-0.2-data-2026.08.27-16.25.10.504.jpk-force-map,2026-08-27T16:25:10.504000,3,0.2,46,51.673931140096016,51.444214607531045,51.61662742049294,0.9998857634348295,499,True
27-08-26/0/map3-0.2-data-2026.08.27-16.25.10.504.jpk-force-map,2026-08-27T16:25:10.504000,3,0.2,47,52.23462133062105,52.22529407915766,52.04517040077718,0.9999353195450195,501,True
27-08-26/0/map3-0.2-data-2026.08.27-16.25.10.504.jpk-force-map,2026-08-27T16:25:10.504000,3,0.2,48,51.76253506148251,51.747694211620995,51.87284379668137,0.9999385867592002,500,True
27-08-26/0/map3-0.2-data-2026.08.27-16.25.10.504.jpk-force-map,2026-08-27T16:25:10.504000,3,0.2,49,51.6390111391475,51.61341019847643,51.679410105050536,0.9999242280188313,501,True
27-08-26/0/map3-0.2-data-2026.08.27-16.25.10.504.jpk-force-map,2026-08-27T16:25:10.504000,3,0.2,50,51.66133426267785,51.63371622266549,51.67986224818008,0.9999549271760015,501,True
27-08-26/0/map3-0.2-data-2026.08.27-16.25.10.504.jpk-force-map,2026-08-27T16:25:10.504000,3,0.2,51,52.051368160855965,51.98755394517797,52.017274655223304,0.9999361786034641,500,True
27-08-26/0/map3-0.2-data-2026.08.27-16.25.10.504.jpk-force-map,2026-08-27T16:25:10.504000,3,0.2,52,51.771211979836536,51.662987801272855,51.77759770117029,0.9999249250863955,500,True
27-08-26/0/map3-0.2-data-2026.08.27-16.25.10.504.jpk-force-map,2026-08-27T16:25:10.504000,3,0.2,53,52.64694099657176,52.20225690063768,53.18639046142475,0.9998289769316111,499,True
27-08-26/0/map3-0.2-data-2026.08.27-16.25.10.504.jpk-force-map,2026-08-27T16:25:10.504000,3,0.2,54,52.87533385405745,52.8841977205871,53.26104266059974,0.9999098069925364,500,True
27-08-26/0/map3-0.2-data-2026.08.27-16.25.10.504.jpk-force-map,2026-08-27T16:25:10.504000,3,0.2,55,51.96410816440308,51.87758678901767,51.99091761583067,0.9999011619646254,500,True
27-08-26/0/map3-0.2-data-2026.08.27-16.25.10.504.jpk-force-map,2026-08-27T16:25:10.504000,3,0.2,56,52.29993063472647,52.16524873116132,52.614077729891235,0.9999218655468749,500,True
27-08-26/0/map3-0.2-data-2026.08.27-16.25.10.504.jpk-force-map,2026-08-27T16:25:10.504000,3,0.2,57,51.6837123875199,51.66929482110056,51.686097800095816,0.9999471068828,500,True
27-08-26/0/map3-0.2-data-2026.08.27-16.25.10.504.jpk-force-map,2026-08-27T16:25:10.504000,3,0.2,58,51.2391713638767,51.28165334375066,51.538586303382914,0.9996503849056763,501,True
27-08-26/0/map3-0.2-data-2026.08.27-16.25.10.504.jpk-force-map,2026-08-27T16:25:10.504000,3,0.2,59,51.97774196104606,51.94344749738738,51.992510595773254,0.9999106315420199,502,True
27-08-26/0/map3-0.2-data-2026.08.27-16.25.10.504.jpk-force-map,2026-08-27T16:25:10.504000,3,0.2,60,52.07830035560543,51.917017664392276,52.2597391135245,0.9998664814556266,501,True
27-08-26/0/map3-0.2-data-2026.08.27-16.25.10.504.jpk-force-map,2026-08-27T16:25:10.504000,3,0.2,61,51.68318617840626,51.87034247040689,51.53219705906783,0.999908679401947,501,True
27-08-26/0/map3-0.2-data-2026.08.27-16.25.10.504.jpk-force-map,2026-08-27T16:25:10.504000,3,0.2,62,51.51224213213926,51.35264566622681,51.60063046713822,0.999908579172009,501,True
27-08-26/0/map3-0.2-data-2026.08.27-16.25.10.504.jpk-force-map,2026-08-27T16:25:10.504000,3,0.2,63,52.599665311719974,52.40057324733894,52.330420856124306,0.9998034105547329,499,True
27-08-26/0/map3-0.05-data-2026.08.27-16.29.39.734.jpk-force-map,2026-08-27T16:29:39.734000,3,0.05,0,51.652263245389555,51.57655265018939,51.64278408214441,0.9997900103994061,1999,True
27-08-26/0/map3-0.05-data-2026.08.27-16.29.39.734.jpk-force-map,2026-08-27T16:29:39.734000,3,0.05,1,51.56481007658337,51.46575172896546,51.54959783856611,0.9999159531351712,1998,True
27-08-26/0/map3-0.05-data-2026.08.27-16.29.39.734.jpk-force-map,2026-08-27T16:29:39.734000,3,0.05,2,51.36257384607316,51.302256871540315,51.42688173907932,0.9998864871099756,2002,True
27-08-26/0/map3-0.05-data-2026.08.27-16.29.39.734.jpk-force-map,2026-08-27T16:29:39.734000,3,0.05,3,51.15058271922776,51.09379502765228,51.199688378603476,0.999911018285422,2002,True
27-08-26/0/map3-0.05-data-2026.08.27-16.29.39.734.jpk-force-map,2026-08-27T16:29:39.734000,3,0.05,4,51.791920911531705,51.75932223182892,51.85694563617739,0.9999241349202129,1996,True
27-08-26/0/map3-0.05-data-2026.08.27-16.29.39.734.jpk-force-map,2026-08-27T16:29:39.734000,3,0.05,5,51.71935904320505,51.608918698228294,51.819343320257865,0.9998674517133557,2001,True
27-08-26/0/map3-0.05-data-2026.08.27-16.29.39.734.jpk-force-map,2026-08-27T16:29:39.734000,3,0.05,6,51.788091466685465,51.77529123757385,51.79964872568514,0.999876321121637,1997,True
27-08-26/0/map3-0.05-data-2026.08.27-16.29.39.734.jpk-force-map,2026-08-27T16:29:39.734000,3,0.05,7,51.692147980726794,51.61998992733559,51.772850735432826,0.9998919071689006,1997,True
27-08-26/0/map3-0.05-data-2026.08.27-16.29.39.734.jpk-force-map,2026-08-27T16:29:39.734000,3,0.05,8,51.56887282266695,51.5343545512744,51.525255232916855,0.9999133266893643,1998,True
27-08-26/0/map3-0.05-data-2026.08.27-16.29.39.734.jpk-force-map,2026-08-27T16:29:39.734000,3,0.05,9,51.60805881085716,51.557570690106154,51.67366590157156,0.9998551619293129,1997,True
27-08-26/0/map3-0.05-data-2026.08.27-16.29.39.734.jpk-force-map,2026-08-27T16:29:39.734000,3,0.05,10,51.85082203396332,51.977005504431844,51.624853462662706,0.9995376954078858,1999,True
27-08-26/0/map3-0.05-data-2026.08.27-16.29.39.734.jpk-force-map,2026-08-27T16:29:39.734000,3,0.05,11,51.669345844694845,51.707655276515034,51.64210307369949,0.9999263162758795,1999,True
27-08-26/0/map3-0.05-data-2026.08.27-16.29.39.734.jpk-force-map,2026-08-27T16:29:39.734000,3,0.05,12,51.5468988272427,51.51846546272279,51.54154893982638,0.9999030330274853,1997,True
27-08-26/0/map3-0.05-data-2026.08.27-16.29.39.734.jpk-force-map,2026-08-27T16:29:39.734000,3,0.05,13,51.41223652812277,51.394621734949006,51.4216704156656,0.9998821619355016,2000,True
27-08-26/0/map3-0.05-data-2026.08.27-16.29.39.734.jpk-force-map,2026-08-27T16:29:39.734000,3,0.05,14,51.7125521641354,51.61254027418296,51.760984923252195,0.9999309933914832,1996,True
27-08-26/0/map3-0.05-data-2026.08.27-16.29.39.734.jpk-force-map,2026-08-27T16:29:39.734000,3,0.05,15,51.899642105323224,51.81377954723916,51.97748148765893,0.9999179923035275,1997,True
27-08-26/0/map3-0.05-data-2026.08.27-16.29.39.734.jpk-force-map,2026-08-27T16:29:39.734000,3,0.05,16,51.44147888824809,51.38214486609186,51.49305847183542,0.9999148913923971,1998,True
27-08-26/0/map3-0.05-data-2026.08.27-16.29.39.734.jpk-force-map,2026-08-27T16:29:39.734000,3,0.05,17,51.80559874223961,51.86387942036573,51.794380458366916,0.9999208534804206,1997,True
27-08-26/0/map3-0.05-data-2026.08.27-16.29.39.734.jpk-force-map,2026-08-27T16:29:39.734000,3,0.05,18,51.412449313591594,51.339296609760666,51.50394684973614,0.9999173576663697,1998,True
27-08-26/0/map3-0.05-data-2026.08.27-16.29.39.734.jpk-force-map,2026-08-27T16:29:39.734000,3,0.05,19,51.4629334165009,51.52207419538021,51.427413222070484,0.9998202977401771,2002,True
27-08-26/0/map3-0.05-data-2026.08.27-16.29.39.734.jpk-force-map,2026-08-27T16:29:39.734000,3,0.05,20,51.9768959559357,51.83947570703378,52.06460435521087,0.9999310185562317,1998,True
27-08-26/0/map3-0.05-data-2026.08.27-16.29.39.734.jpk-force-map,2026-08-27T16:29:39.734000,3,0.05,21,51.57363624176821,51.46929093779952,51.58095920630413,0.9999011060134484,1997,True
27-08-26/0/map3-0.05-data-2026.08.27-16.29.39.734.jpk-force-map,2026-08-27T16:29:39.734000,3,0.05,22,51.569665204910805,51.56091706505715,51.67685700163565,0.999895287484312,1999,True
27-08-26/0/map3-0.05-data-2026.08.27-16.29.39.734.jpk-force-map,2026-08-27T16:29:39.734000,3,0.05,23,51.65840737617106,51.65968843924445,51.680050435191006,0.9998849857665075,1997,True
27-08-26/0/map3-0.05-data-2026.08.27-16.29.39.734.jpk-force-map,2026-08-27T16:29:39.734000,3,0.05,24,51.65918822197472,51.65001747988236,51.639876261427816,0.9999349720989794,2004,True
27-08-26/0/map3-0.05-data-2026.08.27-16.29.39.734.jpk-force-map,2026-08-27T16:29:39.734000,3,0.05,25,51.628559163850575,51.630718838922824,51.627964699192134,0.9999193808854014,2001,True
27-08-26/0/map3-0.05-data-2026.08.27-16.29.39.734.jpk-force-map,2026-08-27T16:29:39.734000,3,0.05,26,51.632728714021425,51.58378994329436,51.72250841677207,0.9999357825330546,2002,True
27-08-26/0/map3-0.05-data-2026.08.27-16.29.39.734.jpk-force-map,2026-08-27T16:29:39.734000,3,0.05,27,53.133877429799085,53.4491160173247,52.76864141489694,0.9997459537876099,2002,True
27-08-26/0/map3-0.05-data-2026.08.27-16.29.39.734.jpk-force-map,2026-08-27T16:29:39.734000,3,0.05,28,51.77434235915396,51.77815709806615,51.78307865076842,0.9999461905908611,2003,True
27-08-26/0/map3-0.05-data-2026.08.27-16.29.39.734.jpk-force-map,2026-08-27T16:29:39.734000,3,0.05,29,51.649108758247834,51.58271465336018,51.72805269737258,0.9999337002588623,1999,True
27-08-26/0/map3-0.05-data-2026.08.27-16.29.39.734.jpk-force-map,2026-08-27T16:29:39.734000,3,0.05,30,52.302578324772114,52.16958830246502,52.416978405529164,0.9999362755281335,2000,True
27-08-26/0/map3-0.05-data-2026.08.27-16.29.39.734.jpk-force-map,2026-08-27T16:29:39.734000,3,0.05,31,51.910273704792544,51.95493463859336,51.9069107589683,0.9999281812442102,1997,True
27-08-26/0/map3-0.05-data-2026.08.27-16.29.39.734.jpk-force-map,2026-08-27T16:29:39.734000,3,0.05,32,51.99531274709907,52.188606963512534,51.819157151783735,0.9998825094706213,2002,True
27-08-26/0/map3-0.05-data-2026.08.27-16.29.39.734.jpk-force-map,2026-08-27T16:29:39.734000,3,0.05,33,51.70945332025998,51.73351287224619,51.7161711350959,0.9999206802055879,1996,True
27-08-26/0/map3-0.05-data-2026.08.27-16.29.39.734.jpk-force-map,2026-08-27T16:29:39.734000,3,0.05,34,51.704294317070115,51.696132549771534,51.67967251976588,0.9998792949984964,1997,True
27-08-26/0/map3-0.05-data-2026.08.27-16.29.39.734.jpk-force-map,2026-08-27T16:29:39.734000,3,0.05,35,51.63237813925293,51.750653700620816,51.64971008215809,0.9998566844774717,2000,True
27-08-26/0/map3-0.05-data-2026.08.27-16.29.39.734.jpk-force-map,2026-08-27T16:29:39.734000,3,0.05,36,52.96142529446575,52.97007017436073,53.08593581207379,0.9999284018718493,1997,True
27-08-26/0/map3-0.05-data-2026.08.27-16.29.39.734.jpk-force-map,2026-08-27T16:29:39.734000,3,0.05,37,51.540608019048655,51.543768650022365,51.50795950227258,0.9999350107245174,2006,True
27-08-26/0/map3-0.05-data-2026.08.27-16.29.39.734.jpk-force-map,2026-08-27T16:29:39.734000,3,0.05,38,51.68471071503593,51.58320939206786,51.77024777365166,0.999909030411311,1997,True
27-08-26/0/map3-0.05-data-2026.08.27-16.29.39.734.jpk-force-map,2026-08-27T16:29:39.734000,3,0.05,39,51.56678773738258,51.554526497140586,51.5778453556428,0.9999241530204144,1999,True
27-08-26/0/map3-0.05-data-2026.08.27-16.29.39.734.jpk-force-map,2026-08-27T16:29:39.734000,3,0.05,40,51.635853879305664,51.59515117219366,51.70125102188143,0.9999207521886769,2002,True
27-08-26/0/map3-0.05-data-2026.08.27-16.29.39.734.jpk-force-map,2026-08-27T16:29:39.734000,3,0.05,41,51.69115204546038,51.627339007741625,51.76055187271487,0.9999382746548652,2004,True
27-08-26/0/map3-0.05-data-2026.08.27-16.29.39.734.jpk-force-map,2026-08-27T16:29:39.734000,3,0.05,42,51.726031443591154,51.65805201091291,51.72234101386813,0.9999366159120399,1998,True
27-08-26/0/map3-0.05-data-2026.08.27-16.29.39.734.jpk-force-map,2026-08-27T16:29:39.734000,3,0.05,43,51.68927347931074,51.67873658928957,51.70605205358978,0.9999277356643645,2001,True
27-08-26/0/map3-0.05-data-2026.08.27-16.29.39.734.jpk-force-map,2026-08-27T16:29:39.734000,3,0.05,44,51.95078083357155,51.84298228725771,52.086124758318604,0.9999201729166431,2002,True
27-08-26/0/map3-0.05-data-2026.08.27-16.29.39.734.jpk-force-map,2026-08-27T16:29:39.734000,3,0.05,45,52.169719200899586,52.25477670874923,52.24326792385966,0.9999307573472435,1996,True
27-08-26/0/map3-0.05-data-2026.08.27-16.29.39.734.jpk-force-map,2026-08-27T16:29:39.734000,3,0.05,46,52.11848528196259,52.010232081463585,52.41685785663816,0.9999429202156277,1997,True
27-08-26/0/map3-0.05-data-2026.08.27-16.29.39.734.jpk-force-map,2026-08-27T16:29:39.734000,3,0.05,47,51.41258311363643,51.35151485958494,51.493874945951795,0.9999513078859027,1999,True
27-08-26/0/map3-0.05-data-2026.08.27-16.29.39.734.jpk-force-map,2026-08-27T16:29:39.734000,3,0.05,48,51.72719093839713,51.576623691034584,52.08303648344478,0.9999422197451644,1997,True
27-08-26/0/map3-0.05-data-2026.08.27-16.29.39.734.jpk-force-map,2026-08-27T16:29:39.734000,3,0.05,49,51.67756859375787,51.746684953556176,51.61869550524761,0.9999328142468562,2005,True
27-08-26/0/map3-0.05-data-2026.08.27-16.29.39.734.jpk-force-map,2026-08-27T16:29:39.734000,3,0.05,50,51.86078458326543,51.838638700536535,51.90156627087236,0.9999421989901542,1996,True
27-08-26/0/map3-0.05-data-2026.08.27-16.29.39.734.jpk-force-map,2026-08-27T16:29:39.734000,3,0.05,51,51.875181370214506,51.821899499794924,51.906063700131604,0.9999058274579326,2002,True
27-08-26/0/map3-0.05-data-2026.08.27-16.29.39.734.jpk-force-map,2026-08-27T16:29:39.734000,3,0.05,52,51.47433705596555,51.55715889210797,51.425921216107206,0.9999305378834267,1994,True
27-08-26/0/map3-0.05-data-2026.08.27-16.29.39.734.jpk-force-map,2026-08-27T16:29:39.734000,3,0.05,53,51.85617619688301,51.85291294339828,51.90259568885678,0.9999155770086624,2003,True
27-08-26/0/map3-0.05-data-2026.08.27-16.29.39.734.jpk-force-map,2026-08-27T16:29:39.734000,3,0.05,54,52.73448145377419,52.90614689807533,52.76874793539643,0.9998921114319901,1998,True
27-08-26/0/map3-0.05-data-2026.08.27-16.29.39.734.jpk-force-map,2026-08-27T16:29:39.734000,3,0.05,55,51.8227692102548,51.88305952531357,51.701414826389886,0.9998180433912189,2000,True
27-08-26/0/map3-0.05-data-2026.08.27-16.29.39.734.jpk-force-map,2026-08-27T16:29:39.734000,3,0.05,56,52.66943026535766,52.66551929767658,52.74580232614119,0.9999378433280713,2004,True
27-08-26/0/map3-0.05-data-2026.08.27-16.29.39.734.jpk-force-map,2026-08-27T16:29:39.734000,3,0.05,57,51.941439461227056,51.846515436653,51.999461638275136,0.9998860380349645,2006,True
27-08-26/0/map3-0.05-data-2026.08.27-16.29.39.734.jpk-force-map,2026-08-27T16:29:39.734000,3,0.05,58,51.9258225931184,51.9520276746524,51.92516004860632,0.9998618354826257,2005,True
27-08-26/0/map3-0.05-data-2026.08.27-16.29.39.734.jpk-force-map,2026-08-27T16:29:39.734000,3,0.05,59,52.043741086648744,52.07493269571057,52.13734203290441,0.9999187772908291,1996,True
27-08-26/0/map3-0.05-data-2026.08.27-16.29.39.734.jpk-force-map,2026-08-27T16:29:39.734000,3,0.05,60,51.84281389685137,51.79910932412499,51.79627229857712,0.9998526682733978,2000,True
27-08-26/0/map3-0.05-data-2026.08.27-16.29.39.734.jpk-force-map,2026-08-27T16:29:39.734000,3,0.05,61,52.011306704245044,51.990168002515105,52.029477607001354,0.9999148245454136,2001,True
27-08-26/0/map3-0.05-data-2026.08.27-16.29.39.734.jpk-force-map,2026-08-27T16:29:39.734000,3,0.05,62,53.03630846638035,52.94424121921529,53.06590356522389,0.9998804723288722,1997,True
27-08-26/0/map3-0.05-data-2026.08.27-16.29.39.734.jpk-force-map,2026-08-27T16:29:39.734000,3,0.05,63,51.54744032731731,51.676822565220924,51.430862573125715,0.999908652163873,2005,True
27-08-26/0/map4-0.2-data-2026.08.27-16.47.00.630.jpk-force-map,2026-08-27T16:47:00.630000,4,0.2,0,50.948956826819376,50.922016264843165,50.923722920950624,0.9996479619946113,502,True
27-08-26/0/map4-0.2-data-2026.08.27-16.47.00.630.jpk-force-map,2026-08-27T16:47:00.630000,4,0.2,1,51.24214124017039,50.96015021586694,51.4597305813279,0.999446137175012,501,True
27-08-26/0/map4-0.2-data-2026.08.27-16.47.00.630.jpk-force-map,2026-08-27T16:47:00.630000,4,0.2,2,51.315800407088474,51.384343081980305,51.353270872150254,0.9998980473203499,501,True
27-08-26/0/map4-0.2-data-2026.08.27-16.47.00.630.jpk-force-map,2026-08-27T16:47:00.630000,4,0.2,3,51.37112316543853,51.27530950828035,51.37304435305612,0.9998765024551459,501,True
27-08-26/0/map4-0.2-data-2026.08.27-16.47.00.630.jpk-force-map,2026-08-27T16:47:00.630000,4,0.2,4,51.13186491591752,51.40105198283199,51.12145676294102,0.9999059850181813,501,True
27-08-26/0/map4-0.2-data-2026.08.27-16.47.00.630.jpk-force-map,2026-08-27T16:47:00.630000,4,0.2,5,51.22657720591469,51.358597377375055,51.175380998943076,0.9999109842544269,502,True
27-08-26/0/map4-0.2-data-2026.08.27-16.47.00.630.jpk-force-map,2026-08-27T16:47:00.630000,4,0.2,6,50.98953044820755,50.86467243907895,51.26674051726305,0.9999104139426771,501,True
27-08-26/0/map4-0.2-data-2026.08.27-16.47.00.630.jpk-force-map,2026-08-27T16:47:00.630000,4,0.2,7,51.22637982680021,51.31364135634136,51.13356353327264,0.9998889892394252,501,True
27-08-26/0/map4-0.2-data-2026.08.27-16.47.00.630.jpk-force-map,2026-08-27T16:47:00.630000,4,0.2,8,50.960968263227365,50.97543817887367,50.949075954978355,0.9999144996694317,500,True
27-08-26/0/map4-0.2-data-2026.08.27-16.47.00.630.jpk-force-map,2026-08-27T16:47:00.630000,4,0.2,9,50.93031309188788,50.873876074446606,50.98242636132314,0.9999067984578448,501,True
27-08-26/0/map4-0.2-data-2026.08.27-16.47.00.630.jpk-force-map,2026-08-27T16:47:00.630000,4,0.2,10,51.11701883818981,50.97371926072756,51.28480231173265,0.9998964321569201,500,True
27-08-26/0/map4-0.2-data-2026.08.27-16.47.00.630.jpk-force-map,2026-08-27T16:47:00.630000,4,0.2,11,51.39306494582972,51.464512844181925,51.36281899612915,0.999904727656743,500,True
27-08-26/0/map4-0.2-data-2026.08.27-16.47.00.630.jpk-force-map,2026-08-27T16:47:00.630000,4,0.2,12,50.8954998170675,50.93868303348682,50.96263349749948,0.9999119840952633,502,True
27-08-26/0/map4-0.2-data-2026.08.27-16.47.00.630.jpk-force-map,2026-08-27T16:47:00.630000,4,0.2,13,51.23623389444858,51.07711724658241,51.35927330272972,0.9999059729164637,499,True
27-08-26/0/map4-0.2-data-2026.08.27-16.47.00.630.jpk-force-map,2026-08-27T16:47:00.630000,4,0.2,14,50.995681509080775,51.021507027029145,50.959854899014935,0.9999188787252059,499,True
27-08-26/0/map4-0.2-data-2026.08.27-16.47.00.630.jpk-force-map,2026-08-27T16:47:00.630000,4,0.2,15,54.87896956407929,55.115326647773536,54.36510798866121,0.9996482491646816,501,True
27-08-26/0/map4-0.2-data-2026.08.27-16.47.00.630.jpk-force-map,2026-08-27T16:47:00.630000,4,0.2,16,51.05050274545722,50.952298282859914,51.09304931069733,0.9999113008849734,500,True
27-08-26/0/map4-0.2-data-2026.08.27-16.47.00.630.jpk-force-map,2026-08-27T16:47:00.630000,4,0.2,17,51.266625866819645,51.663113552044805,51.24194625464427,0.9997394054496488,498,True
27-08-26/0/map4-0.2-data-2026.08.27-16.47.00.630.jpk-force-map,2026-08-27T16:47:00.630000,4,0.2,18,51.285594618577335,51.35736806377319,51.04462149431057,0.9998508527452564,502,True
27-08-26/0/map4-0.2-data-2026.08.27-16.47.00.630.jpk-force-map,2026-08-27T16:47:00.630000,4,0.2,19,50.85348477801363,50.828934446306185,50.81637426616081,0.9999154391199552,501,True
27-08-26/0/map4-0.2-data-2026.08.27-16.47.00.630.jpk-force-map,2026-08-27T16:47:00.630000,4,0.2,20,51.63389343561241,52.27137761310679,51.28849586809424,0.9992338530070062,500,True
27-08-26/0/map4-0.2-data-2026.08.27-16.47.00.630.jpk-force-map,2026-08-27T16:47:00.630000,4,0.2,21,51.70672990896246,52.051213780457786,51.45343058097156,0.9997716033732365,500,True
27-08-26/0/map4-0.2-data-2026.08.27-16.47.00.630.jpk-force-map,2026-08-27T16:47:00.630000,4,0.2,22,50.94278080601099,51.159138506795216,51.29815941859336,0.9994464596768731,499,True
27-08-26/0/map4-0.2-data-2026.08.27-16.47.00.630.jpk-force-map,2026-08-27T16:47:00.630000,4,0.2,23,51.081338415540756,51.14509882970276,51.24725691331686,0.9999014916354138,500,True
27-08-26/0/map4-0.2-data-2026.08.27-16.47.00.630.jpk-force-map,2026-08-27T16:47:00.630000,4,0.2,24,50.97287241290158,50.92132885725004,51.032223941746906,0.9999105827897494,501,True
27-08-26/0/map4-0.2-data-2026.08.27-16.47.00.630.jpk-force-map,2026-08-27T16:47:00.630000,4,0.2,25,51.272490326013404,51.49982486854526,51.09044588783134,0.9998581338338509,500,True
27-08-26/0/map4-0.2-data-2026.08.27-16.47.00.630.jpk-force-map,2026-08-27T16:47:00.630000,4,0.2,26,51.23448340172348,51.18297623818574,51.32534185144251,0.9998921689185166,500,True
27-08-26/0/map4-0.2-data-2026.08.27-16.47.00.630.jpk-force-map,2026-08-27T16:47:00.630000,4,0.2,27,51.22420882497717,51.264996971362244,51.201343404944375,0.9998998725426622,499,True
27-08-26/0/map4-0.2-data-2026.08.27-16.47.00.630.jpk-force-map,2026-08-27T16:47:00.630000,4,0.2,28,51.284926647271135,50.85264067714958,51.07888383983082,0.9996824547380168,500,True
27-08-26/0/map4-0.2-data-2026.08.27-16.47.00.630.jpk-force-map,2026-08-27T16:47:00.630000,4,0.2,29,51.01143104260151,51.33489897285079,50.9592148300979,0.9998634053025149,500,True
27-08-26/0/map4-0.2-data-2026.08.27-16.47.00.630.jpk-force-map,2026-08-27T16:47:00.630000,4,0.2,30,51.1525362062761,50.95942389238624,51.290885158264196,0.9998426053286558,501,True
27-08-26/0/map4-0.2-data-2026.08.27-16.47.00.630.jpk-force-map,2026-08-27T16:47:00.630000,4,0.2,31,51.226681986307476,51.47879791737766,51.15584086598506,0.9998681402817949,500,True
27-08-26/0/map4-0.2-data-2026.08.27-16.47.00.630.jpk-force-map,2026-08-27T16:47:00.630000,4,0.2,32,50.873515854922026,50.917293245709054,50.76318645262567,0.9995288588768668,502,True
27-08-26/0/map4-0.2-data-2026.08.27-16.47.00.630.jpk-force-map,2026-08-27T16:47:00.630000,4,0.2,33,51.508326088089994,51.75372871679128,51.15806912022146,0.9998565800982152,502,True
27-08-26/0/map4-0.2-data-2026.08.27-16.47.00.630.jpk-force-map,2026-08-27T16:47:00.630000,4,0.2,34,50.97907098526788,50.95609497606717,51.13627830385719,0.999913168051427,501,True
27-08-26/0/map4-0.2-data-2026.08.27-16.47.00.630.jpk-force-map,2026-08-27T16:47:00.630000,4,0.2,35,51.11063660179005,51.06139706236424,51.21124888470309,0.999920883744892,501,True
27-08-26/0/map4-0.2-data-2026.08.27-16.47.00.630.jpk-force-map,2026-08-27T16:47:00.630000,4,0.2,36,50.87204169460757,50.75434865832476,51.012205743520525,0.9999319689255668,500,True
27-08-26/0/map4-0.2-data-2026.08.27-16.47.00.630.jpk-force-map,2026-08-27T16:47:00.630000,4,0.2,37,50.727974131973035,50.776877655808576,50.74787795869708,0.9999219911783368,500,True
27-08-26/0/map4-0.2-data-2026.08.27-16.47.00.630.jpk-force-map,2026-08-27T16:47:00.630000,4,0.2,38,51.004357814860604,51.16861259356264,51.003835105419796,0.9999117987671586,501,True
27-08-26/0/map4-0.2-data-2026.08.27-16.47.00.630.jpk-force-map,2026-08-27T16:47:00.630000,4,0.2,39,51.26107749415275,51.25440822505861,51.1992306970873,0.9998577588822914,500,True
27-08-26/0/map4-0.2-data-2026.08.27-16.47.00.630.jpk-force-map,2026-08-27T16:47:00.630000,4,0.2,40,50.84869879939294,50.65293581684862,50.78937293164285,0.9998090845631152,500,True
27-08-26/0/map4-0.2-data-2026.08.27-16.47.00.630.jpk-force-map,2026-08-27T16:47:00.630000,4,0.2,41,51.40582342856592,51.38561243332668,51.38068977589493,0.9998797602624603,499,True
27-08-26/0/map4-0.2-data-2026.08.27-16.47.00.630.jpk-force-map,2026-08-27T16:47:00.630000,4,0.2,42,50.80873181183706,50.89039949914033,50.91506609444875,0.9999041196696785,501,True
27-08-26/0/map4-0.2-data-2026.08.27-16.47.00.630.jpk-force-map,2026-08-27T16:47:00.630000,4,0.2,43,50.96800789123933,50.86328154638289,50.9674367497078,0.9999185185557063,501,True
27-08-26/0/map4-0.2-data-2026.08.27-16.47.00.630.jpk-force-map,2026-08-27T16:47:00.630000,4,0.2,44,51.39361481319725,51.31629727034349,51.55937886586734,0.9999115802427944,500,True
27-08-26/0/map4-0.2-data-2026.08.27-16.47.00.630.jpk-force-map,2026-08-27T16:47:00.630000,4,0.2,45,52.55753068494088,52.80122247469029,52.4508536793916,0.9998584512982559,499,True
27-08-26/0/map4-0.2-data-2026.08.27-16.47.00.630.jpk-force-map,2026-08-27T16:47:00.630000,4,0.2,46,50.90198866954405,50.78507540781352,51.068974788571225,0.9998792382503906,501,True
27-08-26/0/map4-0.2-data-2026.08.27-16.47.00.630.jpk-force-map,2026-08-27T16:47:00.630000,4,0.2,47,52.778032936075675,53.10993615404935,52.65953840278738,0.9998153743139837,500,True
27-08-26/0/map4-0.2-data-2026.08.27-16.47.00.630.jpk-force-map,2026-08-27T16:47:00.630000,4,0.2,48,50.61849984985904,50.5418610355749,50.80738222921751,0.9998522258319499,500,True
27-08-26/0/map4-0.2-data-2026.08.27-16.47.00.630.jpk-force-map,2026-08-27T16:47:00.630000,4,0.2,49,50.70094335115102,50.48576752636764,50.84135860495302,0.9998401175158739,501,True
27-08-26/0/map4-0.2-data-2026.08.27-16.47.00.630.jpk-force-map,2026-08-27T16:47:00.630000,4,0.2,50,51.07636892706792,51.307402123256594,51.19156504140138,0.9996466222664862,502,True
27-08-26/0/map4-0.2-data-2026.08.27-16.47.00.630.jpk-force-map,2026-08-27T16:47:00.630000,4,0.2,51,51.18860909385939,51.64864432333674,50.93594632272096,0.999756444071161,500,True
27-08-26/0/map4-0.2-data-2026.08.27-16.47.00.630.jpk-force-map,2026-08-27T16:47:00.630000,4,0.2,52,51.190062173123465,50.53977310857656,52.19048365700781,0.9996182206634392,500,True
27-08-26/0/map4-0.2-data-2026.08.27-16.47.00.630.jpk-force-map,2026-08-27T16:47:00.630000,4,0.2,53,51.6705141358339,51.62563073370396,51.70024249633884,0.9998662733194021,501,True
27-08-26/0/map4-0.2-data-2026.08.27-16.47.00.630.jpk-force-map,2026-08-27T16:47:00.630000,4,0.2,54,51.23650582191332,51.56478152112571,51.35793008740402,0.9997808909534619,500,True
27-08-26/0/map4-0.2-data-2026.08.27-16.47.00.630.jpk-force-map,2026-08-27T16:47:00.630000,4,0.2,55,50.98567663693108,51.30221950316447,50.999147712913626,0.999811796989707,501,True
27-08-26/0/map4-0.2-data-2026.08.27-16.47.00.630.jpk-force-map,2026-08-27T16:47:00.630000,4,0.2,56,50.93921391819395,50.99739743054678,50.91209169691604,0.9999118745937988,501,True
27-08-26/0/map4-0.2-data-2026.08.27-16.47.00.630.jpk-force-map,2026-08-27T16:47:00.630000,4,0.2,57,51.41161507322788,51.242914973410905,51.52227971808408,0.9999030152597144,500,True
27-08-26/0/map4-0.2-data-2026.08.27-16.47.00.630.jpk-force-map,2026-08-27T16:47:00.630000,4,0.2,58,51.101110547245305,51.26663489150618,51.13309322205214,0.9999271186271638,502,True
27-08-26/0/map4-0.2-data-2026.08.27-16.47.00.630.jpk-force-map,2026-08-27T16:47:00.630000,4,0.2,59,51.1311994243207,51.37566016661753,51.3231537180663,0.9998663380946556,501,True
27-08-26/0/map4-0.2-data-2026.08.27-16.47.00.630.jpk-force-map,2026-08-27T16:47:00.630000,4,0.2,60,50.838275709342795,50.77570429462182,50.979279278490225,0.9998900179010775,500,True
27-08-26/0/map4-0.2-data-2026.08.27-16.47.00.630.jpk-force-map,2026-08-27T16:47:00.630000,4,0.2,61,51.194742781092586,51.24037288831051,51.24134231849496,0.9998916440432914,501,True
27-08-26/0/map4-0.2-data-2026.08.27-16.47.00.630.jpk-force-map,2026-08-27T16:47:00.630000,4,0.2,62,51.08398969948611,51.31505105534737,51.155703864354116,0.9998185189035601,501,True
27-08-26/0/map4-0.2-data-2026.08.27-16.47.00.630.jpk-force-map,2026-08-27T16:47:00.630000,4,0.2,63,50.883482889392766,50.60111050228386,51.05134565331523,0.9998681326185321,501,True
27-08-26/0/map4-0.1-data-2026.08.27-16.50.32.826.jpk-force-map,2026-08-27T16:50:32.826000,4,0.1,0,50.89059154234671,50.95152320462676,50.95820728379191,0.999918602825658,1004,True
27-08-26/0/map4-0.1-data-2026.08.27-16.50.32.826.jpk-force-map,2026-08-27T16:50:32.826000,4,0.1,1,51.029888729901536,50.99497209006573,50.9726027687979,0.9994029823530486,998,True
27-08-26/0/map4-0.1-data-2026.08.27-16.50.32.826.jpk-force-map,2026-08-27T16:50:32.826000,4,0.1,2,51.44044274334699,51.31066246858576,51.578555357169044,0.9999148585719835,999,True
27-08-26/0/map4-0.1-data-2026.08.27-16.50.32.826.jpk-force-map,2026-08-27T16:50:32.826000,4,0.1,3,51.31775336584055,51.28263446358146,51.16050509838753,0.9998417772807614,1001,True
27-08-26/0/map4-0.1-data-2026.08.27-16.50.32.826.jpk-force-map,2026-08-27T16:50:32.826000,4,0.1,4,51.26190653175391,51.22688469046806,51.22095417168791,0.9998548791723907,1002,True
27-08-26/0/map4-0.1-data-2026.08.27-16.50.32.826.jpk-force-map,2026-08-27T16:50:32.826000,4,0.1,5,50.995594950123746,50.913565955245566,50.75180146259088,0.9996073364427215,999,True
27-08-26/0/map4-0.1-data-2026.08.27-16.50.32.826.jpk-force-map,2026-08-27T16:50:32.826000,4,0.1,6,51.139235296681804,51.22735283526101,51.29185596673736,0.9998008333617401,1000,True
27-08-26/0/map4-0.1-data-2026.08.27-16.50.32.826.jpk-force-map,2026-08-27T16:50:32.826000,4,0.1,7,51.021736206802736,50.973090533933,51.01065545946243,0.999917739225829,1001,True
27-08-26/0/map4-0.1-data-2026.08.27-16.50.32.826.jpk-force-map,2026-08-27T16:50:32.826000,4,0.1,8,50.64837677107128,50.70463242955563,50.674993490850085,0.9998472318954452,998,True
27-08-26/0/map4-0.1-data-2026.08.27-16.50.32.826.jpk-force-map,2026-08-27T16:50:32.826000,4,0.1,9,50.9559314506339,50.80026367786972,50.85805067834239,0.9998940998878115,1002,True
27-08-26/0/map4-0.1-data-2026.08.27-16.50.32.826.jpk-force-map,2026-08-27T16:50:32.826000,4,0.1,10,51.75802173335844,51.53604629554905,51.82064191884882,0.9998748821640084,1001,True
27-08-26/0/map4-0.1-data-2026.08.27-16.50.32.826.jpk-force-map,2026-08-27T16:50:32.826000,4,0.1,11,51.13362152379194,51.04262003500014,51.16848371804857,0.9999003425652346,1000,True
27-08-26/0/map4-0.1-data-2026.08.27-16.50.32.826.jpk-force-map,2026-08-27T16:50:32.826000,4,0.1,12,51.0813513511309,51.1658283991243,51.01879692069375,0.9998859429545081,999,True
27-08-26/0/map4-0.1-data-2026.08.27-16.50.32.826.jpk-force-map,2026-08-27T16:50:32.826000,4,0.1,13,51.360220047654884,51.45229407949321,51.41955780474328,0.9998795966893331,996,True
27-08-26/0/map4-0.1-data-2026.08.27-16.50.32.826.jpk-force-map,2026-08-27T16:50:32.826000,4,0.1,14,51.052276152298255,51.13481640397271,51.09108680612453,0.999915916611893,999,True
27-08-26/0/map4-0.1-data-2026.08.27-16.50.32.826.jpk-force-map,2026-08-27T16:50:32.826000,4,0.1,15,51.74720194003666,51.698707602722195,51.7845562635624,0.9998799106533823,1000,True
27-08-26/0/map4-0.1-data-2026.08.27-16.50.32.826.jpk-force-map,2026-08-27T16:50:32.826000,4,0.1,16,51.202690583373226,51.07959430477771,51.19982357419701,0.9997291841733609,1000,True
27-08-26/0/map4-0.1-data-2026.08.27-16.50.32.826.jpk-force-map,2026-08-27T16:50:32.826000,4,0.1,17,50.767180209747416,50.90054928510524,50.847772348675356,0.9998749686218614,1001,True
27-08-26/0/map4-0.1-data-2026.08.27-16.50.32.826.jpk-force-map,2026-08-27T16:50:32.826000,4,0.1,18,51.104369255908885,51.026640080073236,51.12912291276827,0.9998690421681514,999,True
27-08-26/0/map4-0.1-data-2026.08.27-16.50.32.826.jpk-force-map,2026-08-27T16:50:32.826000,4,0.1,19,50.93658912284426,50.84923340197512,50.97559593950477,0.9999082659888889,999,True
27-08-26/0/map4-0.1-data-2026.08.27-16.50.32.826.jpk-force-map,2026-08-27T16:50:32.826000,4,0.1,20,51.20730625601175,51.19609419503446,51.28425414596688,0.9999140372449902,1001,True
27-08-26/0/map4-0.1-data-2026.08.27-16.50.32.826.jpk-force-map,2026-08-27T16:50:32.826000,4,0.1,21,50.79693572222764,50.7007126477967,50.95831100696455,0.9999216601678381,1001,True
27-08-26/0/map4-0.1-data-2026.08.27-16.50.32.826.jpk-force-map,2026-08-27T16:50:32.826000,4,0.1,22,51.14971258853531,51.02991999280446,51.19394126699556,0.9999080499919578,999,True
27-08-26/0/map4-0.1-data-2026.08.27-16.50.32.826.jpk-force-map,2026-08-27T16:50:32.826000,4,0.1,23,50.94723982929646,50.7209290449555,50.931395743882646,0.9998956889864811,997,True
27-08-26/0/map4-0.1-data-2026.08.27-16.50.32.826.jpk-force-map,2026-08-27T16:50:32.826000,4,0.1,24,50.7997620432665,50.89954578223281,51.00568412843878,0.9998384169278455,1002,True
27-08-26/0/map4-0.1-data-2026.08.27-16.50.32.826.jpk-force-map,2026-08-27T16:50:32.826000,4,0.1,25,51.447288278811556,51.50616391633831,51.2617904906754,0.9999104306273741,1001,True
27-08-26/0/map4-0.1-data-2026.08.27-16.50.32.826.jpk-force-map,2026-08-27T16:50:32.826000,4,0.1,26,51.18812638217734,51.198108184032314,51.30718817799776,0.9998981166780364,1000,True
27-08-26/0/map4-0.1-data-2026.08.27-16.50.32.826.jpk-force-map,2026-08-27T16:50:32.826000,4,0.1,27,51.20804004723132,51.23794674059958,51.19609044823057,0.999899829785728,1001,True
27-08-26/0/map4-0.1-data-2026.08.27-16.50.32.826.jpk-force-map,2026-08-27T16:50:32.826000,4,0.1,28,50.85563082161281,51.0648747903009,51.045222716931725,0.9998118551392297,1000,True
27-08-26/0/map4-0.1-data-2026.08.27-16.50.32.826.jpk-force-map,2026-08-27T16:50:32.826000,4,0.1,29,51.15170043470037,51.36683916195303,51.16549880984791,0.9997936132979732,1002,True
27-08-26/0/map4-0.1-data-2026.08.27-16.50.32.826.jpk-force-map,2026-08-27T16:50:32.826000,4,0.1,30,50.79719411599698,51.07326447541415,50.991335149204865,0.9997938329127095,1000,True
27-08-26/0/map4-0.1-data-2026.08.27-16.50.32.826.jpk-force-map,2026-08-27T16:50:32.826000,4,0.1,31,51.15570698923109,51.22135001451106,51.30135646290612,0.9998674175867728,1003,True
27-08-26/0/map4-0.1-data-2026.08.27-16.50.32.826.jpk-force-map,2026-08-27T16:50:32.826000,4,0.1,32,50.76862812325001,50.92221560379768,50.85749312123096,0.9998732226344669,999,True
27-08-26/0/map4-0.1-data-2026.08.27-16.50.32.826.jpk-force-map,2026-08-27T16:50:32.826000,4,0.1,33,51.28138982536973,51.10168697349727,51.06053430714547,0.9998106331394334,1001,True
27-08-26/0/map4-0.1-data-2026.08.27-16.50.32.826.jpk-force-map,2026-08-27T16:50:32.826000,4,0.1,34,51.088400930514595,51.01474002194806,51.150524020684664,0.9998795447618835,1000,True
27-08-26/0/map4-0.1-data-2026.08.27-16.50.32.826.jpk-force-map,2026-08-27T16:50:32.826000,4,0.1,35,50.99368081636169,51.177511310979796,51.07435210240018,0.99984174421694,1001,True
27-08-26/0/map4-0.1-data-2026.08.27-16.50.32.826.jpk-force-map,2026-08-27T16:50:32.826000,4,0.1,36,51.17252035885318,51.11192609928067,51.08278579531061,0.9998135255679687,999,True
27-08-26/0/map4-0.1-data-2026.08.27-16.50.32.826.jpk-force-map,2026-08-27T16:50:32.826000,4,0.1,37,50.846735238409515,50.69613151141904,50.87540515677137,0.9999063714715377,999,True
27-08-26/0/map4-0.1-data-2026.08.27-16.50.32.826.jpk-force-map,2026-08-27T16:50:32.826000,4,0.1,38,51.051970305076544,51.02799987483929,51.09279451198426,0.9999206575996513,1000,True
27-08-26/0/map4-0.1-data-2026.08.27-16.50.32.826.jpk-force-map,2026-08-27T16:50:32.826000,4,0.1,39,51.08905166423834,50.96356104225199,51.26884794383505,0.9998691041895424,999,True
27-08-26/0/map4-0.1-data-2026.08.27-16.50.32.826.jpk-force-map,2026-08-27T16:50:32.826000,4,0.1,40,51.05804753334446,50.90527197100398,51.12003977385196,0.9998846408039935,1000,True
27-08-26/0/map4-0.1-data-2026.08.27-16.50.32.826.jpk-force-map,2026-08-27T16:50:32.826000,4,0.1,41,51.58403341176515,51.48918261553413,51.37390464849472,0.9998443037810715,1000,True
27-08-26/0/map4-0.1-data-2026.08.27-16.50.32.826.jpk-force-map,2026-08-27T16:50:32.826000,4,0.1,42,51.013048755064474,50.73545309288823,50.9527407411966,0.9996438394671268,999,True
27-08-26/0/map4-0.1-data-2026.08.27-16.50.32.826.jpk-force-map,2026-08-27T16:50:32.826000,4,0.1,43,51.04444324345496,51.18644649658079,51.28610721171354,0.9997932777023079,999,True
27-08-26/0/map4-0.1-data-2026.08.27-16.50.32.826.jpk-force-map,2026-08-27T16:50:32.826000,4,0.1,44,51.379250508782135,51.293896317366695,51.495744464093264,0.9999093773974211,998,True
27-08-26/0/map4-0.1-data-2026.08.27-16.50.32.826.jpk-force-map,2026-08-27T16:50:32.826000,4,0.1,45,52.72044840552093,53.05440927061865,52.59591777785257,0.999709276645245,1001,True
27-08-26/0/map4-0.1-data-2026.08.27-16.50.32.826.jpk-force-map,2026-08-27T16:50:32.826000,4,0.1,46,51.33246075664917,51.43046898459329,51.37273603452002,0.9998638698777789,998,True
27-08-26/0/map4-0.1-data-2026.08.27-16.50.32.826.jpk-force-map,2026-08-27T16:50:32.826000,4,0.1,47,51.09093013041106,51.068240172332025,51.23689102798935,0.9998835563416546,999,True
27-08-26/0/map4-0.1-data-2026.08.27-16.50.32.826.jpk-force-map,2026-08-27T16:50:32.826000,4,0.1,48,51.15216084339205,51.24914402343592,51.078383875718245,0.9999063079200388,1002,True
27-08-26/0/map4-0.1-data-2026.08.27-16.50.32.826.jpk-force-map,2026-08-27T16:50:32.826000,4,0.1,49,50.77540192102527,50.88891506620752,50.89047374270959,0.99991470817971,1003,True
27-08-26/0/map4-0.1-data-2026.08.27-16.50.32.826.jpk-force-map,2026-08-27T16:50:32.826000,4,0.1,50,51.13255828074303,51.20964436050584,51.124561910359375,0.9998714331843357,996,True
27-08-26/0/map4-0.1-data-2026.08.27-16.50.32.826.jpk-force-map,2026-08-27T16:50:32.826000,4,0.1,51,51.22319042455339,51.21795977991771,51.26724817291465,0.9999006606346179,1000,True
27-08-26/0/map4-0.1-data-2026.08.27-16.50.32.826.jpk-force-map,2026-08-27T16:50:32.826000,4,0.1,52,51.29503133667803,51.3245005475683,51.5981962058118,0.9998263697518622,1001,True
27-08-26/0/map4-0.1-data-2026.08.27-16.50.32.826.jpk-force-map,2026-08-27T16:50:32.826000,4,0.1,53,50.91488432753189,50.65803689302489,50.77059772795134,0.999048601165671,1001,True
27-08-26/0/map4-0.1-data-2026.08.27-16.50.32.826.jpk-force-map,2026-08-27T16:50:32.826000,4,0.1,54,51.252717669743134,50.545164593911075,51.12158162488124,0.9991198715208843,999,True
27-08-26/0/map4-0.1-data-2026.08.27-16.50.32.826.jpk-force-map,2026-08-27T16:50:32.826000,4,0.1,55,50.30704958915713,50.472748833165674,50.254102155313724,0.9997686148554568,998,True
27-08-26/0/map4-0.1-data-2026.08.27-16.50.32.826.jpk-force-map,2026-08-27T16:50:32.826000,4,0.1,56,50.85546198241926,50.91644191839181,51.09965283704455,0.9997456211394851,1001,True
27-08-26/0/map4-0.1-data-2026.08.27-16.50.32.826.jpk-force-map,2026-08-27T16:50:32.826000,4,0.1,57,51.11608358831297,51.07258248166199,51.1759072771214,0.9998812753469832,998,True
27-08-26/0/map4-0.1-data-2026.08.27-16.50.32.826.jpk-force-map,2026-08-27T16:50:32.826000,4,0.1,58,50.919582292521596,50.920322236901264,51.00685539179414,0.9998921188955928,1002,True
27-08-26/0/map4-0.1-data-2026.08.27-16.50.32.826.jpk-force-map,2026-08-27T16:50:32.826000,4,0.1,59,51.1130842806358,51.19279473744172,51.128108062243655,0.999862734702471,999,True
27-08-26/0/map4-0.1-data-2026.08.27-16.50.32.826.jpk-force-map,2026-08-27T16:50:32.826000,4,0.1,60,51.21446924317928,51.181820807701875,51.24964405550782,0.9998945964206916,1001,True
27-08-26/0/map4-0.1-data-2026.08.27-16.50.32.826.jpk-force-map,2026-08-27T16:50:32.826000,4,0.1,61,51.068485789655604,51.10541110769727,51.10020387512074,0.999881238607093,1000,True
27-08-26/0/map4-0.1-data-2026.08.27-16.50.32.826.jpk-force-map,2026-08-27T16:50:32.826000,4,0.1,62,51.11043243944089,51.100116950477116,51.07844073340319,0.999911138003234,999,True
27-08-26/0/map4-0.1-data-2026.08.27-16.50.32.826.jpk-force-map,2026-08-27T16:50:32.826000,4,0.1,63,50.981977801690405,50.933954009478235,50.95823145454759,0.9998570950067259,998,True
27-08-26/0/map4-0.05-data-2026.08.27-16.56.56.658.jpk-force-map,2026-08-27T16:56:56.658000,4,0.05,0,50.75259006812735,50.77704657462559,50.784566239245294,0.9998971641807118,1999,True
27-08-26/0/map4-0.05-data-2026.08.27-16.56.56.658.jpk-force-map,2026-08-27T16:56:56.658000,4,0.05,1,50.992386813447524,51.02388967335239,51.011917955033674,0.9998977745530989,2001,True
27-08-26/0/map4-0.05-data-2026.08.27-16.56.56.658.jpk-force-map,2026-08-27T16:56:56.658000,4,0.05,2,51.37075093314447,51.290689012556,51.36006838004693,0.9998752829849449,1996,True
27-08-26/0/map4-0.05-data-2026.08.27-16.56.56.658.jpk-force-map,2026-08-27T16:56:56.658000,4,0.05,3,51.06601016447731,50.91560810218368,51.111232129927345,0.9998911623266781,2001,True
27-08-26/0/map4-0.05-data-2026.08.27-16.56.56.658.jpk-force-map,2026-08-27T16:56:56.658000,4,0.05,4,50.94666963409222,50.71433282991626,51.025151087687235,0.9996949395857802,2004,True
27-08-26/0/map4-0.05-data-2026.08.27-16.56.56.658.jpk-force-map,2026-08-27T16:56:56.658000,4,0.05,5,51.11153957809112,51.09802385894799,51.11008992077068,0.99986777203854,1999,True
27-08-26/0/map4-0.05-data-2026.08.27-16.56.56.658.jpk-force-map,2026-08-27T16:56:56.658000,4,0.05,6,51.057702192733565,51.015290482984526,51.07787750251031,0.9999144589765758,2000,True
27-08-26/0/map4-0.05-data-2026.08.27-16.56.56.658.jpk-force-map,2026-08-27T16:56:56.658000,4,0.05,7,51.331696617591255,51.17586825264568,51.503651936904845,0.999874965026212,1994,True
27-08-26/0/map4-0.05-data-2026.08.27-16.56.56.658.jpk-force-map,2026-08-27T16:56:56.658000,4,0.05,8,50.91621657504996,50.96833847236255,50.95916280598043,0.9998147745538142,1996,True
27-08-26/0/map4-0.05-data-2026.08.27-16.56.56.658.jpk-force-map,2026-08-27T16:56:56.658000,4,0.05,9,51.01103790669802,51.145536628857975,51.029541298605004,0.9995572345373328,2001,True
27-08-26/0/map4-0.05-data-2026.08.27-16.56.56.658.jpk-force-map,2026-08-27T16:56:56.658000,4,0.05,10,51.15589526165319,51.09368262704893,51.30279115759567,0.9998550289253466,1998,True
27-08-26/0/map4-0.05-data-2026.08.27-16.56.56.658.jpk-force-map,2026-08-27T16:56:56.658000,4,0.05,11,51.013549806561166,50.958232277607735,51.192854135234604,0.9998039598038063,2000,True
27-08-26/0/map4-0.05-data-2026.08.27-16.56.56.658.jpk-force-map,2026-08-27T16:56:56.658000,4,0.05,12,50.977517548489345,50.837692757128366,51.0706193601861,0.9998433002809614,1997,True
27-08-26/0/map4-0.05-data-2026.08.27-16.56.56.658.jpk-force-map,2026-08-27T16:56:56.658000,4,0.05,13,51.396029879582244,51.29489148751866,51.59544679960873,0.9999139386573318,2004,True
27-08-26/0/map4-0.05-data-2026.08.27-16.56.56.658.jpk-force-map,2026-08-27T16:56:56.658000,4,0.05,14,50.95815857817445,51.088601406217336,51.01092761085957,0.9997149584933676,1995,True
27-08-26/0/map4-0.05-data-2026.08.27-16.56.56.658.jpk-force-map,2026-08-27T16:56:56.658000,4,0.05,15,51.673395275516434,51.70157394741715,51.70534647344045,0.999892847504315,1995,True
27-08-26/0/map4-0.05-data-2026.08.27-16.56.56.658.jpk-force-map,2026-08-27T16:56:56.658000,4,0.05,16,51.1145235327411,51.10584847063048,51.15473577430576,0.9998959140504993,1997,True
27-08-26/0/map4-0.05-data-2026.08.27-16.56.56.658.jpk-force-map,2026-08-27T16:56:56.658000,4,0.05,17,51.35437454776281,51.20768502202438,51.42359300943022,0.9998933817868867,1997,True
27-08-26/0/map4-0.05-data-2026.08.27-16.56.56.658.jpk-force-map,2026-08-27T16:56:56.658000,4,0.05,18,51.19427459561907,51.21800480854641,51.19955717178037,0.9998960020561629,1999,True
27-08-26/0/map4-0.05-data-2026.08.27-16.56.56.658.jpk-force-map,2026-08-27T16:56:56.658000,4,0.05,19,50.82672531223332,50.772998138715515,50.952728382867356,0.999893586551358,2002,True
27-08-26/0/map4-0.05-data-2026.08.27-16.56.56.658.jpk-force-map,2026-08-27T16:56:56.658000,4,0.05,20,51.101718122439465,51.02351476887511,51.18246945426981,0.99984841739004,1998,True
27-08-26/0/map4-0.05-data-2026.08.27-16.56.56.658.jpk-force-map,2026-08-27T16:56:56.658000,4,0.05,21,51.07812842905553,50.978339658102286,51.14824082110167,0.9998606389382991,1996,True
27-08-26/0/map4-0.05-data-2026.08.27-16.56.56.658.jpk-force-map,2026-08-27T16:56:56.658000,4,0.05,22,50.91825614828484,50.84906809604842,51.036921165426214,0.9998330910338893,2002,True
27-08-26/0/map4-0.05-data-2026.08.27-16.56.56.658.jpk-force-map,2026-08-27T16:56:56.658000,4,0.05,23,50.865014219426506,50.758993251456204,51.051445274341596,0.9999204490365512,2002,True
27-08-26/0/map4-0.05-data-2026.08.27-16.56.56.658.jpk-force-map,2026-08-27T16:56:56.658000,4,0.05,24,50.65473133118622,50.65298733699226,50.719260860347646,0.9999224662431192,1997,True
27-08-26/0/map4-0.05-data-2026.08.27-16.56.56.658.jpk-force-map,2026-08-27T16:56:56.658000,4,0.05,25,51.00563551710231,51.07712013643246,51.00146566856266,0.9997948937168692,2001,True
27-08-26/0/map4-0.05-data-2026.08.27-16.56.56.658.jpk-force-map,2026-08-27T16:56:56.658000,4,0.05,26,50.92711043423195,50.97769510555675,50.98436374170732,0.9998538862902052,1996,True
27-08-26/0/map4-0.05-data-2026.08.27-16.56.56.658.jpk-force-map,2026-08-27T16:56:56.658000,4,0.05,27,50.90429112936464,50.84180394756989,50.99959395285785,0.9998949456686715,2001,True
27-08-26/0/map4-0.05-data-2026.08.27-16.56.56.658.jpk-force-map,2026-08-27T16:56:56.658000,4,0.05,28,50.91047549185189,50.921683591860116,51.07618729890257,0.999907983073038,1994,True
27-08-26/0/map4-0.05-data-2026.08.27-16.56.56.658.jpk-force-map,2026-08-27T16:56:56.658000,4,0.05,29,50.72183352722742,50.67932679063931,50.77852658188513,0.9998669939862043,1997,True
27-08-26/0/map4-0.05-data-2026.08.27-16.56.56.658.jpk-force-map,2026-08-27T16:56:56.658000,4,0.05,30,50.259289880480864,49.8411100350705,50.53175005513126,0.9994713189884911,1999,True
27-08-26/0/map4-0.05-data-2026.08.27-16.56.56.658.jpk-force-map,2026-08-27T16:56:56.658000,4,0.05,31,51.07996792217999,50.98544189843299,51.08851732594902,0.9998674364665552,2001,True
27-08-26/0/map4-0.05-data-2026.08.27-16.56.56.658.jpk-force-map,2026-08-27T16:56:56.658000,4,0.05,32,50.87111655789844,50.845392362947074,50.921843065995176,0.9998707287342689,2002,True
27-08-26/0/map4-0.05-data-2026.08.27-16.56.56.658.jpk-force-map,2026-08-27T16:56:56.658000,4,0.05,33,50.98958570375103,50.87238081337931,51.07968393250696,0.9998441486846654,1994,True
27-08-26/0/map4-0.05-data-2026.08.27-16.56.56.658.jpk-force-map,2026-08-27T16:56:56.658000,4,0.05,34,51.044471141775674,50.93577607506878,51.17506241792966,0.9998830621590117,2001,True
27-08-26/0/map4-0.05-data-2026.08.27-16.56.56.658.jpk-force-map,2026-08-27T16:56:56.658000,4,0.05,35,51.95664975826254,51.871792658844306,51.88593695976664,0.9999173097414074,1997,True
27-08-26/0/map4-0.05-data-2026.08.27-16.56.56.658.jpk-force-map,2026-08-27T16:56:56.658000,4,0.05,36,51.29005275518866,51.25231216523912,51.29609262673084,0.9997382137145433,2002,True
27-08-26/0/map4-0.05-data-2026.08.27-16.56.56.658.jpk-force-map,2026-08-27T16:56:56.658000,4,0.05,37,50.660375852632924,50.53054037991538,50.775238000065215,0.9998635669265825,1993,True
27-08-26/0/map4-0.05-data-2026.08.27-16.56.56.658.jpk-force-map,2026-08-27T16:56:56.658000,4,0.05,38,50.90293590080179,50.9211780716665,50.94576918129817,0.9997362218577861,1997,True
27-08-26/0/map4-0.05-data-2026.08.27-16.56.56.658.jpk-force-map,2026-08-27T16:56:56.658000,4,0.05,39,51.04773086065732,51.078268443412895,51.101910899863654,0.9998402857122403,2000,True
27-08-26/0/map4-0.05-data-2026.08.27-16.56.56.658.jpk-force-map,2026-08-27T16:56:56.658000,4,0.05,40,51.16666098497157,51.14379036407148,51.333319559082284,0.9999155801884789,2002,True
27-08-26/0/map4-0.05-data-2026.08.27-16.56.56.658.jpk-force-map,2026-08-27T16:56:56.658000,4,0.05,41,50.89686039937387,50.86599789771198,51.01445587888789,0.9998716363757951,2001,True
27-08-26/0/map4-0.05-data-2026.08.27-16.56.56.658.jpk-force-map,2026-08-27T16:56:56.658000,4,0.05,42,50.556060777718834,50.40856498970822,50.65808285638746,0.9997689406551006,2003,True
27-08-26/0/map4-0.05-data-2026.08.27-16.56.56.658.jpk-force-map,2026-08-27T16:56:56.658000,4,0.05,43,51.189869860795575,51.140340896695406,51.23598182191215,0.9997529695664489,2000,True
27-08-26/0/map4-0.05-data-2026.08.27-16.56.56.658.jpk-force-map,2026-08-27T16:56:56.658000,4,0.05,44,51.06853585014003,51.08947204737018,51.05120148891404,0.9998888653527176,2004,True
27-08-26/0/map4-0.05-data-2026.08.27-16.56.56.658.jpk-force-map,2026-08-27T16:56:56.658000,4,0.05,45,52.03940921485509,52.08476327006958,52.04076846492879,0.999876409027257,1998,True
27-08-26/0/map4-0.05-data-2026.08.27-16.56.56.658.jpk-force-map,2026-08-27T16:56:56.658000,4,0.05,46,51.05726860763652,50.91314612588199,51.23846051186214,0.9998985698404104,2004,True
27-08-26/0/map4-0.05-data-2026.08.27-16.56.56.658.jpk-force-map,2026-08-27T16:56:56.658000,4,0.05,47,50.9017633630407,50.89242764822294,51.026323102030716,0.999831464287915,1999,True
27-08-26/0/map4-0.05-data-2026.08.27-16.56.56.658.jpk-force-map,2026-08-27T16:56:56.658000,4,0.05,48,50.90133398353997,50.79560091974784,51.031249116344,0.9998999788352131,1998,True
27-08-26/0/map4-0.05-data-2026.08.27-16.56.56.658.jpk-force-map,2026-08-27T16:56:56.658000,4,0.05,49,50.800676263395275,50.78368789874899,50.820642101690055,0.9999012228878724,1997,True
27-08-26/0/map4-0.05-data-2026.08.27-16.56.56.658.jpk-force-map,2026-08-27T16:56:56.658000,4,0.05,50,51.108571895140436,51.012102615130736,51.131339319406614,0.9998924132329898,2000,True
27-08-26/0/map4-0.05-data-2026.08.27-16.56.56.658.jpk-force-map,2026-08-27T16:56:56.658000,4,0.05,51,50.93739566952927,50.90410871436012,51.00991091680888,0.9998694501649242,1995,True
27-08-26/0/map4-0.05-data-2026.08.27-16.56.56.658.jpk-force-map,2026-08-27T16:56:56.658000,4,0.05,52,51.73616648136296,51.772570187261636,51.67395394727725,0.9998567234231286,1997,True
27-08-26/0/map4-0.05-data-2026.08.27-16.56.56.658.jpk-force-map,2026-08-27T16:56:56.658000,4,0.05,53,50.9719693357011,50.89117470086571,51.07994240831277,0.9999035903344925,2002,True
27-08-26/0/map4-0.05-data-2026.08.27-16.56.56.658.jpk-force-map,2026-08-27T16:56:56.658000,4,0.05,54,50.92463027658347,50.848576108994735,50.96934593238939,0.9998735561536225,1997,True
27-08-26/0/map4-0.05-data-2026.08.27-16.56.56.658.jpk-force-map,2026-08-27T16:56:56.658000,4,0.05,55,50.86838352776223,50.833399351757606,50.902941842202324,0.9998592115719038,1999,True
27-08-26/0/map4-0.05-data-2026.08.27-16.56.56.658.jpk-force-map,2026-08-27T16:56:56.658000,4,0.05,56,50.959740519389314,50.94724615048186,51.05247460333329,0.99984753275926,1999,True
27-08-26/0/map4-0.05-data-2026.08.27-16.56.56.658.jpk-force-map,2026-08-27T16:56:56.658000,4,0.05,57,51.023066310949496,50.984277942636275,51.13148513994617,0.9998670801870474,1994,True
27-08-26/0/map4-0.05-data-2026.08.27-16.56.56.658.jpk-force-map,2026-08-27T16:56:56.658000,4,0.05,58,51.378522023893815,51.33155437537041,51.307778499561046,0.9996384698450919,1999,True
27-08-26/0/map4-0.05-data-2026.08.27-16.56.56.658.jpk-force-map,2026-08-27T16:56:56.658000,4,0.05,59,51.23463666323804,51.225524974793856,51.30321876031416,0.9998428788924338,1996,True
27-08-26/0/map4-0.05-data-2026.08.27-16.56.56.658.jpk-force-map,2026-08-27T16:56:56.658000,4,0.05,60,51.0116870691778,50.981718530631106,50.9562879967395,0.9997781067593517,1998,True
27-08-26/0/map4-0.05-data-2026.08.27-16.56.56.658.jpk-force-map,2026-08-27T16:56:56.658000,4,0.05,61,51.14063884502323,51.07075105308907,51.2397339786328,0.9998719346240725,2000,True
27-08-26/0/map4-0.05-data-2026.08.27-16.56.56.658.jpk-force-map,2026-08-27T16:56:56.658000,4,0.05,62,51.19380748303275,51.10081200663568,51.29310127083478,0.9996870138886895,2001,True
27-08-26/0/map4-0.05-data-2026.08.27-16.56.56.658.jpk-force-map,2026-08-27T16:56:56.658000,4,0.05,63,50.88411560655451,50.80758410885379,50.96763065163263,0.9998427969358534,1993,True
27-08-26/0/map4-0.05-data-2026.08.27-17.08.28.590.jpk-force-map,2026-08-27T17:08:28.590000,4,0.05,0,50.87626170697843,50.82018528645435,50.95080186241165,0.9999026003721154,2003,True
27-08-26/0/map4-0.05-data-2026.08.27-17.08.28.590.jpk-force-map,2026-08-27T17:08:28.590000,4,0.05,1,50.843803565127565,50.79946741226321,50.93768121306696,0.9999101126556398,2000,True
27-08-26/0/map4-0.05-data-2026.08.27-17.08.28.590.jpk-force-map,2026-08-27T17:08:28.590000,4,0.05,2,50.505002004089754,50.25882888350125,50.75911847301368,0.9995041103792464,1995,True
27-08-26/0/map4-0.05-data-2026.08.27-17.08.28.590.jpk-force-map,2026-08-27T17:08:28.590000,4,0.05,3,51.129671761967806,51.04361743832469,51.23814390953285,0.9998748110853342,2001,True
27-08-26/0/map4-0.05-data-2026.08.27-17.08.28.590.jpk-force-map,2026-08-27T17:08:28.590000,4,0.05,4,51.12931257072435,51.21337593301896,51.125010642104776,0.9998879405592265,1997,True
27-08-26/0/map4-0.05-data-2026.08.27-17.08.28.590.jpk-force-map,2026-08-27T17:08:28.590000,4,0.05,5,51.294406848436275,51.30704185117613,51.360037740352524,0.9998993081123492,1995,True
27-08-26/0/map4-0.05-data-2026.08.27-17.08.28.590.jpk-force-map,2026-08-27T17:08:28.590000,4,0.05,6,50.808421562834916,50.875445651902375,50.854460588500174,0.9999172753855654,1997,True
27-08-26/0/map4-0.05-data-2026.08.27-17.08.28.590.jpk-force-map,2026-08-27T17:08:28.590000,4,0.05,7,51.358299960206885,51.474478419494694,51.26244588043251,0.9998932829459646,1999,True
27-08-26/0/map4-0.05-data-2026.08.27-17.08.28.590.jpk-force-map,2026-08-27T17:08:28.590000,4,0.05,8,50.67141290161035,50.73662684806552,50.68075080969481,0.9991896274051393,2002,True
27-08-26/0/map4-0.05-data-2026.08.27-17.08.28.590.jpk-force-map,2026-08-27T17:08:28.590000,4,0.05,9,50.85175368073612,50.81541919076808,50.823891493494294,0.9991050309924592,2000,True
27-08-26/0/map4-0.05-data-2026.08.27-17.08.28.590.jpk-force-map,2026-08-27T17:08:28.590000,4,0.05,10,51.38371258926988,51.43474244189498,51.42727587555764,0.9997894544954055,1994,True
27-08-26/0/map4-0.05-data-2026.08.27-17.08.28.590.jpk-force-map,2026-08-27T17:08:28.590000,4,0.05,11,51.26452373317605,51.41692792883163,51.30674870588403,0.9998485515075781,1993,True
27-08-26/0/map4-0.05-data-2026.08.27-17.08.28.590.jpk-force-map,2026-08-27T17:08:28.590000,4,0.05,12,51.217668928689896,51.15294611770525,51.276974275548,0.9998911798670183,1997,True
27-08-26/0/map4-0.05-data-2026.08.27-17.08.28.590.jpk-force-map,2026-08-27T17:08:28.590000,4,0.05,13,51.55342872526403,51.347099340084135,51.79298912748804,0.9998864719175573,1998,True
27-08-26/0/map4-0.05-data-2026.08.27-17.08.28.590.jpk-force-map,2026-08-27T17:08:28.590000,4,0.05,14,51.16633803540467,51.1355061478073,51.12014754251851,0.9998039862841469,2002,True
27-08-26/0/map4-0.05-data-2026.08.27-17.08.28.590.jpk-force-map,2026-08-27T17:08:28.590000,4,0.05,15,52.12496031706807,52.004491254192516,52.140106448555585,0.9998108543139054,2000,True
27-08-26/0/map4-0.05-data-2026.08.27-17.08.28.590.jpk-force-map,2026-08-27T17:08:28.590000,4,0.05,16,50.99884587522786,50.94751411685669,51.11486302572911,0.9998893766139219,1996,True
27-08-26/0/map4-0.05-data-2026.08.27-17.08.28.590.jpk-force-map,2026-08-27T17:08:28.590000,4,0.05,17,50.82484665385157,50.99151235471902,50.831631603421464,0.9995954802750082,1999,True
27-08-26/0/map4-0.05-data-2026.08.27-17.08.28.590.jpk-force-map,2026-08-27T17:08:28.590000,4,0.05,18,50.91146530452093,50.99972739608789,50.98154668873518,0.9998241192418623,2002,True
27-08-26/0/map4-0.05-data-2026.08.27-17.08.28.590.jpk-force-map,2026-08-27T17:08:28.590000,4,0.05,19,50.81938788437627,50.91688846227137,50.83824117262319,0.999913848726823,2001,True
27-08-26/0/map4-0.05-data-2026.08.27-17.08.28.590.jpk-force-map,2026-08-27T17:08:28.590000,4,0.05,20,50.93445839877787,50.964517657630346,50.994666047152,0.9999007850972904,1997,True
27-08-26/0/map4-0.05-data-2026.08.27-17.08.28.590.jpk-force-map,2026-08-27T17:08:28.590000,4,0.05,21,50.734379483515305,50.746091606993176,50.818702003221915,0.99988913171207,1999,True
27-08-26/0/map4-0.05-data-2026.08.27-17.08.28.590.jpk-force-map,2026-08-27T17:08:28.590000,4,0.05,22,51.07294305018157,51.1621593660747,51.136240033495035,0.9998594448880679,1997,True
27-08-26/0/map4-0.05-data-2026.08.27-17.08.28.590.jpk-force-map,2026-08-27T17:08:28.590000,4,0.05,23,51.18673949030477,51.66693756312921,51.055873712514725,0.9995785216067165,2005,True
27-08-26/0/map4-0.05-data-2026.08.27-17.08.28.590.jpk-force-map,2026-08-27T17:08:28.590000,4,0.05,24,50.709182344088745,50.8960063159854,50.7230963659414,0.9999154260352813,1995,True
27-08-26/0/map4-0.05-data-2026.08.27-17.08.28.590.jpk-force-map,2026-08-27T17:08:28.590000,4,0.05,25,50.98147265309858,51.0991045510555,50.98630237405188,0.9997968065442177,1998,True
27-08-26/0/map4-0.05-data-2026.08.27-17.08.28.590.jpk-force-map,2026-08-27T17:08:28.590000,4,0.05,26,50.84368606077477,50.92549150518612,50.860529223616666,0.9998651847450659,1996,True
27-08-26/0/map4-0.05-data-2026.08.27-17.08.28.590.jpk-force-map,2026-08-27T17:08:28.590000,4,0.05,27,50.92654913596079,50.94342801253482,51.0403228931699,0.999844823491115,1998,True
27-08-26/0/map4-0.05-data-2026.08.27-17.08.28.590.jpk-force-map,2026-08-27T17:08:28.590000,4,0.05,28,50.98137444407154,50.968468122874064,51.192859656805375,0.9998436247189219,2003,True
27-08-26/0/map4-0.05-data-2026.08.27-17.08.28.590.jpk-force-map,2026-08-27T17:08:28.590000,4,0.05,29,51.023620056971104,51.02195046982187,51.09143829730323,0.9998666944325358,1995,True
27-08-26/0/map4-0.05-data-2026.08.27-17.08.28.590.jpk-force-map,2026-08-27T17:08:28.590000,4,0.05,30,50.73643229390447,50.628807733854934,50.81807175671608,0.999852661771794,1996,True
27-08-26/0/map4-0.05-data-2026.08.27-17.08.28.590.jpk-force-map,2026-08-27T17:08:28.590000,4,0.05,31,51.012132863534276,50.726102415937795,51.03740341478509,0.9993737297370437,2001,True
27-08-26/0/map4-0.05-data-2026.08.27-17.08.28.590.jpk-force-map,2026-08-27T17:08:28.590000,4,0.05,32,51.00869432563177,51.07453864883055,50.98789157750067,0.9997733685070456,1998,True
27-08-26/0/map4-0.05-data-2026.08.27-17.08.28.590.jpk-force-map,2026-08-27T17:08:28.590000,4,0.05,33,50.88950570906501,50.939843950782304,50.987027294441745,0.999892723512793,1994,True
27-08-26/0/map4-0.05-data-2026.08.27-17.08.28.590.jpk-force-map,2026-08-27T17:08:28.590000,4,0.05,34,50.91770068133214,50.808003666832825,51.044322916384154,0.999808418488797,2000,True
27-08-26/0/map4-0.05-data-2026.08.27-17.08.28.590.jpk-force-map,2026-08-27T17:08:28.590000,4,0.05,35,51.49662784886513,51.40380633938162,51.5847843325443,0.9997521643464079,1997,True
27-08-26/0/map4-0.05-data-2026.08.27-17.08.28.590.jpk-force-map,2026-08-27T17:08:28.590000,4,0.05,36,51.068943361034044,50.98293476371375,51.29759125102416,0.9999071080205325,2001,True
27-08-26/0/map4-0.05-data-2026.08.27-17.08.28.590.jpk-force-map,2026-08-27T17:08:28.590000,4,0.05,37,50.72971371848151,50.73645771149161,50.81866590505713,0.9998588129111619,1999,True
27-08-26/0/map4-0.05-data-2026.08.27-17.08.28.590.jpk-force-map,2026-08-27T17:08:28.590000,4,0.05,38,50.93231499243175,50.937937870621596,50.96003430333325,0.9999011270892877,2000,True
27-08-26/0/map4-0.05-data-2026.08.27-17.08.28.590.jpk-force-map,2026-08-27T17:08:28.590000,4,0.05,39,50.97214519164974,50.97086320578366,51.05038678600286,0.9998400684813971,1999,True
27-08-26/0/map4-0.05-data-2026.08.27-17.08.28.590.jpk-force-map,2026-08-27T17:08:28.590000,4,0.05,40,51.076099589820835,50.99599459137507,51.18765208965848,0.9999057417226733,1990,True
27-08-26/0/map4-0.05-data-2026.08.27-17.08.28.590.jpk-force-map,2026-08-27T17:08:28.590000,4,0.05,41,51.23877954377071,51.330278039594035,51.26200553781653,0.9997980862679755,1998,True
27-08-26/0/map4-0.05-data-2026.08.27-17.08.28.590.jpk-force-map,2026-08-27T17:08:28.590000,4,0.05,42,50.93152800388234,51.105479442650505,50.871357293837846,0.9998407219444253,1998,True
27-08-26/0/map4-0.05-data-2026.08.27-17.08.28.590.jpk-force-map,2026-08-27T17:08:28.590000,4,0.05,43,51.218084350426814,51.230425664860945,51.26683625680812,0.9998911936892326,1998,True
27-08-26/0/map4-0.05-data-2026.08.27-17.08.28.590.jpk-force-map,2026-08-27T17:08:28.590000,4,0.05,44,51.00825481095924,50.99648585560306,51.10558125829815,0.9998915240818459,1996,True
27-08-26/0/map4-0.05-data-2026.08.27-17.08.28.590.jpk-force-map,2026-08-27T17:08:28.590000,4,0.05,45,52.28832710567941,52.2819384279985,52.30131607851591,0.9998798086307847,2004,True
27-08-26/0/map4-0.05-data-2026.08.27-17.08.28.590.jpk-force-map,2026-08-27T17:08:28.590000,4,0.05,46,51.074011252895595,50.90276426165812,51.22370538392397,0.9998829486555343,2001,True
27-08-26/0/map4-0.05-data-2026.08.27-17.08.28.590.jpk-force-map,2026-08-27T17:08:28.590000,4,0.05,47,50.72184727655846,50.622458791991136,50.83316129789549,0.9997495502013148,1999,True
27-08-26/0/map4-0.05-data-2026.08.27-17.08.28.590.jpk-force-map,2026-08-27T17:08:28.590000,4,0.05,48,50.90614996021917,50.95185935862766,50.97411163444373,0.9996942720178636,1997,True
27-08-26/0/map4-0.05-data-2026.08.27-17.08.28.590.jpk-force-map,2026-08-27T17:08:28.590000,4,0.05,49,50.815087942437685,50.85451287831245,50.83378446804908,0.9998829721624086,1999,True
27-08-26/0/map4-0.05-data-2026.08.27-17.08.28.590.jpk-force-map,2026-08-27T17:08:28.590000,4,0.05,50,50.97675187801727,51.03015607681421,50.972457666518686,0.999909472156932,1997,True
27-08-26/0/map4-0.05-data-2026.08.27-17.08.28.590.jpk-force-map,2026-08-27T17:08:28.590000,4,0.05,51,50.60820925711269,50.60098154155556,50.72234092012294,0.9998920234681541,2000,True
27-08-26/0/map4-0.05-data-2026.08.27-17.08.28.590.jpk-force-map,2026-08-27T17:08:28.590000,4,0.05,52,52.065210319951,52.14552783530224,51.956771997286964,0.9998672076761241,1997,True
27-08-26/0/map4-0.05-data-2026.08.27-17.08.28.590.jpk-force-map,2026-08-27T17:08:28.590000,4,0.05,53,50.93004320910121,50.95620684419071,50.9648050072252,0.9999127139724887,2001,True
27-08-26/0/map4-0.05-data-2026.08.27-17.08.28.590.jpk-force-map,2026-08-27T17:08:28.590000,4,0.05,54,51.01429323411099,51.00944258819764,51.00514468271276,0.9999040849637069,2003,True
27-08-26/0/map4-0.05-data-2026.08.27-17.08.28.590.jpk-force-map,2026-08-27T17:08:28.590000,4,0.05,55,50.86786902566725,50.87443646880884,50.918282028190596,0.9998873135091998,2003,True
27-08-26/0/map4-0.05-data-2026.08.27-17.08.28.590.jpk-force-map,2026-08-27T17:08:28.590000,4,0.05,56,50.94490928496222,51.03865218346445,50.91293140508892,0.9998580350994497,1998,True
27-08-26/0/map4-0.05-data-2026.08.27-17.08.28.590.jpk-force-map,2026-08-27T17:08:28.590000,4,0.05,57,51.183992124897465,51.392797205132965,51.13146454103583,0.999582359804403,2004,True
27-08-26/0/map4-0.05-data-2026.08.27-17.08.28.590.jpk-force-map,2026-08-27T17:08:28.590000,4,0.05,58,50.85451440245779,50.76744097786378,50.96347710737381,0.9997875001729002,1996,True
27-08-26/0/map4-0.05-data-2026.08.27-17.08.28.590.jpk-force-map,2026-08-27T17:08:28.590000,4,0.05,59,51.530798796154855,51.52085921610467,51.52021852166566,0.9998337125293255,1996,True
27-08-26/0/map4-0.05-data-2026.08.27-17.08.28.590.jpk-force-map,2026-08-27T17:08:28.590000,4,0.05,60,50.74449556843912,50.728753313674545,50.76734916598308,0.999885744454194,2002,True
27-08-26/0/map4-0.05-data-2026.08.27-17.08.28.590.jpk-force-map,2026-08-27T17:08:28.590000,4,0.05,61,51.23080236391647,51.15501698648663,51.291886520342786,0.9998962519876484,1999,True
27-08-26/0/map4-0.05-data-2026.08.27-17.08.28.590.jpk-force-map,2026-08-27T17:08:28.590000,4,0.05,62,51.07686359634851,51.00294728302251,51.10708809443921,0.9998670706562406,1993,True
27-08-26/0/map4-0.05-data-2026.08.27-17.08.28.590.jpk-force-map,2026-08-27T17:08:28.590000,4,0.05,63,50.82692432288596,50.72296697550873,50.91144788460332,0.9998992925752387,2001,True
27-08-26/0/map4-0.1-data-2026.08.27-17.19.56.860.jpk-force-map,2026-08-27T17:19:56.860000,4,0.1,0,50.92978445258302,50.85790298091762,51.063231781453396,0.9999101749279626,999,True
27-08-26/0/map4-0.1-data-2026.08.27-17.19.56.860.jpk-force-map,2026-08-27T17:19:56.860000,4,0.1,1,51.24092030684026,51.23957564994296,51.08180755492391,0.9998657685282124,999,True
27-08-26/0/map4-0.1-data-2026.08.27-17.19.56.860.jpk-force-map,2026-08-27T17:19:56.860000,4,0.1,2,51.12928969268808,51.14851131033604,51.20136252505299,0.9999101984507321,1002,True
27-08-26/0/map4-0.1-data-2026.08.27-17.19.56.860.jpk-force-map,2026-08-27T17:19:56.860000,4,0.1,3,51.01538135195036,50.96813897470267,51.12380334173095,0.9998767556471468,1000,True
27-08-26/0/map4-0.1-data-2026.08.27-17.19.56.860.jpk-force-map,2026-08-27T17:19:56.860000,4,0.1,4,51.30566142548327,51.38244622881822,51.17586245119969,0.999880971284259,1000,True
27-08-26/0/map4-0.1-data-2026.08.27-17.19.56.860.jpk-force-map,2026-08-27T17:19:56.860000,4,0.1,5,51.5566356962216,51.58094236535445,51.52078990506706,0.9997414963099946,1000,True
27-08-26/0/map4-0.1-data-2026.08.27-17.19.56.860.jpk-force-map,2026-08-27T17:19:56.860000,4,0.1,6,51.15531683172804,51.35290999265744,51.124446491136695,0.9997425246398841,1001,True
27-08-26/0/map4-0.1-data-2026.08.27-17.19.56.860.jpk-force-map,2026-08-27T17:19:56.860000,4,0.1,7,51.84270894003428,51.45924120031726,51.85899527435351,0.9991776062042904,1000,True
27-08-26/0/map4-0.1-data-2026.08.27-17.19.56.860.jpk-force-map,2026-08-27T17:19:56.860000,4,0.1,8,50.78839750233672,50.97205860235578,51.05338476406429,0.9996456381395447,998,True
27-08-26/0/map4-0.1-data-2026.08.27-17.19.56.860.jpk-force-map,2026-08-27T17:19:56.860000,4,0.1,9,50.880759734498525,50.84764535723457,50.96547072925191,0.9998336114330837,1000,True
27-08-26/0/map4-0.1-data-2026.08.27-17.19.56.860.jpk-force-map,2026-08-27T17:19:56.860000,4,0.1,10,51.56824896076618,51.09450630931782,51.28440323793189,0.9991540365879275,1000,True
27-08-26/0/map4-0.1-data-2026.08.27-17.19.56.860.jpk-force-map,2026-08-27T17:19:56.860000,4,0.1,11,51.28788275268829,51.23216174795867,51.504621194705855,0.9997379024534018,1002,True
27-08-26/0/map4-0.1-data-2026.08.27-17.19.56.860.jpk-force-map,2026-08-27T17:19:56.860000,4,0.1,12,50.898060221497126,50.77492288427943,51.085451187279155,0.9998777865336511,1001,True
27-08-26/0/map4-0.1-data-2026.08.27-17.19.56.860.jpk-force-map,2026-08-27T17:19:56.860000,4,0.1,13,51.74284019821748,51.42458955174383,51.68682741839392,0.9998225546382145,1001,True
27-08-26/0/map4-0.1-data-2026.08.27-17.19.56.860.jpk-force-map,2026-08-27T17:19:56.860000,4,0.1,14,51.0582862670548,51.04628553414016,51.07511510386327,0.9997908877032926,1000,True
27-08-26/0/map4-0.1-data-2026.08.27-17.19.56.860.jpk-force-map,2026-08-27T17:19:56.860000,4,0.1,15,52.06790944855343,52.090692888526156,52.082521653656634,0.9998277787109834,1003,True
27-08-26/0/map4-0.1-data-2026.08.27-17.19.56.860.jpk-force-map,2026-08-27T17:19:56.860000,4,0.1,16,51.22409620347207,51.23730703526475,51.26520331757603,0.9998704836765991,999,True
27-08-26/0/map4-0.1-data-2026.08.27-17.19.56.860.jpk-force-map,2026-08-27T17:19:56.860000,4,0.1,17,51.411960839838585,51.23056242151077,51.477936591430044,0.9998496524609897,998,True
27-08-26/0/map4-0.1-data-2026.08.27-17.19.56.860.jpk-force-map,2026-08-27T17:19:56.860000,4,0.1,18,51.077581143676184,51.01934207586348,51.11747196105367,0.9998319253124786,997,True
27-08-26/0/map4-0.1-data-2026.08.27-17.19.56.860.jpk-force-map,2026-08-27T17:19:56.860000,4,0.1,19,51.2214210817841,51.25330156465892,51.258178640871,0.9999051480470247,1001,True
27-08-26/0/map4-0.1-data-2026.08.27-17.19.56.860.jpk-force-map,2026-08-27T17:19:56.860000,4,0.1,20,51.240337398021936,51.30417527075051,51.22982149669016,0.9999119833699954,1001,True
27-08-26/0/map4-0.1-data-2026.08.27-17.19.56.860.jpk-force-map,2026-08-27T17:19:56.860000,4,0.1,21,51.06285602518448,51.02403680000125,51.10770770861774,0.9999002583196429,999,True
27-08-26/0/map4-0.1-data-2026.08.27-17.19.56.860.jpk-force-map,2026-08-27T17:19:56.860000,4,0.1,22,50.848906169321225,50.814965079578826,50.941223825604446,0.9998517079212599,1000,True
27-08-26/0/map4-0.1-data-2026.08.27-17.19.56.860.jpk-force-map,2026-08-27T17:19:56.860000,4,0.1,23,50.97758124817254,50.93064011879884,51.04167961976626,0.9998154055717987,999,True
27-08-26/0/map4-0.1-data-2026.08.27-17.19.56.860.jpk-force-map,2026-08-27T17:19:56.860000,4,0.1,24,50.89158959829528,50.853934545345986,50.9517623340421,0.9999161187185021,999,True
27-08-26/0/map4-0.1-data-2026.08.27-17.19.56.860.jpk-force-map,2026-08-27T17:19:56.860000,4,0.1,25,50.81787313459171,50.78190507391466,50.86530534877265,0.9998755361614986,999,True
27-08-26/0/map4-0.1-data-2026.08.27-17.19.56.860.jpk-force-map,2026-08-27T17:19:56.860000,4,0.1,26,51.05616103726743,50.9893071087554,51.06429189058371,0.9999302726416165,999,True
27-08-26/0/map4-0.1-data-2026.08.27-17.19.56.860.jpk-force-map,2026-08-27T17:19:56.860000,4,0.1,27,51.000364189832524,51.02517676002973,51.07684097981189,0.9998311167052141,999,True
27-08-26/0/map4-0.1-data-2026.08.27-17.19.56.860.jpk-force-map,2026-08-27T17:19:56.860000,4,0.1,28,51.02882004966613,50.99852426281348,51.06743371482569,0.9999071837870454,1002,True
27-08-26/0/map4-0.1-data-2026.08.27-17.19.56.860.jpk-force-map,2026-08-27T17:19:56.860000,4,0.1,29,51.275161451528966,51.23739403705974,51.286253861648,0.99991694795823,1000,True
27-08-26/0/map4-0.1-data-2026.08.27-17.19.56.860.jpk-force-map,2026-08-27T17:19:56.860000,4,0.1,30,51.18990308654405,51.2916080011669,51.14237796116385,0.9998742597433788,998,True
27-08-26/0/map4-0.1-data-2026.08.27-17.19.56.860.jpk-force-map,2026-08-27T17:19:56.860000,4,0.1,31,51.091028704322206,51.11506376241102,51.15328814398535,0.9999073771663691,1000,True
27-08-26/0/map4-0.1-data-2026.08.27-17.19.56.860.jpk-force-map,2026-08-27T17:19:56.860000,4,0.1,32,51.28920723983598,51.28123725002102,51.27810322106445,0.9998864271167219,1000,True
27-08-26/0/map4-0.1-data-2026.08.27-17.19.56.860.jpk-force-map,2026-08-27T17:19:56.860000,4,0.1,33,51.2015615175543,51.22372940631664,51.16994636204129,0.9998778539635279,1001,True
27-08-26/0/map4-0.1-data-2026.08.27-17.19.56.860.jpk-force-map,2026-08-27T17:19:56.860000,4,0.1,34,51.22432980609587,51.226966032512,51.20291508992994,0.9999202219219723,999,True
27-08-26/0/map4-0.1-data-2026.08.27-17.19.56.860.jpk-force-map,2026-08-27T17:19:56.860000,4,0.1,35,51.55044232110824,51.48841169711172,51.62474967416007,0.9998954595794542,1000,True
27-08-26/0/map4-0.1-data-2026.08.27-17.19.56.860.jpk-force-map,2026-08-27T17:19:56.860000,4,0.1,36,51.136046698227226,51.14724560769969,51.224135498063355,0.9999165578242701,1000,True
27-08-26/0/map4-0.1-data-2026.08.27-17.19.56.860.jpk-force-map,2026-08-27T17:19:56.860000,4,0.1,37,50.65884773227679,50.630797102661155,50.70449118542235,0.9999328511054358,1000,True
27-08-26/0/map4-0.1-data-2026.08.27-17.19.56.860.jpk-force-map,2026-08-27T17:19:56.860000,4,0.1,38,51.2073400960878,51.081922103268184,51.19764752968294,0.9998963487993995,1002,True
27-08-26/0/map4-0.1-data-2026.08.27-17.19.56.860.jpk-force-map,2026-08-27T17:19:56.860000,4,0.1,39,51.197930041311096,51.10600522311316,51.21421447984145,0.9999107147129834,997,True
27-08-26/0/map4-0.1-data-2026.08.27-17.19.56.860.jpk-force-map,2026-08-27T17:19:56.860000,4,0.1,40,50.981415093634375,50.99829636345049,51.020156869504675,0.999932192790532,1001,True
27-08-26/0/map4-0.1-data-2026.08.27-17.19.56.860.jpk-force-map,2026-08-27T17:19:56.860000,4,0.1,41,51.27671293213362,51.1446490198471,51.365316146242364,0.9998931392367236,1001,True
27-08-26/0/map4-0.1-data-2026.08.27-17.19.56.860.jpk-force-map,2026-08-27T17:19:56.860000,4,0.1,42,51.3146167897368,51.27253068243298,51.43888439802106,0.9999166232527112,1001,True
27-08-26/0/map4-0.1-data-2026.08.27-17.19.56.860.jpk-force-map,2026-08-27T17:19:56.860000,4,0.1,43,51.50630691980862,51.46267445305455,51.58570208661503,0.999924352426775,1000,True
27-08-26/0/map4-0.1-data-2026.08.27-17.19.56.860.jpk-force-map,2026-08-27T17:19:56.860000,4,0.1,44,51.21973915438014,51.277132022908035,51.18738540167804,0.9999125597395124,1000,True
27-08-26/0/map4-0.1-data-2026.08.27-17.19.56.860.jpk-force-map,2026-08-27T17:19:56.860000,4,0.1,45,52.26936114205855,52.34529825030207,52.23446690453084,0.9998857988548293,998,True
27-08-26/0/map4-0.1-data-2026.08.27-17.19.56.860.jpk-force-map,2026-08-27T17:19:56.860000,4,0.1,46,51.18108223896198,51.21649285935139,51.25149758953594,0.9998971220445999,999,True
27-08-26/0/map4-0.1-data-2026.08.27-17.19.56.860.jpk-force-map,2026-08-27T17:19:56.860000,4,0.1,47,51.2576897739504,51.156406319663354,51.32010985642889,0.9998909288548218,1001,True
27-08-26/0/map4-0.1-data-2026.08.27-17.19.56.860.jpk-force-map,2026-08-27T17:19:56.860000,4,0.1,48,51.1361300854784,51.23846808858374,51.13577509954276,0.9999126438877041,1001,True
27-08-26/0/map4-0.1-data-2026.08.27-17.19.56.860.jpk-force-map,2026-08-27T17:19:56.860000,4,0.1,49,51.179457128679594,51.17619003659375,51.25470330342606,0.9999099133391717,1000,True
27-08-26/0/map4-0.1-data-2026.08.27-17.19.56.860.jpk-force-map,2026-08-27T17:19:56.860000,4,0.1,50,51.074987629203484,51.13417689477958,51.08668942437265,0.9999229426703748,997,True
27-08-26/0/map4-0.1-data-2026.08.27-17.19.56.860.jpk-force-map,2026-08-27T17:19:56.860000,4,0.1,51,51.123341875528446,51.065731457782576,51.22182268113225,0.9999186821696265,999,True
27-08-26/0/map4-0.1-data-2026.08.27-17.19.56.860.jpk-force-map,2026-08-27T17:19:56.860000,4,0.1,52,52.02937071025314,51.9227464209422,51.92503542381486,0.9998672328969301,1000,True
27-08-26/0/map4-0.1-data-2026.08.27-17.19.56.860.jpk-force-map,2026-08-27T17:19:56.860000,4,0.1,53,51.30297001052667,51.16230150004317,51.31028561835237,0.9998924003046502,1001,True
27-08-26/0/map4-0.1-data-2026.08.27-17.19.56.860.jpk-force-map,2026-08-27T17:19:56.860000,4,0.1,54,50.925040588847146,50.828621321795445,51.08405346192435,0.9999098239687801,998,True
27-08-26/0/map4-0.1-data-2026.08.27-17.19.56.860.jpk-force-map,2026-08-27T17:19:56.860000,4,0.1,55,50.90871188769957,50.7305812760976,51.002682680721726,0.9998698764346785,999,True
27-08-26/0/map4-0.1-data-2026.08.27-17.19.56.860.jpk-force-map,2026-08-27T17:19:56.860000,4,0.1,56,50.78733515599787,50.704638975515536,50.88845206962663,0.9998790612290821,1002,True
27-08-26/0/map4-0.1-data-2026.08.27-17.19.56.860.jpk-force-map,2026-08-27T17:19:56.860000,4,0.1,57,50.888333459588104,50.70908544855097,51.01722339662426,0.9998571838786614,1000,True
27-08-26/0/map4-0.1-data-2026.08.27-17.19.56.860.jpk-force-map,2026-08-27T17:19:56.860000,4,0.1,58,51.131322397458256,51.167203642982486,51.148884799111435,0.9998144954729079,1000,True
27-08-26/0/map4-0.1-data-2026.08.27-17.19.56.860.jpk-force-map,2026-08-27T17:19:56.860000,4,0.1,59,51.13461405557924,50.960663767874095,51.264881316237975,0.9998766176741309,1001,True
27-08-26/0/map4-0.1-data-2026.08.27-17.19.56.860.jpk-force-map,2026-08-27T17:19:56.860000,4,0.1,60,51.060634532820714,51.0402515298949,51.082715380203744,0.9998668697176637,1001,True
27-08-26/0/map4-0.1-data-2026.08.27-17.19.56.860.jpk-force-map,2026-08-27T17:19:56.860000,4,0.1,61,51.187068116984854,51.18232221301614,51.185801980752004,0.9999080538068379,999,True
27-08-26/0/map4-0.1-data-2026.08.27-17.19.56.860.jpk-force-map,2026-08-27T17:19:56.860000,4,0.1,62,51.11906917874103,51.187457312262296,51.103365516200334,0.9999219486971278,1000,True
27-08-26/0/map4-0.1-data-2026.08.27-17.19.56.860.jpk-force-map,2026-08-27T17:19:56.860000,4,0.1,63,51.173755963038715,51.16588523368582,51.10848002281615,0.9999059924480747,999,True
27-08-26/0/map4-0.2-data-2026.08.27-17.25.48.068.jpk-force-map,2026-08-27T17:25:48.068000,4,0.2,0,50.92427533475878,50.688392586626314,51.001583767535884,0.9998949980187389,500,True
27-08-26/0/map4-0.2-data-2026.08.27-17.25.48.068.jpk-force-map,2026-08-27T17:25:48.068000,4,0.2,1,51.026968078700165,50.8243150527491,51.07875781455624,0.9998789849540409,501,True
27-08-26/0/map4-0.2-data-2026.08.27-17.25.48.068.jpk-force-map,2026-08-27T17:25:48.068000,4,0.2,2,51.31755094137986,51.26680199836634,51.36588069560273,0.9999161987150399,500,True
27-08-26/0/map4-0.2-data-2026.08.27-17.25.48.068.jpk-force-map,2026-08-27T17:25:48.068000,4,0.2,3,51.428165539276726,51.41511188540244,51.450057471681376,0.9999308830443221,501,True
27-08-26/0/map4-0.2-data-2026.08.27-17.25.48.068.jpk-force-map,2026-08-27T17:25:48.068000,4,0.2,4,51.229400580199155,51.31101332210017,51.29984019501972,0.9998906681586501,500,True
27-08-26/0/map4-0.2-data-2026.08.27-17.25.48.068.jpk-force-map,2026-08-27T17:25:48.068000,4,0.2,5,51.25183090330437,51.16010321885358,51.341474294306096,0.9999083214071169,501,True
27-08-26/0/map4-0.2-data-2026.08.27-17.25.48.068.jpk-force-map,2026-08-27T17:25:48.068000,4,0.2,6,51.138914477946514,51.1138199806123,51.233592866972046,0.9999138075894997,502,True
27-08-26/0/map4-0.2-data-2026.08.27-17.25.48.068.jpk-force-map,2026-08-27T17:25:48.068000,4,0.2,7,51.95196234299114,51.820765057544236,51.9727277589941,0.9995585667471298,500,True
27-08-26/0/map4-0.2-data-2026.08.27-17.25.48.068.jpk-force-map,2026-08-27T17:25:48.068000,4,0.2,8,51.07716202194569,51.1324055450616,51.14811662080817,0.999865887602675,501,True
27-08-26/0/map4-0.2-data-2026.08.27-17.25.48.068.jpk-force-map,2026-08-27T17:25:48.068000,4,0.2,9,51.11450666981357,51.089411365400885,51.10175955664177,0.9998949246593407,501,True
27-08-26/0/map4-0.2-data-2026.08.27-17.25.48.068.jpk-force-map,2026-08-27T17:25:48.068000,4,0.2,10,51.297228679352415,51.346740154172956,51.33521993017844,0.9999018917208116,500,True
27-08-26/0/map4-0.2-data-2026.08.27-17.25.48.068.jpk-force-map,2026-08-27T17:25:48.068000,4,0.2,11,51.40325684419895,51.394603868893554,51.380961887577335,0.9998417401771895,499,True
27-08-26/0/map4-0.2-data-2026.08.27-17.25.48.068.jpk-force-map,2026-08-27T17:25:48.068000,4,0.2,12,50.97778858444867,50.91351547737107,51.15705535953012,0.9999094916541696,501,True
27-08-26/0/map4-0.2-data-2026.08.27-17.25.48.068.jpk-force-map,2026-08-27T17:25:48.068000,4,0.2,13,51.52475279228686,51.358810505739605,51.60208535030244,0.999751881099319,501,True
27-08-26/0/map4-0.2-data-2026.08.27-17.25.48.068.jpk-force-map,2026-08-27T17:25:48.068000,4,0.2,14,51.36051354360352,51.39440126295459,51.40723025521627,0.999769316478605,500,True
27-08-26/0/map4-0.2-data-2026.08.27-17.25.48.068.jpk-force-map,2026-08-27T17:25:48.068000,4,0.2,15,51.79660944559962,51.7862413848464,51.60259798447994,0.999724077173861,501,True
27-08-26/0/map4-0.2-data-2026.08.27-17.25.48.068.jpk-force-map,2026-08-27T17:25:48.068000,4,0.2,16,51.21420354511446,51.20710935923774,51.20846930319944,0.9998481465364603,501,True
27-08-26/0/map4-0.2-data-2026.08.27-17.25.48.068.jpk-force-map,2026-08-27T17:25:48.068000,4,0.2,17,51.31276364421255,51.344124191624644,51.37807622522525,0.9999281409676958,501,True
27-08-26/0/map4-0.2-data-2026.08.27-17.25.48.068.jpk-force-map,2026-08-27T17:25:48.068000,4,0.2,18,51.206769979692375,51.08021644880732,51.296294140607095,0.9999254004012968,500,True
27-08-26/0/map4-0.2-data-2026.08.27-17.25.48.068.jpk-force-map,2026-08-27T17:25:48.068000,4,0.2,19,51.197052665776525,51.126958489865714,51.26971889967607,0.9996928289139152,500,True
27-08-26/0/map4-0.2-data-2026.08.27-17.25.48.068.jpk-force-map,2026-08-27T17:25:48.068000,4,0.2,20,51.20581192273955,51.167551730852594,51.23984813931873,0.9999336675180741,501,True
27-08-26/0/map4-0.2-data-2026.08.27-17.25.48.068.jpk-force-map,2026-08-27T17:25:48.068000,4,0.2,21,51.16482557734847,51.09683781658249,51.200081034239915,0.999766519610924,500,True
27-08-26/0/map4-0.2-data-2026.08.27-17.25.48.068.jpk-force-map,2026-08-27T17:25:48.068000,4,0.2,22,51.11330709324657,51.17049841955418,51.108203075387145,0.9996818275030558,500,True
27-08-26/0/map4-0.2-data-2026.08.27-17.25.48.068.jpk-force-map,2026-08-27T17:25:48.068000,4,0.2,23,51.07896491693225,51.00930155361954,51.11286795709504,0.9998848401741389,501,True
27-08-26/0/map4-0.2-data-2026.08.27-17.25.48.068.jpk-force-map,2026-08-27T17:25:48.068000,4,0.2,24,50.83593257152549,50.757411236412736,50.871072854440406,0.9999101803289928,500,True
27-08-26/0/map4-0.2-data-2026.08.27-17.25.48.068.jpk-force-map,2026-08-27T17:25:48.068000,4,0.2,25,51.07932035456541,50.977183194835774,51.10651220740709,0.9999028375960166,502,True
27-08-26/0/map4-0.2-data-2026.08.27-17.25.48.068.jpk-force-map,2026-08-27T17:25:48.068000,4,0.2,26,50.91178544885874,51.05043142427428,50.96006755047826,0.9997529586963416,500,True
27-08-26/0/map4-0.2-data-2026.08.27-17.25.48.068.jpk-force-map,2026-08-27T17:25:48.068000,4,0.2,27,51.30206766916681,51.272192415929375,51.34378558161642,0.9998230639695339,500,True
27-08-26/0/map4-0.2-data-2026.08.27-17.25.48.068.jpk-force-map,2026-08-27T17:25:48.068000,4,0.2,28,50.89475165808165,50.95715813570084,51.06833839606691,0.9998958930854918,502,True
27-08-26/0/map4-0.2-data-2026.08.27-17.25.48.068.jpk-force-map,2026-08-27T17:25:48.068000,4,0.2,29,51.10735682902268,51.07024839024254,51.1567975193562,0.9999051085536821,500,True
27-08-26/0/map4-0.2-data-2026.08.27-17.25.48.068.jpk-force-map,2026-08-27T17:25:48.068000,4,0.2,30,51.27967787670934,51.354212394172585,51.27310393938748,0.9998664986542503,500,True
27-08-26/0/map4-0.2-data-2026.08.27-17.25.48.068.jpk-force-map,2026-08-27T17:25:48.068000,4,0.2,31,50.97048537559707,50.865017660422964,51.06296553536532,0.9998776093326597,501,True
27-08-26/0/map4-0.2-data-2026.08.27-17.25.48.068.jpk-force-map,2026-08-27T17:25:48.068000,4,0.2,32,51.091466592409695,51.08276030091219,51.12302049063977,0.9999000808834967,500,True
27-08-26/0/map4-0.2-data-2026.08.27-17.25.48.068.jpk-force-map,2026-08-27T17:25:48.068000,4,0.2,33,51.344227895937465,51.39393553747472,51.30596849748905,0.9998833078271329,500,True
27-08-26/0/map4-0.2-data-2026.08.27-17.25.48.068.jpk-force-map,2026-08-27T17:25:48.068000,4,0.2,34,51.30347301388973,51.39620939193378,51.2204717895982,0.9998852624429012,500,True
27-08-26/0/map4-0.2-data-2026.08.27-17.25.48.068.jpk-force-map,2026-08-27T17:25:48.068000,4,0.2,35,51.4246381005467,51.252436451753546,51.385353815116204,0.9997612160867412,501,True
27-08-26/0/map4-0.2-data-2026.08.27-17.25.48.068.jpk-force-map,2026-08-27T17:25:48.068000,4,0.2,36,51.20210020859717,51.17235930861263,51.24178066915955,0.9998598586981052,502,True
27-08-26/0/map4-0.2-data-2026.08.27-17.25.48.068.jpk-force-map,2026-08-27T17:25:48.068000,4,0.2,37,51.01592536528365,50.91814486985947,50.98684000284232,0.9999069669994065,501,True
27-08-26/0/map4-0.2-data-2026.08.27-17.25.48.068.jpk-force-map,2026-08-27T17:25:48.068000,4,0.2,38,51.152866932182114,51.211453248673045,51.19941435048834,0.9998921411812829,501,True
27-08-26/0/map4-0.2-data-2026.08.27-17.25.48.068.jpk-force-map,2026-08-27T17:25:48.068000,4,0.2,39,51.28434418411379,51.245931828757726,51.343652598419276,0.9999182409008172,501,True
27-08-26/0/map4-0.2-data-2026.08.27-17.25.48.068.jpk-force-map,2026-08-27T17:25:48.068000,4,0.2,40,51.20545037358759,51.17988099187212,51.18943205371758,0.9997720994410765,501,True
27-08-26/0/map4-0.2-data-2026.08.27-17.25.48.068.jpk-force-map,2026-08-27T17:25:48.068000,4,0.2,41,51.37219573329979,51.26338314227782,51.459974844742064,0.9998331576901704,499,True
27-08-26/0/map4-0.2-data-2026.08.27-17.25.48.068.jpk-force-map,2026-08-27T17:25:48.068000,4,0.2,42,51.2990825164138,51.25281393106889,51.24860811486484,0.9999050647909918,502,True
27-08-26/0/map4-0.2-data-2026.08.27-17.25.48.068.jpk-force-map,2026-08-27T17:25:48.068000,4,0.2,43,51.46073396997245,51.52997155374962,51.48986209556934,0.9998854079698293,499,True
27-08-26/0/map4-0.2-data-2026.08.27-17.25.48.068.jpk-force-map,2026-08-27T17:25:48.068000,4,0.2,44,51.11387447968345,51.01960948965385,51.17615374534476,0.999908533991507,501,True
27-08-26/0/map4-0.2-data-2026.08.27-17.25.48.068.jpk-force-map,2026-08-27T17:25:48.068000,4,0.2,45,52.679469338818336,52.81047835394362,52.58692129149506,0.9998523356504186,500,True
27-08-26/0/map4-0.2-data-2026.08.27-17.25.48.068.jpk-force-map,2026-08-27T17:25:48.068000,4,0.2,46,51.36688693543837,51.2918228099237,51.34645651724368,0.9999006624910217,500,True
27-08-26/0/map4-0.2-data-2026.08.27-17.25.48.068.jpk-force-map,2026-08-27T17:25:48.068000,4,0.2,47,51.09772397459477,51.00987858179824,51.1888519750991,0.9999055401742581,501,True
27-08-26/0/map4-0.2-data-2026.08.27-17.25.48.068.jpk-force-map,2026-08-27T17:25:48.068000,4,0.2,48,51.383590435203615,51.42049900078303,51.3135644474617,0.9999233897791541,500,True
27-08-26/0/map4-0.2-data-2026.08.27-17.25.48.068.jpk-force-map,2026-08-27T17:25:48.068000,4,0.2,49,51.13352929504122,51.173318121278314,51.17749486074273,0.9999204116507919,500,True
27-08-26/0/map4-0.2-data-2026.08.27-17.25.48.068.jpk-force-map,2026-08-27T17:25:48.068000,4,0.2,50,51.17267652793051,51.174717028820595,51.18271385442991,0.9999276961775705,501,True
27-08-26/0/map4-0.2-data-2026.08.27-17.25.48.068.jpk-force-map,2026-08-27T17:25:48.068000,4,0.2,51,50.93345343922024,50.809052256586405,51.02480813177771,0.999847119416478,501,True
27-08-26/0/map4-0.2-data-2026.08.27-17.25.48.068.jpk-force-map,2026-08-27T17:25:48.068000,4,0.2,52,51.88439321645862,51.85591482968964,51.83338537076363,0.9998521541708049,500,True
27-08-26/0/map4-0.2-data-2026.08.27-17.25.48.068.jpk-force-map,2026-08-27T17:25:48.068000,4,0.2,53,51.24359708408871,51.26665405226218,51.28207676933714,0.9998894171483428,501,True
27-08-26/0/map4-0.2-data-2026.08.27-17.25.48.068.jpk-force-map,2026-08-27T17:25:48.068000,4,0.2,54,51.022062775152015,51.125218099032345,51.041228791487484,0.9999314388240299,500,True
27-08-26/0/map4-0.2-data-2026.08.27-17.25.48.068.jpk-force-map,2026-08-27T17:25:48.068000,4,0.2,55,50.65868576626608,50.460014888363446,50.76018165177812,0.999836293210204,500,True
27-08-26/0/map4-0.2-data-2026.08.27-17.25.48.068.jpk-force-map,2026-08-27T17:25:48.068000,4,0.2,56,51.091387657441196,51.178258329526905,51.16250715990583,0.9998489542527021,500,True
27-08-26/0/map4-0.2-data-2026.08.27-17.25.48.068.jpk-force-map,2026-08-27T17:25:48.068000,4,0.2,57,50.894711209063495,50.920078553103856,50.99049391010076,0.9999099274461983,502,True
27-08-26/0/map4-0.2-data-2026.08.27-17.25.48.068.jpk-force-map,2026-08-27T17:25:48.068000,4,0.2,58,51.374265777301105,51.30801664382028,51.386247772899466,0.9998547616968034,501,True
27-08-26/0/map4-0.2-data-2026.08.27-17.25.48.068.jpk-force-map,2026-08-27T17:25:48.068000,4,0.2,59,51.24426562341417,51.12036623821916,51.2387693577908,0.9998302949146155,500,True
27-08-26/0/map4-0.2-data-2026.08.27-17.25.48.068.jpk-force-map,2026-08-27T17:25:48.068000,4,0.2,60,51.1077444478689,51.118476949616024,51.129818538373,0.9998568964618015,500,True
27-08-26/0/map4-0.2-data-2026.08.27-17.25.48.068.jpk-force-map,2026-08-27T17:25:48.068000,4,0.2,61,51.2599406347708,51.23672953495821,51.223531022003755,0.9998977575887938,501,True
27-08-26/0/map4-0.2-data-2026.08.27-17.25.48.068.jpk-force-map,2026-08-27T17:25:48.068000,4,0.2,62,51.01665119720314,50.91336205771191,51.12706658954327,0.9999177516187879,501,True
27-08-26/0/map4-0.2-data-2026.08.27-17.25.48.068.jpk-force-map,2026-08-27T17:25:48.068000,4,0.2,63,51.32339990562502,51.168625544393265,51.436918784984904,0.9998986999045711,501,True
27-08-26/0/map5-0.1-data-2026.08.27-17.31.45.428.jpk-force-map,2026-08-27T17:31:45.428000,5,0.1,0,50.9590067344878,50.95755017270577,50.93982506300093,0.9998680290262554,1002,True
27-08-26/0/map5-0.1-data-2026.08.27-17.31.45.428.jpk-force-map,2026-08-27T17:31:45.428000,5,0.1,1,51.01714279066893,51.02909954908062,50.99057959314847,0.999869268623606,999,True
27-08-26/0/map5-0.1-data-2026.08.27-17.31.45.428.jpk-force-map,2026-08-27T17:31:45.428000,5,0.1,2,51.41962062501998,51.38256257729557,51.443825411060274,0.9998765505242962,1001,True
27-08-26/0/map5-0.1-data-2026.08.27-17.31.45.428.jpk-force-map,2026-08-27T17:31:45.428000,5,0.1,3,51.32135632182972,51.45878564340933,51.36673817086347,0.99978998813406,1001,True
27-08-26/0/map5-0.1-data-2026.08.27-17.31.45.428.jpk-force-map,2026-08-27T17:31:45.428000,5,0.1,4,51.37026829553114,51.44399482599103,51.325716640188276,0.9998599565956683,999,True
27-08-26/0/map5-0.1-data-2026.08.27-17.31.45.428.jpk-force-map,2026-08-27T17:31:45.428000,5,0.1,5,51.2548550446367,51.16269334764094,51.238140307723846,0.9997928350078542,1001,True
27-08-26/0/map5-0.1-data-2026.08.27-17.31.45.428.jpk-force-map,2026-08-27T17:31:45.428000,5,0.1,6,51.07176317415581,51.05616861145012,51.07078703714125,0.9998237946662237,999,True
27-08-26/0/map5-0.1-data-2026.08.27-17.31.45.428.jpk-force-map,2026-08-27T17:31:45.428000,5,0.1,7,51.30054818555656,51.24735092115512,51.33954550547716,0.9998889830094672,999,True
27-08-26/0/map5-0.1-data-2026.08.27-17.31.45.428.jpk-force-map,2026-08-27T17:31:45.428000,5,0.1,8,50.91450582723891,50.90601917674019,50.92768870113169,0.9996705029363709,1000,True
27-08-26/0/map5-0.1-data-2026.08.27-17.31.45.428.jpk-force-map,2026-08-27T17:31:45.428000,5,0.1,9,51.005034846752515,50.886748176587126,51.03186786793634,0.9997789137424824,998,True
27-08-26/0/map5-0.1-data-2026.08.27-17.31.45.428.jpk-force-map,2026-08-27T17:31:45.428000,5,0.1,10,51.359370143841346,51.40146769720761,51.27458416003573,0.999783069780057,1001,True
27-08-26/0/map5-0.1-data-2026.08.27-17.31.45.428.jpk-force-map,2026-08-27T17:31:45.428000,5,0.1,11,50.88094048243549,51.05452226799443,50.82025477151708,0.9994635459453554,1000,True
27-08-26/0/map5-0.1-data-2026.08.27-17.31.45.428.jpk-force-map,2026-08-27T17:31:45.428000,5,0.1,12,53.86167095191378,53.75863643301116,53.839638788012,0.9999264775955334,1003,True
27-08-26/0/map5-0.1-data-2026.08.27-17.31.45.428.jpk-force-map,2026-08-27T17:31:45.428000,5,0.1,13,51.17640006921244,51.15126096712174,51.226993318555444,0.9998231924876689,1000,True
27-08-26/0/map5-0.1-data-2026.08.27-17.31.45.428.jpk-force-map,2026-08-27T17:31:45.428000,5,0.1,14,51.184327850641345,51.171720251485645,51.216556693224504,0.9998054635635795,1002,True
27-08-26/0/map5-0.1-data-2026.08.27-17.31.45.428.jpk-force-map,2026-08-27T17:31:45.428000,5,0.1,15,51.247583890510924,51.30884212121876,51.26469845290412,0.9997823396707488,1002,True
27-08-26/0/map5-0.1-data-2026.08.27-17.31.45.428.jpk-force-map,2026-08-27T17:31:45.428000,5,0.1,16,51.19217240327443,51.138664070780635,51.21246047210887,0.9998810251675218,1001,True
27-08-26/0/map5-0.1-data-2026.08.27-17.31.45.428.jpk-force-map,2026-08-27T17:31:45.428000,5,0.1,17,51.03987938409955,51.07963008195139,51.02041866687926,0.9998500660037609,1002,True
27-08-26/0/map5-0.1-data-2026.08.27-17.31.45.428.jpk-force-map,2026-08-27T17:31:45.428000,5,0.1,18,50.87128071666995,50.83151698132553,50.85212474305874,0.9996434065099287,999,True
27-08-26/0/map5-0.1-data-2026.08.27-17.31.45.428.jpk-force-map,2026-08-27T17:31:45.428000,5,0.1,19,51.30671223529336,51.48145346525277,51.25002458082365,0.9993637027576838,1000,True
27-08-26/0/map5-0.1-data-2026.08.27-17.31.45.428.jpk-force-map,2026-08-27T17:31:45.428000,5,0.1,20,51.060434422898894,51.000233204141956,51.08278068146347,0.9995319826318765,1000,True
27-08-26/0/map5-0.1-data-2026.08.27-17.31.45.428.jpk-force-map,2026-08-27T17:31:45.428000,5,0.1,21,57.279891510278254,56.91811758627912,57.39056439672057,0.9998325666218696,998,True
27-08-26/0/map5-0.1-data-2026.08.27-17.31.45.428.jpk-force-map,2026-08-27T17:31:45.428000,5,0.1,22,56.01103147720996,55.92499405475177,56.09283365813756,0.9998788998696889,1002,True
27-08-26/0/map5-0.1-data-2026.08.27-17.31.45.428.jpk-force-map,2026-08-27T17:31:45.428000,5,0.1,23,51.42047233472721,51.39817853942619,51.38915091482234,0.9998749115684575,1002,True
27-08-26/0/map5-0.1-data-2026.08.27-17.31.45.428.jpk-force-map,2026-08-27T17:31:45.428000,5,0.1,24,50.960295489951264,51.04682425347891,50.976563585349176,0.9997789323196461,997,True
27-08-26/0/map5-0.1-data-2026.08.27-17.31.45.428.jpk-force-map,2026-08-27T17:31:45.428000,5,0.1,25,51.662186313874976,51.64237083370928,51.649632334060755,0.9999041394835646,999,True
27-08-26/0/map5-0.1-data-2026.08.27-17.31.45.428.jpk-force-map,2026-08-27T17:31:45.428000,5,0.1,26,51.268117153819006,51.322101901730285,51.2705405084011,0.999828293484622,1003,True
27-08-26/0/map5-0.1-data-2026.08.27-17.31.45.428.jpk-force-map,2026-08-27T17:31:45.428000,5,0.1,27,55.59369079825366,55.56038003399722,55.33992228706796,0.9998144502323103,999,True
27-08-26/0/map5-0.1-data-2026.08.27-17.31.45.428.jpk-force-map,2026-08-27T17:31:45.428000,5,0.1,28,51.51237900769102,51.49002553775879,51.52745601939665,0.9998008083659814,999,True
27-08-26/0/map5-0.1-data-2026.08.27-17.31.45.428.jpk-force-map,2026-08-27T17:31:45.428000,5,0.1,29,51.06960462421508,51.089656341759735,51.09910804603729,0.9996955535760553,1002,True
27-08-26/0/map5-0.1-data-2026.08.27-17.31.45.428.jpk-force-map,2026-08-27T17:31:45.428000,5,0.1,30,51.33917798924436,51.35890147453593,51.33886243116074,0.9998160987117236,1002,True
27-08-26/0/map5-0.1-data-2026.08.27-17.31.45.428.jpk-force-map,2026-08-27T17:31:45.428000,5,0.1,31,51.14897423925809,51.08876229918853,51.15768859987955,0.9997957955475537,998,True
27-08-26/0/map5-0.1-data-2026.08.27-17.31.45.428.jpk-force-map,2026-08-27T17:31:45.428000,5,0.1,32,50.94610796417757,50.92110753634821,51.102035361831774,0.999603701716118,1002,True
27-08-26/0/map5-0.1-data-2026.08.27-17.31.45.428.jpk-force-map,2026-08-27T17:31:45.428000,5,0.1,33,51.27695784985617,51.24011601203485,51.26911896319105,0.9998408358898242,1001,True
27-08-26/0/map5-0.1-data-2026.08.27-17.31.45.428.jpk-force-map,2026-08-27T17:31:45.428000,5,0.1,34,51.51719122038755,51.51630404673641,51.50347891583066,0.9997292648900556,998,True
27-08-26/0/map5-0.1-data-2026.08.27-17.31.45.428.jpk-force-map,2026-08-27T17:31:45.428000,5,0.1,35,53.29630992809355,53.38709263760584,52.61521740915286,0.9998863066381297,1001,True
27-08-26/0/map5-0.1-data-2026.08.27-17.31.45.428.jpk-force-map,2026-08-27T17:31:45.428000,5,0.1,36,51.31869774307973,51.43289517879951,51.22000578969157,0.9996832212540613,1000,True
27-08-26/0/map5-0.1-data-2026.08.27-17.31.45.428.jpk-force-map,2026-08-27T17:31:45.428000,5,0.1,37,51.36339990661337,51.41798869723921,51.32945838089401,0.9997858649050344,998,True
27-08-26/0/map5-0.1-data-2026.08.27-17.31.45.428.jpk-force-map,2026-08-27T17:31:45.428000,5,0.1,38,51.514059082549835,51.51756928083483,51.39817830753166,0.9998162394299398,998,True
27-08-26/0/map5-0.1-data-2026.08.27-17.31.45.428.jpk-force-map,2026-08-27T17:31:45.428000,5,0.1,39,51.700404488843766,51.6157720829514,51.80573651800406,0.9999011906784872,998,True
27-08-26/0/map5-0.1-data-2026.08.27-17.31.45.428.jpk-force-map,2026-08-27T17:31:45.428000,5,0.1,40,51.27813518103125,51.28159038421553,51.213388352999495,0.999884138453003,1001,True
27-08-26/0/map5-0.1-data-2026.08.27-17.31.45.428.jpk-force-map,2026-08-27T17:31:45.428000,5,0.1,41,51.91651599692252,51.86228589066408,51.79304168929151,0.9998966325512832,999,True
27-08-26/0/map5-0.1-data-2026.08.27-17.31.45.428.jpk-force-map,2026-08-27T17:31:45.428000,5,0.1,42,51.193980725574555,51.12988709241645,51.21821609690419,0.9996612269708116,997,True
27-08-26/0/map5-0.1-data-2026.08.27-17.31.45.428.jpk-force-map,2026-08-27T17:31:45.428000,5,0.1,43,51.22598487799702,51.20287735878458,51.227043236593,0.9997683999962755,1001,True
27-08-26/0/map5-0.1-data-2026.08.27-17.31.45.428.jpk-force-map,2026-08-27T17:31:45.428000,5,0.1,44,51.43376363840139,51.31437557533425,51.438361287771755,0.9998335663738375,1002,True
27-08-26/0/map5-0.1-data-2026.08.27-17.31.45.428.jpk-force-map,2026-08-27T17:31:45.428000,5,0.1,45,51.44857416037376,51.452404847236394,51.41722937574587,0.9998433249658182,1002,True
27-08-26/0/map5-0.1-data-2026.08.27-17.31.45.428.jpk-force-map,2026-08-27T17:31:45.428000,5,0.1,46,51.50123600251993,51.41929485183876,51.49094338048181,0.9998270535991057,998,True
27-08-26/0/map5-0.1-data-2026.08.27-17.31.45.428.jpk-force-map,2026-08-27T17:31:45.428000,5,0.1,47,51.1784126567331,51.09793167619736,51.08040582970139,0.9996623609139338,997,True
27-08-26/0/map5-0.1-data-2026.08.27-17.31.45.428.jpk-force-map,2026-08-27T17:31:45.428000,5,0.1,48,51.24224954065478,51.29238355643025,51.16876958179207,0.9996991789533456,1001,True
27-08-26/0/map5-0.1-data-2026.08.27-17.31.45.428.jpk-force-map,2026-08-27T17:31:45.428000,5,0.1,49,51.48106847424305,51.551585169508144,51.60482767357683,0.9998852676992384,999,True
27-08-26/0/map5-0.1-data-2026.08.27-17.31.45.428.jpk-force-map,2026-08-27T17:31:45.428000,5,0.1,50,50.91426934740105,50.93361030400102,50.94649730080539,0.9997330835322958,1002,True
27-08-26/0/map5-0.1-data-2026.08.27-17.31.45.428.jpk-force-map,2026-08-27T17:31:45.428000,5,0.1,51,51.42538258515148,51.50628540115869,51.25171139332847,0.9995543374654884,999,True
27-08-26/0/map5-0.1-data-2026.08.27-17.31.45.428.jpk-force-map,2026-08-27T17:31:45.428000,5,0.1,52,51.5993269530986,51.55933130201937,51.561043178501485,0.9996674218345012,1003,True
27-08-26/0/map5-0.1-data-2026.08.27-17.31.45.428.jpk-force-map,2026-08-27T17:31:45.428000,5,0.1,53,50.980527406256336,50.937817470504434,50.93965135647022,0.9997639795268475,999,True
27-08-26/0/map5-0.1-data-2026.08.27-17.31.45.428.jpk-force-map,2026-08-27T17:31:45.428000,5,0.1,54,51.15132349972169,51.12934505044282,51.2626506467874,0.9996284127630672,1000,True
27-08-26/0/map5-0.1-data-2026.08.27-17.31.45.428.jpk-force-map,2026-08-27T17:31:45.428000,5,0.1,55,51.248767858305115,51.25822057064283,51.11142134600836,0.9995677381083548,999,True
27-08-26/0/map5-0.1-data-2026.08.27-17.31.45.428.jpk-force-map,2026-08-27T17:31:45.428000,5,0.1,56,51.40599903794413,51.40595107861284,51.41811665268529,0.9997207156622605,1002,True
27-08-26/0/map5-0.1-data-2026.08.27-17.31.45.428.jpk-force-map,2026-08-27T17:31:45.428000,5,0.1,57,50.95683006881564,50.98770345494369,51.03552831851607,0.9997372826698493,1000,True
27-08-26/0/map5-0.1-data-2026.08.27-17.31.45.428.jpk-force-map,2026-08-27T17:31:45.428000,5,0.1,58,52.81639322925464,52.972224863633365,52.7140592420284,0.999856273723488,1001,True
27-08-26/0/map5-0.1-data-2026.08.27-17.31.45.428.jpk-force-map,2026-08-27T17:31:45.428000,5,0.1,59,51.325830989585825,51.257017067891,51.359123382313015,0.9998500353082828,999,True
27-08-26/0/map5-0.1-data-2026.08.27-17.31.45.428.jpk-force-map,2026-08-27T17:31:45.428000,5,0.1,60,51.12851905778607,50.91194315810033,51.182555909037994,0.9995491405072032,1000,True
27-08-26/0/map5-0.1-data-2026.08.27-17.31.45.428.jpk-force-map,2026-08-27T17:31:45.428000,5,0.1,61,51.31766393792827,51.352809898749115,51.2026161687057,0.9996916234447808,1000,True
27-08-26/0/map5-0.1-data-2026.08.27-17.31.45.428.jpk-force-map,2026-08-27T17:31:45.428000,5,0.1,62,51.70803587911661,51.526419431633755,51.83811329288614,0.999881201362818,1000,True
27-08-26/0/map5-0.1-data-2026.08.27-17.31.45.428.jpk-force-map,2026-08-27T17:31:45.428000,5,0.1,63,50.98877814304346,51.04831845474498,50.943176809753396,0.9996817646733305,1001,True
27-08-26/0/map5-0.05-data-2026.08.27-17.38.13.338.jpk-force-map,2026-08-27T17:38:13.338000,5,0.05,0,50.94855603340126,50.930551768310636,50.922585726044005,0.9997542178769595,1997,True
27-08-26/0/map5-0.05-data-2026.08.27-17.38.13.338.jpk-force-map,2026-08-27T17:38:13.338000,5,0.05,1,52.19359759603705,52.251591545483464,52.06455519568488,0.9996130766193255,1999,True
27-08-26/0/map5-0.05-data-2026.08.27-17.38.13.338.jpk-force-map,2026-08-27T17:38:13.338000,5,0.05,2,51.18668434429027,51.13709689242734,51.25853796655325,0.9997260272121348,1998,True
27-08-26/0/map5-0.05-data-2026.08.27-17.38.13.338.jpk-force-map,2026-08-27T17:38:13.338000,5,0.05,3,51.49675707432481,51.419449687717886,51.48099268383308,0.9996210994139332,2002,True
27-08-26/0/map5-0.05-data-2026.08.27-17.38.13.338.jpk-force-map,2026-08-27T17:38:13.338000,5,0.05,4,51.04906026937794,51.04573892121222,51.11553813908147,0.9997740267723688,2001,True
27-08-26/0/map5-0.05-data-2026.08.27-17.38.13.338.jpk-force-map,2026-08-27T17:38:13.338000,5,0.05,5,50.92579404937807,50.82757433293343,50.983097137029304,0.9996339027169553,2000,True
27-08-26/0/map5-0.05-data-2026.08.27-17.38.13.338.jpk-force-map,2026-08-27T17:38:13.338000,5,0.05,6,50.96260589561142,50.95542562454633,51.060664774058644,0.9997419915271218,1999,True
27-08-26/0/map5-0.05-data-2026.08.27-17.38.13.338.jpk-force-map,2026-08-27T17:38:13.338000,5,0.05,7,50.7899557057025,50.78262862350424,50.834946980301766,0.999816818167435,2002,True
27-08-26/0/map5-0.05-data-2026.08.27-17.38.13.338.jpk-force-map,2026-08-27T17:38:13.338000,5,0.05,8,51.141077045216925,51.15454958272108,51.09150234883476,0.9995074844092994,1998,True
27-08-26/0/map5-0.05-data-2026.08.27-17.38.13.338.jpk-force-map,2026-08-27T17:38:13.338000,5,0.05,9,50.98627061180455,50.89316773064761,51.016235551395866,0.9997187182762289,2001,True
27-08-26/0/map5-0.05-data-2026.08.27-17.38.13.338.jpk-force-map,2026-08-27T17:38:13.338000,5,0.05,10,51.368033283944605,51.32175517949065,51.3471791056293,0.9996165361266094,2005,True
27-08-26/0/map5-0.05-data-2026.08.27-17.38.13.338.jpk-force-map,2026-08-27T17:38:13.338000,5,0.05,11,51.510087353461174,51.342706258541206,51.58786097782075,0.9992054759451062,1997,True
27-08-26/0/map5-0.05-data-2026.08.27-17.38.13.338.jpk-force-map,2026-08-27T17:38:13.338000,5,0.05,12,53.362803785196604,53.20536937537953,53.51009055992191,0.999831107658111,1999,True
27-08-26/0/map5-0.05-data-2026.08.27-17.38.13.338.jpk-force-map,2026-08-27T17:38:13.338000,5,0.05,13,50.90936079073571,50.76127227027143,50.98671480842195,0.9995681048654184,2001,True
27-08-26/0/map5-0.05-data-2026.08.27-17.38.13.338.jpk-force-map,2026-08-27T17:38:13.338000,5,0.05,14,50.92988388784578,50.87343352797847,50.942031491742014,0.9996314356176941,1997,True
27-08-26/0/map5-0.05-data-2026.08.27-17.38.13.338.jpk-force-map,2026-08-27T17:38:13.338000,5,0.05,15,50.95155015594159,50.87365330052534,50.93506369349598,0.9995537802246232,1995,True
27-08-26/0/map5-0.05-data-2026.08.27-17.38.13.338.jpk-force-map,2026-08-27T17:38:13.338000,5,0.05,16,50.99451770131395,50.997390888121124,50.963369222632686,0.999760416961129,2004,True
27-08-26/0/map5-0.05-data-2026.08.27-17.38.13.338.jpk-force-map,2026-08-27T17:38:13.338000,5,0.05,17,50.88730724396597,50.74751362871808,50.9164936600343,0.999722423231395,1997,True
27-08-26/0/map5-0.05-data-2026.08.27-17.38.13.338.jpk-force-map,2026-08-27T17:38:13.338000,5,0.05,18,50.91497729823208,50.82182468863901,50.917881471405494,0.9993586272228084,1998,True
27-08-26/0/map5-0.05-data-2026.08.27-17.38.13.338.jpk-force-map,2026-08-27T17:38:13.338000,5,0.05,19,51.10859147088322,50.260452427189385,51.61251437403791,0.9985636438952897,1998,True
27-08-26/0/map5-0.05-data-2026.08.27-17.38.13.338.jpk-force-map,2026-08-27T17:38:13.338000,5,0.05,20,51.23471703136564,50.89726817765163,51.23912401848061,0.9992049558414983,2000,True
27-08-26/0/map5-0.05-data-2026.08.27-17.38.13.338.jpk-force-map,2026-08-27T17:38:13.338000,5,0.05,21,58.7601100675783,59.008040416910376,58.412294673165526,0.9997176238465054,1997,True
27-08-26/0/map5-0.05-data-2026.08.27-17.38.13.338.jpk-force-map,2026-08-27T17:38:13.338000,5,0.05,22,56.325086777046494,56.100536443584154,56.47610623446895,0.9998851627595217,1999,True
27-08-26/0/map5-0.05-data-2026.08.27-17.38.13.338.jpk-force-map,2026-08-27T17:38:13.338000,5,0.05,23,51.00920361279845,50.89964080515094,51.053246851171366,0.9997842546942731,2000,True
27-08-26/0/map5-0.05-data-2026.08.27-17.38.13.338.jpk-force-map,2026-08-27T17:38:13.338000,5,0.05,24,51.06980224658384,51.04824532769497,51.08541715838969,0.9996265941390291,1996,True
27-08-26/0/map5-0.05-data-2026.08.27-17.38.13.338.jpk-force-map,2026-08-27T17:38:13.338000,5,0.05,25,50.92208018136887,50.928864035579814,50.96777029869672,0.9997341677044578,1996,True
27-08-26/0/map5-0.05-data-2026.08.27-17.38.13.338.jpk-force-map,2026-08-27T17:38:13.338000,5,0.05,26,51.05507890176336,50.97652454077761,50.993488837338425,0.9997851386217363,2000,True
27-08-26/0/map5-0.05-data-2026.08.27-17.38.13.338.jpk-force-map,2026-08-27T17:38:13.338000,5,0.05,27,51.8296514702759,51.544464857161046,52.145239123173724,0.9992884939021488,1998,True
27-08-26/0/map5-0.05-data-2026.08.27-17.38.13.338.jpk-force-map,2026-08-27T17:38:13.338000,5,0.05,28,51.1824566551452,51.1133703613558,51.2040415882585,0.9996808218153796,1999,True
27-08-26/0/map5-0.05-data-2026.08.27-17.38.13.338.jpk-force-map,2026-08-27T17:38:13.338000,5,0.05,29,50.85119807725594,50.860732161613754,50.86048959843055,0.9995172410792216,1997,True
27-08-26/0/map5-0.05-data-2026.08.27-17.38.13.338.jpk-force-map,2026-08-27T17:38:13.338000,5,0.05,30,51.254705099197494,51.26306618818459,51.191278817755524,0.9996504348800893,1999,True
27-08-26/0/map5-0.05-data-2026.08.27-17.38.13.338.jpk-force-map,2026-08-27T17:38:13.338000,5,0.05,31,50.91233782496921,51.00652502008033,50.890036088441484,0.9997271809070126,2002,True
27-08-26/0/map5-0.05-data-2026.08.27-17.38.13.338.jpk-force-map,2026-08-27T17:38:13.338000,5,0.05,32,50.69393038474398,50.9338072846807,50.78404535805133,0.9994965252571318,1998,True
27-08-26/0/map5-0.05-data-2026.08.27-17.38.13.338.jpk-force-map,2026-08-27T17:38:13.338000,5,0.05,33,50.883415120635725,50.8444094890403,50.87106030193328,0.9998132209484851,2002,True
27-08-26/0/map5-0.05-data-2026.08.27-17.38.13.338.jpk-force-map,2026-08-27T17:38:13.338000,5,0.05,34,51.592774532249294,51.50153759379877,51.582413467326354,0.9995334340188866,1996,True
27-08-26/0/map5-0.05-data-2026.08.27-17.38.13.338.jpk-force-map,2026-08-27T17:38:13.338000,5,0.05,35,52.451672592941584,52.366079125925324,52.43210050024269,0.9999093363562276,1998,True
27-08-26/0/map5-0.05-data-2026.08.27-17.38.13.338.jpk-force-map,2026-08-27T17:38:13.338000,5,0.05,36,50.98075585166903,51.022006287995616,51.01791612963198,0.999532833337949,2000,True
27-08-26/0/map5-0.05-data-2026.08.27-17.38.13.338.jpk-force-map,2026-08-27T17:38:13.338000,5,0.05,37,50.92938910117556,50.87525020196167,50.9239108119895,0.9996362925773548,1995,True
27-08-26/0/map5-0.05-data-2026.08.27-17.38.13.338.jpk-force-map,2026-08-27T17:38:13.338000,5,0.05,38,51.065636928966065,51.011515424139,51.052366436492655,0.9997488746815738,2004,True
27-08-26/0/map5-0.05-data-2026.08.27-17.38.13.338.jpk-force-map,2026-08-27T17:38:13.338000,5,0.05,39,51.897850531165425,51.91030466358527,51.891910561602586,0.9999119471373785,1995,True
27-08-26/0/map5-0.05-data-2026.08.27-17.38.13.338.jpk-force-map,2026-08-27T17:38:13.338000,5,0.05,40,51.475916142403804,51.40434731516976,51.51801377378199,0.9998648088075314,1995,True
27-08-26/0/map5-0.05-data-2026.08.27-17.38.13.338.jpk-force-map,2026-08-27T17:38:13.338000,5,0.05,41,51.54154248366051,51.682357039211816,51.480741172448205,0.9998784538985189,1999,True
27-08-26/0/map5-0.05-data-2026.08.27-17.38.13.338.jpk-force-map,2026-08-27T17:38:13.338000,5,0.05,42,51.21703998876173,51.204143831817106,51.09936561151204,0.9996652964029203,2000,True
27-08-26/0/map5-0.05-data-2026.08.27-17.38.13.338.jpk-force-map,2026-08-27T17:38:13.338000,5,0.05,43,51.17124717288377,51.15106153978202,51.140972318771425,0.9997004257583868,1996,True
27-08-26/0/map5-0.05-data-2026.08.27-17.38.13.338.jpk-force-map,2026-08-27T17:38:13.338000,5,0.05,44,51.273525852913565,51.35376682469567,51.24826244669824,0.9997645327215692,2002,True
27-08-26/0/map5-0.05-data-2026.08.27-17.38.13.338.jpk-force-map,2026-08-27T17:38:13.338000,5,0.05,45,51.15228673714317,51.17737097742591,51.190128026602714,0.9996926305216695,2001,True
27-08-26/0/map5-0.05-data-2026.08.27-17.38.13.338.jpk-force-map,2026-08-27T17:38:13.338000,5,0.05,46,50.903753291197724,51.045429889936216,50.89678749147139,0.9997046710260051,1997,True
27-08-26/0/map5-0.05-data-2026.08.27-17.38.13.338.jpk-force-map,2026-08-27T17:38:13.338000,5,0.05,47,51.11931660000718,51.27043831474535,51.17477481626985,0.9997667850861733,1994,True
27-08-26/0/map5-0.05-data-2026.08.27-17.38.13.338.jpk-force-map,2026-08-27T17:38:13.338000,5,0.05,48,51.12715828451474,51.199072985069165,51.11429384586341,0.999594282196176,1997,True
27-08-26/0/map5-0.05-data-2026.08.27-17.38.13.338.jpk-force-map,2026-08-27T17:38:13.338000,5,0.05,49,52.13730035348565,52.34022299477019,51.924067444056575,0.9998295504179132,2001,True
27-08-26/0/map5-0.05-data-2026.08.27-17.38.13.338.jpk-force-map,2026-08-27T17:38:13.338000,5,0.05,50,50.7745012127283,50.82315603030501,50.814985724824744,0.9995818518566855,1997,True
27-08-26/0/map5-0.05-data-2026.08.27-17.38.13.338.jpk-force-map,2026-08-27T17:38:13.338000,5,0.05,51,51.01256240958483,51.127845914995596,50.984347485633904,0.9995276920450704,1996,True
27-08-26/0/map5-0.05-data-2026.08.27-17.38.13.338.jpk-force-map,2026-08-27T17:38:13.338000,5,0.05,52,51.300285989527296,51.497914363527066,51.23277278686508,0.9993932195396176,1998,True
27-08-26/0/map5-0.05-data-2026.08.27-17.38.13.338.jpk-force-map,2026-08-27T17:38:13.338000,5,0.05,53,51.13290976382536,51.20306710984027,51.136745893437876,0.9995558868719442,1999,True
27-08-26/0/map5-0.05-data-2026.08.27-17.38.13.338.jpk-force-map,2026-08-27T17:38:13.338000,5,0.05,54,51.464228933650745,51.44803347347088,51.423946447934604,0.9992475628367025,1995,True
27-08-26/0/map5-0.05-data-2026.08.27-17.38.13.338.jpk-force-map,2026-08-27T17:38:13.338000,5,0.05,55,51.09035643172646,51.20737702254586,50.95031041012415,0.9994269132263068,2000,True
27-08-26/0/map5-0.05-data-2026.08.27-17.38.13.338.jpk-force-map,2026-08-27T17:38:13.338000,5,0.05,56,50.854642253312306,50.998053296669156,50.79943892172833,0.999497059320121,1993,True
27-08-26/0/map5-0.05-data-2026.08.27-17.38.13.338.jpk-force-map,2026-08-27T17:38:13.338000,5,0.05,57,50.85680079104109,50.89532653476178,50.88809496566177,0.9996142419708856,1998,True
27-08-26/0/map5-0.05-data-2026.08.27-17.38.13.338.jpk-force-map,2026-08-27T17:38:13.338000,5,0.05,58,52.80894231934522,52.8105390130297,52.93441731171111,0.999913074456683,2000,True
27-08-26/0/map5-0.05-data-2026.08.27-17.38.13.338.jpk-force-map,2026-08-27T17:38:13.338000,5,0.05,59,51.04576173663057,51.075080580773054,51.054147619099,0.9997145492011085,1997,True
27-08-26/0/map5-0.05-data-2026.08.27-17.38.13.338.jpk-force-map,2026-08-27T17:38:13.338000,5,0.05,60,50.91337802523674,51.026185239238536,50.91272280511432,0.9994470828126719,2002,True
27-08-26/0/map5-0.05-data-2026.08.27-17.38.13.338.jpk-force-map,2026-08-27T17:38:13.338000,5,0.05,61,50.87828209483576,50.830083602800556,50.85579296572822,0.9995501312574863,1999,True
27-08-26/0/map5-0.05-data-2026.08.27-17.38.13.338.jpk-force-map,2026-08-27T17:38:13.338000,5,0.05,62,51.3947512391811,51.348860627216744,51.2459226649135,0.9998934067952725,2000,True
27-08-26/0/map5-0.05-data-2026.08.27-17.38.13.338.jpk-force-map,2026-08-27T17:38:13.338000,5,0.05,63,50.90764587418354,50.766748263083706,51.00278386891959,0.9996706256471694,1999,True
27-08-26/0/map5-0.2-data-2026.08.27-17.49.29.094.jpk-force-map,2026-08-27T17:49:29.094000,5,0.2,0,50.881703464453096,50.94574463037033,50.76959800637204,0.9998084575295006,501,True
27-08-26/0/map5-0.2-data-2026.08.27-17.49.29.094.jpk-force-map,2026-08-27T17:49:29.094000,5,0.2,1,51.74005507717479,51.90730761830579,51.67044217876415,0.9996425597025127,500,True
27-08-26/0/map5-0.2-data-2026.08.27-17.49.29.094.jpk-force-map,2026-08-27T17:49:29.094000,5,0.2,2,51.13971188537876,51.08056934310475,51.14753529612088,0.9997905369554612,499,True
27-08-26/0/map5-0.2-data-2026.08.27-17.49.29.094.jpk-force-map,2026-08-27T17:49:29.094000,5,0.2,3,51.17232245089003,51.115803829599045,51.227588401173364,0.9996753698813158,499,True
27-08-26/0/map5-0.2-data-2026.08.27-17.49.29.094.jpk-force-map,2026-08-27T17:49:29.094000,5,0.2,4,51.11806714056289,51.05989449870499,51.05093933118781,0.999846084477213,501,True
27-08-26/0/map5-0.2-data-2026.08.27-17.49.29.094.jpk-force-map,2026-08-27T17:49:29.094000,5,0.2,5,51.038709062551874,50.9689770310103,51.00465063181971,0.9998290661144047,499,True
27-08-26/0/map5-0.2-data-2026.08.27-17.49.29.094.jpk-force-map,2026-08-27T17:49:29.094000,5,0.2,6,51.142394719602365,51.11752864211803,51.07637468894203,0.9998110487653032,501,True
27-08-26/0/map5-0.2-data-2026.08.27-17.49.29.094.jpk-force-map,2026-08-27T17:49:29.094000,5,0.2,7,50.88130606656555,50.8186659605829,50.81145579875682,0.9998704406996183,500,True
27-08-26/0/map5-0.2-data-2026.08.27-17.49.29.094.jpk-force-map,2026-08-27T17:49:29.094000,5,0.2,8,51.155143221233104,50.972178547821265,51.17187742552957,0.9996405153191722,501,True
27-08-26/0/map5-0.2-data-2026.08.27-17.49.29.094.jpk-force-map,2026-08-27T17:49:29.094000,5,0.2,9,51.11457350438663,51.01434968087968,51.135629844873115,0.9997227390384068,501,True
27-08-26/0/map5-0.2-data-2026.08.27-17.49.29.094.jpk-force-map,2026-08-27T17:49:29.094000,5,0.2,10,51.39744660844475,51.40268692007115,51.39823626710542,0.9997576009408324,501,True
27-08-26/0/map5-0.2-data-2026.08.27-17.49.29.094.jpk-force-map,2026-08-27T17:49:29.094000,5,0.2,11,50.56539480914493,50.22352469960157,50.43321954523075,0.9991474703432487,499,True
27-08-26/0/map5-0.2-data-2026.08.27-17.49.29.094.jpk-force-map,2026-08-27T17:49:29.094000,5,0.2,12,53.35189989538401,53.37048576036748,53.336858374991586,0.999907083799224,501,True
27-08-26/0/map5-0.2-data-2026.08.27-17.49.29.094.jpk-force-map,2026-08-27T17:49:29.094000,5,0.2,13,51.00965381954859,50.93527880345064,50.99691713587252,0.9996470902424741,501,True
27-08-26/0/map5-0.2-data-2026.08.27-17.49.29.094.jpk-force-map,2026-08-27T17:49:29.094000,5,0.2,14,51.03872136418084,50.91795665462029,51.01376529982915,0.9996507073438989,501,True
27-08-26/0/map5-0.2-data-2026.08.27-17.49.29.094.jpk-force-map,2026-08-27T17:49:29.094000,5,0.2,15,51.43927355830465,51.59459359177126,51.26359915440578,0.9997782310739247,501,True
27-08-26/0/map5-0.2-data-2026.08.27-17.49.29.094.jpk-force-map,2026-08-27T17:49:29.094000,5,0.2,16,50.86516241812156,50.92464407536316,50.84795746816,0.9997352066503039,501,True
27-08-26/0/map5-0.2-data-2026.08.27-17.49.29.094.jpk-force-map,2026-08-27T17:49:29.094000,5,0.2,17,51.37107181740909,51.37967802930708,51.188511647734934,0.9997062392282207,501,True
27-08-26/0/map5-0.2-data-2026.08.27-17.49.29.094.jpk-force-map,2026-08-27T17:49:29.094000,5,0.2,18,51.1601211735041,51.16994716115588,51.055025284745035,0.9995503288323373,501,True
27-08-26/0/map5-0.2-data-2026.08.27-17.49.29.094.jpk-force-map,2026-08-27T17:49:29.094000,5,0.2,19,50.525378745202985,50.33743973426409,50.65513023547037,0.999023573641677,500,True
27-08-26/0/map5-0.2-data-2026.08.27-17.49.29.094.jpk-force-map,2026-08-27T17:49:29.094000,5,0.2,20,51.44588570413958,51.402177306278055,51.39876255028285,0.9994911343561068,501,True
27-08-26/0/map5-0.2-data-2026.08.27-17.49.29.094.jpk-force-map,2026-08-27T17:49:29.094000,5,0.2,21,56.44862882058101,56.413235507163215,56.27301475296973,0.9998847106727725,501,True
27-08-26/0/map5-0.2-data-2026.08.27-17.49.29.094.jpk-force-map,2026-08-27T17:49:29.094000,5,0.2,22,55.64949500636692,55.566834605795584,55.74948500459178,0.9998631106299025,500,True
27-08-26/0/map5-0.2-data-2026.08.27-17.49.29.094.jpk-force-map,2026-08-27T17:49:29.094000,5,0.2,23,51.27170107781613,51.204738135949675,51.363083347318714,0.999852648662457,500,True
27-08-26/0/map5-0.2-data-2026.08.27-17.49.29.094.jpk-force-map,2026-08-27T17:49:29.094000,5,0.2,24,51.0830117883634,50.99529188889461,51.09647324650053,0.9997542386647078,499,True
27-08-26/0/map5-0.2-data-2026.08.27-17.49.29.094.jpk-force-map,2026-08-27T17:49:29.094000,5,0.2,25,51.42250583286689,51.37460281423012,51.32284506076315,0.9997642297302374,500,True
27-08-26/0/map5-0.2-data-2026.08.27-17.49.29.094.jpk-force-map,2026-08-27T17:49:29.094000,5,0.2,26,51.26924141934402,51.216992502988255,51.164109301622155,0.9998096686508903,501,True
27-08-26/0/map5-0.2-data-2026.08.27-17.49.29.094.jpk-force-map,2026-08-27T17:49:29.094000,5,0.2,27,51.50806265817044,51.31569126670353,51.70690990541329,0.9996081850928553,500,True
27-08-26/0/map5-0.2-data-2026.08.27-17.49.29.094.jpk-force-map,2026-08-27T17:49:29.094000,5,0.2,28,51.48271539567972,51.5036498214265,51.39694240912467,0.9996096830317192,501,True
27-08-26/0/map5-0.2-data-2026.08.27-17.49.29.094.jpk-force-map,2026-08-27T17:49:29.094000,5,0.2,29,50.924334840293966,50.87813895120423,50.855530767507226,0.9996768125426837,502,True
27-08-26/0/map5-0.2-data-2026.08.27-17.49.29.094.jpk-force-map,2026-08-27T17:49:29.094000,5,0.2,30,51.26488237861751,51.261589585290906,51.18247287166986,0.99974720536301,500,True
27-08-26/0/map5-0.2-data-2026.08.27-17.49.29.094.jpk-force-map,2026-08-27T17:49:29.094000,5,0.2,31,51.24919826878369,51.22961579593028,51.11442669913981,0.9998167687772216,502,True
27-08-26/0/map5-0.2-data-2026.08.27-17.49.29.094.jpk-force-map,2026-08-27T17:49:29.094000,5,0.2,32,51.638382092339626,51.36407255769819,51.58382887346483,0.999629351667223,501,True
27-08-26/0/map5-0.2-data-2026.08.27-17.49.29.094.jpk-force-map,2026-08-27T17:49:29.094000,5,0.2,33,51.397744632147294,51.50957720410237,51.34232046359724,0.9998182000334188,500,True
27-08-26/0/map5-0.2-data-2026.08.27-17.49.29.094.jpk-force-map,2026-08-27T17:49:29.094000,5,0.2,34,51.19504883341324,51.072505139174574,51.06459905965253,0.9996866897720751,501,True
27-08-26/0/map5-0.2-data-2026.08.27-17.49.29.094.jpk-force-map,2026-08-27T17:49:29.094000,5,0.2,35,52.53882261887669,52.59485965648253,52.42181861066811,0.9999342073016235,500,True
27-08-26/0/map5-0.2-data-2026.08.27-17.49.29.094.jpk-force-map,2026-08-27T17:49:29.094000,5,0.2,36,51.06406109241525,51.106224057149724,51.16496635926868,0.9996757309179158,501,True
27-08-26/0/map5-0.2-data-2026.08.27-17.49.29.094.jpk-force-map,2026-08-27T17:49:29.094000,5,0.2,37,51.23910228797583,51.28662688362333,51.24000966971327,0.9997610216857321,501,True
27-08-26/0/map5-0.2-data-2026.08.27-17.49.29.094.jpk-force-map,2026-08-27T17:49:29.094000,5,0.2,38,51.43893076051565,51.426775337870666,51.42536012247933,0.9997813845687192,499,True
27-08-26/0/map5-0.2-data-2026.08.27-17.49.29.094.jpk-force-map,2026-08-27T17:49:29.094000,5,0.2,39,51.81268488713741,51.72773130582703,51.888674511100135,0.9998956917060273,499,True
27-08-26/0/map5-0.2-data-2026.08.27-17.49.29.094.jpk-force-map,2026-08-27T17:49:29.094000,5,0.2,40,51.385247500751504,51.37222668508858,51.41134056850363,0.9998642886176824,500,True
27-08-26/0/map5-0.2-data-2026.08.27-17.49.29.094.jpk-force-map,2026-08-27T17:49:29.094000,5,0.2,41,51.38382364509733,51.257258308681216,51.46160441271166,0.9998880803549853,501,True
27-08-26/0/map5-0.2-data-2026.08.27-17.49.29.094.jpk-force-map,2026-08-27T17:49:29.094000,5,0.2,42,51.33356397593762,51.23440197299035,51.41933753943449,0.9997913607260068,499,True
27-08-26/0/map5-0.2-data-2026.08.27-17.49.29.094.jpk-force-map,2026-08-27T17:49:29.094000,5,0.2,43,51.33244211520257,51.269211708230706,51.33901519040894,0.9997159258297758,501,True
27-08-26/0/map5-0.2-data-2026.08.27-17.49.29.094.jpk-force-map,2026-08-27T17:49:29.094000,5,0.2,44,51.1233182603505,51.02776576312399,51.12107128227894,0.9997155288247329,501,True
27-08-26/0/map5-0.2-data-2026.08.27-17.49.29.094.jpk-force-map,2026-08-27T17:49:29.094000,5,0.2,45,51.3538262836167,51.40822994796787,51.3225573180747,0.9998371673034767,500,True
27-08-26/0/map5-0.2-data-2026.08.27-17.49.29.094.jpk-force-map,2026-08-27T17:49:29.094000,5,0.2,46,51.197679045080974,51.16593411069693,51.14576762060766,0.9997867879982071,501,True
27-08-26/0/map5-0.2-data-2026.08.27-17.49.29.094.jpk-force-map,2026-08-27T17:49:29.094000,5,0.2,47,51.369568706283694,51.35858673463414,51.281263413858,0.9998504166003558,502,True
27-08-26/0/map5-0.2-data-2026.08.27-17.49.29.094.jpk-force-map,2026-08-27T17:49:29.094000,5,0.2,48,51.14691080604359,51.10880461197867,51.130525602425685,0.9997001695633609,501,True
27-08-26/0/map5-0.2-data-2026.08.27-17.49.29.094.jpk-force-map,2026-08-27T17:49:29.094000,5,0.2,49,52.05635718346595,51.95621767428722,51.91420202330335,0.9998609499191042,500,True
27-08-26/0/map5-0.2-data-2026.08.27-17.49.29.094.jpk-force-map,2026-08-27T17:49:29.094000,5,0.2,50,51.03775029469029,51.25269039677526,50.96965847622596,0.9997970797520722,501,True
27-08-26/0/map5-0.2-data-2026.08.27-17.49.29.094.jpk-force-map,2026-08-27T17:49:29.094000,5,0.2,51,51.11132342470539,50.98054416465059,51.186644093407146,0.9996245599601125,500,True
27-08-26/0/map5-0.2-data-2026.08.27-17.49.29.094.jpk-force-map,2026-08-27T17:49:29.094000,5,0.2,52,51.07524435864644,50.96438112875519,51.2348777479691,0.9996848337422667,500,True
27-08-26/0/map5-0.2-data-2026.08.27-17.49.29.094.jpk-force-map,2026-08-27T17:49:29.094000,5,0.2,53,51.05607067598889,51.01022617210808,51.11738744802661,0.9996793908043751,501,True
27-08-26/0/map5-0.2-data-2026.08.27-17.49.29.094.jpk-force-map,2026-08-27T17:49:29.094000,5,0.2,54,51.15345423972243,50.89973836400528,51.136443434455984,0.999273950217219,501,True
27-08-26/0/map5-0.2-data-2026.08.27-17.49.29.094.jpk-force-map,2026-08-27T17:49:29.094000,5,0.2,55,51.48220325954369,51.68533557895348,51.499970603825446,0.9996115381857474,499,True
27-08-26/0/map5-0.2-data-2026.08.27-17.49.29.094.jpk-force-map,2026-08-27T17:49:29.094000,5,0.2,56,50.992448762042116,50.95373247584097,51.04824702175308,0.9996211745583747,501,True
27-08-26/0/map5-0.2-data-2026.08.27-17.49.29.094.jpk-force-map,2026-08-27T17:49:29.094000,5,0.2,57,50.94622349616903,50.88077921031831,51.03032739740768,0.9997204944660759,500,True
27-08-26/0/map5-0.2-data-2026.08.27-17.49.29.094.jpk-force-map,2026-08-27T17:49:29.094000,5,0.2,58,52.95669342497051,52.877189391785656,53.004091162228356,0.9999075193384648,499,True
27-08-26/0/map5-0.2-data-2026.08.27-17.49.29.094.jpk-force-map,2026-08-27T17:49:29.094000,5,0.2,59,51.23151447953071,51.259288763177835,51.256276850164795,0.9997999034194592,502,True
27-08-26/0/map5-0.2-data-2026.08.27-17.49.29.094.jpk-force-map,2026-08-27T17:49:29.094000,5,0.2,60,51.16334064014184,50.99394956016018,51.14043628579876,0.9995925499923262,500,True
27-08-26/0/map5-0.2-data-2026.08.27-17.49.29.094.jpk-force-map,2026-08-27T17:49:29.094000,5,0.2,61,51.07283903426653,51.074665507549994,51.015882844666464,0.9997620657231462,499,True
27-08-26/0/map5-0.2-data-2026.08.27-17.49.29.094.jpk-force-map,2026-08-27T17:49:29.094000,5,0.2,62,51.61038894400649,51.80598383826576,51.401062669076744,0.9999078690403135,502,True
27-08-26/0/map5-0.2-data-2026.08.27-17.49.29.094.jpk-force-map,2026-08-27T17:49:29.094000,5,0.2,63,50.98307611335952,50.91003322079911,50.973293824251364,0.9997221029075126,500,True
27-08-26/0/map5-0.2-data-2026.08.27-17.53.38.834.jpk-force-map,2026-08-27T17:53:38.834000,5,0.2,0,50.975602327215555,51.05264305864436,50.99302982654725,0.9998515157200695,500,True
27-08-26/0/map5-0.2-data-2026.08.27-17.53.38.834.jpk-force-map,2026-08-27T17:53:38.834000,5,0.2,1,51.44898018510495,51.58214760568685,51.4685061141581,0.9997445105393272,499,True
27-08-26/0/map5-0.2-data-2026.08.27-17.53.38.834.jpk-force-map,2026-08-27T17:53:38.834000,5,0.2,2,51.12265168556168,51.17195358013159,51.16022108095574,0.999701889591059,501,True
27-08-26/0/map5-0.2-data-2026.08.27-17.53.38.834.jpk-force-map,2026-08-27T17:53:38.834000,5,0.2,3,51.3147746803565,51.48395022999538,51.2320762377372,0.9996688724604526,500,True
27-08-26/0/map5-0.2-data-2026.08.27-17.53.38.834.jpk-force-map,2026-08-27T17:53:38.834000,5,0.2,4,50.935021403715545,50.83539616653912,51.094365613025715,0.9997177369859246,501,True
27-08-26/0/map5-0.2-data-2026.08.27-17.53.38.834.jpk-force-map,2026-08-27T17:53:38.834000,5,0.2,5,51.015389160904704,50.853222010482256,51.076778994865094,0.9997986035288173,499,True
27-08-26/0/map5-0.2-data-2026.08.27-17.53.38.834.jpk-force-map,2026-08-27T17:53:38.834000,5,0.2,6,51.43608907574767,51.36541147457977,51.495783056055366,0.9998699825041079,500,True
27-08-26/0/map5-0.2-data-2026.08.27-17.53.38.834.jpk-force-map,2026-08-27T17:53:38.834000,5,0.2,7,50.912729569175866,50.90300368968965,50.900237389280946,0.9998743892189689,500,True
27-08-26/0/map5-0.2-data-2026.08.27-17.53.38.834.jpk-force-map,2026-08-27T17:53:38.834000,5,0.2,8,51.06241177734623,51.1075710685485,51.12223777912441,0.9997080335833831,499,True
27-08-26/0/map5-0.2-data-2026.08.27-17.53.38.834.jpk-force-map,2026-08-27T17:53:38.834000,5,0.2,9,51.043592384152845,51.008394155130425,51.08389461548491,0.9997833384111678,501,True
27-08-26/0/map5-0.2-data-2026.08.27-17.53.38.834.jpk-force-map,2026-08-27T17:53:38.834000,5,0.2,10,51.30125671747618,51.47013720223169,51.318428905793596,0.9997720526024406,500,True
27-08-26/0/map5-0.2-data-2026.08.27-17.53.38.834.jpk-force-map,2026-08-27T17:53:38.834000,5,0.2,11,50.13940986418476,50.02061580379541,50.373188080809555,0.999344380256837,500,True
27-08-26/0/map5-0.2-data-2026.08.27-17.53.38.834.jpk-force-map,2026-08-27T17:53:38.834000,5,0.2,12,52.79854217914802,52.81531995961158,52.82586350644084,0.9999106935281017,501,True
27-08-26/0/map5-0.2-data-2026.08.27-17.53.38.834.jpk-force-map,2026-08-27T17:53:38.834000,5,0.2,13,51.20428354488388,51.39618690067071,51.16291331921205,0.9997680096911894,500,True
27-08-26/0/map5-0.2-data-2026.08.27-17.53.38.834.jpk-force-map,2026-08-27T17:53:38.834000,5,0.2,14,50.936084325630134,50.833273083796065,50.988675190644116,0.999761745333253,501,True
27-08-26/0/map5-0.2-data-2026.08.27-17.53.38.834.jpk-force-map,2026-08-27T17:53:38.834000,5,0.2,15,50.960526092716364,50.83181227499422,50.98001307982748,0.9996654864399095,500,True
27-08-26/0/map5-0.2-data-2026.08.27-17.53.38.834.jpk-force-map,2026-08-27T17:53:38.834000,5,0.2,16,51.06485579668875,51.077793795607896,51.038574473771924,0.9996655737780159,500,True
27-08-26/0/map5-0.2-data-2026.08.27-17.53.38.834.jpk-force-map,2026-08-27T17:53:38.834000,5,0.2,17,51.15802192689469,51.08183028210573,51.15726720242897,0.9997828512676084,499,True
27-08-26/0/map5-0.2-data-2026.08.27-17.53.38.834.jpk-force-map,2026-08-27T17:53:38.834000,5,0.2,18,50.77270152439261,50.66327388819187,50.87034688276227,0.9996484246455943,501,True
27-08-26/0/map5-0.2-data-2026.08.27-17.53.38.834.jpk-force-map,2026-08-27T17:53:38.834000,5,0.2,19,50.494453809954784,50.517937913218375,50.596255795993244,0.9993509946580825,502,True
27-08-26/0/map5-0.2-data-2026.08.27-17.53.38.834.jpk-force-map,2026-08-27T17:53:38.834000,5,0.2,20,51.16199543768139,51.023781155077174,51.15422110493459,0.9996102332525169,499,True
27-08-26/0/map5-0.2-data-2026.08.27-17.53.38.834.jpk-force-map,2026-08-27T17:53:38.834000,5,0.2,21,56.30431194296067,56.358972456473815,56.313570524208444,0.9999469282255399,501,True
27-08-26/0/map5-0.2-data-2026.08.27-17.53.38.834.jpk-force-map,2026-08-27T17:53:38.834000,5,0.2,22,55.63517268185843,55.67798818172592,55.74341368887271,0.9999152477785509,500,True
27-08-26/0/map5-0.2-data-2026.08.27-17.53.38.834.jpk-force-map,2026-08-27T17:53:38.834000,5,0.2,23,51.237386888625196,51.1563905505868,51.22935396506424,0.9998314886518885,500,True
27-08-26/0/map5-0.2-data-2026.08.27-17.53.38.834.jpk-force-map,2026-08-27T17:53:38.834000,5,0.2,24,51.19271911442507,51.39924125879358,51.13073936215626,0.9995688642742522,501,True
27-08-26/0/map5-0.2-data-2026.08.27-17.53.38.834.jpk-force-map,2026-08-27T17:53:38.834000,5,0.2,25,51.181138180865645,51.23873393175007,51.17957169591804,0.9997927576923717,499,True
27-08-26/0/map5-0.2-data-2026.08.27-17.53.38.834.jpk-force-map,2026-08-27T17:53:38.834000,5,0.2,26,51.10156807674367,51.18853010646903,51.11998193593649,0.9998676785956268,501,True
27-08-26/0/map5-0.2-data-2026.08.27-17.53.38.834.jpk-force-map,2026-08-27T17:53:38.834000,5,0.2,27,50.92433462741729,50.944231379329445,51.06711753521335,0.9995104679468062,501,True
27-08-26/0/map5-0.2-data-2026.08.27-17.53.38.834.jpk-force-map,2026-08-27T17:53:38.834000,5,0.2,28,51.26321697687102,51.256819874319135,51.42857386556404,0.9996119501919998,501,True
27-08-26/0/map5-0.2-data-2026.08.27-17.53.38.834.jpk-force-map,2026-08-27T17:53:38.834000,5,0.2,29,51.22919248786771,51.330006692161376,51.110920794982576,0.9997645717468235,501,True
27-08-26/0/map5-0.2-data-2026.08.27-17.53.38.834.jpk-force-map,2026-08-27T17:53:38.834000,5,0.2,30,51.01901434035514,51.007277304919256,51.004220118931684,0.9996779338793408,501,True
27-08-26/0/map5-0.2-data-2026.08.27-17.53.38.834.jpk-force-map,2026-08-27T17:53:38.834000,5,0.2,31,51.0121443053322,51.00947084467918,50.97780636605625,0.999760139606702,500,True
27-08-26/0/map5-0.2-data-2026.08.27-17.53.38.834.jpk-force-map,2026-08-27T17:53:38.834000,5,0.2,32,51.640120169598745,51.60484487520749,51.644620045789516,0.9995451496043392,500,True
27-08-26/0/map5-0.2-data-2026.08.27-17.53.38.834.jpk-force-map,2026-08-27T17:53:38.834000,5,0.2,33,51.311699844652445,51.30557451041158,51.355586709632625,0.9997995237293307,499,True
27-08-26/0/map5-0.2-data-2026.08.27-17.53.38.834.jpk-force-map,2026-08-27T17:53:38.834000,5,0.2,34,50.94345386223976,50.92628748222019,50.979486572677,0.9997554660990637,502,True
27-08-26/0/map5-0.2-data-2026.08.27-17.53.38.834.jpk-force-map,2026-08-27T17:53:38.834000,5,0.2,35,52.15905067165823,51.75419129657726,52.296157429428106,0.9998381956194753,501,True
27-08-26/0/map5-0.2-data-2026.08.27-17.53.38.834.jpk-force-map,2026-08-27T17:53:38.834000,5,0.2,36,51.09421481001712,50.93633442453698,51.164235460664464,0.9997210804063669,500,True
27-08-26/0/map5-0.2-data-2026.08.27-17.53.38.834.jpk-force-map,2026-08-27T17:53:38.834000,5,0.2,37,51.02641234173557,50.985342110284726,50.99800507516571,0.9997435290508435,500,True
27-08-26/0/map5-0.2-data-2026.08.27-17.53.38.834.jpk-force-map,2026-08-27T17:53:38.834000,5,0.2,38,51.34491167037363,51.38713892335833,51.33340090154734,0.9998349303013915,499,True
27-08-26/0/map5-0.2-data-2026.08.27-17.53.38.834.jpk-force-map,2026-08-27T17:53:38.834000,5,0.2,39,51.76240977255477,51.84340488123756,51.68553646336459,0.9998899431315814,501,True
27-08-26/0/map5-0.2-data-2026.08.27-17.53.38.834.jpk-force-map,2026-08-27T17:53:38.834000,5,0.2,40,51.20539714000054,51.24299961006277,51.26825235847489,0.9998565499019991,502,True
27-08-26/0/map5-0.2-data-2026.08.27-17.53.38.834.jpk-force-map,2026-08-27T17:53:38.834000,5,0.2,41,51.264788657098975,51.273617679706256,51.20427519652397,0.999871521147466,500,True
27-08-26/0/map5-0.2-data-2026.08.27-17.53.38.834.jpk-force-map,2026-08-27T17:53:38.834000,5,0.2,42,51.03189568722143,51.009288616727126,51.05202387815233,0.9997709889491067,501,True
27-08-26/0/map5-0.2-data-2026.08.27-17.53.38.834.jpk-force-map,2026-08-27T17:53:38.834000,5,0.2,43,51.079897193114405,51.05317395947043,51.18031089248457,0.9998470961062562,501,True
27-08-26/0/map5-0.2-data-2026.08.27-17.53.38.834.jpk-force-map,2026-08-27T17:53:38.834000,5,0.2,44,51.29143411558605,51.138135529931674,51.28562814528524,0.999754104392022,501,True
27-08-26/0/map5-0.2-data-2026.08.27-17.53.38.834.jpk-force-map,2026-08-27T17:53:38.834000,5,0.2,45,51.193205386878546,51.19680325272053,51.24246015869019,0.9998490978472399,502,True
27-08-26/0/map5-0.2-data-2026.08.27-17.53.38.834.jpk-force-map,2026-08-27T17:53:38.834000,5,0.2,46,51.14112410956243,51.132792967551666,51.19874261102049,0.9997726060810451,501,True
27-08-26/0/map5-0.2-data-2026.08.27-17.53.38.834.jpk-force-map,2026-08-27T17:53:38.834000,5,0.2,47,51.31286229145462,51.36502333050008,51.31695744930201,0.9998643659341309,501,True
27-08-26/0/map5-0.2-data-2026.08.27-17.53.38.834.jpk-force-map,2026-08-27T17:53:38.834000,5,0.2,48,51.20579239908584,51.1016057558103,51.26226845488759,0.9998135738218236,500,True
27-08-26/0/map5-0.2-data-2026.08.27-17.53.38.834.jpk-force-map,2026-08-27T17:53:38.834000,5,0.2,49,51.67308562350464,51.745197117361776,51.65535329914877,0.9999038746141471,501,True
27-08-26/0/map5-0.2-data-2026.08.27-17.53.38.834.jpk-force-map,2026-08-27T17:53:38.834000,5,0.2,50,51.072048373406474,51.0890572475882,50.970161224359195,0.9997755146634864,502,True
27-08-26/0/map5-0.2-data-2026.08.27-17.53.38.834.jpk-force-map,2026-08-27T17:53:38.834000,5,0.2,51,51.14316425544955,51.057226124370025,51.24561782338766,0.9996175298630005,501,True
27-08-26/0/map5-0.2-data-2026.08.27-17.53.38.834.jpk-force-map,2026-08-27T17:53:38.834000,5,0.2,52,51.1712404509561,51.21750339615174,51.17879291860685,0.9995423747892579,501,True
27-08-26/0/map5-0.2-data-2026.08.27-17.53.38.834.jpk-force-map,2026-08-27T17:53:38.834000,5,0.2,53,51.036887404835525,51.05858181814992,51.151599499800696,0.9997786633784722,500,True
27-08-26/0/map5-0.2-data-2026.08.27-17.53.38.834.jpk-force-map,2026-08-27T17:53:38.834000,5,0.2,54,50.64601362258587,50.845741805376235,50.661340866842245,0.9994983435757373,500,True
27-08-26/0/map5-0.2-data-2026.08.27-17.53.38.834.jpk-force-map,2026-08-27T17:53:38.834000,5,0.2,55,51.13980871231916,51.21461130753576,51.152723279178296,0.9995154412040764,501,True
27-08-26/0/map5-0.2-data-2026.08.27-17.53.38.834.jpk-force-map,2026-08-27T17:53:38.834000,5,0.2,56,50.909654732575184,50.853632924792215,50.97092449851272,0.9996573969174334,500,True
27-08-26/0/map5-0.2-data-2026.08.27-17.53.38.834.jpk-force-map,2026-08-27T17:53:38.834000,5,0.2,57,50.95959637375104,51.1593444976538,50.96272881952578,0.9997349163660418,501,True
27-08-26/0/map5-0.2-data-2026.08.27-17.53.38.834.jpk-force-map,2026-08-27T17:53:38.834000,5,0.2,58,52.94628778997121,52.7263051688744,53.10941860587322,0.9998568974161463,502,True
27-08-26/0/map5-0.2-data-2026.08.27-17.53.38.834.jpk-force-map,2026-08-27T17:53:38.834000,5,0.2,59,51.13384228526762,51.06074404562242,51.05759831588561,0.9998061474726005,501,True
27-08-26/0/map5-0.2-data-2026.08.27-17.53.38.834.jpk-force-map,2026-08-27T17:53:38.834000,5,0.2,60,50.952677038496596,51.05843252520919,51.18807892938437,0.9996557721598855,499,True
27-08-26/0/map5-0.2-data-2026.08.27-17.53.38.834.jpk-force-map,2026-08-27T17:53:38.834000,5,0.2,61,51.13436920195886,51.20212317739083,51.02004569395807,0.9997430259664359,500,True
27-08-26/0/map5-0.2-data-2026.08.27-17.53.38.834.jpk-force-map,2026-08-27T17:53:38.834000,5,0.2,62,51.51282298405856,51.453456937701134,51.540620058475,0.9998800409184284,500,True
27-08-26/0/map5-0.2-data-2026.08.27-17.53.38.834.jpk-force-map,2026-08-27T17:53:38.834000,5,0.2,63,51.14137433873724,51.05853751467527,51.11504825945947,0.9996796324841591,499,True
27-08-26/0/map5-0.05-data-2026.08.27-17.57.18.559.jpk-force-map,2026-08-27T17:57:18.559000,5,0.05,0,51.06124540571918,51.18864847806431,51.051433183175426,0.9997048355007329,2002,True
27-08-26/0/map5-0.05-data-2026.08.27-17.57.18.559.jpk-force-map,2026-08-27T17:57:18.559000,5,0.05,1,51.046272343637796,51.089470933318786,51.12888826806131,0.9996192389145753,1999,True
27-08-26/0/map5-0.05-data-2026.08.27-17.57.18.559.jpk-force-map,2026-08-27T17:57:18.559000,5,0.05,2,51.55061156699361,51.57639117439477,51.55501497939594,0.9996430375693345,2001,True
27-08-26/0/map5-0.05-data-2026.08.27-17.57.18.559.jpk-force-map,2026-08-27T17:57:18.559000,5,0.05,3,51.19953793578334,51.35110917125111,51.12116923001302,0.9994811863284687,1998,True
27-08-26/0/map5-0.05-data-2026.08.27-17.57.18.559.jpk-force-map,2026-08-27T17:57:18.559000,5,0.05,4,50.930556424528895,50.93061996495536,50.90373279735022,0.9997631369957776,2002,True
27-08-26/0/map5-0.05-data-2026.08.27-17.57.18.559.jpk-force-map,2026-08-27T17:57:18.559000,5,0.05,5,51.10677335120214,51.07429784421947,51.08690904446972,0.999672482535367,1998,True
27-08-26/0/map5-0.05-data-2026.08.27-17.57.18.559.jpk-force-map,2026-08-27T17:57:18.559000,5,0.05,6,51.172608911179,51.2195446921499,51.14918062258136,0.9997525371919147,1996,True
27-08-26/0/map5-0.05-data-2026.08.27-17.57.18.559.jpk-force-map,2026-08-27T17:57:18.559000,5,0.05,7,50.997126964002696,51.019859995487685,50.99778976559861,0.9997868703053279,2003,True
27-08-26/0/map5-0.05-data-2026.08.27-17.57.18.559.jpk-force-map,2026-08-27T17:57:18.559000,5,0.05,8,50.8785292618007,50.85759806919836,50.836924061576866,0.999613532592292,1999,True
27-08-26/0/map5-0.05-data-2026.08.27-17.57.18.559.jpk-force-map,2026-08-27T17:57:18.559000,5,0.05,9,51.00890940680663,50.8880445637807,51.04260056898536,0.9996373131277707,2003,True
27-08-26/0/map5-0.05-data-2026.08.27-17.57.18.559.jpk-force-map,2026-08-27T17:57:18.559000,5,0.05,10,51.03058390758328,50.95528556658619,51.075225894709476,0.9996308159786895,1998,True
27-08-26/0/map5-0.05-data-2026.08.27-17.57.18.559.jpk-force-map,2026-08-27T17:57:18.559000,5,0.05,11,51.24106227960237,51.22263983252888,50.96923257323484,0.9993368037215365,1999,True
27-08-26/0/map5-0.05-data-2026.08.27-17.57.18.559.jpk-force-map,2026-08-27T17:57:18.559000,5,0.05,12,52.596254289816116,52.478139598789866,52.78710140720619,0.9998570399214053,1996,True
27-08-26/0/map5-0.05-data-2026.08.27-17.57.18.559.jpk-force-map,2026-08-27T17:57:18.559000,5,0.05,13,51.22389528220445,51.21467318318291,51.17135061060594,0.9996430241507352,2002,True
27-08-26/0/map5-0.05-data-2026.08.27-17.57.18.559.jpk-force-map,2026-08-27T17:57:18.559000,5,0.05,14,51.25518044959548,51.42212741259746,51.22164390980826,0.999671582898449,2004,True
27-08-26/0/map5-0.05-data-2026.08.27-17.57.18.559.jpk-force-map,2026-08-27T17:57:18.559000,5,0.05,15,51.11013624336965,51.13850726779461,51.05312205550896,0.999698825481824,2003,True
27-08-26/0/map5-0.05-data-2026.08.27-17.57.18.559.jpk-force-map,2026-08-27T17:57:18.559000,5,0.05,16,50.96502160035142,50.969285848030104,50.949635913529995,0.9997248164592221,1995,True
27-08-26/0/map5-0.05-data-2026.08.27-17.57.18.559.jpk-force-map,2026-08-27T17:57:18.559000,5,0.05,17,51.22627632526548,51.2610464464883,51.21633057980334,0.9995741779722376,1999,True
27-08-26/0/map5-0.05-data-2026.08.27-17.57.18.559.jpk-force-map,2026-08-27T17:57:18.559000,5,0.05,18,50.7783959681754,50.57472811272091,50.90524219805571,0.9990337563566216,2000,True
27-08-26/0/map5-0.05-data-2026.08.27-17.57.18.559.jpk-force-map,2026-08-27T17:57:18.559000,5,0.05,19,50.79596555944672,51.00557696996452,50.91430788468965,0.9989707274175923,2001,True
27-08-26/0/map5-0.05-data-2026.08.27-17.57.18.559.jpk-force-map,2026-08-27T17:57:18.559000,5,0.05,20,51.30086066629206,51.11161723606682,51.362399246756674,0.9991055942849041,1996,True
27-08-26/0/map5-0.05-data-2026.08.27-17.57.18.559.jpk-force-map,2026-08-27T17:57:18.559000,5,0.05,21,56.510561118462576,56.30697646897373,56.50546941355676,0.9999129622908106,2000,True
27-08-26/0/map5-0.05-data-2026.08.27-17.57.18.559.jpk-force-map,2026-08-27T17:57:18.559000,5,0.05,22,55.85040837055298,55.927123539167475,55.84753514088582,0.9998849002696082,1997,True
27-08-26/0/map5-0.05-data-2026.08.27-17.57.18.559.jpk-force-map,2026-08-27T17:57:18.559000,5,0.05,23,51.092601441121616,51.123582970257466,51.09152360862469,0.9998160996732143,2002,True
27-08-26/0/map5-0.05-data-2026.08.27-17.57.18.559.jpk-force-map,2026-08-27T17:57:18.559000,5,0.05,24,50.96347400315793,50.972566122190834,50.94278881214979,0.9994933082452978,2001,True
27-08-26/0/map5-0.05-data-2026.08.27-17.57.18.559.jpk-force-map,2026-08-27T17:57:18.559000,5,0.05,25,51.53330935902726,51.64234050170372,51.46427860008217,0.9996656981975374,2002,True
27-08-26/0/map5-0.05-data-2026.08.27-17.57.18.559.jpk-force-map,2026-08-27T17:57:18.559000,5,0.05,26,51.112864369584955,51.20879982198021,51.07260547832839,0.999835426695719,1996,True
27-08-26/0/map5-0.05-data-2026.08.27-17.57.18.559.jpk-force-map,2026-08-27T17:57:18.559000,5,0.05,27,51.02118636995063,51.03475964059527,50.962289273088174,0.9991903461892231,1999,True
27-08-26/0/map5-0.05-data-2026.08.27-17.57.18.559.jpk-force-map,2026-08-27T17:57:18.559000,5,0.05,28,51.196550870152656,51.10719398168372,51.248590005127994,0.999319232735944,2001,True
27-08-26/0/map5-0.05-data-2026.08.27-17.57.18.559.jpk-force-map,2026-08-27T17:57:18.559000,5,0.05,29,50.933447236936146,51.10171322086673,50.885834318289305,0.9996823018043777,1998,True
27-08-26/0/map5-0.05-data-2026.08.27-17.57.18.559.jpk-force-map,2026-08-27T17:57:18.559000,5,0.05,30,51.029576695475576,51.104477840945385,51.00303374823406,0.9997006484867035,1998,True
27-08-26/0/map5-0.05-data-2026.08.27-17.57.18.559.jpk-force-map,2026-08-27T17:57:18.559000,5,0.05,31,50.86108579624001,50.964705732523825,50.891534943340154,0.9997051838830798,2001,True
27-08-26/0/map5-0.05-data-2026.08.27-17.57.18.559.jpk-force-map,2026-08-27T17:57:18.559000,5,0.05,32,51.44043175447292,51.477091441942946,51.344267530117435,0.9995016114690165,2002,True
27-08-26/0/map5-0.05-data-2026.08.27-17.57.18.559.jpk-force-map,2026-08-27T17:57:18.559000,5,0.05,33,50.87896986685271,50.82181567768383,50.884799800031864,0.999734545664495,2005,True
27-08-26/0/map5-0.05-data-2026.08.27-17.57.18.559.jpk-force-map,2026-08-27T17:57:18.559000,5,0.05,34,51.39030273355258,51.543202441067635,51.27973823503564,0.9996259441603065,2001,True
27-08-26/0/map5-0.05-data-2026.08.27-17.57.18.559.jpk-force-map,2026-08-27T17:57:18.559000,5,0.05,35,51.84031778974974,51.76723982469063,52.10221053937792,0.9998106187144901,1999,True
27-08-26/0/map5-0.05-data-2026.08.27-17.57.18.559.jpk-force-map,2026-08-27T17:57:18.559000,5,0.05,36,51.230745176777965,51.27110652583405,51.227065714206354,0.9996278475120203,2005,True
27-08-26/0/map5-0.05-data-2026.08.27-17.57.18.559.jpk-force-map,2026-08-27T17:57:18.559000,5,0.05,37,51.178818151334674,51.24177451138794,51.15638390972964,0.9995966535726941,2004,True
27-08-26/0/map5-0.05-data-2026.08.27-17.57.18.559.jpk-force-map,2026-08-27T17:57:18.559000,5,0.05,38,51.46954400222828,51.43247125537368,51.42991742865163,0.9997353283437764,2002,True
27-08-26/0/map5-0.05-data-2026.08.27-17.57.18.559.jpk-force-map,2026-08-27T17:57:18.559000,5,0.05,39,51.42565346574052,51.38227650253767,51.526261827713064,0.9997319459590673,1998,True
27-08-26/0/map5-0.05-data-2026.08.27-17.57.18.559.jpk-force-map,2026-08-27T17:57:18.559000,5,0.05,40,50.922952481429554,50.91301852770767,50.93126183531606,0.9997895275552179,1995,True
27-08-26/0/map5-0.05-data-2026.08.27-17.57.18.559.jpk-force-map,2026-08-27T17:57:18.559000,5,0.05,41,51.50855433162015,51.27052656328774,51.51469417564817,0.999831768977421,2001,True
27-08-26/0/map5-0.05-data-2026.08.27-17.57.18.559.jpk-force-map,2026-08-27T17:57:18.559000,5,0.05,42,51.2890747884678,51.41747280191665,51.31479282853239,0.9997093481894556,2003,True
27-08-26/0/map5-0.05-data-2026.08.27-17.57.18.559.jpk-force-map,2026-08-27T17:57:18.559000,5,0.05,43,51.23484692548685,51.20469940030295,51.23535625801073,0.9997124620250923,2005,True
27-08-26/0/map5-0.05-data-2026.08.27-17.57.18.559.jpk-force-map,2026-08-27T17:57:18.559000,5,0.05,44,51.25025710632495,51.17175172966387,51.2155621276012,0.9996734491680662,1997,True
27-08-26/0/map5-0.05-data-2026.08.27-17.57.18.559.jpk-force-map,2026-08-27T17:57:18.559000,5,0.05,45,51.33091091322262,51.11735320498084,51.344074218276994,0.9997083073993803,2000,True
27-08-26/0/map5-0.05-data-2026.08.27-17.57.18.559.jpk-force-map,2026-08-27T17:57:18.559000,5,0.05,46,51.13147521826652,51.07723155333309,51.1262744573334,0.9996935543860802,2002,True
27-08-26/0/map5-0.05-data-2026.08.27-17.57.18.559.jpk-force-map,2026-08-27T17:57:18.559000,5,0.05,47,51.290570647792116,51.295956652693235,51.32925291320998,0.9998247896090879,2002,True
27-08-26/0/map5-0.05-data-2026.08.27-17.57.18.559.jpk-force-map,2026-08-27T17:57:18.559000,5,0.05,48,51.02208940493808,51.02475801081726,51.10025016870103,0.9997379689831442,1992,True
27-08-26/0/map5-0.05-data-2026.08.27-17.57.18.559.jpk-force-map,2026-08-27T17:57:18.559000,5,0.05,49,52.21715518454075,52.21787316213094,52.18569065044309,0.9998460681710699,1999,True
27-08-26/0/map5-0.05-data-2026.08.27-17.57.18.559.jpk-force-map,2026-08-27T17:57:18.559000,5,0.05,50,51.193087570216676,51.24621754896419,51.20214849950576,0.9997687083704863,2005,True
27-08-26/0/map5-0.05-data-2026.08.27-17.57.18.559.jpk-force-map,2026-08-27T17:57:18.559000,5,0.05,51,51.106002524977185,51.13139616008121,51.06756835766295,0.9995857700696833,1997,True
27-08-26/0/map5-0.05-data-2026.08.27-17.57.18.559.jpk-force-map,2026-08-27T17:57:18.559000,5,0.05,52,51.21597055330898,51.20617038831846,51.149188574978176,0.9994208638840928,1998,True
27-08-26/0/map5-0.05-data-2026.08.27-17.57.18.559.jpk-force-map,2026-08-27T17:57:18.559000,5,0.05,53,51.12568932541703,51.128574639930804,51.12632088233162,0.9996637646331717,1998,True
27-08-26/0/map5-0.05-data-2026.08.27-17.57.18.559.jpk-force-map,2026-08-27T17:57:18.559000,5,0.05,54,51.895006239675176,51.86460364090809,51.833812901092934,0.9992952526813157,1995,True
27-08-26/0/map5-0.05-data-2026.08.27-17.57.18.559.jpk-force-map,2026-08-27T17:57:18.559000,5,0.05,55,50.9665441664637,50.897850921159154,51.07165322572047,0.9991579372221816,1999,True
27-08-26/0/map5-0.05-data-2026.08.27-17.57.18.559.jpk-force-map,2026-08-27T17:57:18.559000,5,0.05,56,51.01253790102224,51.09597246841517,50.97256724968236,0.9995157078237894,1997,True
27-08-26/0/map5-0.05-data-2026.08.27-17.57.18.559.jpk-force-map,2026-08-27T17:57:18.559000,5,0.05,57,51.07514371888255,51.24388776082642,51.00537398624483,0.9996703249809078,2003,True
27-08-26/0/map5-0.05-data-2026.08.27-17.57.18.559.jpk-force-map,2026-08-27T17:57:18.559000,5,0.05,58,52.91237613319982,52.84127869762633,52.92367296587947,0.999910090594331,2002,True
27-08-26/0/map5-0.05-data-2026.08.27-17.57.18.559.jpk-force-map,2026-08-27T17:57:18.559000,5,0.05,59,51.24592759489519,51.26310744982398,51.27267703282217,0.9997925550003719,2000,True
27-08-26/0/map5-0.05-data-2026.08.27-17.57.18.559.jpk-force-map,2026-08-27T17:57:18.559000,5,0.05,60,51.18568070796879,51.093780452009085,51.2574032128624,0.9996461277293944,2000,True
27-08-26/0/map5-0.05-data-2026.08.27-17.57.18.559.jpk-force-map,2026-08-27T17:57:18.559000,5,0.05,61,51.201448430640006,51.20646101538566,51.224338956025846,0.9996354176593728,1998,True
27-08-26/0/map5-0.05-data-2026.08.27-17.57.18.559.jpk-force-map,2026-08-27T17:57:18.559000,5,0.05,62,50.84702672671006,50.55650180109327,50.85889878047985,0.9998088263648572,1994,True
27-08-26/0/map5-0.05-data-2026.08.27-17.57.18.559.jpk-force-map,2026-08-27T17:57:18.559000,5,0.05,63,51.025294134649975,50.97403292717624,51.04003788139869,0.9997434745017545,2001,True
