source,timestamp,map_order,baseline_method,distance_nm,force_median_pN,force_q25_pN,force_q75_pN,valid_pixels
31-08-26/map-data-2026.08.31-14.40.37.339.jpk-force-map,2026-08-31T14:40:37.339000,1,linear_drift_corrected,5.0,292.8746687884176,92.65788253501354,440.26321315575717,62
31-08-26/map-data-2026.08.31-14.40.37.339.jpk-force-map,2026-08-31T14:40:37.339000,1,linear_drift_corrected,10.0,258.11240634774356,178.30378989691576,319.8910718201107,64
31-08-26/map-data-2026.08.31-14.40.37.339.jpk-force-map,2026-08-31T14:40:37.339000,1,linear_drift_corrected,15.0,188.26400492449528,125.57262414871967,238.7657706413105,64
31-08-26/map-data-2026.08.31-14.40.37.339.jpk-force-map,2026-08-31T14:40:37.339000,1,linear_drift_corrected,20.0,137.43590171886947,98.67484149368138,188.59368294418658,64
31-08-26/map-data-2026.08.31-14.40.37.339.jpk-force-map,2026-08-31T14:40:37.339000,1,linear_drift_corrected,25.0,110.61189159192313,65.64009770205358,161.01603723797191,64
31-08-26/map-data-2026.08.31-14.40.37.339.jpk-force-map,2026-08-31T14:40:37.339000,1,linear_drift_corrected,30.0,84.40602807756025,38.94884210110982,134.32411092519692,64
31-08-26/map-data-2026.08.31-14.40.37.339.jpk-force-map,2026-08-31T14:40:37.339000,1,linear_drift_corrected,35.0,66.25890898767665,26.087922340967587,116.45809475470458,64
31-08-26/map-data-2026.08.31-14.40.37.339.jpk-force-map,2026-08-31T14:40:37.339000,1,linear_drift_corrected,40.0,57.69988556577781,14.170758355127393,97.48665470024397,64
31-08-26/map-data-2026.08.31-14.40.37.339.jpk-force-map,2026-08-31T14:40:37.339000,1,linear_drift_corrected,45.0,46.00602751696812,3.58771600014189,84.94712588989394,64
31-08-26/map-data-2026.08.31-14.40.37.339.jpk-force-map,2026-08-31T14:40:37.339000,1,linear_drift_corrected,50.0,42.45337675961028,-8.656049134591106,69.58437624817954,64
31-08-26/map-data-2026.08.31-14.40.37.339.jpk-force-map,2026-08-31T14:40:37.339000,1,linear_drift_corrected,55.0,32.62369291689671,-18.19800831619322,65.18651957508753,64
31-08-26/map-data-2026.08.31-14.40.37.339.jpk-force-map,2026-08-31T14:40:37.339000,1,linear_drift_corrected,60.0,25.502134351770987,-18.676416598688952,64.13020146072114,64
31-08-26/map-data-2026.08.31-14.40.37.339.jpk-force-map,2026-08-31T14:40:37.339000,1,linear_drift_corrected,65.0,24.92725868318916,-27.866364953617477,54.60449895661357,64
31-08-26/map-data-2026.08.31-14.40.37.339.jpk-force-map,2026-08-31T14:40:37.339000,1,linear_drift_corrected,70.0,20.75616918383323,-32.27093744310359,46.215657410425194,64
31-08-26/map-data-2026.08.31-14.40.37.339.jpk-force-map,2026-08-31T14:40:37.339000,1,linear_drift_corrected,75.0,14.31102059664748,-39.10541413914952,45.74793161944782,64
31-08-26/map-data-2026.08.31-14.40.37.339.jpk-force-map,2026-08-31T14:40:37.339000,1,linear_drift_corrected,80.0,9.98649989205325,-39.46285078633363,39.05768890632804,64
31-08-26/map-data-2026.08.31-14.40.37.339.jpk-force-map,2026-08-31T14:40:37.339000,1,linear_drift_corrected,85.0,8.586655181651937,-42.2711783427379,39.293409777344145,64
31-08-26/map-data-2026.08.31-14.40.37.339.jpk-force-map,2026-08-31T14:40:37.339000,1,linear_drift_corrected,90.0,4.182595890540581,-48.910229759526715,36.98034154835908,64
31-08-26/map-data-2026.08.31-14.40.37.339.jpk-force-map,2026-08-31T14:40:37.339000,1,linear_drift_corrected,95.0,2.6186756017014208,-52.00540804389688,37.55552738077413,64
31-08-26/map-data-2026.08.31-14.40.37.339.jpk-force-map,2026-08-31T14:40:37.339000,1,linear_drift_corrected,100.0,1.2431928606996858,-50.42684187401453,33.19910326684396,64
31-08-26/map-data-2026.08.31-14.40.37.339.jpk-force-map,2026-08-31T14:40:37.339000,1,linear_drift_corrected,105.0,2.9321422672580453,-50.77895203049477,31.982327152099636,64
31-08-26/map-data-2026.08.31-14.40.37.339.jpk-force-map,2026-08-31T14:40:37.339000,1,linear_drift_corrected,110.0,2.372475506629783,-52.59264309668336,31.34946113376908,64
31-08-26/map-data-2026.08.31-14.40.37.339.jpk-force-map,2026-08-31T14:40:37.339000,1,linear_drift_corrected,115.0,-0.42987755723363197,-57.421551490324134,29.384575810231105,64
31-08-26/map-data-2026.08.31-14.40.37.339.jpk-force-map,2026-08-31T14:40:37.339000,1,linear_drift_corrected,120.0,3.7586725297180044,-54.48310791635758,27.813949527946527,64
31-08-26/map-data-2026.08.31-14.40.37.339.jpk-force-map,2026-08-31T14:40:37.339000,1,linear_drift_corrected,125.0,3.731910219909304,-58.47654449870632,29.95286918363496,64
31-08-26/map-data-2026.08.31-14.40.37.339.jpk-force-map,2026-08-31T14:40:37.339000,1,linear_drift_corrected,130.0,2.839639533242102,-59.87698626725779,27.82873713254897,64
31-08-26/map-data-2026.08.31-14.40.37.339.jpk-force-map,2026-08-31T14:40:37.339000,1,linear_drift_corrected,135.0,2.0853123498757444,-57.437289702107265,23.850718572648425,64
31-08-26/map-data-2026.08.31-14.40.37.339.jpk-force-map,2026-08-31T14:40:37.339000,1,linear_drift_corrected,140.0,2.7189258606833118,-59.49608305900399,24.881017173674607,64
31-08-26/map-data-2026.08.31-14.40.37.339.jpk-force-map,2026-08-31T14:40:37.339000,1,linear_drift_corrected,145.0,-0.9753993177203537,-59.87842130114872,23.04239899052122,64
31-08-26/map-data-2026.08.31-14.40.37.339.jpk-force-map,2026-08-31T14:40:37.339000,1,linear_drift_corrected,150.0,-5.396080079646766,-54.97489342088717,24.219261446620745,64
31-08-26/map-data-2026.08.31-14.40.37.339.jpk-force-map,2026-08-31T14:40:37.339000,1,linear_drift_corrected,155.0,-5.6284116209266895,-62.05850712720343,20.051879292770007,64
31-08-26/map-data-2026.08.31-14.40.37.339.jpk-force-map,2026-08-31T14:40:37.339000,1,linear_drift_corrected,160.0,-8.000715385388418,-53.891338992648706,21.699480269132707,64
31-08-26/map-data-2026.08.31-14.40.37.339.jpk-force-map,2026-08-31T14:40:37.339000,1,linear_drift_corrected,165.0,-6.24580561908639,-60.250257963899635,17.420195395007532,64
31-08-26/map-data-2026.08.31-14.40.37.339.jpk-force-map,2026-08-31T14:40:37.339000,1,linear_drift_corrected,170.0,-12.344574532627469,-57.30878920994884,18.067739250777848,64
31-08-26/map-data-2026.08.31-14.40.37.339.jpk-force-map,2026-08-31T14:40:37.339000,1,linear_drift_corrected,175.0,-8.892173699176773,-58.485162930872555,17.42607983282462,64
31-08-26/map-data-2026.08.31-14.40.37.339.jpk-force-map,2026-08-31T14:40:37.339000,1,linear_drift_corrected,180.0,-8.550061059351025,-55.17479681716138,17.719046086318933,64
31-08-26/map-data-2026.08.31-14.40.37.339.jpk-force-map,2026-08-31T14:40:37.339000,1,linear_drift_corrected,185.0,-9.755648218070913,-54.842878407401734,16.449391866688053,64
31-08-26/map-data-2026.08.31-14.40.37.339.jpk-force-map,2026-08-31T14:40:37.339000,1,linear_drift_corrected,190.0,-11.620882669911845,-53.51641001196086,14.572421016392374,64
31-08-26/map-data-2026.08.31-14.40.37.339.jpk-force-map,2026-08-31T14:40:37.339000,1,linear_drift_corrected,195.0,-9.837697449727095,-57.55299437543867,14.835712351115738,64
31-08-26/map-data-2026.08.31-14.40.37.339.jpk-force-map,2026-08-31T14:40:37.339000,1,linear_drift_corrected,200.0,-11.072201822485482,-54.277022928457725,14.642128304397612,64
31-08-26/map-data-2026.08.31-14.40.37.339.jpk-force-map,2026-08-31T14:40:37.339000,1,linear_drift_corrected,205.0,-9.093912435700915,-53.385062982385115,11.542039047572331,64
31-08-26/map-data-2026.08.31-14.40.37.339.jpk-force-map,2026-08-31T14:40:37.339000,1,linear_drift_corrected,210.0,-12.902591925319921,-51.32135404961134,11.058098007819996,64
31-08-26/map-data-2026.08.31-14.40.37.339.jpk-force-map,2026-08-31T14:40:37.339000,1,linear_drift_corrected,215.0,-10.361522299075077,-55.48440540188308,13.725373657401812,64
31-08-26/map-data-2026.08.31-14.40.37.339.jpk-force-map,2026-08-31T14:40:37.339000,1,linear_drift_corrected,220.0,-6.096074981150242,-53.23249328648022,12.364120592302886,64
31-08-26/map-data-2026.08.31-14.40.37.339.jpk-force-map,2026-08-31T14:40:37.339000,1,linear_drift_corrected,225.0,-8.33553464900474,-51.065020499174935,15.632298351195086,64
31-08-26/map-data-2026.08.31-14.40.37.339.jpk-force-map,2026-08-31T14:40:37.339000,1,linear_drift_corrected,230.0,-8.876392312756806,-53.305003072523135,16.876741319818798,64
31-08-26/map-data-2026.08.31-14.40.37.339.jpk-force-map,2026-08-31T14:40:37.339000,1,linear_drift_corrected,235.0,-7.924114771637089,-53.16473243993153,14.733695772708511,64
31-08-26/map-data-2026.08.31-14.40.37.339.jpk-force-map,2026-08-31T14:40:37.339000,1,linear_drift_corrected,240.0,-12.660529168363745,-52.36651607282877,15.223076735934157,64
31-08-26/map-data-2026.08.31-14.40.37.339.jpk-force-map,2026-08-31T14:40:37.339000,1,linear_drift_corrected,245.0,-10.252231916828716,-47.482817758457585,14.811152386366036,64
31-08-26/map-data-2026.08.31-14.40.37.339.jpk-force-map,2026-08-31T14:40:37.339000,1,linear_drift_corrected,250.0,-13.392516666541907,-52.56098553467462,16.27407991014326,64
31-08-26/map-data-2026.08.31-14.40.37.339.jpk-force-map,2026-08-31T14:40:37.339000,1,linear_drift_corrected,255.0,-14.302292774839362,-51.041112171915586,16.378245079613507,64
31-08-26/map-data-2026.08.31-14.40.37.339.jpk-force-map,2026-08-31T14:40:37.339000,1,linear_drift_corrected,260.0,-11.65383137909436,-55.62153160704435,13.376831988454505,64
31-08-26/map-data-2026.08.31-14.40.37.339.jpk-force-map,2026-08-31T14:40:37.339000,1,linear_drift_corrected,265.0,-14.723767342841958,-46.07971216667349,12.678211904503314,64
31-08-26/map-data-2026.08.31-14.40.37.339.jpk-force-map,2026-08-31T14:40:37.339000,1,linear_drift_corrected,270.0,-16.950475981760093,-52.51738322264642,11.62366019025242,64
31-08-26/map-data-2026.08.31-14.40.37.339.jpk-force-map,2026-08-31T14:40:37.339000,1,linear_drift_corrected,275.0,-15.740580337003678,-56.160802535297805,11.840575671828075,64
31-08-26/map-data-2026.08.31-14.40.37.339.jpk-force-map,2026-08-31T14:40:37.339000,1,linear_drift_corrected,280.0,-19.44821266784531,-51.794559492596505,11.169028973364952,64
31-08-26/map-data-2026.08.31-14.40.37.339.jpk-force-map,2026-08-31T14:40:37.339000,1,linear_drift_corrected,285.0,-12.54750118800455,-54.4239536620257,14.027891524666265,64
31-08-26/map-data-2026.08.31-14.40.37.339.jpk-force-map,2026-08-31T14:40:37.339000,1,linear_drift_corrected,290.0,-13.147232708367929,-52.862168215965006,16.032722791012837,64
31-08-26/map-data-2026.08.31-14.40.37.339.jpk-force-map,2026-08-31T14:40:37.339000,1,linear_drift_corrected,295.0,-12.54129379413844,-48.19850786497998,15.116991059264862,64
31-08-26/map-data-2026.08.31-14.40.37.339.jpk-force-map,2026-08-31T14:40:37.339000,1,linear_drift_corrected,300.0,-14.735580152797755,-43.16811967195143,15.86342572777761,64
31-08-26/map-data-2026.08.31-14.40.37.339.jpk-force-map,2026-08-31T14:40:37.339000,1,linear_drift_corrected,305.0,-16.644366502974776,-42.64297699095225,15.159860708009878,64
31-08-26/map-data-2026.08.31-14.40.37.339.jpk-force-map,2026-08-31T14:40:37.339000,1,linear_drift_corrected,310.0,-16.328771400412236,-38.32374783454478,13.143551114281578,64
31-08-26/map-data-2026.08.31-14.40.37.339.jpk-force-map,2026-08-31T14:40:37.339000,1,linear_drift_corrected,315.0,-16.063278634877292,-40.574387855619236,13.800284673283127,64
31-08-26/map-data-2026.08.31-14.40.37.339.jpk-force-map,2026-08-31T14:40:37.339000,1,linear_drift_corrected,320.0,-8.777963607733504,-42.42098122708844,13.663560011019491,64
31-08-26/map-data-2026.08.31-14.40.37.339.jpk-force-map,2026-08-31T14:40:37.339000,1,linear_drift_corrected,325.0,-13.247515794064654,-41.84996013032447,18.343269844845715,64
31-08-26/map-data-2026.08.31-14.40.37.339.jpk-force-map,2026-08-31T14:40:37.339000,1,linear_drift_corrected,330.0,-13.300052591067212,-45.83574430140332,12.061980064256645,64
31-08-26/map-data-2026.08.31-14.40.37.339.jpk-force-map,2026-08-31T14:40:37.339000,1,linear_drift_corrected,335.0,-8.774214812446125,-45.74491413570348,14.861634256309388,64
31-08-26/map-data-2026.08.31-14.40.37.339.jpk-force-map,2026-08-31T14:40:37.339000,1,linear_drift_corrected,340.0,-11.00023570775208,-44.99890757486876,18.556349464234383,64
31-08-26/map-data-2026.08.31-14.40.37.339.jpk-force-map,2026-08-31T14:40:37.339000,1,linear_drift_corrected,345.0,-8.479972259079023,-43.36123093229025,14.613525014612772,64
31-08-26/map-data-2026.08.31-14.40.37.339.jpk-force-map,2026-08-31T14:40:37.339000,1,linear_drift_corrected,350.0,-6.7593742189938695,-42.557083993311956,19.91934517929763,64
31-08-26/map-data-2026.08.31-14.40.37.339.jpk-force-map,2026-08-31T14:40:37.339000,1,linear_drift_corrected,355.0,-6.064758282523038,-43.00703272902575,22.70316309516697,64
31-08-26/map-data-2026.08.31-14.40.37.339.jpk-force-map,2026-08-31T14:40:37.339000,1,linear_drift_corrected,360.0,-9.702307402693013,-45.2637068678385,14.62242328444654,64
31-08-26/map-data-2026.08.31-14.40.37.339.jpk-force-map,2026-08-31T14:40:37.339000,1,linear_drift_corrected,365.0,-8.727352037969053,-43.35019218976042,15.88320046662147,64
31-08-26/map-data-2026.08.31-14.40.37.339.jpk-force-map,2026-08-31T14:40:37.339000,1,linear_drift_corrected,370.0,-7.389750502416485,-46.85395214247125,17.99781755839478,64
31-08-26/map-data-2026.08.31-14.40.37.339.jpk-force-map,2026-08-31T14:40:37.339000,1,linear_drift_corrected,375.0,-4.843937847577487,-45.243857886858365,21.63034233183712,64
31-08-26/map-data-2026.08.31-14.40.37.339.jpk-force-map,2026-08-31T14:40:37.339000,1,linear_drift_corrected,380.0,-6.550021910860421,-44.03211782641547,21.127813454224253,64
31-08-26/map-data-2026.08.31-14.40.37.339.jpk-force-map,2026-08-31T14:40:37.339000,1,linear_drift_corrected,385.0,-6.488957879700739,-40.9460738330673,20.90728596710493,64
31-08-26/map-data-2026.08.31-14.40.37.339.jpk-force-map,2026-08-31T14:40:37.339000,1,linear_drift_corrected,390.0,-3.60991026947201,-42.65663282327397,22.850075462939223,64
31-08-26/map-data-2026.08.31-14.40.37.339.jpk-force-map,2026-08-31T14:40:37.339000,1,linear_drift_corrected,395.0,-4.127146903281446,-41.87852356535761,18.487795509941584,64
31-08-26/map-data-2026.08.31-14.40.37.339.jpk-force-map,2026-08-31T14:40:37.339000,1,linear_drift_corrected,400.0,-3.331205830359793,-41.4191076147504,23.345889293744875,64
31-08-26/map-data-2026.08.31-14.40.37.339.jpk-force-map,2026-08-31T14:40:37.339000,1,linear_drift_corrected,405.0,-7.74180929392705,-39.70992544586005,21.284606449797497,64
31-08-26/map-data-2026.08.31-14.40.37.339.jpk-force-map,2026-08-31T14:40:37.339000,1,linear_drift_corrected,410.0,-3.1058021346082176,-43.65434065232584,25.91733191555286,64
31-08-26/map-data-2026.08.31-14.40.37.339.jpk-force-map,2026-08-31T14:40:37.339000,1,linear_drift_corrected,415.0,-6.2912481292702624,-43.15956401755866,22.46537805306173,64
31-08-26/map-data-2026.08.31-14.40.37.339.jpk-force-map,2026-08-31T14:40:37.339000,1,linear_drift_corrected,420.0,-1.4295439052339036,-41.462949740081484,17.792094593537755,64
31-08-26/map-data-2026.08.31-14.40.37.339.jpk-force-map,2026-08-31T14:40:37.339000,1,linear_drift_corrected,425.0,-3.7564927290844903,-40.958997357085025,18.932547884424842,64
31-08-26/map-data-2026.08.31-14.40.37.339.jpk-force-map,2026-08-31T14:40:37.339000,1,linear_drift_corrected,430.0,-3.759313658203187,-41.22200116941395,18.858682613856008,64
31-08-26/map-data-2026.08.31-14.40.37.339.jpk-force-map,2026-08-31T14:40:37.339000,1,linear_drift_corrected,435.0,-2.0881872895749156,-41.53753655262325,16.37552725450128,64
31-08-26/map-data-2026.08.31-14.40.37.339.jpk-force-map,2026-08-31T14:40:37.339000,1,linear_drift_corrected,440.0,-2.0755280969670564,-45.189174778781975,20.793481452843448,64
31-08-26/map-data-2026.08.31-14.40.37.339.jpk-force-map,2026-08-31T14:40:37.339000,1,linear_drift_corrected,445.0,-0.5720239273529713,-42.591439740812305,19.855472450088982,64
31-08-26/map-data-2026.08.31-14.40.37.339.jpk-force-map,2026-08-31T14:40:37.339000,1,linear_drift_corrected,450.0,-2.760080628470803,-44.365174122608195,20.648305191385298,64
31-08-26/map-data-2026.08.31-14.40.37.339.jpk-force-map,2026-08-31T14:40:37.339000,1,linear_drift_corrected,455.0,-1.2645294594702585,-43.63331485322879,19.46167331240003,64
31-08-26/map-data-2026.08.31-14.40.37.339.jpk-force-map,2026-08-31T14:40:37.339000,1,linear_drift_corrected,460.0,0.38001086951404695,-45.620117816556316,19.50162338507777,64
31-08-26/map-data-2026.08.31-14.40.37.339.jpk-force-map,2026-08-31T14:40:37.339000,1,linear_drift_corrected,465.0,-0.5300529349580952,-39.52745690764811,21.94687853817517,64
31-08-26/map-data-2026.08.31-14.40.37.339.jpk-force-map,2026-08-31T14:40:37.339000,1,linear_drift_corrected,470.0,-1.563621697992509,-44.16986418405792,23.409951890481874,64
31-08-26/map-data-2026.08.31-14.40.37.339.jpk-force-map,2026-08-31T14:40:37.339000,1,linear_drift_corrected,475.0,-1.4277875077268143,-44.85446147467744,17.444969714039377,64
31-08-26/map-data-2026.08.31-14.40.37.339.jpk-force-map,2026-08-31T14:40:37.339000,1,linear_drift_corrected,480.0,-3.427784744731899,-39.463302131442035,19.338867894488892,64
31-08-26/map-data-2026.08.31-14.40.37.339.jpk-force-map,2026-08-31T14:40:37.339000,1,linear_drift_corrected,485.0,-2.2571803007104636,-50.079668959135475,20.953340269068157,64
31-08-26/map-data-2026.08.31-14.40.37.339.jpk-force-map,2026-08-31T14:40:37.339000,1,linear_drift_corrected,490.0,-0.8610025010491272,-39.770496592760416,16.47936892909401,64
31-08-26/map-data-2026.08.31-14.40.37.339.jpk-force-map,2026-08-31T14:40:37.339000,1,linear_drift_corrected,495.0,-0.899946360030561,-40.68042886394436,22.927021958366055,64
31-08-26/map-data-2026.08.31-14.40.37.339.jpk-force-map,2026-08-31T14:40:37.339000,1,linear_drift_corrected,500.0,-1.366096033036719,-41.761328303043484,19.010754591635184,64
31-08-26/map-data-2026.08.31-14.40.37.339.jpk-force-map,2026-08-31T14:40:37.339000,1,far_constant_referenced,5.0,278.47810910768317,99.95645676264306,455.38703719930265,62
31-08-26/map-data-2026.08.31-14.40.37.339.jpk-force-map,2026-08-31T14:40:37.339000,1,far_constant_referenced,10.0,281.7682741268801,213.29795275717686,351.5702951688269,64
31-08-26/map-data-2026.08.31-14.40.37.339.jpk-force-map,2026-08-31T14:40:37.339000,1,far_constant_referenced,15.0,204.67257797190734,157.19509289494005,260.352681430111,64
31-08-26/map-data-2026.08.31-14.40.37.339.jpk-force-map,2026-08-31T14:40:37.339000,1,far_constant_referenced,20.0,161.2542432246089,127.91149190685681,198.1261287572504,64
31-08-26/map-data-2026.08.31-14.40.37.339.jpk-force-map,2026-08-31T14:40:37.339000,1,far_constant_referenced,25.0,129.3903632549826,99.94766134810422,155.49496143787445,64
31-08-26/map-data-2026.08.31-14.40.37.339.jpk-force-map,2026-08-31T14:40:37.339000,1,far_constant_referenced,30.0,105.85714516362916,83.31885845203847,129.23745608188855,64
31-08-26/map-data-2026.08.31-14.40.37.339.jpk-force-map,2026-08-31T14:40:37.339000,1,far_constant_referenced,35.0,84.11015011635794,70.66060132304236,108.64687326887334,64
31-08-26/map-data-2026.08.31-14.40.37.339.jpk-force-map,2026-08-31T14:40:37.339000,1,far_constant_referenced,40.0,71.48590685098205,58.60069846246183,93.04101403921135,64
31-08-26/map-data-2026.08.31-14.40.37.339.jpk-force-map,2026-08-31T14:40:37.339000,1,far_constant_referenced,45.0,63.612281320129675,48.19072667613392,77.42025434256485,64
31-08-26/map-data-2026.08.31-14.40.37.339.jpk-force-map,2026-08-31T14:40:37.339000,1,far_constant_referenced,50.0,52.22681675928022,40.32495049842541,66.61420804000707,64
31-08-26/map-data-2026.08.31-14.40.37.339.jpk-force-map,2026-08-31T14:40:37.339000,1,far_constant_referenced,55.0,43.94141800591234,33.240192349565476,58.856548941185224,64
31-08-26/map-data-2026.08.31-14.40.37.339.jpk-force-map,2026-08-31T14:40:37.339000,1,far_constant_referenced,60.0,40.359422610533805,26.129136650345064,53.00941648452637,64
31-08-26/map-data-2026.08.31-14.40.37.339.jpk-force-map,2026-08-31T14:40:37.339000,1,far_constant_referenced,65.0,34.72544961211332,22.045255684502063,46.10393697016872,64
31-08-26/map-data-2026.08.31-14.40.37.339.jpk-force-map,2026-08-31T14:40:37.339000,1,far_constant_referenced,70.0,28.143257015346688,19.25152160053532,42.07293196702426,64
31-08-26/map-data-2026.08.31-14.40.37.339.jpk-force-map,2026-08-31T14:40:37.339000,1,far_constant_referenced,75.0,23.80742807403872,12.0589567991839,37.99953158758168,64
31-08-26/map-data-2026.08.31-14.40.37.339.jpk-force-map,2026-08-31T14:40:37.339000,1,far_constant_referenced,80.0,22.282879699146953,8.012977418009712,35.56006793191807,64
31-08-26/map-data-2026.08.31-14.40.37.339.jpk-force-map,2026-08-31T14:40:37.339000,1,far_constant_referenced,85.0,20.14064192606274,5.716014260086499,32.35201808543373,64
31-08-26/map-data-2026.08.31-14.40.37.339.jpk-force-map,2026-08-31T14:40:37.339000,1,far_constant_referenced,90.0,17.009090012753497,3.264739619184872,28.557957115306152,64
31-08-26/map-data-2026.08.31-14.40.37.339.jpk-force-map,2026-08-31T14:40:37.339000,1,far_constant_referenced,95.0,12.101751295134104,-0.17892386147794004,30.706299940834786,64
31-08-26/map-data-2026.08.31-14.40.37.339.jpk-force-map,2026-08-31T14:40:37.339000,1,far_constant_referenced,100.0,11.140848561201693,-0.8665035452846341,23.400858189199127,64
31-08-26/map-data-2026.08.31-14.40.37.339.jpk-force-map,2026-08-31T14:40:37.339000,1,far_constant_referenced,105.0,9.908071433654566,0.008130215120019518,24.695720595844758,64
31-08-26/map-data-2026.08.31-14.40.37.339.jpk-force-map,2026-08-31T14:40:37.339000,1,far_constant_referenced,110.0,7.043515784887083,-3.908992647506424,22.31826830823349,64
31-08-26/map-data-2026.08.31-14.40.37.339.jpk-force-map,2026-08-31T14:40:37.339000,1,far_constant_referenced,115.0,7.228204707995767,-4.356745767481053,20.68014821921941,64
31-08-26/map-data-2026.08.31-14.40.37.339.jpk-force-map,2026-08-31T14:40:37.339000,1,far_constant_referenced,120.0,7.429804478554079,-4.4105677915755646,21.862311062092008,64
31-08-26/map-data-2026.08.31-14.40.37.339.jpk-force-map,2026-08-31T14:40:37.339000,1,far_constant_referenced,125.0,5.3906282687731135,-5.378536421558414,22.95889969527359,64
31-08-26/map-data-2026.08.31-14.40.37.339.jpk-force-map,2026-08-31T14:40:37.339000,1,far_constant_referenced,130.0,6.397503673657655,-7.407453778078427,18.90303101607151,64
31-08-26/map-data-2026.08.31-14.40.37.339.jpk-force-map,2026-08-31T14:40:37.339000,1,far_constant_referenced,135.0,3.8763387471425927,-6.213435603339771,18.644519739673058,64
31-08-26/map-data-2026.08.31-14.40.37.339.jpk-force-map,2026-08-31T14:40:37.339000,1,far_constant_referenced,140.0,5.664246963085793,-7.5427553398852965,19.51613792937804,64
31-08-26/map-data-2026.08.31-14.40.37.339.jpk-force-map,2026-08-31T14:40:37.339000,1,far_constant_referenced,145.0,2.406129773671691,-9.971960142288175,17.330913491623164,64
31-08-26/map-data-2026.08.31-14.40.37.339.jpk-force-map,2026-08-31T14:40:37.339000,1,far_constant_referenced,150.0,1.0686650397970447,-9.452173316350006,13.540621984869677,64
31-08-26/map-data-2026.08.31-14.40.37.339.jpk-force-map,2026-08-31T14:40:37.339000,1,far_constant_referenced,155.0,1.3350995803852963,-9.86258657560948,12.396626806433321,64
31-08-26/map-data-2026.08.31-14.40.37.339.jpk-force-map,2026-08-31T14:40:37.339000,1,far_constant_referenced,160.0,2.0689180149106687,-13.431854488772677,11.636422128290713,64
31-08-26/map-data-2026.08.31-14.40.37.339.jpk-force-map,2026-08-31T14:40:37.339000,1,far_constant_referenced,165.0,0.6732705051950556,-12.715065159371143,12.053221301972023,64
31-08-26/map-data-2026.08.31-14.40.37.339.jpk-force-map,2026-08-31T14:40:37.339000,1,far_constant_referenced,170.0,-0.279738528966492,-8.697112847047231,12.773499232770588,64
31-08-26/map-data-2026.08.31-14.40.37.339.jpk-force-map,2026-08-31T14:40:37.339000,1,far_constant_referenced,175.0,0.1307634235486943,-11.05126837278737,10.558074741396654,64
31-08-26/map-data-2026.08.31-14.40.37.339.jpk-force-map,2026-08-31T14:40:37.339000,1,far_constant_referenced,180.0,-0.8374121573642245,-8.903930737491546,10.84656433827422,64
31-08-26/map-data-2026.08.31-14.40.37.339.jpk-force-map,2026-08-31T14:40:37.339000,1,far_constant_referenced,185.0,-0.056290653049339,-8.895682264697095,12.028165457193236,64
31-08-26/map-data-2026.08.31-14.40.37.339.jpk-force-map,2026-08-31T14:40:37.339000,1,far_constant_referenced,190.0,-1.420422492517608,-11.037343531618406,8.706218687981893,64
31-08-26/map-data-2026.08.31-14.40.37.339.jpk-force-map,2026-08-31T14:40:37.339000,1,far_constant_referenced,195.0,-1.1782899040336292,-10.975819976473778,9.496623419742681,64
31-08-26/map-data-2026.08.31-14.40.37.339.jpk-force-map,2026-08-31T14:40:37.339000,1,far_constant_referenced,200.0,-1.0371789339680502,-10.585333135362946,9.421278498893829,64
31-08-26/map-data-2026.08.31-14.40.37.339.jpk-force-map,2026-08-31T14:40:37.339000,1,far_constant_referenced,205.0,-1.1861836038044924,-12.478682850308658,10.210160663096119,64
31-08-26/map-data-2026.08.31-14.40.37.339.jpk-force-map,2026-08-31T14:40:37.339000,1,far_constant_referenced,210.0,-2.925103578097505,-10.082738018851307,7.217901508106996,64
31-08-26/map-data-2026.08.31-14.40.37.339.jpk-force-map,2026-08-31T14:40:37.339000,1,far_constant_referenced,215.0,-1.2836574919893833,-12.00693820462523,7.392316795745849,64
31-08-26/map-data-2026.08.31-14.40.37.339.jpk-force-map,2026-08-31T14:40:37.339000,1,far_constant_referenced,220.0,-2.696807137526926,-9.26022632847043,8.365887883056526,64
31-08-26/map-data-2026.08.31-14.40.37.339.jpk-force-map,2026-08-31T14:40:37.339000,1,far_constant_referenced,225.0,0.5116418286088282,-8.486111591368328,9.698001457161453,64
31-08-26/map-data-2026.08.31-14.40.37.339.jpk-force-map,2026-08-31T14:40:37.339000,1,far_constant_referenced,230.0,-1.5632777632815924,-9.92292755400958,9.549277649301839,64
31-08-26/map-data-2026.08.31-14.40.37.339.jpk-force-map,2026-08-31T14:40:37.339000,1,far_constant_referenced,235.0,0.20706918800268329,-9.899867307487344,10.125709901313233,64
31-08-26/map-data-2026.08.31-14.40.37.339.jpk-force-map,2026-08-31T14:40:37.339000,1,far_constant_referenced,240.0,1.0941200042272743,-9.108871287353962,11.44784548413396,64
31-08-26/map-data-2026.08.31-14.40.37.339.jpk-force-map,2026-08-31T14:40:37.339000,1,far_constant_referenced,245.0,1.4773931271950338,-9.593831228159845,12.875540823631635,64
31-08-26/map-data-2026.08.31-14.40.37.339.jpk-force-map,2026-08-31T14:40:37.339000,1,far_constant_referenced,250.0,0.2676762461704369,-9.394581828881414,8.793699802673338,64
31-08-26/map-data-2026.08.31-14.40.37.339.jpk-force-map,2026-08-31T14:40:37.339000,1,far_constant_referenced,255.0,-1.743147686155346,-8.989918849043214,9.189330852623746,64
31-08-26/map-data-2026.08.31-14.40.37.339.jpk-force-map,2026-08-31T14:40:37.339000,1,far_constant_referenced,260.0,2.397733478783871,-10.309837100467373,9.469660669962835,64
31-08-26/map-data-2026.08.31-14.40.37.339.jpk-force-map,2026-08-31T14:40:37.339000,1,far_constant_referenced,265.0,0.32095132852054087,-11.908917374696006,8.419458609593224,64
31-08-26/map-data-2026.08.31-14.40.37.339.jpk-force-map,2026-08-31T14:40:37.339000,1,far_constant_referenced,270.0,0.5261579581503885,-12.309707415695238,8.042290539069844,64
31-08-26/map-data-2026.08.31-14.40.37.339.jpk-force-map,2026-08-31T14:40:37.339000,1,far_constant_referenced,275.0,0.9614940223055966,-11.512842858466298,9.040991382206217,64
31-08-26/map-data-2026.08.31-14.40.37.339.jpk-force-map,2026-08-31T14:40:37.339000,1,far_constant_referenced,280.0,-0.48858158208666747,-13.172559755280664,12.911520721090174,64
31-08-26/map-data-2026.08.31-14.40.37.339.jpk-force-map,2026-08-31T14:40:37.339000,1,far_constant_referenced,285.0,0.05203337676806598,-12.66427348818504,14.793029886379443,64
31-08-26/map-data-2026.08.31-14.40.37.339.jpk-force-map,2026-08-31T14:40:37.339000,1,far_constant_referenced,290.0,-0.4231850881027768,-9.202117463676373,10.037637498248895,64
31-08-26/map-data-2026.08.31-14.40.37.339.jpk-force-map,2026-08-31T14:40:37.339000,1,far_constant_referenced,295.0,1.658977786348991,-11.88556148398762,13.223100128908804,64
31-08-26/map-data-2026.08.31-14.40.37.339.jpk-force-map,2026-08-31T14:40:37.339000,1,far_constant_referenced,300.0,4.764542575692845,-8.74553936474424,13.569417728603494,64
31-08-26/map-data-2026.08.31-14.40.37.339.jpk-force-map,2026-08-31T14:40:37.339000,1,far_constant_referenced,305.0,1.54817034536751,-12.535594356148868,15.72732464355574,64
31-08-26/map-data-2026.08.31-14.40.37.339.jpk-force-map,2026-08-31T14:40:37.339000,1,far_constant_referenced,310.0,1.1449412398319465,-11.604921240253208,10.416328136331028,64
31-08-26/map-data-2026.08.31-14.40.37.339.jpk-force-map,2026-08-31T14:40:37.339000,1,far_constant_referenced,315.0,3.4936569125466916,-14.869025224437738,12.351792365598268,64
31-08-26/map-data-2026.08.31-14.40.37.339.jpk-force-map,2026-08-31T14:40:37.339000,1,far_constant_referenced,320.0,3.8956443125000693,-11.845900816411007,14.821515203717935,64
31-08-26/map-data-2026.08.31-14.40.37.339.jpk-force-map,2026-08-31T14:40:37.339000,1,far_constant_referenced,325.0,0.3499835876038089,-12.68570769168367,15.792455057771903,64
31-08-26/map-data-2026.08.31-14.40.37.339.jpk-force-map,2026-08-31T14:40:37.339000,1,far_constant_referenced,330.0,1.351448703880974,-12.288775807313492,16.282854851603517,64
31-08-26/map-data-2026.08.31-14.40.37.339.jpk-force-map,2026-08-31T14:40:37.339000,1,far_constant_referenced,335.0,3.63766519563678,-10.766592585911887,15.759387255546976,64
31-08-26/map-data-2026.08.31-14.40.37.339.jpk-force-map,2026-08-31T14:40:37.339000,1,far_constant_referenced,340.0,3.4475659839208666,-10.13691481596926,14.391633774797999,64
31-08-26/map-data-2026.08.31-14.40.37.339.jpk-force-map,2026-08-31T14:40:37.339000,1,far_constant_referenced,345.0,1.2303528452204873,-11.557677299300764,15.336778673607622,64
31-08-26/map-data-2026.08.31-14.40.37.339.jpk-force-map,2026-08-31T14:40:37.339000,1,far_constant_referenced,350.0,2.708278131950828,-12.063317550930208,17.869473723384317,64
31-08-26/map-data-2026.08.31-14.40.37.339.jpk-force-map,2026-08-31T14:40:37.339000,1,far_constant_referenced,355.0,1.7837691973370942,-9.07643912012967,20.760977339721737,64
31-08-26/map-data-2026.08.31-14.40.37.339.jpk-force-map,2026-08-31T14:40:37.339000,1,far_constant_referenced,360.0,3.3731523422583582,-10.556773906977401,18.23824549901969,64
31-08-26/map-data-2026.08.31-14.40.37.339.jpk-force-map,2026-08-31T14:40:37.339000,1,far_constant_referenced,365.0,5.022462563718994,-11.231020037987246,17.389997982232202,64
31-08-26/map-data-2026.08.31-14.40.37.339.jpk-force-map,2026-08-31T14:40:37.339000,1,far_constant_referenced,370.0,4.229840500562004,-9.11945534921956,18.90031108955857,64
31-08-26/map-data-2026.08.31-14.40.37.339.jpk-force-map,2026-08-31T14:40:37.339000,1,far_constant_referenced,375.0,4.7766048584893435,-10.191697683668684,20.030484902291292,64
31-08-26/map-data-2026.08.31-14.40.37.339.jpk-force-map,2026-08-31T14:40:37.339000,1,far_constant_referenced,380.0,5.119345163531289,-8.77250211452394,18.14224983176607,64
31-08-26/map-data-2026.08.31-14.40.37.339.jpk-force-map,2026-08-31T14:40:37.339000,1,far_constant_referenced,385.0,4.249885176384856,-3.852362003643263,18.806754486841132,64
31-08-26/map-data-2026.08.31-14.40.37.339.jpk-force-map,2026-08-31T14:40:37.339000,1,far_constant_referenced,390.0,6.998134402307695,-6.764383326501551,17.4886544471614,64
31-08-26/map-data-2026.08.31-14.40.37.339.jpk-force-map,2026-08-31T14:40:37.339000,1,far_constant_referenced,395.0,8.355614247586992,-6.694833031702233,18.081731466854176,64
31-08-26/map-data-2026.08.31-14.40.37.339.jpk-force-map,2026-08-31T14:40:37.339000,1,far_constant_referenced,400.0,8.247201524513358,-7.043560131514829,19.018465288566876,64
31-08-26/map-data-2026.08.31-14.40.37.339.jpk-force-map,2026-08-31T14:40:37.339000,1,far_constant_referenced,405.0,7.326329013389804,-7.2629724642907645,16.73121404215984,64
31-08-26/map-data-2026.08.31-14.40.37.339.jpk-force-map,2026-08-31T14:40:37.339000,1,far_constant_referenced,410.0,5.3560378989899835,-7.886072151090515,18.655384663514894,64
31-08-26/map-data-2026.08.31-14.40.37.339.jpk-force-map,2026-08-31T14:40:37.339000,1,far_constant_referenced,415.0,5.893134692029115,-4.631295740979854,20.467387880632742,64
31-08-26/map-data-2026.08.31-14.40.37.339.jpk-force-map,2026-08-31T14:40:37.339000,1,far_constant_referenced,420.0,8.414920471335417,-4.686684679261383,16.4133817598032,64
31-08-26/map-data-2026.08.31-14.40.37.339.jpk-force-map,2026-08-31T14:40:37.339000,1,far_constant_referenced,425.0,6.104431591894574,-6.62303584108711,16.70886334168419,64
31-08-26/map-data-2026.08.31-14.40.37.339.jpk-force-map,2026-08-31T14:40:37.339000,1,far_constant_referenced,430.0,5.630307010511957,-4.3521189359670185,18.351521568955853,64
31-08-26/map-data-2026.08.31-14.40.37.339.jpk-force-map,2026-08-31T14:40:37.339000,1,far_constant_referenced,435.0,7.654464495634771,-4.233181279865223,14.74343557414697,64
31-08-26/map-data-2026.08.31-14.40.37.339.jpk-force-map,2026-08-31T14:40:37.339000,1,far_constant_referenced,440.0,9.750700033348654,-5.181977384374424,15.73583919611777,64
31-08-26/map-data-2026.08.31-14.40.37.339.jpk-force-map,2026-08-31T14:40:37.339000,1,far_constant_referenced,445.0,8.560909570472624,-1.7840796237324192,17.32878485348253,64
31-08-26/map-data-2026.08.31-14.40.37.339.jpk-force-map,2026-08-31T14:40:37.339000,1,far_constant_referenced,450.0,7.117367702595345,-8.105558394913063,15.521452814507054,64
31-08-26/map-data-2026.08.31-14.40.37.339.jpk-force-map,2026-08-31T14:40:37.339000,1,far_constant_referenced,455.0,5.563757504202256,-2.8233871958413275,16.925230539342763,64
31-08-26/map-data-2026.08.31-14.40.37.339.jpk-force-map,2026-08-31T14:40:37.339000,1,far_constant_referenced,460.0,5.339688775493716,-5.2513355104530675,18.983594056806623,64
31-08-26/map-data-2026.08.31-14.40.37.339.jpk-force-map,2026-08-31T14:40:37.339000,1,far_constant_referenced,465.0,7.338361731767362,-6.356305656313004,15.09278352675088,64
31-08-26/map-data-2026.08.31-14.40.37.339.jpk-force-map,2026-08-31T14:40:37.339000,1,far_constant_referenced,470.0,6.4398990499567486,-4.135500440750779,16.894956574677604,64
31-08-26/map-data-2026.08.31-14.40.37.339.jpk-force-map,2026-08-31T14:40:37.339000,1,far_constant_referenced,475.0,2.3583241087656637,-5.631578280512344,15.848716146402598,64
31-08-26/map-data-2026.08.31-14.40.37.339.jpk-force-map,2026-08-31T14:40:37.339000,1,far_constant_referenced,480.0,5.575849351417103,-5.465071474854415,15.481171294139646,64
31-08-26/map-data-2026.08.31-14.40.37.339.jpk-force-map,2026-08-31T14:40:37.339000,1,far_constant_referenced,485.0,4.177156706583759,-4.650143057849446,15.478200070068375,64
31-08-26/map-data-2026.08.31-14.40.37.339.jpk-force-map,2026-08-31T14:40:37.339000,1,far_constant_referenced,490.0,3.2544512015058666,-6.459810685895479,15.4149174320158,64
31-08-26/map-data-2026.08.31-14.40.37.339.jpk-force-map,2026-08-31T14:40:37.339000,1,far_constant_referenced,495.0,1.915094344839297,-4.956785207758497,13.76228121346031,64
31-08-26/map-data-2026.08.31-14.40.37.339.jpk-force-map,2026-08-31T14:40:37.339000,1,far_constant_referenced,500.0,4.168730847277589,-4.950990581709403,14.37652635688443,64
31-08-26/map-data-2026.08.31-15.01.59.514.jpk-force-map,2026-08-31T15:01:59.514000,2,linear_drift_corrected,5.0,905.6146674842198,647.0950814392093,1240.2829034321135,64
31-08-26/map-data-2026.08.31-15.01.59.514.jpk-force-map,2026-08-31T15:01:59.514000,2,linear_drift_corrected,10.0,580.6663336035622,415.90345098627586,943.6978365561077,64
31-08-26/map-data-2026.08.31-15.01.59.514.jpk-force-map,2026-08-31T15:01:59.514000,2,linear_drift_corrected,15.0,470.82255366908714,334.3144821880659,734.7096866457289,64
31-08-26/map-data-2026.08.31-15.01.59.514.jpk-force-map,2026-08-31T15:01:59.514000,2,linear_drift_corrected,20.0,392.35065384843665,265.86970189983174,573.3379618288125,64
31-08-26/map-data-2026.08.31-15.01.59.514.jpk-force-map,2026-08-31T15:01:59.514000,2,linear_drift_corrected,25.0,322.4460183444975,213.5826313106476,458.49649639355437,64
31-08-26/map-data-2026.08.31-15.01.59.514.jpk-force-map,2026-08-31T15:01:59.514000,2,linear_drift_corrected,30.0,240.75742433280445,167.2424861286036,371.54235821441864,64
31-08-26/map-data-2026.08.31-15.01.59.514.jpk-force-map,2026-08-31T15:01:59.514000,2,linear_drift_corrected,35.0,203.06422750031098,127.29916670082885,301.8640446831609,64
31-08-26/map-data-2026.08.31-15.01.59.514.jpk-force-map,2026-08-31T15:01:59.514000,2,linear_drift_corrected,40.0,178.08600755000168,96.1485726373038,250.79998173773598,64
31-08-26/map-data-2026.08.31-15.01.59.514.jpk-force-map,2026-08-31T15:01:59.514000,2,linear_drift_corrected,45.0,153.22330621419786,65.91754509329627,200.5464601261864,64
31-08-26/map-data-2026.08.31-15.01.59.514.jpk-force-map,2026-08-31T15:01:59.514000,2,linear_drift_corrected,50.0,135.67832693433365,35.59738282061477,174.09877619519582,64
31-08-26/map-data-2026.08.31-15.01.59.514.jpk-force-map,2026-08-31T15:01:59.514000,2,linear_drift_corrected,55.0,107.06045300531329,8.240624686526768,158.06682509397558,64
31-08-26/map-data-2026.08.31-15.01.59.514.jpk-force-map,2026-08-31T15:01:59.514000,2,linear_drift_corrected,60.0,89.9191284091144,3.0635462092037695,146.60968507563518,64
31-08-26/map-data-2026.08.31-15.01.59.514.jpk-force-map,2026-08-31T15:01:59.514000,2,linear_drift_corrected,65.0,68.90987416119023,-13.854952923851389,132.28247420742974,64
31-08-26/map-data-2026.08.31-15.01.59.514.jpk-force-map,2026-08-31T15:01:59.514000,2,linear_drift_corrected,70.0,52.28192170340039,-17.448875046898575,123.4716863470732,64
31-08-26/map-data-2026.08.31-15.01.59.514.jpk-force-map,2026-08-31T15:01:59.514000,2,linear_drift_corrected,75.0,37.73397925153012,-28.09484222691616,114.46474178423132,64
31-08-26/map-data-2026.08.31-15.01.59.514.jpk-force-map,2026-08-31T15:01:59.514000,2,linear_drift_corrected,80.0,31.34040006705205,-29.85720497258651,103.80055933612296,64
31-08-26/map-data-2026.08.31-15.01.59.514.jpk-force-map,2026-08-31T15:01:59.514000,2,linear_drift_corrected,85.0,18.991648938822504,-39.70328979925694,105.04017278923274,64
31-08-26/map-data-2026.08.31-15.01.59.514.jpk-force-map,2026-08-31T15:01:59.514000,2,linear_drift_corrected,90.0,6.939115462020134,-45.34575734750125,88.24143770414675,64
31-08-26/map-data-2026.08.31-15.01.59.514.jpk-force-map,2026-08-31T15:01:59.514000,2,linear_drift_corrected,95.0,2.5683981429066494,-56.28886265419423,85.42005205115296,64
31-08-26/map-data-2026.08.31-15.01.59.514.jpk-force-map,2026-08-31T15:01:59.514000,2,linear_drift_corrected,100.0,-8.659321240116961,-52.404450520194814,85.45385496421139,64
31-08-26/map-data-2026.08.31-15.01.59.514.jpk-force-map,2026-08-31T15:01:59.514000,2,linear_drift_corrected,105.0,-9.55403475764715,-53.951605480526936,81.2949980130581,64
31-08-26/map-data-2026.08.31-15.01.59.514.jpk-force-map,2026-08-31T15:01:59.514000,2,linear_drift_corrected,110.0,-15.31910290273869,-59.042448932743014,80.13432411613793,64
31-08-26/map-data-2026.08.31-15.01.59.514.jpk-force-map,2026-08-31T15:01:59.514000,2,linear_drift_corrected,115.0,-18.299733258789402,-67.64642751655268,77.34294110872861,64
31-08-26/map-data-2026.08.31-15.01.59.514.jpk-force-map,2026-08-31T15:01:59.514000,2,linear_drift_corrected,120.0,-24.711962835205888,-64.9368250030094,73.16894116523238,64
31-08-26/map-data-2026.08.31-15.01.59.514.jpk-force-map,2026-08-31T15:01:59.514000,2,linear_drift_corrected,125.0,-25.003209618312567,-72.61561309526597,69.79401959328685,64
31-08-26/map-data-2026.08.31-15.01.59.514.jpk-force-map,2026-08-31T15:01:59.514000,2,linear_drift_corrected,130.0,-27.21312210361649,-76.14174601738122,69.68631480993642,64
31-08-26/map-data-2026.08.31-15.01.59.514.jpk-force-map,2026-08-31T15:01:59.514000,2,linear_drift_corrected,135.0,-33.15460513896038,-79.52220569462928,67.85209693531594,64
31-08-26/map-data-2026.08.31-15.01.59.514.jpk-force-map,2026-08-31T15:01:59.514000,2,linear_drift_corrected,140.0,-29.06206983631568,-84.6712124639788,68.35044050148034,64
31-08-26/map-data-2026.08.31-15.01.59.514.jpk-force-map,2026-08-31T15:01:59.514000,2,linear_drift_corrected,145.0,-33.024767446309525,-81.76447085985623,62.305990496055486,64
31-08-26/map-data-2026.08.31-15.01.59.514.jpk-force-map,2026-08-31T15:01:59.514000,2,linear_drift_corrected,150.0,-35.78773080385753,-78.22004267500242,58.3297527093838,64
31-08-26/map-data-2026.08.31-15.01.59.514.jpk-force-map,2026-08-31T15:01:59.514000,2,linear_drift_corrected,155.0,-35.02987427825406,-82.0959492139346,58.762444306364735,64
31-08-26/map-data-2026.08.31-15.01.59.514.jpk-force-map,2026-08-31T15:01:59.514000,2,linear_drift_corrected,160.0,-32.07483940089148,-84.6057110288387,65.48939148620099,64
31-08-26/map-data-2026.08.31-15.01.59.514.jpk-force-map,2026-08-31T15:01:59.514000,2,linear_drift_corrected,165.0,-32.96686613764189,-86.53708169211598,56.6045611991709,64
31-08-26/map-data-2026.08.31-15.01.59.514.jpk-force-map,2026-08-31T15:01:59.514000,2,linear_drift_corrected,170.0,-36.89290448975365,-87.9768470314407,58.056424952241336,64
31-08-26/map-data-2026.08.31-15.01.59.514.jpk-force-map,2026-08-31T15:01:59.514000,2,linear_drift_corrected,175.0,-38.37781123055558,-89.47794593835678,57.86316855759674,64
31-08-26/map-data-2026.08.31-15.01.59.514.jpk-force-map,2026-08-31T15:01:59.514000,2,linear_drift_corrected,180.0,-35.518218071699934,-83.13915025250671,56.44296797854548,64
31-08-26/map-data-2026.08.31-15.01.59.514.jpk-force-map,2026-08-31T15:01:59.514000,2,linear_drift_corrected,185.0,-35.85821437031433,-83.68062422596267,49.16908513846298,64
31-08-26/map-data-2026.08.31-15.01.59.514.jpk-force-map,2026-08-31T15:01:59.514000,2,linear_drift_corrected,190.0,-37.176807632115185,-83.51363690655074,49.30610063809611,64
31-08-26/map-data-2026.08.31-15.01.59.514.jpk-force-map,2026-08-31T15:01:59.514000,2,linear_drift_corrected,195.0,-37.79953916590807,-80.8686576307802,47.69492309517639,64
31-08-26/map-data-2026.08.31-15.01.59.514.jpk-force-map,2026-08-31T15:01:59.514000,2,linear_drift_corrected,200.0,-38.50069759549231,-83.72270577281611,49.746936584189015,64
31-08-26/map-data-2026.08.31-15.01.59.514.jpk-force-map,2026-08-31T15:01:59.514000,2,linear_drift_corrected,205.0,-37.70399767831576,-80.53245190826027,40.08684501324763,64
31-08-26/map-data-2026.08.31-15.01.59.514.jpk-force-map,2026-08-31T15:01:59.514000,2,linear_drift_corrected,210.0,-37.14691682572085,-75.20542615396172,41.80087589155962,64
31-08-26/map-data-2026.08.31-15.01.59.514.jpk-force-map,2026-08-31T15:01:59.514000,2,linear_drift_corrected,215.0,-34.515646667382796,-79.40294056516973,36.03545729741309,64
31-08-26/map-data-2026.08.31-15.01.59.514.jpk-force-map,2026-08-31T15:01:59.514000,2,linear_drift_corrected,220.0,-33.28170193354218,-73.84498151072098,36.49372642268552,64
31-08-26/map-data-2026.08.31-15.01.59.514.jpk-force-map,2026-08-31T15:01:59.514000,2,linear_drift_corrected,225.0,-36.00780104702069,-71.1375780130146,33.26762995800862,64
31-08-26/map-data-2026.08.31-15.01.59.514.jpk-force-map,2026-08-31T15:01:59.514000,2,linear_drift_corrected,230.0,-30.875405432320683,-73.81280748635923,30.39877853409213,64
31-08-26/map-data-2026.08.31-15.01.59.514.jpk-force-map,2026-08-31T15:01:59.514000,2,linear_drift_corrected,235.0,-33.52827666565142,-72.77066146938715,32.76973637625122,64
31-08-26/map-data-2026.08.31-15.01.59.514.jpk-force-map,2026-08-31T15:01:59.514000,2,linear_drift_corrected,240.0,-31.35711895118473,-67.4921952110334,30.187037955148128,64
31-08-26/map-data-2026.08.31-15.01.59.514.jpk-force-map,2026-08-31T15:01:59.514000,2,linear_drift_corrected,245.0,-31.014205787945077,-60.95473390031712,32.81993054241745,64
31-08-26/map-data-2026.08.31-15.01.59.514.jpk-force-map,2026-08-31T15:01:59.514000,2,linear_drift_corrected,250.0,-29.660307805929442,-63.87317646845381,32.73688608985875,64
31-08-26/map-data-2026.08.31-15.01.59.514.jpk-force-map,2026-08-31T15:01:59.514000,2,linear_drift_corrected,255.0,-25.450980819510463,-56.86369140769837,36.21206037405652,64
31-08-26/map-data-2026.08.31-15.01.59.514.jpk-force-map,2026-08-31T15:01:59.514000,2,linear_drift_corrected,260.0,-25.33276170041257,-53.832173054793564,31.606971150104233,64
31-08-26/map-data-2026.08.31-15.01.59.514.jpk-force-map,2026-08-31T15:01:59.514000,2,linear_drift_corrected,265.0,-27.39839287189128,-58.66528528043266,34.923374977588466,64
31-08-26/map-data-2026.08.31-15.01.59.514.jpk-force-map,2026-08-31T15:01:59.514000,2,linear_drift_corrected,270.0,-25.701515076035903,-53.309518472594135,39.015691973132206,64
31-08-26/map-data-2026.08.31-15.01.59.514.jpk-force-map,2026-08-31T15:01:59.514000,2,linear_drift_corrected,275.0,-23.45985872430439,-54.11202740721425,34.95549088000499,64
31-08-26/map-data-2026.08.31-15.01.59.514.jpk-force-map,2026-08-31T15:01:59.514000,2,linear_drift_corrected,280.0,-21.93480338905706,-47.70093661363113,34.698276477949605,64
31-08-26/map-data-2026.08.31-15.01.59.514.jpk-force-map,2026-08-31T15:01:59.514000,2,linear_drift_corrected,285.0,-18.980118171448048,-52.25143091549428,34.5770968584112,64
31-08-26/map-data-2026.08.31-15.01.59.514.jpk-force-map,2026-08-31T15:01:59.514000,2,linear_drift_corrected,290.0,-18.23986620107935,-49.86704123179701,37.77646009900974,64
31-08-26/map-data-2026.08.31-15.01.59.514.jpk-force-map,2026-08-31T15:01:59.514000,2,linear_drift_corrected,295.0,-16.246600142547102,-46.92483396843567,34.628082173352304,64
31-08-26/map-data-2026.08.31-15.01.59.514.jpk-force-map,2026-08-31T15:01:59.514000,2,linear_drift_corrected,300.0,-8.553807068286162,-46.201189874747904,39.753592616660654,64
31-08-26/map-data-2026.08.31-15.01.59.514.jpk-force-map,2026-08-31T15:01:59.514000,2,linear_drift_corrected,305.0,-13.346148291615627,-46.198255539637195,36.46101330901499,64
31-08-26/map-data-2026.08.31-15.01.59.514.jpk-force-map,2026-08-31T15:01:59.514000,2,linear_drift_corrected,310.0,-14.571905906306402,-44.84982021828438,35.0472160932326,64
31-08-26/map-data-2026.08.31-15.01.59.514.jpk-force-map,2026-08-31T15:01:59.514000,2,linear_drift_corrected,315.0,-9.253395755885755,-42.897662403890884,38.87282731302799,64
31-08-26/map-data-2026.08.31-15.01.59.514.jpk-force-map,2026-08-31T15:01:59.514000,2,linear_drift_corrected,320.0,-7.830559831839041,-46.38565033039427,41.5303614866547,64
31-08-26/map-data-2026.08.31-15.01.59.514.jpk-force-map,2026-08-31T15:01:59.514000,2,linear_drift_corrected,325.0,-1.8547948811028137,-44.65646032058895,40.81145242146878,64
31-08-26/map-data-2026.08.31-15.01.59.514.jpk-force-map,2026-08-31T15:01:59.514000,2,linear_drift_corrected,330.0,-3.8049071429502086,-45.22826271561017,43.24361951606787,64
31-08-26/map-data-2026.08.31-15.01.59.514.jpk-force-map,2026-08-31T15:01:59.514000,2,linear_drift_corrected,335.0,-5.435143484709297,-41.48234977564874,42.863801496079844,64
31-08-26/map-data-2026.08.31-15.01.59.514.jpk-force-map,2026-08-31T15:01:59.514000,2,linear_drift_corrected,340.0,-6.620788405203269,-34.411933056702935,45.77030856064665,64
31-08-26/map-data-2026.08.31-15.01.59.514.jpk-force-map,2026-08-31T15:01:59.514000,2,linear_drift_corrected,345.0,-0.5833896009747667,-39.951171802995496,40.04396971212617,64
31-08-26/map-data-2026.08.31-15.01.59.514.jpk-force-map,2026-08-31T15:01:59.514000,2,linear_drift_corrected,350.0,-2.6987181748176834,-36.060616673044905,44.467628304906015,64
31-08-26/map-data-2026.08.31-15.01.59.514.jpk-force-map,2026-08-31T15:01:59.514000,2,linear_drift_corrected,355.0,-0.21531106679268028,-36.027990023523074,47.2450540639833,64
31-08-26/map-data-2026.08.31-15.01.59.514.jpk-force-map,2026-08-31T15:01:59.514000,2,linear_drift_corrected,360.0,1.5576839754117395,-41.303751483073015,48.26166706477804,64
31-08-26/map-data-2026.08.31-15.01.59.514.jpk-force-map,2026-08-31T15:01:59.514000,2,linear_drift_corrected,365.0,-1.069417590598624,-43.168964213303795,49.688453952182044,64
31-08-26/map-data-2026.08.31-15.01.59.514.jpk-force-map,2026-08-31T15:01:59.514000,2,linear_drift_corrected,370.0,-1.3739258393836258,-40.79097842429723,46.15516541365294,64
31-08-26/map-data-2026.08.31-15.01.59.514.jpk-force-map,2026-08-31T15:01:59.514000,2,linear_drift_corrected,375.0,-1.0938748612274551,-40.71080023529441,56.38975472710728,64
31-08-26/map-data-2026.08.31-15.01.59.514.jpk-force-map,2026-08-31T15:01:59.514000,2,linear_drift_corrected,380.0,-0.3060604271656773,-43.4015626569879,53.19551036106307,64
31-08-26/map-data-2026.08.31-15.01.59.514.jpk-force-map,2026-08-31T15:01:59.514000,2,linear_drift_corrected,385.0,1.244028634721421,-50.19993706105399,52.44105067080082,64
31-08-26/map-data-2026.08.31-15.01.59.514.jpk-force-map,2026-08-31T15:01:59.514000,2,linear_drift_corrected,390.0,1.821035529635607,-45.706236066945046,55.13014717022447,64
31-08-26/map-data-2026.08.31-15.01.59.514.jpk-force-map,2026-08-31T15:01:59.514000,2,linear_drift_corrected,395.0,-4.046656046726278,-46.053675093288476,53.36217148401245,64
31-08-26/map-data-2026.08.31-15.01.59.514.jpk-force-map,2026-08-31T15:01:59.514000,2,linear_drift_corrected,400.0,-2.393411257460097,-49.47632389327889,51.44388411786666,64
31-08-26/map-data-2026.08.31-15.01.59.514.jpk-force-map,2026-08-31T15:01:59.514000,2,linear_drift_corrected,405.0,-4.893121014476609,-46.8470828292105,57.22991155269245,64
31-08-26/map-data-2026.08.31-15.01.59.514.jpk-force-map,2026-08-31T15:01:59.514000,2,linear_drift_corrected,410.0,-6.981186829621019,-56.32816766348584,56.571972812949944,64
31-08-26/map-data-2026.08.31-15.01.59.514.jpk-force-map,2026-08-31T15:01:59.514000,2,linear_drift_corrected,415.0,-15.764669966186332,-51.939943314937516,58.749634301151744,64
31-08-26/map-data-2026.08.31-15.01.59.514.jpk-force-map,2026-08-31T15:01:59.514000,2,linear_drift_corrected,420.0,-13.634570674354645,-57.16454110458045,54.06704749296264,64
31-08-26/map-data-2026.08.31-15.01.59.514.jpk-force-map,2026-08-31T15:01:59.514000,2,linear_drift_corrected,425.0,-15.08114116914498,-58.46902253767868,59.76288848480825,64
31-08-26/map-data-2026.08.31-15.01.59.514.jpk-force-map,2026-08-31T15:01:59.514000,2,linear_drift_corrected,430.0,-20.71874855885862,-60.684515701146665,56.29491811070211,64
31-08-26/map-data-2026.08.31-15.01.59.514.jpk-force-map,2026-08-31T15:01:59.514000,2,linear_drift_corrected,435.0,-21.664245362039456,-59.53150451594284,57.53830391518024,64
31-08-26/map-data-2026.08.31-15.01.59.514.jpk-force-map,2026-08-31T15:01:59.514000,2,linear_drift_corrected,440.0,-17.963734009823664,-62.03096269435925,56.63783250709509,64
31-08-26/map-data-2026.08.31-15.01.59.514.jpk-force-map,2026-08-31T15:01:59.514000,2,linear_drift_corrected,445.0,-24.456774291121995,-59.67468466396674,56.018004139810365,64
31-08-26/map-data-2026.08.31-15.01.59.514.jpk-force-map,2026-08-31T15:01:59.514000,2,linear_drift_corrected,450.0,-28.065827720425894,-62.789810359203706,52.220240866432626,64
31-08-26/map-data-2026.08.31-15.01.59.514.jpk-force-map,2026-08-31T15:01:59.514000,2,linear_drift_corrected,455.0,-24.710450534487194,-65.90781746910596,55.1888760466755,64
31-08-26/map-data-2026.08.31-15.01.59.514.jpk-force-map,2026-08-31T15:01:59.514000,2,linear_drift_corrected,460.0,-21.820452427429714,-66.99277414166272,47.84658659584646,64
31-08-26/map-data-2026.08.31-15.01.59.514.jpk-force-map,2026-08-31T15:01:59.514000,2,linear_drift_corrected,465.0,-30.05643143856838,-65.88689737125372,54.83151941707287,64
31-08-26/map-data-2026.08.31-15.01.59.514.jpk-force-map,2026-08-31T15:01:59.514000,2,linear_drift_corrected,470.0,-35.33486490961785,-68.25330245807294,53.946740976615914,64
31-08-26/map-data-2026.08.31-15.01.59.514.jpk-force-map,2026-08-31T15:01:59.514000,2,linear_drift_corrected,475.0,-33.790644377158515,-65.90798629773465,51.48432936066776,64
31-08-26/map-data-2026.08.31-15.01.59.514.jpk-force-map,2026-08-31T15:01:59.514000,2,linear_drift_corrected,480.0,-35.1032126422954,-72.6012536959277,48.1848560779474,64
31-08-26/map-data-2026.08.31-15.01.59.514.jpk-force-map,2026-08-31T15:01:59.514000,2,linear_drift_corrected,485.0,-26.03767547709066,-70.81241056420632,51.2246546297319,64
31-08-26/map-data-2026.08.31-15.01.59.514.jpk-force-map,2026-08-31T15:01:59.514000,2,linear_drift_corrected,490.0,-23.390452338988453,-77.86523109788436,38.69583900627572,64
31-08-26/map-data-2026.08.31-15.01.59.514.jpk-force-map,2026-08-31T15:01:59.514000,2,linear_drift_corrected,495.0,-37.12940891972982,-72.40556917361731,43.38119725615648,64
31-08-26/map-data-2026.08.31-15.01.59.514.jpk-force-map,2026-08-31T15:01:59.514000,2,linear_drift_corrected,500.0,-28.548369071118195,-72.78078808937619,43.132534706339435,64
31-08-26/map-data-2026.08.31-15.01.59.514.jpk-force-map,2026-08-31T15:01:59.514000,2,far_constant_referenced,5.0,949.0766708414455,667.630501055411,1314.1727910036234,64
31-08-26/map-data-2026.08.31-15.01.59.514.jpk-force-map,2026-08-31T15:01:59.514000,2,far_constant_referenced,10.0,600.7201905807333,429.2406349284858,1045.5240971938586,64
31-08-26/map-data-2026.08.31-15.01.59.514.jpk-force-map,2026-08-31T15:01:59.514000,2,far_constant_referenced,15.0,489.95263199994747,344.162309231215,802.8359341550599,64
31-08-26/map-data-2026.08.31-15.01.59.514.jpk-force-map,2026-08-31T15:01:59.514000,2,far_constant_referenced,20.0,402.70058242376444,278.7735611251448,643.0099332116937,64
31-08-26/map-data-2026.08.31-15.01.59.514.jpk-force-map,2026-08-31T15:01:59.514000,2,far_constant_referenced,25.0,320.39421661614836,223.80457062796808,504.8558336923073,64
31-08-26/map-data-2026.08.31-15.01.59.514.jpk-force-map,2026-08-31T15:01:59.514000,2,far_constant_referenced,30.0,264.01436771587595,189.76687808617453,410.35030183020973,64
31-08-26/map-data-2026.08.31-15.01.59.514.jpk-force-map,2026-08-31T15:01:59.514000,2,far_constant_referenced,35.0,222.24844745399417,164.33979290254882,340.5391010362812,64
31-08-26/map-data-2026.08.31-15.01.59.514.jpk-force-map,2026-08-31T15:01:59.514000,2,far_constant_referenced,40.0,197.89481674598204,138.38171597832962,286.4898004734826,64
31-08-26/map-data-2026.08.31-15.01.59.514.jpk-force-map,2026-08-31T15:01:59.514000,2,far_constant_referenced,45.0,170.81295192345146,111.77455224334315,233.98201826186232,64
31-08-26/map-data-2026.08.31-15.01.59.514.jpk-force-map,2026-08-31T15:01:59.514000,2,far_constant_referenced,50.0,150.59357995060765,101.40746364622211,202.7059824098344,64
31-08-26/map-data-2026.08.31-15.01.59.514.jpk-force-map,2026-08-31T15:01:59.514000,2,far_constant_referenced,55.0,131.6264089283436,86.09794336657967,169.1272774670896,64
31-08-26/map-data-2026.08.31-15.01.59.514.jpk-force-map,2026-08-31T15:01:59.514000,2,far_constant_referenced,60.0,115.2662874686812,77.10840885497797,144.30933756467633,64
31-08-26/map-data-2026.08.31-15.01.59.514.jpk-force-map,2026-08-31T15:01:59.514000,2,far_constant_referenced,65.0,97.7292065038212,64.98733721227691,127.1979250990845,64
31-08-26/map-data-2026.08.31-15.01.59.514.jpk-force-map,2026-08-31T15:01:59.514000,2,far_constant_referenced,70.0,86.13309546031647,59.28916507882823,110.19417146389222,64
31-08-26/map-data-2026.08.31-15.01.59.514.jpk-force-map,2026-08-31T15:01:59.514000,2,far_constant_referenced,75.0,73.33081526602169,54.34116050339809,102.99680244451645,64
31-08-26/map-data-2026.08.31-15.01.59.514.jpk-force-map,2026-08-31T15:01:59.514000,2,far_constant_referenced,80.0,63.73278589041742,47.15773110740039,89.14596101508285,64
31-08-26/map-data-2026.08.31-15.01.59.514.jpk-force-map,2026-08-31T15:01:59.514000,2,far_constant_referenced,85.0,62.06283970476029,39.83565937029289,82.31433341843382,64
31-08-26/map-data-2026.08.31-15.01.59.514.jpk-force-map,2026-08-31T15:01:59.514000,2,far_constant_referenced,90.0,49.85997809795275,36.58672193285818,73.92597657722942,64
31-08-26/map-data-2026.08.31-15.01.59.514.jpk-force-map,2026-08-31T15:01:59.514000,2,far_constant_referenced,95.0,46.883461995877234,33.01924266702128,70.23317374086778,64
31-08-26/map-data-2026.08.31-15.01.59.514.jpk-force-map,2026-08-31T15:01:59.514000,2,far_constant_referenced,100.0,41.198046909061134,27.55051998646722,61.272671488348735,64
31-08-26/map-data-2026.08.31-15.01.59.514.jpk-force-map,2026-08-31T15:01:59.514000,2,far_constant_referenced,105.0,36.28036064492544,26.37886729441501,53.72780229253427,64
31-08-26/map-data-2026.08.31-15.01.59.514.jpk-force-map,2026-08-31T15:01:59.514000,2,far_constant_referenced,110.0,37.19818802093112,22.170845334793203,48.39294729948436,64
31-08-26/map-data-2026.08.31-15.01.59.514.jpk-force-map,2026-08-31T15:01:59.514000,2,far_constant_referenced,115.0,31.624230792306967,16.28251486078866,52.286137765239005,64
31-08-26/map-data-2026.08.31-15.01.59.514.jpk-force-map,2026-08-31T15:01:59.514000,2,far_constant_referenced,120.0,28.685172808621928,13.797063751966402,43.42927358218648,64
31-08-26/map-data-2026.08.31-15.01.59.514.jpk-force-map,2026-08-31T15:01:59.514000,2,far_constant_referenced,125.0,25.27876049541826,13.818231875695236,42.443448043359155,64
31-08-26/map-data-2026.08.31-15.01.59.514.jpk-force-map,2026-08-31T15:01:59.514000,2,far_constant_referenced,130.0,25.35264197754458,9.691290334134823,37.06807501459363,64
31-08-26/map-data-2026.08.31-15.01.59.514.jpk-force-map,2026-08-31T15:01:59.514000,2,far_constant_referenced,135.0,20.86473366686188,7.109533131662509,36.19855589861006,64
31-08-26/map-data-2026.08.31-15.01.59.514.jpk-force-map,2026-08-31T15:01:59.514000,2,far_constant_referenced,140.0,19.75793052704908,4.142684594473436,34.84953147705587,64
31-08-26/map-data-2026.08.31-15.01.59.514.jpk-force-map,2026-08-31T15:01:59.514000,2,far_constant_referenced,145.0,17.807151928936804,4.323116241302911,35.458735887104126,64
31-08-26/map-data-2026.08.31-15.01.59.514.jpk-force-map,2026-08-31T15:01:59.514000,2,far_constant_referenced,150.0,17.02848427136794,5.344626033403518,35.899497022073966,64
31-08-26/map-data-2026.08.31-15.01.59.514.jpk-force-map,2026-08-31T15:01:59.514000,2,far_constant_referenced,155.0,14.59450481535773,0.45048782869592935,32.16546660395368,64
31-08-26/map-data-2026.08.31-15.01.59.514.jpk-force-map,2026-08-31T15:01:59.514000,2,far_constant_referenced,160.0,15.733976637745304,-0.5061280645365638,28.53137870296935,64
31-08-26/map-data-2026.08.31-15.01.59.514.jpk-force-map,2026-08-31T15:01:59.514000,2,far_constant_referenced,165.0,9.881404328059912,-2.5593621553701715,31.01446465830299,64
31-08-26/map-data-2026.08.31-15.01.59.514.jpk-force-map,2026-08-31T15:01:59.514000,2,far_constant_referenced,170.0,11.52834939603164,-5.827723415836934,31.793708822036464,64
31-08-26/map-data-2026.08.31-15.01.59.514.jpk-force-map,2026-08-31T15:01:59.514000,2,far_constant_referenced,175.0,10.876838302939344,-8.417403882499494,27.120623775340537,64
31-08-26/map-data-2026.08.31-15.01.59.514.jpk-force-map,2026-08-31T15:01:59.514000,2,far_constant_referenced,180.0,12.901557512014634,-4.799029470011606,23.001502022503786,64
31-08-26/map-data-2026.08.31-15.01.59.514.jpk-force-map,2026-08-31T15:01:59.514000,2,far_constant_referenced,185.0,12.60003000652718,-6.5809508911844485,23.218874410394353,64
31-08-26/map-data-2026.08.31-15.01.59.514.jpk-force-map,2026-08-31T15:01:59.514000,2,far_constant_referenced,190.0,7.937809883672062,-10.234477397407943,26.469157028873994,64
31-08-26/map-data-2026.08.31-15.01.59.514.jpk-force-map,2026-08-31T15:01:59.514000,2,far_constant_referenced,195.0,4.808682252689163,-12.587967723730241,25.17278683688,64
31-08-26/map-data-2026.08.31-15.01.59.514.jpk-force-map,2026-08-31T15:01:59.514000,2,far_constant_referenced,200.0,6.953344308100017,-3.341074948057063,23.907355808969335,64
31-08-26/map-data-2026.08.31-15.01.59.514.jpk-force-map,2026-08-31T15:01:59.514000,2,far_constant_referenced,205.0,5.121119028647896,-8.917515587845582,22.834492621726834,64
31-08-26/map-data-2026.08.31-15.01.59.514.jpk-force-map,2026-08-31T15:01:59.514000,2,far_constant_referenced,210.0,7.92332331854981,-6.2896970211669725,22.074554023353798,64
31-08-26/map-data-2026.08.31-15.01.59.514.jpk-force-map,2026-08-31T15:01:59.514000,2,far_constant_referenced,215.0,7.8470175540946405,-6.8146428381532305,20.988253807851954,64
31-08-26/map-data-2026.08.31-15.01.59.514.jpk-force-map,2026-08-31T15:01:59.514000,2,far_constant_referenced,220.0,9.089462246531156,-7.672661395294405,21.868711758722796,64
31-08-26/map-data-2026.08.31-15.01.59.514.jpk-force-map,2026-08-31T15:01:59.514000,2,far_constant_referenced,225.0,5.695082651704903,-7.5581140553568975,19.520010868217078,64
31-08-26/map-data-2026.08.31-15.01.59.514.jpk-force-map,2026-08-31T15:01:59.514000,2,far_constant_referenced,230.0,6.912190637383405,-9.522403592777632,26.985041351554997,64
31-08-26/map-data-2026.08.31-15.01.59.514.jpk-force-map,2026-08-31T15:01:59.514000,2,far_constant_referenced,235.0,7.970537695084127,-5.810768221757126,23.987297996912773,64
31-08-26/map-data-2026.08.31-15.01.59.514.jpk-force-map,2026-08-31T15:01:59.514000,2,far_constant_referenced,240.0,9.31225970523931,-6.358109085849065,23.498036433195363,64
31-08-26/map-data-2026.08.31-15.01.59.514.jpk-force-map,2026-08-31T15:01:59.514000,2,far_constant_referenced,245.0,12.917315347139489,-8.580274264667391,27.856260421610482,64
31-08-26/map-data-2026.08.31-15.01.59.514.jpk-force-map,2026-08-31T15:01:59.514000,2,far_constant_referenced,250.0,10.235053903572545,-1.0529072046713073,28.057298468214256,64
31-08-26/map-data-2026.08.31-15.01.59.514.jpk-force-map,2026-08-31T15:01:59.514000,2,far_constant_referenced,255.0,14.721690944253828,-1.8926697333173301,34.02678327132489,64
31-08-26/map-data-2026.08.31-15.01.59.514.jpk-force-map,2026-08-31T15:01:59.514000,2,far_constant_referenced,260.0,16.96187563621933,0.9596905927685747,30.163172006396813,64
31-08-26/map-data-2026.08.31-15.01.59.514.jpk-force-map,2026-08-31T15:01:59.514000,2,far_constant_referenced,265.0,17.073274365572814,-0.7084078167231099,34.228309130836735,64
31-08-26/map-data-2026.08.31-15.01.59.514.jpk-force-map,2026-08-31T15:01:59.514000,2,far_constant_referenced,270.0,16.960693059475904,0.39542409902048625,29.792005512854846,64
31-08-26/map-data-2026.08.31-15.01.59.514.jpk-force-map,2026-08-31T15:01:59.514000,2,far_constant_referenced,275.0,15.667397567016224,0.8058964871168804,36.39600186835132,64
31-08-26/map-data-2026.08.31-15.01.59.514.jpk-force-map,2026-08-31T15:01:59.514000,2,far_constant_referenced,280.0,16.90011556572606,3.1527348192494675,36.059957904125135,64
31-08-26/map-data-2026.08.31-15.01.59.514.jpk-force-map,2026-08-31T15:01:59.514000,2,far_constant_referenced,285.0,20.17212803189026,-0.02422804105780868,35.17354272290081,64
31-08-26/map-data-2026.08.31-15.01.59.514.jpk-force-map,2026-08-31T15:01:59.514000,2,far_constant_referenced,290.0,21.763314606347954,11.70813062565064,32.85941741997023,64
31-08-26/map-data-2026.08.31-15.01.59.514.jpk-force-map,2026-08-31T15:01:59.514000,2,far_constant_referenced,295.0,25.359885260105706,5.538997303609879,34.82590950658013,64
31-08-26/map-data-2026.08.31-15.01.59.514.jpk-force-map,2026-08-31T15:01:59.514000,2,far_constant_referenced,300.0,26.449747988051413,9.188118711459172,40.662812674396605,64
31-08-26/map-data-2026.08.31-15.01.59.514.jpk-force-map,2026-08-31T15:01:59.514000,2,far_constant_referenced,305.0,25.660259753267496,8.189683948091599,37.86179096123929,64
31-08-26/map-data-2026.08.31-15.01.59.514.jpk-force-map,2026-08-31T15:01:59.514000,2,far_constant_referenced,310.0,25.27024594285572,9.007805322308112,42.385945249145976,64
31-08-26/map-data-2026.08.31-15.01.59.514.jpk-force-map,2026-08-31T15:01:59.514000,2,far_constant_referenced,315.0,26.567236987640364,11.520440914050274,41.47895323256482,64
31-08-26/map-data-2026.08.31-15.01.59.514.jpk-force-map,2026-08-31T15:01:59.514000,2,far_constant_referenced,320.0,31.27421764028496,8.23274452380857,42.85220569517652,64
31-08-26/map-data-2026.08.31-15.01.59.514.jpk-force-map,2026-08-31T15:01:59.514000,2,far_constant_referenced,325.0,30.9981155348082,10.029167292314906,43.329345847257045,64
31-08-26/map-data-2026.08.31-15.01.59.514.jpk-force-map,2026-08-31T15:01:59.514000,2,far_constant_referenced,330.0,33.7276504837438,12.781052941726596,42.841932059706245,64
31-08-26/map-data-2026.08.31-15.01.59.514.jpk-force-map,2026-08-31T15:01:59.514000,2,far_constant_referenced,335.0,33.354606649619235,11.53259189010226,46.15937025507751,64
31-08-26/map-data-2026.08.31-15.01.59.514.jpk-force-map,2026-08-31T15:01:59.514000,2,far_constant_referenced,340.0,31.740418957476738,19.082900938946445,45.627062897854664,64
31-08-26/map-data-2026.08.31-15.01.59.514.jpk-force-map,2026-08-31T15:01:59.514000,2,far_constant_referenced,345.0,32.91261859127343,14.604157598034698,46.75328986070188,64
31-08-26/map-data-2026.08.31-15.01.59.514.jpk-force-map,2026-08-31T15:01:59.514000,2,far_constant_referenced,350.0,32.44153914501031,15.519102443227101,43.10289718284939,64
31-08-26/map-data-2026.08.31-15.01.59.514.jpk-force-map,2026-08-31T15:01:59.514000,2,far_constant_referenced,355.0,34.29916026005479,16.38363995467453,42.855812554245546,64
31-08-26/map-data-2026.08.31-15.01.59.514.jpk-force-map,2026-08-31T15:01:59.514000,2,far_constant_referenced,360.0,31.176093334889003,14.986824650421127,40.74752951594685,64
31-08-26/map-data-2026.08.31-15.01.59.514.jpk-force-map,2026-08-31T15:01:59.514000,2,far_constant_referenced,365.0,30.63358625324323,17.330676976274454,46.00068323814501,64
31-08-26/map-data-2026.08.31-15.01.59.514.jpk-force-map,2026-08-31T15:01:59.514000,2,far_constant_referenced,370.0,33.04586542598723,16.82330720615541,48.10354120562848,64
31-08-26/map-data-2026.08.31-15.01.59.514.jpk-force-map,2026-08-31T15:01:59.514000,2,far_constant_referenced,375.0,32.515450191556155,17.384587693625413,44.82478805201835,64
31-08-26/map-data-2026.08.31-15.01.59.514.jpk-force-map,2026-08-31T15:01:59.514000,2,far_constant_referenced,380.0,31.25000438143544,15.238713497052494,46.43668450171633,64
31-08-26/map-data-2026.08.31-15.01.59.514.jpk-force-map,2026-08-31T15:01:59.514000,2,far_constant_referenced,385.0,30.534338499939963,10.614114096888178,45.158481644963615,64
31-08-26/map-data-2026.08.31-15.01.59.514.jpk-force-map,2026-08-31T15:01:59.514000,2,far_constant_referenced,390.0,28.467135221310528,17.527457746597836,42.95327166022304,64
31-08-26/map-data-2026.08.31-15.01.59.514.jpk-force-map,2026-08-31T15:01:59.514000,2,far_constant_referenced,395.0,27.60985577463517,13.98719252809919,43.512793064782066,64
31-08-26/map-data-2026.08.31-15.01.59.514.jpk-force-map,2026-08-31T15:01:59.514000,2,far_constant_referenced,400.0,27.718830221661577,12.213682184022602,42.321820025163206,64
31-08-26/map-data-2026.08.31-15.01.59.514.jpk-force-map,2026-08-31T15:01:59.514000,2,far_constant_referenced,405.0,30.682012770939316,13.3840931704941,44.09528602261109,64
31-08-26/map-data-2026.08.31-15.01.59.514.jpk-force-map,2026-08-31T15:01:59.514000,2,far_constant_referenced,410.0,26.87364262220092,10.90529405585801,43.12826345402457,64
31-08-26/map-data-2026.08.31-15.01.59.514.jpk-force-map,2026-08-31T15:01:59.514000,2,far_constant_referenced,415.0,24.715676578411827,11.47198483193495,40.65552504520618,64
31-08-26/map-data-2026.08.31-15.01.59.514.jpk-force-map,2026-08-31T15:01:59.514000,2,far_constant_referenced,420.0,25.1225421074386,9.786946010574107,36.35780463949621,64
31-08-26/map-data-2026.08.31-15.01.59.514.jpk-force-map,2026-08-31T15:01:59.514000,2,far_constant_referenced,425.0,23.68999820328647,4.871107522602081,38.087042266690815,64
31-08-26/map-data-2026.08.31-15.01.59.514.jpk-force-map,2026-08-31T15:01:59.514000,2,far_constant_referenced,430.0,25.439797883631968,6.146826968191601,35.9576058868698,64
31-08-26/map-data-2026.08.31-15.01.59.514.jpk-force-map,2026-08-31T15:01:59.514000,2,far_constant_referenced,435.0,20.143095772808465,7.43284961367063,36.55638883935632,64
31-08-26/map-data-2026.08.31-15.01.59.514.jpk-force-map,2026-08-31T15:01:59.514000,2,far_constant_referenced,440.0,20.39253077269204,4.064604964903134,36.13137075729803,64
31-08-26/map-data-2026.08.31-15.01.59.514.jpk-force-map,2026-08-31T15:01:59.514000,2,far_constant_referenced,445.0,20.672239737239888,3.898142505873615,34.486303029911554,64
31-08-26/map-data-2026.08.31-15.01.59.514.jpk-force-map,2026-08-31T15:01:59.514000,2,far_constant_referenced,450.0,15.902316437357424,2.5073139963920457,31.369902881142593,64
31-08-26/map-data-2026.08.31-15.01.59.514.jpk-force-map,2026-08-31T15:01:59.514000,2,far_constant_referenced,455.0,16.793594965444495,1.4918944745271983,29.244635084344853,64
31-08-26/map-data-2026.08.31-15.01.59.514.jpk-force-map,2026-08-31T15:01:59.514000,2,far_constant_referenced,460.0,11.172245973774753,-1.517275527912439,31.84519525706093,64
31-08-26/map-data-2026.08.31-15.01.59.514.jpk-force-map,2026-08-31T15:01:59.514000,2,far_constant_referenced,465.0,18.068708340453426,-2.80822064909062,29.29727453169469,64
31-08-26/map-data-2026.08.31-15.01.59.514.jpk-force-map,2026-08-31T15:01:59.514000,2,far_constant_referenced,470.0,13.060200182321378,-1.5953995041087887,26.223905394226705,64
31-08-26/map-data-2026.08.31-15.01.59.514.jpk-force-map,2026-08-31T15:01:59.514000,2,far_constant_referenced,475.0,12.419568795281421,-0.012106629423579318,27.819970097754556,64
31-08-26/map-data-2026.08.31-15.01.59.514.jpk-force-map,2026-08-31T15:01:59.514000,2,far_constant_referenced,480.0,10.055775269070796,-5.331824640141939,24.289357661935234,64
31-08-26/map-data-2026.08.31-15.01.59.514.jpk-force-map,2026-08-31T15:01:59.514000,2,far_constant_referenced,485.0,8.718901823569189,-2.3111245144409636,26.638664623023608,64
31-08-26/map-data-2026.08.31-15.01.59.514.jpk-force-map,2026-08-31T15:01:59.514000,2,far_constant_referenced,490.0,7.3311775780432304,-6.249193767658181,22.674623028050622,64
31-08-26/map-data-2026.08.31-15.01.59.514.jpk-force-map,2026-08-31T15:01:59.514000,2,far_constant_referenced,495.0,9.087037964202896,-6.714197725897366,24.87557573651111,64
31-08-26/map-data-2026.08.31-15.01.59.514.jpk-force-map,2026-08-31T15:01:59.514000,2,far_constant_referenced,500.0,9.061553435356675,-10.996722020437911,25.269033801691585,64
31-08-26/map-data-2026.08.31-15.29.09.174.jpk-force-map,2026-08-31T15:29:09.174000,3,linear_drift_corrected,5.0,930.062951710162,724.402317392921,1490.9681714059338,64
31-08-26/map-data-2026.08.31-15.29.09.174.jpk-force-map,2026-08-31T15:29:09.174000,3,linear_drift_corrected,10.0,593.1606668028408,378.7356778632037,960.682422381569,64
31-08-26/map-data-2026.08.31-15.29.09.174.jpk-force-map,2026-08-31T15:29:09.174000,3,linear_drift_corrected,15.0,440.2057701279362,282.0912670008669,673.6899757545157,64
31-08-26/map-data-2026.08.31-15.29.09.174.jpk-force-map,2026-08-31T15:29:09.174000,3,linear_drift_corrected,20.0,343.32343321474156,195.6866003530296,514.0135023853762,64
31-08-26/map-data-2026.08.31-15.29.09.174.jpk-force-map,2026-08-31T15:29:09.174000,3,linear_drift_corrected,25.0,277.2385641211518,136.55431457690733,414.18870590787753,64
31-08-26/map-data-2026.08.31-15.29.09.174.jpk-force-map,2026-08-31T15:29:09.174000,3,linear_drift_corrected,30.0,215.51845820045676,99.75027800942134,336.9327270649702,64
31-08-26/map-data-2026.08.31-15.29.09.174.jpk-force-map,2026-08-31T15:29:09.174000,3,linear_drift_corrected,35.0,171.58894326566985,65.9771024407004,297.49231134984177,64
31-08-26/map-data-2026.08.31-15.29.09.174.jpk-force-map,2026-08-31T15:29:09.174000,3,linear_drift_corrected,40.0,130.88868890464215,40.06932383672862,277.4849578870994,64
31-08-26/map-data-2026.08.31-15.29.09.174.jpk-force-map,2026-08-31T15:29:09.174000,3,linear_drift_corrected,45.0,94.72570764560889,12.293700811268433,231.5202165253877,64
31-08-26/map-data-2026.08.31-15.29.09.174.jpk-force-map,2026-08-31T15:29:09.174000,3,linear_drift_corrected,50.0,62.33697884967705,-1.516387841010376,210.33744499011746,64
31-08-26/map-data-2026.08.31-15.29.09.174.jpk-force-map,2026-08-31T15:29:09.174000,3,linear_drift_corrected,55.0,51.29556102005289,-28.55348131059973,174.78456919206042,64
31-08-26/map-data-2026.08.31-15.29.09.174.jpk-force-map,2026-08-31T15:29:09.174000,3,linear_drift_corrected,60.0,41.27668660600358,-41.592801830081335,163.35774079858447,64
31-08-26/map-data-2026.08.31-15.29.09.174.jpk-force-map,2026-08-31T15:29:09.174000,3,linear_drift_corrected,65.0,20.242098263222346,-61.854025342410246,151.57056895647264,64
31-08-26/map-data-2026.08.31-15.29.09.174.jpk-force-map,2026-08-31T15:29:09.174000,3,linear_drift_corrected,70.0,9.654508948238423,-75.32697127193443,143.9056679877346,64
31-08-26/map-data-2026.08.31-15.29.09.174.jpk-force-map,2026-08-31T15:29:09.174000,3,linear_drift_corrected,75.0,3.7900434850326743,-78.10349137986938,142.7182900451062,64
31-08-26/map-data-2026.08.31-15.29.09.174.jpk-force-map,2026-08-31T15:29:09.174000,3,linear_drift_corrected,80.0,1.315272218858831,-86.26159278326556,133.1864437228054,64
31-08-26/map-data-2026.08.31-15.29.09.174.jpk-force-map,2026-08-31T15:29:09.174000,3,linear_drift_corrected,85.0,-3.7518263576635436,-85.91427699697746,126.00350647506704,64
31-08-26/map-data-2026.08.31-15.29.09.174.jpk-force-map,2026-08-31T15:29:09.174000,3,linear_drift_corrected,90.0,-9.341484475764396,-94.42336331726825,109.52152235047924,64
31-08-26/map-data-2026.08.31-15.29.09.174.jpk-force-map,2026-08-31T15:29:09.174000,3,linear_drift_corrected,95.0,-16.755208688063163,-88.61446938926495,108.61356267298382,64
31-08-26/map-data-2026.08.31-15.29.09.174.jpk-force-map,2026-08-31T15:29:09.174000,3,linear_drift_corrected,100.0,-15.2347341054585,-94.14811159665436,99.50906201651458,64
31-08-26/map-data-2026.08.31-15.29.09.174.jpk-force-map,2026-08-31T15:29:09.174000,3,linear_drift_corrected,105.0,-16.89648729313059,-96.56296058194397,105.72107228341524,64
31-08-26/map-data-2026.08.31-15.29.09.174.jpk-force-map,2026-08-31T15:29:09.174000,3,linear_drift_corrected,110.0,-23.29946434749773,-101.1741212470583,99.8155769632527,64
31-08-26/map-data-2026.08.31-15.29.09.174.jpk-force-map,2026-08-31T15:29:09.174000,3,linear_drift_corrected,115.0,-22.113496953201754,-99.50988589629162,96.03467531127625,64
31-08-26/map-data-2026.08.31-15.29.09.174.jpk-force-map,2026-08-31T15:29:09.174000,3,linear_drift_corrected,120.0,-28.3940766433178,-92.81692998483042,97.5983438467907,64
31-08-26/map-data-2026.08.31-15.29.09.174.jpk-force-map,2026-08-31T15:29:09.174000,3,linear_drift_corrected,125.0,-27.52929189409076,-97.94172166371976,105.57071823050137,64
31-08-26/map-data-2026.08.31-15.29.09.174.jpk-force-map,2026-08-31T15:29:09.174000,3,linear_drift_corrected,130.0,-21.08982086164383,-98.38636865757178,102.32121641024207,64
31-08-26/map-data-2026.08.31-15.29.09.174.jpk-force-map,2026-08-31T15:29:09.174000,3,linear_drift_corrected,135.0,-25.442658788610306,-91.61671516265864,103.9781161730676,64
31-08-26/map-data-2026.08.31-15.29.09.174.jpk-force-map,2026-08-31T15:29:09.174000,3,linear_drift_corrected,140.0,-26.296589602622248,-90.6401978634924,104.29572126540478,64
31-08-26/map-data-2026.08.31-15.29.09.174.jpk-force-map,2026-08-31T15:29:09.174000,3,linear_drift_corrected,145.0,-24.876390687762388,-89.33617700784583,100.21129309378381,64
31-08-26/map-data-2026.08.31-15.29.09.174.jpk-force-map,2026-08-31T15:29:09.174000,3,linear_drift_corrected,150.0,-26.40498343251187,-84.05166486014028,94.37447768351467,64
31-08-26/map-data-2026.08.31-15.29.09.174.jpk-force-map,2026-08-31T15:29:09.174000,3,linear_drift_corrected,155.0,-16.81814211653736,-82.51757129038721,96.49098768379898,64
31-08-26/map-data-2026.08.31-15.29.09.174.jpk-force-map,2026-08-31T15:29:09.174000,3,linear_drift_corrected,160.0,-18.2311028960995,-76.17047847944309,98.14481198852312,64
31-08-26/map-data-2026.08.31-15.29.09.174.jpk-force-map,2026-08-31T15:29:09.174000,3,linear_drift_corrected,165.0,-9.056608643853348,-79.27574630346948,88.91005726847064,64
31-08-26/map-data-2026.08.31-15.29.09.174.jpk-force-map,2026-08-31T15:29:09.174000,3,linear_drift_corrected,170.0,-7.4262994999128065,-77.86300313202233,90.24511524920035,64
31-08-26/map-data-2026.08.31-15.29.09.174.jpk-force-map,2026-08-31T15:29:09.174000,3,linear_drift_corrected,175.0,-4.194263697581607,-73.3423473830196,96.40713742858983,64
31-08-26/map-data-2026.08.31-15.29.09.174.jpk-force-map,2026-08-31T15:29:09.174000,3,linear_drift_corrected,180.0,0.132074819434223,-71.92650264559677,93.70253545427482,64
31-08-26/map-data-2026.08.31-15.29.09.174.jpk-force-map,2026-08-31T15:29:09.174000,3,linear_drift_corrected,185.0,5.1310671197539435,-67.48400368878569,84.01050424977277,64
31-08-26/map-data-2026.08.31-15.29.09.174.jpk-force-map,2026-08-31T15:29:09.174000,3,linear_drift_corrected,190.0,6.818769517732692,-65.6613248208731,89.24472784028028,64
31-08-26/map-data-2026.08.31-15.29.09.174.jpk-force-map,2026-08-31T15:29:09.174000,3,linear_drift_corrected,195.0,4.48278567885437,-65.90173924489129,85.1602378157169,64
31-08-26/map-data-2026.08.31-15.29.09.174.jpk-force-map,2026-08-31T15:29:09.174000,3,linear_drift_corrected,200.0,6.6496989956162675,-65.11873441183366,80.75904073729889,64
31-08-26/map-data-2026.08.31-15.29.09.174.jpk-force-map,2026-08-31T15:29:09.174000,3,linear_drift_corrected,205.0,9.905259495550279,-56.61340890322688,86.85609593399421,64
31-08-26/map-data-2026.08.31-15.29.09.174.jpk-force-map,2026-08-31T15:29:09.174000,3,linear_drift_corrected,210.0,6.782925390059755,-57.278239703874206,82.04676920471647,64
31-08-26/map-data-2026.08.31-15.29.09.174.jpk-force-map,2026-08-31T15:29:09.174000,3,linear_drift_corrected,215.0,13.650138193419576,-52.66575105887752,75.03708984501556,64
31-08-26/map-data-2026.08.31-15.29.09.174.jpk-force-map,2026-08-31T15:29:09.174000,3,linear_drift_corrected,220.0,10.891199939610814,-52.58861926948347,78.61982648345058,64
31-08-26/map-data-2026.08.31-15.29.09.174.jpk-force-map,2026-08-31T15:29:09.174000,3,linear_drift_corrected,225.0,3.7419543718941326,-56.45879463036852,70.07629309790178,64
31-08-26/map-data-2026.08.31-15.29.09.174.jpk-force-map,2026-08-31T15:29:09.174000,3,linear_drift_corrected,230.0,11.023118362540556,-48.085408011359625,67.40803461246642,64
31-08-26/map-data-2026.08.31-15.29.09.174.jpk-force-map,2026-08-31T15:29:09.174000,3,linear_drift_corrected,235.0,18.553287341752764,-49.010246043157,69.90853900444417,64
31-08-26/map-data-2026.08.31-15.29.09.174.jpk-force-map,2026-08-31T15:29:09.174000,3,linear_drift_corrected,240.0,16.94951911239504,-41.50119914017317,67.80527978538694,64
31-08-26/map-data-2026.08.31-15.29.09.174.jpk-force-map,2026-08-31T15:29:09.174000,3,linear_drift_corrected,245.0,10.71692083141604,-44.73074863382443,60.596822612008935,64
31-08-26/map-data-2026.08.31-15.29.09.174.jpk-force-map,2026-08-31T15:29:09.174000,3,linear_drift_corrected,250.0,13.818091683711064,-36.06161385059793,63.60837877606183,64
31-08-26/map-data-2026.08.31-15.29.09.174.jpk-force-map,2026-08-31T15:29:09.174000,3,linear_drift_corrected,255.0,13.845998429693758,-34.668470662989854,59.26244854092634,64
31-08-26/map-data-2026.08.31-15.29.09.174.jpk-force-map,2026-08-31T15:29:09.174000,3,linear_drift_corrected,260.0,15.29191779199061,-34.70047416508723,63.94457786824114,64
31-08-26/map-data-2026.08.31-15.29.09.174.jpk-force-map,2026-08-31T15:29:09.174000,3,linear_drift_corrected,265.0,10.705620699905829,-32.420330553551295,59.31267554459185,64
31-08-26/map-data-2026.08.31-15.29.09.174.jpk-force-map,2026-08-31T15:29:09.174000,3,linear_drift_corrected,270.0,12.435109419975205,-32.16763363178758,58.530561860106424,64
31-08-26/map-data-2026.08.31-15.29.09.174.jpk-force-map,2026-08-31T15:29:09.174000,3,linear_drift_corrected,275.0,3.8880246842223123,-35.97111812237259,61.66757279687507,64
31-08-26/map-data-2026.08.31-15.29.09.174.jpk-force-map,2026-08-31T15:29:09.174000,3,linear_drift_corrected,280.0,7.882208981504691,-32.59027373726884,62.28762219137341,64
31-08-26/map-data-2026.08.31-15.29.09.174.jpk-force-map,2026-08-31T15:29:09.174000,3,linear_drift_corrected,285.0,6.848988729215816,-38.702421840366945,63.300748383984995,64
31-08-26/map-data-2026.08.31-15.29.09.174.jpk-force-map,2026-08-31T15:29:09.174000,3,linear_drift_corrected,290.0,2.719185187946894,-34.87847015444447,60.09619916860579,64
31-08-26/map-data-2026.08.31-15.29.09.174.jpk-force-map,2026-08-31T15:29:09.174000,3,linear_drift_corrected,295.0,0.16920172363234381,-30.364760892312024,62.1541795199706,64
31-08-26/map-data-2026.08.31-15.29.09.174.jpk-force-map,2026-08-31T15:29:09.174000,3,linear_drift_corrected,300.0,-2.9663114671177024,-33.48198991764154,65.35509725303572,64
31-08-26/map-data-2026.08.31-15.29.09.174.jpk-force-map,2026-08-31T15:29:09.174000,3,linear_drift_corrected,305.0,3.767593101124402,-34.93821040865319,68.96419790101315,64
31-08-26/map-data-2026.08.31-15.29.09.174.jpk-force-map,2026-08-31T15:29:09.174000,3,linear_drift_corrected,310.0,3.502573658233186,-36.63589969586242,62.58879788281217,64
31-08-26/map-data-2026.08.31-15.29.09.174.jpk-force-map,2026-08-31T15:29:09.174000,3,linear_drift_corrected,315.0,0.3714661485632099,-43.65254120409794,65.13105357482513,64
31-08-26/map-data-2026.08.31-15.29.09.174.jpk-force-map,2026-08-31T15:29:09.174000,3,linear_drift_corrected,320.0,0.3157872688394545,-43.046227519614916,60.43710775379172,64
31-08-26/map-data-2026.08.31-15.29.09.174.jpk-force-map,2026-08-31T15:29:09.174000,3,linear_drift_corrected,325.0,-0.7680757025755756,-50.86449426194284,59.680058872827814,64
31-08-26/map-data-2026.08.31-15.29.09.174.jpk-force-map,2026-08-31T15:29:09.174000,3,linear_drift_corrected,330.0,0.4784371263115092,-49.15657433300049,71.97062215860566,64
31-08-26/map-data-2026.08.31-15.29.09.174.jpk-force-map,2026-08-31T15:29:09.174000,3,linear_drift_corrected,335.0,-4.129474572978306,-53.32757017548701,70.14331790765297,64
31-08-26/map-data-2026.08.31-15.29.09.174.jpk-force-map,2026-08-31T15:29:09.174000,3,linear_drift_corrected,340.0,-9.050079358054317,-52.245602148988596,69.76188063154504,64
31-08-26/map-data-2026.08.31-15.29.09.174.jpk-force-map,2026-08-31T15:29:09.174000,3,linear_drift_corrected,345.0,-9.282949358271718,-57.56815359549287,65.81172808915476,64
31-08-26/map-data-2026.08.31-15.29.09.174.jpk-force-map,2026-08-31T15:29:09.174000,3,linear_drift_corrected,350.0,-8.262489222411965,-58.95203835478883,70.11314874995647,64
31-08-26/map-data-2026.08.31-15.29.09.174.jpk-force-map,2026-08-31T15:29:09.174000,3,linear_drift_corrected,355.0,-8.041445120484239,-64.00801193541577,63.726801217786566,64
31-08-26/map-data-2026.08.31-15.29.09.174.jpk-force-map,2026-08-31T15:29:09.174000,3,linear_drift_corrected,360.0,-9.239822169322201,-62.360371616938,62.79835581876675,64
31-08-26/map-data-2026.08.31-15.29.09.174.jpk-force-map,2026-08-31T15:29:09.174000,3,linear_drift_corrected,365.0,-8.033503177267903,-65.81796167470009,69.0476252917573,64
31-08-26/map-data-2026.08.31-15.29.09.174.jpk-force-map,2026-08-31T15:29:09.174000,3,linear_drift_corrected,370.0,-12.835951690926365,-73.317820259661,75.74445238197157,64
31-08-26/map-data-2026.08.31-15.29.09.174.jpk-force-map,2026-08-31T15:29:09.174000,3,linear_drift_corrected,375.0,-13.177877166501187,-71.61492494015586,72.83954820057659,64
31-08-26/map-data-2026.08.31-15.29.09.174.jpk-force-map,2026-08-31T15:29:09.174000,3,linear_drift_corrected,380.0,-15.101866923204733,-79.37897319073737,77.17908563821135,64
31-08-26/map-data-2026.08.31-15.29.09.174.jpk-force-map,2026-08-31T15:29:09.174000,3,linear_drift_corrected,385.0,-23.30713315838957,-81.75549176637257,73.69783986396132,64
31-08-26/map-data-2026.08.31-15.29.09.174.jpk-force-map,2026-08-31T15:29:09.174000,3,linear_drift_corrected,390.0,-13.73482110660035,-79.56496299706342,75.29527741248397,64
31-08-26/map-data-2026.08.31-15.29.09.174.jpk-force-map,2026-08-31T15:29:09.174000,3,linear_drift_corrected,395.0,-15.908198589223284,-87.86255086194741,82.32440706013037,64
31-08-26/map-data-2026.08.31-15.29.09.174.jpk-force-map,2026-08-31T15:29:09.174000,3,linear_drift_corrected,400.0,-20.44192130037799,-86.48508146438309,79.77700901210463,64
31-08-26/map-data-2026.08.31-15.29.09.174.jpk-force-map,2026-08-31T15:29:09.174000,3,linear_drift_corrected,405.0,-21.39287629325353,-85.94135694293999,82.23968333330669,64
31-08-26/map-data-2026.08.31-15.29.09.174.jpk-force-map,2026-08-31T15:29:09.174000,3,linear_drift_corrected,410.0,-26.597571859501393,-83.18636541933739,78.2846327336746,64
31-08-26/map-data-2026.08.31-15.29.09.174.jpk-force-map,2026-08-31T15:29:09.174000,3,linear_drift_corrected,415.0,-24.05985898955616,-90.1512806282399,74.36044712368158,64
31-08-26/map-data-2026.08.31-15.29.09.174.jpk-force-map,2026-08-31T15:29:09.174000,3,linear_drift_corrected,420.0,-27.698347490190898,-92.22915408519083,75.26864102006476,64
31-08-26/map-data-2026.08.31-15.29.09.174.jpk-force-map,2026-08-31T15:29:09.174000,3,linear_drift_corrected,425.0,-30.01229540390657,-88.68440837085981,79.48734538312274,64
31-08-26/map-data-2026.08.31-15.29.09.174.jpk-force-map,2026-08-31T15:29:09.174000,3,linear_drift_corrected,430.0,-24.759591198201356,-90.82092606681809,79.01751869783897,64
31-08-26/map-data-2026.08.31-15.29.09.174.jpk-force-map,2026-08-31T15:29:09.174000,3,linear_drift_corrected,435.0,-25.018210931912943,-85.34864143444965,74.97700565631988,64
31-08-26/map-data-2026.08.31-15.29.09.174.jpk-force-map,2026-08-31T15:29:09.174000,3,linear_drift_corrected,440.0,-27.75833437868433,-83.79232126775524,76.8121197942397,64
31-08-26/map-data-2026.08.31-15.29.09.174.jpk-force-map,2026-08-31T15:29:09.174000,3,linear_drift_corrected,445.0,-27.37840413034448,-83.04659287230818,76.19391447480834,64
31-08-26/map-data-2026.08.31-15.29.09.174.jpk-force-map,2026-08-31T15:29:09.174000,3,linear_drift_corrected,450.0,-30.478324847837893,-82.4678880745301,74.02061688095812,64
31-08-26/map-data-2026.08.31-15.29.09.174.jpk-force-map,2026-08-31T15:29:09.174000,3,linear_drift_corrected,455.0,-23.32415070578977,-82.46216754470234,76.32352480773594,64
31-08-26/map-data-2026.08.31-15.29.09.174.jpk-force-map,2026-08-31T15:29:09.174000,3,linear_drift_corrected,460.0,-29.233280208491124,-83.77787917156544,74.55026304619304,64
31-08-26/map-data-2026.08.31-15.29.09.174.jpk-force-map,2026-08-31T15:29:09.174000,3,linear_drift_corrected,465.0,-23.687987967323572,-81.95915495904819,71.70683450490279,64
31-08-26/map-data-2026.08.31-15.29.09.174.jpk-force-map,2026-08-31T15:29:09.174000,3,linear_drift_corrected,470.0,-25.662967324580976,-79.22127356679263,72.1680253362238,64
31-08-26/map-data-2026.08.31-15.29.09.174.jpk-force-map,2026-08-31T15:29:09.174000,3,linear_drift_corrected,475.0,-21.668319812533657,-76.47061033003831,73.7654525082125,64
31-08-26/map-data-2026.08.31-15.29.09.174.jpk-force-map,2026-08-31T15:29:09.174000,3,linear_drift_corrected,480.0,-21.198577400381502,-70.55934012584373,67.35992395676973,64
31-08-26/map-data-2026.08.31-15.29.09.174.jpk-force-map,2026-08-31T15:29:09.174000,3,linear_drift_corrected,485.0,-25.448925590072015,-68.34042249049423,71.161986084632,64
31-08-26/map-data-2026.08.31-15.29.09.174.jpk-force-map,2026-08-31T15:29:09.174000,3,linear_drift_corrected,490.0,-18.18165806476422,-73.09494877809318,70.68380970086275,64
31-08-26/map-data-2026.08.31-15.29.09.174.jpk-force-map,2026-08-31T15:29:09.174000,3,linear_drift_corrected,495.0,-16.17207681599166,-65.46718349272331,76.84935427133719,64
31-08-26/map-data-2026.08.31-15.29.09.174.jpk-force-map,2026-08-31T15:29:09.174000,3,linear_drift_corrected,500.0,-19.088109475118387,-68.39423960316802,65.16953489981384,64
31-08-26/map-data-2026.08.31-15.29.09.174.jpk-force-map,2026-08-31T15:29:09.174000,3,far_constant_referenced,5.0,998.1920099276556,729.4633000189035,1446.4984427789163,64
31-08-26/map-data-2026.08.31-15.29.09.174.jpk-force-map,2026-08-31T15:29:09.174000,3,far_constant_referenced,10.0,616.903516817056,399.4764643157596,978.5217526840204,64
31-08-26/map-data-2026.08.31-15.29.09.174.jpk-force-map,2026-08-31T15:29:09.174000,3,far_constant_referenced,15.0,471.56418447213633,323.6087410703077,726.5539099293004,64
31-08-26/map-data-2026.08.31-15.29.09.174.jpk-force-map,2026-08-31T15:29:09.174000,3,far_constant_referenced,20.0,358.6447205533797,241.84897701631752,551.959727993405,64
31-08-26/map-data-2026.08.31-15.29.09.174.jpk-force-map,2026-08-31T15:29:09.174000,3,far_constant_referenced,25.0,281.0622758102754,195.3009676962909,447.6653579979404,64
31-08-26/map-data-2026.08.31-15.29.09.174.jpk-force-map,2026-08-31T15:29:09.174000,3,far_constant_referenced,30.0,222.8115609354157,160.28550591974349,343.5089947085865,64
31-08-26/map-data-2026.08.31-15.29.09.174.jpk-force-map,2026-08-31T15:29:09.174000,3,far_constant_referenced,35.0,188.15996324101124,135.50316157734517,279.76170747083387,64
31-08-26/map-data-2026.08.31-15.29.09.174.jpk-force-map,2026-08-31T15:29:09.174000,3,far_constant_referenced,40.0,149.7786071869737,110.90324448003439,225.38603050869966,64
31-08-26/map-data-2026.08.31-15.29.09.174.jpk-force-map,2026-08-31T15:29:09.174000,3,far_constant_referenced,45.0,123.28161525797138,90.13288043740151,189.53438349815747,64
31-08-26/map-data-2026.08.31-15.29.09.174.jpk-force-map,2026-08-31T15:29:09.174000,3,far_constant_referenced,50.0,105.46118890507587,76.9165062137277,158.50056892787097,64
31-08-26/map-data-2026.08.31-15.29.09.174.jpk-force-map,2026-08-31T15:29:09.174000,3,far_constant_referenced,55.0,92.19998024056522,67.56665535021327,133.34587551518342,64
31-08-26/map-data-2026.08.31-15.29.09.174.jpk-force-map,2026-08-31T15:29:09.174000,3,far_constant_referenced,60.0,78.7861304827324,58.5340898273144,117.58710911242724,64
31-08-26/map-data-2026.08.31-15.29.09.174.jpk-force-map,2026-08-31T15:29:09.174000,3,far_constant_referenced,65.0,70.5734601991637,42.039642431658095,106.34337637443461,64
31-08-26/map-data-2026.08.31-15.29.09.174.jpk-force-map,2026-08-31T15:29:09.174000,3,far_constant_referenced,70.0,59.334516896988234,35.13111778218514,97.33687188654687,64
31-08-26/map-data-2026.08.31-15.29.09.174.jpk-force-map,2026-08-31T15:29:09.174000,3,far_constant_referenced,75.0,52.627000729697755,32.17937666291133,82.38457847707217,64
31-08-26/map-data-2026.08.31-15.29.09.174.jpk-force-map,2026-08-31T15:29:09.174000,3,far_constant_referenced,80.0,48.741083110923476,23.941310543751463,76.37634950336047,64
31-08-26/map-data-2026.08.31-15.29.09.174.jpk-force-map,2026-08-31T15:29:09.174000,3,far_constant_referenced,85.0,40.96306890988264,25.518557494830798,74.09495201184107,64
31-08-26/map-data-2026.08.31-15.29.09.174.jpk-force-map,2026-08-31T15:29:09.174000,3,far_constant_referenced,90.0,36.96087443268295,18.168650857592333,65.17740685957537,64
31-08-26/map-data-2026.08.31-15.29.09.174.jpk-force-map,2026-08-31T15:29:09.174000,3,far_constant_referenced,95.0,30.800743476110746,14.564171721854395,62.81179512162002,64
31-08-26/map-data-2026.08.31-15.29.09.174.jpk-force-map,2026-08-31T15:29:09.174000,3,far_constant_referenced,100.0,30.244873277247677,10.040741762203472,60.99837281240989,64
31-08-26/map-data-2026.08.31-15.29.09.174.jpk-force-map,2026-08-31T15:29:09.174000,3,far_constant_referenced,105.0,26.800914152400267,6.150448609472459,59.84131016094327,64
31-08-26/map-data-2026.08.31-15.29.09.174.jpk-force-map,2026-08-31T15:29:09.174000,3,far_constant_referenced,110.0,25.282367354487583,2.3977039143649312,54.918169261573134,64
31-08-26/map-data-2026.08.31-15.29.09.174.jpk-force-map,2026-08-31T15:29:09.174000,3,far_constant_referenced,115.0,23.76748654448447,0.7405295575522246,60.81615251825375,64
31-08-26/map-data-2026.08.31-15.29.09.174.jpk-force-map,2026-08-31T15:29:09.174000,3,far_constant_referenced,120.0,23.347287462661694,6.382943197489825,54.62811275050884,64
31-08-26/map-data-2026.08.31-15.29.09.174.jpk-force-map,2026-08-31T15:29:09.174000,3,far_constant_referenced,125.0,20.193917008412697,0.838550387483072,61.51724314136897,64
31-08-26/map-data-2026.08.31-15.29.09.174.jpk-force-map,2026-08-31T15:29:09.174000,3,far_constant_referenced,130.0,26.72954564585431,-0.5800095466640609,53.36389386376053,64
31-08-26/map-data-2026.08.31-15.29.09.174.jpk-force-map,2026-08-31T15:29:09.174000,3,far_constant_referenced,135.0,24.980869413417892,-0.23187373522524077,54.368418897365636,64
31-08-26/map-data-2026.08.31-15.29.09.174.jpk-force-map,2026-08-31T15:29:09.174000,3,far_constant_referenced,140.0,25.512496789012502,2.900875537041762,55.12163159050339,64
31-08-26/map-data-2026.08.31-15.29.09.174.jpk-force-map,2026-08-31T15:29:09.174000,3,far_constant_referenced,145.0,23.631874556283826,3.879945606212801,49.49366016906199,64
31-08-26/map-data-2026.08.31-15.29.09.174.jpk-force-map,2026-08-31T15:29:09.174000,3,far_constant_referenced,150.0,19.251876373558687,5.011553293248011,45.224454645109155,64
31-08-26/map-data-2026.08.31-15.29.09.174.jpk-force-map,2026-08-31T15:29:09.174000,3,far_constant_referenced,155.0,29.277348113546267,9.064036846520457,48.792525199321304,64
31-08-26/map-data-2026.08.31-15.29.09.174.jpk-force-map,2026-08-31T15:29:09.174000,3,far_constant_referenced,160.0,27.89323072709081,4.974627334395502,51.109074784578084,64
31-08-26/map-data-2026.08.31-15.29.09.174.jpk-force-map,2026-08-31T15:29:09.174000,3,far_constant_referenced,165.0,24.474697002252917,8.514256917894619,45.992183467792515,64
31-08-26/map-data-2026.08.31-15.29.09.174.jpk-force-map,2026-08-31T15:29:09.174000,3,far_constant_referenced,170.0,26.98861864620833,13.387167870030183,51.01711466046436,64
31-08-26/map-data-2026.08.31-15.29.09.174.jpk-force-map,2026-08-31T15:29:09.174000,3,far_constant_referenced,175.0,30.04268221831854,7.5702798136192415,49.664394686582256,64
31-08-26/map-data-2026.08.31-15.29.09.174.jpk-force-map,2026-08-31T15:29:09.174000,3,far_constant_referenced,180.0,34.53407913039599,8.073495782921235,50.745875901851235,64
31-08-26/map-data-2026.08.31-15.29.09.174.jpk-force-map,2026-08-31T15:29:09.174000,3,far_constant_referenced,185.0,36.34209115099977,11.842619165945152,52.69847271170882,64
31-08-26/map-data-2026.08.31-15.29.09.174.jpk-force-map,2026-08-31T15:29:09.174000,3,far_constant_referenced,190.0,34.69153922395577,7.789499977673177,53.73810549242142,64
31-08-26/map-data-2026.08.31-15.29.09.174.jpk-force-map,2026-08-31T15:29:09.174000,3,far_constant_referenced,195.0,36.78171405585401,9.545389928254728,61.801904146035795,64
31-08-26/map-data-2026.08.31-15.29.09.174.jpk-force-map,2026-08-31T15:29:09.174000,3,far_constant_referenced,200.0,38.306262430747104,10.822380643843902,61.27997389974863,64
31-08-26/map-data-2026.08.31-15.29.09.174.jpk-force-map,2026-08-31T15:29:09.174000,3,far_constant_referenced,205.0,40.772969698166435,12.54551321859563,56.469414306475684,64
31-08-26/map-data-2026.08.31-15.29.09.174.jpk-force-map,2026-08-31T15:29:09.174000,3,far_constant_referenced,210.0,39.71465220488582,4.595581923289338,60.496368984268194,64
31-08-26/map-data-2026.08.31-15.29.09.174.jpk-force-map,2026-08-31T15:29:09.174000,3,far_constant_referenced,215.0,39.59470935855086,13.054183823133263,59.61431455479172,64
31-08-26/map-data-2026.08.31-15.29.09.174.jpk-force-map,2026-08-31T15:29:09.174000,3,far_constant_referenced,220.0,42.94299802475187,12.374778701073007,59.94239090819896,64
31-08-26/map-data-2026.08.31-15.29.09.174.jpk-force-map,2026-08-31T15:29:09.174000,3,far_constant_referenced,225.0,42.439279460334106,7.348679713866636,56.60687407084235,64
31-08-26/map-data-2026.08.31-15.29.09.174.jpk-force-map,2026-08-31T15:29:09.174000,3,far_constant_referenced,230.0,39.95796737011559,14.720419674253588,61.471891323210734,64
31-08-26/map-data-2026.08.31-15.29.09.174.jpk-force-map,2026-08-31T15:29:09.174000,3,far_constant_referenced,235.0,42.32300260190634,18.53678699822781,59.895206096082994,64
31-08-26/map-data-2026.08.31-15.29.09.174.jpk-force-map,2026-08-31T15:29:09.174000,3,far_constant_referenced,240.0,41.30702135608931,17.473502682618463,61.96353282262151,64
31-08-26/map-data-2026.08.31-15.29.09.174.jpk-force-map,2026-08-31T15:29:09.174000,3,far_constant_referenced,245.0,38.835376830758406,18.361174351633853,58.499011644623494,64
31-08-26/map-data-2026.08.31-15.29.09.174.jpk-force-map,2026-08-31T15:29:09.174000,3,far_constant_referenced,250.0,42.81587102469247,15.304686497197743,58.96219739111825,64
31-08-26/map-data-2026.08.31-15.29.09.174.jpk-force-map,2026-08-31T15:29:09.174000,3,far_constant_referenced,255.0,46.27437584350474,16.076110872207252,59.05421664406662,64
31-08-26/map-data-2026.08.31-15.29.09.174.jpk-force-map,2026-08-31T15:29:09.174000,3,far_constant_referenced,260.0,39.94954151080927,14.556263239874212,61.71771946402086,64
31-08-26/map-data-2026.08.31-15.29.09.174.jpk-force-map,2026-08-31T15:29:09.174000,3,far_constant_referenced,265.0,44.29208157514394,16.36185097815327,62.101007369197646,64
31-08-26/map-data-2026.08.31-15.29.09.174.jpk-force-map,2026-08-31T15:29:09.174000,3,far_constant_referenced,270.0,41.9658052961599,13.051715194178952,57.740329534040335,64
31-08-26/map-data-2026.08.31-15.29.09.174.jpk-force-map,2026-08-31T15:29:09.174000,3,far_constant_referenced,275.0,40.48722959221922,12.670895917956475,59.59610287292263,64
31-08-26/map-data-2026.08.31-15.29.09.174.jpk-force-map,2026-08-31T15:29:09.174000,3,far_constant_referenced,280.0,37.658387761144255,13.019046511606536,61.1836973705187,64
31-08-26/map-data-2026.08.31-15.29.09.174.jpk-force-map,2026-08-31T15:29:09.174000,3,far_constant_referenced,285.0,42.67904689532829,9.200875758094702,61.70018776377911,64
31-08-26/map-data-2026.08.31-15.29.09.174.jpk-force-map,2026-08-31T15:29:09.174000,3,far_constant_referenced,290.0,38.96744108872643,9.695547610416096,61.742568357868734,64
31-08-26/map-data-2026.08.31-15.29.09.174.jpk-force-map,2026-08-31T15:29:09.174000,3,far_constant_referenced,295.0,35.2401070114222,13.172766706211473,58.10961868700059,64
31-08-26/map-data-2026.08.31-15.29.09.174.jpk-force-map,2026-08-31T15:29:09.174000,3,far_constant_referenced,300.0,32.7370355090996,18.01117598182013,58.82900968523997,64
31-08-26/map-data-2026.08.31-15.29.09.174.jpk-force-map,2026-08-31T15:29:09.174000,3,far_constant_referenced,305.0,38.0313724664333,13.329605946980898,56.33560574780793,64
31-08-26/map-data-2026.08.31-15.29.09.174.jpk-force-map,2026-08-31T15:29:09.174000,3,far_constant_referenced,310.0,35.961863163150774,7.97358283020127,58.93431814436094,64
31-08-26/map-data-2026.08.31-15.29.09.174.jpk-force-map,2026-08-31T15:29:09.174000,3,far_constant_referenced,315.0,37.56514158482081,3.926524347747588,55.68953450774446,64
31-08-26/map-data-2026.08.31-15.29.09.174.jpk-force-map,2026-08-31T15:29:09.174000,3,far_constant_referenced,320.0,33.09426237926615,6.905464732149001,56.7231804936867,64
31-08-26/map-data-2026.08.31-15.29.09.174.jpk-force-map,2026-08-31T15:29:09.174000,3,far_constant_referenced,325.0,34.997915294099755,-0.9312200576413232,52.28610820081828,64
31-08-26/map-data-2026.08.31-15.29.09.174.jpk-force-map,2026-08-31T15:29:09.174000,3,far_constant_referenced,330.0,31.403828051508135,1.4101636392573946,50.489035015104136,64
31-08-26/map-data-2026.08.31-15.29.09.174.jpk-force-map,2026-08-31T15:29:09.174000,3,far_constant_referenced,335.0,29.04846038460265,4.3715279767898245,54.40840477354683,64
31-08-26/map-data-2026.08.31-15.29.09.174.jpk-force-map,2026-08-31T15:29:09.174000,3,far_constant_referenced,340.0,29.50259941899808,3.9676632362556163,50.19721942113034,64
31-08-26/map-data-2026.08.31-15.29.09.174.jpk-force-map,2026-08-31T15:29:09.174000,3,far_constant_referenced,345.0,26.71612339980326,-2.1409221564568934,45.96071214417212,64
31-08-26/map-data-2026.08.31-15.29.09.174.jpk-force-map,2026-08-31T15:29:09.174000,3,far_constant_referenced,350.0,27.173928422107075,-2.4993907322023903,46.472368754990484,64
31-08-26/map-data-2026.08.31-15.29.09.174.jpk-force-map,2026-08-31T15:29:09.174000,3,far_constant_referenced,355.0,24.818619884040643,-5.558243740130067,44.98649063965199,64
31-08-26/map-data-2026.08.31-15.29.09.174.jpk-force-map,2026-08-31T15:29:09.174000,3,far_constant_referenced,360.0,26.317742858918912,-6.824975602460499,47.039709948275245,64
31-08-26/map-data-2026.08.31-15.29.09.174.jpk-force-map,2026-08-31T15:29:09.174000,3,far_constant_referenced,365.0,25.18311960118668,-6.1844624730927595,49.225466545566015,64
31-08-26/map-data-2026.08.31-15.29.09.174.jpk-force-map,2026-08-31T15:29:09.174000,3,far_constant_referenced,370.0,21.903804723622883,-2.318929520956041,48.87313258668321,64
31-08-26/map-data-2026.08.31-15.29.09.174.jpk-force-map,2026-08-31T15:29:09.174000,3,far_constant_referenced,375.0,22.858025898946643,-5.155650269594623,46.68975592508993,64
31-08-26/map-data-2026.08.31-15.29.09.174.jpk-force-map,2026-08-31T15:29:09.174000,3,far_constant_referenced,380.0,20.428895007592956,-2.5163311440694835,45.73064183848537,64
31-08-26/map-data-2026.08.31-15.29.09.174.jpk-force-map,2026-08-31T15:29:09.174000,3,far_constant_referenced,385.0,17.93912749364919,-6.062730979432596,41.075709344819195,64
31-08-26/map-data-2026.08.31-15.29.09.174.jpk-force-map,2026-08-31T15:29:09.174000,3,far_constant_referenced,390.0,15.136982332585148,-2.497025578713778,46.27555842024816,64
31-08-26/map-data-2026.08.31-15.29.09.174.jpk-force-map,2026-08-31T15:29:09.174000,3,far_constant_referenced,395.0,15.447053955054088,-9.393384469926161,46.84891597272281,64
31-08-26/map-data-2026.08.31-15.29.09.174.jpk-force-map,2026-08-31T15:29:09.174000,3,far_constant_referenced,400.0,17.93676234015998,-7.349877072819527,45.16871093380548,64
31-08-26/map-data-2026.08.31-15.29.09.174.jpk-force-map,2026-08-31T15:29:09.174000,3,far_constant_referenced,405.0,18.68749162213543,-3.91499422448684,40.33458849889467,64
31-08-26/map-data-2026.08.31-15.29.09.174.jpk-force-map,2026-08-31T15:29:09.174000,3,far_constant_referenced,410.0,17.555233517890628,-3.0964441661992432,40.57250815772608,64
31-08-26/map-data-2026.08.31-15.29.09.174.jpk-force-map,2026-08-31T15:29:09.174000,3,far_constant_referenced,415.0,17.979098587621195,-4.9486402104290805,40.40001455729868,64
31-08-26/map-data-2026.08.31-15.29.09.174.jpk-force-map,2026-08-31T15:29:09.174000,3,far_constant_referenced,420.0,19.621165526518052,-3.796352212568687,42.57972523097885,64
31-08-26/map-data-2026.08.31-15.29.09.174.jpk-force-map,2026-08-31T15:29:09.174000,3,far_constant_referenced,425.0,21.700401523529024,-3.2247685252115335,39.4778559939635,64
31-08-26/map-data-2026.08.31-15.29.09.174.jpk-force-map,2026-08-31T15:29:09.174000,3,far_constant_referenced,430.0,19.827052137779233,-5.273700993137524,38.658034665676546,64
31-08-26/map-data-2026.08.31-15.29.09.174.jpk-force-map,2026-08-31T15:29:09.174000,3,far_constant_referenced,435.0,19.435914879457187,-4.13604738249408,35.90124132277429,64
31-08-26/map-data-2026.08.31-15.29.09.174.jpk-force-map,2026-08-31T15:29:09.174000,3,far_constant_referenced,440.0,17.672752081897336,-6.200116832751913,38.55634784783968,64
31-08-26/map-data-2026.08.31-15.29.09.174.jpk-force-map,2026-08-31T15:29:09.174000,3,far_constant_referenced,445.0,13.640254075612669,-10.067261045703725,40.31642116365397,64
31-08-26/map-data-2026.08.31-15.29.09.174.jpk-force-map,2026-08-31T15:29:09.174000,3,far_constant_referenced,450.0,18.07473948185101,-6.6965625501908,40.203839857555295,64
31-08-26/map-data-2026.08.31-15.29.09.174.jpk-force-map,2026-08-31T15:29:09.174000,3,far_constant_referenced,455.0,17.705420764470347,-7.150065949587291,40.496276304319146,64
31-08-26/map-data-2026.08.31-15.29.09.174.jpk-force-map,2026-08-31T15:29:09.174000,3,far_constant_referenced,460.0,11.857637890601826,-8.42399674784985,40.57985491575202,64
31-08-26/map-data-2026.08.31-15.29.09.174.jpk-force-map,2026-08-31T15:29:09.174000,3,far_constant_referenced,465.0,12.715065159371289,-5.190196292749343,42.736520125123114,64
31-08-26/map-data-2026.08.31-15.29.09.174.jpk-force-map,2026-08-31T15:29:09.174000,3,far_constant_referenced,470.0,14.125879215837685,-6.6384980320266225,40.45507828697294,64
31-08-26/map-data-2026.08.31-15.29.09.174.jpk-force-map,2026-08-31T15:29:09.174000,3,far_constant_referenced,475.0,12.32871733686671,-7.299632343376947,41.18706372754604,64
31-08-26/map-data-2026.08.31-15.29.09.174.jpk-force-map,2026-08-31T15:29:09.174000,3,far_constant_referenced,480.0,16.0003816139155,-6.914570573082077,41.69396046696559,64
31-08-26/map-data-2026.08.31-15.29.09.174.jpk-force-map,2026-08-31T15:29:09.174000,3,far_constant_referenced,485.0,14.242067381007455,-2.856055878414407,42.00509640850397,64
31-08-26/map-data-2026.08.31-15.29.09.174.jpk-force-map,2026-08-31T15:29:09.174000,3,far_constant_referenced,490.0,13.221267134954022,-4.6513551990110695,41.57279069725761,64
31-08-26/map-data-2026.08.31-15.29.09.174.jpk-force-map,2026-08-31T15:29:09.174000,3,far_constant_referenced,495.0,18.102589164189972,2.437098502172931,40.662147474976365,64
31-08-26/map-data-2026.08.31-15.29.09.174.jpk-force-map,2026-08-31T15:29:09.174000,3,far_constant_referenced,500.0,18.706856316329603,3.471779242770976,37.730391902689746,64
31-08-26/map-data-2026.08.31-15.55.19.495.jpk-force-map,2026-08-31T15:55:19.495000,4,linear_drift_corrected,5.0,803.3673598765859,524.0553412040122,1348.4556068452314,63
31-08-26/map-data-2026.08.31-15.55.19.495.jpk-force-map,2026-08-31T15:55:19.495000,4,linear_drift_corrected,10.0,438.2645488730217,286.6559398908977,751.5791275414622,64
31-08-26/map-data-2026.08.31-15.55.19.495.jpk-force-map,2026-08-31T15:55:19.495000,4,linear_drift_corrected,15.0,350.8178323218547,213.63700234734907,522.0290630502311,64
31-08-26/map-data-2026.08.31-15.55.19.495.jpk-force-map,2026-08-31T15:55:19.495000,4,linear_drift_corrected,20.0,259.07078910786294,140.9263017237698,365.37789180974795,64
31-08-26/map-data-2026.08.31-15.55.19.495.jpk-force-map,2026-08-31T15:55:19.495000,4,linear_drift_corrected,25.0,196.5081564902052,93.52459819322421,284.79353991881993,64
31-08-26/map-data-2026.08.31-15.55.19.495.jpk-force-map,2026-08-31T15:55:19.495000,4,linear_drift_corrected,30.0,152.52606095131176,65.134971310096,242.72775610978647,64
31-08-26/map-data-2026.08.31-15.55.19.495.jpk-force-map,2026-08-31T15:55:19.495000,4,linear_drift_corrected,35.0,109.19920762431613,32.700472263714595,201.10993270229864,64
31-08-26/map-data-2026.08.31-15.55.19.495.jpk-force-map,2026-08-31T15:55:19.495000,4,linear_drift_corrected,40.0,81.09360598684012,2.8886562404174696,164.35317918442362,64
31-08-26/map-data-2026.08.31-15.55.19.495.jpk-force-map,2026-08-31T15:55:19.495000,4,linear_drift_corrected,45.0,57.776712408984935,-5.859954675468069,131.80569571614822,64
31-08-26/map-data-2026.08.31-15.55.19.495.jpk-force-map,2026-08-31T15:55:19.495000,4,linear_drift_corrected,50.0,38.023205976069235,-21.555922847235948,117.92928276986937,64
31-08-26/map-data-2026.08.31-15.55.19.495.jpk-force-map,2026-08-31T15:55:19.495000,4,linear_drift_corrected,55.0,22.829428442553805,-32.430882064304114,115.44083148564391,64
31-08-26/map-data-2026.08.31-15.55.19.495.jpk-force-map,2026-08-31T15:55:19.495000,4,linear_drift_corrected,60.0,5.667402995959415,-52.67069576096978,99.71238927318407,64
31-08-26/map-data-2026.08.31-15.55.19.495.jpk-force-map,2026-08-31T15:55:19.495000,4,linear_drift_corrected,65.0,5.370289138884008,-58.61790684288704,86.31075008382959,64
31-08-26/map-data-2026.08.31-15.55.19.495.jpk-force-map,2026-08-31T15:55:19.495000,4,linear_drift_corrected,70.0,-3.294412026183991,-59.7619657458482,89.44353778858414,64
31-08-26/map-data-2026.08.31-15.55.19.495.jpk-force-map,2026-08-31T15:55:19.495000,4,linear_drift_corrected,75.0,-6.748470328757518,-64.3642138748091,67.86410997359556,64
31-08-26/map-data-2026.08.31-15.55.19.495.jpk-force-map,2026-08-31T15:55:19.495000,4,linear_drift_corrected,80.0,-10.863388453699784,-63.43262668538527,58.855855326714654,64
31-08-26/map-data-2026.08.31-15.55.19.495.jpk-force-map,2026-08-31T15:55:19.495000,4,linear_drift_corrected,85.0,-11.844588793993793,-69.39918301688316,55.02482161986484,64
31-08-26/map-data-2026.08.31-15.55.19.495.jpk-force-map,2026-08-31T15:55:19.495000,4,linear_drift_corrected,90.0,-7.661075892735084,-69.17322092121567,57.17344669283548,64
31-08-26/map-data-2026.08.31-15.55.19.495.jpk-force-map,2026-08-31T15:55:19.495000,4,linear_drift_corrected,95.0,-16.551843830085947,-62.94130575930301,50.74600031033677,64
31-08-26/map-data-2026.08.31-15.55.19.495.jpk-force-map,2026-08-31T15:55:19.495000,4,linear_drift_corrected,100.0,-12.736666576312867,-64.12447338090789,52.16077211060772,64
31-08-26/map-data-2026.08.31-15.55.19.495.jpk-force-map,2026-08-31T15:55:19.495000,4,linear_drift_corrected,105.0,-19.202771250121973,-63.76389439953448,51.558093823421615,64
31-08-26/map-data-2026.08.31-15.55.19.495.jpk-force-map,2026-08-31T15:55:19.495000,4,linear_drift_corrected,110.0,-13.36819729001395,-65.50234410891576,49.5670950808772,64
31-08-26/map-data-2026.08.31-15.55.19.495.jpk-force-map,2026-08-31T15:55:19.495000,4,linear_drift_corrected,115.0,-24.363066586783507,-63.96755952558807,50.71326581618235,64
31-08-26/map-data-2026.08.31-15.55.19.495.jpk-force-map,2026-08-31T15:55:19.495000,4,linear_drift_corrected,120.0,-20.17887754163484,-64.60189624624681,60.13704822976548,64
31-08-26/map-data-2026.08.31-15.55.19.495.jpk-force-map,2026-08-31T15:55:19.495000,4,linear_drift_corrected,125.0,-25.939698016216255,-60.46093575706876,52.80983102259767,64
31-08-26/map-data-2026.08.31-15.55.19.495.jpk-force-map,2026-08-31T15:55:19.495000,4,linear_drift_corrected,130.0,-25.580416161494334,-62.30593763702646,58.0089212011459,64
31-08-26/map-data-2026.08.31-15.55.19.495.jpk-force-map,2026-08-31T15:55:19.495000,4,linear_drift_corrected,135.0,-24.342561667642485,-59.36523590074652,58.49328298748736,64
31-08-26/map-data-2026.08.31-15.55.19.495.jpk-force-map,2026-08-31T15:55:19.495000,4,linear_drift_corrected,140.0,-21.157200692751086,-59.19760686828347,51.79565380534979,64
31-08-26/map-data-2026.08.31-15.55.19.495.jpk-force-map,2026-08-31T15:55:19.495000,4,linear_drift_corrected,145.0,-21.276899617153624,-51.63249454701153,52.48412552709142,64
31-08-26/map-data-2026.08.31-15.55.19.495.jpk-force-map,2026-08-31T15:55:19.495000,4,linear_drift_corrected,150.0,-25.06098746384876,-57.7704602999165,56.23182643439923,64
31-08-26/map-data-2026.08.31-15.55.19.495.jpk-force-map,2026-08-31T15:55:19.495000,4,linear_drift_corrected,155.0,-18.914717092585263,-50.87069131564465,62.08962444079,64
31-08-26/map-data-2026.08.31-15.55.19.495.jpk-force-map,2026-08-31T15:55:19.495000,4,linear_drift_corrected,160.0,-17.731699487182624,-50.33416492908299,57.64959602871443,64
31-08-26/map-data-2026.08.31-15.55.19.495.jpk-force-map,2026-08-31T15:55:19.495000,4,linear_drift_corrected,165.0,-16.95925672332791,-45.81949309511358,66.41635545276894,64
31-08-26/map-data-2026.08.31-15.55.19.495.jpk-force-map,2026-08-31T15:55:19.495000,4,linear_drift_corrected,170.0,-15.894330799231849,-45.45672082157478,64.85844985434443,64
31-08-26/map-data-2026.08.31-15.55.19.495.jpk-force-map,2026-08-31T15:55:19.495000,4,linear_drift_corrected,175.0,-11.125826387281847,-43.83361903905535,56.829584293269335,64
31-08-26/map-data-2026.08.31-15.55.19.495.jpk-force-map,2026-08-31T15:55:19.495000,4,linear_drift_corrected,180.0,-10.155005367833855,-42.488321187711854,56.12087806015521,64
31-08-26/map-data-2026.08.31-15.55.19.495.jpk-force-map,2026-08-31T15:55:19.495000,4,linear_drift_corrected,185.0,-5.480240627618086,-39.35584188265081,55.23066882534694,64
31-08-26/map-data-2026.08.31-15.55.19.495.jpk-force-map,2026-08-31T15:55:19.495000,4,linear_drift_corrected,190.0,-6.756997327055073,-40.49832907236782,65.69716023279673,64
31-08-26/map-data-2026.08.31-15.55.19.495.jpk-force-map,2026-08-31T15:55:19.495000,4,linear_drift_corrected,195.0,-5.022781668908872,-35.66936003257844,59.19455795352032,64
31-08-26/map-data-2026.08.31-15.55.19.495.jpk-force-map,2026-08-31T15:55:19.495000,4,linear_drift_corrected,200.0,-4.51351301683168,-34.22140072409597,54.70431006952393,64
31-08-26/map-data-2026.08.31-15.55.19.495.jpk-force-map,2026-08-31T15:55:19.495000,4,linear_drift_corrected,205.0,4.1940979772273295,-27.659520145171378,50.38031755594547,64
31-08-26/map-data-2026.08.31-15.55.19.495.jpk-force-map,2026-08-31T15:55:19.495000,4,linear_drift_corrected,210.0,9.001256732155735,-32.824651951264194,56.22058251758205,64
31-08-26/map-data-2026.08.31-15.55.19.495.jpk-force-map,2026-08-31T15:55:19.495000,4,linear_drift_corrected,215.0,7.502272617157068,-32.30687176717906,66.41466869732247,64
31-08-26/map-data-2026.08.31-15.55.19.495.jpk-force-map,2026-08-31T15:55:19.495000,4,linear_drift_corrected,220.0,11.870104143288266,-28.09620311814623,55.75666783642272,64
31-08-26/map-data-2026.08.31-15.55.19.495.jpk-force-map,2026-08-31T15:55:19.495000,4,linear_drift_corrected,225.0,8.042994211902386,-27.073954004555716,57.379806876808566,64
31-08-26/map-data-2026.08.31-15.55.19.495.jpk-force-map,2026-08-31T15:55:19.495000,4,linear_drift_corrected,230.0,9.604358423422774,-22.06056972009177,55.8409203551801,64
31-08-26/map-data-2026.08.31-15.55.19.495.jpk-force-map,2026-08-31T15:55:19.495000,4,linear_drift_corrected,235.0,7.514743889081657,-19.304666821089352,53.293116073087724,64
31-08-26/map-data-2026.08.31-15.55.19.495.jpk-force-map,2026-08-31T15:55:19.495000,4,linear_drift_corrected,240.0,9.499563515282798,-22.829217492235934,53.95625093365949,64
31-08-26/map-data-2026.08.31-15.55.19.495.jpk-force-map,2026-08-31T15:55:19.495000,4,linear_drift_corrected,245.0,13.238221055791616,-17.721285943825002,52.39306240792631,64
31-08-26/map-data-2026.08.31-15.55.19.495.jpk-force-map,2026-08-31T15:55:19.495000,4,linear_drift_corrected,250.0,10.242364695503458,-15.04120376311623,48.35480315473961,64
31-08-26/map-data-2026.08.31-15.55.19.495.jpk-force-map,2026-08-31T15:55:19.495000,4,linear_drift_corrected,255.0,9.881449149921618,-15.963210027232464,54.3608247886776,64
31-08-26/map-data-2026.08.31-15.55.19.495.jpk-force-map,2026-08-31T15:55:19.495000,4,linear_drift_corrected,260.0,12.428791336456207,-13.407704217290924,50.59496644796735,64
31-08-26/map-data-2026.08.31-15.55.19.495.jpk-force-map,2026-08-31T15:55:19.495000,4,linear_drift_corrected,265.0,5.859634938837594,-11.463244067696024,47.79610577758486,64
31-08-26/map-data-2026.08.31-15.55.19.495.jpk-force-map,2026-08-31T15:55:19.495000,4,linear_drift_corrected,270.0,11.364068545104809,-20.35467815311674,52.610362715608915,64
31-08-26/map-data-2026.08.31-15.55.19.495.jpk-force-map,2026-08-31T15:55:19.495000,4,linear_drift_corrected,275.0,4.252268272794918,-15.68275635534155,45.59793297360234,64
31-08-26/map-data-2026.08.31-15.55.19.495.jpk-force-map,2026-08-31T15:55:19.495000,4,linear_drift_corrected,280.0,6.9037323589141515,-21.495905661843004,50.89975906034997,64
31-08-26/map-data-2026.08.31-15.55.19.495.jpk-force-map,2026-08-31T15:55:19.495000,4,linear_drift_corrected,285.0,6.713953655497055,-15.851634120879023,52.94969323517409,64
31-08-26/map-data-2026.08.31-15.55.19.495.jpk-force-map,2026-08-31T15:55:19.495000,4,linear_drift_corrected,290.0,7.819304092484373,-21.325674993763865,50.04917332327511,64
31-08-26/map-data-2026.08.31-15.55.19.495.jpk-force-map,2026-08-31T15:55:19.495000,4,linear_drift_corrected,295.0,6.628862472219192,-19.714579492363786,49.451931243382916,64
31-08-26/map-data-2026.08.31-15.55.19.495.jpk-force-map,2026-08-31T15:55:19.495000,4,linear_drift_corrected,300.0,8.930407201550864,-24.948484306730585,51.24867052504485,64
31-08-26/map-data-2026.08.31-15.55.19.495.jpk-force-map,2026-08-31T15:55:19.495000,4,linear_drift_corrected,305.0,7.629093087356276,-22.848550896815574,49.111867701509006,64
31-08-26/map-data-2026.08.31-15.55.19.495.jpk-force-map,2026-08-31T15:55:19.495000,4,linear_drift_corrected,310.0,1.954227464648069,-28.18211166044247,49.339168915132625,64
31-08-26/map-data-2026.08.31-15.55.19.495.jpk-force-map,2026-08-31T15:55:19.495000,4,linear_drift_corrected,315.0,-0.31971164946536246,-26.55494543364537,51.2384780373443,64
31-08-26/map-data-2026.08.31-15.55.19.495.jpk-force-map,2026-08-31T15:55:19.495000,4,linear_drift_corrected,320.0,1.721965568838189,-34.27644588940851,50.25232017496893,64
31-08-26/map-data-2026.08.31-15.55.19.495.jpk-force-map,2026-08-31T15:55:19.495000,4,linear_drift_corrected,325.0,-5.863004654482912,-33.98703053169054,52.063898769341996,64
31-08-26/map-data-2026.08.31-15.55.19.495.jpk-force-map,2026-08-31T15:55:19.495000,4,linear_drift_corrected,330.0,-5.624774843303856,-36.941629049149654,48.309164203376,64
31-08-26/map-data-2026.08.31-15.55.19.495.jpk-force-map,2026-08-31T15:55:19.495000,4,linear_drift_corrected,335.0,-2.9907549212824454,-35.452798822741364,56.3506672984665,64
31-08-26/map-data-2026.08.31-15.55.19.495.jpk-force-map,2026-08-31T15:55:19.495000,4,linear_drift_corrected,340.0,-7.165186829383285,-40.80106235143511,57.435013438253456,64
31-08-26/map-data-2026.08.31-15.55.19.495.jpk-force-map,2026-08-31T15:55:19.495000,4,linear_drift_corrected,345.0,-12.598275217372016,-37.657700337998556,52.96095226804021,64
31-08-26/map-data-2026.08.31-15.55.19.495.jpk-force-map,2026-08-31T15:55:19.495000,4,linear_drift_corrected,350.0,-13.104869655000389,-44.02490830526402,59.28950510563714,64
31-08-26/map-data-2026.08.31-15.55.19.495.jpk-force-map,2026-08-31T15:55:19.495000,4,linear_drift_corrected,355.0,-17.214567314991044,-44.96509639408215,50.878315156851606,64
31-08-26/map-data-2026.08.31-15.55.19.495.jpk-force-map,2026-08-31T15:55:19.495000,4,linear_drift_corrected,360.0,-15.378584542553252,-50.34240350816513,56.24574692924328,64
31-08-26/map-data-2026.08.31-15.55.19.495.jpk-force-map,2026-08-31T15:55:19.495000,4,linear_drift_corrected,365.0,-17.057392313262362,-54.17632997204809,53.69703896320275,64
31-08-26/map-data-2026.08.31-15.55.19.495.jpk-force-map,2026-08-31T15:55:19.495000,4,linear_drift_corrected,370.0,-19.63160585500094,-49.00031553707095,55.25102149542181,64
31-08-26/map-data-2026.08.31-15.55.19.495.jpk-force-map,2026-08-31T15:55:19.495000,4,linear_drift_corrected,375.0,-19.20910915592512,-55.42495360392893,52.4233619957988,64
31-08-26/map-data-2026.08.31-15.55.19.495.jpk-force-map,2026-08-31T15:55:19.495000,4,linear_drift_corrected,380.0,-20.0313603962185,-57.22076427571679,50.52538310460115,64
31-08-26/map-data-2026.08.31-15.55.19.495.jpk-force-map,2026-08-31T15:55:19.495000,4,linear_drift_corrected,385.0,-19.665379783470037,-55.40225993862757,57.562891217504465,64
31-08-26/map-data-2026.08.31-15.55.19.495.jpk-force-map,2026-08-31T15:55:19.495000,4,linear_drift_corrected,390.0,-22.99946207111862,-59.603657558298245,57.67923406232623,64
31-08-26/map-data-2026.08.31-15.55.19.495.jpk-force-map,2026-08-31T15:55:19.495000,4,linear_drift_corrected,395.0,-25.20530434730751,-60.23517220524744,57.01321132433453,64
31-08-26/map-data-2026.08.31-15.55.19.495.jpk-force-map,2026-08-31T15:55:19.495000,4,linear_drift_corrected,400.0,-23.14782302715514,-58.19698346926668,58.56168311380565,64
31-08-26/map-data-2026.08.31-15.55.19.495.jpk-force-map,2026-08-31T15:55:19.495000,4,linear_drift_corrected,405.0,-20.369290662951748,-65.90028008744449,44.57307117962249,64
31-08-26/map-data-2026.08.31-15.55.19.495.jpk-force-map,2026-08-31T15:55:19.495000,4,linear_drift_corrected,410.0,-25.550597082306716,-60.53513470387388,44.03815172831032,64
31-08-26/map-data-2026.08.31-15.55.19.495.jpk-force-map,2026-08-31T15:55:19.495000,4,linear_drift_corrected,415.0,-16.536598437157632,-62.107921633397986,48.89757302694872,64
31-08-26/map-data-2026.08.31-15.55.19.495.jpk-force-map,2026-08-31T15:55:19.495000,4,linear_drift_corrected,420.0,-22.39408462061571,-58.32717446563272,44.145549181710585,64
31-08-26/map-data-2026.08.31-15.55.19.495.jpk-force-map,2026-08-31T15:55:19.495000,4,linear_drift_corrected,425.0,-14.515217110748754,-60.64486431341634,36.914755801207164,64
31-08-26/map-data-2026.08.31-15.55.19.495.jpk-force-map,2026-08-31T15:55:19.495000,4,linear_drift_corrected,430.0,-16.02866623977722,-60.2546940858388,31.734963020841334,64
31-08-26/map-data-2026.08.31-15.55.19.495.jpk-force-map,2026-08-31T15:55:19.495000,4,linear_drift_corrected,435.0,-14.647042691354919,-59.2928935614523,36.91242663210492,64
31-08-26/map-data-2026.08.31-15.55.19.495.jpk-force-map,2026-08-31T15:55:19.495000,4,linear_drift_corrected,440.0,-18.892184689010065,-62.02892216324302,39.28017657961411,64
31-08-26/map-data-2026.08.31-15.55.19.495.jpk-force-map,2026-08-31T15:55:19.495000,4,linear_drift_corrected,445.0,-20.560990814261597,-56.03138611321532,30.54304165466822,64
31-08-26/map-data-2026.08.31-15.55.19.495.jpk-force-map,2026-08-31T15:55:19.495000,4,linear_drift_corrected,450.0,-20.477135241247442,-55.71498931616125,29.024457563048518,64
31-08-26/map-data-2026.08.31-15.55.19.495.jpk-force-map,2026-08-31T15:55:19.495000,4,linear_drift_corrected,455.0,-21.953407168875714,-52.20856424096982,36.32968843978956,64
31-08-26/map-data-2026.08.31-15.55.19.495.jpk-force-map,2026-08-31T15:55:19.495000,4,linear_drift_corrected,460.0,-20.401852065255056,-55.525677204439845,41.33704594710504,64
31-08-26/map-data-2026.08.31-15.55.19.495.jpk-force-map,2026-08-31T15:55:19.495000,4,linear_drift_corrected,465.0,-24.905123347399215,-52.27257909896285,34.35039922107981,64
31-08-26/map-data-2026.08.31-15.55.19.495.jpk-force-map,2026-08-31T15:55:19.495000,4,linear_drift_corrected,470.0,-23.810970990622582,-48.296550440608776,42.14801601411401,64
31-08-26/map-data-2026.08.31-15.55.19.495.jpk-force-map,2026-08-31T15:55:19.495000,4,linear_drift_corrected,475.0,-21.883453250378608,-51.104208904672944,37.291243804635776,64
31-08-26/map-data-2026.08.31-15.55.19.495.jpk-force-map,2026-08-31T15:55:19.495000,4,linear_drift_corrected,480.0,-18.523520409836824,-53.62711254274017,40.56256652222183,64
31-08-26/map-data-2026.08.31-15.55.19.495.jpk-force-map,2026-08-31T15:55:19.495000,4,linear_drift_corrected,485.0,-21.645987979602353,-43.99577856165938,39.177280100759845,64
31-08-26/map-data-2026.08.31-15.55.19.495.jpk-force-map,2026-08-31T15:55:19.495000,4,linear_drift_corrected,490.0,-19.175754811335565,-44.09697510824134,39.98420756336185,64
31-08-26/map-data-2026.08.31-15.55.19.495.jpk-force-map,2026-08-31T15:55:19.495000,4,linear_drift_corrected,495.0,-16.71214262392583,-51.227985722915435,41.14682652597,64
31-08-26/map-data-2026.08.31-15.55.19.495.jpk-force-map,2026-08-31T15:55:19.495000,4,linear_drift_corrected,500.0,-13.441637890551437,-42.03402685316022,37.46253382021753,64
31-08-26/map-data-2026.08.31-15.55.19.495.jpk-force-map,2026-08-31T15:55:19.495000,4,far_constant_referenced,5.0,813.674530882515,556.1387620405699,1390.7713318951087,63
31-08-26/map-data-2026.08.31-15.55.19.495.jpk-force-map,2026-08-31T15:55:19.495000,4,far_constant_referenced,10.0,441.6729312059812,292.5882157061885,789.942211213979,64
31-08-26/map-data-2026.08.31-15.55.19.495.jpk-force-map,2026-08-31T15:55:19.495000,4,far_constant_referenced,15.0,353.53090393613024,230.70941450732522,555.8644485824188,64
31-08-26/map-data-2026.08.31-15.55.19.495.jpk-force-map,2026-08-31T15:55:19.495000,4,far_constant_referenced,20.0,250.5134211807901,169.79766544146773,430.74162046173575,64
31-08-26/map-data-2026.08.31-15.55.19.495.jpk-force-map,2026-08-31T15:55:19.495000,4,far_constant_referenced,25.0,183.48204441187033,130.3469791482167,321.74380276165357,64
31-08-26/map-data-2026.08.31-15.55.19.495.jpk-force-map,2026-08-31T15:55:19.495000,4,far_constant_referenced,30.0,140.13215129367273,99.56441778955435,245.3517397697973,64
31-08-26/map-data-2026.08.31-15.55.19.495.jpk-force-map,2026-08-31T15:55:19.495000,4,far_constant_referenced,35.0,113.01995337764058,77.39181337185431,177.91766605487817,64
31-08-26/map-data-2026.08.31-15.55.19.495.jpk-force-map,2026-08-31T15:55:19.495000,4,far_constant_referenced,40.0,91.56425654701495,62.5351312921899,140.76969319896773,64
31-08-26/map-data-2026.08.31-15.55.19.495.jpk-force-map,2026-08-31T15:55:19.495000,4,far_constant_referenced,45.0,74.54059127588341,40.38966701077958,121.7806445069271,64
31-08-26/map-data-2026.08.31-15.55.19.495.jpk-force-map,2026-08-31T15:55:19.495000,4,far_constant_referenced,50.0,60.939037024241344,29.353713006837545,97.62385369807478,64
31-08-26/map-data-2026.08.31-15.55.19.495.jpk-force-map,2026-08-31T15:55:19.495000,4,far_constant_referenced,55.0,45.10699520994091,22.95619455096983,79.76221454562535,64
31-08-26/map-data-2026.08.31-15.55.19.495.jpk-force-map,2026-08-31T15:55:19.495000,4,far_constant_referenced,60.0,36.73444055048418,18.98720091587698,68.09399588511003,64
31-08-26/map-data-2026.08.31-15.55.19.495.jpk-force-map,2026-08-31T15:55:19.495000,4,far_constant_referenced,65.0,36.610949973915396,9.232347081713637,61.35996043431987,64
31-08-26/map-data-2026.08.31-15.55.19.495.jpk-force-map,2026-08-31T15:55:19.495000,4,far_constant_referenced,70.0,27.873866032896636,1.666960179374903,55.60545330119256,64
31-08-26/map-data-2026.08.31-15.55.19.495.jpk-force-map,2026-08-31T15:55:19.495000,4,far_constant_referenced,75.0,23.674269932580557,0.8688095699366952,53.1985696348472,64
31-08-26/map-data-2026.08.31-15.55.19.495.jpk-force-map,2026-08-31T15:55:19.495000,4,far_constant_referenced,80.0,22.367611322907702,-1.3847530214561647,46.7078789137034,64
31-08-26/map-data-2026.08.31-15.55.19.495.jpk-force-map,2026-08-31T15:55:19.495000,4,far_constant_referenced,85.0,14.418921733183893,-5.040570770123283,43.55209895933679,64
31-08-26/map-data-2026.08.31-15.55.19.495.jpk-force-map,2026-08-31T15:55:19.495000,4,far_constant_referenced,90.0,15.398597872937291,-8.19395600658116,41.625459709026686,64
31-08-26/map-data-2026.08.31-15.55.19.495.jpk-force-map,2026-08-31T15:55:19.495000,4,far_constant_referenced,95.0,14.181608144933367,-6.984845196139071,35.79229644016446,64
31-08-26/map-data-2026.08.31-15.55.19.495.jpk-force-map,2026-08-31T15:55:19.495000,4,far_constant_referenced,100.0,11.24742829032025,-4.243794906148654,37.16491326777663,64
31-08-26/map-data-2026.08.31-15.55.19.495.jpk-force-map,2026-08-31T15:55:19.495000,4,far_constant_referenced,105.0,9.7760958689413,-5.19134930507825,35.66877629917793,64
31-08-26/map-data-2026.08.31-15.55.19.495.jpk-force-map,2026-08-31T15:55:19.495000,4,far_constant_referenced,110.0,12.329988606868131,-5.448101498566759,39.709774075814494,64
31-08-26/map-data-2026.08.31-15.55.19.495.jpk-force-map,2026-08-31T15:55:19.495000,4,far_constant_referenced,115.0,8.551833293955537,-4.927945117395016,36.876098462293946,64
31-08-26/map-data-2026.08.31-15.55.19.495.jpk-force-map,2026-08-31T15:55:19.495000,4,far_constant_referenced,120.0,9.358261940608905,-3.4591108893899047,37.045591274232024,64
31-08-26/map-data-2026.08.31-15.55.19.495.jpk-force-map,2026-08-31T15:55:19.495000,4,far_constant_referenced,125.0,9.260167199631889,-4.40610356436437,32.26357612713721,64
31-08-26/map-data-2026.08.31-15.55.19.495.jpk-force-map,2026-08-31T15:55:19.495000,4,far_constant_referenced,130.0,11.381798572940774,-4.4345445350756325,33.460609872574956,64
31-08-26/map-data-2026.08.31-15.55.19.495.jpk-force-map,2026-08-31T15:55:19.495000,4,far_constant_referenced,135.0,13.490066829031772,-4.899518928894404,32.60928765625132,64
31-08-26/map-data-2026.08.31-15.55.19.495.jpk-force-map,2026-08-31T15:55:19.495000,4,far_constant_referenced,140.0,15.691551697027862,0.47768709382648156,32.96772666757787,64
31-08-26/map-data-2026.08.31-15.55.19.495.jpk-force-map,2026-08-31T15:55:19.495000,4,far_constant_referenced,145.0,13.78559275754058,-0.37783326994321326,37.931474295922214,64
31-08-26/map-data-2026.08.31-15.55.19.495.jpk-force-map,2026-08-31T15:55:19.495000,4,far_constant_referenced,150.0,14.38977121642457,0.12412621157007653,37.36713389112677,64
31-08-26/map-data-2026.08.31-15.55.19.495.jpk-force-map,2026-08-31T15:55:19.495000,4,far_constant_referenced,155.0,19.030231927177372,4.684615169956375,38.038009678414134,64
31-08-26/map-data-2026.08.31-15.55.19.495.jpk-force-map,2026-08-31T15:55:19.495000,4,far_constant_referenced,160.0,20.8950667603658,2.8972391135487787,42.568830742719406,64
31-08-26/map-data-2026.08.31-15.55.19.495.jpk-force-map,2026-08-31T15:55:19.495000,4,far_constant_referenced,165.0,20.50632421995426,6.431990567975974,38.924469206265684,64
31-08-26/map-data-2026.08.31-15.55.19.495.jpk-force-map,2026-08-31T15:55:19.495000,4,far_constant_referenced,170.0,25.2714580840169,1.2333831981294872,41.040054655966344,64
31-08-26/map-data-2026.08.31-15.55.19.495.jpk-force-map,2026-08-31T15:55:19.495000,4,far_constant_referenced,175.0,27.288963574952362,4.6149318352752235,41.65453631473866,64
31-08-26/map-data-2026.08.31-15.55.19.495.jpk-force-map,2026-08-31T15:55:19.495000,4,far_constant_referenced,180.0,26.932919281531586,0.9639330868409681,47.051787013280475,64
31-08-26/map-data-2026.08.31-15.55.19.495.jpk-force-map,2026-08-31T15:55:19.495000,4,far_constant_referenced,185.0,25.92181616478294,9.335926022341987,44.50210720500769,64
31-08-26/map-data-2026.08.31-15.55.19.495.jpk-force-map,2026-08-31T15:55:19.495000,4,far_constant_referenced,190.0,24.536457072747368,5.740493598701607,46.658269819263595,64
31-08-26/map-data-2026.08.31-15.55.19.495.jpk-force-map,2026-08-31T15:55:19.495000,4,far_constant_referenced,195.0,32.76252003795053,9.75306518683756,48.47105649347448,64
31-08-26/map-data-2026.08.31-15.55.19.495.jpk-force-map,2026-08-31T15:55:19.495000,4,far_constant_referenced,200.0,28.859602878470103,13.196462587733382,47.13233527180922,64
31-08-26/map-data-2026.08.31-15.55.19.495.jpk-force-map,2026-08-31T15:55:19.495000,4,far_constant_referenced,205.0,31.903880628016346,12.426206007261957,53.584947021768954,64
31-08-26/map-data-2026.08.31-15.55.19.495.jpk-force-map,2026-08-31T15:55:19.495000,4,far_constant_referenced,210.0,34.38519271823427,12.807113976740071,53.40688052843134,64
31-08-26/map-data-2026.08.31-15.55.19.495.jpk-force-map,2026-08-31T15:55:19.495000,4,far_constant_referenced,215.0,31.281490487263838,13.897582775267548,56.88723345260038,64
31-08-26/map-data-2026.08.31-15.55.19.495.jpk-force-map,2026-08-31T15:55:19.495000,4,far_constant_referenced,220.0,34.34034349519034,10.59946492746294,48.76953886384421,64
31-08-26/map-data-2026.08.31-15.55.19.495.jpk-force-map,2026-08-31T15:55:19.495000,4,far_constant_referenced,225.0,35.691792199071614,11.239505026131186,54.014798886270476,64
31-08-26/map-data-2026.08.31-15.55.19.495.jpk-force-map,2026-08-31T15:55:19.495000,4,far_constant_referenced,230.0,36.41836735103659,9.732458787059134,54.68870502646697,64
31-08-26/map-data-2026.08.31-15.55.19.495.jpk-force-map,2026-08-31T15:55:19.495000,4,far_constant_referenced,235.0,37.35076998542016,6.220708450317918,52.742109793588035,64
31-08-26/map-data-2026.08.31-15.55.19.495.jpk-force-map,2026-08-31T15:55:19.495000,4,far_constant_referenced,240.0,35.334535764488464,9.457021881003211,56.038335518600576,64
31-08-26/map-data-2026.08.31-15.55.19.495.jpk-force-map,2026-08-31T15:55:19.495000,4,far_constant_referenced,245.0,38.564211983191456,11.06754358523732,57.57744436966385,64
31-08-26/map-data-2026.08.31-15.55.19.495.jpk-force-map,2026-08-31T15:55:19.495000,4,far_constant_referenced,250.0,35.21101562349958,13.874596439791038,57.28249494731729,64
31-08-26/map-data-2026.08.31-15.55.19.495.jpk-force-map,2026-08-31T15:55:19.495000,4,far_constant_referenced,255.0,33.274694026093556,14.54423052149739,55.084705631649115,64
31-08-26/map-data-2026.08.31-15.55.19.495.jpk-force-map,2026-08-31T15:55:19.495000,4,far_constant_referenced,260.0,39.79447613515527,14.797331509288165,60.221005989260505,64
31-08-26/map-data-2026.08.31-15.55.19.495.jpk-force-map,2026-08-31T15:55:19.495000,4,far_constant_referenced,265.0,35.58521246995275,9.489631434739518,55.114950031894445,64
31-08-26/map-data-2026.08.31-15.55.19.495.jpk-force-map,2026-08-31T15:55:19.495000,4,far_constant_referenced,270.0,36.57210232785247,11.87706171363565,55.291730473024124,64
31-08-26/map-data-2026.08.31-15.55.19.495.jpk-force-map,2026-08-31T15:55:19.495000,4,far_constant_referenced,275.0,31.98748880386875,10.92526482063484,53.268873822321964,64
31-08-26/map-data-2026.08.31-15.55.19.495.jpk-force-map,2026-08-31T15:55:19.495000,4,far_constant_referenced,280.0,31.178547181635025,9.267410482194196,52.75958236499191,64
31-08-26/map-data-2026.08.31-15.55.19.495.jpk-force-map,2026-08-31T15:55:19.495000,4,far_constant_referenced,285.0,33.50479389620013,7.324436890597586,53.20656681008303,64
31-08-26/map-data-2026.08.31-15.55.19.495.jpk-force-map,2026-08-31T15:55:19.495000,4,far_constant_referenced,290.0,29.147796831159788,4.7530272346414195,48.390567363783624,64
31-08-26/map-data-2026.08.31-15.55.19.495.jpk-force-map,2026-08-31T15:55:19.495000,4,far_constant_referenced,295.0,30.89153580568758,2.547285090365237,50.77310473139836,64
31-08-26/map-data-2026.08.31-15.55.19.495.jpk-force-map,2026-08-31T15:55:19.495000,4,far_constant_referenced,300.0,31.367434252187103,10.070941815821874,48.34449121736845,64
31-08-26/map-data-2026.08.31-15.55.19.495.jpk-force-map,2026-08-31T15:55:19.495000,4,far_constant_referenced,305.0,29.12476614905605,7.485518625439112,51.455436730901475,64
31-08-26/map-data-2026.08.31-15.55.19.495.jpk-force-map,2026-08-31T15:55:19.495000,4,far_constant_referenced,310.0,25.50279965970654,7.8046073955857835,51.840483718984814,64
31-08-26/map-data-2026.08.31-15.55.19.495.jpk-force-map,2026-08-31T15:55:19.495000,4,far_constant_referenced,315.0,28.334006644273074,6.202585461706223,43.356530330174586,64
31-08-26/map-data-2026.08.31-15.55.19.495.jpk-force-map,2026-08-31T15:55:19.495000,4,far_constant_referenced,320.0,23.40668237966635,4.700343440662879,44.54815378700628,64
31-08-26/map-data-2026.08.31-15.55.19.495.jpk-force-map,2026-08-31T15:55:19.495000,4,far_constant_referenced,325.0,22.23808960494016,1.9720206328884613,46.24226888488391,64
31-08-26/map-data-2026.08.31-15.55.19.495.jpk-force-map,2026-08-31T15:55:19.495000,4,far_constant_referenced,330.0,25.0802058599768,3.8745205353963965,45.83597986201938,64
31-08-26/map-data-2026.08.31-15.55.19.495.jpk-force-map,2026-08-31T15:55:19.495000,4,far_constant_referenced,335.0,25.242396260516756,-1.2048978807904054,45.44726688602619,64
31-08-26/map-data-2026.08.31-15.55.19.495.jpk-force-map,2026-08-31T15:55:19.495000,4,far_constant_referenced,340.0,19.51703964414699,-0.210676047073924,43.092017476797636,64
31-08-26/map-data-2026.08.31-15.55.19.495.jpk-force-map,2026-08-31T15:55:19.495000,4,far_constant_referenced,345.0,21.9510782289939,-2.3141844317675755,41.952456961154425,64
31-08-26/map-data-2026.08.31-15.55.19.495.jpk-force-map,2026-08-31T15:55:19.495000,4,far_constant_referenced,350.0,19.14520795118242,-5.7078249161297805,41.56621261411554,64
31-08-26/map-data-2026.08.31-15.55.19.495.jpk-force-map,2026-08-31T15:55:19.495000,4,far_constant_referenced,355.0,14.500046497871335,-6.69657733240204,38.20937983093363,64
31-08-26/map-data-2026.08.31-15.55.19.495.jpk-force-map,2026-08-31T15:55:19.495000,4,far_constant_referenced,360.0,11.8503946080407,-4.613675347482682,34.54624488865804,64
31-08-26/map-data-2026.08.31-15.55.19.495.jpk-force-map,2026-08-31T15:55:19.495000,4,far_constant_referenced,365.0,11.753571137064514,-9.448462981811664,36.9202824859197,64
31-08-26/map-data-2026.08.31-15.55.19.495.jpk-force-map,2026-08-31T15:55:19.495000,4,far_constant_referenced,370.0,15.905923296429108,-6.126264915042174,35.32482385297244,64
31-08-26/map-data-2026.08.31-15.55.19.495.jpk-force-map,2026-08-31T15:55:19.495000,4,far_constant_referenced,375.0,11.723326736819178,-7.487395966022892,31.837331121707088,64
31-08-26/map-data-2026.08.31-15.55.19.495.jpk-force-map,2026-08-31T15:55:19.495000,4,far_constant_referenced,380.0,7.562460024894991,-9.630151116431616,29.538963653899,64
31-08-26/map-data-2026.08.31-15.55.19.495.jpk-force-map,2026-08-31T15:55:19.495000,4,far_constant_referenced,385.0,8.316914423615515,-8.808511576400829,36.12108233961917,64
31-08-26/map-data-2026.08.31-15.55.19.495.jpk-force-map,2026-08-31T15:55:19.495000,4,far_constant_referenced,390.0,8.915061741101923,-11.408406549696666,29.339758601249127,64
31-08-26/map-data-2026.08.31-15.55.19.495.jpk-force-map,2026-08-31T15:55:19.495000,4,far_constant_referenced,395.0,11.148062279344174,-14.26021993403868,30.70689122920613,64
31-08-26/map-data-2026.08.31-15.55.19.495.jpk-force-map,2026-08-31T15:55:19.495000,4,far_constant_referenced,400.0,6.993256273234739,-11.552577437088857,32.03530925098543,64
31-08-26/map-data-2026.08.31-15.55.19.495.jpk-force-map,2026-08-31T15:55:19.495000,4,far_constant_referenced,405.0,7.103501990263155,-13.798246328709823,26.555706864379616,64
31-08-26/map-data-2026.08.31-15.55.19.495.jpk-force-map,2026-08-31T15:55:19.495000,4,far_constant_referenced,410.0,4.61131019399348,-12.762279535905018,24.952398878290047,64
31-08-26/map-data-2026.08.31-15.55.19.495.jpk-force-map,2026-08-31T15:55:19.495000,4,far_constant_referenced,415.0,6.456869026244552,-16.531388136720054,30.722589935494867,64
31-08-26/map-data-2026.08.31-15.55.19.495.jpk-force-map,2026-08-31T15:55:19.495000,4,far_constant_referenced,420.0,1.6856448919417284,-12.589741588847733,25.437403165722053,64
31-08-26/map-data-2026.08.31-15.55.19.495.jpk-force-map,2026-08-31T15:55:19.495000,4,far_constant_referenced,425.0,2.269364773142581,-13.631695176422301,24.30694849101251,64
31-08-26/map-data-2026.08.31-15.55.19.495.jpk-force-map,2026-08-31T15:55:19.495000,4,far_constant_referenced,430.0,-2.1033901270214335,-12.874890406422045,20.296298590087567,64
31-08-26/map-data-2026.08.31-15.55.19.495.jpk-force-map,2026-08-31T15:55:19.495000,4,far_constant_referenced,435.0,-0.8719138338917165,-12.282153377542574,23.736606509237838,64
31-08-26/map-data-2026.08.31-15.55.19.495.jpk-force-map,2026-08-31T15:55:19.495000,4,far_constant_referenced,440.0,1.1334702454071595,-11.498031084737777,31.0338589169167,64
31-08-26/map-data-2026.08.31-15.55.19.495.jpk-force-map,2026-08-31T15:55:19.495000,4,far_constant_referenced,445.0,2.019900208841247,-11.146244067598863,29.792552454598145,64
31-08-26/map-data-2026.08.31-15.55.19.495.jpk-force-map,2026-08-31T15:55:19.495000,4,far_constant_referenced,450.0,3.2768019019804844,-7.111336561197171,32.19086243954426,64
31-08-26/map-data-2026.08.31-15.55.19.495.jpk-force-map,2026-08-31T15:55:19.495000,4,far_constant_referenced,455.0,3.92955470065585,-5.196863069149114,26.543629799374386,64
31-08-26/map-data-2026.08.31-15.55.19.495.jpk-force-map,2026-08-31T15:55:19.495000,4,far_constant_referenced,460.0,7.207598308218815,-8.506969288703313,24.72355549597307,64
31-08-26/map-data-2026.08.31-15.55.19.495.jpk-force-map,2026-08-31T15:55:19.495000,4,far_constant_referenced,465.0,9.973467927638161,-4.696071382172725,24.526759943441398,64
31-08-26/map-data-2026.08.31-15.55.19.495.jpk-force-map,2026-08-31T15:55:19.495000,4,far_constant_referenced,470.0,10.882928573173626,-7.162763867383761,24.396617372683796,64
31-08-26/map-data-2026.08.31-15.55.19.495.jpk-force-map,2026-08-31T15:55:19.495000,4,far_constant_referenced,475.0,11.632504842823408,-8.775872458247353,24.96394378375909,64
31-08-26/map-data-2026.08.31-15.55.19.495.jpk-force-map,2026-08-31T15:55:19.495000,4,far_constant_referenced,480.0,11.732964737289628,-4.7747423001165075,27.093956669745882,64
31-08-26/map-data-2026.08.31-15.55.19.495.jpk-force-map,2026-08-31T15:55:19.495000,4,far_constant_referenced,485.0,11.90245754922741,0.05754714084099438,24.17077477885673,64
31-08-26/map-data-2026.08.31-15.55.19.495.jpk-force-map,2026-08-31T15:55:19.495000,4,far_constant_referenced,490.0,16.896538271073318,-1.1019397929503456,26.23360252353415,64
31-08-26/map-data-2026.08.31-15.55.19.495.jpk-force-map,2026-08-31T15:55:19.495000,4,far_constant_referenced,495.0,14.214247263088023,-4.510155535692802,26.549631376353624,64
31-08-26/map-data-2026.08.31-15.55.19.495.jpk-force-map,2026-08-31T15:55:19.495000,4,far_constant_referenced,500.0,16.057381813009656,0.2191905996346999,31.657549892088973,64
31-08-26/map-data-2026.08.31-16.20.38.892.jpk-force-map,2026-08-31T16:20:38.892000,5,linear_drift_corrected,5.0,679.8433681937482,341.3313530475815,1190.3818968300243,64
31-08-26/map-data-2026.08.31-16.20.38.892.jpk-force-map,2026-08-31T16:20:38.892000,5,linear_drift_corrected,10.0,315.57676286831094,152.36537843176276,569.0192331809678,64
31-08-26/map-data-2026.08.31-16.20.38.892.jpk-force-map,2026-08-31T16:20:38.892000,5,linear_drift_corrected,15.0,213.6418041468165,120.47450958068572,392.74658730440507,64
31-08-26/map-data-2026.08.31-16.20.38.892.jpk-force-map,2026-08-31T16:20:38.892000,5,linear_drift_corrected,20.0,144.44059012742605,86.90369607943347,277.48386441249215,64
31-08-26/map-data-2026.08.31-16.20.38.892.jpk-force-map,2026-08-31T16:20:38.892000,5,linear_drift_corrected,25.0,106.520546728444,46.409099259121525,208.8183809235046,64
31-08-26/map-data-2026.08.31-16.20.38.892.jpk-force-map,2026-08-31T16:20:38.892000,5,linear_drift_corrected,30.0,78.93859090867164,25.871305451343652,152.9771616404474,64
31-08-26/map-data-2026.08.31-16.20.38.892.jpk-force-map,2026-08-31T16:20:38.892000,5,linear_drift_corrected,35.0,60.50533343944304,4.762555267420075,115.53489296419045,64
31-08-26/map-data-2026.08.31-16.20.38.892.jpk-force-map,2026-08-31T16:20:38.892000,5,linear_drift_corrected,40.0,46.42464263341859,-8.189197755890483,89.07230964314465,64
31-08-26/map-data-2026.08.31-16.20.38.892.jpk-force-map,2026-08-31T16:20:38.892000,5,linear_drift_corrected,45.0,28.833819184039527,-10.454769524457715,71.71708445419063,64
31-08-26/map-data-2026.08.31-16.20.38.892.jpk-force-map,2026-08-31T16:20:38.892000,5,linear_drift_corrected,50.0,26.036856573151425,-18.88191130459789,56.470795159584455,64
31-08-26/map-data-2026.08.31-16.20.38.892.jpk-force-map,2026-08-31T16:20:38.892000,5,linear_drift_corrected,55.0,18.91286221709764,-35.75766087827449,60.549204586359345,64
31-08-26/map-data-2026.08.31-16.20.38.892.jpk-force-map,2026-08-31T16:20:38.892000,5,linear_drift_corrected,60.0,8.123876480426336,-34.36339494848042,50.72767179821023,64
31-08-26/map-data-2026.08.31-16.20.38.892.jpk-force-map,2026-08-31T16:20:38.892000,5,linear_drift_corrected,65.0,-2.111928637670772,-37.407590582059015,52.267115660816955,64
31-08-26/map-data-2026.08.31-16.20.38.892.jpk-force-map,2026-08-31T16:20:38.892000,5,linear_drift_corrected,70.0,-3.5891390238126695,-41.759337313380264,47.00292384955791,64
31-08-26/map-data-2026.08.31-16.20.38.892.jpk-force-map,2026-08-31T16:20:38.892000,5,linear_drift_corrected,75.0,-1.8150775083339878,-43.50409861818734,45.25111710472571,64
31-08-26/map-data-2026.08.31-16.20.38.892.jpk-force-map,2026-08-31T16:20:38.892000,5,linear_drift_corrected,80.0,-6.064348738685382,-45.24952272602448,47.406525907974746,64
31-08-26/map-data-2026.08.31-16.20.38.892.jpk-force-map,2026-08-31T16:20:38.892000,5,linear_drift_corrected,85.0,-6.6699717102484914,-50.40055292919904,44.53735283010314,64
31-08-26/map-data-2026.08.31-16.20.38.892.jpk-force-map,2026-08-31T16:20:38.892000,5,linear_drift_corrected,90.0,-8.756748795334019,-47.30913310881998,49.353787781087085,64
31-08-26/map-data-2026.08.31-16.20.38.892.jpk-force-map,2026-08-31T16:20:38.892000,5,linear_drift_corrected,95.0,-6.33230837985306,-50.553849121766405,46.17514043655504,64
31-08-26/map-data-2026.08.31-16.20.38.892.jpk-force-map,2026-08-31T16:20:38.892000,5,linear_drift_corrected,100.0,-8.623712937339743,-48.06242946003727,41.194988056203954,64
31-08-26/map-data-2026.08.31-16.20.38.892.jpk-force-map,2026-08-31T16:20:38.892000,5,linear_drift_corrected,105.0,-10.02181012372666,-49.457704030813176,43.89049481685926,64
31-08-26/map-data-2026.08.31-16.20.38.892.jpk-force-map,2026-08-31T16:20:38.892000,5,linear_drift_corrected,110.0,-10.81450923736666,-50.52046282570549,39.21253304064105,64
31-08-26/map-data-2026.08.31-16.20.38.892.jpk-force-map,2026-08-31T16:20:38.892000,5,linear_drift_corrected,115.0,-9.860625621711595,-48.241356191217335,44.71479051147328,64
31-08-26/map-data-2026.08.31-16.20.38.892.jpk-force-map,2026-08-31T16:20:38.892000,5,linear_drift_corrected,120.0,-6.142408528600479,-44.486685066136076,40.94441228717119,64
31-08-26/map-data-2026.08.31-16.20.38.892.jpk-force-map,2026-08-31T16:20:38.892000,5,linear_drift_corrected,125.0,-7.217737031936711,-49.49990352988884,37.487224864910566,64
31-08-26/map-data-2026.08.31-16.20.38.892.jpk-force-map,2026-08-31T16:20:38.892000,5,linear_drift_corrected,130.0,-6.740635536803079,-42.022876757875,37.755713735731696,64
31-08-26/map-data-2026.08.31-16.20.38.892.jpk-force-map,2026-08-31T16:20:38.892000,5,linear_drift_corrected,135.0,-6.216504132098347,-45.61371926312212,39.95566260811059,64
31-08-26/map-data-2026.08.31-16.20.38.892.jpk-force-map,2026-08-31T16:20:38.892000,5,linear_drift_corrected,140.0,-8.6931974047302,-43.785777527374705,41.64591428503516,64
31-08-26/map-data-2026.08.31-16.20.38.892.jpk-force-map,2026-08-31T16:20:38.892000,5,linear_drift_corrected,145.0,-8.893040163647264,-45.801472275242716,38.807627243268215,64
31-08-26/map-data-2026.08.31-16.20.38.892.jpk-force-map,2026-08-31T16:20:38.892000,5,linear_drift_corrected,150.0,-9.213846248100754,-44.614782376365135,42.57297733154009,64
31-08-26/map-data-2026.08.31-16.20.38.892.jpk-force-map,2026-08-31T16:20:38.892000,5,linear_drift_corrected,155.0,-4.924749605763406,-45.86182320324372,42.84805291655273,64
31-08-26/map-data-2026.08.31-16.20.38.892.jpk-force-map,2026-08-31T16:20:38.892000,5,linear_drift_corrected,160.0,-9.340849688328776,-44.49440310358569,35.35960867327768,64
31-08-26/map-data-2026.08.31-16.20.38.892.jpk-force-map,2026-08-31T16:20:38.892000,5,linear_drift_corrected,165.0,-9.0933564343452,-41.624409414832684,36.33067248010799,64
31-08-26/map-data-2026.08.31-16.20.38.892.jpk-force-map,2026-08-31T16:20:38.892000,5,linear_drift_corrected,170.0,-10.498677400101776,-34.6168778517479,38.762362277816116,64
31-08-26/map-data-2026.08.31-16.20.38.892.jpk-force-map,2026-08-31T16:20:38.892000,5,linear_drift_corrected,175.0,-8.15071455419829,-37.91144530713013,32.700690793707835,64
31-08-26/map-data-2026.08.31-16.20.38.892.jpk-force-map,2026-08-31T16:20:38.892000,5,linear_drift_corrected,180.0,-7.209449297280645,-40.18569440400884,33.327307288245166,64
31-08-26/map-data-2026.08.31-16.20.38.892.jpk-force-map,2026-08-31T16:20:38.892000,5,linear_drift_corrected,185.0,-6.7255899418692495,-35.83754754571791,34.750285374067346,64
31-08-26/map-data-2026.08.31-16.20.38.892.jpk-force-map,2026-08-31T16:20:38.892000,5,linear_drift_corrected,190.0,-5.545143238192899,-42.33380948010053,40.077292022563,64
31-08-26/map-data-2026.08.31-16.20.38.892.jpk-force-map,2026-08-31T16:20:38.892000,5,linear_drift_corrected,195.0,-4.290747459856666,-41.627149481040604,35.304756588425015,64
31-08-26/map-data-2026.08.31-16.20.38.892.jpk-force-map,2026-08-31T16:20:38.892000,5,linear_drift_corrected,200.0,-4.2804993054185845,-35.57531335957145,39.809006278883345,64
31-08-26/map-data-2026.08.31-16.20.38.892.jpk-force-map,2026-08-31T16:20:38.892000,5,linear_drift_corrected,205.0,-5.011007738230159,-34.789615787402674,43.73553993252664,64
31-08-26/map-data-2026.08.31-16.20.38.892.jpk-force-map,2026-08-31T16:20:38.892000,5,linear_drift_corrected,210.0,-6.7741684856899385,-33.53614790503542,39.47768999808211,64
31-08-26/map-data-2026.08.31-16.20.38.892.jpk-force-map,2026-08-31T16:20:38.892000,5,linear_drift_corrected,215.0,-9.426946425419695,-35.68746670441228,33.23252703200016,64
31-08-26/map-data-2026.08.31-16.20.38.892.jpk-force-map,2026-08-31T16:20:38.892000,5,linear_drift_corrected,220.0,-5.6750624916591015,-34.698824533702876,36.50244361293201,64
31-08-26/map-data-2026.08.31-16.20.38.892.jpk-force-map,2026-08-31T16:20:38.892000,5,linear_drift_corrected,225.0,-5.3689388265829585,-26.94401849393615,37.12758348148299,64
31-08-26/map-data-2026.08.31-16.20.38.892.jpk-force-map,2026-08-31T16:20:38.892000,5,linear_drift_corrected,230.0,-3.319308721630194,-31.76353873240724,40.345021485930495,64
31-08-26/map-data-2026.08.31-16.20.38.892.jpk-force-map,2026-08-31T16:20:38.892000,5,linear_drift_corrected,235.0,-11.820276198675534,-27.92831065195388,43.856434143203145,64
31-08-26/map-data-2026.08.31-16.20.38.892.jpk-force-map,2026-08-31T16:20:38.892000,5,linear_drift_corrected,240.0,-5.043538787854088,-26.931361735366032,37.487107680730404,64
31-08-26/map-data-2026.08.31-16.20.38.892.jpk-force-map,2026-08-31T16:20:38.892000,5,linear_drift_corrected,245.0,-6.928140673405862,-29.712389401315324,34.7837553330636,64
31-08-26/map-data-2026.08.31-16.20.38.892.jpk-force-map,2026-08-31T16:20:38.892000,5,linear_drift_corrected,250.0,-5.816481958751902,-30.781500591371376,35.8537335129178,64
31-08-26/map-data-2026.08.31-16.20.38.892.jpk-force-map,2026-08-31T16:20:38.892000,5,linear_drift_corrected,255.0,-4.7035134384206705,-34.66028849263972,38.59686360042262,64
31-08-26/map-data-2026.08.31-16.20.38.892.jpk-force-map,2026-08-31T16:20:38.892000,5,linear_drift_corrected,260.0,-0.29941326257536627,-37.34132700117959,34.99971902558205,64
31-08-26/map-data-2026.08.31-16.20.38.892.jpk-force-map,2026-08-31T16:20:38.892000,5,linear_drift_corrected,265.0,-2.206933118451946,-35.94276606368696,41.165479068997115,64
31-08-26/map-data-2026.08.31-16.20.38.892.jpk-force-map,2026-08-31T16:20:38.892000,5,linear_drift_corrected,270.0,-2.2924583577694255,-34.57905042350685,31.149900240893196,64
31-08-26/map-data-2026.08.31-16.20.38.892.jpk-force-map,2026-08-31T16:20:38.892000,5,linear_drift_corrected,275.0,-2.9300113071008766,-28.642187485696777,35.93214756513591,64
31-08-26/map-data-2026.08.31-16.20.38.892.jpk-force-map,2026-08-31T16:20:38.892000,5,linear_drift_corrected,280.0,-3.366996199572128,-36.709720544983355,38.080830866929496,64
31-08-26/map-data-2026.08.31-16.20.38.892.jpk-force-map,2026-08-31T16:20:38.892000,5,linear_drift_corrected,285.0,-3.3344471828783204,-33.0092165918274,33.68304252682262,64
31-08-26/map-data-2026.08.31-16.20.38.892.jpk-force-map,2026-08-31T16:20:38.892000,5,linear_drift_corrected,290.0,-5.388904833947943,-35.95744035775925,33.32797429685714,64
31-08-26/map-data-2026.08.31-16.20.38.892.jpk-force-map,2026-08-31T16:20:38.892000,5,linear_drift_corrected,295.0,-3.2529338040934697,-33.49964458487114,35.873423617590035,64
31-08-26/map-data-2026.08.31-16.20.38.892.jpk-force-map,2026-08-31T16:20:38.892000,5,linear_drift_corrected,300.0,0.5089295481341117,-31.54936175810316,32.20705410600817,64
31-08-26/map-data-2026.08.31-16.20.38.892.jpk-force-map,2026-08-31T16:20:38.892000,5,linear_drift_corrected,305.0,-5.835268018421523,-32.70789868492293,31.787219572986192,64
31-08-26/map-data-2026.08.31-16.20.38.892.jpk-force-map,2026-08-31T16:20:38.892000,5,linear_drift_corrected,310.0,-2.239395001058526,-32.24371648679241,32.07356338572791,64
31-08-26/map-data-2026.08.31-16.20.38.892.jpk-force-map,2026-08-31T16:20:38.892000,5,linear_drift_corrected,315.0,-1.6398941704679924,-31.607464392362296,33.91146400595011,64
31-08-26/map-data-2026.08.31-16.20.38.892.jpk-force-map,2026-08-31T16:20:38.892000,5,linear_drift_corrected,320.0,-1.9553770610573276,-37.01956095574704,29.74087625808612,64
31-08-26/map-data-2026.08.31-16.20.38.892.jpk-force-map,2026-08-31T16:20:38.892000,5,linear_drift_corrected,325.0,-6.187728996576377,-32.40294613924288,32.26244071393128,64
31-08-26/map-data-2026.08.31-16.20.38.892.jpk-force-map,2026-08-31T16:20:38.892000,5,linear_drift_corrected,330.0,-2.2383444537699195,-33.06321791533939,32.93310710500565,64
31-08-26/map-data-2026.08.31-16.20.38.892.jpk-force-map,2026-08-31T16:20:38.892000,5,linear_drift_corrected,335.0,-10.020440039142876,-34.831003621200026,36.72009307611252,64
31-08-26/map-data-2026.08.31-16.20.38.892.jpk-force-map,2026-08-31T16:20:38.892000,5,linear_drift_corrected,340.0,-4.784234407005869,-31.331734977260993,34.73486694138781,64
31-08-26/map-data-2026.08.31-16.20.38.892.jpk-force-map,2026-08-31T16:20:38.892000,5,linear_drift_corrected,345.0,-7.553437858353539,-40.79702572455727,29.864849771131833,64
31-08-26/map-data-2026.08.31-16.20.38.892.jpk-force-map,2026-08-31T16:20:38.892000,5,linear_drift_corrected,350.0,-4.81644874362668,-39.497752282775686,35.313925668214225,64
31-08-26/map-data-2026.08.31-16.20.38.892.jpk-force-map,2026-08-31T16:20:38.892000,5,linear_drift_corrected,355.0,-7.3674131548942015,-38.81282094971928,37.16404044997324,64
31-08-26/map-data-2026.08.31-16.20.38.892.jpk-force-map,2026-08-31T16:20:38.892000,5,linear_drift_corrected,360.0,-4.742239611656595,-34.71826994846656,37.63702365941254,64
31-08-26/map-data-2026.08.31-16.20.38.892.jpk-force-map,2026-08-31T16:20:38.892000,5,linear_drift_corrected,365.0,-7.140364319800149,-34.92509821625819,37.29239737325798,64
31-08-26/map-data-2026.08.31-16.20.38.892.jpk-force-map,2026-08-31T16:20:38.892000,5,linear_drift_corrected,370.0,-2.914352649088883,-40.568784717545725,29.53062201781466,64
31-08-26/map-data-2026.08.31-16.20.38.892.jpk-force-map,2026-08-31T16:20:38.892000,5,linear_drift_corrected,375.0,-6.1942388160330735,-44.85070242117309,34.47852219793912,64
31-08-26/map-data-2026.08.31-16.20.38.892.jpk-force-map,2026-08-31T16:20:38.892000,5,linear_drift_corrected,380.0,-3.1964954012889413,-41.77396209049267,38.6362585768146,64
31-08-26/map-data-2026.08.31-16.20.38.892.jpk-force-map,2026-08-31T16:20:38.892000,5,linear_drift_corrected,385.0,-8.035670761659473,-38.78884928901943,32.61988814880201,64
31-08-26/map-data-2026.08.31-16.20.38.892.jpk-force-map,2026-08-31T16:20:38.892000,5,linear_drift_corrected,390.0,-4.397430327173737,-36.22161538213621,33.25040594990733,64
31-08-26/map-data-2026.08.31-16.20.38.892.jpk-force-map,2026-08-31T16:20:38.892000,5,linear_drift_corrected,395.0,-5.707387410774176,-38.68056879188623,32.33413136916202,64
31-08-26/map-data-2026.08.31-16.20.38.892.jpk-force-map,2026-08-31T16:20:38.892000,5,linear_drift_corrected,400.0,-10.466991055441298,-42.24959763251911,30.29336361875324,64
31-08-26/map-data-2026.08.31-16.20.38.892.jpk-force-map,2026-08-31T16:20:38.892000,5,linear_drift_corrected,405.0,-7.518892944022517,-37.71308624533867,31.111316350325215,64
31-08-26/map-data-2026.08.31-16.20.38.892.jpk-force-map,2026-08-31T16:20:38.892000,5,linear_drift_corrected,410.0,-12.394814372480571,-40.94210858444906,31.36370591413701,64
31-08-26/map-data-2026.08.31-16.20.38.892.jpk-force-map,2026-08-31T16:20:38.892000,5,linear_drift_corrected,415.0,-5.473444146673684,-41.187657384842005,34.096308941090655,64
31-08-26/map-data-2026.08.31-16.20.38.892.jpk-force-map,2026-08-31T16:20:38.892000,5,linear_drift_corrected,420.0,-6.663475471622036,-35.58805407197442,31.722933921625458,64
31-08-26/map-data-2026.08.31-16.20.38.892.jpk-force-map,2026-08-31T16:20:38.892000,5,linear_drift_corrected,425.0,-7.385112106048469,-37.37593434943012,31.720330609488595,64
31-08-26/map-data-2026.08.31-16.20.38.892.jpk-force-map,2026-08-31T16:20:38.892000,5,linear_drift_corrected,430.0,-9.666900450070134,-40.83983955277451,35.22682961199549,64
31-08-26/map-data-2026.08.31-16.20.38.892.jpk-force-map,2026-08-31T16:20:38.892000,5,linear_drift_corrected,435.0,-10.351004796651596,-39.50408353927619,36.486972040051256,64
31-08-26/map-data-2026.08.31-16.20.38.892.jpk-force-map,2026-08-31T16:20:38.892000,5,linear_drift_corrected,440.0,-8.550965852593784,-38.99731680243377,34.524744587236285,64
31-08-26/map-data-2026.08.31-16.20.38.892.jpk-force-map,2026-08-31T16:20:38.892000,5,linear_drift_corrected,445.0,-8.970979521280455,-38.660614797996345,36.435590760316735,64
31-08-26/map-data-2026.08.31-16.20.38.892.jpk-force-map,2026-08-31T16:20:38.892000,5,linear_drift_corrected,450.0,-7.842369557196331,-36.311050232077925,30.026475588282985,64
31-08-26/map-data-2026.08.31-16.20.38.892.jpk-force-map,2026-08-31T16:20:38.892000,5,linear_drift_corrected,455.0,-8.227793553223725,-34.132294408926825,29.82162550309402,64
31-08-26/map-data-2026.08.31-16.20.38.892.jpk-force-map,2026-08-31T16:20:38.892000,5,linear_drift_corrected,460.0,-8.82234956361519,-34.271881423315406,26.100658028049594,64
31-08-26/map-data-2026.08.31-16.20.38.892.jpk-force-map,2026-08-31T16:20:38.892000,5,linear_drift_corrected,465.0,-8.154820179436122,-32.12923290784408,28.10451411198957,64
31-08-26/map-data-2026.08.31-16.20.38.892.jpk-force-map,2026-08-31T16:20:38.892000,5,linear_drift_corrected,470.0,-12.845225686111604,-33.27131814564614,27.86817242796543,64
31-08-26/map-data-2026.08.31-16.20.38.892.jpk-force-map,2026-08-31T16:20:38.892000,5,linear_drift_corrected,475.0,-6.952331515387925,-32.53136263256689,25.139250844499117,64
31-08-26/map-data-2026.08.31-16.20.38.892.jpk-force-map,2026-08-31T16:20:38.892000,5,linear_drift_corrected,480.0,-5.6909747723237265,-33.66311198061304,22.695824211321828,64
31-08-26/map-data-2026.08.31-16.20.38.892.jpk-force-map,2026-08-31T16:20:38.892000,5,linear_drift_corrected,485.0,-7.705076792722439,-31.618608581969273,22.280164694286608,64
31-08-26/map-data-2026.08.31-16.20.38.892.jpk-force-map,2026-08-31T16:20:38.892000,5,linear_drift_corrected,490.0,-10.159029006228685,-32.09869664958933,28.1363418304023,64
31-08-26/map-data-2026.08.31-16.20.38.892.jpk-force-map,2026-08-31T16:20:38.892000,5,linear_drift_corrected,495.0,-3.8026779079499446,-29.77043252999128,25.156951412283213,64
31-08-26/map-data-2026.08.31-16.20.38.892.jpk-force-map,2026-08-31T16:20:38.892000,5,linear_drift_corrected,500.0,-4.4237814017832475,-31.129893996473253,35.77783646199973,64
31-08-26/map-data-2026.08.31-16.20.38.892.jpk-force-map,2026-08-31T16:20:38.892000,5,far_constant_referenced,5.0,715.429425273805,380.6424218705342,1217.2778628287904,64
31-08-26/map-data-2026.08.31-16.20.38.892.jpk-force-map,2026-08-31T16:20:38.892000,5,far_constant_referenced,10.0,329.85057329773167,164.68560790712684,598.7475490950515,64
31-08-26/map-data-2026.08.31-16.20.38.892.jpk-force-map,2026-08-31T16:20:38.892000,5,far_constant_referenced,15.0,213.26917179565265,133.67828305591988,389.2002123948423,64
31-08-26/map-data-2026.08.31-16.20.38.892.jpk-force-map,2026-08-31T16:20:38.892000,5,far_constant_referenced,20.0,161.93910298190286,98.42426598553826,288.2353872241738,64
31-08-26/map-data-2026.08.31-16.20.38.892.jpk-force-map,2026-08-31T16:20:38.892000,5,far_constant_referenced,25.0,126.62750920626308,74.26809602947924,212.4390472674771,64
31-08-26/map-data-2026.08.31-16.20.38.892.jpk-force-map,2026-08-31T16:20:38.892000,5,far_constant_referenced,30.0,99.30460567873686,59.59375250164304,146.89221821505683,64
31-08-26/map-data-2026.08.31-16.20.38.892.jpk-force-map,2026-08-31T16:20:38.892000,5,far_constant_referenced,35.0,74.84203008811642,44.6172310511089,110.52725898625484,64
31-08-26/map-data-2026.08.31-16.20.38.892.jpk-force-map,2026-08-31T16:20:38.892000,5,far_constant_referenced,40.0,57.3255850874532,33.37945554346814,78.46104013560443,64
31-08-26/map-data-2026.08.31-16.20.38.892.jpk-force-map,2026-08-31T16:20:38.892000,5,far_constant_referenced,45.0,53.228932292768306,34.00670903108265,69.46965784783993,64
31-08-26/map-data-2026.08.31-16.20.38.892.jpk-force-map,2026-08-31T16:20:38.892000,5,far_constant_referenced,50.0,42.1146917083222,24.55941384380405,60.059879907789394,64
31-08-26/map-data-2026.08.31-16.20.38.892.jpk-force-map,2026-08-31T16:20:38.892000,5,far_constant_referenced,55.0,36.25242226933084,17.8888236353705,53.36030178689803,64
31-08-26/map-data-2026.08.31-16.20.38.892.jpk-force-map,2026-08-31T16:20:38.892000,5,far_constant_referenced,60.0,31.42073889895629,12.522556447537765,48.37782509936081,64
31-08-26/map-data-2026.08.31-16.20.38.892.jpk-force-map,2026-08-31T16:20:38.892000,5,far_constant_referenced,65.0,26.249951647029235,11.757177996136196,46.80779186642454,64
31-08-26/map-data-2026.08.31-16.20.38.892.jpk-force-map,2026-08-31T16:20:38.892000,5,far_constant_referenced,70.0,25.038993060422307,7.1791573375075535,39.92586041149683,64
31-08-26/map-data-2026.08.31-16.20.38.892.jpk-force-map,2026-08-31T16:20:38.892000,5,far_constant_referenced,75.0,22.97066633388438,6.355714367940629,36.4087441327762,64
31-08-26/map-data-2026.08.31-16.20.38.892.jpk-force-map,2026-08-31T16:20:38.892000,5,far_constant_referenced,80.0,22.832630063354294,6.610589220849487,35.091205817050124,64
31-08-26/map-data-2026.08.31-16.20.38.892.jpk-force-map,2026-08-31T16:20:38.892000,5,far_constant_referenced,85.0,19.051991339280278,8.290853388604106,33.76938066062413,64
31-08-26/map-data-2026.08.31-16.20.38.892.jpk-force-map,2026-08-31T16:20:38.892000,5,far_constant_referenced,90.0,20.810305572185964,3.868400700743468,37.27384336817654,64
31-08-26/map-data-2026.08.31-16.20.38.892.jpk-force-map,2026-08-31T16:20:38.892000,5,far_constant_referenced,95.0,18.456209175283668,2.3880067850592592,36.32754545704111,64
31-08-26/map-data-2026.08.31-16.20.38.892.jpk-force-map,2026-08-31T16:20:38.892000,5,far_constant_referenced,100.0,18.170350811662477,1.8188769444457669,31.451648498621864,64
31-08-26/map-data-2026.08.31-16.20.38.892.jpk-force-map,2026-08-31T16:20:38.892000,5,far_constant_referenced,105.0,17.007907436008452,-0.3772567637792019,33.54231114342671,64
31-08-26/map-data-2026.08.31-16.20.38.892.jpk-force-map,2026-08-31T16:20:38.892000,5,far_constant_referenced,110.0,14.11978894560281,0.570903705728624,34.37185916543857,64
31-08-26/map-data-2026.08.31-16.20.38.892.jpk-force-map,2026-08-31T16:20:38.892000,5,far_constant_referenced,115.0,16.01120219112996,-0.6084948640034378,34.24281047816845,64
31-08-26/map-data-2026.08.31-16.20.38.892.jpk-force-map,2026-08-31T16:20:38.892000,5,far_constant_referenced,120.0,14.193611298891838,0.953585540325116,32.57478597972353,64
31-08-26/map-data-2026.08.31-16.20.38.892.jpk-force-map,2026-08-31T16:20:38.892000,5,far_constant_referenced,125.0,15.374355049672374,1.6087330569071496,31.097969358691177,64
31-08-26/map-data-2026.08.31-16.20.38.892.jpk-force-map,2026-08-31T16:20:38.892000,5,far_constant_referenced,130.0,18.003311846469536,1.445271386366067,33.99767710119486,64
31-08-26/map-data-2026.08.31-16.20.38.892.jpk-force-map,2026-08-31T16:20:38.892000,5,far_constant_referenced,135.0,16.726986330297656,1.014813451283077,33.81907844832119,64
31-08-26/map-data-2026.08.31-16.20.38.892.jpk-force-map,2026-08-31T16:20:38.892000,5,far_constant_referenced,140.0,19.778566491243495,3.1236434313284676,29.44993040723078,64
31-08-26/map-data-2026.08.31-16.20.38.892.jpk-force-map,2026-08-31T16:20:38.892000,5,far_constant_referenced,145.0,17.774483246363207,4.6452057999397915,32.90289189754941,64
31-08-26/map-data-2026.08.31-16.20.38.892.jpk-force-map,2026-08-31T16:20:38.892000,5,far_constant_referenced,150.0,16.046413413704038,2.3602014493484114,33.13061183195671,64
31-08-26/map-data-2026.08.31-16.20.38.892.jpk-force-map,2026-08-31T16:20:38.892000,5,far_constant_referenced,155.0,18.384751975482068,2.173029115075358,33.42368391372009,64
31-08-26/map-data-2026.08.31-16.20.38.892.jpk-force-map,2026-08-31T16:20:38.892000,5,far_constant_referenced,160.0,14.605384521408299,1.949669932413843,34.04367933656534,64
31-08-26/map-data-2026.08.31-16.20.38.892.jpk-force-map,2026-08-31T16:20:38.892000,5,far_constant_referenced,165.0,14.879032780139916,5.17196982867195,33.03131973202799,64
31-08-26/map-data-2026.08.31-16.20.38.892.jpk-force-map,2026-08-31T16:20:38.892000,5,far_constant_referenced,170.0,16.56346553091899,3.8593392064367356,33.73428769572493,64
31-08-26/map-data-2026.08.31-16.20.38.892.jpk-force-map,2026-08-31T16:20:38.892000,5,far_constant_referenced,175.0,18.85946784523817,7.6562679251709085,33.335877590424,64
31-08-26/map-data-2026.08.31-16.20.38.892.jpk-force-map,2026-08-31T16:20:38.892000,5,far_constant_referenced,180.0,19.532767914851725,4.1323813945865835,32.30532108622539,64
31-08-26/map-data-2026.08.31-16.20.38.892.jpk-force-map,2026-08-31T16:20:38.892000,5,far_constant_referenced,185.0,18.55069705718723,5.600668680846623,36.3693051983395,64
31-08-26/map-data-2026.08.31-16.20.38.892.jpk-force-map,2026-08-31T16:20:38.892000,5,far_constant_referenced,190.0,16.670045260038137,4.717830794275338,37.88968499020578,64
31-08-26/map-data-2026.08.31-16.20.38.892.jpk-force-map,2026-08-31T16:20:38.892000,5,far_constant_referenced,195.0,21.430330559450447,7.620568889688461,35.78570357481204,64
31-08-26/map-data-2026.08.31-16.20.38.892.jpk-force-map,2026-08-31T16:20:38.892000,5,far_constant_referenced,200.0,20.921674737121986,9.762097116725354,34.49530539537952,64
31-08-26/map-data-2026.08.31-16.20.38.892.jpk-force-map,2026-08-31T16:20:38.892000,5,far_constant_referenced,205.0,22.132662888146974,8.721902612059395,36.45838279163642,64
31-08-26/map-data-2026.08.31-16.20.38.892.jpk-force-map,2026-08-31T16:20:38.892000,5,far_constant_referenced,210.0,22.781808827750066,8.104967106541057,38.04711551934751,64
31-08-26/map-data-2026.08.31-16.20.38.892.jpk-force-map,2026-08-31T16:20:38.892000,5,far_constant_referenced,215.0,18.528878516247623,7.394061096444696,35.34551894600415,64
31-08-26/map-data-2026.08.31-16.20.38.892.jpk-force-map,2026-08-31T16:20:38.892000,5,far_constant_referenced,220.0,19.60783197372382,8.583260270948129,36.54969249853821,64
31-08-26/map-data-2026.08.31-16.20.38.892.jpk-force-map,2026-08-31T16:20:38.892000,5,far_constant_referenced,225.0,21.34435723010825,9.75183826346514,33.37162097253309,64
31-08-26/map-data-2026.08.31-16.20.38.892.jpk-force-map,2026-08-31T16:20:38.892000,5,far_constant_referenced,230.0,24.651521790011003,9.901389875046506,32.33806367984663,64
31-08-26/map-data-2026.08.31-16.20.38.892.jpk-force-map,2026-08-31T16:20:38.892000,5,far_constant_referenced,235.0,16.699077519121108,7.040441085349526,33.23596463770373,64
31-08-26/map-data-2026.08.31-16.20.38.892.jpk-force-map,2026-08-31T16:20:38.892000,5,far_constant_referenced,240.0,21.329781971728586,9.76267362288848,36.55699490993765,64
31-08-26/map-data-2026.08.31-16.20.38.892.jpk-force-map,2026-08-31T16:20:38.892000,5,far_constant_referenced,245.0,18.362933434542466,10.17987191622164,33.00709169096959,64
31-08-26/map-data-2026.08.31-16.20.38.892.jpk-force-map,2026-08-31T16:20:38.892000,5,far_constant_referenced,250.0,20.16003618467615,9.148768470278991,35.268518417713636,64
31-08-26/map-data-2026.08.31-16.20.38.892.jpk-force-map,2026-08-31T16:20:38.892000,5,far_constant_referenced,255.0,20.773941337286228,7.703467519494576,32.971377873278264,64
31-08-26/map-data-2026.08.31-16.20.38.892.jpk-force-map,2026-08-31T16:20:38.892000,5,far_constant_referenced,260.0,20.67951258421877,6.938162979139472,35.15958831731504,64
31-08-26/map-data-2026.08.31-16.20.38.892.jpk-force-map,2026-08-31T16:20:38.892000,5,far_constant_referenced,265.0,23.76387968541338,6.539146803258541,32.342261827289136,64
31-08-26/map-data-2026.08.31-16.20.38.892.jpk-force-map,2026-08-31T16:20:38.892000,5,far_constant_referenced,270.0,18.922440056894978,7.831259718971264,32.11403929776532,64
31-08-26/map-data-2026.08.31-16.20.38.892.jpk-force-map,2026-08-31T16:20:38.892000,5,far_constant_referenced,275.0,18.631792257457505,6.464688814967033,33.70396938443194,64
31-08-26/map-data-2026.08.31-16.20.38.892.jpk-force-map,2026-08-31T16:20:38.892000,5,far_constant_referenced,280.0,21.212381665395867,9.044006952906042,34.667917253482685,64
31-08-26/map-data-2026.08.31-16.20.38.892.jpk-force-map,2026-08-31T16:20:38.892000,5,far_constant_referenced,285.0,17.293706670792353,8.037663707556806,33.6870733191915,64
31-08-26/map-data-2026.08.31-16.20.38.892.jpk-force-map,2026-08-31T16:20:38.892000,5,far_constant_referenced,290.0,17.756301128913634,6.698365979726935,32.71223096188014,64
31-08-26/map-data-2026.08.31-16.20.38.892.jpk-force-map,2026-08-31T16:20:38.892000,5,far_constant_referenced,295.0,17.167791811896496,8.226062965201395,30.34233238322546,64
31-08-26/map-data-2026.08.31-16.20.38.892.jpk-force-map,2026-08-31T16:20:38.892000,5,far_constant_referenced,300.0,16.719713483317,6.6475595263318805,31.859696604391765,64
31-08-26/map-data-2026.08.31-16.20.38.892.jpk-force-map,2026-08-31T16:20:38.892000,5,far_constant_referenced,305.0,15.925317555042813,5.5758493514165135,32.930785926515895,64
31-08-26/map-data-2026.08.31-16.20.38.892.jpk-force-map,2026-08-31T16:20:38.892000,5,far_constant_referenced,310.0,17.686026505857818,7.632601608066608,29.302123096348556,64
31-08-26/map-data-2026.08.31-16.20.38.892.jpk-force-map,2026-08-31T16:20:38.892000,5,far_constant_referenced,315.0,20.821155713819365,7.229416849157536,30.808518918207774,64
31-08-26/map-data-2026.08.31-16.20.38.892.jpk-force-map,2026-08-31T16:20:38.892000,5,far_constant_referenced,320.0,18.482817152041033,6.112310509456115,30.268539594353896,64
31-08-26/map-data-2026.08.31-16.20.38.892.jpk-force-map,2026-08-31T16:20:38.892000,5,far_constant_referenced,325.0,18.882468962922378,6.945406261701482,34.82044008913414,64
31-08-26/map-data-2026.08.31-16.20.38.892.jpk-force-map,2026-08-31T16:20:38.892000,5,far_constant_referenced,330.0,19.210663574004784,8.75944942370403,30.955099305718463,64
31-08-26/map-data-2026.08.31-16.20.38.892.jpk-force-map,2026-08-31T16:20:38.892000,5,far_constant_referenced,335.0,17.858002728959974,4.182079182284387,29.740519077830378,64
31-08-26/map-data-2026.08.31-16.20.38.892.jpk-force-map,2026-08-31T16:20:38.892000,5,far_constant_referenced,340.0,20.374407784077984,7.030803084880258,30.118308001144882,64
31-08-26/map-data-2026.08.31-16.20.38.892.jpk-force-map,2026-08-31T16:20:38.892000,5,far_constant_referenced,345.0,15.961622661106443,3.9979224187101243,24.058178690550356,64
31-08-26/map-data-2026.08.31-16.20.38.892.jpk-force-map,2026-08-31T16:20:38.892000,5,far_constant_referenced,350.0,19.077475868128857,5.578288415952475,29.880950066267275,64
31-08-26/map-data-2026.08.31-16.20.38.892.jpk-force-map,2026-08-31T16:20:38.892000,5,far_constant_referenced,355.0,18.054192210911644,3.0527775199007956,27.681239063389416,64
31-08-26/map-data-2026.08.31-16.20.38.892.jpk-force-map,2026-08-31T16:20:38.892000,5,far_constant_referenced,360.0,19.807657879164935,3.96041995369272,29.620044071960983,64
31-08-26/map-data-2026.08.31-16.20.38.892.jpk-force-map,2026-08-31T16:20:38.892000,5,far_constant_referenced,365.0,17.758666282402835,3.6795136301909483,28.05734281484178,64
31-08-26/map-data-2026.08.31-16.20.38.892.jpk-force-map,2026-08-31T16:20:38.892000,5,far_constant_referenced,370.0,16.548949401378387,1.4628326510258756,26.963843663406042,64
31-08-26/map-data-2026.08.31-16.20.38.892.jpk-force-map,2026-08-31T16:20:38.892000,5,far_constant_referenced,375.0,16.195388519121394,2.1578773505334556,28.930986167222873,64
31-08-26/map-data-2026.08.31-16.20.38.892.jpk-force-map,2026-08-31T16:20:38.892000,5,far_constant_referenced,380.0,14.469713404369184,3.7394554889387575,24.816683414621934,64
31-08-26/map-data-2026.08.31-16.20.38.892.jpk-force-map,2026-08-31T16:20:38.892000,5,far_constant_referenced,385.0,18.549396222768642,3.385214625054413,31.92090973314055,64
31-08-26/map-data-2026.08.31-16.20.38.892.jpk-force-map,2026-08-31T16:20:38.892000,5,far_constant_referenced,390.0,16.081506378602356,1.0898183813178868,27.63411338011163,64
31-08-26/map-data-2026.08.31-16.20.38.892.jpk-force-map,2026-08-31T16:20:38.892000,5,far_constant_referenced,395.0,15.58500153232736,2.2523356680183744,27.99373496818485,64
31-08-26/map-data-2026.08.31-16.20.38.892.jpk-force-map,2026-08-31T16:20:38.892000,5,far_constant_referenced,400.0,16.22557379053032,0.6775425636856509,26.33957618207005,64
31-08-26/map-data-2026.08.31-16.20.38.892.jpk-force-map,2026-08-31T16:20:38.892000,5,far_constant_referenced,405.0,15.191469556098351,-4.226307552535899,29.7418051300395,64
31-08-26/map-data-2026.08.31-16.20.38.892.jpk-force-map,2026-08-31T16:20:38.892000,5,far_constant_referenced,410.0,12.055098642553737,-0.26582847000721854,24.59815801440364,64
31-08-26/map-data-2026.08.31-16.20.38.892.jpk-force-map,2026-08-31T16:20:38.892000,5,far_constant_referenced,415.0,14.005906805084363,3.253889477551915,27.284129792507965,64
31-08-26/map-data-2026.08.31-16.20.38.892.jpk-force-map,2026-08-31T16:20:38.892000,5,far_constant_referenced,420.0,15.218136661692123,2.011947380233243,23.87652012034964,64
31-08-26/map-data-2026.08.31-16.20.38.892.jpk-force-map,2026-08-31T16:20:38.892000,5,far_constant_referenced,425.0,11.006389585324644,-0.262147699889219,26.239648447140617,64
31-08-26/map-data-2026.08.31-16.20.38.892.jpk-force-map,2026-08-31T16:20:38.892000,5,far_constant_referenced,430.0,13.817019734532286,-2.040477044200734,23.91400780315787,64
31-08-26/map-data-2026.08.31-16.20.38.892.jpk-force-map,2026-08-31T16:20:38.892000,5,far_constant_referenced,435.0,9.963741233912664,-2.142814279247488,24.80713410740801,64
31-08-26/map-data-2026.08.31-16.20.38.892.jpk-force-map,2026-08-31T16:20:38.892000,5,far_constant_referenced,440.0,8.892031058998183,0.6090565879556187,28.31643059740291,64
31-08-26/map-data-2026.08.31-16.20.38.892.jpk-force-map,2026-08-31T16:20:38.892000,5,far_constant_referenced,445.0,8.757631211959309,-1.9787465381255205,21.44731531794639,64
31-08-26/map-data-2026.08.31-16.20.38.892.jpk-force-map,2026-08-31T16:20:38.892000,5,far_constant_referenced,450.0,13.234541558913325,0.6811198583395748,24.11259200301768,64
31-08-26/map-data-2026.08.31-16.20.38.892.jpk-force-map,2026-08-31T16:20:38.892000,5,far_constant_referenced,455.0,11.907335678299333,-1.5542753978111161,25.391341801515466,64
31-08-26/map-data-2026.08.31-16.20.38.892.jpk-force-map,2026-08-31T16:20:38.892000,5,far_constant_referenced,460.0,10.835655067804382,0.31058899979448135,22.735747463543472,64
31-08-26/map-data-2026.08.31-16.20.38.892.jpk-force-map,2026-08-31T16:20:38.892000,5,far_constant_referenced,465.0,10.79450139708777,0.08479075259789054,23.364198310112798,64
31-08-26/map-data-2026.08.31-16.20.38.892.jpk-force-map,2026-08-31T16:20:38.892000,5,far_constant_referenced,470.0,8.02747876534158,0.9826769282453782,23.646390685825313,64
31-08-26/map-data-2026.08.31-16.20.38.892.jpk-force-map,2026-08-31T16:20:38.892000,5,far_constant_referenced,475.0,12.446235900875191,1.127986045754351,26.364365947082106,64
31-08-26/map-data-2026.08.31-16.20.38.892.jpk-force-map,2026-08-31T16:20:38.892000,5,far_constant_referenced,480.0,12.577058453260733,1.380451398545007,25.596563213354045,64
31-08-26/map-data-2026.08.31-16.20.38.892.jpk-force-map,2026-08-31T16:20:38.892000,5,far_constant_referenced,485.0,14.237248380773707,0.07086591142781953,28.84136163218147,64
31-08-26/map-data-2026.08.31-16.20.38.892.jpk-force-map,2026-08-31T16:20:38.892000,5,far_constant_referenced,490.0,11.465347619955892,2.4067654086719585,22.732125822262322,64
31-08-26/map-data-2026.08.31-16.20.38.892.jpk-force-map,2026-08-31T16:20:38.892000,5,far_constant_referenced,495.0,14.35107139245339,2.041659620944155,24.027860379256786,64
31-08-26/map-data-2026.08.31-16.20.38.892.jpk-force-map,2026-08-31T16:20:38.892000,5,far_constant_referenced,500.0,15.492997061586987,6.352654450612836,27.374907339874586,64
