joint_model,held_out_point_index,held_out_row,held_out_column,map_order,training_pixels_per_map,held_out_baseline_fit_window_nm,held_out_prediction_window_nm,selected_lambda_D_nm,selected_zeta_magnitude_mV,held_out_baseline_pN,held_out_shape_RMSE_pN
all_shared_lambda_and_zeta,0,0,0,2,63,150-200,20-145,17.320508075688775,23.5,-46.77218692746238,133.29828558739308
all_shared_lambda_and_zeta,0,0,0,3,63,150-200,20-145,17.320508075688775,23.5,-160.89636890963777,171.32431703604192
all_shared_lambda_and_zeta,0,0,0,4,63,150-200,20-145,17.320508075688775,23.5,-115.22723731126193,159.37320483154252
all_shared_lambda_and_zeta,0,0,0,5,63,150-200,20-145,17.320508075688775,23.5,-11.057190934448045,73.83538570776332
map_shared_lambda_and_zeta,0,0,0,2,63,150-200,20-145,22.317981094042864,28.0,-47.362395113995234,85.60592597609521
map_shared_lambda_and_zeta,0,0,0,3,63,150-200,20-145,17.878143222611804,26.5,-160.94332335161377,145.8334476783192
map_shared_lambda_and_zeta,0,0,0,4,63,150-200,20-145,14.7826298876199,22.0,-115.16875745432276,174.1287928219072
map_shared_lambda_and_zeta,0,0,0,5,63,150-200,20-145,11.114646149663537,19.0,-10.983837540873033,113.74416810630726
shared_lambda_map_specific_zeta,0,0,0,2,63,150-200,20-145,18.453731477822707,28.0,-46.87103844605687,94.35674158490713
shared_lambda_map_specific_zeta,0,0,0,3,63,150-200,20-145,18.453731477822707,26.5,-160.97799302774817,144.7985758644974
shared_lambda_map_specific_zeta,0,0,0,4,63,150-200,20-145,18.453731477822707,22.0,-115.26200872050704,169.3901702706087
shared_lambda_map_specific_zeta,0,0,0,5,63,150-200,20-145,18.453731477822707,16.0,-11.041641945237608,118.17603739610936
map_specific_lambda_shared_zeta,0,0,0,2,63,150-200,20-145,22.317981094042864,28.0,-47.362395113995234,85.60592597609521
map_specific_lambda_shared_zeta,0,0,0,3,63,150-200,20-145,16.25687467927739,28.0,-160.88219622670337,137.34673538509992
map_specific_lambda_shared_zeta,0,0,0,4,63,150-200,20-145,9.190199357757056,28.0,-115.1535076795749,172.24694471319378
map_specific_lambda_shared_zeta,0,0,0,5,63,150-200,20-145,6.694329500821696,28.0,-10.983404452573195,116.17847182435591
all_shared_lambda_and_zeta,1,0,1,2,63,150-200,20-145,17.320508075688775,23.5,-47.01275926120863,111.31012423454423
all_shared_lambda_and_zeta,1,0,1,3,63,150-200,20-145,17.320508075688775,23.5,-83.37501579722056,58.36031758865452
all_shared_lambda_and_zeta,1,0,1,4,63,150-200,20-145,17.320508075688775,23.5,-12.998313665887538,43.4476398452864
all_shared_lambda_and_zeta,1,0,1,5,63,150-200,20-145,17.320508075688775,23.5,23.152837074518157,51.373757694517664
map_shared_lambda_and_zeta,1,0,1,2,63,150-200,20-145,22.317981094042864,28.0,-47.602967447741484,63.832891868268305
map_shared_lambda_and_zeta,1,0,1,3,63,150-200,20-145,17.878143222611804,26.5,-83.42197023919654,45.199639265517966
map_shared_lambda_and_zeta,1,0,1,4,63,150-200,20-145,13.44207608814922,23.5,-12.930998468974023,35.60532826300056
map_shared_lambda_and_zeta,1,0,1,5,63,150-200,20-145,11.472483074052871,19.0,23.225968656861976,8.694140499492855
shared_lambda_map_specific_zeta,1,0,1,2,63,150-200,20-145,18.453731477822707,28.0,-47.111610779803115,72.1118112996215
shared_lambda_map_specific_zeta,1,0,1,3,63,150-200,20-145,18.453731477822707,26.5,-83.45663991533094,46.20381931028544
shared_lambda_map_specific_zeta,1,0,1,4,63,150-200,20-145,18.453731477822707,22.0,-13.033085075132652,44.760579511753996
shared_lambda_map_specific_zeta,1,0,1,5,63,150-200,20-145,18.453731477822707,17.5,23.1571724943513,19.445767337701067
map_specific_lambda_shared_zeta,1,0,1,2,63,150-200,20-145,22.317981094042864,28.0,-47.602967447741484,63.832891868268305
map_specific_lambda_shared_zeta,1,0,1,3,63,150-200,20-145,16.780266063679814,28.0,-83.38005362193996,40.11507119284596
map_specific_lambda_shared_zeta,1,0,1,4,63,150-200,20-145,9.48607856330461,28.0,-12.924621062301979,34.65873254796227
map_specific_lambda_shared_zeta,1,0,1,5,63,150-200,20-145,6.694329500821696,28.0,23.226623556393008,14.991870411385348
all_shared_lambda_and_zeta,2,0,2,2,63,150-200,20-145,17.878143222611804,23.5,20.216614175588386,60.02848460121096
all_shared_lambda_and_zeta,2,0,2,3,63,150-200,20-145,17.878143222611804,23.5,19.587768235174845,64.9989212116195
all_shared_lambda_and_zeta,2,0,2,4,63,150-200,20-145,17.878143222611804,23.5,17.840367793531883,46.87365134937385
all_shared_lambda_and_zeta,2,0,2,5,63,150-200,20-145,17.878143222611804,23.5,71.88761769758804,37.07565510813226
map_shared_lambda_and_zeta,2,0,2,2,63,150-200,20-145,22.317981094042864,28.0,19.64844799162186,18.01187619176859
map_shared_lambda_and_zeta,2,0,2,3,63,150-200,20-145,16.780266063679814,28.0,19.604772413021756,81.64061047491907
map_shared_lambda_and_zeta,2,0,2,4,63,150-200,20-145,13.44207608814922,23.5,17.92972499301172,34.2360276440557
map_shared_lambda_and_zeta,2,0,2,5,63,150-200,20-145,11.472483074052871,19.0,71.98279128249818,18.598249105041468
shared_lambda_map_specific_zeta,2,0,2,2,63,150-200,20-145,18.453731477822707,28.0,20.139804659560227,29.77842110032438
shared_lambda_map_specific_zeta,2,0,2,3,63,150-200,20-145,18.453731477822707,26.5,19.528186119630785,78.93128559118661
shared_lambda_map_specific_zeta,2,0,2,4,63,150-200,20-145,18.453731477822707,22.0,17.827638386853096,44.801129131603055
shared_lambda_map_specific_zeta,2,0,2,5,63,150-200,20-145,18.453731477822707,16.0,71.9252086893648,26.888645298736588
map_specific_lambda_shared_zeta,2,0,2,2,63,150-200,20-145,22.317981094042864,28.0,19.64844799162186,18.01187619176859
map_specific_lambda_shared_zeta,2,0,2,3,63,150-200,20-145,16.780266063679814,28.0,19.604772413021756,81.64061047491907
map_specific_lambda_shared_zeta,2,0,2,4,63,150-200,20-145,9.48607856330461,28.0,17.93610239968377,30.452407118552483
map_specific_lambda_shared_zeta,2,0,2,5,63,150-200,20-145,6.694329500821696,28.0,71.98344618202921,25.01784405072314
all_shared_lambda_and_zeta,3,0,3,2,63,150-200,20-145,17.878143222611804,23.5,-10.727392650914224,26.982416667868176
all_shared_lambda_and_zeta,3,0,3,3,63,150-200,20-145,17.878143222611804,23.5,44.34011689483015,60.52564500862978
all_shared_lambda_and_zeta,3,0,3,4,63,150-200,20-145,17.878143222611804,23.5,68.45917661507573,61.37506042898709
all_shared_lambda_and_zeta,3,0,3,5,63,150-200,20-145,17.878143222611804,23.5,-41.83334359607926,61.04127861705805
map_shared_lambda_and_zeta,3,0,3,2,63,150-200,20-145,22.317981094042864,28.0,-11.295558834880751,27.03954479543903
map_shared_lambda_and_zeta,3,0,3,3,63,150-200,20-145,16.780266063679814,28.0,44.35712107267706,80.58608006956848
map_shared_lambda_and_zeta,3,0,3,4,63,150-200,20-145,13.874844806111179,23.5,68.54590824949953,47.746262615648085
map_shared_lambda_and_zeta,3,0,3,5,63,150-200,20-145,11.472483074052871,19.0,-41.73817001116912,15.298606713938867
shared_lambda_map_specific_zeta,3,0,3,2,63,150-200,20-145,18.453731477822707,28.0,-10.804202166942384,27.32067671293198
shared_lambda_map_specific_zeta,3,0,3,3,63,150-200,20-145,18.453731477822707,26.5,44.28053477928609,76.9859457554652
shared_lambda_map_specific_zeta,3,0,3,4,63,150-200,20-145,18.453731477822707,22.0,68.44644720839695,53.89287330437699
shared_lambda_map_specific_zeta,3,0,3,5,63,150-200,20-145,18.453731477822707,17.5,-41.8069661736798,22.058644631989836
map_specific_lambda_shared_zeta,3,0,3,2,63,150-200,20-145,22.317981094042864,28.0,-11.295558834880751,27.03954479543903
map_specific_lambda_shared_zeta,3,0,3,3,63,150-200,20-145,16.780266063679814,28.0,44.35712107267706,80.58608006956848
map_specific_lambda_shared_zeta,3,0,3,4,63,150-200,20-145,9.791483623609768,28.0,68.55485250994731,46.51134255159944
map_specific_lambda_shared_zeta,3,0,3,5,63,150-200,20-145,6.694329500821696,28.0,-41.73751511163809,20.282315751899695
all_shared_lambda_and_zeta,4,0,4,2,63,150-200,20-145,16.25687467927739,25.0,-96.50434801758405,24.853213908442967
all_shared_lambda_and_zeta,4,0,4,3,63,150-200,20-145,16.25687467927739,25.0,-45.13669583890946,61.60228143640622
all_shared_lambda_and_zeta,4,0,4,4,63,150-200,20-145,16.25687467927739,25.0,-21.712352348436983,86.59878655625168
all_shared_lambda_and_zeta,4,0,4,5,63,150-200,20-145,16.25687467927739,25.0,-7.894956694069474,96.58612585056825
map_shared_lambda_and_zeta,4,0,4,2,63,150-200,20-145,22.317981094042864,28.0,-97.12035537516702,20.387695347042865
map_shared_lambda_and_zeta,4,0,4,3,63,150-200,20-145,16.780266063679814,28.0,-45.16753283467899,82.12677887248356
map_shared_lambda_and_zeta,4,0,4,4,63,150-200,20-145,13.874844806111179,23.5,-21.673461887629625,67.52150137691613
map_shared_lambda_and_zeta,4,0,4,5,63,150-200,20-145,11.841840586928083,19.0,-7.8479465350531115,42.350848081195096
shared_lambda_map_specific_zeta,4,0,4,2,63,150-200,20-145,18.453731477822707,28.0,-96.62899870722866,14.614593039463013
shared_lambda_map_specific_zeta,4,0,4,3,63,150-200,20-145,18.453731477822707,26.5,-45.24411912806996,77.64236433655384
shared_lambda_map_specific_zeta,4,0,4,4,63,150-200,20-145,18.453731477822707,22.0,-21.772922928732218,71.64308280899358
shared_lambda_map_specific_zeta,4,0,4,5,63,150-200,20-145,18.453731477822707,17.5,-7.916420445286442,49.45097885128391
map_specific_lambda_shared_zeta,4,0,4,2,63,150-200,20-145,22.317981094042864,28.0,-97.12035537516702,20.387695347042865
map_specific_lambda_shared_zeta,4,0,4,3,63,150-200,20-145,16.780266063679814,28.0,-45.16753283467899,82.12677887248356
map_specific_lambda_shared_zeta,4,0,4,4,63,150-200,20-145,9.791483623609768,28.0,-21.664517627181848,66.95382775182276
map_specific_lambda_shared_zeta,4,0,4,5,63,150-200,20-145,6.694329500821696,28.0,-7.84696938324474,37.601149503393195
all_shared_lambda_and_zeta,5,0,5,2,63,150-200,20-145,16.25687467927739,25.0,-97.00212826477944,45.71303137780145
all_shared_lambda_and_zeta,5,0,5,3,63,150-200,20-145,16.25687467927739,25.0,-55.45189076509159,69.41629683153703
all_shared_lambda_and_zeta,5,0,5,4,63,150-200,20-145,16.25687467927739,25.0,-93.60735526186305,102.36449413814357
all_shared_lambda_and_zeta,5,0,5,5,63,150-200,20-145,16.25687467927739,25.0,56.856598192215785,100.33392166475957
map_shared_lambda_and_zeta,5,0,5,2,63,150-200,20-145,22.317981094042864,28.0,-97.6181356223624,25.886325591810525
map_shared_lambda_and_zeta,5,0,5,3,63,150-200,20-145,16.780266063679814,28.0,-55.48272776086112,92.22259136345566
map_shared_lambda_and_zeta,5,0,5,4,63,150-200,20-145,13.874844806111179,23.5,-93.56846480105568,83.2369972455697
map_shared_lambda_and_zeta,5,0,5,5,63,150-200,20-145,11.841840586928083,19.0,56.90360835123215,46.339894428368865
shared_lambda_map_specific_zeta,5,0,5,2,63,150-200,20-145,18.453731477822707,28.0,-97.12677895442404,34.6298944325973
shared_lambda_map_specific_zeta,5,0,5,3,63,150-200,20-145,18.453731477822707,26.5,-55.559314054252084,86.54684701990729
shared_lambda_map_specific_zeta,5,0,5,4,63,150-200,20-145,18.453731477822707,22.0,-93.66792584215827,87.47924284273662
shared_lambda_map_specific_zeta,5,0,5,5,63,150-200,20-145,18.453731477822707,17.5,56.83513444099883,52.53652090672155
map_specific_lambda_shared_zeta,5,0,5,2,63,150-200,20-145,22.317981094042864,28.0,-97.6181356223624,25.886325591810525
map_specific_lambda_shared_zeta,5,0,5,3,63,150-200,20-145,16.780266063679814,28.0,-55.48272776086112,92.22259136345566
map_specific_lambda_shared_zeta,5,0,5,4,63,150-200,20-145,9.791483623609768,28.0,-93.5595205406079,82.01976561620519
map_specific_lambda_shared_zeta,5,0,5,5,63,150-200,20-145,6.694329500821696,28.0,56.90458550304052,42.077588161540746
all_shared_lambda_and_zeta,6,0,6,2,63,150-200,20-145,16.25687467927739,25.0,-53.41213642118899,34.177351280027054
all_shared_lambda_and_zeta,6,0,6,3,63,150-200,20-145,16.25687467927739,25.0,-118.56247484342765,20.350478469517295
all_shared_lambda_and_zeta,6,0,6,4,63,150-200,20-145,16.25687467927739,25.0,-93.69508958935556,51.97433280587062
all_shared_lambda_and_zeta,6,0,6,5,63,150-200,20-145,16.25687467927739,25.0,-34.74134566807231,89.77804457662342
map_shared_lambda_and_zeta,6,0,6,2,63,150-200,20-145,22.317981094042864,28.0,-54.02814377877194,28.77703108995067
map_shared_lambda_and_zeta,6,0,6,3,63,150-200,20-145,16.780266063679814,28.0,-118.5933118391972,39.304069742156805
map_shared_lambda_and_zeta,6,0,6,4,63,150-200,20-145,13.44207608814922,23.5,-93.65357356349215,32.65143472001011
map_shared_lambda_and_zeta,6,0,6,5,63,150-200,20-145,11.841840586928083,19.0,-34.694335509055946,36.31141072480241
shared_lambda_map_specific_zeta,6,0,6,2,63,150-200,20-145,18.453731477822707,28.0,-53.53678711083358,33.35622520645297
shared_lambda_map_specific_zeta,6,0,6,3,63,150-200,20-145,18.453731477822707,26.5,-118.66989813258814,32.35082654801885
shared_lambda_map_specific_zeta,6,0,6,4,63,150-200,20-145,18.453731477822707,22.0,-93.75566016965077,37.442301421019486
shared_lambda_map_specific_zeta,6,0,6,5,63,150-200,20-145,18.453731477822707,17.5,-34.762809419289276,41.36549699932817
map_specific_lambda_shared_zeta,6,0,6,2,63,150-200,20-145,22.317981094042864,28.0,-54.02814377877194,28.77703108995067
map_specific_lambda_shared_zeta,6,0,6,3,63,150-200,20-145,16.780266063679814,28.0,-118.5933118391972,39.304069742156805
map_specific_lambda_shared_zeta,6,0,6,4,63,150-200,20-145,9.48607856330461,28.0,-93.6471961568201,35.386722731864864
map_specific_lambda_shared_zeta,6,0,6,5,63,150-200,20-145,6.694329500821696,28.0,-34.693358357247575,34.048563867777304
all_shared_lambda_and_zeta,7,0,7,2,63,150-200,20-145,17.320508075688775,23.5,50.79788172418053,37.850242944616724
all_shared_lambda_and_zeta,7,0,7,3,63,150-200,20-145,17.320508075688775,23.5,-123.56071656187478,101.50178009856816
all_shared_lambda_and_zeta,7,0,7,4,63,150-200,20-145,17.320508075688775,23.5,-49.57156046574813,71.69167278135598
all_shared_lambda_and_zeta,7,0,7,5,63,150-200,20-145,17.320508075688775,23.5,71.34179905404623,40.12992856421948
map_shared_lambda_and_zeta,7,0,7,2,63,150-200,20-145,22.317981094042864,28.0,50.20767353764768,33.80957741433161
map_shared_lambda_and_zeta,7,0,7,3,63,150-200,20-145,17.878143222611804,26.5,-123.60767100385077,79.0495389872038
map_shared_lambda_and_zeta,7,0,7,4,63,150-200,20-145,13.44207608814922,23.5,-49.504245268834616,85.75744407732374
map_shared_lambda_and_zeta,7,0,7,5,63,150-200,20-145,11.472483074052871,19.0,71.41493063639005,14.027769618937524
shared_lambda_map_specific_zeta,7,0,7,2,63,150-200,20-145,18.453731477822707,28.0,50.69903020558605,37.79002074212693
shared_lambda_map_specific_zeta,7,0,7,3,63,150-200,20-145,18.453731477822707,26.5,-123.6423406799852,77.0612728873782
shared_lambda_map_specific_zeta,7,0,7,4,63,150-200,20-145,18.453731477822707,22.0,-49.606331874993245,80.11815280445059
shared_lambda_map_specific_zeta,7,0,7,5,63,150-200,20-145,18.453731477822707,16.0,71.35734804325666,23.625988407868437
map_specific_lambda_shared_zeta,7,0,7,2,63,150-200,20-145,22.317981094042864,28.0,50.20767353764768,33.80957741433161
map_specific_lambda_shared_zeta,7,0,7,3,63,150-200,20-145,16.780266063679814,28.0,-123.56575438659424,73.76627621634569
map_specific_lambda_shared_zeta,7,0,7,4,63,150-200,20-145,9.48607856330461,28.0,-49.497867862162565,92.90408564701745
map_specific_lambda_shared_zeta,7,0,7,5,63,150-200,20-145,6.694329500821696,28.0,71.41558553592108,19.8272898813097
all_shared_lambda_and_zeta,8,1,7,2,63,150-200,20-145,17.320508075688775,23.5,73.34531250775531,66.78228795335193
all_shared_lambda_and_zeta,8,1,7,3,63,150-200,20-145,17.320508075688775,23.5,43.57883307915259,261.92929865259987
all_shared_lambda_and_zeta,8,1,7,4,63,150-200,20-145,17.320508075688775,23.5,-21.843984013757815,33.517318393741434
all_shared_lambda_and_zeta,8,1,7,5,63,150-200,20-145,17.320508075688775,23.5,62.54069237627657,60.7716206399991
map_shared_lambda_and_zeta,8,1,7,2,63,150-200,20-145,22.317981094042864,28.0,72.75510432122245,24.22320325750074
map_shared_lambda_and_zeta,8,1,7,3,63,150-200,20-145,17.878143222611804,26.5,43.53187863717658,236.32570705422899
map_shared_lambda_and_zeta,8,1,7,4,63,150-200,20-145,13.44207608814922,23.5,-21.7766688168443,47.89861754432505
map_shared_lambda_and_zeta,8,1,7,5,63,150-200,20-145,11.472483074052871,19.0,62.613823958620394,21.32592159483976
shared_lambda_map_specific_zeta,8,1,7,2,63,150-200,20-145,17.878143222611804,28.0,73.28497336067352,37.99130791125867
shared_lambda_map_specific_zeta,8,1,7,3,63,150-200,20-145,17.878143222611804,26.5,43.53187863717658,236.32570705422899
shared_lambda_map_specific_zeta,8,1,7,4,63,150-200,20-145,17.878143222611804,22.0,-21.8545370474746,41.44361625274268
shared_lambda_map_specific_zeta,8,1,7,5,63,150-200,20-145,17.878143222611804,17.5,62.5605221970424,21.979299302948093
map_specific_lambda_shared_zeta,8,1,7,2,63,150-200,20-145,22.317981094042864,28.0,72.75510432122245,24.22320325750074
map_specific_lambda_shared_zeta,8,1,7,3,63,150-200,20-145,16.25687467927739,28.0,43.59300576208698,228.80482797266583
map_specific_lambda_shared_zeta,8,1,7,4,63,150-200,20-145,9.48607856330461,28.0,-21.770291410172252,57.56437177440781
map_specific_lambda_shared_zeta,8,1,7,5,63,150-200,20-145,6.694329500821696,28.0,62.61447885815142,26.704144922797436
all_shared_lambda_and_zeta,9,1,6,2,63,150-200,20-145,17.320508075688775,23.5,5.5900076763711235,90.729691437341
all_shared_lambda_and_zeta,9,1,6,3,63,150-200,20-145,17.320508075688775,23.5,-112.94388435753709,17.416045532608123
all_shared_lambda_and_zeta,9,1,6,4,63,150-200,20-145,17.320508075688775,23.5,-59.716822002475276,23.959771937426225
all_shared_lambda_and_zeta,9,1,6,5,63,150-200,20-145,17.320508075688775,23.5,-10.474350554196395,59.840081782479594
map_shared_lambda_and_zeta,9,1,6,2,63,150-200,20-145,22.317981094042864,28.0,4.999799489838271,45.989709467087
map_shared_lambda_and_zeta,9,1,6,3,63,150-200,20-145,16.780266063679814,28.0,-112.94892218225654,30.83818118864993
map_shared_lambda_and_zeta,9,1,6,4,63,150-200,20-145,13.44207608814922,23.5,-59.64950680556176,20.445765353266665
map_shared_lambda_and_zeta,9,1,6,5,63,150-200,20-145,11.472483074052871,19.0,-10.401218971852574,15.517948910029716
shared_lambda_map_specific_zeta,9,1,6,2,63,150-200,20-145,18.453731477822707,28.0,5.491156157776637,57.550482469921874
shared_lambda_map_specific_zeta,9,1,6,3,63,150-200,20-145,18.453731477822707,26.5,-113.02550847564748,20.972736049577602
shared_lambda_map_specific_zeta,9,1,6,4,63,150-200,20-145,18.453731477822707,22.0,-59.751593411720386,19.151151328181697
shared_lambda_map_specific_zeta,9,1,6,5,63,150-200,20-145,18.453731477822707,17.5,-10.470015134363248,26.722029860849155
map_specific_lambda_shared_zeta,9,1,6,2,63,150-200,20-145,22.317981094042864,28.0,4.999799489838271,45.989709467087
map_specific_lambda_shared_zeta,9,1,6,3,63,150-200,20-145,16.780266063679814,28.0,-112.94892218225654,30.83818118864993
map_specific_lambda_shared_zeta,9,1,6,4,63,150-200,20-145,9.48607856330461,28.0,-59.64312939888971,31.382049963053696
map_specific_lambda_shared_zeta,9,1,6,5,63,150-200,20-145,6.694329500821696,28.0,-10.400564072321547,15.71154861326086
all_shared_lambda_and_zeta,10,1,5,2,63,150-200,20-145,16.25687467927739,25.0,-78.44121494459151,50.90327379853364
all_shared_lambda_and_zeta,10,1,5,3,63,150-200,20-145,16.25687467927739,25.0,-1.7074076644750813,14.912105241457123
all_shared_lambda_and_zeta,10,1,5,4,63,150-200,20-145,16.25687467927739,25.0,-70.28452453038517,68.88110729553168
all_shared_lambda_and_zeta,10,1,5,5,63,150-200,20-145,16.25687467927739,25.0,12.470731250343361,91.36186193388663
map_shared_lambda_and_zeta,10,1,5,2,63,150-200,20-145,22.317981094042864,28.0,-79.05722230217447,33.58227770516476
map_shared_lambda_and_zeta,10,1,5,3,63,150-200,20-145,16.780266063679814,28.0,-1.7382446602446116,34.58293847522852
map_shared_lambda_and_zeta,10,1,5,4,63,150-200,20-145,13.874844806111179,23.5,-70.2456340695778,51.52443298752011
map_shared_lambda_and_zeta,10,1,5,5,63,150-200,20-145,11.841840586928083,19.0,12.517741409359724,37.5406377153951
shared_lambda_map_specific_zeta,10,1,5,2,63,150-200,20-145,18.453731477822707,28.0,-78.5658656342361,42.99676597852806
shared_lambda_map_specific_zeta,10,1,5,3,63,150-200,20-145,18.453731477822707,26.5,-1.814830953635582,27.84542817757752
shared_lambda_map_specific_zeta,10,1,5,4,63,150-200,20-145,18.453731477822707,22.0,-70.34509511068039,57.164419965617384
shared_lambda_map_specific_zeta,10,1,5,5,63,150-200,20-145,18.453731477822707,17.5,12.44926749912639,44.048646630386926
map_specific_lambda_shared_zeta,10,1,5,2,63,150-200,20-145,22.317981094042864,28.0,-79.05722230217447,33.58227770516476
map_specific_lambda_shared_zeta,10,1,5,3,63,150-200,20-145,16.780266063679814,28.0,-1.7382446602446116,34.58293847522852
map_specific_lambda_shared_zeta,10,1,5,4,63,150-200,20-145,9.791483623609768,28.0,-70.23668980913004,51.011673434065884
map_specific_lambda_shared_zeta,10,1,5,5,63,150-200,20-145,6.694329500821696,28.0,12.518718561168098,34.31894219752151
all_shared_lambda_and_zeta,11,1,4,2,63,150-200,20-145,16.25687467927739,25.0,-171.29442274242174,26.081610474501634
all_shared_lambda_and_zeta,11,1,4,3,63,150-200,20-145,16.25687467927739,25.0,21.621005449108566,40.76672006469487
all_shared_lambda_and_zeta,11,1,4,4,63,150-200,20-145,16.25687467927739,25.0,-35.7745244634724,85.7903333650673
all_shared_lambda_and_zeta,11,1,4,5,63,150-200,20-145,16.25687467927739,25.0,57.98066511481222,84.24530890175762
map_shared_lambda_and_zeta,11,1,4,2,63,150-200,20-145,22.317981094042864,28.0,-171.91043010000473,42.15339677693452
map_shared_lambda_and_zeta,11,1,4,3,63,150-200,20-145,16.780266063679814,28.0,21.590168453339036,64.27463565521379
map_shared_lambda_and_zeta,11,1,4,4,63,150-200,20-145,13.874844806111179,23.5,-35.73563400266504,67.0582912794269
map_shared_lambda_and_zeta,11,1,4,5,63,150-200,20-145,11.472483074052871,19.0,58.02799752610592,29.08548565228145
shared_lambda_map_specific_zeta,11,1,4,2,63,150-200,20-145,18.453731477822707,28.0,-171.41907343206637,41.197907526508544
shared_lambda_map_specific_zeta,11,1,4,3,63,150-200,20-145,18.453731477822707,26.5,21.513582159948065,57.95592930549353
shared_lambda_map_specific_zeta,11,1,4,4,63,150-200,20-145,18.453731477822707,22.0,-35.83509504376764,72.14776185272316
shared_lambda_map_specific_zeta,11,1,4,5,63,150-200,20-145,18.453731477822707,17.5,57.95920136359525,36.96293846533785
map_specific_lambda_shared_zeta,11,1,4,2,63,150-200,20-145,22.317981094042864,28.0,-171.91043010000473,42.15339677693452
map_specific_lambda_shared_zeta,11,1,4,3,63,150-200,20-145,16.780266063679814,28.0,21.590168453339036,64.27463565521379
map_specific_lambda_shared_zeta,11,1,4,4,63,150-200,20-145,9.791483623609768,28.0,-35.72668974221727,65.93628266925056
map_specific_lambda_shared_zeta,11,1,4,5,63,150-200,20-145,6.694329500821696,28.0,58.028652425636956,28.416628330459115
all_shared_lambda_and_zeta,12,1,3,2,63,150-200,20-145,16.25687467927739,25.0,-115.01364730490674,27.978115655190013
all_shared_lambda_and_zeta,12,1,3,3,63,150-200,20-145,16.25687467927739,25.0,-10.353397406355166,70.07036471613999
all_shared_lambda_and_zeta,12,1,3,4,63,150-200,20-145,16.25687467927739,25.0,31.6638186185324,87.41469514273597
all_shared_lambda_and_zeta,12,1,3,5,63,150-200,20-145,16.25687467927739,25.0,-46.176787624084405,80.58687539096755
map_shared_lambda_and_zeta,12,1,3,2,63,150-200,20-145,22.317981094042864,28.0,-115.6296546624897,49.41133498544359
map_shared_lambda_and_zeta,12,1,3,3,63,150-200,20-145,16.780266063679814,28.0,-10.384234402124697,94.56809697376943
map_shared_lambda_and_zeta,12,1,3,4,63,150-200,20-145,13.874844806111179,23.5,31.702709079339762,68.19068093550793
map_shared_lambda_and_zeta,12,1,3,5,63,150-200,20-145,11.472483074052871,19.0,-46.1294552127907,26.25704035318362
shared_lambda_map_specific_zeta,12,1,3,2,63,150-200,20-145,18.453731477822707,28.0,-115.13829799455134,47.81578908351037
shared_lambda_map_specific_zeta,12,1,3,3,63,150-200,20-145,18.453731477822707,26.5,-10.46082069551567,88.09830329895084
shared_lambda_map_specific_zeta,12,1,3,4,63,150-200,20-145,18.453731477822707,22.0,31.60324803823717,73.44277736458287
shared_lambda_map_specific_zeta,12,1,3,5,63,150-200,20-145,18.453731477822707,17.5,-46.198251375301375,32.86418551767255
map_specific_lambda_shared_zeta,12,1,3,2,63,150-200,20-145,22.317981094042864,28.0,-115.6296546624897,49.41133498544359
map_specific_lambda_shared_zeta,12,1,3,3,63,150-200,20-145,16.780266063679814,28.0,-10.384234402124697,94.56809697376943
map_specific_lambda_shared_zeta,12,1,3,4,63,150-200,20-145,9.791483623609768,28.0,31.711653339787542,66.35363593086419
map_specific_lambda_shared_zeta,12,1,3,5,63,150-200,20-145,6.694329500821696,28.0,-46.12880031325967,27.14092782812395
all_shared_lambda_and_zeta,13,1,2,2,63,150-200,20-145,16.25687467927739,25.0,-153.1108132360175,30.21719613569563
all_shared_lambda_and_zeta,13,1,2,3,63,150-200,20-145,16.25687467927739,25.0,24.32378851351763,84.75806849878207
all_shared_lambda_and_zeta,13,1,2,4,63,150-200,20-145,16.25687467927739,25.0,21.98341900167593,96.78720342901636
all_shared_lambda_and_zeta,13,1,2,5,63,150-200,20-145,16.25687467927739,25.0,-94.04927339873934,89.07433878266112
map_shared_lambda_and_zeta,13,1,2,2,63,150-200,20-145,22.317981094042864,28.0,-153.72682059360042,60.2852820490553
map_shared_lambda_and_zeta,13,1,2,3,63,150-200,20-145,16.780266063679814,28.0,24.2929515177481,110.01818575262685
map_shared_lambda_and_zeta,13,1,2,4,63,150-200,20-145,13.874844806111179,23.5,22.022309462483292,77.04750578793787
map_shared_lambda_and_zeta,13,1,2,5,63,150-200,20-145,11.472483074052871,19.0,-94.00194098744564,34.12622135924097
shared_lambda_map_specific_zeta,13,1,2,2,63,150-200,20-145,17.878143222611804,28.0,-153.1969515541494,55.610040252631975
shared_lambda_map_specific_zeta,13,1,2,3,63,150-200,20-145,17.878143222611804,28.0,24.237650195385722,114.03844321087794
shared_lambda_map_specific_zeta,13,1,2,4,63,150-200,20-145,17.878143222611804,22.0,21.94706679690903,79.46924192510447
shared_lambda_map_specific_zeta,13,1,2,5,63,150-200,20-145,17.878143222611804,17.5,-94.05524274902363,40.75578798058254
map_specific_lambda_shared_zeta,13,1,2,2,63,150-200,20-145,22.317981094042864,28.0,-153.72682059360042,60.2852820490553
map_specific_lambda_shared_zeta,13,1,2,3,63,150-200,20-145,16.780266063679814,28.0,24.2929515177481,110.01818575262685
map_specific_lambda_shared_zeta,13,1,2,4,63,150-200,20-145,9.791483623609768,28.0,22.03125372293107,76.24499350717795
map_specific_lambda_shared_zeta,13,1,2,5,63,150-200,20-145,6.694329500821696,28.0,-94.00128608791461,32.94294155608181
all_shared_lambda_and_zeta,14,1,1,2,63,150-200,20-145,16.25687467927739,25.0,-117.74445344517231,41.16775166385755
all_shared_lambda_and_zeta,14,1,1,3,63,150-200,20-145,16.25687467927739,25.0,-30.381074021699916,67.37990516871864
all_shared_lambda_and_zeta,14,1,1,4,63,150-200,20-145,16.25687467927739,25.0,-31.005237558004122,95.03276940006738
all_shared_lambda_and_zeta,14,1,1,5,63,150-200,20-145,16.25687467927739,25.0,62.137949841547425,89.93947655049725
map_shared_lambda_and_zeta,14,1,1,2,63,150-200,20-145,22.317981094042864,28.0,-118.36046080275531,20.669941118523354
map_shared_lambda_and_zeta,14,1,1,3,63,150-200,20-145,16.780266063679814,28.0,-30.41191101746945,91.17577159431681
map_shared_lambda_and_zeta,14,1,1,4,63,150-200,20-145,13.874844806111179,23.5,-30.966347097196763,76.24512285744663
map_shared_lambda_and_zeta,14,1,1,5,63,150-200,20-145,11.472483074052871,19.0,62.18528225284114,34.884152834189756
shared_lambda_map_specific_zeta,14,1,1,2,63,150-200,20-145,18.453731477822707,28.0,-117.86910413481692,28.94725826224749
shared_lambda_map_specific_zeta,14,1,1,3,63,150-200,20-145,18.453731477822707,26.5,-30.488497310860428,84.92149397281955
shared_lambda_map_specific_zeta,14,1,1,4,63,150-200,20-145,18.453731477822707,22.0,-31.065808138299357,80.78691685268659
shared_lambda_map_specific_zeta,14,1,1,5,63,150-200,20-145,18.453731477822707,17.5,62.116486090330454,42.61035939961773
map_specific_lambda_shared_zeta,14,1,1,2,63,150-200,20-145,22.317981094042864,28.0,-118.36046080275531,20.669941118523354
map_specific_lambda_shared_zeta,14,1,1,3,63,150-200,20-145,16.780266063679814,28.0,-30.41191101746945,91.17577159431681
map_specific_lambda_shared_zeta,14,1,1,4,63,150-200,20-145,9.791483623609768,28.0,-30.957402836748987,75.0609810729278
map_specific_lambda_shared_zeta,14,1,1,5,63,150-200,20-145,6.694329500821696,28.0,62.18593715237216,33.935018016993084
all_shared_lambda_and_zeta,15,1,0,2,63,150-200,20-145,17.320508075688775,23.5,-84.29008877980996,103.82406354819759
all_shared_lambda_and_zeta,15,1,0,3,63,150-200,20-145,17.320508075688775,23.5,-158.44624921543684,37.204485088647765
all_shared_lambda_and_zeta,15,1,0,4,63,150-200,20-145,17.320508075688775,23.5,-22.04154636123832,56.436633084661715
all_shared_lambda_and_zeta,15,1,0,5,63,150-200,20-145,17.320508075688775,23.5,-16.940759270256482,63.3425037877626
map_shared_lambda_and_zeta,15,1,0,2,63,150-200,20-145,22.317981094042864,28.0,-84.88029696634281,56.57001867687638
map_shared_lambda_and_zeta,15,1,0,3,63,150-200,20-145,16.780266063679814,28.0,-158.45128704015625,53.8365685613019
map_shared_lambda_and_zeta,15,1,0,4,63,150-200,20-145,13.874844806111179,23.5,-21.97685672938084,45.516252242319005
map_shared_lambda_and_zeta,15,1,0,5,63,150-200,20-145,11.472483074052871,19.0,-16.86762768791266,20.59931033061935
shared_lambda_map_specific_zeta,15,1,0,2,63,150-200,20-145,18.453731477822707,28.0,-84.38894029840446,65.45590168214126
shared_lambda_map_specific_zeta,15,1,0,3,63,150-200,20-145,18.453731477822707,26.5,-158.5278733335472,50.20666163216338
shared_lambda_map_specific_zeta,15,1,0,4,63,150-200,20-145,18.453731477822707,22.0,-22.076317770483428,50.93578006603483
shared_lambda_map_specific_zeta,15,1,0,5,63,150-200,20-145,18.453731477822707,17.5,-16.93642385042333,28.38384987786264
map_specific_lambda_shared_zeta,15,1,0,2,63,150-200,20-145,22.317981094042864,28.0,-84.88029696634281,56.57001867687638
map_specific_lambda_shared_zeta,15,1,0,3,63,150-200,20-145,16.780266063679814,28.0,-158.45128704015625,53.8365685613019
map_specific_lambda_shared_zeta,15,1,0,4,63,150-200,20-145,9.48607856330461,28.0,-21.967853757652758,43.819395578963565
map_specific_lambda_shared_zeta,15,1,0,5,63,150-200,20-145,6.694329500821696,28.0,-16.866972788381627,23.022376433872665
all_shared_lambda_and_zeta,16,2,0,2,63,150-200,20-145,16.25687467927739,25.0,-38.22144958168202,57.83549594088931
all_shared_lambda_and_zeta,16,2,0,3,63,150-200,20-145,16.25687467927739,25.0,-132.1196560440015,44.58058589707259
all_shared_lambda_and_zeta,16,2,0,4,63,150-200,20-145,16.25687467927739,25.0,-31.86331101236153,95.40814741956257
all_shared_lambda_and_zeta,16,2,0,5,63,150-200,20-145,16.25687467927739,25.0,-59.124530552122366,93.95795038200507
map_shared_lambda_and_zeta,16,2,0,2,63,150-200,20-145,22.317981094042864,28.0,-38.83745693926499,35.1328854742113
map_shared_lambda_and_zeta,16,2,0,3,63,150-200,20-145,16.780266063679814,28.0,-132.15049303977105,68.62572519883982
map_shared_lambda_and_zeta,16,2,0,4,63,150-200,20-145,13.874844806111179,23.5,-31.82442055155417,76.81095930286952
map_shared_lambda_and_zeta,16,2,0,5,63,150-200,20-145,11.472483074052871,19.0,-59.07719814082866,39.71058545083613
shared_lambda_map_specific_zeta,16,2,0,2,63,150-200,20-145,18.453731477822707,28.0,-38.34610027132663,45.15690141376062
shared_lambda_map_specific_zeta,16,2,0,3,63,150-200,20-145,18.453731477822707,26.5,-132.227079333162,61.35956091967389
shared_lambda_map_specific_zeta,16,2,0,4,63,150-200,20-145,18.453731477822707,22.0,-31.923881592656766,80.62396676328152
shared_lambda_map_specific_zeta,16,2,0,5,63,150-200,20-145,18.453731477822707,17.5,-59.145994303339336,47.248972708366544
map_specific_lambda_shared_zeta,16,2,0,2,63,150-200,20-145,22.317981094042864,28.0,-38.83745693926499,35.1328854742113
map_specific_lambda_shared_zeta,16,2,0,3,63,150-200,20-145,16.780266063679814,28.0,-132.15049303977105,68.62572519883982
map_specific_lambda_shared_zeta,16,2,0,4,63,150-200,20-145,9.791483623609768,28.0,-31.815476291106407,76.43422246674193
map_specific_lambda_shared_zeta,16,2,0,5,63,150-200,20-145,6.694329500821696,28.0,-59.07654324129764,38.11984966667813
all_shared_lambda_and_zeta,17,2,1,2,63,150-200,20-145,16.25687467927739,25.0,-51.830410135660784,33.41936600038665
all_shared_lambda_and_zeta,17,2,1,3,63,150-200,20-145,16.25687467927739,25.0,-80.37819716637013,62.03406182921071
all_shared_lambda_and_zeta,17,2,1,4,63,150-200,20-145,16.25687467927739,25.0,30.423847069813633,98.6968566641386
all_shared_lambda_and_zeta,17,2,1,5,63,150-200,20-145,16.25687467927739,25.0,-39.27994714453101,103.79260245008284
map_shared_lambda_and_zeta,17,2,1,2,63,150-200,20-145,22.317981094042864,28.0,-52.44641749324376,47.58468224764294
map_shared_lambda_and_zeta,17,2,1,3,63,150-200,20-145,16.780266063679814,28.0,-80.40903416213965,88.19923612099471
map_shared_lambda_and_zeta,17,2,1,4,63,150-200,20-145,13.874844806111179,23.5,30.462737530620995,79.21995784241803
map_shared_lambda_and_zeta,17,2,1,5,63,150-200,20-145,11.841840586928083,19.0,-39.232936985514655,50.79683408855196
shared_lambda_map_specific_zeta,17,2,1,2,63,150-200,20-145,18.453731477822707,28.0,-51.955060825305395,48.224235843764625
shared_lambda_map_specific_zeta,17,2,1,3,63,150-200,20-145,18.453731477822707,26.5,-80.48562045553062,80.17960345534554
shared_lambda_map_specific_zeta,17,2,1,4,63,150-200,20-145,18.453731477822707,22.0,30.363276489518398,82.37874321729052
shared_lambda_map_specific_zeta,17,2,1,5,63,150-200,20-145,18.453731477822707,17.5,-39.30141089574798,57.17699769846929
map_specific_lambda_shared_zeta,17,2,1,2,63,150-200,20-145,22.317981094042864,28.0,-52.44641749324376,47.58468224764294
map_specific_lambda_shared_zeta,17,2,1,3,63,150-200,20-145,16.780266063679814,28.0,-80.40903416213965,88.19923612099471
map_specific_lambda_shared_zeta,17,2,1,4,63,150-200,20-145,9.791483623609768,28.0,30.471681791068765,78.99894153596178
map_specific_lambda_shared_zeta,17,2,1,5,63,150-200,20-145,6.694329500821696,28.0,-39.231959833706284,47.17670363096492
all_shared_lambda_and_zeta,18,2,2,2,63,150-200,20-145,16.25687467927739,25.0,-76.68735354894712,40.17397415117209
all_shared_lambda_and_zeta,18,2,2,3,63,150-200,20-145,16.25687467927739,25.0,-62.85693073749856,76.75529991670145
all_shared_lambda_and_zeta,18,2,2,4,63,150-200,20-145,16.25687467927739,25.0,-22.150615514108075,105.58491558236749
all_shared_lambda_and_zeta,18,2,2,5,63,150-200,20-145,16.25687467927739,25.0,17.823631989038315,89.89806629214227
map_shared_lambda_and_zeta,18,2,2,2,63,150-200,20-145,22.317981094042864,28.0,-77.30336090653009,69.16166231462553
map_shared_lambda_and_zeta,18,2,2,3,63,150-200,20-145,16.780266063679814,28.0,-62.88776773326808,103.09870935124492
map_shared_lambda_and_zeta,18,2,2,4,63,150-200,20-145,13.874844806111179,23.5,-22.111725053300717,86.08272782358898
map_shared_lambda_and_zeta,18,2,2,5,63,150-200,20-145,11.472483074052871,19.0,17.87096440033202,35.08912539903545
shared_lambda_map_specific_zeta,18,2,2,2,63,150-200,20-145,17.878143222611804,28.0,-76.77349186707904,65.47804346719172
shared_lambda_map_specific_zeta,18,2,2,3,63,150-200,20-145,17.878143222611804,28.0,-62.943069055630446,106.63899053544488
shared_lambda_map_specific_zeta,18,2,2,4,63,150-200,20-145,17.878143222611804,22.0,-22.186967718874982,87.44811789409992
shared_lambda_map_specific_zeta,18,2,2,5,63,150-200,20-145,17.878143222611804,17.5,17.817662638754015,41.22429575497269
map_specific_lambda_shared_zeta,18,2,2,2,63,150-200,20-145,22.317981094042864,28.0,-77.30336090653009,69.16166231462553
map_specific_lambda_shared_zeta,18,2,2,3,63,150-200,20-145,16.780266063679814,28.0,-62.88776773326808,103.09870935124492
map_specific_lambda_shared_zeta,18,2,2,4,63,150-200,20-145,9.791483623609768,28.0,-22.10278079285294,86.17842031190658
map_specific_lambda_shared_zeta,18,2,2,5,63,150-200,20-145,6.694329500821696,28.0,17.871619299863056,34.24290311225544
all_shared_lambda_and_zeta,19,2,3,2,63,150-200,20-145,16.25687467927739,25.0,-90.79063560810428,38.782688295482686
all_shared_lambda_and_zeta,19,2,3,3,63,150-200,20-145,16.25687467927739,25.0,-118.62813416410216,78.46181016651066
all_shared_lambda_and_zeta,19,2,3,4,63,150-200,20-145,16.25687467927739,25.0,73.07897048983769,95.8002726401743
all_shared_lambda_and_zeta,19,2,3,5,63,150-200,20-145,16.25687467927739,25.0,52.66656935853063,88.04019856931168
map_shared_lambda_and_zeta,19,2,3,2,63,150-200,20-145,22.317981094042864,28.0,-91.40664296568724,67.87954971485283
map_shared_lambda_and_zeta,19,2,3,3,63,150-200,20-145,16.780266063679814,28.0,-118.65897115987171,104.74883230397207
map_shared_lambda_and_zeta,19,2,3,4,63,150-200,20-145,13.874844806111179,23.5,73.11786095064504,76.37875831738134
map_shared_lambda_and_zeta,19,2,3,5,63,150-200,20-145,11.472483074052871,19.0,52.71390176982434,33.92174137077766
shared_lambda_map_specific_zeta,19,2,3,2,63,150-200,20-145,17.878143222611804,28.0,-90.8767739262362,64.18340760416014
shared_lambda_map_specific_zeta,19,2,3,3,63,150-200,20-145,17.878143222611804,28.0,-118.71427248223408,108.44813702338509
shared_lambda_map_specific_zeta,19,2,3,4,63,150-200,20-145,17.878143222611804,22.0,73.04261828507077,78.71515914018441
shared_lambda_map_specific_zeta,19,2,3,5,63,150-200,20-145,17.878143222611804,17.5,52.66060000824633,39.17642351644256
map_specific_lambda_shared_zeta,19,2,3,2,63,150-200,20-145,22.317981094042864,28.0,-91.40664296568724,67.87954971485283
map_specific_lambda_shared_zeta,19,2,3,3,63,150-200,20-145,16.780266063679814,28.0,-118.65897115987171,104.74883230397207
map_specific_lambda_shared_zeta,19,2,3,4,63,150-200,20-145,9.791483623609768,28.0,73.12680521109282,75.98963422358662
map_specific_lambda_shared_zeta,19,2,3,5,63,150-200,20-145,6.694329500821696,28.0,52.71455666935537,34.53446217699001
all_shared_lambda_and_zeta,20,2,4,2,63,150-200,20-145,16.25687467927739,25.0,-107.1980678182743,35.27656180619518
all_shared_lambda_and_zeta,20,2,4,3,63,150-200,20-145,16.25687467927739,25.0,-114.11496835498416,49.44698294871883
all_shared_lambda_and_zeta,20,2,4,4,63,150-200,20-145,16.25687467927739,25.0,-25.274949273081823,68.61624221366834
all_shared_lambda_and_zeta,20,2,4,5,63,150-200,20-145,16.25687467927739,25.0,-33.1417560598967,86.15390208878442
map_shared_lambda_and_zeta,20,2,4,2,63,150-200,20-145,22.317981094042864,28.0,-107.81407517585725,58.20598216676116
map_shared_lambda_and_zeta,20,2,4,3,63,150-200,20-145,16.780266063679814,28.0,-114.1458053507537,74.92521809843858
map_shared_lambda_and_zeta,20,2,4,4,63,150-200,20-145,13.874844806111179,23.5,-25.236058812274464,49.53340647791211
map_shared_lambda_and_zeta,20,2,4,5,63,150-200,20-145,11.472483074052871,19.0,-33.09442364860299,31.314952466440527
shared_lambda_map_specific_zeta,20,2,4,2,63,150-200,20-145,18.453731477822707,28.0,-107.32271850791889,56.91347522532625
shared_lambda_map_specific_zeta,20,2,4,3,63,150-200,20-145,18.453731477822707,26.5,-114.22239164414468,67.11056057636473
shared_lambda_map_specific_zeta,20,2,4,4,63,150-200,20-145,18.453731477822707,22.0,-25.335519853377058,53.81933732773306
shared_lambda_map_specific_zeta,20,2,4,5,63,150-200,20-145,18.453731477822707,17.5,-33.16321981111366,40.88019262311667
map_specific_lambda_shared_zeta,20,2,4,2,63,150-200,20-145,22.317981094042864,28.0,-107.81407517585725,58.20598216676116
map_specific_lambda_shared_zeta,20,2,4,3,63,150-200,20-145,16.780266063679814,28.0,-114.1458053507537,74.92521809843858
map_specific_lambda_shared_zeta,20,2,4,4,63,150-200,20-145,9.791483623609768,28.0,-25.227114551826695,50.01747639438249
map_specific_lambda_shared_zeta,20,2,4,5,63,150-200,20-145,6.694329500821696,28.0,-33.09376874907196,28.79747545252201
all_shared_lambda_and_zeta,21,2,5,2,63,150-200,20-145,17.320508075688775,23.5,25.77369877507683,57.84392930880663
all_shared_lambda_and_zeta,21,2,5,3,63,150-200,20-145,17.320508075688775,23.5,-72.86968128497598,39.68730948908402
all_shared_lambda_and_zeta,21,2,5,4,63,150-200,20-145,17.320508075688775,23.5,-47.949307028324775,39.117979898212
all_shared_lambda_and_zeta,21,2,5,5,63,150-200,20-145,17.320508075688775,23.5,-88.64001974643935,89.64619725086541
map_shared_lambda_and_zeta,21,2,5,2,63,150-200,20-145,22.317981094042864,28.0,25.18349058854397,32.756815614250705
map_shared_lambda_and_zeta,21,2,5,3,63,150-200,20-145,17.878143222611804,26.5,-72.916635726952,16.97187689618188
map_shared_lambda_and_zeta,21,2,5,4,63,150-200,20-145,13.44207608814922,23.5,-47.881991831411256,27.56799726107504
map_shared_lambda_and_zeta,21,2,5,5,63,150-200,20-145,11.841840586928083,19.0,-88.56721041637283,44.82073940026903
shared_lambda_map_specific_zeta,21,2,5,2,63,150-200,20-145,18.453731477822707,28.0,25.674847256482337,42.734130526610514
shared_lambda_map_specific_zeta,21,2,5,3,63,150-200,20-145,18.453731477822707,26.5,-72.95130540308637,15.050709619470037
shared_lambda_map_specific_zeta,21,2,5,4,63,150-200,20-145,18.453731477822707,22.0,-47.984078437569885,32.228420916787194
shared_lambda_map_specific_zeta,21,2,5,5,63,150-200,20-145,18.453731477822707,17.5,-88.63568432660618,52.170033267336905
map_specific_lambda_shared_zeta,21,2,5,2,63,150-200,20-145,22.317981094042864,28.0,25.18349058854397,32.756815614250705
map_specific_lambda_shared_zeta,21,2,5,3,63,150-200,20-145,16.780266063679814,28.0,-72.8747191096954,16.48294340431424
map_specific_lambda_shared_zeta,21,2,5,4,63,150-200,20-145,9.48607856330461,28.0,-47.875614424739204,32.19792231098915
map_specific_lambda_shared_zeta,21,2,5,5,63,150-200,20-145,6.694329500821696,28.0,-88.56623326456447,40.05224429310163
all_shared_lambda_and_zeta,22,2,6,2,63,150-200,20-145,17.320508075688775,23.5,54.26488117045472,129.11820652902955
all_shared_lambda_and_zeta,22,2,6,3,63,150-200,20-145,17.320508075688775,23.5,-45.03444600847355,140.70363214455907
all_shared_lambda_and_zeta,22,2,6,4,63,150-200,20-145,17.320508075688775,23.5,-131.69901174481308,56.9783107402232
all_shared_lambda_and_zeta,22,2,6,5,63,150-200,20-145,17.320508075688775,23.5,-73.65575360910853,31.405935258276745
map_shared_lambda_and_zeta,22,2,6,2,63,150-200,20-145,22.317981094042864,28.0,53.67467298392189,82.53555004514052
map_shared_lambda_and_zeta,22,2,6,3,63,150-200,20-145,17.878143222611804,26.5,-45.08140045044956,115.4679406806536
map_shared_lambda_and_zeta,22,2,6,4,63,150-200,20-145,13.44207608814922,23.5,-131.6316965478996,70.7905690833961
map_shared_lambda_and_zeta,22,2,6,5,63,150-200,20-145,11.472483074052871,19.0,-73.58262202676472,66.09887602866782
shared_lambda_map_specific_zeta,22,2,6,2,63,150-200,20-145,18.453731477822707,28.0,54.16602965186025,91.94423316199051
shared_lambda_map_specific_zeta,22,2,6,3,63,150-200,20-145,18.453731477822707,26.5,-45.116070126583935,113.90120016024093
shared_lambda_map_specific_zeta,22,2,6,4,63,150-200,20-145,18.453731477822707,22.0,-131.73378315405822,66.0136334373454
shared_lambda_map_specific_zeta,22,2,6,5,63,150-200,20-145,18.453731477822707,16.0,-73.6402046198981,71.99467349325606
map_specific_lambda_shared_zeta,22,2,6,2,63,150-200,20-145,22.317981094042864,28.0,53.67467298392189,82.53555004514052
map_specific_lambda_shared_zeta,22,2,6,3,63,150-200,20-145,16.780266063679814,28.0,-45.03948383319296,106.87429670960321
map_specific_lambda_shared_zeta,22,2,6,4,63,150-200,20-145,9.48607856330461,28.0,-131.62531914122752,77.97183160018251
map_specific_lambda_shared_zeta,22,2,6,5,63,150-200,20-145,6.694329500821696,28.0,-73.58196712723367,70.31528415343926
all_shared_lambda_and_zeta,23,2,7,2,63,150-200,20-145,17.320508075688775,23.5,187.8192337280164,203.1750311262396
all_shared_lambda_and_zeta,23,2,7,3,63,150-200,20-145,17.320508075688775,23.5,157.01841345450242,158.1026220948147
all_shared_lambda_and_zeta,23,2,7,4,63,150-200,20-145,17.320508075688775,23.5,-15.49408616263754,86.01240077432148
all_shared_lambda_and_zeta,23,2,7,5,63,150-200,20-145,17.320508075688775,23.5,-12.959163317359268,19.24324779616619
map_shared_lambda_and_zeta,23,2,7,2,63,150-200,20-145,23.036510285681896,28.0,187.08321832552508,157.2101415900797
map_shared_lambda_and_zeta,23,2,7,3,63,150-200,20-145,17.878143222611804,26.5,156.97145901252642,132.60484698244935
map_shared_lambda_and_zeta,23,2,7,4,63,150-200,20-145,13.44207608814922,23.5,-15.426770965724025,99.35974436890831
map_shared_lambda_and_zeta,23,2,7,5,63,150-200,20-145,11.472483074052871,19.0,-12.886031735015445,37.9671382827605
shared_lambda_map_specific_zeta,23,2,7,2,63,150-200,20-145,18.453731477822707,28.0,187.72038220942196,162.78077552857354
shared_lambda_map_specific_zeta,23,2,7,3,63,150-200,20-145,18.453731477822707,26.5,156.93678933639202,131.18394289875576
shared_lambda_map_specific_zeta,23,2,7,4,63,150-200,20-145,18.453731477822707,22.0,-15.528857571882657,94.75974941498954
shared_lambda_map_specific_zeta,23,2,7,5,63,150-200,20-145,18.453731477822707,16.0,-12.94361432814883,40.06585404751503
map_specific_lambda_shared_zeta,23,2,7,2,63,150-200,20-145,23.036510285681896,28.0,187.08321832552508,157.2101415900797
map_specific_lambda_shared_zeta,23,2,7,3,63,150-200,20-145,16.25687467927739,28.0,157.03258613743682,125.51095911966303
map_specific_lambda_shared_zeta,23,2,7,4,63,150-200,20-145,9.48607856330461,28.0,-15.42039355905198,105.18861363721639
map_specific_lambda_shared_zeta,23,2,7,5,63,150-200,20-145,6.694329500821696,28.0,-12.885376835484415,45.777294528503596
all_shared_lambda_and_zeta,24,3,7,2,63,150-200,20-145,17.320508075688775,23.5,43.95280953033233,130.4522495928823
all_shared_lambda_and_zeta,24,3,7,3,63,150-200,20-145,17.320508075688775,23.5,148.9934714823468,150.1462669085526
all_shared_lambda_and_zeta,24,3,7,4,63,150-200,20-145,17.320508075688775,23.5,156.51889988402326,96.5696643867772
all_shared_lambda_and_zeta,24,3,7,5,63,150-200,20-145,17.320508075688775,23.5,22.03914671991603,28.990275950866334
map_shared_lambda_and_zeta,24,3,7,2,63,150-200,20-145,23.036510285681896,28.0,43.216794127840984,87.44916867928865
map_shared_lambda_and_zeta,24,3,7,3,63,150-200,20-145,17.878143222611804,26.5,148.94651704037082,124.48606748926602
map_shared_lambda_and_zeta,24,3,7,4,63,150-200,20-145,13.44207608814922,23.5,156.58621508093677,108.64433107033484
map_shared_lambda_and_zeta,24,3,7,5,63,150-200,20-145,11.472483074052871,19.0,22.11227830225985,71.33803497269804
shared_lambda_map_specific_zeta,24,3,7,2,63,150-200,20-145,18.453731477822707,28.0,43.853958011737845,90.2531780262307
shared_lambda_map_specific_zeta,24,3,7,3,63,150-200,20-145,18.453731477822707,26.5,148.9118473642364,123.40667987274885
shared_lambda_map_specific_zeta,24,3,7,4,63,150-200,20-145,18.453731477822707,22.0,156.48412847477815,106.10057018885405
shared_lambda_map_specific_zeta,24,3,7,5,63,150-200,20-145,18.453731477822707,16.0,22.054695709126467,73.32319605964669
map_specific_lambda_shared_zeta,24,3,7,2,63,150-200,20-145,23.036510285681896,28.0,43.216794127840984,87.44916867928865
map_specific_lambda_shared_zeta,24,3,7,3,63,150-200,20-145,16.780266063679814,28.0,148.98843365762738,114.26734763439714
map_specific_lambda_shared_zeta,24,3,7,4,63,150-200,20-145,9.48607856330461,28.0,156.59259248760884,113.01019120403457
map_specific_lambda_shared_zeta,24,3,7,5,63,150-200,20-145,6.694329500821696,28.0,22.11293320179088,77.46364158814059
all_shared_lambda_and_zeta,25,3,6,2,63,150-200,20-145,17.320508075688775,23.5,73.13350459690788,96.08357828936462
all_shared_lambda_and_zeta,25,3,6,3,63,150-200,20-145,17.320508075688775,23.5,118.16201958138976,158.4424569782321
all_shared_lambda_and_zeta,25,3,6,4,63,150-200,20-145,17.320508075688775,23.5,25.567073488874186,123.25826153480163
all_shared_lambda_and_zeta,25,3,6,5,63,150-200,20-145,17.320508075688775,23.5,-96.71385122498609,101.65367876681454
map_shared_lambda_and_zeta,25,3,6,2,63,150-200,20-145,22.317981094042864,28.0,72.54329641037502,50.225335107816406
map_shared_lambda_and_zeta,25,3,6,3,63,150-200,20-145,17.878143222611804,26.5,118.11506513941373,132.94231907859907
map_shared_lambda_and_zeta,25,3,6,4,63,150-200,20-145,13.44207608814922,23.5,25.634388685787698,135.4218930124784
map_shared_lambda_and_zeta,25,3,6,5,63,150-200,20-145,11.114646149663537,19.0,-96.64049783141108,146.04241285238498
shared_lambda_map_specific_zeta,25,3,6,2,63,150-200,20-145,18.453731477822707,28.0,73.03465307831338,57.858374447060505
shared_lambda_map_specific_zeta,25,3,6,3,63,150-200,20-145,18.453731477822707,26.5,118.08039546327936,131.6443343410039
shared_lambda_map_specific_zeta,25,3,6,4,63,150-200,20-145,18.453731477822707,22.0,25.532302079629073,132.84271130949801
shared_lambda_map_specific_zeta,25,3,6,5,63,150-200,20-145,18.453731477822707,16.0,-96.69830223577564,149.0196051185969
map_specific_lambda_shared_zeta,25,3,6,2,63,150-200,20-145,22.317981094042864,28.0,72.54329641037502,50.225335107816406
map_specific_lambda_shared_zeta,25,3,6,3,63,150-200,20-145,16.780266063679814,28.0,118.15698175667033,123.39925561815953
map_specific_lambda_shared_zeta,25,3,6,4,63,150-200,20-145,9.48607856330461,28.0,25.640766092459742,139.43018629490214
map_specific_lambda_shared_zeta,25,3,6,5,63,150-200,20-145,6.485527425110586,28.0,-96.6400646708373,151.85323823174517
all_shared_lambda_and_zeta,26,3,5,2,63,150-200,20-145,17.320508075688775,23.5,20.10083706264262,34.85933486394372
all_shared_lambda_and_zeta,26,3,5,3,63,150-200,20-145,17.320508075688775,23.5,22.991668026709196,63.26217978973912
all_shared_lambda_and_zeta,26,3,5,4,63,150-200,20-145,17.320508075688775,23.5,24.20565686276101,10.392954202862244
all_shared_lambda_and_zeta,26,3,5,5,63,150-200,20-145,17.320508075688775,23.5,40.922865634520036,51.883034131874595
map_shared_lambda_and_zeta,26,3,5,2,63,150-200,20-145,22.317981094042864,28.0,19.510628876109763,51.26622971603632
map_shared_lambda_and_zeta,26,3,5,3,63,150-200,20-145,16.780266063679814,28.0,22.986630201989787,48.04716896933957
map_shared_lambda_and_zeta,26,3,5,4,63,150-200,20-145,13.44207608814922,23.5,24.27297205967453,18.09359667303391
map_shared_lambda_and_zeta,26,3,5,5,63,150-200,20-145,11.472483074052871,19.0,40.995997216863856,7.230885180783222
shared_lambda_map_specific_zeta,26,3,5,2,63,150-200,20-145,18.453731477822707,28.0,20.00198554404813,52.81050381130612
shared_lambda_map_specific_zeta,26,3,5,3,63,150-200,20-145,18.453731477822707,26.5,22.910043908598812,45.698735111514985
shared_lambda_map_specific_zeta,26,3,5,4,63,150-200,20-145,18.453731477822707,22.0,24.170885453515897,10.910550793771499
shared_lambda_map_specific_zeta,26,3,5,5,63,150-200,20-145,18.453731477822707,17.5,40.92720105435319,17.920210751764447
map_specific_lambda_shared_zeta,26,3,5,2,63,150-200,20-145,22.317981094042864,28.0,19.510628876109763,51.26622971603632
map_specific_lambda_shared_zeta,26,3,5,3,63,150-200,20-145,16.780266063679814,28.0,22.986630201989787,48.04716896933957
map_specific_lambda_shared_zeta,26,3,5,4,63,150-200,20-145,9.48607856330461,28.0,24.279349466346574,31.149722166756654
map_specific_lambda_shared_zeta,26,3,5,5,63,150-200,20-145,6.694329500821696,28.0,40.996652116394884,14.181395336774235
all_shared_lambda_and_zeta,27,3,4,2,63,150-200,20-145,16.25687467927739,25.0,-93.9981144527567,36.35087439835488
all_shared_lambda_and_zeta,27,3,4,3,63,150-200,20-145,16.25687467927739,25.0,-56.83478245501115,39.90492431630344
all_shared_lambda_and_zeta,27,3,4,4,63,150-200,20-145,16.25687467927739,25.0,-43.547112379559,80.7821794292381
all_shared_lambda_and_zeta,27,3,4,5,63,150-200,20-145,16.25687467927739,25.0,-46.253029225562805,93.72810123200156
map_shared_lambda_and_zeta,27,3,4,2,63,150-200,20-145,22.317981094042864,28.0,-94.61412181033967,58.511245517893876
map_shared_lambda_and_zeta,27,3,4,3,63,150-200,20-145,16.780266063679814,28.0,-56.86561945078068,63.74004515230555
map_shared_lambda_and_zeta,27,3,4,4,63,150-200,20-145,13.874844806111179,23.5,-43.50822191875165,61.75052413467542
map_shared_lambda_and_zeta,27,3,4,5,63,150-200,20-145,11.472483074052871,19.0,-46.20569681426911,39.79893518697649
shared_lambda_map_specific_zeta,27,3,4,2,63,150-200,20-145,18.453731477822707,28.0,-94.1227651424013,57.26637934110193
shared_lambda_map_specific_zeta,27,3,4,3,63,150-200,20-145,18.453731477822707,26.5,-56.94220574417165,53.139682414828265
shared_lambda_map_specific_zeta,27,3,4,4,63,150-200,20-145,18.453731477822707,22.0,-43.60768295985424,62.6092370665568
shared_lambda_map_specific_zeta,27,3,4,5,63,150-200,20-145,18.453731477822707,17.5,-46.27449297677978,45.65530967080255
map_specific_lambda_shared_zeta,27,3,4,2,63,150-200,20-145,22.317981094042864,28.0,-94.61412181033967,58.511245517893876
map_specific_lambda_shared_zeta,27,3,4,3,63,150-200,20-145,16.780266063679814,28.0,-56.86561945078068,63.74004515230555
map_specific_lambda_shared_zeta,27,3,4,4,63,150-200,20-145,9.791483623609768,28.0,-43.49927765830387,64.48929574143742
map_specific_lambda_shared_zeta,27,3,4,5,63,150-200,20-145,6.694329500821696,28.0,-46.205041914738075,39.356788463988146
all_shared_lambda_and_zeta,28,3,3,2,63,150-200,20-145,16.25687467927739,25.0,-94.78273761236106,46.20347806910278
all_shared_lambda_and_zeta,28,3,3,3,63,150-200,20-145,16.25687467927739,25.0,-160.76144909694972,61.6227940264015
all_shared_lambda_and_zeta,28,3,3,4,63,150-200,20-145,16.25687467927739,25.0,-45.80642500461097,72.95803977449648
all_shared_lambda_and_zeta,28,3,3,5,63,150-200,20-145,16.25687467927739,25.0,15.261217835226928,95.18451758872288
map_shared_lambda_and_zeta,28,3,3,2,63,150-200,20-145,22.317981094042864,28.0,-95.39874496994403,70.73850805865862
map_shared_lambda_and_zeta,28,3,3,3,63,150-200,20-145,16.780266063679814,28.0,-160.79228609271922,88.18229784544941
map_shared_lambda_and_zeta,28,3,3,4,63,150-200,20-145,13.874844806111179,23.5,-45.76753454380361,54.27808708831325
map_shared_lambda_and_zeta,28,3,3,5,63,150-200,20-145,11.841840586928083,19.0,15.308227994243293,41.82059266845083
shared_lambda_map_specific_zeta,28,3,3,2,63,150-200,20-145,17.878143222611804,28.0,-94.86887593049299,69.19203153680903
shared_lambda_map_specific_zeta,28,3,3,3,63,150-200,20-145,17.878143222611804,28.0,-160.8475874150816,91.04760184157765
shared_lambda_map_specific_zeta,28,3,3,4,63,150-200,20-145,17.878143222611804,22.0,-45.842777209377886,53.69342653119638
shared_lambda_map_specific_zeta,28,3,3,5,63,150-200,20-145,17.878143222611804,17.5,15.255248484942625,46.61496347803239
map_specific_lambda_shared_zeta,28,3,3,2,63,150-200,20-145,22.317981094042864,28.0,-95.39874496994403,70.73850805865862
map_specific_lambda_shared_zeta,28,3,3,3,63,150-200,20-145,16.780266063679814,28.0,-160.79228609271922,88.18229784544941
map_specific_lambda_shared_zeta,28,3,3,4,63,150-200,20-145,9.791483623609768,28.0,-45.75859028335584,57.90816787585261
map_specific_lambda_shared_zeta,28,3,3,5,63,150-200,20-145,6.694329500821696,28.0,15.309205146051665,38.71629341097652
all_shared_lambda_and_zeta,29,3,2,2,63,150-200,20-145,16.25687467927739,25.0,-89.02011924159385,45.22953240198572
all_shared_lambda_and_zeta,29,3,2,3,63,150-200,20-145,16.25687467927739,25.0,-199.4892632636231,62.1759294686777
all_shared_lambda_and_zeta,29,3,2,4,63,150-200,20-145,16.25687467927739,25.0,-47.03230533576257,98.33819465539216
all_shared_lambda_and_zeta,29,3,2,5,63,150-200,20-145,16.25687467927739,25.0,-12.90842489440078,106.77559132902894
map_shared_lambda_and_zeta,29,3,2,2,63,150-200,20-145,22.317981094042864,28.0,-89.63612659917682,71.3150377251906
map_shared_lambda_and_zeta,29,3,2,3,63,150-200,20-145,16.780266063679814,28.0,-199.52010025939262,88.42591652329722
map_shared_lambda_and_zeta,29,3,2,4,63,150-200,20-145,13.874844806111179,23.5,-46.993414874955214,79.08970991414604
map_shared_lambda_and_zeta,29,3,2,5,63,150-200,20-145,11.841840586928083,19.0,-12.861414735384413,53.97042679454481
shared_lambda_map_specific_zeta,29,3,2,2,63,150-200,20-145,17.878143222611804,28.0,-89.10625755972575,69.07793078648837
shared_lambda_map_specific_zeta,29,3,2,3,63,150-200,20-145,17.878143222611804,28.0,-199.575401581755,91.3679097670597
shared_lambda_map_specific_zeta,29,3,2,4,63,150-200,20-145,17.878143222611804,22.0,-47.06865754052947,80.4357984066945
shared_lambda_map_specific_zeta,29,3,2,5,63,150-200,20-145,17.878143222611804,17.5,-12.914394244685083,58.46443591744181
map_specific_lambda_shared_zeta,29,3,2,2,63,150-200,20-145,22.317981094042864,28.0,-89.63612659917682,71.3150377251906
map_specific_lambda_shared_zeta,29,3,2,3,63,150-200,20-145,16.780266063679814,28.0,-199.52010025939262,88.42591652329722
map_specific_lambda_shared_zeta,29,3,2,4,63,150-200,20-145,9.791483623609768,28.0,-46.98447061450743,79.8672277097972
map_specific_lambda_shared_zeta,29,3,2,5,63,150-200,20-145,6.694329500821696,28.0,-12.860437583576042,50.992423691193686
all_shared_lambda_and_zeta,30,3,1,2,63,150-200,20-145,16.25687467927739,25.0,-79.40083306296178,43.24758127592067
all_shared_lambda_and_zeta,30,3,1,3,63,150-200,20-145,16.25687467927739,25.0,-21.378917980960257,50.1847998470877
all_shared_lambda_and_zeta,30,3,1,4,63,150-200,20-145,16.25687467927739,25.0,7.920220414743333,88.85091111107882
all_shared_lambda_and_zeta,30,3,1,5,63,150-200,20-145,16.25687467927739,25.0,32.50289918180105,94.12945951068512
map_shared_lambda_and_zeta,30,3,1,2,63,150-200,20-145,22.317981094042864,28.0,-80.01684042054474,64.24264512716063
map_shared_lambda_and_zeta,30,3,1,3,63,150-200,20-145,16.780266063679814,28.0,-21.40975497672979,76.20932306108101
map_shared_lambda_and_zeta,30,3,1,4,63,150-200,20-145,13.874844806111179,23.5,7.959110875550693,69.60589506384025
map_shared_lambda_and_zeta,30,3,1,5,63,150-200,20-145,11.472483074052871,19.0,32.55023159309475,39.931857452621834
shared_lambda_map_specific_zeta,30,3,1,2,63,150-200,20-145,18.453731477822707,28.0,-79.52548375260638,63.82841285223892
shared_lambda_map_specific_zeta,30,3,1,3,63,150-200,20-145,18.453731477822707,26.5,-21.48634127012076,66.72154812060919
shared_lambda_map_specific_zeta,30,3,1,4,63,150-200,20-145,18.453731477822707,22.0,7.859649834448104,72.0299060457342
shared_lambda_map_specific_zeta,30,3,1,5,63,150-200,20-145,18.453731477822707,17.5,32.48143543058408,46.77410796509497
map_specific_lambda_shared_zeta,30,3,1,2,63,150-200,20-145,22.317981094042864,28.0,-80.01684042054474,64.24264512716063
map_specific_lambda_shared_zeta,30,3,1,3,63,150-200,20-145,16.780266063679814,28.0,-21.40975497672979,76.20932306108101
map_specific_lambda_shared_zeta,30,3,1,4,63,150-200,20-145,9.791483623609768,28.0,7.968055135998472,70.47448207286763
map_specific_lambda_shared_zeta,30,3,1,5,63,150-200,20-145,6.694329500821696,28.0,32.55088649262579,39.251330697542166
all_shared_lambda_and_zeta,31,3,0,2,63,150-200,20-145,16.25687467927739,25.0,-9.792245464383653,33.06192443206432
all_shared_lambda_and_zeta,31,3,0,3,63,150-200,20-145,16.25687467927739,25.0,-87.15907672071829,35.00333634111273
all_shared_lambda_and_zeta,31,3,0,4,63,150-200,20-145,16.25687467927739,25.0,-72.77106463590107,80.39239234552245
all_shared_lambda_and_zeta,31,3,0,5,63,150-200,20-145,16.25687467927739,25.0,-82.24242366188228,108.46622766815574
map_shared_lambda_and_zeta,31,3,0,2,63,150-200,20-145,22.317981094042864,28.0,-10.40825282196662,43.421135788301434
map_shared_lambda_and_zeta,31,3,0,3,63,150-200,20-145,16.780266063679814,28.0,-87.18991371648781,58.410133084859375
map_shared_lambda_and_zeta,31,3,0,4,63,150-200,20-145,13.874844806111179,23.5,-72.7321741750937,61.413432161121236
map_shared_lambda_and_zeta,31,3,0,5,63,150-200,20-145,11.841840586928083,19.0,-82.19541350286592,56.27430515978147
shared_lambda_map_specific_zeta,31,3,0,2,63,150-200,20-145,18.453731477822707,28.0,-9.916896154028253,44.33117220746784
shared_lambda_map_specific_zeta,31,3,0,3,63,150-200,20-145,18.453731477822707,26.5,-87.26650000987878,47.99605076322119
shared_lambda_map_specific_zeta,31,3,0,4,63,150-200,20-145,18.453731477822707,22.0,-72.8316352161963,64.376995529043
shared_lambda_map_specific_zeta,31,3,0,5,63,150-200,20-145,18.453731477822707,17.5,-82.26388741309924,63.061100375738135
map_specific_lambda_shared_zeta,31,3,0,2,63,150-200,20-145,22.317981094042864,28.0,-10.40825282196662,43.421135788301434
map_specific_lambda_shared_zeta,31,3,0,3,63,150-200,20-145,16.780266063679814,28.0,-87.18991371648781,58.410133084859375
map_specific_lambda_shared_zeta,31,3,0,4,63,150-200,20-145,9.791483623609768,28.0,-72.72322991464593,62.42195728930132
map_specific_lambda_shared_zeta,31,3,0,5,63,150-200,20-145,6.694329500821696,28.0,-82.19443635105755,52.18229493591885
all_shared_lambda_and_zeta,32,4,0,2,63,150-200,20-145,16.25687467927739,25.0,53.20722071846312,23.36700378820333
all_shared_lambda_and_zeta,32,4,0,3,63,150-200,20-145,16.25687467927739,25.0,98.16569012427546,50.51522524767996
all_shared_lambda_and_zeta,32,4,0,4,63,150-200,20-145,16.25687467927739,25.0,-5.574501046000126,48.67079898202428
all_shared_lambda_and_zeta,32,4,0,5,63,150-200,20-145,16.25687467927739,25.0,-48.79774734816285,89.1701182166968
map_shared_lambda_and_zeta,32,4,0,2,63,150-200,20-145,22.317981094042864,28.0,52.59121336088015,44.06865950394264
map_shared_lambda_and_zeta,32,4,0,3,63,150-200,20-145,16.780266063679814,28.0,98.13485312850594,55.9587929611739
map_shared_lambda_and_zeta,32,4,0,4,63,150-200,20-145,13.44207608814922,23.5,-5.532985020136727,40.90939423425395
map_shared_lambda_and_zeta,32,4,0,5,63,150-200,20-145,11.472483074052871,19.0,-48.75041493686915,34.89424774881138
shared_lambda_map_specific_zeta,32,4,0,2,63,150-200,20-145,18.453731477822707,28.0,53.082570028818516,41.72355467420645
shared_lambda_map_specific_zeta,32,4,0,3,63,150-200,20-145,18.453731477822707,26.5,98.05826683511496,47.61070368908047
shared_lambda_map_specific_zeta,32,4,0,4,63,150-200,20-145,18.453731477822707,22.0,-5.635071626295356,31.418370251836528
shared_lambda_map_specific_zeta,32,4,0,5,63,150-200,20-145,18.453731477822707,17.5,-48.81921109937983,41.84008212219017
map_specific_lambda_shared_zeta,32,4,0,2,63,150-200,20-145,22.317981094042864,28.0,52.59121336088015,44.06865950394264
map_specific_lambda_shared_zeta,32,4,0,3,63,150-200,20-145,16.780266063679814,28.0,98.13485312850594,55.9587929611739
map_specific_lambda_shared_zeta,32,4,0,4,63,150-200,20-145,9.791483623609768,28.0,-5.526666324744989,52.64066939364782
map_specific_lambda_shared_zeta,32,4,0,5,63,150-200,20-145,6.694329500821696,28.0,-48.74976003733812,34.25482780541437
all_shared_lambda_and_zeta,33,4,1,2,63,150-200,20-145,16.25687467927739,25.0,60.67777820662207,38.46304134104469
all_shared_lambda_and_zeta,33,4,1,3,63,150-200,20-145,16.25687467927739,25.0,24.645297949405304,50.7649232023574
all_shared_lambda_and_zeta,33,4,1,4,63,150-200,20-145,16.25687467927739,25.0,-12.741328769300729,54.32816698800633
all_shared_lambda_and_zeta,33,4,1,5,63,150-200,20-145,16.25687467927739,25.0,-51.97130566160359,92.31714035269876
map_shared_lambda_and_zeta,33,4,1,2,63,150-200,20-145,22.317981094042864,28.0,60.06177084903913,66.68716717384645
map_shared_lambda_and_zeta,33,4,1,3,63,150-200,20-145,16.780266063679814,28.0,24.614460953635774,66.56978254422917
map_shared_lambda_and_zeta,33,4,1,4,63,150-200,20-145,13.874844806111179,23.5,-12.702438308493369,39.67066256371106
map_shared_lambda_and_zeta,33,4,1,5,63,150-200,20-145,11.472483074052871,19.0,-51.923973250309885,38.42507697819971
shared_lambda_map_specific_zeta,33,4,1,2,63,150-200,20-145,18.453731477822707,28.0,60.553127516977476,63.91047088735063
shared_lambda_map_specific_zeta,33,4,1,3,63,150-200,20-145,18.453731477822707,26.5,24.537874660244803,56.06746975950446
shared_lambda_map_specific_zeta,33,4,1,4,63,150-200,20-145,18.453731477822707,22.0,-12.80189934959596,34.56440398885735
shared_lambda_map_specific_zeta,33,4,1,5,63,150-200,20-145,18.453731477822707,17.5,-51.99276941282057,45.13000239835682
map_specific_lambda_shared_zeta,33,4,1,2,63,150-200,20-145,22.317981094042864,28.0,60.06177084903913,66.68716717384645
map_specific_lambda_shared_zeta,33,4,1,3,63,150-200,20-145,16.780266063679814,28.0,24.614460953635774,66.56978254422917
map_specific_lambda_shared_zeta,33,4,1,4,63,150-200,20-145,9.791483623609768,28.0,-12.693494048045592,49.36898955928158
map_specific_lambda_shared_zeta,33,4,1,5,63,150-200,20-145,6.694329500821696,28.0,-51.923318350778864,37.5919324911314
all_shared_lambda_and_zeta,34,4,2,2,63,150-200,20-145,16.25687467927739,25.0,65.71831314803525,46.34792211619871
all_shared_lambda_and_zeta,34,4,2,3,63,150-200,20-145,16.25687467927739,25.0,-47.8464817706363,48.120479558214114
all_shared_lambda_and_zeta,34,4,2,4,63,150-200,20-145,16.25687467927739,25.0,64.43846708209728,69.92694614361648
all_shared_lambda_and_zeta,34,4,2,5,63,150-200,20-145,16.25687467927739,25.0,-53.288570445519696,98.04925246171112
map_shared_lambda_and_zeta,34,4,2,2,63,150-200,20-145,22.317981094042864,28.0,65.10230579045229,70.06853901775995
map_shared_lambda_and_zeta,34,4,2,3,63,150-200,20-145,16.780266063679814,28.0,-47.87731876640583,67.65543336271712
map_shared_lambda_and_zeta,34,4,2,4,63,150-200,20-145,13.874844806111179,23.5,64.47735754290464,53.01723651109123
map_shared_lambda_and_zeta,34,4,2,5,63,150-200,20-145,11.841840586928083,19.0,-53.241560286503336,44.49645705350471
shared_lambda_map_specific_zeta,34,4,2,2,63,150-200,20-145,18.453731477822707,28.0,65.59366245839064,69.11575343564523
shared_lambda_map_specific_zeta,34,4,2,3,63,150-200,20-145,18.453731477822707,26.5,-47.95390505979681,56.89860303748498
shared_lambda_map_specific_zeta,34,4,2,4,63,150-200,20-145,18.453731477822707,22.0,64.37789650180206,50.66092724238186
shared_lambda_map_specific_zeta,34,4,2,5,63,150-200,20-145,18.453731477822707,17.5,-53.310034196736666,49.450778274179896
map_specific_lambda_shared_zeta,34,4,2,2,63,150-200,20-145,22.317981094042864,28.0,65.10230579045229,70.06853901775995
map_specific_lambda_shared_zeta,34,4,2,3,63,150-200,20-145,16.780266063679814,28.0,-47.87731876640583,67.65543336271712
map_specific_lambda_shared_zeta,34,4,2,4,63,150-200,20-145,9.791483623609768,28.0,64.48630180335243,59.25202612991414
map_specific_lambda_shared_zeta,34,4,2,5,63,150-200,20-145,6.694329500821696,28.0,-53.24058313469497,41.63036497757057
all_shared_lambda_and_zeta,35,4,3,2,63,150-200,20-145,16.25687467927739,25.0,72.78783657262062,46.64719887767997
all_shared_lambda_and_zeta,35,4,3,3,63,150-200,20-145,16.25687467927739,25.0,-74.13935821908738,44.72037300130061
all_shared_lambda_and_zeta,35,4,3,4,63,150-200,20-145,16.25687467927739,25.0,-71.30246303573603,65.96311208396291
all_shared_lambda_and_zeta,35,4,3,5,63,150-200,20-145,16.25687467927739,25.0,14.931216648486554,97.63665155945237
map_shared_lambda_and_zeta,35,4,3,2,63,150-200,20-145,22.317981094042864,28.0,72.17182921503765,70.17147730328688
map_shared_lambda_and_zeta,35,4,3,3,63,150-200,20-145,16.780266063679814,28.0,-74.17019521485692,62.9687255620958
map_shared_lambda_and_zeta,35,4,3,4,63,150-200,20-145,13.874844806111179,23.5,-71.26357257492867,50.224227098716995
map_shared_lambda_and_zeta,35,4,3,5,63,150-200,20-145,11.841840586928083,19.0,14.97822680750292,43.948424459125434
shared_lambda_map_specific_zeta,35,4,3,2,63,150-200,20-145,18.453731477822707,28.0,72.66318588297601,69.08983625525288
shared_lambda_map_specific_zeta,35,4,3,3,63,150-200,20-145,18.453731477822707,26.5,-74.24678150824789,52.49110691803972
shared_lambda_map_specific_zeta,35,4,3,4,63,150-200,20-145,18.453731477822707,22.0,-71.36303361603126,46.45528440348498
shared_lambda_map_specific_zeta,35,4,3,5,63,150-200,20-145,18.453731477822707,17.5,14.90975289726959,50.28040783044062
map_specific_lambda_shared_zeta,35,4,3,2,63,150-200,20-145,22.317981094042864,28.0,72.17182921503765,70.17147730328688
map_specific_lambda_shared_zeta,35,4,3,3,63,150-200,20-145,16.780266063679814,28.0,-74.17019521485692,62.9687255620958
map_specific_lambda_shared_zeta,35,4,3,4,63,150-200,20-145,9.791483623609768,28.0,-71.2546283144809,57.3811259268253
map_specific_lambda_shared_zeta,35,4,3,5,63,150-200,20-145,6.694329500821696,28.0,14.979203959311292,40.26482127073842
all_shared_lambda_and_zeta,36,4,4,2,63,150-200,20-145,16.25687467927739,25.0,60.27451354887278,45.656984060360166
all_shared_lambda_and_zeta,36,4,4,3,63,150-200,20-145,16.25687467927739,25.0,65.13337711014893,46.36997473896147
all_shared_lambda_and_zeta,36,4,4,4,63,150-200,20-145,16.25687467927739,25.0,-47.44253372083541,48.28968019964738
all_shared_lambda_and_zeta,36,4,4,5,63,150-200,20-145,16.25687467927739,25.0,-13.015835479798087,85.05611645822042
map_shared_lambda_and_zeta,36,4,4,2,63,150-200,20-145,22.317981094042864,28.0,59.65850619128981,75.04632593760128
map_shared_lambda_and_zeta,36,4,4,3,63,150-200,20-145,16.780266063679814,28.0,65.10254011437941,59.371400891695856
map_shared_lambda_and_zeta,36,4,4,4,63,150-200,20-145,13.44207608814922,23.5,-47.40101769497201,35.11362160405457
map_shared_lambda_and_zeta,36,4,4,5,63,150-200,20-145,11.472483074052871,19.0,-12.968503068504383,31.025666714401282
shared_lambda_map_specific_zeta,36,4,4,2,63,150-200,20-145,18.453731477822707,28.0,60.14986285922817,71.98701663603453
shared_lambda_map_specific_zeta,36,4,4,3,63,150-200,20-145,18.453731477822707,26.5,65.02595382098842,49.63959301331732
shared_lambda_map_specific_zeta,36,4,4,4,63,150-200,20-145,18.453731477822707,22.0,-47.50310430113064,28.979588365025162
shared_lambda_map_specific_zeta,36,4,4,5,63,150-200,20-145,18.453731477822707,17.5,-13.037299231015057,37.42065349131467
map_specific_lambda_shared_zeta,36,4,4,2,63,150-200,20-145,22.317981094042864,28.0,59.65850619128981,75.04632593760128
map_specific_lambda_shared_zeta,36,4,4,3,63,150-200,20-145,16.780266063679814,28.0,65.10254011437941,59.371400891695856
map_specific_lambda_shared_zeta,36,4,4,4,63,150-200,20-145,9.791483623609768,28.0,-47.394698999580285,46.01106335879866
map_specific_lambda_shared_zeta,36,4,4,5,63,150-200,20-145,6.694329500821696,28.0,-12.96784816897335,31.66799279293363
all_shared_lambda_and_zeta,37,4,5,2,63,150-200,20-145,17.320508075688775,23.5,103.81737611986445,18.52468902672236
all_shared_lambda_and_zeta,37,4,5,3,63,150-200,20-145,17.320508075688775,23.5,123.76150701978868,35.63984752979876
all_shared_lambda_and_zeta,37,4,5,4,63,150-200,20-145,17.320508075688775,23.5,50.17405469729001,18.234807161275725
all_shared_lambda_and_zeta,37,4,5,5,63,150-200,20-145,17.320508075688775,23.5,-91.2972423041314,44.096109162258166
map_shared_lambda_and_zeta,37,4,5,2,63,150-200,20-145,22.317981094042864,28.0,103.22716793333157,54.04669321890311
map_shared_lambda_and_zeta,37,4,5,3,63,150-200,20-145,16.780266063679814,28.0,123.75646919506926,40.822912547020366
map_shared_lambda_and_zeta,37,4,5,4,63,150-200,20-145,13.44207608814922,23.5,50.24136989420353,31.371127594166435
map_shared_lambda_and_zeta,37,4,5,5,63,150-200,20-145,11.472483074052871,19.0,-91.22411072178755,8.76406266937124
shared_lambda_map_specific_zeta,37,4,5,2,63,150-200,20-145,18.453731477822707,28.0,103.71852460126996,50.36368012075217
shared_lambda_map_specific_zeta,37,4,5,3,63,150-200,20-145,18.453731477822707,26.5,123.67988290167831,32.61103476046411
shared_lambda_map_specific_zeta,37,4,5,4,63,150-200,20-145,18.453731477822707,22.0,50.139283288044886,21.317283517773998
shared_lambda_map_specific_zeta,37,4,5,5,63,150-200,20-145,18.453731477822707,17.5,-91.29290688429823,15.074570551465305
map_specific_lambda_shared_zeta,37,4,5,2,63,150-200,20-145,22.317981094042864,28.0,103.22716793333157,54.04669321890311
map_specific_lambda_shared_zeta,37,4,5,3,63,150-200,20-145,16.780266063679814,28.0,123.75646919506926,40.822912547020366
map_specific_lambda_shared_zeta,37,4,5,4,63,150-200,20-145,9.48607856330461,28.0,50.24774730087557,43.88640897273633
map_specific_lambda_shared_zeta,37,4,5,5,63,150-200,20-145,6.694329500821696,28.0,-91.22345582225654,17.55871736460653
all_shared_lambda_and_zeta,38,4,6,2,63,150-200,20-145,17.320508075688775,23.5,86.21417131614618,97.15757161919369
all_shared_lambda_and_zeta,38,4,6,3,63,150-200,20-145,17.320508075688775,23.5,155.3794639338964,78.98268284256544
all_shared_lambda_and_zeta,38,4,6,4,63,150-200,20-145,17.320508075688775,23.5,80.062280953384,46.8681507823538
all_shared_lambda_and_zeta,38,4,6,5,63,150-200,20-145,17.320508075688775,23.5,-19.364954555948415,15.146876689783909
map_shared_lambda_and_zeta,38,4,6,2,63,150-200,20-145,22.317981094042864,28.0,85.62396312961333,55.22147301334058
map_shared_lambda_and_zeta,38,4,6,3,63,150-200,20-145,17.878143222611804,26.5,155.3325094919204,53.67989303986764
map_shared_lambda_and_zeta,38,4,6,4,63,150-200,20-145,13.44207608814922,23.5,80.1295961502975,58.05564321319256
map_shared_lambda_and_zeta,38,4,6,5,63,150-200,20-145,11.472483074052871,19.0,-19.291822973604596,38.94323197730178
shared_lambda_map_specific_zeta,38,4,6,2,63,150-200,20-145,18.453731477822707,28.0,86.11531979755169,56.99689221867118
shared_lambda_map_specific_zeta,38,4,6,3,63,150-200,20-145,18.453731477822707,26.5,155.29783981578603,52.88722729356537
shared_lambda_map_specific_zeta,38,4,6,4,63,150-200,20-145,18.453731477822707,22.0,80.02750954413887,56.0909180914226
shared_lambda_map_specific_zeta,38,4,6,5,63,150-200,20-145,18.453731477822707,16.0,-19.349405566737982,43.007424792366514
map_specific_lambda_shared_zeta,38,4,6,2,63,150-200,20-145,22.317981094042864,28.0,85.62396312961333,55.22147301334058
map_specific_lambda_shared_zeta,38,4,6,3,63,150-200,20-145,16.780266063679814,28.0,155.374426109177,43.173282072672116
map_specific_lambda_shared_zeta,38,4,6,4,63,150-200,20-145,9.48607856330461,28.0,80.13597355696955,62.96111005919846
map_specific_lambda_shared_zeta,38,4,6,5,63,150-200,20-145,6.694329500821696,28.0,-19.291168074073564,45.52529695463716
all_shared_lambda_and_zeta,39,4,7,2,63,150-200,20-145,17.320508075688775,23.5,-46.015578698175084,137.05216687351572
all_shared_lambda_and_zeta,39,4,7,3,63,150-200,20-145,17.320508075688775,23.5,83.93627482000107,194.0918592064454
all_shared_lambda_and_zeta,39,4,7,4,63,150-200,20-145,17.320508075688775,23.5,14.4968354633466,137.30269948433687
all_shared_lambda_and_zeta,39,4,7,5,63,150-200,20-145,17.320508075688775,23.5,-34.517471738511894,64.67168203147868
map_shared_lambda_and_zeta,39,4,7,2,63,150-200,20-145,23.036510285681896,28.0,-46.75159410066644,94.09230505515119
map_shared_lambda_and_zeta,39,4,7,3,63,150-200,20-145,17.878143222611804,26.5,83.88932037802506,169.01666999753334
map_shared_lambda_and_zeta,39,4,7,4,63,150-200,20-145,14.7826298876199,22.0,14.555315320285759,152.50443078721153
map_shared_lambda_and_zeta,39,4,7,5,63,150-200,20-145,11.114646149663537,19.0,-34.44411834493688,109.46604445026914
shared_lambda_map_specific_zeta,39,4,7,2,63,150-200,20-145,18.453731477822707,28.0,-46.11443021676956,96.7725299931927
shared_lambda_map_specific_zeta,39,4,7,3,63,150-200,20-145,18.453731477822707,26.5,83.85465070189069,168.31191584431406
shared_lambda_map_specific_zeta,39,4,7,4,63,150-200,20-145,18.453731477822707,22.0,14.462064054101484,147.39159020715408
shared_lambda_map_specific_zeta,39,4,7,5,63,150-200,20-145,18.453731477822707,16.0,-34.50192274930146,112.00887326467618
map_specific_lambda_shared_zeta,39,4,7,2,63,150-200,20-145,23.036510285681896,28.0,-46.75159410066644,94.09230505515119
map_specific_lambda_shared_zeta,39,4,7,3,63,150-200,20-145,16.780266063679814,28.0,83.93123699528165,158.14671886449153
map_specific_lambda_shared_zeta,39,4,7,4,63,150-200,20-145,9.48607856330461,28.0,14.570528066932157,147.55007233847027
map_specific_lambda_shared_zeta,39,4,7,5,63,150-200,20-145,6.694329500821696,28.0,-34.443685256637046,112.8394511882019
all_shared_lambda_and_zeta,40,5,7,2,63,150-200,20-145,17.320508075688775,23.5,-56.48192751948613,105.74395852668553
all_shared_lambda_and_zeta,40,5,7,3,63,150-200,20-145,17.320508075688775,23.5,-3.9838418804975984,241.45745818292642
all_shared_lambda_and_zeta,40,5,7,4,63,150-200,20-145,17.320508075688775,23.5,-30.07817843919312,102.87239164512346
all_shared_lambda_and_zeta,40,5,7,5,63,150-200,20-145,17.320508075688775,23.5,-27.78038820924153,52.16471276903755
map_shared_lambda_and_zeta,40,5,7,2,63,150-200,20-145,22.317981094042864,28.0,-57.07213570601898,59.91954207359631
map_shared_lambda_and_zeta,40,5,7,3,63,150-200,20-145,17.878143222611804,26.5,-4.030796322473598,216.12336545918188
map_shared_lambda_and_zeta,40,5,7,4,63,150-200,20-145,13.44207608814922,23.5,-30.01086324227961,110.42731437929815
map_shared_lambda_and_zeta,40,5,7,5,63,150-200,20-145,11.114646149663537,19.0,-27.707034815666518,93.55890302620988
shared_lambda_map_specific_zeta,40,5,7,2,63,150-200,20-145,18.453731477822707,28.0,-56.58077903808062,65.72734811133707
shared_lambda_map_specific_zeta,40,5,7,3,63,150-200,20-145,18.453731477822707,26.5,-4.065465998607985,215.24397660262787
shared_lambda_map_specific_zeta,40,5,7,4,63,150-200,20-145,18.453731477822707,22.0,-30.112949848438234,112.82725879072332
shared_lambda_map_specific_zeta,40,5,7,5,63,150-200,20-145,18.453731477822707,16.0,-27.764839220031092,97.3345205843797
map_specific_lambda_shared_zeta,40,5,7,2,63,150-200,20-145,22.317981094042864,28.0,-57.07213570601898,59.91954207359631
map_specific_lambda_shared_zeta,40,5,7,3,63,150-200,20-145,16.25687467927739,28.0,-3.9696691975632006,207.08451333372463
map_specific_lambda_shared_zeta,40,5,7,4,63,150-200,20-145,9.48607856330461,28.0,-30.004485835607554,110.9698260598697
map_specific_lambda_shared_zeta,40,5,7,5,63,150-200,20-145,6.694329500821696,28.0,-27.70660172736668,96.30450088487271
all_shared_lambda_and_zeta,41,5,6,2,63,150-200,20-145,17.878143222611804,23.5,-4.120438066167652,92.01515058057831
all_shared_lambda_and_zeta,41,5,6,3,63,150-200,20-145,17.878143222611804,23.5,119.2615502440337,40.059062655085214
all_shared_lambda_and_zeta,41,5,6,4,63,150-200,20-145,17.878143222611804,23.5,25.333014918512053,45.18035707547146
all_shared_lambda_and_zeta,41,5,6,5,63,150-200,20-145,17.878143222611804,23.5,-13.070677351168802,50.10984026946278
map_shared_lambda_and_zeta,41,5,6,2,63,150-200,20-145,22.317981094042864,28.0,-4.68860425013418,51.51715577345233
map_shared_lambda_and_zeta,41,5,6,3,63,150-200,20-145,16.780266063679814,28.0,119.2785544218806,57.448086728210065
map_shared_lambda_and_zeta,41,5,6,4,63,150-200,20-145,13.44207608814922,23.5,25.422372117991895,31.15884137328721
map_shared_lambda_and_zeta,41,5,6,5,63,150-200,20-145,11.472483074052871,19.0,-12.975503766258662,7.320521870730707
shared_lambda_map_specific_zeta,41,5,6,2,63,150-200,20-145,18.453731477822707,28.0,-4.197247582195813,53.367202753991904
shared_lambda_map_specific_zeta,41,5,6,3,63,150-200,20-145,18.453731477822707,26.5,119.20196812848963,54.44651469621787
shared_lambda_map_specific_zeta,41,5,6,4,63,150-200,20-145,18.453731477822707,22.0,25.320285511833266,42.801929711678405
shared_lambda_map_specific_zeta,41,5,6,5,63,150-200,20-145,18.453731477822707,17.5,-13.044299928769332,17.28540102693469
map_specific_lambda_shared_zeta,41,5,6,2,63,150-200,20-145,22.317981094042864,28.0,-4.68860425013418,51.51715577345233
map_specific_lambda_shared_zeta,41,5,6,3,63,150-200,20-145,16.780266063679814,28.0,119.2785544218806,57.448086728210065
map_specific_lambda_shared_zeta,41,5,6,4,63,150-200,20-145,9.48607856330461,28.0,25.42874952466394,27.044464745037555
map_specific_lambda_shared_zeta,41,5,6,5,63,150-200,20-145,6.694329500821696,28.0,-12.974848866727628,15.90659800435643
all_shared_lambda_and_zeta,42,5,5,2,63,150-200,20-145,17.320508075688775,23.5,-45.98186080417183,49.36788016855982
all_shared_lambda_and_zeta,42,5,5,3,63,150-200,20-145,17.320508075688775,23.5,167.77206298122223,41.19517555664932
all_shared_lambda_and_zeta,42,5,5,4,63,150-200,20-145,17.320508075688775,23.5,157.25510582681247,25.055722598000177
all_shared_lambda_and_zeta,42,5,5,5,63,150-200,20-145,17.320508075688775,23.5,-13.920398812754815,21.937838131113626
map_shared_lambda_and_zeta,42,5,5,2,63,150-200,20-145,22.317981094042864,28.0,-46.57206899070468,20.412605186437883
map_shared_lambda_and_zeta,42,5,5,3,63,150-200,20-145,17.878143222611804,26.5,167.72510853924626,18.531815129110807
map_shared_lambda_and_zeta,42,5,5,4,63,150-200,20-145,13.44207608814922,23.5,157.32242102372604,30.423762464400184
map_shared_lambda_and_zeta,42,5,5,5,63,150-200,20-145,11.472483074052871,19.0,-13.847267230410996,34.237142980304476
shared_lambda_map_specific_zeta,42,5,5,2,63,150-200,20-145,18.453731477822707,28.0,-46.08071232276631,13.684146256184274
shared_lambda_map_specific_zeta,42,5,5,3,63,150-200,20-145,18.453731477822707,26.5,167.6904388631119,19.031746557481533
shared_lambda_map_specific_zeta,42,5,5,4,63,150-200,20-145,18.453731477822707,22.0,157.22033441756736,33.747296698904
shared_lambda_map_specific_zeta,42,5,5,5,63,150-200,20-145,18.453731477822707,16.0,-13.90484982354438,40.00025174800271
map_specific_lambda_shared_zeta,42,5,5,2,63,150-200,20-145,22.317981094042864,28.0,-46.57206899070468,20.412605186437883
map_specific_lambda_shared_zeta,42,5,5,3,63,150-200,20-145,16.780266063679814,28.0,167.76702515650283,9.478698408854846
map_specific_lambda_shared_zeta,42,5,5,4,63,150-200,20-145,9.48607856330461,28.0,157.32879843039802,34.32162022553365
map_specific_lambda_shared_zeta,42,5,5,5,63,150-200,20-145,6.694329500821696,28.0,-13.846612330879964,39.533638385656666
all_shared_lambda_and_zeta,43,5,4,2,63,150-200,20-145,16.25687467927739,25.0,-49.08838113870729,63.39638203058015
all_shared_lambda_and_zeta,43,5,4,3,63,150-200,20-145,16.25687467927739,25.0,114.04782216679914,50.776636550539074
all_shared_lambda_and_zeta,43,5,4,4,63,150-200,20-145,16.25687467927739,25.0,101.72337254187936,49.844461314573955
all_shared_lambda_and_zeta,43,5,4,5,63,150-200,20-145,16.25687467927739,25.0,9.205766908227595,79.04680620997225
map_shared_lambda_and_zeta,43,5,4,2,63,150-200,20-145,22.317981094042864,28.0,-49.704388496290264,102.7870412770321
map_shared_lambda_and_zeta,43,5,4,3,63,150-200,20-145,16.780266063679814,28.0,114.0169851710296,72.28715505193608
map_shared_lambda_and_zeta,43,5,4,4,63,150-200,20-145,13.874844806111179,23.5,101.76226300268671,36.14437798684638
map_shared_lambda_and_zeta,43,5,4,5,63,150-200,20-145,11.472483074052871,19.0,9.2530993195213,27.036391018757946
shared_lambda_map_specific_zeta,43,5,4,2,63,150-200,20-145,18.453731477822707,28.0,-49.21303182835191,95.01761578723722
shared_lambda_map_specific_zeta,43,5,4,3,63,150-200,20-145,18.453731477822707,26.5,113.94039887763864,62.59452777625553
shared_lambda_map_specific_zeta,43,5,4,4,63,150-200,20-145,18.453731477822707,22.0,101.66280196158412,31.915273014840945
shared_lambda_map_specific_zeta,43,5,4,5,63,150-200,20-145,18.453731477822707,17.5,9.184303157010628,31.01500472233634
map_specific_lambda_shared_zeta,43,5,4,2,63,150-200,20-145,22.317981094042864,28.0,-49.704388496290264,102.7870412770321
map_specific_lambda_shared_zeta,43,5,4,3,63,150-200,20-145,16.780266063679814,28.0,114.0169851710296,72.28715505193608
map_specific_lambda_shared_zeta,43,5,4,4,63,150-200,20-145,9.791483623609768,28.0,101.77120726313447,44.79891445171038
map_specific_lambda_shared_zeta,43,5,4,5,63,150-200,20-145,6.694329500821696,28.0,9.25375421905233,29.362220614216753
all_shared_lambda_and_zeta,44,5,3,2,63,150-200,20-145,16.25687467927739,25.0,101.03055299766588,46.37232812862544
all_shared_lambda_and_zeta,44,5,3,3,63,150-200,20-145,16.25687467927739,25.0,82.4178051360136,59.23581645421159
all_shared_lambda_and_zeta,44,5,3,4,63,150-200,20-145,16.25687467927739,25.0,155.02565470655642,64.68572014910231
all_shared_lambda_and_zeta,44,5,3,5,63,150-200,20-145,16.25687467927739,25.0,-27.736016106076544,88.60877735506865
map_shared_lambda_and_zeta,44,5,3,2,63,150-200,20-145,22.317981094042864,28.0,100.4145456400829,83.68812929291099
map_shared_lambda_and_zeta,44,5,3,3,63,150-200,20-145,16.780266063679814,28.0,82.38696814024405,80.01428654683356
map_shared_lambda_and_zeta,44,5,3,4,63,150-200,20-145,13.874844806111179,23.5,155.06454516736378,52.045592037581095
map_shared_lambda_and_zeta,44,5,3,5,63,150-200,20-145,11.841840586928083,19.0,-27.689005947060174,37.954322278772274
shared_lambda_map_specific_zeta,44,5,3,2,63,150-200,20-145,17.878143222611804,28.0,100.94441467953396,75.93265925451557
shared_lambda_map_specific_zeta,44,5,3,3,63,150-200,20-145,17.878143222611804,28.0,82.33166681788167,81.0620964821609
shared_lambda_map_specific_zeta,44,5,3,4,63,150-200,20-145,17.878143222611804,22.0,154.9893025017895,46.77334341965051
shared_lambda_map_specific_zeta,44,5,3,5,63,150-200,20-145,17.878143222611804,17.5,-27.74198545636085,39.35162416349506
map_specific_lambda_shared_zeta,44,5,3,2,63,150-200,20-145,22.317981094042864,28.0,100.4145456400829,83.68812929291099
map_specific_lambda_shared_zeta,44,5,3,3,63,150-200,20-145,16.780266063679814,28.0,82.38696814024405,80.01428654683356
map_specific_lambda_shared_zeta,44,5,3,4,63,150-200,20-145,9.791483623609768,28.0,155.07348942781152,59.993152056760586
map_specific_lambda_shared_zeta,44,5,3,5,63,150-200,20-145,6.694329500821696,28.0,-27.68802879525181,38.99969826534817
all_shared_lambda_and_zeta,45,5,2,2,63,150-200,20-145,16.25687467927739,25.0,88.44285150057304,61.3158515369265
all_shared_lambda_and_zeta,45,5,2,3,63,150-200,20-145,16.25687467927739,25.0,152.12742720225063,62.13637059312212
all_shared_lambda_and_zeta,45,5,2,4,63,150-200,20-145,16.25687467927739,25.0,59.68407130668822,65.08215270500463
all_shared_lambda_and_zeta,45,5,2,5,63,150-200,20-145,16.25687467927739,25.0,23.040809621122634,86.98217508104209
map_shared_lambda_and_zeta,45,5,2,2,63,150-200,20-145,22.317981094042864,28.0,87.82684414299007,98.23534406955365
map_shared_lambda_and_zeta,45,5,2,3,63,150-200,20-145,16.780266063679814,28.0,152.09659020648112,79.73943233606518
map_shared_lambda_and_zeta,45,5,2,4,63,150-200,20-145,13.874844806111179,23.5,59.722961767495576,51.642525607123
map_shared_lambda_and_zeta,45,5,2,5,63,150-200,20-145,11.472483074052871,19.0,23.08814203241634,34.663311546399036
shared_lambda_map_specific_zeta,45,5,2,2,63,150-200,20-145,18.453731477822707,28.0,88.31820081092843,92.28445853550562
shared_lambda_map_specific_zeta,45,5,2,3,63,150-200,20-145,18.453731477822707,26.5,152.02000391309014,69.8519645771724
shared_lambda_map_specific_zeta,45,5,2,4,63,150-200,20-145,18.453731477822707,22.0,59.62350072639299,46.71320601572758
shared_lambda_map_specific_zeta,45,5,2,5,63,150-200,20-145,18.453731477822707,17.5,23.019345869905663,37.7403813089981
map_specific_lambda_shared_zeta,45,5,2,2,63,150-200,20-145,22.317981094042864,28.0,87.82684414299007,98.23534406955365
map_specific_lambda_shared_zeta,45,5,2,3,63,150-200,20-145,16.780266063679814,28.0,152.09659020648112,79.73943233606518
map_specific_lambda_shared_zeta,45,5,2,4,63,150-200,20-145,9.791483623609768,28.0,59.73190602794336,59.1356796207343
map_specific_lambda_shared_zeta,45,5,2,5,63,150-200,20-145,6.694329500821696,28.0,23.088796931947368,36.2630129346618
all_shared_lambda_and_zeta,46,5,1,2,63,150-200,20-145,16.25687467927739,25.0,56.95955017589477,51.29601332335531
all_shared_lambda_and_zeta,46,5,1,3,63,150-200,20-145,16.25687467927739,25.0,157.11936442300836,59.83238331323688
all_shared_lambda_and_zeta,46,5,1,4,63,150-200,20-145,16.25687467927739,25.0,125.61854002213404,59.081030032995805
all_shared_lambda_and_zeta,46,5,1,5,63,150-200,20-145,16.25687467927739,25.0,-11.534780108136315,78.90233699513594
map_shared_lambda_and_zeta,46,5,1,2,63,150-200,20-145,22.317981094042864,28.0,56.343542818311796,88.31317103442733
map_shared_lambda_and_zeta,46,5,1,3,63,150-200,20-145,16.780266063679814,28.0,157.08852742723883,76.25921562642336
map_shared_lambda_and_zeta,46,5,1,4,63,150-200,20-145,13.874844806111179,23.5,125.6574304829414,50.168535672015246
map_shared_lambda_and_zeta,46,5,1,5,63,150-200,20-145,11.472483074052871,19.0,-11.48744769684261,27.509076954358786
shared_lambda_map_specific_zeta,46,5,1,2,63,150-200,20-145,18.453731477822707,28.0,56.83489948625016,82.17167957831548
shared_lambda_map_specific_zeta,46,5,1,3,63,150-200,20-145,18.453731477822707,26.5,157.01194113384787,66.50821600340211
shared_lambda_map_specific_zeta,46,5,1,4,63,150-200,20-145,18.453731477822707,22.0,125.55796944183881,42.58575282027926
shared_lambda_map_specific_zeta,46,5,1,5,63,150-200,20-145,18.453731477822707,17.5,-11.55624385935328,29.74374912102676
map_specific_lambda_shared_zeta,46,5,1,2,63,150-200,20-145,22.317981094042864,28.0,56.343542818311796,88.31317103442733
map_specific_lambda_shared_zeta,46,5,1,3,63,150-200,20-145,16.780266063679814,28.0,157.08852742723883,76.25921562642336
map_specific_lambda_shared_zeta,46,5,1,4,63,150-200,20-145,9.791483623609768,28.0,125.66637474338921,59.83822750206983
map_specific_lambda_shared_zeta,46,5,1,5,63,150-200,20-145,6.694329500821696,28.0,-11.486792797311578,30.865448234302924
all_shared_lambda_and_zeta,47,5,0,2,63,150-200,20-145,17.320508075688775,23.5,48.673670156733245,43.105500204524226
all_shared_lambda_and_zeta,47,5,0,3,63,150-200,20-145,17.320508075688775,23.5,133.83846187593772,24.064229945214702
all_shared_lambda_and_zeta,47,5,0,4,63,150-200,20-145,17.320508075688775,23.5,67.39706194169607,41.65534663438211
all_shared_lambda_and_zeta,47,5,0,5,63,150-200,20-145,17.320508075688775,23.5,41.24534577971036,56.344626138559
map_shared_lambda_and_zeta,47,5,0,2,63,150-200,20-145,22.317981094042864,28.0,48.083461970200396,17.420117460641798
map_shared_lambda_and_zeta,47,5,0,3,63,150-200,20-145,16.780266063679814,28.0,133.83342405121832,50.76478652955884
map_shared_lambda_and_zeta,47,5,0,4,63,150-200,20-145,13.44207608814922,23.5,67.4643771386096,41.225060917074416
map_shared_lambda_and_zeta,47,5,0,5,63,150-200,20-145,11.472483074052871,19.0,41.318477362054175,18.000187837497414
shared_lambda_map_specific_zeta,47,5,0,2,63,150-200,20-145,18.453731477822707,28.0,48.57481863813877,6.606566956560419
shared_lambda_map_specific_zeta,47,5,0,3,63,150-200,20-145,18.453731477822707,26.5,133.7568377578273,41.09464076284898
shared_lambda_map_specific_zeta,47,5,0,4,63,150-200,20-145,18.453731477822707,22.0,67.36229053245096,33.7046534546177
shared_lambda_map_specific_zeta,47,5,0,5,63,150-200,20-145,18.453731477822707,17.5,41.249681199543495,17.2205195891413
map_specific_lambda_shared_zeta,47,5,0,2,63,150-200,20-145,22.317981094042864,28.0,48.083461970200396,17.420117460641798
map_specific_lambda_shared_zeta,47,5,0,3,63,150-200,20-145,16.780266063679814,28.0,133.83342405121832,50.76478652955884
map_specific_lambda_shared_zeta,47,5,0,4,63,150-200,20-145,9.791483623609768,28.0,67.47069583400133,51.759117500302004
map_specific_lambda_shared_zeta,47,5,0,5,63,150-200,20-145,6.694329500821696,28.0,41.3191322615852,25.808269777927578
all_shared_lambda_and_zeta,48,6,0,2,63,150-200,20-145,17.320508075688775,23.5,-43.71103340399054,132.6536373687071
all_shared_lambda_and_zeta,48,6,0,3,63,150-200,20-145,17.320508075688775,23.5,182.5673392803859,63.77507899771222
all_shared_lambda_and_zeta,48,6,0,4,63,150-200,20-145,17.320508075688775,23.5,165.82971827651275,27.12142972091097
all_shared_lambda_and_zeta,48,6,0,5,63,150-200,20-145,17.320508075688775,23.5,41.57812943901964,27.484808623976
map_shared_lambda_and_zeta,48,6,0,2,63,150-200,20-145,22.317981094042864,28.0,-44.30124159052339,87.95401563752127
map_shared_lambda_and_zeta,48,6,0,3,63,150-200,20-145,17.878143222611804,26.5,182.5203848384099,50.75119617188172
map_shared_lambda_and_zeta,48,6,0,4,63,150-200,20-145,13.44207608814922,23.5,165.89703347342626,27.994255780592837
map_shared_lambda_and_zeta,48,6,0,5,63,150-200,20-145,11.472483074052871,19.0,41.65126102136346,25.61377368733555
shared_lambda_map_specific_zeta,48,6,0,2,63,150-200,20-145,18.453731477822707,28.0,-43.80988492258502,92.42978801404813
shared_lambda_map_specific_zeta,48,6,0,3,63,150-200,20-145,18.453731477822707,26.5,182.4857151622755,52.157084409989444
shared_lambda_map_specific_zeta,48,6,0,4,63,150-200,20-145,18.453731477822707,22.0,165.79494686726764,34.77225983268099
shared_lambda_map_specific_zeta,48,6,0,5,63,150-200,20-145,18.453731477822707,16.0,41.59367842823007,31.813530450225354
map_specific_lambda_shared_zeta,48,6,0,2,63,150-200,20-145,22.317981094042864,28.0,-44.30124159052339,87.95401563752127
map_specific_lambda_shared_zeta,48,6,0,3,63,150-200,20-145,16.780266063679814,28.0,182.56230145566647,44.007039897321036
map_specific_lambda_shared_zeta,48,6,0,4,63,150-200,20-145,9.48607856330461,28.0,165.90341088009833,29.604238909993235
map_specific_lambda_shared_zeta,48,6,0,5,63,150-200,20-145,6.694329500821696,28.0,41.65191592089448,31.74884698394576
all_shared_lambda_and_zeta,49,6,1,2,63,150-200,20-145,17.878143222611804,23.5,-105.44717306263856,98.50270728328229
all_shared_lambda_and_zeta,49,6,1,3,63,150-200,20-145,17.878143222611804,23.5,96.97374004186237,47.42935234819301
all_shared_lambda_and_zeta,49,6,1,4,63,150-200,20-145,17.878143222611804,23.5,130.51934515199724,70.43573629035511
all_shared_lambda_and_zeta,49,6,1,5,63,150-200,20-145,17.878143222611804,23.5,97.20721038816123,73.97525730649764
map_shared_lambda_and_zeta,49,6,1,2,63,150-200,20-145,22.317981094042864,28.0,-106.01533924660511,56.75064341707546
map_shared_lambda_and_zeta,49,6,1,3,63,150-200,20-145,16.780266063679814,28.0,96.9907442197093,77.70897141080722
map_shared_lambda_and_zeta,49,6,1,4,63,150-200,20-145,13.874844806111179,23.5,130.60607678642108,59.627628519446866
map_shared_lambda_and_zeta,49,6,1,5,63,150-200,20-145,11.472483074052871,19.0,97.30238397307136,29.29094418599126
shared_lambda_map_specific_zeta,49,6,1,2,63,150-200,20-145,18.453731477822707,28.0,-105.52398257866672,59.567310719934994
shared_lambda_map_specific_zeta,49,6,1,3,63,150-200,20-145,18.453731477822707,26.5,96.91415792631832,71.20497024255582
shared_lambda_map_specific_zeta,49,6,1,4,63,150-200,20-145,18.453731477822707,22.0,130.5066157453185,60.091281930244165
shared_lambda_map_specific_zeta,49,6,1,5,63,150-200,20-145,18.453731477822707,17.5,97.2335878105607,33.73830748242199
map_specific_lambda_shared_zeta,49,6,1,2,63,150-200,20-145,22.317981094042864,28.0,-106.01533924660511,56.75064341707546
map_specific_lambda_shared_zeta,49,6,1,3,63,150-200,20-145,16.780266063679814,28.0,96.9907442197093,77.70897141080722
map_specific_lambda_shared_zeta,49,6,1,4,63,150-200,20-145,9.791483623609768,28.0,130.61502104686886,62.39737757155787
map_specific_lambda_shared_zeta,49,6,1,5,63,150-200,20-145,6.694329500821696,28.0,97.30303887260241,30.548824808428776
all_shared_lambda_and_zeta,50,6,2,2,63,150-200,20-145,16.25687467927739,25.0,-101.58000719438802,10.86860404179234
all_shared_lambda_and_zeta,50,6,2,3,63,150-200,20-145,16.25687467927739,25.0,103.89502698263856,72.92970883929868
all_shared_lambda_and_zeta,50,6,2,4,63,150-200,20-145,16.25687467927739,25.0,104.20921238875975,96.89714929839948
all_shared_lambda_and_zeta,50,6,2,5,63,150-200,20-145,16.25687467927739,25.0,38.19019034853236,96.91547528435163
map_shared_lambda_and_zeta,50,6,2,2,63,150-200,20-145,22.317981094042864,28.0,-102.19601455197099,38.9820464866297
map_shared_lambda_and_zeta,50,6,2,3,63,150-200,20-145,16.780266063679814,28.0,103.86418998686904,99.0418563496753
map_shared_lambda_and_zeta,50,6,2,4,63,150-200,20-145,13.874844806111179,23.5,104.2481028495671,77.87618352761598
map_shared_lambda_and_zeta,50,6,2,5,63,150-200,20-145,11.841840586928083,19.0,38.23720050754873,43.87698500610505
shared_lambda_map_specific_zeta,50,6,2,2,63,150-200,20-145,17.878143222611804,28.0,-101.66614551251992,28.910722844050696
shared_lambda_map_specific_zeta,50,6,2,3,63,150-200,20-145,17.878143222611804,28.0,103.80888866450664,102.87778364632068
shared_lambda_map_specific_zeta,50,6,2,4,63,150-200,20-145,17.878143222611804,22.0,104.17286018399285,77.67564940426504
shared_lambda_map_specific_zeta,50,6,2,5,63,150-200,20-145,17.878143222611804,17.5,38.18422099824806,47.6359195923587
map_specific_lambda_shared_zeta,50,6,2,2,63,150-200,20-145,22.317981094042864,28.0,-102.19601455197099,38.9820464866297
map_specific_lambda_shared_zeta,50,6,2,3,63,150-200,20-145,16.780266063679814,28.0,103.86418998686904,99.0418563496753
map_specific_lambda_shared_zeta,50,6,2,4,63,150-200,20-145,9.791483623609768,28.0,104.25704711001487,79.70283829191862
map_specific_lambda_shared_zeta,50,6,2,5,63,150-200,20-145,6.694329500821696,28.0,38.23817765935709,41.32125733497777
all_shared_lambda_and_zeta,51,6,3,2,63,150-200,20-145,16.25687467927739,25.0,-74.56475548741354,15.153189078968689
all_shared_lambda_and_zeta,51,6,3,3,63,150-200,20-145,16.25687467927739,25.0,64.8921950295006,45.04679358738205
all_shared_lambda_and_zeta,51,6,3,4,63,150-200,20-145,16.25687467927739,25.0,164.405897259035,81.90547445570267
all_shared_lambda_and_zeta,51,6,3,5,63,150-200,20-145,16.25687467927739,25.0,70.63810197306249,81.44120460735697
map_shared_lambda_and_zeta,51,6,3,2,63,150-200,20-145,22.317981094042864,28.0,-75.1807628449965,47.80289924856947
map_shared_lambda_and_zeta,51,6,3,3,63,150-200,20-145,16.780266063679814,28.0,64.86135803373107,69.95582895770045
map_shared_lambda_and_zeta,51,6,3,4,63,150-200,20-145,13.874844806111179,23.5,164.4447877198423,61.97146517962156
map_shared_lambda_and_zeta,51,6,3,5,63,150-200,20-145,11.472483074052871,19.0,70.68543438435618,26.08499226657833
shared_lambda_map_specific_zeta,51,6,3,2,63,150-200,20-145,18.453731477822707,28.0,-74.68940617705813,39.12279713998942
shared_lambda_map_specific_zeta,51,6,3,3,63,150-200,20-145,18.453731477822707,26.5,64.7847717403401,63.69393990101836
shared_lambda_map_specific_zeta,51,6,3,4,63,150-200,20-145,18.453731477822707,22.0,164.34532667873975,65.88910983819578
shared_lambda_map_specific_zeta,51,6,3,5,63,150-200,20-145,18.453731477822707,17.5,70.6166382218455,34.973986388749935
map_specific_lambda_shared_zeta,51,6,3,2,63,150-200,20-145,22.317981094042864,28.0,-75.1807628449965,47.80289924856947
map_specific_lambda_shared_zeta,51,6,3,3,63,150-200,20-145,16.780266063679814,28.0,64.86135803373107,69.95582895770045
map_specific_lambda_shared_zeta,51,6,3,4,63,150-200,20-145,9.791483623609768,28.0,164.45373198029012,61.38401142894005
map_specific_lambda_shared_zeta,51,6,3,5,63,150-200,20-145,6.694329500821696,28.0,70.68608928388721,24.441291364480367
all_shared_lambda_and_zeta,52,6,4,2,63,150-200,20-145,17.320508075688775,23.5,-163.58677210609287,105.92470256689121
all_shared_lambda_and_zeta,52,6,4,3,63,150-200,20-145,17.320508075688775,23.5,48.092888723117056,43.2646084664638
all_shared_lambda_and_zeta,52,6,4,4,63,150-200,20-145,17.320508075688775,23.5,113.89919330697711,45.57681965084152
all_shared_lambda_and_zeta,52,6,4,5,63,150-200,20-145,17.320508075688775,23.5,59.82735519874546,42.42345700246248
map_shared_lambda_and_zeta,52,6,4,2,63,150-200,20-145,22.317981094042864,28.0,-164.1769802926257,60.12590123179537
map_shared_lambda_and_zeta,52,6,4,3,63,150-200,20-145,17.878143222611804,26.5,48.04593428114106,32.7364133337604
map_shared_lambda_and_zeta,52,6,4,4,63,150-200,20-145,13.874844806111179,23.5,113.9638829388346,32.81808448958157
map_shared_lambda_and_zeta,52,6,4,5,63,150-200,20-145,11.472483074052871,19.0,59.900486781089285,12.02975311371706
shared_lambda_map_specific_zeta,52,6,4,2,63,150-200,20-145,18.453731477822707,28.0,-163.68562362468734,66.06637836823103
shared_lambda_map_specific_zeta,52,6,4,3,63,150-200,20-145,18.453731477822707,26.5,48.011264605006666,34.47323559677928
shared_lambda_map_specific_zeta,52,6,4,4,63,150-200,20-145,18.453731477822707,22.0,113.86442189773199,41.42515493659186
shared_lambda_map_specific_zeta,52,6,4,5,63,150-200,20-145,18.453731477822707,16.0,59.8429041879559,22.235970118268703
map_specific_lambda_shared_zeta,52,6,4,2,63,150-200,20-145,22.317981094042864,28.0,-164.1769802926257,60.12590123179537
map_specific_lambda_shared_zeta,52,6,4,3,63,150-200,20-145,16.780266063679814,28.0,48.08785089839764,29.238799345264425
map_specific_lambda_shared_zeta,52,6,4,4,63,150-200,20-145,9.48607856330461,28.0,113.97288591056268,28.229128979424797
map_specific_lambda_shared_zeta,52,6,4,5,63,150-200,20-145,6.694329500821696,28.0,59.901141680620306,16.989443535628933
all_shared_lambda_and_zeta,53,6,5,2,63,150-200,20-145,17.878143222611804,23.5,-101.12413129538498,110.01347825123646
all_shared_lambda_and_zeta,53,6,5,3,63,150-200,20-145,17.878143222611804,23.5,20.470812219801754,51.237297818569054
all_shared_lambda_and_zeta,53,6,5,4,63,150-200,20-145,17.878143222611804,23.5,65.552824916933,50.94717282424676
all_shared_lambda_and_zeta,53,6,5,5,63,150-200,20-145,17.878143222611804,23.5,-53.73213854525165,55.49302391047565
map_shared_lambda_and_zeta,53,6,5,2,63,150-200,20-145,22.317981094042864,28.0,-101.69229747935151,63.80815471970134
map_shared_lambda_and_zeta,53,6,5,3,63,150-200,20-145,16.780266063679814,28.0,20.48781639764866,72.9499725705123
map_shared_lambda_and_zeta,53,6,5,4,63,150-200,20-145,13.874844806111179,23.5,65.6395565513568,36.57499355052406
map_shared_lambda_and_zeta,53,6,5,5,63,150-200,20-145,11.472483074052871,19.0,-53.636964960341516,8.927300153688952
shared_lambda_map_specific_zeta,53,6,5,2,63,150-200,20-145,18.453731477822707,28.0,-101.20094081141315,72.09660297354813
shared_lambda_map_specific_zeta,53,6,5,3,63,150-200,20-145,18.453731477822707,26.5,20.411230104257694,69.19484135044644
shared_lambda_map_specific_zeta,53,6,5,4,63,150-200,20-145,18.453731477822707,22.0,65.5400955102542,45.479771297461674
shared_lambda_map_specific_zeta,53,6,5,5,63,150-200,20-145,18.453731477822707,17.5,-53.70576112285218,20.052893530381613
map_specific_lambda_shared_zeta,53,6,5,2,63,150-200,20-145,22.317981094042864,28.0,-101.69229747935151,63.80815471970134
map_specific_lambda_shared_zeta,53,6,5,3,63,150-200,20-145,16.780266063679814,28.0,20.48781639764866,72.9499725705123
map_specific_lambda_shared_zeta,53,6,5,4,63,150-200,20-145,9.48607856330461,28.0,65.64855952308488,31.428848649838557
map_specific_lambda_shared_zeta,53,6,5,5,63,150-200,20-145,6.694329500821696,28.0,-53.63631006081047,11.819147784376092
all_shared_lambda_and_zeta,54,6,6,2,63,150-200,20-145,17.320508075688775,23.5,-60.08502478418123,123.5081818471056
all_shared_lambda_and_zeta,54,6,6,3,63,150-200,20-145,17.320508075688775,23.5,-59.81883157155091,66.45393427717762
all_shared_lambda_and_zeta,54,6,6,4,63,150-200,20-145,17.320508075688775,23.5,-44.077917428537404,49.43380337440842
all_shared_lambda_and_zeta,54,6,6,5,63,150-200,20-145,17.320508075688775,23.5,-43.260680784650816,47.54365050654938
map_shared_lambda_and_zeta,54,6,6,2,63,150-200,20-145,22.317981094042864,28.0,-60.675232970714085,75.9137543217769
map_shared_lambda_and_zeta,54,6,6,3,63,150-200,20-145,17.878143222611804,26.5,-59.865786013526915,46.733239599316946
map_shared_lambda_and_zeta,54,6,6,4,63,150-200,20-145,13.44207608814922,23.5,-44.01060223162389,36.661453078761994
map_shared_lambda_and_zeta,54,6,6,5,63,150-200,20-145,11.472483074052871,19.0,-43.18754920230699,13.02432779036442
shared_lambda_map_specific_zeta,54,6,6,2,63,150-200,20-145,18.453731477822707,28.0,-60.18387630277572,84.49352678592663
shared_lambda_map_specific_zeta,54,6,6,3,63,150-200,20-145,18.453731477822707,26.5,-59.90045568966129,46.84205426358651
shared_lambda_map_specific_zeta,54,6,6,4,63,150-200,20-145,18.453731477822707,22.0,-44.112688837782514,46.890981387291376
shared_lambda_map_specific_zeta,54,6,6,5,63,150-200,20-145,18.453731477822707,16.0,-43.24513179544037,23.098804860940557
map_specific_lambda_shared_zeta,54,6,6,2,63,150-200,20-145,22.317981094042864,28.0,-60.675232970714085,75.9137543217769
map_specific_lambda_shared_zeta,54,6,6,3,63,150-200,20-145,16.780266063679814,28.0,-59.82386939627031,38.88184174306542
map_specific_lambda_shared_zeta,54,6,6,4,63,150-200,20-145,9.48607856330461,28.0,-44.00422482495184,33.16979412138708
map_specific_lambda_shared_zeta,54,6,6,5,63,150-200,20-145,6.694329500821696,28.0,-43.18689430277596,16.57403350610739
all_shared_lambda_and_zeta,55,6,7,2,63,150-200,20-145,17.320508075688775,23.5,37.18631763732717,141.61938355344822
all_shared_lambda_and_zeta,55,6,7,3,63,150-200,20-145,17.320508075688775,23.5,-61.14398754811923,271.0815083419646
all_shared_lambda_and_zeta,55,6,7,4,63,150-200,20-145,17.320508075688775,23.5,-86.8884335944597,162.63292960298028
all_shared_lambda_and_zeta,55,6,7,5,63,150-200,20-145,17.320508075688775,23.5,4.611028070968375,126.76012293651743
map_shared_lambda_and_zeta,55,6,7,2,63,150-200,20-145,22.317981094042864,28.0,36.59610945079431,94.30056215669944
map_shared_lambda_and_zeta,55,6,7,3,63,150-200,20-145,17.878143222611804,26.5,-61.19094199009524,245.32086605312247
map_shared_lambda_and_zeta,55,6,7,4,63,150-200,20-145,14.7826298876199,22.0,-86.82995373752051,178.9947289404198
map_shared_lambda_and_zeta,55,6,7,5,63,150-200,20-145,11.114646149663537,19.0,4.684381464543391,170.23556401423863
shared_lambda_map_specific_zeta,55,6,7,2,63,150-200,20-145,18.453731477822707,28.0,37.08746611873268,103.74291623173224
shared_lambda_map_specific_zeta,55,6,7,3,63,150-200,20-145,18.453731477822707,26.5,-61.22561166622962,244.134059836972
shared_lambda_map_specific_zeta,55,6,7,4,63,150-200,20-145,18.453731477822707,22.0,-86.9232050037048,172.53881899966126
shared_lambda_map_specific_zeta,55,6,7,5,63,150-200,20-145,18.453731477822707,16.0,4.626577060178811,173.78593866339423
map_specific_lambda_shared_zeta,55,6,7,2,63,150-200,20-145,22.317981094042864,28.0,36.59610945079431,94.30056215669944
map_specific_lambda_shared_zeta,55,6,7,3,63,150-200,20-145,16.25687467927739,28.0,-61.129814865184834,237.09740181889586
map_specific_lambda_shared_zeta,55,6,7,4,63,150-200,20-145,9.190199357757056,28.0,-86.81470396277267,179.45664928334796
map_specific_lambda_shared_zeta,55,6,7,5,63,150-200,20-145,6.485527425110586,28.0,4.68481462511718,175.6269496890918
all_shared_lambda_and_zeta,56,7,7,2,63,150-200,20-145,17.320508075688775,23.5,183.2424139812069,260.59401261224207
all_shared_lambda_and_zeta,56,7,7,3,63,150-200,20-145,17.320508075688775,23.5,57.11122609978668,62.70411855307787
all_shared_lambda_and_zeta,56,7,7,4,63,150-200,20-145,17.320508075688775,23.5,-33.72547659584446,45.362850172451296
all_shared_lambda_and_zeta,56,7,7,5,63,150-200,20-145,17.320508075688775,23.5,22.664483239306428,31.065392982849477
map_shared_lambda_and_zeta,56,7,7,2,63,150-200,20-145,23.036510285681896,28.0,182.50639857871556,214.85208144364597
map_shared_lambda_and_zeta,56,7,7,3,63,150-200,20-145,17.878143222611804,26.5,57.06427165781068,41.566497856362325
map_shared_lambda_and_zeta,56,7,7,4,63,150-200,20-145,13.44207608814922,23.5,-33.65816139893095,59.76467065684247
map_shared_lambda_and_zeta,56,7,7,5,63,150-200,20-145,11.472483074052871,19.0,22.737614821650244,29.361833857957784
shared_lambda_map_specific_zeta,56,7,7,2,63,150-200,20-145,17.878143222611804,28.0,183.18207483412513,221.5923456411898
shared_lambda_map_specific_zeta,56,7,7,3,63,150-200,20-145,17.878143222611804,26.5,57.06427165781068,41.566497856362325
shared_lambda_map_specific_zeta,56,7,7,4,63,150-200,20-145,17.878143222611804,22.0,-33.73602962956125,52.49732674031502
shared_lambda_map_specific_zeta,56,7,7,5,63,150-200,20-145,17.878143222611804,17.5,22.68431306007224,21.873265496736114
map_specific_lambda_shared_zeta,56,7,7,2,63,150-200,20-145,23.036510285681896,28.0,182.50639857871556,214.85208144364597
map_specific_lambda_shared_zeta,56,7,7,3,63,150-200,20-145,16.780266063679814,28.0,57.10618827506726,38.9580362899302
map_specific_lambda_shared_zeta,56,7,7,4,63,150-200,20-145,9.48607856330461,28.0,-33.6517839922589,69.53431982965148
map_specific_lambda_shared_zeta,56,7,7,5,63,150-200,20-145,6.694329500821696,28.0,22.738269721181275,37.92775971413943
all_shared_lambda_and_zeta,57,7,6,2,63,150-200,20-145,17.320508075688775,23.5,147.27083278508414,156.35289918655883
all_shared_lambda_and_zeta,57,7,6,3,63,150-200,20-145,17.320508075688775,23.5,87.76268734992863,268.642871423823
all_shared_lambda_and_zeta,57,7,6,4,63,150-200,20-145,17.320508075688775,23.5,-65.21622170970417,239.24520558108705
all_shared_lambda_and_zeta,57,7,6,5,63,150-200,20-145,17.320508075688775,23.5,-90.74743517272526,66.78254575660979
map_shared_lambda_and_zeta,57,7,6,2,63,150-200,20-145,22.317981094042864,28.0,146.68062459855128,108.89674112201085
map_shared_lambda_and_zeta,57,7,6,3,63,150-200,20-145,17.878143222611804,26.5,87.71573290795261,243.06749282587748
map_shared_lambda_and_zeta,57,7,6,4,63,150-200,20-145,14.321546547664008,22.0,-65.15356466788785,257.4529397080634
map_shared_lambda_and_zeta,57,7,6,5,63,150-200,20-145,11.114646149663537,19.0,-90.67408177915026,110.06937113499325
shared_lambda_map_specific_zeta,57,7,6,2,63,150-200,20-145,18.453731477822707,28.0,147.17198126648964,117.29778393275312
shared_lambda_map_specific_zeta,57,7,6,3,63,150-200,20-145,18.453731477822707,26.5,87.68106323181823,241.70584683124497
shared_lambda_map_specific_zeta,57,7,6,4,63,150-200,20-145,18.453731477822707,22.0,-65.25099311894928,248.9109124507187
shared_lambda_map_specific_zeta,57,7,6,5,63,150-200,20-145,18.453731477822707,16.0,-90.73188618351482,113.3490012503721
map_specific_lambda_shared_zeta,57,7,6,2,63,150-200,20-145,22.317981094042864,28.0,146.68062459855128,108.89674112201085
map_specific_lambda_shared_zeta,57,7,6,3,63,150-200,20-145,16.25687467927739,28.0,87.776860032863,235.55694434503795
map_specific_lambda_shared_zeta,57,7,6,4,63,150-200,20-145,9.190199357757056,28.0,-65.14249207801717,256.7890852076315
map_specific_lambda_shared_zeta,57,7,6,5,63,150-200,20-145,6.694329500821696,28.0,-90.67364869085041,113.08207731810342
all_shared_lambda_and_zeta,58,7,5,2,63,150-200,20-145,17.320508075688775,23.5,5.4222652369640105,153.14023826114604
all_shared_lambda_and_zeta,58,7,5,3,63,150-200,20-145,17.320508075688775,23.5,-43.88595609546366,161.63275280981588
all_shared_lambda_and_zeta,58,7,5,4,63,150-200,20-145,17.320508075688775,23.5,-142.8414804869214,42.56291183518384
all_shared_lambda_and_zeta,58,7,5,5,63,150-200,20-145,17.320508075688775,23.5,-191.97287713603745,40.386665925174086
map_shared_lambda_and_zeta,58,7,5,2,63,150-200,20-145,22.317981094042864,28.0,4.8320570504311595,105.71359220852
map_shared_lambda_and_zeta,58,7,5,3,63,150-200,20-145,17.878143222611804,26.5,-43.93291053743965,135.8489343528977
map_shared_lambda_and_zeta,58,7,5,4,63,150-200,20-145,13.44207608814922,23.5,-142.77416529000786,50.60949724686314
map_shared_lambda_and_zeta,58,7,5,5,63,150-200,20-145,11.472483074052871,19.0,-191.89974555369363,22.42604275459091
shared_lambda_map_specific_zeta,58,7,5,2,63,150-200,20-145,18.453731477822707,28.0,5.323413718369523,113.900101120551
shared_lambda_map_specific_zeta,58,7,5,3,63,150-200,20-145,18.453731477822707,26.5,-43.967580213574045,134.50932891305928
shared_lambda_map_specific_zeta,58,7,5,4,63,150-200,20-145,18.453731477822707,22.0,-142.87625189616648,52.21634597490925
shared_lambda_map_specific_zeta,58,7,5,5,63,150-200,20-145,18.453731477822707,16.0,-191.957328146827,32.175398013861404
map_specific_lambda_shared_zeta,58,7,5,2,63,150-200,20-145,22.317981094042864,28.0,4.8320570504311595,105.71359220852
map_specific_lambda_shared_zeta,58,7,5,3,63,150-200,20-145,16.25687467927739,28.0,-43.871783412529254,128.3160002081597
map_specific_lambda_shared_zeta,58,7,5,4,63,150-200,20-145,9.48607856330461,28.0,-142.76778788333579,54.063828322210476
map_specific_lambda_shared_zeta,58,7,5,5,63,150-200,20-145,6.694329500821696,28.0,-191.8990906541626,25.748859382036187
all_shared_lambda_and_zeta,59,7,4,2,63,150-200,20-145,17.320508075688775,23.5,-34.7704334555795,269.985990470134
all_shared_lambda_and_zeta,59,7,4,3,63,150-200,20-145,17.320508075688775,23.5,-162.36750190417695,160.07265568577708
all_shared_lambda_and_zeta,59,7,4,4,63,150-200,20-145,17.320508075688775,23.5,-79.6143217373875,52.54674442871907
all_shared_lambda_and_zeta,59,7,4,5,63,150-200,20-145,17.320508075688775,23.5,-28.624334919060633,23.412709229460717
map_shared_lambda_and_zeta,59,7,4,2,63,150-200,20-145,22.317981094042864,28.0,-35.360641642112355,223.12468014166936
map_shared_lambda_and_zeta,59,7,4,3,63,150-200,20-145,17.878143222611804,26.5,-162.41445634615295,134.7986697953887
map_shared_lambda_and_zeta,59,7,4,4,63,150-200,20-145,13.44207608814922,23.5,-79.54700654047399,52.69657122715258
map_shared_lambda_and_zeta,59,7,4,5,63,150-200,20-145,11.472483074052871,19.0,-28.551203336716814,54.93803917450569
shared_lambda_map_specific_zeta,59,7,4,2,63,150-200,20-145,18.453731477822707,28.0,-34.869284974173986,229.9499380118394
shared_lambda_map_specific_zeta,59,7,4,3,63,150-200,20-145,18.453731477822707,26.5,-162.44912602228737,133.9998653843412
shared_lambda_map_specific_zeta,59,7,4,4,63,150-200,20-145,18.453731477822707,22.0,-79.64909314663261,59.021188340217584
shared_lambda_map_specific_zeta,59,7,4,5,63,150-200,20-145,18.453731477822707,16.0,-28.608785929850203,60.746612719660554
map_specific_lambda_shared_zeta,59,7,4,2,63,150-200,20-145,22.317981094042864,26.5,-35.29440567811463,237.0988049012402
map_specific_lambda_shared_zeta,59,7,4,3,63,150-200,20-145,17.878143222611804,26.5,-162.41445634615295,134.7986697953887
map_specific_lambda_shared_zeta,59,7,4,4,63,150-200,20-145,10.432107924894561,26.5,-79.54088175846437,51.33856932332015
map_specific_lambda_shared_zeta,59,7,4,5,63,150-200,20-145,7.1323172791695315,26.5,-28.55054879154852,58.066301256927915
all_shared_lambda_and_zeta,60,7,3,2,63,150-200,20-145,17.320508075688775,23.5,-105.23990884177546,198.92678678746748
all_shared_lambda_and_zeta,60,7,3,3,63,150-200,20-145,17.320508075688775,23.5,-144.85838060645787,84.56368330578971
all_shared_lambda_and_zeta,60,7,3,4,63,150-200,20-145,17.320508075688775,23.5,-99.09800215544333,45.288950644380456
all_shared_lambda_and_zeta,60,7,3,5,63,150-200,20-145,17.320508075688775,23.5,-76.74805406340455,65.72883305106542
map_shared_lambda_and_zeta,60,7,3,2,63,150-200,20-145,22.317981094042864,28.0,-105.83011702830832,151.99100435854902
map_shared_lambda_and_zeta,60,7,3,3,63,150-200,20-145,17.878143222611804,26.5,-144.90533504843387,60.149885621164195
map_shared_lambda_and_zeta,60,7,3,4,63,150-200,20-145,13.44207608814922,23.5,-99.03068695852981,37.11691788401463
map_shared_lambda_and_zeta,60,7,3,5,63,150-200,20-145,11.472483074052871,19.0,-76.67492248106073,22.155839356799742
shared_lambda_map_specific_zeta,60,7,3,2,63,150-200,20-145,18.453731477822707,28.0,-105.33876036036995,158.7933925328447
shared_lambda_map_specific_zeta,60,7,3,3,63,150-200,20-145,18.453731477822707,26.5,-144.94000472456824,59.48190601959439
shared_lambda_map_specific_zeta,60,7,3,4,63,150-200,20-145,18.453731477822707,22.0,-99.13277356468843,45.328679915569644
shared_lambda_map_specific_zeta,60,7,3,5,63,150-200,20-145,18.453731477822707,17.5,-76.7437186435714,33.38045517815231
map_specific_lambda_shared_zeta,60,7,3,2,63,150-200,20-145,22.317981094042864,28.0,-105.83011702830832,151.99100435854902
map_specific_lambda_shared_zeta,60,7,3,3,63,150-200,20-145,16.780266063679814,28.0,-144.86341843117728,50.06341300949051
map_specific_lambda_shared_zeta,60,7,3,4,63,150-200,20-145,9.48607856330461,28.0,-99.02430955185777,37.64226963835608
map_specific_lambda_shared_zeta,60,7,3,5,63,150-200,20-145,6.694329500821696,28.0,-76.6742675815297,19.777946046296094
all_shared_lambda_and_zeta,61,7,2,2,63,150-200,20-145,17.320508075688775,23.5,-170.14804899938363,109.54079827397914
all_shared_lambda_and_zeta,61,7,2,3,63,150-200,20-145,17.320508075688775,23.5,-56.161453484256384,42.58491363136975
all_shared_lambda_and_zeta,61,7,2,4,63,150-200,20-145,17.320508075688775,23.5,-19.819927038177312,52.96887037961315
all_shared_lambda_and_zeta,61,7,2,5,63,150-200,20-145,17.320508075688775,23.5,-23.10772654048752,51.72121965132654
map_shared_lambda_and_zeta,61,7,2,2,63,150-200,20-145,22.317981094042864,28.0,-170.73825718591644,62.03608615916105
map_shared_lambda_and_zeta,61,7,2,3,63,150-200,20-145,17.878143222611804,26.5,-56.208407926232375,33.740212087381266
map_shared_lambda_and_zeta,61,7,2,4,63,150-200,20-145,13.44207608814922,23.5,-19.752611841263796,45.13874680565253
map_shared_lambda_and_zeta,61,7,2,5,63,150-200,20-145,11.472483074052871,19.0,-23.0345949581437,25.24357803767067
shared_lambda_map_specific_zeta,61,7,2,2,63,150-200,20-145,18.453731477822707,28.0,-170.2469005179781,71.04811272398503
shared_lambda_map_specific_zeta,61,7,2,3,63,150-200,20-145,18.453731477822707,26.5,-56.24307760236677,35.19501288881343
shared_lambda_map_specific_zeta,61,7,2,4,63,150-200,20-145,18.453731477822707,22.0,-19.854698447422425,55.11436998415992
shared_lambda_map_specific_zeta,61,7,2,5,63,150-200,20-145,18.453731477822707,16.0,-23.092177551277082,35.70151854776814
map_specific_lambda_shared_zeta,61,7,2,2,63,150-200,20-145,22.317981094042864,28.0,-170.73825718591644,62.03608615916105
map_specific_lambda_shared_zeta,61,7,2,3,63,150-200,20-145,16.780266063679814,28.0,-56.16649130897579,32.111465910724604
map_specific_lambda_shared_zeta,61,7,2,4,63,150-200,20-145,9.48607856330461,28.0,-19.746234434591752,41.831778347212655
map_specific_lambda_shared_zeta,61,7,2,5,63,150-200,20-145,6.694329500821696,28.0,-23.033940058612668,24.822616693272376
all_shared_lambda_and_zeta,62,7,1,2,63,150-200,20-145,17.878143222611804,23.5,-57.73940724729328,64.18731341910565
all_shared_lambda_and_zeta,62,7,1,3,63,150-200,20-145,17.878143222611804,23.5,-130.40899508813152,44.27279602079387
all_shared_lambda_and_zeta,62,7,1,4,63,150-200,20-145,17.878143222611804,23.5,-45.87495865927758,83.63684594200357
all_shared_lambda_and_zeta,62,7,1,5,63,150-200,20-145,17.878143222611804,23.5,52.08655587685095,69.81923846995599
map_shared_lambda_and_zeta,62,7,1,2,63,150-200,20-145,22.317981094042864,28.0,-58.307573431259804,23.161856160751473
map_shared_lambda_and_zeta,62,7,1,3,63,150-200,20-145,17.878143222611804,26.5,-130.4339075275412,50.61820150626709
map_shared_lambda_and_zeta,62,7,1,4,63,150-200,20-145,13.874844806111179,23.5,-45.788227024853775,69.61084743734418
map_shared_lambda_and_zeta,62,7,1,5,63,150-200,20-145,11.472483074052871,19.0,52.181729461761094,24.311191072145057
shared_lambda_map_specific_zeta,62,7,1,2,63,150-200,20-145,18.453731477822707,28.0,-57.81621676332144,35.49303567013293
shared_lambda_map_specific_zeta,62,7,1,3,63,150-200,20-145,18.453731477822707,26.5,-130.46857720367555,52.43732299224467
shared_lambda_map_specific_zeta,62,7,1,4,63,150-200,20-145,18.453731477822707,22.0,-45.88768806595636,75.96765016613357
shared_lambda_map_specific_zeta,62,7,1,5,63,150-200,20-145,18.453731477822707,17.5,52.11293329925042,36.31490467204128
map_specific_lambda_shared_zeta,62,7,1,2,63,150-200,20-145,22.317981094042864,28.0,-58.307573431259804,23.161856160751473
map_specific_lambda_shared_zeta,62,7,1,3,63,150-200,20-145,16.780266063679814,28.0,-130.39199091028462,54.172483365101414
map_specific_lambda_shared_zeta,62,7,1,4,63,150-200,20-145,9.791483623609768,28.0,-45.779282764406,66.42469937654016
map_specific_lambda_shared_zeta,62,7,1,5,63,150-200,20-145,6.694329500821696,28.0,52.182384361292115,21.169875337608154
all_shared_lambda_and_zeta,63,7,0,2,63,150-200,20-145,17.878143222611804,23.5,0.8778962643425775,59.76799109343226
all_shared_lambda_and_zeta,63,7,0,3,63,150-200,20-145,17.878143222611804,23.5,-67.82849526744313,38.49973723082509
all_shared_lambda_and_zeta,63,7,0,4,63,150-200,20-145,17.878143222611804,23.5,-8.692546725909912,88.10051139086157
all_shared_lambda_and_zeta,63,7,0,5,63,150-200,20-145,17.878143222611804,23.5,70.78498295287876,60.85879606830137
map_shared_lambda_and_zeta,63,7,0,2,63,150-200,20-145,22.317981094042864,28.0,0.3097300803760495,18.70605695558938
map_shared_lambda_and_zeta,63,7,0,3,63,150-200,20-145,16.780266063679814,28.0,-67.8114910895962,58.85198341157116
map_shared_lambda_and_zeta,63,7,0,4,63,150-200,20-145,13.874844806111179,23.5,-8.60581509148611,74.1780243517739
map_shared_lambda_and_zeta,63,7,0,5,63,150-200,20-145,11.472483074052871,19.0,70.8801565377889,14.401029563780252
shared_lambda_map_specific_zeta,63,7,0,2,63,150-200,20-145,18.453731477822707,28.0,0.8010867483144157,30.309358540923025
shared_lambda_map_specific_zeta,63,7,0,3,63,150-200,20-145,18.453731477822707,26.5,-67.88807738298718,54.71388717549285
shared_lambda_map_specific_zeta,63,7,0,4,63,150-200,20-145,18.453731477822707,22.0,-8.7052761325887,81.28393300109164
shared_lambda_map_specific_zeta,63,7,0,5,63,150-200,20-145,18.453731477822707,17.5,70.81136037527823,24.955514186977336
map_specific_lambda_shared_zeta,63,7,0,2,63,150-200,20-145,22.317981094042864,28.0,0.3097300803760495,18.70605695558938
map_specific_lambda_shared_zeta,63,7,0,3,63,150-200,20-145,16.780266063679814,28.0,-67.8114910895962,58.85198341157116
map_specific_lambda_shared_zeta,63,7,0,4,63,150-200,20-145,9.791483623609768,28.0,-8.596870831038334,70.10677675153542
map_specific_lambda_shared_zeta,63,7,0,5,63,150-200,20-145,6.694329500821696,28.0,70.88081143731993,15.936901786511488
