location,location_order,instrument_scan_number,point_index,gap_speed_um_per_s,far_sample_count,far_distance_min_nm,far_distance_max_nm,hydro_far_line_slope_pN_per_nm,hydro_far_line_intercept_pN
A,1,5,0,1.9769155738602426,200,712.8397384824871,911.6094391588838,-0.001037717476979807,1.6824040852198454
A,1,5,1,1.977678608870434,197,701.8043103320475,895.7459197905663,-0.0010706396260544027,1.7092183927966755
A,1,5,2,1.971705255517478,200,713.8710793735346,910.7431397031716,-0.0010322033549661307,1.6757075341827756
A,1,5,3,1.970785533599365,200,713.4246361872432,911.7333260155372,-0.001032659467423715,1.6756947587303814
A,1,5,4,1.971829415242298,200,713.7160783644382,911.4576637241479,-0.0010324952767155893,1.6760008264555282
A,1,5,5,1.9836725518057297,200,712.7594350081972,909.6162030831398,-0.0010411830824066624,1.6880908918685371
A,1,5,6,1.9875911308057863,200,699.8376049626081,899.0851777859216,-0.0010771681207300495,1.7188559199543052
A,1,5,7,1.9825101452577456,200,714.8322979790127,914.0336378246899,-0.0010352704827191756,1.6827810967299812
A,1,5,8,1.9742839436020356,198,704.129307338467,898.9093199696922,-0.001061464351298634,1.700431475102414
A,1,5,9,1.9732203240413713,196,697.4291078984344,890.4819972613283,-0.0010812121263089368,1.7157072816735819
A,1,5,10,1.9727774194822463,197,697.9661935292419,891.9544169515822,-0.001078498713180085,1.7133963905418996
A,1,5,11,1.9803588773181473,198,698.859557497857,893.4999301204857,-0.0010793131298485127,1.7173649383304426
A,1,5,12,1.9834169382732403,200,712.0698423648349,908.912680406576,-0.0010428733345602308,1.6893595647815651
A,1,5,13,1.9774299334987164,200,714.2562952376372,913.6062318708755,-0.0010340133995380832,1.6796100695393767
A,1,5,14,1.9665145794932202,200,715.6476906188426,914.7089838046652,-0.001024841581144771,1.6675080790573837
A,1,5,15,1.9694776295528604,200,714.0254240274271,913.1453498967884,-0.0010304741057749216,1.6733602749975889
A,1,5,16,1.9652610557474899,197,701.0307908131049,894.8325199165627,-0.0010664264792687736,1.7004979467437848
A,1,5,17,1.9681911977377888,197,698.6691175594732,892.63615177523,-0.0010738747008941748,1.7077212704931721
A,1,5,18,1.9718555548457255,197,701.2447635389238,895.1400443748402,-0.0010693626802756072,1.7056896281554619
A,1,5,19,1.977058869205806,198,705.2697284426528,900.2028217294006,-0.001059929341871006,1.700382011085701
A,1,5,20,1.9770804610816877,200,714.8502723467936,912.4761277119088,-0.0010323005154469031,1.6780594820365713
A,1,5,21,1.9766926338401765,200,713.814271955806,912.9935756657583,-0.001034801863515665,1.679940740165529
A,1,5,22,1.9739917799927633,200,713.0565134653177,912.1175898858764,-0.0010355621843142814,1.679417749551902
A,1,5,23,1.9782827958457927,200,711.0409023323164,910.3457879145658,-0.001042686769424397,1.687037009551831
A,1,5,24,1.9823578237661204,200,719.7505076843963,918.9251716597427,-0.0010231685817201023,1.6728025273214877
A,1,5,25,2.003540760808657,195,695.3303561672716,887.110199797538,-0.0011054655339733904,1.7481066079735426
A,1,5,26,1.9914668096914594,196,704.3110085955559,897.0906430456902,-0.0010729717771359125,1.7169479545928925
A,1,5,27,1.9655044665009636,200,715.1479222780531,912.1063876738297,-0.0010259281294962598,1.667962229676998
A,1,5,28,1.9702452763046787,200,714.1614846944979,912.6597850557804,-0.001030672975117062,1.6738451948752862
A,1,5,29,1.9828778651208103,200,720.959893751732,920.4275349517667,-0.001019321455212376,1.6698594441681505
A,1,5,30,1.976936487747411,200,709.3766050630812,908.5508363572981,-0.0010465176003392278,1.689575909681921
A,1,5,31,1.9682923039819928,200,714.4944342853286,913.5652677936812,-0.0010286883760451072,1.6714013624800166
A,1,5,32,1.9570040030770464,200,708.8515668915725,905.5963692916362,-0.0010373606143635398,1.6736670648880465
A,1,5,33,1.9725477055867306,197,698.7287720732323,892.610376263939,-0.001076494004607103,1.7116951791388453
A,1,5,34,1.964674432837742,198,705.9280318803832,900.8221750895572,-0.00105141839168657,1.6882206722379731
A,1,5,35,1.9630963892796307,200,712.3339256728178,911.3762127055285,-0.0010312428438309302,1.6712870945855074
A,1,5,36,1.9549511732549274,200,712.0312539573378,910.9432825792927,-0.001027447791939922,1.664747442544793
A,1,5,37,1.9661952112411036,200,711.531498450971,910.6972734843938,-0.001034979949234634,1.6756418279470677
A,1,5,38,1.9461848492662492,200,712.8648714791188,911.8619899665813,-0.0010214400284624745,1.6561408469124508
A,1,5,39,1.9475702953993723,200,705.1763620767438,904.2343350306747,-0.0010417063020680655,1.6731643736994766
A,1,5,40,1.9646059932602855,200,713.194400735429,910.2055286733724,-0.0010296820446533,1.67064849787916
A,1,5,41,1.9617890684459673,197,699.9461945861879,893.8171134603035,-0.001067207689667744,1.6996285959470305
A,1,5,42,1.963401733094533,197,701.4556730803101,895.4170857213892,-0.0010643590876552793,1.6980400729000968
A,1,5,43,1.953528864989736,199,705.0406776491145,900.8681048584921,-0.0010465857877572018,1.679601492078946
A,1,5,44,1.960133547648158,199,706.7560167462981,902.6720067762237,-0.0010456977634946494,1.6817055341883147
A,1,5,45,1.960951799452306,200,711.9306020968495,910.9812244097242,-0.0010313330380139238,1.6704519782216463
A,1,5,46,1.9652714243438512,200,709.3791088514668,908.7198183502202,-0.0010398394757776437,1.679199612802887
A,1,5,47,1.9651712079041632,200,713.842169020803,912.941471517551,-0.0010283337721900536,1.6697928794279595
A,1,5,48,1.9712765791286677,200,714.2431677743468,911.2035458135475,-0.0010307939563122563,1.674375024650835
A,1,5,49,1.9661526935397422,199,710.6997922787356,906.8549077925744,-0.0010382427043267094,1.6782274737691576
A,1,5,50,1.9620037846189746,200,712.4844071642806,909.5136527139847,-0.0010305989640251624,1.670293397752065
A,1,5,51,1.9649872463167635,200,713.8257970831144,910.8940141506496,-0.0010284893130035953,1.669836145853307
A,1,5,52,1.9618548027901868,200,713.3729538434062,912.6678461501597,-0.0010280529913294554,1.668162391108559
A,1,5,53,1.9577602442439264,200,713.7137764248671,913.1142357611208,-0.0010249749377568833,1.6639193965447938
A,1,5,54,1.968194296868663,200,712.4243955042393,911.6143148473047,-0.0010341917503189754,1.6758481113655481
A,1,5,55,1.9675985858429146,200,715.4521592443165,914.5664702856494,-0.001026088878696457,1.6689842985244603
A,1,5,56,1.9708555491267463,200,714.6571144851519,913.8629452714414,-0.0010295695250542997,1.673204010862654
A,1,5,57,1.968751662394624,196,696.9455580132047,889.6960676209509,-0.0010801929255490799,1.712961380479868
A,1,5,58,1.960687588248326,200,709.0960950205986,905.9557236420882,-0.0010384236168068707,1.676094707356995
A,1,5,59,1.9642290386640477,198,702.2143465234468,897.1634714388679,-0.001061009555878523,1.69575243396501
A,1,5,60,1.9624955798012842,200,713.8851054180367,910.6584061457283,-0.0010273304958265932,1.667836863147543
A,1,5,61,1.9617144555127584,200,715.2040901807151,914.0213471361238,-0.0010231957199697487,1.66413693108573
A,1,5,62,1.9672291901906533,200,712.4747865912555,911.7952583063666,-0.0010333272312177315,1.6747353099338191
A,1,5,63,1.9786403105285049,200,711.7886762811553,908.604860360617,-0.00104131333536799,1.686065395242993
A,2,6,0,0.9891238653608916,200,712.5979462238467,911.3747152534401,-0.0005195859219468278,0.8420766550841521
A,2,6,1,0.9866539358655657,198,701.1586951224817,897.5918102911568,-0.0005341529682955078,0.8527568459676687
A,2,6,2,0.9870782301892173,200,712.1866215903508,911.2914363521717,-0.0005187209815123223,0.8405085178689267
A,2,6,3,0.9869748508803761,200,711.6034897561035,909.6686713582343,-0.000519622775649141,0.8411975222336772
A,2,6,4,0.9873702717136006,200,712.448332716715,911.5279826347146,-0.0005187175085356107,0.8406294018621316
A,2,6,5,0.9860391859810146,200,713.2511109485511,912.412792307532,-0.0005169095724220767,0.8385924017315922
A,2,6,6,0.991982786453813,199,711.597583791279,908.8271685882906,-0.000522705421934065,0.8458071267461286
A,2,6,7,0.988121372839931,200,717.4223760709567,916.6388705960677,-0.00051251502797023,0.8358782954789028
A,2,6,8,0.9877137851854075,198,703.1710778218772,899.1013506186665,-0.0005324978767875952,0.8518819493017176
A,2,6,9,0.9885328923547299,195,689.0302636313223,882.057441019805,-0.0005541988506331257,0.86944669173377
A,2,6,10,0.9888817619430255,197,699.6792006517599,894.8331182305467,-0.0005382855931401921,0.8570043403505598
A,2,6,11,0.9885237699354283,197,699.8703664588362,895.0666059969908,-0.0005378044496313778,0.8564649299304068
A,2,6,12,0.9887073891066406,200,707.9234151240881,906.0967293726987,-0.0005252563885182564,0.8465070047460572
A,2,6,13,0.9874939035985368,200,713.6175095814526,912.9094357801307,-0.0005172303382170665,0.8394697154732574
A,2,6,14,0.9843167660739484,200,713.3002562629356,912.3503189517317,-0.0005159627956615056,0.8370915508699439
A,2,6,15,0.9838471628864297,200,715.1957395983164,914.4134473956282,-0.0005132746642948062,0.8346990046288556
A,2,6,16,0.9814483723991968,197,701.269177927966,896.543106231296,-0.0005320406938795943,0.8488008849018389
A,2,6,17,0.9843866000492302,197,701.8459607110914,897.127240808476,-0.0005328705632674704,0.8507304917736562
A,2,6,18,0.9862232225480849,197,701.779328481762,896.9427777414404,-0.0005339620852496088,0.8523957146408379
A,2,6,19,0.9899173836050048,199,706.3254533556423,903.538368437214,-0.0005286549055369712,0.8497502955308559
A,2,6,20,0.9888215880166432,200,713.8594504115769,913.0997252036025,-0.0005174417364850992,0.8402032507809135
A,2,6,21,0.988673052070111,200,715.0123496723669,914.0835885794904,-0.0005159775489022292,0.838944455341913
A,2,6,22,0.9851743076049029,200,711.7844985541061,910.742706098167,-0.0005184057705670744,0.8394443104834795
A,2,6,23,0.9857726761971223,200,714.5081401613995,913.5383336200822,-0.0005152435322988309,0.837119904797291
A,2,6,24,0.9835955189028222,199,709.6127516358415,906.8893202810395,-0.0005208786620765914,0.8407614022482987
A,2,6,25,0.9860349866551773,195,691.3312539773958,884.5881733981751,-0.0005494698336450301,0.864621037155364
A,2,6,26,0.9867128954739868,196,694.4821343369714,888.74116397747,-0.0005448680860485374,0.8612914470609646
A,2,6,27,0.9890187010322342,197,700.5407197096928,895.5780376781636,-0.0005372015304202307,0.856195349097561
A,2,6,28,0.9874621115938749,200,712.920375653294,911.1696376034674,-0.000518072205479309,0.8401416967828215
A,2,6,29,0.982572136662762,200,713.7664691373533,912.9754494896085,-0.0005144060161316342,0.8350839126878369
A,2,6,30,0.9830048916439282,200,710.9487509634562,909.9440322320972,-0.0005183389852378645,0.8384703070593078
A,2,6,31,0.9812436707826926,200,713.1782243917248,912.3710687260331,-0.0005144571686207379,0.8345852436732221
A,2,6,32,0.9793877861915329,199,705.5894880737085,902.6934627179359,-0.0005239714921974162,0.8414702198023054
A,2,6,33,0.9819379792156228,197,696.2964197362261,891.565623576751,-0.0005390620223086449,0.8546243166812717
A,2,6,34,0.9841312083106457,199,707.1059878806476,904.3890334725305,-0.0005243354921930556,0.8437895960616366
A,2,6,35,0.9815065455091975,200,714.1362101558714,912.3398091727613,-0.0005134298152337193,0.8338365994347173
A,2,6,36,0.9840949304177465,200,715.1903099631882,914.2510655655916,-0.0005133557331431121,0.8348699495193601
A,2,6,37,0.9845698175824298,200,713.2173880024354,912.523871497388,-0.0005160396639853495,0.837261196420142
A,2,6,38,0.9827045345310828,200,709.1144857445094,908.1990362193675,-0.0005204764554146301,0.8400780255612901
A,2,6,39,0.9804574361985371,200,714.6143030909026,913.7459509704772,-0.0005122423876667563,0.8324241578562641
A,2,6,40,0.9798333975755829,200,714.5548629693935,913.5730342729829,-0.0005121273055568475,0.8320671125643322
A,2,6,41,0.9795571052454988,195,691.7918311638979,885.1364694976465,-0.0005450627293333211,0.8583102839520036
A,2,6,42,0.9802923417208521,197,697.4153485529758,892.5921418701145,-0.0005367297052020168,0.8520527215477008
A,2,6,43,0.9781844437993207,198,702.256204034199,898.305035696052,-0.0005283343277252239,0.8444462104213322
A,2,6,44,0.9818256220358683,199,705.0220291200095,902.2811202057976,-0.0005259417636508187,0.8441022531868059
A,2,6,45,0.9827458534615979,200,709.9582266844008,908.2259944365422,-0.0005194020075213048,0.8392234236649988
A,2,6,46,0.9795837031395133,200,713.7788087679693,912.7967990404686,-0.0005129603479709086,0.8326411346671478
A,2,6,47,0.9809414934049634,200,713.4457390257843,912.6263503784785,-0.0005140582743260115,0.8341109684620078
A,2,6,48,0.9841890481319534,200,712.13434355115,910.4341767017033,-0.0005172669374406666,0.8380995945719649
A,2,6,49,0.981166086878326,200,709.8325110072187,908.03486703169,-0.0005185896108384383,0.837892785375795
A,2,6,50,0.980929881196636,199,710.1777226316941,907.3869291139118,-0.0005187379832723029,0.8378915228263124
A,2,6,51,0.9829318740867706,200,713.8493421372265,911.973564973629,-0.0005146242305702614,0.8354136235051637
A,2,6,52,0.9796685128483652,200,716.4169721749307,915.613824035746,-0.0005094756969330185,0.8298296125211886
A,2,6,53,0.9783962447635819,200,711.3400137790532,910.4165937557856,-0.0005153131554505622,0.8340547329093355
A,2,6,54,0.9849338535638585,200,711.6709884161919,910.8797419152497,-0.0005183846766955541,0.8393257432441121
A,2,6,55,0.9894332295949904,200,714.8675282775902,914.110205679333,-0.0005165048200109482,0.8396961059589609
A,2,6,56,0.9875831221012774,200,714.1429354060973,913.2736608195925,-0.0005166372689488749,0.839023006571703
A,2,6,57,0.9863718220586499,196,696.0739511985395,890.1585761372982,-0.0005424927173021053,0.8592544814938544
A,2,6,58,0.9859558778894738,198,701.4773973990093,897.772500884492,-0.0005335396769438983,0.8519639277813638
A,2,6,59,0.9796643648939389,199,707.2186423768359,904.3719949649221,-0.0005219747720908592,0.8399752252943707
A,2,6,60,0.9823472440363957,199,706.1609888122043,903.2900825253134,-0.0005248303077816014,0.8434278572537898
A,2,6,61,0.9811568243955382,200,714.0121784577105,912.69901184234,-0.0005134064094376599,0.8336702373407847
A,2,6,62,0.9808721969184305,200,713.1522845108358,912.3210610017176,-0.0005142887945170655,0.8342698801836534
A,2,6,63,0.9879641834108096,200,710.485424249928,908.6188285307146,-0.0005214683472455488,0.8431179356452156
A,3,7,0,3.9507555513590487,200,710.8268295642085,909.6892995666127,-0.002084226149973746,3.370659210644357
A,3,7,1,3.9460918716802142,200,711.3049255991177,905.6251671568533,-0.0020800480517614416,3.3652613046676
A,3,7,2,3.944093276355563,200,711.3077620645382,908.4240813201218,-0.0020777208218629,3.3625541477286944
A,3,7,3,3.9541640072808715,200,711.8576467736789,906.0102591205637,-0.002081370432453174,3.3697565913987026
A,3,7,4,3.9537971269640955,200,711.5276549391093,910.6983380759781,-0.0020814140286018034,3.3696945989745455
A,3,7,5,3.945909166932049,200,714.2691635209296,913.7134829264345,-0.00206211101093894,3.3506228981464847
A,3,7,6,3.9661905651902325,200,707.189478028174,905.6109507294609,-0.0021116419306650763,3.399481829096617
A,3,7,7,3.9594731343757683,200,715.0096550577854,914.3310093842921,-0.002065570482755772,3.3591742185111393
A,3,7,8,3.949612455783842,199,705.7141000634874,898.7514036968648,-0.002115300030800471,3.395218668294943
A,3,7,9,3.943741154832281,196,696.5024359721504,886.8820635560845,-0.002167908218045606,3.434582155525284
A,3,7,10,3.9497975791170425,196,696.6465613185293,886.9982867083619,-0.0021705452669945214,3.4393060057422993
A,3,7,11,3.956750753088049,197,699.5938743756283,890.9515612450115,-0.0021550012958172784,3.429994287118344
A,3,7,12,3.959772520942374,200,708.2308354951048,902.4221988016585,-0.0021042123184423266,3.3906774027095516
A,3,7,13,3.9576396960141693,200,710.8473513671494,908.9060353050791,-0.0020873276904820937,3.3761223638322932
A,3,7,14,3.9487143449465485,200,712.2669351151109,911.244160312318,-0.00207469118124222,3.3620666778875328
A,3,7,15,3.937757960781483,200,714.0425403240265,913.2885686174924,-0.002060294698015466,3.345695174797771
A,3,7,16,3.9311262618036547,198,701.3075068791104,893.6511221276063,-0.002129783900853962,3.3988491837188564
A,3,7,17,3.935695075521152,198,705.8294867611376,897.9954484573217,-0.0021088330069276968,3.3839596663649196
A,3,7,18,3.95158031975943,199,705.8368887028511,899.1766599287064,-0.00211367117782463,3.394740192097887
A,3,7,19,3.962344003904721,200,714.4855665727052,910.3185021075545,-0.0020718175652218447,3.365451759784383
A,3,7,20,3.954810733091061,200,714.1004638750682,913.307894781649,-0.0020677640694993673,3.3589966997151377
A,3,7,21,3.9476658410230754,200,712.8352722556289,912.6629912057882,-0.0020701285318510685,3.357898033074456
A,3,7,22,3.961996780699856,200,711.2029027821399,910.3577257024635,-0.002087937782768731,3.378477070901462
A,3,7,23,3.949301436043554,200,714.7386012079337,914.2018594045172,-0.0020618867430579942,3.3518697462660603
A,3,7,24,3.9397453640147795,200,709.7989323363826,904.1577723161756,-0.002083836152795058,3.3656373446904837
A,3,7,25,3.933948447897167,197,699.2173768944552,890.3672994522495,-0.002144636072105865,3.411869400684907
A,3,7,26,3.941784057324214,196,694.0487210211348,884.5430089057,-0.0021795644923070442,3.442998993101056
A,3,7,27,3.952023930922904,197,698.6178639065857,889.6814855340142,-0.002159048663291955,3.431187387081299
A,3,7,28,3.9466934158929092,200,712.8859307639093,907.2574453367365,-0.0020724710084461095,3.359342511514078
A,3,7,29,3.9447889502567586,200,714.0089965697282,912.3945990678519,-0.0020633363542326547,3.351131049988109
A,3,7,30,3.9416300617792595,200,712.2032273797957,911.2636163887892,-0.0020723073553874467,3.357124678606795
A,3,7,31,3.9241290928763677,200,711.6373046899649,910.9216604389895,-0.002065140719854468,3.343873658555697
A,3,7,32,3.9283391166411303,200,708.3771864750507,902.7807702259456,-0.002085674293339028,3.3622733732696677
A,3,7,33,3.9321259079416575,198,700.2308497902116,892.1686680306761,-0.002137000790092735,3.4050628475930615
A,3,7,34,3.9368693243294524,200,711.5226786910936,907.4153326242397,-0.0020731772522642987,3.35577277297355
A,3,7,35,3.9359379636444105,200,714.385351998514,911.2215345593164,-0.0020590216804708406,3.343861065824643
A,3,7,36,3.9267756657709385,200,716.0368177640894,914.9901715472143,-0.0020435487645377197,3.3273705328213445
A,3,7,37,3.933158317199413,200,711.2173786096674,910.5339663670597,-0.0020723889373348786,3.3535976288066696
A,3,7,38,3.9083667960843274,200,713.812361652434,913.1773755460879,-0.002045216154901731,3.320964341935538
A,3,7,39,3.9303844904237324,200,715.214420904669,914.6468080397725,-0.0020508704254313397,3.3348851056343047
A,3,7,40,3.9244635826152074,200,713.304284006647,911.9214954544241,-0.0020562942837289233,3.3368033634841474
A,3,7,41,3.918933823224227,196,696.1233347166731,886.3889134156522,-0.002156042031281105,3.4143859997800834
A,3,7,42,3.9152823123338587,197,699.2329092309129,890.4404904828953,-0.0021346719497538644,3.3958489567653114
A,3,7,43,3.917540552268208,198,705.9476166471038,898.3020585684218,-0.0020982660293707408,3.367672106378401
A,3,7,44,3.919139483436214,199,709.9878427175289,903.2065105125102,-0.0020758490912084304,3.350310243519667
A,3,7,45,3.921551357905154,200,712.2615503200518,908.1907536838011,-0.002061589565118828,3.3398528161177863
A,3,7,46,3.9172011436050864,200,711.6951083864511,910.5193082161444,-0.0020614216652496517,3.3379010057275873
A,3,7,47,3.9328981792543938,200,714.1110223503862,913.2169403993142,-0.002055636119053701,3.339833242664623
A,3,7,48,3.9302173973698853,200,715.5414990145589,913.7192160082176,-0.0020486997604390487,3.3330277110780386
A,3,7,49,3.933169420642284,200,712.6294813991154,907.6832440759775,-0.0020666441824529636,3.348880157165296
A,3,7,50,3.9264246307633113,200,713.7739673487794,908.8317581847327,-0.002056092527510582,3.337427311915792
A,3,7,51,3.921177616259724,200,713.5569469654394,911.6697848499668,-0.002054087814014212,3.3336090598719803
A,3,7,52,3.9234554497888885,200,714.1537404961472,913.5416257612712,-0.002051622876822363,3.332571441352579
A,3,7,53,3.9413522101695864,200,709.142405103261,908.0917395735036,-0.0020874822653767014,3.369334646791936
A,3,7,54,3.949181364511156,200,711.3399562800798,910.8228670867555,-0.0020793405379689635,3.366047505158048
A,3,7,55,3.9366322438075194,200,712.1001296737421,911.3278358721258,-0.002069796755757535,3.3529623464433653
A,3,7,56,3.951337459649791,200,716.1421819499257,913.1693073985008,-0.00205648825315436,3.34829216043938
A,3,7,57,3.949754136942616,198,704.6804262228477,896.6318946383832,-0.002123176816438666,3.4015351401722436
A,3,7,58,3.9423310797141564,198,701.4672552462904,893.7922782380577,-0.0021354932772851367,3.408246413510388
A,3,7,59,3.9230230730286744,200,713.3239659937713,907.805533356249,-0.002057043234603238,3.336752739611722
A,3,7,60,3.933995193167116,199,706.2998600545365,899.591791230018,-0.002101871941545353,3.3777004268614323
A,3,7,61,3.931114622387206,200,713.4789264805116,910.7952412144796,-0.002060822516157535,3.343295887268825
A,3,7,62,3.925981900973932,200,714.1802800054578,912.5695043825352,-0.002053701254713859,3.3353259757918625
A,3,7,63,3.938776839420251,200,711.5845960116684,910.7711742360923,-0.0020722570787848333,3.35586511432396
A,4,8,0,3.948674973016636,200,709.7891230938919,908.8595316415476,-0.0020889021025162244,3.3735736717703637
A,4,8,1,3.945756698039348,200,714.0969386060717,908.365695838285,-0.00206622415683302,3.353858563542575
A,4,8,2,3.9446554589044664,200,712.9621341982378,908.6867255499865,-0.0020704286854526287,3.3568417929267023
A,4,8,3,3.9491475457312486,200,712.7565095220432,909.5010747119801,-0.002072897847587837,3.3607625270193204
A,4,8,4,3.9538857514487438,200,711.9685064998816,910.205108560766,-0.002079966349798271,3.3685477587822064
A,4,8,5,3.943386901581938,200,713.9012724893533,913.3862538596169,-0.0020633120793503838,3.3505367755995783
A,4,8,6,3.9601124222552557,200,710.8794719766951,910.2604560552369,-0.0020868076145185146,3.376760239899136
A,4,8,7,3.960671770466628,200,714.6430196911961,914.1671418010185,-0.002068314483590489,3.361922786101059
A,4,8,8,3.9433634945157525,198,708.3275012863261,900.505609656551,-0.002099748388580268,3.3798960585171725
A,4,8,9,3.9534652240115826,196,697.2789836345477,887.835154999817,-0.0021683785284629374,3.4391691581676946
A,4,8,10,3.946230703561173,197,697.2498869093879,888.379007318755,-0.0021632310325722845,3.432026172770946
A,4,8,11,3.9536741331974055,197,696.878814224925,888.5893534103317,-0.0021668862482835476,3.438158393174728
A,4,8,12,3.958604815914172,199,707.1153200367706,900.5026483582725,-0.002110968350027931,3.3955591350636025
A,4,8,13,3.9575584701537716,200,712.4912211247635,910.4206497681475,-0.0020785919156661166,3.368975371929058
A,4,8,14,3.9475751627938354,200,713.7695969395342,912.6666793592764,-0.002066952543290197,3.355276353189393
A,4,8,15,3.932404110801647,200,713.3646833423128,912.8257317695077,-0.002059845391945214,3.3430653116270124
A,4,8,16,3.9342284685661246,198,700.9360900917258,893.0883852912579,-0.0021338010113566325,3.4034050416897172
A,4,8,17,3.945914061853969,198,705.6406462345933,898.0650579628915,-0.002114151761864321,3.3926216513376497
A,4,8,18,3.949623894624375,199,706.1901898665003,899.496339494425,-0.0021121415095069172,3.392671479462393
A,4,8,19,3.956668684743152,200,714.315335609892,911.2472492517496,-0.0020699810739953097,3.3615681459275857
A,4,8,20,3.9525336200562085,200,713.8890238966324,913.4397263346339,-0.002067432026997233,3.357763133454
A,4,8,21,3.9517199679890616,200,713.6182282696706,912.9905566734653,-0.00206891353339495,3.3586287066239544
A,4,8,22,3.9515132713335714,200,714.0861896961478,913.6673940143677,-0.002066059979737125,3.3562146737375027
A,4,8,23,3.9524237496419046,200,714.3712143478539,913.3878375261779,-0.0020662823261788786,3.356776491583097
A,4,8,24,3.945914645313117,199,712.1830659606476,905.5002267190952,-0.0020774095320889798,3.362947477844535
A,4,8,25,3.9297144009684937,198,699.7136111473784,892.1080762957115,-0.0021368155209031763,3.403875677068255
A,4,8,26,3.9404043082490543,195,692.7657026941882,882.2263035990675,-0.0021889498825466095,3.4497513674087372
A,4,8,27,3.9474031748507907,197,698.9787609868811,890.2955787601506,-0.0021531246300381364,3.4244594450115886
A,4,8,28,3.943449704839265,199,710.2171557812635,903.5694126911311,-0.00208646673330593,3.3692590339984037
A,4,8,29,3.9445455503370424,200,714.9179830603742,912.5112996023537,-0.0020596252138241353,3.3479912963795098
A,4,8,30,3.93166745410716,200,712.2910269112467,911.6574795333061,-0.002065737550527703,3.347552019450597
A,4,8,31,3.9197947690156294,200,711.6002235486255,911.0467329489826,-0.0020621802601489517,3.3396281779837476
A,4,8,32,3.929083392270804,200,704.297815991544,898.402453545845,-0.0021076655202359003,3.3803631494647854
A,4,8,33,3.9318881980783633,199,706.8552362714163,900.0736871113425,-0.0020986009686580634,3.374163417409863
A,4,8,34,3.9224525664570313,200,711.7348244581115,909.4641029682255,-0.0020652079931289813,3.343199292496733
A,4,8,35,3.928007411076881,200,713.9020573589999,910.3648584363033,-0.0020569600346702073,3.3388201516837595
A,4,8,36,3.9354103584916196,200,711.3995890834291,910.4152932188352,-0.002071844529766703,3.3541078716978716
A,4,8,37,3.941425275325654,200,709.4415375219846,908.4347315992864,-0.0020861202410901135,3.3682636760943065
A,4,8,38,3.903807985972977,200,715.0189327159407,914.5304027426499,-0.002036382093069034,3.311826340884764
A,4,8,39,3.9330864982839113,200,714.4330830602369,914.24914825239,-0.0020532796957088034,3.337992300073095
A,4,8,40,3.9219311209312777,200,713.2395883386838,912.4662768535629,-0.0020554903580919147,3.335082375826728
A,4,8,41,3.91597268952649,196,693.1778516859813,883.4008578290842,-0.0021710518661818335,3.4250243403312126
A,4,8,42,3.9097645014512206,197,700.8297222777414,891.9015192665113,-0.0021243641477876364,3.385223729899857
A,4,8,43,3.914288188750547,198,703.2112206707416,895.398890673109,-0.0021100726113318408,3.3757873709280104
A,4,8,44,3.9157681619111906,199,708.9800124832918,901.9645682971783,-0.002079979948780703,3.3522226591352586
A,4,8,45,3.9318009599814223,199,709.950198319361,903.1517153324558,-0.002082680399427042,3.361233911799907
A,4,8,46,3.9098393623288406,200,715.5296619452195,914.7274274974594,-0.0020375772415009105,3.315346803844628
A,4,8,47,3.9239223756576145,200,715.9353581323488,914.3787882157493,-0.002043795445187632,3.326366960843365
A,4,8,48,3.9313224362243364,200,713.8077733125009,911.7430182410149,-0.002058887260105489,3.3418120928153483
A,4,8,49,3.9346221773477805,200,708.843731341535,902.9540872924293,-0.002086841508133221,3.3658937326137437
A,4,8,50,3.927439561607812,200,714.1784297245582,911.1063992701862,-0.002053712233370326,3.335930839175819
A,4,8,51,3.926752652771242,200,713.9464140265444,912.1874667791124,-0.0020547178849554103,3.33648169498849
A,4,8,52,3.9221094186076124,200,714.1114694576524,913.3628445626687,-0.00205121912782452,3.331673602361953
A,4,8,53,3.932677800199956,200,711.6463397998427,910.5121054035335,-0.002069911433022692,3.351377738349988
A,4,8,54,3.945328944554878,200,712.1993489783132,911.614936877122,-0.0020733925846099207,3.3595751090409025
A,4,8,55,3.950924096122402,200,706.282949235727,905.8365438034708,-0.0021066805975961333,3.3889573164883138
A,4,8,56,3.9600579174100266,200,710.7719857504122,905.0564351149234,-0.0020899377902467648,3.379217953709361
A,4,8,57,3.9450943046612763,200,708.9547766962651,903.1605437909939,-0.002091646274831926,3.3742459818544175
A,4,8,58,3.943026878325501,197,700.0471231676557,890.8923233327099,-0.0021474972960749046,3.418071864361254
A,4,8,59,3.91854792940087,200,713.4163545059629,907.7934064236816,-0.002054065401258669,3.332430717067166
A,4,8,60,3.927592699848673,199,708.1149516414714,901.2660655211406,-0.0020898737460233953,3.365270765944901
A,4,8,61,3.9325967072004784,200,713.1915499577359,909.9000498087267,-0.0020624251806451712,3.345215648340254
A,4,8,62,3.9327836763193553,200,714.125962219493,911.4940874143252,-0.0020579155156776182,3.341630127950631
A,4,8,63,3.9377881146031974,200,711.7331458412203,911.0071122616567,-0.0020713330610406745,3.3547013472713942
A,5,9,0,0.9882491849386986,200,712.2673873236737,911.3587977520956,-0.0005192817874709645,0.8414585738435252
A,5,9,1,0.9869605243021042,200,711.4193744471688,909.5317847244754,-0.0005198463110268528,0.8413736705009252
A,5,9,2,0.9871108448726705,200,707.3199720903411,905.4459480245208,-0.0005252289037578433,0.8458047639783561
A,5,9,3,0.9875724093749159,200,711.6485598745663,910.5324802412757,-0.000519768274156243,0.8415701366916803
A,5,9,4,0.9881804177409439,200,716.4207947259575,915.6268703365851,-0.0005139588131246578,0.837086549434173
A,5,9,5,0.9870765855760304,200,710.5572973817552,909.85723840248,-0.0005208097116793356,0.8422064940629399
A,5,9,6,0.9894313281888413,200,712.3656483550652,911.5655917361895,-0.0005197379837448936,0.8423329725303463
A,5,9,7,0.9893561754362891,200,714.0760591776585,913.2531262244602,-0.0005176065856252587,0.840563314413681
A,5,9,8,0.9866632163617279,198,703.6394262913158,899.8103704854062,-0.0005310267709252712,0.8502485159460053
A,5,9,9,0.9867006191280333,195,689.457997250083,882.6465139947948,-0.0005524597073103365,0.8672738084448481
A,5,9,10,0.9868618091800274,196,693.7919517353306,887.9873227369951,-0.00054574368197482,0.8620519411640089
A,5,9,11,0.9878194385669472,196,693.4059460881966,887.4090698574726,-0.0005471105886002741,0.8635524636278009
A,5,9,12,0.9898738008592773,198,700.6709035208405,896.8091348295095,-0.0005369297186057408,0.8563680492340462
A,5,9,13,0.9887412190715558,200,712.0862968138138,910.8283497497733,-0.0005198726947049688,0.8421502706739831
A,5,9,14,0.987246657782959,200,711.9512549564905,911.1571975005392,-0.0005191872005248085,0.8409589385246863
A,5,9,15,0.9837543451930836,200,713.748120000419,912.7722767497849,-0.0005150994722123297,0.8361496009127034
A,5,9,16,0.98442714522156,197,697.0163585595928,892.1233077281022,-0.0005394294448902708,0.8559943827020843
A,5,9,17,0.985576779833076,197,701.498628405598,896.7140452646879,-0.0005339697833951709,0.8521239047525303
A,5,9,18,0.9898846736460206,198,703.2410833792018,899.5297150639026,-0.0005333023216602471,0.8534599968892447
A,5,9,19,0.9896035471397118,200,714.3811029344618,913.1330047235183,-0.000517299904643375,0.840417630184642
A,5,9,20,0.9927385270728173,200,715.47640184584,914.4187106419641,-0.0005175190819817418,0.8419208823995925
A,5,9,21,0.9880529525842731,200,713.8262879950587,912.8677839114887,-0.000517334836834353,0.8397900946256962
A,5,9,22,0.9890227184609331,200,715.4596510297804,914.6173633009179,-0.0005156144467576079,0.8387953528417644
A,5,9,23,0.9868787211800153,200,714.1175989056402,913.2674770226928,-0.0005162527766256601,0.8384110844964656
A,5,9,24,0.9832646797219899,199,706.9394494733697,904.2263108188959,-0.0005241303025000296,0.8432543260272866
A,5,9,25,0.980674765755423,198,702.5568644971119,898.78277353519,-0.0005292718428898872,0.8462688216649337
A,5,9,26,0.9845610493754812,194,687.5524637097137,879.7371230602439,-0.00055472845126122,0.8681001934825756
A,5,9,27,0.985758250657635,196,695.5565275786608,889.7653603027559,-0.0005427963606491256,0.859230263343091
A,5,9,28,0.9879046118691815,199,706.489941744313,903.669778860559,-0.0005273854090979079,0.8478649427336056
A,5,9,29,0.9864034227237461,200,712.7731610794904,910.8819427642516,-0.0005178510809203446,0.839512968857562
A,5,9,30,0.9828115921564498,200,712.4747595259981,911.5913726292467,-0.0005162009695727078,0.8366484640567733
A,5,9,31,0.9819155284702914,200,710.2753678373123,909.4466316000809,-0.0005186354706666302,0.8382486779114133
A,5,9,32,0.9812621220181119,199,706.061553732258,903.1311307346036,-0.0005243824645622691,0.8426027934348441
A,5,9,33,0.9846029845180726,198,699.1209516882313,895.344079024852,-0.0005360280058986605,0.8533753060493594
A,5,9,34,0.9812906563813478,200,710.6274564691572,909.7133074290577,-0.0005177840421732794,0.8372919164885562
A,5,9,35,0.9819445086588596,200,711.1001859903856,909.1731130793618,-0.0005176126107919106,0.8374286158320166
A,5,9,36,0.9835510225260553,200,710.6535453584205,909.7511679914687,-0.0005190194747543489,0.8392549910155322
A,5,9,37,0.9813749429149159,200,710.8217174111556,909.927797699868,-0.0005175924941721611,0.8371712282034376
A,5,9,38,0.977533940219638,200,713.6482905349511,912.834657973205,-0.0005120294510047087,0.8310148211490023
A,5,9,39,0.9835088570367753,200,715.3411410598596,914.359868187294,-0.0005129665341328108,0.8343040895173075
A,5,9,40,0.9772971731140427,200,713.2249825087987,912.2828605809298,-0.0005123027010092435,0.8311377662681925
A,5,9,41,0.9788223172017432,194,689.9479180158212,882.1037694013572,-0.0005482013116653908,0.8604466658351708
A,5,9,42,0.9768615551999009,196,697.020305179381,891.4359674899808,-0.0005357330581879092,0.8497519245030847
A,5,9,43,0.9786628085921483,197,699.2387742729854,894.358760278743,-0.0005333349293782543,0.8486374341966918
A,5,9,44,0.9789317445658519,199,704.8888116886894,902.1481365750324,-0.0005245612430110158,0.8417508428627747
A,5,9,45,0.9812083741227231,199,706.7619900032079,903.8129981765975,-0.0005233855431879718,0.8417742650734223
A,5,9,46,0.9792533189426957,200,713.7753556888566,912.9230911821538,-0.0005126151550749028,0.8322199986405248
A,5,9,47,0.9827221611451826,200,713.1081373663369,912.2496910510289,-0.0005153317377357055,0.8359025601012038
A,5,9,48,0.9838959757104494,200,712.5790605001904,911.6777565913436,-0.0005166562507615718,0.8374787973011509
A,5,9,49,0.9850232144480972,199,706.171015797416,903.4593194121267,-0.0005262372174968928,0.8457071599714279
A,5,9,50,0.9816145482222571,200,713.8850347264558,912.0103637034908,-0.000513804983509763,0.8341881933218909
A,5,9,51,0.9816939347156739,200,713.035965347606,912.1387059207276,-0.0005149609878209905,0.8351652020544971
A,5,9,52,0.9781416176146271,200,712.3682392408232,911.5024204311393,-0.0005139183412578726,0.832811487339593
A,5,9,53,0.9854367326918899,200,711.3965757404936,910.519288207959,-0.0005190550566359012,0.840084318081347
A,5,9,54,0.9870581989037915,200,711.8509010307461,910.9786737258406,-0.0005193220257152588,0.8409885637583288
A,5,9,55,0.9865795309307493,200,709.76001883701,908.875333611801,-0.0005216208823546826,0.8426539349053481
A,5,9,56,0.9920875476690398,199,698.8113385476366,896.024683608037,-0.0005399645056481685,0.8597750091086681
A,5,9,57,0.9846997378160104,199,706.7836967850927,903.8822872964478,-0.000525293605300561,0.8448067398735695
A,5,9,58,0.9859737333240296,196,694.4876178382773,888.7117731928049,-0.0005444734026928785,0.8606569663598855
A,5,9,59,0.9803310144750993,200,708.34933478465,906.5538426579989,-0.000520228012890037,0.8388665760454559
A,5,9,60,0.9817486984959881,198,705.0944281842127,901.1876264178326,-0.0005265790554081428,0.8445612199549468
A,5,9,61,0.9817447709814451,200,709.3966756825555,907.5825150285583,-0.0005196637531960954,0.839010716581694
A,5,9,62,0.9842842886575089,200,711.5313588002423,909.6991396809623,-0.0005183030588569617,0.8389830426028897
A,5,9,63,0.9862045422750824,200,710.6070873802751,909.7318465345486,-0.000520380595418842,0.8414875931849288
A,6,10,0,1.9776204538962052,200,710.4106939664076,909.34525199571,-0.0010442785001708035,1.6880420249906183
A,6,10,1,1.9711274856491985,200,714.632615188077,911.6068950161402,-0.0010297062804024391,1.6734242681828235
A,6,10,2,1.972642267860697,200,709.0145386943175,906.0686219430595,-0.0010446195181309783,1.6862049076031824
A,6,10,3,1.9756461823797131,200,711.4372737119402,910.3452422401372,-0.0010401983739685343,1.6838950308152167
A,6,10,4,1.969821459309219,200,716.2556600018117,915.5775383371773,-0.0010245399917630424,1.6686560296414372
A,6,10,5,1.9753824877847894,200,716.1621406865646,915.3609100085953,-0.0010280109143891076,1.6738404459945
A,6,10,6,1.9764173096622961,200,714.0275901707913,913.1680972439572,-0.0010339846676793163,1.6791577413637864
A,6,10,7,1.9821609438190226,200,714.2260627221597,913.4858680520407,-0.0010364859440716513,1.683626601085465
A,6,10,8,1.9794596641541935,198,699.7699971026706,894.5855849926786,-0.00107588901981091,1.7142370835617886
A,6,10,9,1.9749347993434665,195,691.1607684526351,883.0393724245422,-0.0011016439919807517,1.7326289217946405
A,6,10,10,1.976203787086117,195,689.0957774944759,881.0073072507286,-0.0011077639250942535,1.7380145101452278
A,6,10,11,1.9733477428310893,197,698.4740030907595,892.4672635021498,-0.0010773918569549749,1.712757833859642
A,6,10,12,1.977659965739428,198,700.7691563100933,895.7400816997972,-0.001072214227411349,1.7105172347503528
A,6,10,13,1.9800997678270396,200,709.4884399143821,906.3765783621869,-0.0010478488586134213,1.6919940535513307
A,6,10,14,1.972547752079099,200,713.7029786410524,913.1055661261612,-0.0010324478272203742,1.6762684249396371
A,6,10,15,1.9668810688813616,200,714.2642384673328,913.3438788901235,-0.0010285696833509874,1.6707085272797597
A,6,10,16,1.9658049291448585,197,696.2446721629874,890.2072844584424,-0.0010789154788992652,1.7107121584184637
A,6,10,17,1.9720356562913282,198,704.5499261062771,899.5719343538107,-0.0010589954663673218,1.6974796330283768
A,6,10,18,1.977727253384352,199,704.9069454402767,900.6887976795496,-0.001060186129867722,1.700919877314269
A,6,10,19,1.9783747387642834,200,713.2095617994014,911.7200683872461,-0.0010375965645570012,1.6829300590170546
A,6,10,20,1.9801684664724855,200,713.8183478129454,912.9545121252801,-0.001036644216834298,1.682912594570916
A,6,10,21,1.970195593439878,200,712.4635505550146,911.7880690712449,-0.0010343499663841543,1.6768239362382635
A,6,10,22,1.9773250425281026,200,715.4403918047334,914.5319537633313,-0.0010313007042271887,1.6773491802296396
A,6,10,23,1.9740300312145855,200,715.5487416040386,915.0267887798097,-0.0010286007647693073,1.67375066063066
A,6,10,24,1.9757213514619312,198,705.1210022304582,900.1034384395797,-0.0010593952306265798,1.6993791966316465
A,6,10,25,1.961933045122551,198,702.8118562679166,897.7912393018006,-0.0010579605443348172,1.6923166486434222
A,6,10,26,1.969531640754907,194,688.7947594613969,879.7618289754953,-0.0011059758251902078,1.7336386649268318
A,6,10,27,1.9752020126406502,196,695.7684007162899,888.5831447234891,-0.0010872432677888103,1.7213697695643977
A,6,10,28,1.9748018140152916,199,706.3705823374265,902.27789974879,-0.0010544825330909828,1.6950653216889022
A,6,10,29,1.9755133479996931,200,711.880702508897,908.8439058282466,-0.0010389479542409423,1.682810870495353
A,6,10,30,1.9669581634804612,200,712.2461829092456,911.6960451821748,-0.0010333925556263042,1.6746737648473644
A,6,10,31,1.9634899643885793,200,711.4918354257297,910.6781494765677,-0.0010337417381678547,1.673487514841883
A,6,10,32,1.9660404094002784,200,706.3767055717279,903.2436046851686,-0.0010487726828555775,1.6867544665890546
A,6,10,33,1.9694492820293483,199,704.4217402129026,900.3731174202762,-0.0010565715453570528,1.6944625484630915
A,6,10,34,1.9665360029609495,200,712.2909264616129,909.2341056295903,-0.0010335120979651192,1.674584912575297
A,6,10,35,1.9687835381618175,200,713.7995033075028,912.5411755331099,-0.0010306848196191905,1.6732374581646487
A,6,10,36,1.966893959708297,200,713.7541741859905,912.9790368702215,-0.0010298398551836525,1.6717495495731547
A,6,10,37,1.9682906070712551,200,707.1796507126971,906.1410242730998,-0.001047899653758439,1.6870148594346643
A,6,10,38,1.9556591392450084,200,714.2017628879219,913.4958453733525,-0.0010224519335990808,1.6609713433642836
A,6,10,39,1.96663721996094,200,714.7941207983271,913.68474823802,-0.0010274294784188398,1.6696739359084707
A,6,10,40,1.9554614097551895,200,713.638650943807,912.8446482786646,-0.0010238177377790319,1.662003920432672
A,6,10,41,1.9601239669110238,195,689.2956423759077,881.1900068987584,-0.001098331717535676,1.7235423987562903
A,6,10,42,1.9543730869185503,196,696.5722400591046,889.4809837476437,-0.0010732709110931494,1.7012212518235867
A,6,10,43,1.9582049727261093,197,701.8413452469102,895.7997162877601,-0.0010598981475183147,1.6922276081206507
A,6,10,44,1.960418484193913,198,704.8608339045833,899.695379401848,-0.0010521049009070864,1.6869543940941931
A,6,10,45,1.9617513705784497,199,708.9877744873762,904.9375635987095,-0.0010407637683685332,1.6784011857379992
A,6,10,46,1.9572318046068824,200,713.7830887005415,912.813161623444,-0.0010245662025901011,1.6633627404888043
A,6,10,47,1.96394455186644,200,713.018330740654,912.1909925232723,-0.0010300446237910025,1.670668962209565
A,6,10,48,1.9687233781803102,200,713.2435278415605,912.1992529558036,-0.0010321325263279095,1.6743930137401164
A,6,10,49,1.9641649074912066,200,708.1920769099437,905.4287860271219,-0.0010422174544975468,1.6806499486246738
A,6,10,50,1.9661046408498608,200,713.6947470347327,911.3374512637793,-0.0010296107369994153,1.67122531895203
A,6,10,51,1.9638571766978543,200,714.1449397542194,913.2798397844842,-0.0010271834881956609,1.6682989337500445
A,6,10,52,1.9583759337745457,200,712.8493505879416,912.1085539743684,-0.0010274237657487734,1.6661763608205118
A,6,10,53,1.9682068488758329,200,711.616428068846,910.9020679458868,-0.00103581271175553,1.6771729941108053
A,6,10,54,1.9728231088880437,200,714.1026776595116,913.0050365728666,-0.00103227251087502,1.6762406521317286
A,6,10,55,1.9704236347028745,200,711.7083248396345,910.7544180001858,-0.0010369178587545755,1.6790098161399907
A,6,10,56,1.979959791718018,199,712.4103716014305,908.1729019852932,-0.0010413375728228742,1.6866002490566072
A,6,10,57,1.971232181744442,199,707.5436067875496,903.2994671848584,-0.0010496563870040145,1.6896404649881545
A,6,10,58,1.970614324249408,197,695.4337275368293,889.4618253997263,-0.001084204077003096,1.71700726317439
A,6,10,59,1.963871884220545,200,707.1744531891485,904.0454743323653,-0.001045344068181195,1.6830569534310973
A,6,10,60,1.9623657752544488,198,705.062738852661,899.9435488424577,-0.0010527232733482173,1.6882858691508111
A,6,10,61,1.9687823986838509,199,707.3153582005859,903.1640186134711,-0.0010489949296324126,1.6880599291303924
A,6,10,62,1.9705646187199861,200,710.4877251128007,908.5995206638164,-0.001040663198522457,1.6821140856923797
A,6,10,63,1.9720557444135478,200,710.2995239577383,909.3103465233324,-0.0010415782850075178,1.683493200787559
A,7,11,0,0.988381807649375,200,711.2113690681617,910.213731914457,-0.0005208777859081737,0.8428132751501067
A,7,11,1,0.986150252257243,200,711.0962725734776,909.3307849121442,-0.0005198025029178842,0.8409941755687783
A,7,11,2,0.9866856531846004,200,709.1748609256264,907.431477608188,-0.0005224426838338857,0.8433660486892516
A,7,11,3,0.9867770900602233,200,711.4211362913558,910.3681945670744,-0.0005197413963316246,0.8412111570388081
A,7,11,4,0.9880195382719216,200,707.4877788985698,906.7535295804986,-0.0005252696657056413,0.8462253813114462
A,7,11,5,0.9905989746885164,200,716.9999642805581,916.1253627803976,-0.0005145525485958381,0.8385913485257706
A,7,11,6,0.9887141739905828,200,713.734991173336,912.912711243158,-0.0005176672389326836,0.8403409767182715
A,7,11,7,0.9902037952692575,200,714.3635575093338,913.5894371372843,-0.0005176288441571147,0.840939499094957
A,7,11,8,0.9861288629215272,199,705.1851210780288,902.305594264616,-0.0005282151806494569,0.8477762070874273
A,7,11,9,0.9865039322693709,194,686.5110028201176,878.7606024922126,-0.0005572865267641717,0.8709637061296068
A,7,11,10,0.9901445558567143,195,684.6481631563959,878.006662452439,-0.0005611483548666744,0.8756186782534509
A,7,11,11,0.9877852016110583,198,700.4339450981015,896.7188516297971,-0.0005360218041543957,0.8547416799376644
A,7,11,12,0.9893617223579235,197,699.6857737360372,894.8309424381008,-0.0005387242601578962,0.8575621687805772
A,7,11,13,0.9887042938850018,200,707.4772522835354,905.426549895769,-0.000525990444471882,0.8470999432368936
A,7,11,14,0.9878449015126426,200,713.1601362867109,912.3825215270988,-0.0005178533527128227,0.8401258559661753
A,7,11,15,0.9850183345453678,200,713.7173661050645,913.2378351868556,-0.0005156543325490169,0.8371367683200814
A,7,11,16,0.9826833702001331,196,696.0551691832,890.285370404248,-0.0005403845828005774,0.8559777744070456
A,7,11,17,0.9870770580138126,198,702.2734734281742,898.4315285162562,-0.0005331370172910284,0.8521222732839258
A,7,11,18,0.9880808258296193,199,705.1704241857797,902.4469594251536,-0.0005292818384583802,0.8494714895050184
A,7,11,19,0.9894932201181296,200,713.3420844641133,912.3628141088691,-0.000518691431712192,0.8415065433825761
A,7,11,20,0.989027156673452,200,712.1594021887981,911.4044888451522,-0.0005197478219794964,0.8421694711027037
A,7,11,21,0.9859881686210429,200,712.463037785441,911.441410855169,-0.0005179232167139134,0.8393962652816862
A,7,11,22,0.9863416216759964,200,715.1537221649385,914.2234931816065,-0.0005147205376465022,0.83693315880777
A,7,11,23,0.9878946970497965,200,720.071648217971,919.0746093433761,-0.0005093284677676632,0.8331676106038022
A,7,11,24,0.9885147148377824,199,709.9214356845937,907.137734115061,-0.0005231121540570033,0.8446648502575611
A,7,11,25,0.9831040389906639,197,699.4700390193776,894.7080168812738,-0.0005353310032849796,0.8521493909771838
A,7,11,26,0.9856218797284386,195,688.8101078895222,881.990127138941,-0.000552869666324525,0.8671248933158588
A,7,11,27,0.9868520361543105,195,694.2047219560509,887.3962800897621,-0.0005460305223268262,0.8622522486536377
A,7,11,28,0.988188418763556,198,703.7193112389327,899.8388992029144,-0.0005318652550231625,0.8515767561567394
A,7,11,29,0.9864432700703436,200,713.6722822008337,911.7197289397039,-0.0005168058219732124,0.8386779180029368
A,7,11,30,0.9834590998598379,200,713.6797881222959,912.8255394855324,-0.0005150020130167726,0.8359453890763908
A,7,11,31,0.9796503283030126,200,712.3624299359478,911.4961763075553,-0.0005147192845778527,0.8341027964247114
A,7,11,32,0.9808476522255161,199,705.3853240563376,902.5566713924665,-0.0005250473568831166,0.8429623289024082
A,7,11,33,0.9837429912945794,198,699.3811568489772,895.4876518994358,-0.0005352896637075886,0.8524138911532553
A,7,11,34,0.9830857356187737,200,712.9155742241761,910.9881663396719,-0.0005159301866010037,0.8365434586165993
A,7,11,35,0.9837596103598961,200,713.5862927113553,912.6687164801722,-0.0005152737108723266,0.8362939444488853
A,7,11,36,0.9822527059433621,200,712.5596696988139,911.588862117051,-0.0005158729394732869,0.8361445229438025
A,7,11,37,0.9808022798063493,200,710.8184938314747,909.7617900798404,-0.0005174955453710545,0.836849547823064
A,7,11,38,0.9792576117048597,200,713.2395122612389,912.3357923506538,-0.0005133861850243352,0.8328501747582626
A,7,11,39,0.985223389757236,200,716.0565578682771,915.0948518762691,-0.0005129766208444103,0.8350356539525733
A,7,11,40,0.9774165312392651,200,712.2401455606511,911.2998350667432,-0.0005137087334069385,0.832333816910519
A,7,11,41,0.9786949491600194,194,688.6709204011695,880.8059625794767,-0.0005498074570551293,0.8616564832041075
A,7,11,42,0.978797688953491,195,694.5407884533524,887.6131271330846,-0.0005411346927723455,0.8548660522095045
A,7,11,43,0.9772516137617148,197,702.4862044478026,897.6985858334933,-0.0005282574234825692,0.8439615428323894
A,7,11,44,0.9780222936871933,198,704.887615623458,901.0883399428187,-0.0005248063001303892,0.8415375719445288
A,7,11,45,0.9801477692162851,199,709.227028407085,906.400987724661,-0.0005196411002517015,0.838291474927237
A,7,11,46,0.9845762006457681,200,706.7070107997636,904.7721703421038,-0.0005247798495016768,0.8443603282362128
A,7,11,47,0.9813860917160812,200,711.7391219761736,910.8914141056314,-0.0005164164482565418,0.8362199962239235
A,7,11,48,0.9827764600892278,200,713.0929811060009,912.1187582041805,-0.0005155580893894061,0.8361101053200677
A,7,11,49,0.9808324872329722,200,709.0844662703423,907.1399396231981,-0.0005196811712849105,0.8386365990815555
A,7,11,50,0.9823915831607096,200,713.1045988383136,911.4432357795292,-0.0005151529875787601,0.8356162931784337
A,7,11,51,0.9807279877738864,200,712.3189885942696,911.4345497491644,-0.0005153656721162563,0.8350861661172386
A,7,11,52,0.9784138451616263,200,712.8532926103093,911.9698709965979,-0.0005133750060086717,0.8324842026920272
A,7,11,53,0.9862675695460715,200,708.5219171276841,907.6489259576384,-0.0005231871868894918,0.8437922151066988
A,7,11,54,0.9863148412380484,200,713.6243642035371,912.6714437375248,-0.0005166616381608105,0.8385063976721937
A,7,11,55,0.9851068598855885,200,713.0150230773542,911.9939499600863,-0.0005168375976836239,0.8381386272878644
A,7,11,56,0.9903726027028442,199,707.6404902437786,904.7712502612164,-0.0005271870136207705,0.8487575312966908
A,7,11,57,0.9858017095559655,198,705.3910274457822,901.4712994538758,-0.0005283604384663472,0.8477314657867209
A,7,11,58,0.9879503077509203,196,694.6894380653083,888.9210075042461,-0.0005451914830116014,0.8620856579214521
A,7,11,59,0.9838912368603903,199,702.9746451350112,900.1469823151755,-0.0005298190954125944,0.8481100516347968
A,7,11,60,0.9805517351443636,198,703.8831680605409,900.2053592848291,-0.0005273416106461233,0.8446629948559194
A,7,11,61,0.9814938818963203,200,708.8715843627888,907.1168941513815,-0.0005201665729957354,0.8393115406594622
A,7,11,62,0.981544293541338,200,712.8269260585416,911.0167617503945,-0.0005151727714725998,0.8352737381417166
A,7,11,63,0.983975144313975,200,711.3483773501464,910.5757249028184,-0.0005181941822347208,0.8387641679980569
A,8,12,0,3.944510718812902,200,712.3201395136462,911.2462352376715,-0.002073025692779259,3.358898592417911
A,8,12,1,3.9430627073329947,200,713.8263240302916,911.408420048119,-0.0020647255157709974,3.3515330785054998
A,8,12,2,3.943577751524624,200,712.6880425237404,909.8842275499404,-0.002070888408770695,3.3567763326612603
A,8,12,3,3.9456582889288176,200,712.2510353855427,910.3134835796589,-0.0020741900891960508,3.3603526843449743
A,8,12,4,3.9469391253682162,200,712.5699878943442,911.8934265187783,-0.002072394104009938,3.3594446884805356
A,8,12,5,3.963732760466153,200,714.8771065201132,909.2416699472234,-0.002071016854478134,3.3653652119223167
A,8,12,6,3.957381554567547,200,717.509227534521,917.0691087091947,-0.002052295629162239,3.3474257515735797
A,8,12,7,3.963265156952625,200,711.6706062812062,911.3161154554235,-0.0020847078837777895,3.376381842072268
A,8,12,8,3.9465283165716136,200,710.2696800460319,904.4897286991558,-0.002085670116561773,3.3700079018754403
A,8,12,9,3.9428747840943195,195,690.4562866295399,879.6474147307356,-0.002203991541919156,3.462721761330685
A,8,12,10,3.9541914395593936,196,690.2929858494557,880.61817464824,-0.002209243545395302,3.4719050360756634
A,8,12,11,3.950099126756482,198,702.8023343199892,894.8428143099894,-0.002133410370642982,3.409913677973769
A,8,12,12,3.9559236642279867,198,702.3061299129378,894.5055787074447,-0.0021377958784634674,3.4159376327804534
A,8,12,13,3.9585802595256037,200,711.6508351798818,905.9579226510091,-0.0020843453285585593,3.374046612891666
A,8,12,14,3.9504004843060065,200,712.6722181564382,911.9023656814614,-0.002073328571462488,3.361668924425226
A,8,12,15,3.9327082841408822,200,713.4032601132324,912.746352495102,-0.002060052773059037,3.3433638026017896
A,8,12,16,3.936493494767696,198,701.7956243007145,894.2625512372093,-0.002129439828585638,3.4008805299119165
A,8,12,17,3.945031178417841,198,703.7529327653721,896.1255834453182,-0.00212445879321559,3.4005434086589172
A,8,12,18,3.9531132154818547,199,709.0798209121424,902.3220003961471,-0.0020975363937892955,3.3823454758168756
A,8,12,19,3.9589652619106754,200,711.9908081928769,911.2132112820955,-0.0020802883422579863,3.370962352619176
A,8,12,20,3.953738224523827,200,715.5872866698593,914.6270024610138,-0.002061556610175702,3.353472268525969
A,8,12,21,3.9359175636069534,200,714.09354399331,913.3480075065668,-0.002058922974919318,3.3437961591631593
A,8,12,22,3.948777758972694,200,713.5053410227164,912.6192728468296,-0.0020695380727334626,3.357894271204019
A,8,12,23,3.9420327567270763,200,716.0224609033608,915.4289345527295,-0.0020515297301369863,3.340337873502871
A,8,12,24,3.944397378322911,200,711.1427803527829,905.4377324216182,-0.002079969928183696,3.3644731005275426
A,8,12,25,3.9251466015304306,198,703.279863517316,895.5909322052709,-0.0021161285210154184,3.385315019145738
A,8,12,26,3.945779254818044,195,692.8676110489104,882.1120323336132,-0.002191826364023118,3.4543682168097662
A,8,12,27,3.952314985120642,196,696.7589015358175,886.9217424595257,-0.0021714435922939495,3.44111055715702
A,8,12,28,3.9543843296952015,198,704.3209142835998,896.4547940510752,-0.002126274745856254,3.4060119232563943
A,8,12,29,3.948277553854049,200,712.923847544556,908.9708533567958,-0.0020716685059392346,3.3593791820531944
A,8,12,30,3.939722958557508,200,714.0856128494397,912.9814034429135,-0.002061478639405047,3.3474890958238634
A,8,12,31,3.9217936941188882,200,713.0813784919119,912.5490677238035,-0.0020556462768524784,3.335148459367082
A,8,12,32,3.9256355094613986,200,708.9262338808455,903.3144260097137,-0.002081956506478347,3.3581115966752266
A,8,12,33,3.9420951017237362,199,703.1744905950126,896.4075159434938,-0.0021228208656401694,3.398052648937032
A,8,12,34,3.9378447056143986,200,713.3004272159853,907.8076344809263,-0.002064111359701743,3.348787378556762
A,8,12,35,3.9355769402272682,200,713.0130196226197,911.7356395666052,-0.002063588895943971,3.3474480999507357
A,8,12,36,3.939630467012616,200,712.1029442541488,911.4692301576913,-0.0020701831793413024,3.3545465065925097
A,8,12,37,3.9357566170418563,200,706.6179190989652,905.9294009903374,-0.0020962834394090196,3.374084173753655
A,8,12,38,3.910051902483445,200,714.4049576547933,913.5759406371852,-0.002044129277001608,3.320788847253953
A,8,12,39,3.9387331676919115,200,715.0043303419685,914.2456895641423,-0.002055683189188292,3.3423404906747223
A,8,12,40,3.933082399278917,200,712.9305189815844,911.2679546982724,-0.0020632003586142406,3.3460801575085535
A,8,12,41,3.916379436985079,197,700.4016836155841,891.5784523263849,-0.002129442994746328,3.392139213730696
A,8,12,42,3.914533311411341,196,698.308430296398,888.6069869171419,-0.0021415317307232145,3.400917913218409
A,8,12,43,3.916001743563013,198,703.5311523824952,895.9952798740236,-0.002108724758760451,3.375438180544059
A,8,12,44,3.9181980634014466,199,707.4728109573732,900.7115015711812,-0.002089001817072905,3.3605606891870305
A,8,12,45,3.9218814076559614,200,709.1734029509281,903.1380457442062,-0.002079664642788536,3.3546552569478285
A,8,12,46,3.940413027892669,200,710.8628389429149,905.2356835481703,-0.00207838524720283,3.3614920414420872
A,8,12,47,3.9280668221363815,200,712.5385006300899,911.3736956737913,-0.0020629865712745977,3.343787115090441
A,8,12,48,3.933728624735175,200,713.6860856791865,912.3565467311424,-0.002060398819235104,3.34406874520311
A,8,12,49,3.9296824225935914,200,712.5692694575426,907.9729005386096,-0.0020640896724115386,3.3453227924866216
A,8,12,50,3.9328089696734034,200,714.6650529038816,908.8890138920931,-0.0020559587350450067,3.340003696121787
A,8,12,51,3.9124684243773364,200,715.4251380010946,914.6149284693541,-0.0020402888219571928,3.318672809454829
A,8,12,52,3.917331692768358,200,710.05939110697,909.8994613132404,-0.0020680605319281283,3.343365815232042
A,8,12,53,3.9439238225266924,200,710.5381430786709,908.9963474100534,-0.00208082696827717,3.3650177452139003
A,8,12,54,3.9507049414322437,200,714.1001584819402,913.5385874153275,-0.002067275547646594,3.3568628251508428
A,8,12,55,3.9391058629916635,200,712.636316167022,912.0478659227011,-0.0020671776865704805,3.3518739108430786
A,8,12,56,3.9567742797918544,200,711.2942204178389,905.9396778220708,-0.002084301541435418,3.3732475278701575
A,8,12,57,3.940054209535946,199,707.4898559628797,900.6732856907801,-0.0020994592301661883,3.3783375119557344
A,8,12,58,3.948701218519929,197,696.7257317459166,887.8829115090863,-0.002167311694130278,3.4363408605089396
A,8,12,59,3.941306143125249,199,703.5728956526718,896.6635649065266,-0.0021209992686143787,3.396250815357307
A,8,12,60,3.923000435289844,200,709.7120565418824,904.0463460438749,-0.002075807442869791,3.352002951960173
A,8,12,61,3.9305557050867317,200,710.2617793781122,904.678111083868,-0.002076011609943781,3.3553792136245226
A,8,12,62,3.931838381610595,200,713.5318750419659,910.2034171453764,-0.002060316547101818,3.3431779147713954
A,8,12,63,3.925792007406193,200,712.0876949481534,911.168795295336,-0.0020635899389133644,3.343313809889918
A,9,13,0,1.9774383977444312,200,710.9201907060308,909.9374752411817,-0.001042657455390031,1.6866465401473425
A,9,13,1,1.970319879929217,200,714.3727944407423,912.8783793221628,-0.0010301171891928373,1.673424467691798
A,9,13,2,1.970310870054943,200,710.8488085060565,909.7426541261426,-0.001038702688955263,1.6804162126058806
A,9,13,3,1.9733951250635733,200,712.7065836746243,911.681990149211,-0.001035626067408708,1.679218912693519
A,9,13,4,1.9751524257349709,200,710.7970030919635,910.0929081819038,-0.0010419110187476518,1.6850782447834276
A,9,13,5,1.9863298348682643,198,706.3922724732471,901.0559381136183,-0.0010623918078578468,1.7063333499403117
A,9,13,6,1.9787001849512045,200,713.8906130745099,913.0460564997001,-0.0010357509888165683,1.6815629507065206
A,9,13,7,1.984473280093367,200,709.8008924385325,908.9552598567481,-0.0010490504133094005,1.6948344336476093
A,9,13,8,1.9731517825348388,199,706.6087546411187,902.4980793490806,-0.0010530817671394643,1.693229543325485
A,9,13,9,1.9735063502775898,194,688.0639021180577,878.9364192709915,-0.0011108689615097814,1.7392329523978844
A,9,13,10,1.9746854396328053,197,696.0984770843139,889.8939650832486,-0.0010847173808751808,1.7191805450077187
A,9,13,11,1.976231203819576,196,694.5714018317329,887.4846604971128,-0.0010907060470203706,1.7245697679806407
A,9,13,12,1.9784571132032447,198,699.9587717222282,894.8319437601593,-0.001074826428605913,1.712953596066946
A,9,13,13,1.9772415434752557,200,709.1835038499221,906.1316735184931,-0.0010471519151521787,1.6902139384752721
A,9,13,14,1.9766033948099915,200,711.804167723428,911.3107153816231,-0.0010392779633994693,1.683551616276346
A,9,13,15,1.9722377173431591,200,715.6098063529364,915.0491330724433,-0.001027653467030296,1.672221353059462
A,9,13,16,1.9702978195644671,197,699.3970522195478,893.1646775582158,-0.0010734330864483423,1.7082766891437267
A,9,13,17,1.9765621937894384,197,701.1768071823243,895.0818916091173,-0.001072046905721046,1.7098655200791506
A,9,13,18,1.9784614571121992,199,706.5546253663597,902.3663150686485,-0.0010563384047358375,1.698127340749373
A,9,13,19,1.9800245842838613,200,713.1223086330598,912.3225254975328,-0.00103813765942031,1.6840709743701412
A,9,13,20,1.976983745871797,200,713.5310849876461,912.7119943023076,-0.0010357240607732476,1.6808156191522998
A,9,13,21,1.976807521305085,200,707.7041227757478,907.0444721626824,-0.0010504443594859048,1.692703980228585
A,9,13,22,1.9731798790461226,200,710.9909301240298,910.0442834714801,-0.001040350427967477,1.6829714568197458
A,9,13,23,1.9728363970791456,200,711.4144653189214,910.3638662924566,-0.0010392177840384848,1.6819049282720375
A,9,13,24,1.9733261472405497,198,704.0986864878727,898.8536773153279,-0.001061361567477473,1.6999387404431143
A,9,13,25,1.966424189409759,197,700.4044311782985,894.301630632152,-0.0010685572890350606,1.702705991251361
A,9,13,26,1.9728418623805621,195,692.0106112087478,883.8660701627329,-0.0010976175197070339,1.7285308643632564
A,9,13,27,1.9756443080671913,195,693.1737111449286,884.9490767742376,-0.0010959644227754087,1.7284422187022934
A,9,13,28,1.9784527726543057,198,700.3752364689569,895.3288177566625,-0.0010738776676816153,1.7121906466142633
A,9,13,29,1.9815800132148267,200,709.9480256747336,906.5062430778445,-0.0010478817272087135,1.6926502273323665
A,9,13,30,1.9709564257174996,200,712.013962378648,911.0344507955847,-0.0010363376233224644,1.678764640960569
A,9,13,31,1.9604097949421693,200,712.4482075624013,911.6618889005628,-0.001029288241023146,1.6685560762445313
A,9,13,32,1.9590000113345543,200,708.0846431243821,904.860974291158,-0.00104077303748014,1.677280287126516
A,9,13,33,1.9667095805408243,198,700.7503984527214,895.556267288082,-0.0010667194970395857,1.7013993542417913
A,9,13,34,1.9679836219786824,200,711.3479136562946,908.2351225122044,-0.0010365440157722914,1.6776661056049105
A,9,13,35,1.970447031475406,200,713.1342713057114,912.3615568215057,-0.001033133198013492,1.675938895772937
A,9,13,36,1.967848587784216,200,713.1586556340574,912.2772119121208,-0.0010316751142888944,1.6736497064703872
A,9,13,37,1.9699790576494671,200,709.8734126871718,908.9286419334624,-0.0010415985483345895,1.6826262081272365
A,9,13,38,1.9578800457712853,200,713.4493062568015,912.664252299118,-0.001025438627260599,1.664345457187426
A,9,13,39,1.9692767469450445,200,715.2551875534707,914.4745636586863,-0.0010271743890477277,1.6705805581778699
A,9,13,40,1.9755875232163915,200,707.6874781479112,904.7692426142228,-0.0010498233704274167,1.6916758965669578
A,9,13,41,1.9568677800266552,198,705.9334853199986,900.6748597275725,-0.0010476122244918564,1.6818131050055263
A,9,13,42,1.960258765052347,196,693.8055788607461,886.7741317400273,-0.0010841567494587429,1.7124306612379319
A,9,13,43,1.960317910877718,197,701.7485543204954,895.4781814594904,-0.0010617142379793644,1.694592784852615
A,9,13,44,1.9538474891796387,199,705.8578420743454,901.6218172876683,-0.001044730511766189,1.6782392124523537
A,9,13,45,1.9590202054263457,199,707.883957828542,903.9299320951698,-0.0010418966393505426,1.678155344633562
A,9,13,46,1.9714950616721845,199,705.4801731258219,901.5289357347979,-0.0010551328223946845,1.6941774825417164
A,9,13,47,1.969264965847513,200,710.5035553450437,909.6290771592635,-0.0010395682219998422,1.6806745939911494
A,9,13,48,1.9653823248732347,200,713.1691908235824,912.3413100617435,-0.0010306525030485993,1.671773453130232
A,9,13,49,1.9608735514196516,200,712.6805067812855,909.3664047805746,-0.0010298396052697185,1.6691954467162413
A,9,13,50,1.9661532298321645,200,711.3956029883583,908.300702659552,-0.001035558395498046,1.676087701326661
A,9,13,51,1.9599134552867514,200,712.7563597139141,911.6176047682002,-0.0010293744131180586,1.6684163689026443
A,9,13,52,1.954259358092655,200,711.5152973691486,910.5730683689019,-0.001028793320558459,1.6655471955793686
A,9,13,53,1.9704537227179821,200,710.4373612289542,909.4689037749165,-0.00104011800616305,1.6816261166577893
A,9,13,54,1.9762227191907054,200,709.3492172115239,908.691118841615,-0.0010459432608157441,1.6888063941079734
A,9,13,55,1.9733598529129264,200,710.5232584333968,909.8762688919717,-0.0010414272191080908,1.6839227663036864
A,9,13,56,1.981059736127902,199,710.6967359193386,906.5245193895727,-0.0010469039051262928,1.6915926456133914
A,9,13,57,1.972479919803907,198,703.3224253960523,898.282028936782,-0.001062146713087749,1.7002069330117418
A,9,13,58,1.9728991615628997,196,693.1866109516432,886.0742823068254,-0.0010929135891421479,1.7248740746832834
A,9,13,59,1.9715897618081495,199,700.8105808025324,896.9161323894203,-0.0010671452729443995,1.7038835462513355
A,9,13,60,1.9614606984389658,199,710.6419802707675,906.3799289134145,-0.001036302827507492,1.674658550398151
A,9,13,61,1.9594258205764952,199,709.1075151065093,905.0077680046732,-0.0010387697054994865,1.6757952608265683
A,9,13,62,1.966697689369339,200,710.9556842919013,907.6641501829256,-0.0010372642984816643,1.6777056966045265
A,9,13,63,1.9638396125080058,200,713.0353118257085,912.2008626357866,-0.0010303907867535858,1.6709079113149863
A,10,14,0,1.9786250445846343,200,711.9549552161242,910.7672100672893,-0.001041129610396341,1.6859068502694505
A,10,14,1,1.9818611096947185,200,707.4046655804078,904.2881825899183,-0.0010542413919264156,1.6979260466831367
A,10,14,2,1.9710286188532355,200,711.3421895768674,910.6679804410863,-0.0010378159259158864,1.6799990577934358
A,10,14,3,1.9808777793929107,200,705.4697726421792,902.3971448960226,-0.0010585862520087034,1.7010190955674078
A,10,14,4,1.980961861080154,200,712.1098986675242,911.500912597229,-0.0010410479207878416,1.6868403684483275
A,10,14,5,1.989051147422516,200,707.9019746090042,906.494076972829,-0.0010570214328945438,1.7032463268740021
A,10,14,6,1.9827674308424672,200,711.1216547138793,910.3188418240941,-0.0010449585948845868,1.6907869354901668
A,10,14,7,1.9831024452330288,200,714.8436177573114,913.9522875553616,-0.0010351705252510258,1.6829495716468064
A,10,14,8,1.975671513780866,198,708.2610972744864,903.0792185742473,-0.001051332248014918,1.6928466876434793
A,10,14,9,1.9779326702436888,194,689.1038850141991,880.0050062896944,-0.0011099664688663177,1.7404596980461187
A,10,14,10,1.9740625363094562,196,696.0924053276284,888.84046419764,-0.0010859655592137963,1.7198589849374935
A,10,14,11,1.974576226322537,196,694.8469131704484,887.6806612707041,-0.0010895554193918635,1.7229368613086202
A,10,14,12,1.9740363942364694,197,698.3426977355243,892.1592401978805,-0.001078466359895503,1.713913322358331
A,10,14,13,1.9745967373146638,200,707.3423673301126,904.0501259443568,-0.0010508479580732598,1.6920840110529118
A,10,14,14,1.973522507980886,200,712.6264348572759,911.9585477882069,-0.0010359534091762578,1.6795399844729093
A,10,14,15,1.9723157949631782,200,711.0804438960264,910.1231078659964,-0.0010393473656898522,1.6817909524915322
A,10,14,16,1.978208766582398,197,699.6193298995034,893.418961305769,-0.0010770168653045495,1.714557332673589
A,10,14,17,1.9859059508263193,197,701.8025572566006,895.7814238916352,-0.0010750306420969382,1.716277628589609
A,10,14,18,1.983896020620545,200,709.4748092552264,906.3513263169591,-0.00105017948914714,1.6954997295991001
A,10,14,19,1.9796863533860338,200,713.1707893694055,912.3891304337615,-0.0010379727047176936,1.68379309925584
A,10,14,20,1.9779683077784964,200,712.666514354321,911.765500696279,-0.0010383680690870293,1.6833876077275942
A,10,14,21,1.9720986634159368,200,716.039024474073,915.1679426883024,-0.001026613075602192,1.6713114204757917
A,10,14,22,1.9725526034537904,200,714.1492255935369,913.3430066579682,-0.0010316494114278618,1.6756172328685
A,10,14,23,1.975767116150276,200,714.069978393301,913.4245276522553,-0.0010333836294696887,1.6783920502235803
A,10,14,24,1.9771030320556535,198,703.2781748030384,898.0480527975492,-0.0010656896835798577,1.7050388505408274
A,10,14,25,1.9689358676105817,196,696.9979653192471,889.9921114601606,-0.0010801284598598924,1.7129895535828443
A,10,14,26,1.9705178688648317,196,693.3842064870987,886.1631369997244,-0.0010914128024612827,1.7226492030491016
A,10,14,27,1.9779941406137918,196,692.3557450292304,885.192977455214,-0.0010984338410188485,1.731467105979976
A,10,14,28,1.9798277306678296,197,699.5989755489318,893.5812828830944,-0.0010776267190842456,1.7157403743677957
A,10,14,29,1.9769803880902677,200,711.6208857385564,908.5000421561995,-0.0010408417857355207,1.6849767979374
A,10,14,30,1.9736003950694345,200,712.9862570970829,912.1724376160633,-0.001035263254040733,1.6790098574244108
A,10,14,31,1.9602512636947411,200,713.3635139147125,912.4854346676344,-0.0010274056025893707,1.666954721512537
A,10,14,32,1.961155955460135,200,708.0252375851751,905.0083642531927,-0.0010413879692478113,1.678696680063148
A,10,14,33,1.967036871028883,199,702.578351398688,898.3480254357497,-0.0010608035220923632,1.696835062978326
A,10,14,34,1.9727227187761496,199,708.1392816643785,904.1317591353966,-0.0010488752305671384,1.6896436911180097
A,10,14,35,1.9710069949972457,200,713.8515389305193,912.757057288477,-0.0010318203362963323,1.6751050644201242
A,10,14,36,1.9707005542464537,200,714.0049309667816,913.1308471935923,-0.00103108836610803,1.6743774753966167
A,10,14,37,1.9727146525044097,200,710.3165960552378,909.5612283729665,-0.0010414350055638394,1.6836546500042835
A,10,14,38,1.9585149130300643,200,717.1285122945154,916.4017845275702,-0.0010169844348736923,1.6577052608070288
A,10,14,39,1.9732106340573559,200,716.5726320853021,915.78872912284,-0.00102570695883925,1.6710382317919255
A,10,14,40,1.9790889059714436,200,705.5301727389956,902.491464418147,-0.001057815903647105,1.6996323822892914
A,10,14,41,1.9571650124750892,198,705.4857845022553,900.3857182267303,-0.0010486235403529022,1.68275637319924
A,10,14,42,1.9607951844865212,195,694.5474171343023,886.5431454553759,-0.0010833663079852607,1.7119909060019987
A,10,14,43,1.958589903693852,197,701.0331020585043,895.1462734346632,-0.0010623399892864544,1.6943516666662155
A,10,14,44,1.9569172327240032,198,706.6440678830717,901.5856557493913,-0.001045572428003194,1.6801880842961343
A,10,14,45,1.9597055760492443,199,707.657905500915,903.5841220325556,-0.0010432162978469318,1.6795154412681592
A,10,14,46,1.971950955165448,200,704.2334015331322,900.8737872077128,-0.0010579324275880636,1.6966742122550316
A,10,14,47,1.9685572250769374,200,709.2433284391454,908.5156959307035,-0.001042133720485164,1.6824574920515154
A,10,14,48,1.9632021284181362,200,713.0440816876661,912.3779208316503,-0.001029374653928572,1.6698098819034366
A,10,14,49,1.9614671751887407,200,711.1349442339102,908.021273281724,-0.001033983344875349,1.6728194073351181
A,10,14,50,1.9658563221077408,200,711.2164712658059,908.0161851445167,-0.0010359161520753432,1.676253121435356
A,10,14,51,1.9605992313975729,200,713.7040364133422,912.9942055999903,-0.0010263568313241599,1.6662466441699526
A,10,14,52,1.959240107138999,200,710.4411526586539,909.7574336821311,-0.0010339432782378965,1.671848038509624
A,10,14,53,1.9744141418419046,200,709.6723985104951,908.920197198383,-0.0010440345776317832,1.6864896734790724
A,10,14,54,1.9707863457908337,200,710.0611148250554,909.3877176250522,-0.0010414491460932706,1.6828473762799698
A,10,14,55,1.9722134538428104,200,708.7836091597742,907.9096520495575,-0.0010452879388124661,1.6865690830353561
A,10,14,56,1.9789512448057682,199,706.293669896194,901.9117657462183,-0.0010575577735172754,1.699319935316248
A,10,14,57,1.9711247495589452,198,700.9917985538628,896.1445470413586,-0.001068227344435765,1.7045083437251305
A,10,14,58,1.9737775820515837,196,692.4903103778576,885.4310206023567,-0.0010954272541964516,1.7272489182529815
A,10,14,59,1.972026577855588,198,700.928392356661,895.7742465777552,-0.001069103293878902,1.705598591458664
A,10,14,60,1.9615236536706824,199,711.4085934379557,907.2241335237982,-0.0010344579275872034,1.6731864432435304
A,10,14,61,1.962525891781663,200,708.7304774582618,905.5883422842767,-0.0010405025388564497,1.6785617825043262
A,10,14,62,1.9692770151950467,200,711.2054106233121,908.3483908902357,-0.0010377130923678076,1.6791639800636962
A,10,14,63,1.9681063191443555,200,712.0545526287219,911.2136195631671,-0.0010349390702117638,1.6764188405702565
A,11,15,0,3.9561000355367066,200,710.4089901660191,909.3498957295717,-0.0020886046087123305,3.376485099973314
A,11,15,1,3.94695773325199,200,713.5951860013581,912.2473400357894,-0.0020661999947848395,3.3543986994617034
A,11,15,2,3.9480488348039486,200,711.2687539403928,909.6793324880587,-0.0020787788701568423,3.3651048655684797
A,11,15,3,3.94539336819166,200,711.3719954157727,909.5189617949743,-0.002078623935330246,3.3638519231432724
A,11,15,4,3.963911449488836,200,706.5855867674577,903.1310290223961,-0.0021131148510914943,3.3996765214709326
A,11,15,5,3.9621343208641435,200,705.8763376356494,905.0066472196525,-0.0021155786213702286,3.400939410743349
A,11,15,6,3.962898586818938,200,713.9823212753628,913.3862735020026,-0.002073890201063964,3.3674131226494373
A,11,15,7,3.9647375765498154,200,715.1434915700909,914.661237701177,-0.0020678027221407375,3.3632189488284654
A,11,15,8,3.9565947624367586,198,707.7446570503439,899.7893892483643,-0.0021097010641552057,3.3935895799488813
A,11,15,9,3.9405886409657205,195,693.5875481840354,882.654907745899,-0.0021852692110765526,3.446914082121494
A,11,15,10,3.95849901761358,196,691.6178720651562,882.1869559943659,-0.002201427094502327,3.4676060707854655
A,11,15,11,3.9566856242234976,198,700.7834283447684,893.2722359880959,-0.0021466529752252363,3.4233716732745885
A,11,15,12,3.955534788067839,198,700.7896052773945,893.1942123356613,-0.0021452504443380967,3.4217517850533095
A,11,15,13,3.954353173629299,200,709.458878794305,903.6598216354798,-0.0020941740439228123,3.380232983970676
A,11,15,14,3.948594799133097,200,712.3589872363702,911.3244071604926,-0.0020739868567926927,3.361440469783158
A,11,15,15,3.9332272238982555,200,714.2557002346763,913.1330771172422,-0.002056669283986629,3.3408210594200867
A,11,15,16,3.940730896271776,197,699.2847895246412,890.3976199991549,-0.002148836743087802,3.418153023745935
A,11,15,17,3.955830680692608,198,705.317453911822,897.3915041110246,-0.002122951080590034,3.4039557424335953
A,11,15,18,3.9601148244410473,200,712.7461584216139,906.9406015320238,-0.00208016221485968,3.371284135085535
A,11,15,19,3.958504078967846,200,713.5211722305922,912.1413161157128,-0.0020737223418137948,3.365413760546393
A,11,15,20,3.952254136076498,200,713.5136267954326,912.8634389812453,-0.0020697367483295793,3.359526208410225
A,11,15,21,3.953157691706441,200,711.3078385325772,910.4061686774791,-0.0020811120112579685,3.3691748013320573
A,11,15,22,3.93672874342891,200,715.2728985933452,914.888930283207,-0.0020518290378175627,3.3383448549323878
A,11,15,23,3.9468884002497853,200,712.6718226676818,911.8645453558903,-0.0020712558783332353,3.358493079042871
A,11,15,24,3.9555127217227906,198,706.9141041700583,899.0400648309519,-0.002113902305743924,3.396520165543868
A,11,15,25,3.948760588713077,196,692.0752322318953,882.4942929345175,-0.0021941450268037135,3.457595142012863
A,11,15,26,3.9426847767577238,197,699.746410835198,891.2658645845697,-0.002146338735743301,3.4169983799412744
A,11,15,27,3.9491364153681263,196,693.3249905687683,883.5242906361183,-0.0021882385029927047,3.453077370319135
A,11,15,28,3.9614416545839535,198,701.7772294418988,893.7531171238124,-0.0021446779713950666,3.423830667707924
A,11,15,29,3.9591773566659776,200,710.598697777574,905.1318254686801,-0.002089928158533494,3.37883867331674
A,11,15,30,3.9442645032713592,200,712.4639549462347,911.189541592569,-0.002071884509300079,3.3578924050033097
A,11,15,31,3.9246469675872535,200,714.3057576608726,913.5556250706717,-0.0020513443162883758,3.3328478621965503
A,11,15,32,3.9284781562713653,200,711.8965377465845,907.0661900409631,-0.0020674547014800943,3.3475517391078586
A,11,15,33,3.9377395219722997,198,704.6682530453461,896.9381024839973,-0.0021153098715709934,3.390052271698276
A,11,15,34,3.951943215933797,200,711.2240168842887,905.1436000877491,-0.0020850116503064067,3.371770605856382
A,11,15,35,3.9397414503173365,200,713.0965378052001,912.3779973695982,-0.002064628075596195,3.3500676997690317
A,11,15,36,3.947509369662827,200,711.0771013287077,910.1227412628795,-0.002080258864396395,3.3660846179085215
A,11,15,37,3.9420984027259682,200,710.7320199823279,910.2028940153583,-0.002078639166431417,3.3624747766168097
A,11,15,38,3.9214511260887406,200,717.0924766027559,916.7364303315255,-0.0020354075562543325,3.3184647733955197
A,11,15,39,3.9418097807947876,200,717.9152309176102,917.6128742212385,-0.0020413121189085865,3.3318711001160297
A,11,15,40,3.944838079891346,200,710.043405348343,908.3805376443596,-0.0020847486687836907,3.368591818119415
A,11,15,41,3.9179554812893644,197,701.8143275996474,893.0216295438504,-0.0021228984061607927,3.387574972508469
A,11,15,42,3.913258301219797,196,695.4896702944494,885.591810503258,-0.002157383873758517,3.412991595207558
A,11,15,43,3.921285971478372,198,702.0741943925927,894.3709787637558,-0.002120063851308196,3.3868186715056487
A,11,15,44,3.9200377205894554,199,706.8789847106581,900.1112474914993,-0.002091794731765006,3.3636009010922354
A,11,15,45,3.9207762171806073,200,711.9392402482365,905.9757627108236,-0.0020635804271653723,3.3411232143072014
A,11,15,46,3.9453967975459414,200,708.1655682388581,902.5081239988883,-0.002096134436228983,3.3780106784710418
A,11,15,47,3.933292112607427,200,711.4428626945081,909.8691138576535,-0.002071422911678391,3.3528611519110787
A,11,15,48,3.9282953208390268,200,713.7039691065745,912.2636168618034,-0.0020583810018632615,3.3401268377856126
A,11,15,49,3.928487328851504,200,712.3613100855705,908.8144351690555,-0.0020647550610796025,3.345374763996225
A,11,15,50,3.9294296913420967,200,715.7976463138953,910.0341658861048,-0.0020483174283326662,3.3323354120340904
A,11,15,51,3.922439456022397,200,713.4962782528015,912.4765270949993,-0.0020552988710226187,3.3351409854188057
A,11,15,52,3.9221479664868415,200,709.9593225740101,909.6197150324839,-0.0020718988726561426,3.3485282354289967
A,11,15,53,3.9446999490047276,200,711.6627630024877,910.6303389628105,-0.00207571055455242,3.3611908107639286
A,11,15,54,3.9471496045098755,200,709.5045274492965,908.834994469364,-0.0020881596399480347,3.372351545821471
A,11,15,55,3.9383607970941177,200,710.6326301344203,909.9932221336321,-0.00207740527474711,3.3598825909682235
A,11,15,56,3.9544073463634213,200,712.7813807133957,906.973218723954,-0.002076943892950217,3.3662532818471345
A,11,15,57,3.9494501390607075,197,699.1763868794859,890.4506185352838,-0.0021536431861825345,3.4257583855415783
A,11,15,58,3.9459624390879133,197,696.5423819878872,887.60286928257,-0.0021668550244195897,3.4347932981839424
A,11,15,59,3.946452808077397,199,702.6219926637774,895.8794667232365,-0.0021282993554986598,3.4043282430048145
A,11,15,60,3.921731823369703,200,714.8542063601277,909.1589107055555,-0.002049716028903051,3.3302280801610724
A,11,15,61,3.9274281680468914,200,712.0698265907944,906.3597915456585,-0.0020662489167641213,3.3461138400766965
A,11,15,62,3.9327756244316405,200,713.5743050629393,910.1683308325236,-0.0020603286118646463,3.3435823453276776
A,11,15,63,3.9349646306418515,200,713.1919784613532,911.8287338612769,-0.002063134278986859,3.346822380757846
A,12,16,0,0.989237880707001,200,711.3300189667887,910.3821125763823,-0.0005210564292761432,0.8433217165947317
A,12,16,1,0.985622116346123,200,712.5916034223203,911.7625032568122,-0.0005175761544824958,0.838959398514022
A,12,16,2,0.9846299249822569,200,711.6509524868452,910.7567605887892,-0.0005182675594992358,0.8391019355907653
A,12,16,3,0.9852665468288562,200,713.347809394678,912.4466376122613,-0.0005164274704460585,0.8378727530899361
A,12,16,4,0.9884629940371442,200,704.7124869060356,903.8263796643133,-0.0005294394649062556,0.8497846974846976
A,12,16,5,0.9924268915807027,200,710.2269947954138,908.3346345677894,-0.0005241958543119983,0.8472287517512831
A,12,16,6,0.9905325294812244,200,714.092522574812,913.2980070250318,-0.0005181481223065112,0.8415022257686919
A,12,16,7,0.9930312821277015,200,715.6732299794369,914.8131942778017,-0.0005174418597780374,0.8419804041941028
A,12,16,8,0.9896854313202401,198,704.7797310283017,901.1923531837185,-0.0005309631188844527,0.8514915731078967
A,12,16,9,0.9876969516586519,194,690.4772273909617,882.6662959525811,-0.0005522252646708388,0.8675013199254762
A,12,16,10,0.9898771763519983,194,678.7306751448117,870.912550573767,-0.0005708460108707187,0.883048596831263
A,12,16,11,0.981583345685431,198,700.5109037664892,896.2818887273834,-0.0005326699410544405,0.8493864259034754
A,12,16,12,0.9911293483276555,198,703.0261702875996,899.5160629604562,-0.000533986882554262,0.854544627346159
A,12,16,13,0.9898104077321848,199,707.8934191282734,904.9247095395907,-0.0005268000126490354,0.8482045415055088
A,12,16,14,0.9853448643009223,200,710.0102689270831,909.1206662678942,-0.0005206324219383993,0.8413274770288588
A,12,16,15,0.98711027579411,200,710.7090534141291,909.699835648465,-0.0005208015237858561,0.8422145240071741
A,12,16,16,0.9849488398633884,197,698.4947451503374,893.7276983922668,-0.0005377329590492601,0.8548660527917455
A,12,16,17,0.9889597051120136,198,698.6444793861035,894.6136594627243,-0.0005391105852618948,0.8577199666208497
A,12,16,18,0.9907142065863866,200,708.3499883807016,906.5816688399127,-0.0005257750945389701,0.8477815899481089
A,12,16,19,0.9903666410255504,200,713.4936813174462,912.7064896589593,-0.000518801787716541,0.8419659069059875
A,12,16,20,0.990149288267516,200,712.1218435589927,911.1874550778734,-0.000520641269607682,0.8433721419094382
A,12,16,21,0.9882634419258512,200,706.420180619224,905.5705730309837,-0.0005269219779755555,0.8476656380531573
A,12,16,22,0.9861308019083077,200,713.9328871556114,913.0123210411765,-0.0005161987021571102,0.8380508182333655
A,12,16,23,0.9883783084611004,200,713.0728633250992,912.2271886217234,-0.0005183060950539416,0.8407196607626418
A,12,16,24,0.9879457955360978,197,699.3837282006425,894.6535804395744,-0.0005380207525072429,0.8563889076005743
A,12,16,25,0.9901035622136146,194,683.8209385544928,876.087272276616,-0.0005629475335245936,0.8769872688998936
A,12,16,26,0.988154632794348,198,701.8208923140414,898.0378557967144,-0.0005342906591411488,0.8535114627293297
A,12,16,27,0.9875668122210987,194,688.2490839253275,880.4717778522887,-0.0005553571487870764,0.8699131982757095
A,12,16,28,0.9910998398620594,197,698.9120436710999,894.1879477159167,-0.0005403770158466874,0.8596334649429295
A,12,16,29,0.9902613049859409,199,707.0958254895893,904.2941404540151,-0.0005278643489693365,0.8492579626638099
A,12,16,30,0.9883226790968649,200,711.8194413923188,910.8914576932032,-0.0005199682072556244,0.8420506600820439
A,12,16,31,0.9831160545903961,200,712.7067894375399,911.899576305628,-0.0005159820943162422,0.8365990444998157
A,12,16,32,0.9809581166573659,200,709.3800627291347,907.5795496614622,-0.0005192895681859377,0.8383724381550861
A,12,16,33,0.9877205060624362,197,695.0698390599715,890.4552482597423,-0.0005438590072243907,0.8609488656136681
A,12,16,34,0.9900271391572001,199,701.7932418401696,898.9243796146253,-0.0005348130498815866,0.8547578225373651
A,12,16,35,0.9901196745661467,200,707.7971141736449,906.8783726681163,-0.0005261744184858196,0.847852435327932
A,12,16,36,0.9864674623113465,200,711.3406503593192,910.4993756059182,-0.0005196321218180513,0.8409903520401913
A,12,16,37,0.9845965637620542,200,709.7755686192241,908.9648237205922,-0.0005205984580162519,0.840981358481529
A,12,16,38,0.9837762035060366,200,714.215612505113,913.2566980012439,-0.0005145538386218336,0.8357133381632247
A,12,16,39,0.9872419361201634,200,716.6940224353461,915.8808870680826,-0.0005130925489761558,0.8359812274256964
A,12,16,40,0.9850115629494625,200,715.6478083940644,914.6147636911373,-0.0005134253702514192,0.8353132978226894
A,12,16,41,0.97902296720523,196,697.3799560511244,891.5751412289187,-0.0005364977412437142,0.8512967565236261
A,12,16,42,0.9791957332847672,195,692.6043123670062,885.9846358247931,-0.0005437277443890729,0.8570957852279033
A,12,16,43,0.9812761088349521,196,694.4150032425428,888.7280096561049,-0.0005418516149292759,0.8565344781546365
A,12,16,44,0.9799947101422444,199,703.2330359211568,900.459457564273,-0.0005273616016680241,0.844462124140314
A,12,16,45,0.979829011893621,198,704.9275564488091,901.0418613843154,-0.0005256917347275462,0.8430245289004443
A,12,16,46,0.9832194885864385,200,708.2854200208926,906.5347907045839,-0.0005218769028265509,0.8414323576199367
A,12,16,47,0.9842976037219469,200,711.0098257442261,910.1211782643187,-0.0005189323797619834,0.8395012829626476
A,12,16,48,0.9823076366941368,200,712.1268620243283,911.1956076589634,-0.0005163978914086333,0.8365955498839657
A,12,16,49,0.9804839583839211,200,711.1893258938876,909.3662650228166,-0.0005166958655736152,0.8360641846303254
A,12,16,50,0.9784577600400004,200,713.7938242098942,912.07834595609,-0.000512238530153007,0.8315754441930128
A,12,16,51,0.9761790782508183,200,712.1713191440223,911.1675143833903,-0.0005131015421343912,0.831316118368473
A,12,16,52,0.9798489370321577,200,717.2956310274132,916.7398901630544,-0.0005083326494380742,0.828969585160467
A,12,16,53,0.9879366904193271,200,704.0285300021187,903.0764646827654,-0.0005300871389173553,0.8500810867600896
A,12,16,54,0.9856591175813687,200,707.8030153758538,907.05552872789,-0.0005237786135997611,0.8440119345212687
A,12,16,55,0.9795749225671292,200,713.9006763202382,912.7779091787377,-0.0005129640793151016,0.8326394634750351
A,12,16,56,0.9860608301991677,197,700.9224243069643,896.1083792961124,-0.0005349586402499203,0.8531251051155924
A,12,16,57,0.9877930252790852,195,690.0360738086522,883.2616867476038,-0.0005522404246781386,0.8675779331695298
A,12,16,58,0.9900978505760166,196,692.7364592851176,886.8611152273771,-0.0005491987503478128,0.8661995135432936
A,12,16,59,0.9876589871389887,198,698.0748806794302,894.3370383896784,-0.0005390109846954504,0.8570790147604338
A,12,16,60,0.9811313114346145,200,709.9163897748825,908.284285370249,-0.000518507980896358,0.8378115675129898
A,12,16,61,0.9820339224656207,198,706.8347280249328,902.8818679500591,-0.000524435897353178,0.8429538505192664
A,12,16,62,0.9798091940461866,200,713.747859293744,912.5156517083502,-0.0005129749448949293,0.8327484205793931
A,12,16,63,0.9811356051032424,200,714.1731322655552,913.3780063778348,-0.0005131495233554809,0.8334518225516757
A,13,17,0,3.960130557566578,200,709.2515572734617,908.4863237762959,-0.0020964228841334346,3.3845455406271245
A,13,17,1,3.9489397544134848,200,712.8125422892213,911.3207416956561,-0.002071986937373939,3.3599503994837914
A,13,17,2,3.9297997012241077,200,712.1540497162589,911.0630255620102,-0.0020661200147083884,3.347073507170558
A,13,17,3,3.9497930739345377,200,710.7321232880162,908.628631219918,-0.0020822354638961216,3.368646780855693
A,13,17,4,3.9485087067722953,200,710.44236191137,909.8922391939738,-0.0020841191911093694,3.369650977008785
A,13,17,5,3.9648968443190533,200,710.075074336374,908.439352273496,-0.0020938705586628185,3.3845197335377675
A,13,17,6,3.9669563092813895,200,713.0847360724574,912.6464754501367,-0.0020793519253235696,3.373586169653805
A,13,17,7,3.965578688751464,200,714.1315618563631,913.4524559558138,-0.002073686970802685,3.368378675518554
A,13,17,8,3.9509448679911046,197,703.375394821795,894.8866613101575,-0.002130469656191822,3.407826271585323
A,13,17,9,3.950249661786191,195,695.8101338898289,885.1707518642277,-0.002177309986739199,3.4447942678676897
A,13,17,10,3.950550781992366,197,695.86963918033,887.2941455514932,-0.0021724044527976667,3.4412012255843587
A,13,17,11,3.9630489497290213,194,691.1672468778313,879.4774104449081,-0.0022142015868744226,3.479507240772698
A,13,17,12,3.951197216816548,200,710.6625586853824,907.5734746307182,-0.002085243670505825,3.3716810469662066
A,13,17,13,3.9537142114740167,200,707.8663031113288,901.7957129115329,-0.0021036006074388568,3.3876017887945684
A,13,17,14,3.951825467013262,200,713.1508664327412,911.5522964370068,-0.002071668627879849,3.360912532245986
A,13,17,15,3.946052462916377,200,712.7586255181135,911.3776545190651,-0.002070663758532363,3.357653044070096
A,13,17,16,3.9417251865655802,197,700.6005575853192,891.8042101927502,-0.00214252325139893,3.413530168548704
A,13,17,17,3.956114435743423,198,703.5004759170888,896.0348133177182,-0.0021302661359787925,3.4099658851062067
A,13,17,18,3.9628416667370674,200,713.5516222046892,908.9494059671975,-0.002075872839037479,3.368960202256038
A,13,17,19,3.962430857348367,200,713.5527158984114,912.6397206224605,-0.002075394864502563,3.368441691140716
A,13,17,20,3.963318212250307,200,714.0802188145387,912.7110263440891,-0.0020740463171240774,3.3677175126255885
A,13,17,21,3.9450524071764788,200,711.6713523130978,911.0478268633315,-0.002076342068475185,3.3618562823444584
A,13,17,22,3.9451913454483822,200,716.106403356054,915.5961572142728,-0.002053519112724679,3.3432952455371026
A,13,17,23,3.9486835734313885,200,714.3155395799251,913.5765536116916,-0.002064517041753894,3.3537549893736323
A,13,17,24,3.954743543202681,198,701.6697566979225,894.0482504932363,-0.002140480052990993,3.4175848619880327
A,13,17,25,3.9562168225816605,196,691.0297891489603,881.0785989295098,-0.0022063946231925687,3.4705392550874152
A,13,17,26,3.9380381668193145,197,701.0151658900254,892.2443898614559,-0.0021378467158603633,3.4081983335505326
A,13,17,27,3.9564944914542144,195,688.7824493159198,877.9956344182216,-0.0022213236093098824,3.482347822593923
A,13,17,28,3.960817352927117,198,700.1203807419739,892.4479443146037,-0.002152239858234171,3.429623958044986
A,13,17,29,3.9596839751025947,199,708.9282219195634,902.1712649940647,-0.002101932810016725,3.388703620233005
A,13,17,30,3.9568269700373695,200,712.2594621186969,910.9035722185606,-0.0020788480581929733,3.3688831804728094
A,13,17,31,3.942050005760167,200,712.304691348118,911.8643542963334,-0.002069811452731898,3.355267110826996
A,13,17,32,3.9302671243030276,200,712.6254492874974,906.3477361595942,-0.0020667300408252374,3.3477066642976405
A,13,17,33,3.948388003670493,199,704.3957361972014,897.5963702523911,-0.002120891133087412,3.3991959207518807
A,13,17,34,3.9518062353613663,200,712.4804894046651,906.6544991071,-0.002077236931005297,3.365387892282105
A,13,17,35,3.9520331802133346,200,713.6492949604419,912.7935919058798,-0.0020694601061850013,3.359205217351213
A,13,17,36,3.946915857074259,200,713.2071172663424,912.8069036114266,-0.0020686870170722503,3.356408194015234
A,13,17,37,3.9404225033300952,200,713.0004036411468,912.4151853057106,-0.002066529294107758,3.3519035627827485
A,13,17,38,3.942740499156802,200,715.8774989537292,915.0365354721833,-0.002053021983958584,3.3418545561360626
A,13,17,39,3.9519263497044435,200,715.9951634285266,915.1819213050692,-0.0020580474836876038,3.3498394449746236
A,13,17,40,3.941309267815086,200,714.7057853569061,912.4476235556388,-0.002058790441359072,3.345953941771573
A,13,17,41,3.920697507032139,197,704.6939603568003,895.7372197841012,-0.0021093833326517805,3.3779001337102814
A,13,17,42,3.9132382554765894,196,697.6731144291448,887.7711643729818,-0.00214522707698244,3.403304974736379
A,13,17,43,3.935415495621804,196,693.7959899947341,883.9916446967787,-0.002179027919147924,3.439804867865253
A,13,17,44,3.9480849291855664,198,698.7524215945198,890.8183245784946,-0.002153976330824781,3.4255222366432116
A,13,17,45,3.936515628021435,200,707.6009612341574,901.7872937415459,-0.002095430001494718,3.3736569427209173
A,13,17,46,3.9422601716150067,200,710.2237016800929,904.861521479502,-0.0020824309772151683,3.365565153322256
A,13,17,47,3.9385402109759577,200,711.0809033270222,909.8884762341984,-0.0020762581992731606,3.3590244955372395
A,13,17,48,3.9284381137186277,200,711.6613732958566,909.9802160259717,-0.0020671838257783843,3.347352163627403
A,13,17,49,3.916706729947903,200,712.5354382598066,908.6132608644288,-0.0020582440917887774,3.335081359483924
A,13,17,50,3.92910063234615,200,715.4472880953144,912.9010758859905,-0.00204918219119397,3.3329414874324144
A,13,17,51,3.9240754680481915,200,713.2694129067717,912.6547402519317,-0.002055790554399589,3.33623105384649
A,13,17,52,3.913378292566241,200,712.6548236067738,911.7574009030684,-0.002054248838974364,3.330449638129495
A,13,17,53,3.953163773126959,200,697.7376145014574,897.313893954525,-0.002154019816428157,3.4279915381906645
A,13,17,54,3.9444468765853116,200,705.1345652886614,904.4393721813467,-0.0021097286374976492,3.388659278969966
A,13,17,55,3.9244685877749443,200,715.1722507104153,914.60922684165,-0.002046711344649745,3.3289859756457454
A,13,17,56,3.953428899116233,199,707.4103593146526,900.8161815031724,-0.0021062125862232072,3.389504563430829
A,13,17,57,3.950278957644548,196,694.400704696326,884.857781299526,-0.002182890733945634,3.4493291227646674
A,13,17,58,3.951500341458335,197,693.0934401337906,884.330674813146,-0.0021876308229350065,3.4537153885847163
A,13,17,59,3.950905205193043,199,700.7875007242785,894.1393068662103,-0.002139785399636134,3.4154650831214113
A,13,17,60,3.9241687653020176,200,710.5728530806656,904.7592208536458,-0.0020729075690555125,3.3501416653907903
A,13,17,61,3.9245836069924462,200,711.704879444771,906.1278249597483,-0.0020658980243664343,3.3446217125851345
A,13,17,62,3.917869241809533,200,714.9572384971525,912.2854736008359,-0.002044407632488961,3.3242938349896516
A,13,17,63,3.9257945689069684,200,713.3240670999505,911.5249599593936,-0.0020581951578796578,3.3389139333137443
A,14,18,0,1.978161948499495,200,706.1313109038766,905.0945573957597,-0.0010559434209910339,1.697722366602721
A,14,18,1,1.9697406267617559,200,711.710712105189,911.0151183057842,-0.001036602095045137,1.678465793298883
A,14,18,2,1.9648816752908085,200,711.2525741464651,910.4637840327352,-0.0010348264636643617,1.6749614952505416
A,14,18,3,1.9729206354825888,200,711.3488249089539,909.8237408180283,-0.001039473480775493,1.6821497132680592
A,14,18,4,1.9767822126302397,200,712.9322431828581,911.9984656590176,-0.0010370817575051368,1.6818390674782933
A,14,18,5,1.9838688936008686,200,711.8306518797217,911.1309627692718,-0.0010435906121666482,1.6901411419434103
A,14,18,6,1.984425319727548,200,710.5412754163558,909.6655289830583,-0.0010471458240133708,1.6932676729376062
A,14,18,7,1.9782627003128388,200,712.72232704435,911.8814092209616,-0.0010386165501138599,1.683714154951885
A,14,18,8,1.9774589544047636,196,694.1697146962764,886.9997712549241,-0.0010934272088487186,1.727263917577882
A,14,18,9,1.9711988945015615,194,688.3320121292957,879.2932693168219,-0.0011082566606922088,1.7361655282482866
A,14,18,10,1.9896580418974157,194,684.6001232071189,875.4915417630565,-0.0011300151620887535,1.7613614624504668
A,14,18,11,1.9811492018705597,200,707.6063290532973,904.8412582932773,-0.0010530243663425748,1.696637626043899
A,14,18,12,1.9799431863737258,198,697.0857587433568,891.8477120322236,-0.0010837841967734606,1.72075625854668
A,14,18,13,1.976259585429995,199,703.5429919438174,899.399749409648,-0.0010629189678825152,1.702491980116151
A,14,18,14,1.9733355689373682,200,709.9692841335499,909.0689923145733,-0.0010427741756870127,1.685008152693198
A,14,18,15,1.973871277465127,200,711.9044065694383,911.2294187805651,-0.0010377645623112866,1.6811622744062713
A,14,18,16,1.9756690219895756,196,694.6773634771579,887.445185929191,-0.0010905771810522733,1.7242225709901886
A,14,18,17,1.9799534587786694,199,701.1699603849354,897.1718522237815,-0.0010709360001068431,1.7105224443859313
A,14,18,18,1.9808734872053657,200,711.1615971485149,907.9812934157842,-0.0010441813633802258,1.6893445311359332
A,14,18,19,1.9818635855286222,200,711.4297974854846,910.6998104898674,-0.001043274619684504,1.6890326193136087
A,14,18,20,1.9796168357081931,200,707.7884716605091,907.2416459551853,-0.00105127028645443,1.6945696343134158
A,14,18,21,1.9738368519847453,200,715.2299295872301,914.4455041083456,-0.0010298529643302072,1.6746930726919054
A,14,18,22,1.9736043191229504,200,715.9331213508643,915.0220499430369,-0.0010280141709731463,1.6730916867027887
A,14,18,23,1.976118675483227,200,713.9734191224611,913.2306570611283,-0.0010340418448593573,1.6790779390568518
A,14,18,24,1.9782633237114524,197,699.4720157672649,893.2525737866346,-0.0010777375968842333,1.7151557459789624
A,14,18,25,1.9750096776968993,196,692.9628915791479,885.9713642602512,-0.0010948960604224359,1.7273647695056078
A,14,18,26,1.9724329321581948,196,694.7974370433126,887.4207608317771,-0.0010887468943865028,1.7213637086595108
A,14,18,27,1.9811803140491484,195,691.4057911513752,883.286465536864,-0.0011038254585576887,1.7370773957079235
A,14,18,28,1.98395317812519,197,697.6419822227789,891.6076241067988,-0.0010854344896177991,1.7237613954134114
A,14,18,29,1.9812319994459928,199,705.0694977368424,901.0619977844837,-0.0010614323277145991,1.7034228010155625
A,14,18,30,1.9810660633330328,200,709.6589730445577,908.7703727228285,-0.0010479149892223443,1.692465755912869
A,14,18,31,1.9729459092250898,200,710.0781584006025,909.4896469691034,-0.0010419003664609845,1.6841321083719532
A,14,18,32,1.9637022510658348,200,713.2475162884234,910.0512567397005,-0.0010295390120099765,1.6701476077255264
A,14,18,33,1.9770741821341757,198,697.080284941232,892.0484892491464,-0.0010818203223451294,1.7179480545599453
A,14,18,34,1.9780857096855011,200,711.2658001536229,908.4629398688959,-0.00104155796459205,1.686027758806759
A,14,18,35,1.978810646439331,200,711.3107500532044,910.7580329036317,-0.0010418703587277164,1.6865967582563677
A,14,18,36,1.9742925121406314,200,711.4146244460715,910.6183377220365,-0.0010396615418454052,1.6828850039787706
A,14,18,37,1.9711381216975334,200,711.0278018223546,910.1601703900785,-0.0010389225133219451,1.6809438373129302
A,14,18,38,1.9740743754648185,200,711.9124307116003,911.1128116703279,-0.0010383120751771568,1.681692644954879
A,14,18,39,1.975531081627588,200,715.5257398963273,914.8145062265712,-0.0010295705495081894,1.6751775292163265
A,14,18,40,1.9759273869180127,200,715.2340747798642,914.113121565973,-0.001030631897297675,1.6762131590647993
A,14,18,41,1.9585552960780506,197,700.7228483043388,894.3775255822801,-0.0010638634450247128,1.6955570328113394
A,14,18,42,1.9608594642956527,196,693.7710516403384,886.7943010294887,-0.0010845162228503254,1.7129774355069785
A,14,18,43,1.9734532607946385,195,688.9618718683612,880.6057163242523,-0.0011069880188286324,1.73619848585472
A,14,18,44,1.9685105272274204,198,701.2476569005606,896.0184262881099,-0.0010661663445208764,1.7017310497399256
A,14,18,45,1.9720849606625113,199,704.3725202805854,900.4141970262559,-0.001058171967131629,1.6968803987574685
A,14,18,46,1.968326781740162,200,713.567488075508,911.4429423165468,-0.001030995669498838,1.6732944642219247
A,14,18,47,1.966580473947396,200,710.762640363489,909.888386702594,-0.0010371579922180943,1.677578023808562
A,14,18,48,1.970415346284873,200,712.2682388108402,910.7400714969812,-0.0010351248079592506,1.6775458129345862
A,14,18,49,1.958255798043506,200,713.9081520436696,911.9832840047848,-0.0010251098939428863,1.6642370371019033
A,14,18,50,1.9631011588519205,200,715.1896835203767,913.9340835094148,-0.001024323206447358,1.6656431565471226
A,14,18,51,1.9580746363563069,200,715.3509024195879,914.5036950309124,-0.0010212775220393943,1.6610333137752877
A,14,18,52,1.955690411583986,200,713.1497696111551,912.3493216638504,-0.001025566612401728,1.6635263767693216
A,14,18,53,1.9662152543964149,200,711.2342574704829,910.5935232405867,-0.0010354656371740223,1.6760454480363705
A,14,18,54,1.9725120346352103,200,711.9686217681908,911.200536586589,-0.001037407278499229,1.6802939044357401
A,14,18,55,1.9622943215448958,200,715.2444587996241,914.3065899017495,-0.0010237221779491035,1.6648110278960702
A,14,18,56,1.969382121914015,197,699.2982018903434,893.3244493110453,-0.0010732501332822134,1.7077352079594288
A,14,18,57,1.9438131056370607,195,685.5967202227162,877.2606068826199,-0.0011001900243296557,1.7178504810116062
A,14,18,58,1.9534319898128087,197,688.0837455018975,881.7821311162818,-0.001095513699659812,1.7184842350149003
A,14,18,59,1.969782172439759,198,695.6633924684263,890.4235464474922,-0.0010818743372601608,1.7148376638547287
A,14,18,60,1.970500602220585,199,707.3787468004901,903.30313798297,-0.0010491074839281216,1.6888856352998844
A,14,18,61,1.9769199206607107,198,707.5195337680759,902.3475935482005,-0.001053731631690106,1.6953191504331078
A,14,18,62,1.974315552341653,200,715.6280291732177,913.39450160732,-0.0010288537831663995,1.6740771418429017
A,14,18,63,1.9689224345937715,200,713.4952845447153,912.644580057604,-0.0010317089174836575,1.674132717284619
A,15,19,0,0.9890025615405932,200,711.0292211915815,910.1569684458332,-0.0005212809320568201,0.8434045626862553
A,15,19,1,0.9861154263221575,200,712.7303402487079,911.8251125589883,-0.0005177113542457677,0.8392782613365224
A,15,19,2,0.9812254327410236,200,711.9145205852507,911.2804702052409,-0.0005158567727178517,0.8356968201020238
A,15,19,3,0.9874318541526321,200,712.9120742813495,911.2326047988308,-0.0005179882429362008,0.8400604007391468
A,15,19,4,0.9898168792141989,200,711.3217027729435,910.3859670573748,-0.000521491281907766,0.8439235111169445
A,15,19,5,0.992472836468943,200,712.9563762824193,911.9590853908214,-0.0005206136069992387,0.8443338520764865
A,15,19,6,0.9923945967666044,200,713.8587266032023,912.8917615136291,-0.0005195153520618805,0.8434050049120152
A,15,19,7,0.9911925828518227,200,713.6927014026483,912.6241683585515,-0.0005192037393953452,0.8426422256274478
A,15,19,8,0.9910141817998505,196,694.5933544745158,888.766906877559,-0.0005471915090268153,0.8650048186463678
A,15,19,9,0.990332966904488,194,684.9268490821845,877.0871921671422,-0.0005617357238315155,0.8761385710729136
A,15,19,10,0.9924902393352163,195,685.9471957588058,879.1933654223997,-0.0005607389658201412,0.8763281263438674
A,15,19,11,0.9854279894616652,199,707.5780271708514,904.6478800156225,-0.0005246069767267513,0.8445621744909136
A,15,19,12,0.9933367540913641,195,689.1243488590682,882.3908747356185,-0.0005567739904963275,0.8735782656005773
A,15,19,13,0.989363582372177,200,707.8849940067535,906.0121907224859,-0.0005256955954658587,0.8471421180262553
A,15,19,14,0.9875676392728787,200,711.701227636733,910.8078485665824,-0.0005197533964946926,0.8415561255681355
A,15,19,15,0.987022797319428,200,710.6476235131665,909.6374976100998,-0.0005207938301972985,0.8421713733168233
A,15,19,16,0.985734449661856,195,691.995889969492,885.1304502637715,-0.0005484292764848435,0.863666809866683
A,15,19,17,0.9903651514860241,199,701.7429302001108,898.98373708837,-0.0005349175086684537,0.8549867779248315
A,15,19,18,0.9918211261623476,200,709.0240413110658,907.1380630579954,-0.0005254681381467977,0.8480039085021174
A,15,19,19,0.9891877495328224,200,711.5920980280563,910.5854255091458,-0.0005208990167281559,0.8431743035078292
A,15,19,20,0.9872698082664264,200,710.9392729332012,909.9472664504594,-0.0005205613816699393,0.8420864321433073
A,15,19,21,0.9858182920839823,200,714.1717068507832,913.3920272331683,-0.0005155878618483887,0.8374205328153902
A,15,19,22,0.9894821914471384,200,713.9354598111433,913.3237154943292,-0.0005176522057664318,0.8406535185278827
A,15,19,23,0.990931631686773,200,715.1482045076439,914.4947233385742,-0.0005170305057059776,0.8407574502572877
A,15,19,24,0.9891865975043301,196,690.7701501303335,884.8120623129714,-0.000551599704050316,0.8677029202329203
A,15,19,25,0.9868284737072205,195,691.8401730225156,885.0301456515314,-0.0005492115791935454,0.8647631004060016
A,15,19,26,0.9912464075752648,193,683.9719210262723,875.3395544018493,-0.0005641959752219164,0.8784438121448481
A,15,19,27,0.9884227381201349,198,699.9438784482752,896.0844576991143,-0.0005369445060535417,0.8557550672777502
A,15,19,28,0.9908074608809218,196,693.683130592482,887.7474043430293,-0.000548277680789799,0.8657774473243338
A,15,19,29,0.9914501628095407,198,701.8239008605885,898.1468175674407,-0.0005360552276632483,0.8563441378641027
A,15,19,30,0.9909600493725077,200,711.4740457575199,909.6061032806521,-0.0005219470403118234,0.8447780731640253
A,15,19,31,0.9884854145531355,200,711.3890872432818,910.4343501400984,-0.000520670784823475,0.8426911432317161
A,15,19,32,0.9847267360575278,200,706.7875175953668,904.9718242079399,-0.0005246887838873172,0.8443509686900912
A,15,19,33,0.9878867939868785,197,700.0699631705431,895.267401243857,-0.0005371726280954726,0.8556845671844984
A,15,19,34,0.9897005015543145,200,710.2084769364249,908.9040138184599,-0.000522837273925165,0.8449677290466209
A,15,19,35,0.990437694403234,200,714.0220725759535,913.0759739952745,-0.0005182632775871875,0.8415563683075765
A,15,19,36,0.9873095703244819,200,713.144164071563,912.2959728053249,-0.0005177526286306036,0.8398166778364895
A,15,19,37,0.987189096871479,200,708.995224575901,908.1593207343249,-0.00052295107350846,0.8439924505296736
A,15,19,38,0.9858173130333777,200,716.9344008177317,916.0058901270644,-0.000512076728368254,0.8345486956038841
A,15,19,39,0.9878199884038352,200,715.2400229130296,914.3146076528651,-0.0005153596801348868,0.8380793927230252
A,15,19,40,0.9872239112124565,200,715.3971816098101,914.4793009179806,-0.0005147119953655895,0.8372989482108129
A,15,19,41,0.9827266834780153,196,695.7193472423675,889.9811025428145,-0.0005409349779870085,0.8564349223834513
A,15,19,42,0.9793978328365309,196,696.1812909124391,890.3993436049118,-0.0005383336176515512,0.8529219910740744
A,15,19,43,0.9840812075944699,196,688.12800193838,882.2059927044692,-0.0005523252133105426,0.8660444444350439
A,15,19,44,0.9857172824434229,196,693.8711825756759,888.0855753850594,-0.0005450710809576569,0.8610202087116574
A,15,19,45,0.9844044457976272,199,705.9045412189171,903.0914292326316,-0.0005261887564466775,0.8454037402341368
A,15,19,46,0.9842595155693535,200,711.4658927106956,910.6298734565148,-0.0005182111659321096,0.8388986599788871
A,15,19,47,0.9858658581870303,200,711.5924638863873,910.7620488646337,-0.0005189875105923845,0.8402113439118764
A,15,19,48,0.983047872046591,200,710.8284534841181,909.8389231289353,-0.0005183649084888639,0.83850973165757
A,15,19,49,0.9796469288115351,200,714.4898059832688,912.6317291811132,-0.0005120800167701129,0.831948498033685
A,15,19,50,0.9788740839838268,200,713.7470029033764,912.6670745431348,-0.0005127937541919363,0.832205272819424
A,15,19,51,0.9788698505440234,200,715.2455772387193,914.481734693633,-0.0005105718605935561,0.8303894364842591
A,15,19,52,0.9782450869990638,200,715.5070797903064,914.6805053651422,-0.0005098345062792001,0.8295229715867851
A,15,19,53,0.9794443951014863,200,714.5158281915285,913.6954023498546,-0.0005117355113103035,0.8315824307840844
A,15,19,54,0.9782763920770767,200,715.1180923539439,914.3013301449877,-0.0005104488334382335,0.8300382281341399
A,15,19,55,0.9837896980860007,200,714.3914635967884,913.4613028497039,-0.000514353630036262,0.8355555884963528
A,15,19,56,0.9883042830459902,199,706.5227241024078,903.5933088356785,-0.0005275695946807459,0.8481844563052507
A,15,19,57,0.9872307249280352,195,686.8541986570488,880.027475666065,-0.0005565296393188847,0.8707113382324869
A,15,19,58,0.9878782440389637,194,684.9267237067969,876.9555462429661,-0.0005604636561778519,0.8740610899122337
A,15,19,59,0.9875594929145892,197,694.8922976687488,890.2166415993386,-0.0005440463719222309,0.8610281197905074
A,15,19,60,0.9818654890587046,200,709.3185409705236,907.6033868186639,-0.0005197609505693944,0.8391407332442645
A,15,19,61,0.9838034419793074,198,704.0146378249118,900.0913973892888,-0.0005289746203021997,0.8473708069865216
A,15,19,62,0.9819920525776394,200,711.0084401164295,909.3239303104733,-0.0005175631937825028,0.8374092458053317
A,15,19,63,0.9820385663824794,200,712.8306650650368,911.8923739732695,-0.0005154648480928435,0.8357218789920207
A,16,20,0,0.9910348379175347,200,709.4678398979282,908.730905127775,-0.0005242373355077517,0.8466693220671918
A,16,20,1,0.984396953135389,200,711.0887473120865,910.1280648001515,-0.0005189788841219439,0.8395811684332661
A,16,20,2,0.9827625186960395,200,710.7524300213482,909.828946944589,-0.0005184419963237627,0.8384513593576985
A,16,20,3,0.9856732675688955,200,706.9713931071853,905.8787524502878,-0.0005248627518449094,0.8448961708237713
A,16,20,4,0.9892058861099841,200,712.0098662193165,911.0438333228766,-0.0005201971863652537,0.8426115606879705
A,16,20,5,0.9909587411490215,200,713.3022940451185,912.4186745525777,-0.0005194180819610948,0.8427186649315399
A,16,20,6,0.9935526304557906,200,714.2871045224837,913.1692246198512,-0.0005196673295304751,0.8440184489230003
A,16,20,7,0.9917593988918936,200,714.0806239355929,913.2031182979443,-0.0005188888004509602,0.8426251520274586
A,16,20,8,0.9904832646919395,195,693.8576330486529,886.9699038244247,-0.0005484860240546295,0.8657792127101813
A,16,20,9,0.9894280916056982,193,685.1269461162923,876.0888647238238,-0.0005618083405965829,0.8757738189543238
A,16,20,10,0.9897457323752118,195,691.7867783823642,884.9840985659634,-0.0005508750200893486,0.8673508310739835
A,16,20,11,0.9879827221037363,198,703.0294795422321,899.1206516932575,-0.0005326755296283189,0.8521403614720013
A,16,20,12,0.9906875770836064,194,686.883245664817,879.109156428638,-0.000558986774653394,0.8741367015999274
A,16,20,13,0.9882118032700306,200,712.2469544657974,911.4575547008864,-0.0005193038031789072,0.8414625274222005
A,16,20,14,0.9853478662542987,200,712.52993557427,911.4943558149461,-0.0005176094406557982,0.8388698461689192
A,16,20,15,0.9872092492178762,200,711.2588170769744,910.1515245004848,-0.0005199581070650433,0.8415703275774051
A,16,20,16,0.9885010999815733,195,691.4798993939263,884.7257782851277,-0.000550729135393317,0.86669259285197
A,16,20,17,0.9894228618142522,198,703.7872626490954,899.9126971369121,-0.0005324035106020059,0.8525394021322072
A,16,20,18,0.9894244637746471,200,712.545656834064,910.7402282726508,-0.0005195548961740718,0.8421803541758206
A,16,20,19,0.9904343927339302,200,712.052527014977,911.0900462678294,-0.0005209055397220462,0.8437082398867892
A,16,20,20,0.9897166629733958,200,714.6210181291672,913.7923775079117,-0.0005170775742192262,0.8402834932753165
A,16,20,21,0.9883253288602097,200,713.8423025625605,912.8403942850704,-0.0005174984713788172,0.8400389765597635
A,16,20,22,0.9881791091149248,200,713.0134369350124,912.0661139304067,-0.0005183766256687463,0.8406930676508116
A,16,20,23,0.9883545795640803,200,713.8417846317898,912.9452870302389,-0.0005173794511150731,0.839954239411524
A,16,20,24,0.9895343927083675,196,693.2837933436444,887.3321685657415,-0.0005481391185814444,0.8651140638937088
A,16,20,25,0.9903348492693063,194,685.2562875147966,877.486468878015,-0.0005612112426709893,0.8757280720151426
A,16,20,26,0.9912550906365036,192,680.8575110472096,870.9208987291689,-0.0005696285969051751,0.8826653406276541
A,16,20,27,0.9892877413947099,199,704.8669852570803,901.9127290921239,-0.0005304360100307864,0.8509182366904824
A,16,20,28,0.9902208434158681,195,693.8002731374663,886.811305773859,-0.0005484385665000211,0.8656273848346294
A,16,20,29,0.9900412247667699,198,703.9456714248687,900.0416234848423,-0.0005326421815673121,0.8529961627347703
A,16,20,30,0.988950383076395,200,712.6056233502273,911.3898799014231,-0.0005192374058609206,0.8417214625165976
A,16,20,31,0.9870978284455609,200,712.707967418462,911.9791682578654,-0.0005180868821424577,0.8399998276255506
A,16,20,32,0.9850250597681626,200,708.8821427041994,907.2413417047046,-0.0005219691185281033,0.8422759855245665
A,16,20,33,0.9886608970153565,198,702.9315338271985,899.102339346913,-0.0005330538407828526,0.8527351928566145
A,16,20,34,0.9889637599060151,200,715.4970402031215,913.5391707892816,-0.0005156099641130184,0.8387662533577553
A,16,20,35,0.9880714950881611,200,713.2591982356573,912.555096675093,-0.000517877941449712,0.8402413766652195
A,16,20,36,0.9876693674047692,200,714.2495195834944,913.3169925546889,-0.0005165587280949555,0.8389950120164971
A,16,20,37,0.9820869790730752,200,713.2781869121485,912.4660888358707,-0.0005148076442486526,0.8352061357877025
A,16,20,38,0.9885345529161795,200,714.4222447256413,913.5416400800701,-0.0005166667401801659,0.8394484751103993
A,16,20,39,0.989427135974063,200,715.7699422357873,914.8347021803655,-0.0005154977025223908,0.8388701080643469
A,16,20,40,0.9874337948902823,200,714.6098474681472,913.695424363277,-0.0005158970272160846,0.838355968575834
A,16,20,41,0.9835032209352874,195,691.4295657773013,884.5801600945483,-0.0005478955412199384,0.8622718547135316
A,16,20,42,0.9762313805192657,197,699.9875152613527,895.1237707814308,-0.0005309569128237478,0.8456866372416285
A,16,20,43,0.9855328454753893,194,680.7054356871042,872.7648331322533,-0.0005652303153221158,0.8767522898250659
A,16,20,44,0.9858983793095428,196,696.3802431738377,890.5862600033001,-0.0005417469580866897,0.8584556369600804
A,16,20,45,0.9856642095463441,198,704.6003250159304,900.6851170826643,-0.0005293352997342392,0.8484584300206337
A,16,20,46,0.9860790869201813,200,712.2026610870877,910.3191878474241,-0.0005183512178925346,0.8397830579850432
A,16,20,47,0.9869078414216229,200,706.9973692765412,906.0272642640931,-0.0005255171135494754,0.8459518767835135
A,16,20,48,0.9856809954404459,200,707.9788673689434,906.2254977183691,-0.0005235384912290905,0.8438265939761784
A,16,20,49,0.9819528503759573,200,714.0064262122678,913.157319217462,-0.0005137601467264542,0.834295451203795
A,16,20,50,0.9772026325760989,200,716.5787455775421,915.8218538206438,-0.0005080343153014571,0.8276110681911977
A,16,20,51,0.9802134960247264,200,713.8803179278133,913.1157687030867,-0.0005129955553288058,0.8329362613320743
A,16,20,52,0.9782705045348913,200,714.8827777366428,914.0035105470234,-0.0005107117182606609,0.8302501891934793
A,16,20,53,0.9793799972684335,200,714.3828544204911,913.4775928842057,-0.0005120077145851887,0.8317774159720563
A,16,20,54,0.9777499809514201,200,715.5197050034118,914.5333365083986,-0.000509686149666119,0.8291925479014013
A,16,20,55,0.986713423689585,200,711.6173044267041,910.6749645086041,-0.0005194133907618955,0.8409166819011047
A,16,20,56,0.9885103926032248,200,709.2078360193004,907.3264485711086,-0.0005235407876563487,0.8450324240654312
A,16,20,57,0.9871663065047144,195,689.0753476969433,882.2058089307034,-0.0005533081560224478,0.868146523669478
A,16,20,58,0.9887799624827227,194,685.47925083487,877.6857417563241,-0.0005600295668233709,0.8741176503503365
A,16,20,59,0.9879859003668297,197,692.1655826720188,887.4355442051484,-0.0005480173617242544,0.864366658066561
A,16,20,60,0.9797371547819294,200,710.5851082307752,908.8257960262179,-0.0005170533610752478,0.8360380107210565
A,16,20,61,0.9807751858272783,198,702.1396962544296,898.2540441947185,-0.0005299819368792758,0.846881716944428
A,16,20,62,0.9822667862233478,200,709.0674882045944,907.2988909923649,-0.0005202227268192769,0.839686006613257
A,16,20,63,0.9816878024428077,200,712.3651248373974,911.5622838418918,-0.000515651940153371,0.8357258015621836
A,17,21,0,1.976282846485855,200,712.2910359926698,911.3286972039972,-0.0010385183371650957,1.6827889827786398
A,17,21,1,1.9702546989373586,200,712.6311918106587,911.9255215068462,-0.001034422902537291,1.676909414003674
A,17,21,2,1.9726247242840078,200,709.9417179765987,907.6669844840534,-0.0010426004032826823,1.684561361483408
A,17,21,3,1.9735274029102563,200,711.3161054792578,910.5883189087533,-0.001039412353642558,1.6823574511339934
A,17,21,4,1.9804229778027491,200,713.9147572916988,912.890987293069,-0.00103628440280829,1.6827288086324652
A,17,21,5,1.982804444079503,200,714.4170975970006,913.6983928995519,-0.00103610284682768,1.6835861072730527
A,17,21,6,1.9855875455947825,200,712.7507741051699,911.8926092609889,-0.0010422465970686494,1.6897735734180326
A,17,21,7,1.9840898660095054,200,715.1080645815963,914.0730450858085,-0.0010353761241729514,1.6835336523282294
A,17,21,8,1.983734953163766,195,691.633034231758,883.4072785716924,-0.0011050480899785142,1.7391589187599412
A,17,21,9,1.9820023229447348,193,684.7673163624557,874.6035895480738,-0.0011262681132925881,1.7550076402572752
A,17,21,10,1.9823779633202387,195,691.282555881547,883.232762527175,-0.0011051132381467881,1.738618850319712
A,17,21,11,1.9848066686047423,195,687.195368219114,879.1836316761572,-0.001118030658842408,1.7498682403005283
A,17,21,12,1.9838132326986537,199,702.4362803234062,898.5205563436061,-0.0010693201766524003,1.7108815644324697
A,17,21,13,1.9772945775970687,200,711.5188001582701,910.2297923065021,-0.0010407361008263852,1.6850304070139495
A,17,21,14,1.9717463857730833,200,714.1014526513966,911.5320483908301,-0.0010318750953041895,1.6754582487883303
A,17,21,15,1.9757184819889326,200,711.1741153055887,908.1251557734797,-0.0010413529146345638,1.684857993820836
A,17,21,16,1.97396856955556,196,692.122594213909,885.1445866552375,-0.001096376654892518,1.7280845187660354
A,17,21,17,1.9785985796313414,199,705.0264488173837,901.0637256838709,-0.0010597312848027907,1.7009251861674748
A,17,21,18,1.9822496458525423,200,711.6996396833857,910.6081816348124,-0.0010433090586201442,1.6892254778170877
A,17,21,19,1.9800305804145282,200,713.0868269817818,912.2696808191112,-0.001038399357251265,1.6842868919874578
A,17,21,20,1.9779772889886185,200,713.5474884612199,912.8149140257563,-0.0010359491984600552,1.6814199268618055
A,17,21,21,1.9739398356135027,200,713.6601002722416,912.8520872439325,-0.0010336235231638241,1.6778153717631121
A,17,21,22,1.976154991492378,200,715.8853082730536,915.2051098516959,-0.001028693639987007,1.674722988116724
A,17,21,23,1.9755479788455466,200,711.0448665828192,910.3137911012266,-0.001040819153247309,1.6843563598455988
A,17,21,24,1.9822818593987641,195,691.9165506498151,883.8398169067228,-0.001103037079450889,1.7369343408187516
A,17,21,25,1.9774759176050138,195,688.4417318129364,880.2118248729125,-0.0011104594131678403,1.740696065172819
A,17,21,26,1.9803120182488605,195,684.4622953696613,876.243305861469,-0.0011238552805443993,1.7524663816070607
A,17,21,27,1.9756383471513022,197,696.2727881102392,890.1322728826646,-0.001084581559185162,1.7194844918010768
A,17,21,28,1.981918530290685,196,692.4871428874566,885.5289044641681,-0.0010997672938185253,1.7342330119282594
A,17,21,29,1.9830534926969319,198,704.3189510195758,899.2490522388415,-0.001066020489120747,1.7078562254373488
A,17,21,30,1.9816464988373816,200,713.5527924505877,910.4020639472634,-0.0010383646677726073,1.6849353003623135
A,17,21,31,1.976867357061142,200,714.1318036668563,913.3667546423346,-0.0010340042061142787,1.6793631471665171
A,17,21,32,1.975991291552391,200,704.6218932388274,901.4701057587679,-0.0010586707181994305,1.6989980454997569
A,17,21,33,1.982072512851414,198,702.3301212880847,897.2681780697221,-0.0010703956143233463,1.7109535017091346
A,17,21,34,1.9823952222519403,200,712.9511333725211,911.9160666743298,-0.0010397976414653562,1.686427008922359
A,17,21,35,1.9815587702869162,200,715.1439904521579,914.4888629724641,-0.0010334594276300395,1.6809004653053223
A,17,21,36,1.9753764167653232,200,713.387792461093,912.6074546198804,-0.0010350852334966613,1.679615140055021
A,17,21,37,1.9742608075821921,200,713.0490947624095,912.0809070629799,-0.0010356867701932758,1.6796328252807038
A,17,21,38,1.9804183398330084,200,715.5595074051852,914.8162815040907,-0.0010322004480652258,1.6793896442187077
A,17,21,39,1.982192288197156,200,716.1165302843823,915.3203093118998,-0.0010317020013580118,1.6797291499713785
A,17,21,40,1.9748941092604944,200,717.3066638589778,915.8883633400882,-0.0010250583657501972,1.671215546645981
A,17,21,41,1.9699828073063348,195,693.0451457439056,884.8099039223702,-0.0010934518339256176,1.72398640432344
A,17,21,42,1.9560320255731782,197,702.3179144229053,896.2468925381008,-0.0010575848905923257,1.689437224148395
A,17,21,43,1.9710461579177208,195,687.1916661695014,879.0489571470144,-0.0011105042268368026,1.7379131867888264
A,17,21,44,1.9712850517027094,197,697.7144242995506,891.5525480093329,-0.001079018151175759,1.7131637259894348
A,17,21,45,1.97091935230726,198,704.3407760996254,899.0272665499724,-0.001059476584235147,1.6973887343196266
A,17,21,46,1.9733302444699816,200,713.7718535255146,910.5753596431194,-0.0010337344008180215,1.6776418475566792
A,17,21,47,1.974057403591265,200,712.4605568772992,911.4636053684268,-0.001036660294897517,1.6803410718357268
A,17,21,48,1.97345126276506,200,707.4539392540009,906.252390112854,-0.0010492771466893338,1.690329125672791
A,17,21,49,1.9603976908212104,200,714.8437426585334,914.0909193432076,-0.0010235867136438852,1.663900795762089
A,17,21,50,1.9594837454955065,200,715.603194827458,914.6160874918984,-0.0010213716795713483,1.6617051705718346
A,17,21,51,1.9650628178016656,200,713.7068492864253,913.0133937552072,-0.0010288283197494108,1.670151477674104
A,17,21,52,1.9586276939857246,200,715.218351364461,914.3976398750118,-0.0010218398410728395,1.6617260128035563
A,17,21,53,1.9608914252176544,200,714.3758460301596,913.4337995614065,-0.0010251566881999076,1.6653905518746857
A,17,21,54,1.9739738865789593,200,707.3505481021276,906.472300686104,-0.0010502474478669504,1.6913374585716725
A,17,21,55,1.9665354196036142,200,715.4323423017781,914.5713186182452,-0.0010255427825529263,1.6680894715770647
A,17,21,56,1.976629387578868,199,708.6201816614571,904.4819033010081,-0.0010495138579398,1.691825071784355
A,17,21,57,1.9705152432340958,195,692.0888290201125,884.0383240231799,-0.0010960000816993846,1.7262365413711118
A,17,21,58,1.9760870471884278,195,686.6022667456675,878.345525117455,-0.001115141865509955,1.7437714465941716
A,17,21,59,1.9741691262422596,197,692.3223539270846,886.2649953315808,-0.001094767069122137,1.7269420174544512
A,17,21,60,1.9608199723487822,200,709.9313967664527,907.0743025653736,-0.0010363612817348873,1.6744777850469723
A,17,21,61,1.9638835174738623,198,704.4890459640562,899.6337816692385,-0.0010545811906479184,1.6904331539883624
A,17,21,62,1.9654048690301325,200,710.4665171317422,907.5785885995335,-0.0010373988862678962,1.6772676313305728
A,17,21,63,1.960641108264298,200,713.3254921915491,912.5471442133515,-0.0010272802796347693,1.667018406535449
A,18,22,0,3.946469750574621,200,710.4086227624628,909.4435676248446,-0.002083619623257748,3.3683437419790474
A,18,22,1,3.942198198962513,200,712.6389483262644,911.7916243218975,-0.002068915049274923,3.3545987531687254
A,18,22,2,3.9516598922902126,200,713.8398398602874,907.9409414680217,-0.0020699716698986243,3.3594114814915157
A,18,22,3,3.9521158937095007,200,713.7166654916047,913.0848655083327,-0.0020689003648653934,3.3587879884117533
A,18,22,4,3.959089274674873,200,714.8652657655875,913.7236449508547,-0.002066927731426639,3.3601155148038986
A,18,22,5,3.972837635807299,200,712.9093055817801,912.2123168365337,-0.0020842945376157384,3.3801046885945727
A,18,22,6,3.97228576543154,200,714.7923484510248,914.1241219680901,-0.002074841320678162,3.372157174787242
A,18,22,7,3.9727436568035963,200,714.1187423369862,913.74460462979,-0.0020777597326051625,3.3747308050554743
A,18,22,8,3.9666730281989446,196,694.9134571815707,885.1406702726114,-0.0021895210100035083,3.4617195617786334
A,18,22,9,3.9665487280758542,193,681.2402136819882,868.4798613160059,-0.002276119531161558,3.529528598879975
A,18,22,10,3.9725179858633366,195,688.6631086394051,877.885888739282,-0.002230436324440762,3.49654444648148
A,18,22,11,3.9801539010436975,193,681.0521877831721,868.2943753180205,-0.002285123983542445,3.5425705173053172
A,18,22,12,3.9441882324972677,200,713.1218717406755,912.3903281246472,-0.002068339647000311,3.3549757783172187
A,18,22,13,3.9467671111549127,199,707.5905564589561,900.551438439282,-0.002103638175299221,3.384578508624153
A,18,22,14,3.939336627490347,200,713.1738510461145,908.0785331480705,-0.0020680745833152026,3.352660390232707
A,18,22,15,3.955270793280847,199,708.5983977369546,901.5610933393783,-0.002102454175349488,3.3872512282324436
A,18,22,16,3.9542431981598964,197,698.9832854812432,890.1016010670303,-0.0021575374935504307,3.4309404025316876
A,18,22,17,3.962166181193718,200,706.208053526694,900.3289329030405,-0.0021156172904281227,3.400925008591755
A,18,22,18,3.9591701783571662,200,712.6767183407397,911.3059190373576,-0.002078066794953333,3.3692396157748803
A,18,22,19,3.958263367795976,200,711.432820706686,910.490724795656,-0.0020846604640116185,3.3742280603106227
A,18,22,20,3.956493041474212,200,710.8028529774979,910.2600349670406,-0.002086133030582291,3.3746731090612325
A,18,22,21,3.9512221886651657,200,713.1334225343612,912.5193594079486,-0.0020715897924655684,3.36060090711093
A,18,22,22,3.950680855063817,200,715.0538680735548,914.3841869898334,-0.0020618961872687115,3.352458232430009
A,18,22,23,3.951673792080073,200,715.5667150249824,914.7066110745451,-0.0020594035430672544,3.3508376059868663
A,18,22,24,3.9605212187041903,196,695.0706453727737,885.608901859451,-0.00218352455571709,3.454281067241077
A,18,22,25,3.957512734767979,195,688.424912850952,877.9259173037752,-0.002222399876493462,3.4836423565217904
A,18,22,26,3.9485837943264617,196,692.6903696250631,883.1961485951147,-0.002190217025437177,3.454405906017681
A,18,22,27,3.9597269530456543,196,695.5272934794497,885.8753373065828,-0.0021818131994992495,3.452574807119279
A,18,22,28,3.9586984955696143,196,693.4634576316538,883.724125839191,-0.002192518563134327,3.460631717907315
A,18,22,29,3.960300217531252,198,704.3645114590724,896.6384814796716,-0.0021289483086386254,3.41070190289663
A,18,22,30,3.9632401319091413,200,710.5980778254473,905.117802147825,-0.0020913725304476595,3.3817357536813906
A,18,22,31,3.9562183987842765,200,710.6322491189886,909.4299702721053,-0.0020875367340638215,3.3756984912869314
A,18,22,32,3.9478573089782363,200,710.5103545915003,904.9574738037165,-0.002084854379718498,3.369909012062224
A,18,22,33,3.9627161919840104,199,708.1833010145128,901.3225977393953,-0.002107352670168194,3.39438489158953
A,18,22,34,3.9571851453237517,200,713.5940481400415,912.0351428157111,-0.0020726667183054914,3.3639908107056953
A,18,22,35,3.9539741160782036,200,712.6091897844744,912.3105022280508,-0.002075296717093542,3.364786514874415
A,18,22,36,3.9510487874655436,200,713.8826879065638,913.1389778009976,-0.0020679844204562624,3.3575884293501064
A,18,22,37,3.937783360200675,200,714.2525318934004,913.608690564223,-0.0020583590201669133,3.344123491421231
A,18,22,38,3.9573726328975996,200,714.7340952741674,914.0237918205544,-0.0020669278564082174,3.3593953053744876
A,18,22,39,3.9574816240633877,200,716.9371834486757,916.1156203203342,-0.002055575147797574,3.350154511647743
A,18,22,40,3.9545027846689096,200,714.4186456597396,911.8975097297255,-0.00206705422318481,3.3582682422681183
A,18,22,41,3.9433714692490107,195,692.8671561827546,882.0768626429028,-0.0021910747339211004,3.452725582220344
A,18,22,42,3.920438919174881,198,703.6946363154377,895.7855645351449,-0.002111603192195285,3.3796582224548675
A,18,22,43,3.9424218330844227,195,688.5139537875632,877.7179618809926,-0.0022147163995439945,3.470985195506126
A,18,22,44,3.9422616572777223,197,697.886849698813,889.3005187387132,-0.0021571862876866876,3.425484754427926
A,18,22,45,3.9524250495866045,199,705.7063284773462,899.0212421554119,-0.0021156344319283324,3.3966864064484654
A,18,22,46,3.9482946460783355,200,714.7799597620867,909.2330860202768,-0.00206343993759503,3.352653015565424
A,18,22,47,3.944286662400159,200,713.4222677340135,911.8616900561772,-0.002067249180898133,3.354116996624824
A,18,22,48,3.9467187317048578,200,709.3018529393668,906.9194672451713,-0.0020901703283270163,3.3737845323527242
A,18,22,49,3.9268482633629933,200,711.9860402360667,911.141567202331,-0.002063327364553433,3.3435488606700687
A,18,22,50,3.9165416201811145,200,714.9141932012532,913.5934099546038,-0.002044524987994867,3.323849564820959
A,18,22,51,3.9313983163431225,200,713.5328619718015,913.0880173723834,-0.002058400818214166,3.3414603634742965
A,18,22,52,3.9293414161300686,200,715.3775443564,914.6093981925595,-0.002048946814260678,3.3328720794570756
A,18,22,53,3.9186087456589265,200,714.2562463301938,913.4442868758604,-0.002048853661160246,3.3282675714954753
A,18,22,54,3.9574248487179475,200,708.8457264330353,908.3712446765429,-0.0020958696231983187,3.3829774107627513
A,18,22,55,3.930335171861132,200,715.2741452265028,914.4272882791151,-0.002049988356491372,3.334136993130331
A,18,22,56,3.9528559361805655,200,711.7688700280821,906.0005971781952,-0.002080856732908783,3.3687794942291758
A,18,22,57,3.9503533617353015,195,690.5663425890673,879.7272457263907,-0.0022083436457615764,3.4694261359059677
A,18,22,58,3.9525102607925096,195,690.0311549271422,879.2583331542961,-0.0022116344642635374,3.4729654869164683
A,18,22,59,3.951429832724362,197,695.7077440967414,886.9795193518102,-0.0021735911709761784,3.442528074953394
A,18,22,60,3.9272318022387154,200,711.2624986031378,906.4400684093451,-0.002069730282433085,3.348876058374608
A,18,22,61,3.9301582483835005,199,705.4702911895967,898.6444485963353,-0.0021047258813432458,3.3783688698846532
A,18,22,62,3.929424938041971,199,710.731045953968,904.0285090712567,-0.0020759884924447473,3.354795140321438
A,18,22,63,3.913919505978495,200,712.18297439643,911.2735935288275,-0.0020563438819250894,3.332383365576989
B,1,25,0,1.9726382533539641,200,712.9827050936125,912.1059332552385,-0.0010345485493032764,1.6780134736038979
B,1,25,1,1.9757466237562664,196,698.3332042992545,891.1875418297938,-0.0010805449825197957,1.7162716926836579
B,1,25,2,1.9743193398256675,199,709.2509154562433,905.2102538371837,-0.0010465037011529903,1.6884030951504319
B,1,25,3,1.9699722498327221,200,712.3593567276645,910.8946974111275,-0.0010349381586845265,1.6772069717833016
B,1,25,4,1.9741504940209427,200,708.0692592551488,904.9156968635795,-0.001048425940263638,1.6899321782093377
B,1,25,5,1.9719168990181508,200,711.9910080640777,911.2145052834633,-0.0010370900357716234,1.6797851394737418
B,1,25,6,1.9739026696539108,200,712.9150036466418,912.106990630812,-0.00103599511132238,1.6797335023023474
B,1,25,7,1.9811675992060984,200,708.1953637856888,907.498386231977,-0.001051544721163331,1.6954537908090046
B,1,25,8,1.9693176780988109,198,707.8655774969691,902.945376104477,-0.0010490060550642612,1.6882555978937315
B,1,25,9,1.9789524164599128,196,694.8084027216055,887.4134061217135,-0.001092595749858241,1.727252395688888
B,1,25,10,1.9758398941622237,197,698.8224497395669,892.9502169771342,-0.001077491906972853,1.7139133660681347
B,1,25,11,1.979500810099193,199,707.0160052774487,902.7808335890913,-0.0010556091595055677,1.6979814654910848
B,1,25,12,1.9747274999724043,200,713.4965693591671,912.5674653615615,-0.0010343269472904066,1.6787233579704306
B,1,25,13,1.9707812371759785,200,711.4957213104078,910.5519314206108,-0.0010374200474595828,1.6795711909646842
B,1,25,14,1.9666965329957697,200,713.8964404967254,913.1644026315472,-0.0010291173469446596,1.6710768125280995
B,1,25,15,1.9642015802917032,200,714.27147860653,913.5044982600745,-0.0010269968280440084,1.668291914424897
B,1,25,16,1.9587198040455016,198,705.1314225499523,900.0303533177214,-0.001050728180610627,1.6851179373806424
B,1,25,17,1.9608016608592966,196,698.6389699845392,891.5265736706388,-0.0010712956247031801,1.7024258372951278
B,1,25,18,1.9716121291674658,197,697.6560423258152,891.4403990103823,-0.0010790362166435406,1.7133207533796635
B,1,25,19,1.9765889836253139,198,698.2490470742052,893.1470205727568,-0.0010786082892208539,1.7151739564339814
B,1,25,20,1.9780168973402876,200,709.9596572186857,906.9295093266971,-0.0010454182054859076,1.6891369933020237
B,1,25,21,1.9771483328352584,200,712.5731267898691,911.7287630675123,-0.001038028057561856,1.6827649632207962
B,1,25,22,1.9741944072104545,200,713.9120617867137,913.2341743318951,-0.0010330064940361325,1.6774173547350966
B,1,25,23,1.9698556645596144,200,716.9836547831669,916.0808465461963,-0.0010227543797684468,1.6672057107229317
B,1,25,24,1.9694993760449027,200,711.0606458466291,909.3086642442361,-0.001038154347437572,1.6796229537495895
B,1,25,25,1.973997943281732,195,689.7972408362212,881.5666838706521,-0.001104742718761628,1.7346659009197185
B,1,25,26,1.9778315022268553,197,697.9704515020563,891.807185911392,-0.0010812557934697681,1.7177813002040652
B,1,25,27,1.9762754687799433,199,706.5111146799144,902.3148407988125,-0.0010550509402442144,1.6961537877732837
B,1,25,28,1.9748659531196917,200,707.0019960512736,906.1512284461319,-0.0010517032012230772,1.6928964509925988
B,1,25,29,1.9595119051339476,200,713.4593565780242,912.7352292003194,-0.001026537866471664,1.6659348079037146
B,1,25,30,1.9501224573587208,200,715.525407626804,914.8905649374847,-0.0010164476615367232,1.6537292562750772
B,1,25,31,1.954741516356749,200,714.6281721441269,913.8409605498234,-0.001021122801719731,1.659499678846924
B,1,25,32,1.9521708918093508,200,710.3550420201376,907.2047689475164,-0.0010309401117658214,1.6664006192513576
B,1,25,33,1.9608838038790986,197,693.3334220704394,887.4618962062578,-0.0010845144104354623,1.7130321381648868
B,1,25,34,1.9671880182411938,197,697.6654135067281,891.6382907831004,-0.001076205782300221,1.7091501391806054
B,1,25,35,1.9692970059446733,200,706.5660220787689,903.4521667926367,-0.001049917191140741,1.6890700252693407
B,1,25,36,1.9676993760656154,200,714.5846506154007,912.1724765599049,-0.001028638158397654,1.671104839720103
B,1,25,37,1.9694232926710207,200,714.6430719742445,913.5603923645117,-0.0010289298579867828,1.6720770696703426
B,1,25,38,1.9630903969486369,200,711.6346336919767,910.9083074006489,-0.0010331870122592213,1.6728661112778662
B,1,25,39,1.9539457095435302,200,716.5360825864899,915.6945441509989,-0.0010158388924329446,1.654842503532016
B,1,25,40,1.9531020399480372,200,716.5932437647278,914.0943859404925,-0.001015885776018961,1.6545225763455158
B,1,25,41,1.9534557691551107,197,701.5312834710817,895.4089540050754,-0.0010582392400586573,1.688855113907163
B,1,25,42,1.9498249001186072,198,705.8845331506236,900.7258040252625,-0.0010435865782258652,1.675553915699556
B,1,25,43,1.9551782187146416,199,709.4898555965152,905.3215263786728,-0.0010362201329728463,1.6719216579414327
B,1,25,44,1.9570672035053585,200,715.9398789732885,912.8234585454097,-0.0010192371446292683,1.6589336384972775
B,1,25,45,1.9554644851856424,200,715.7053152361118,914.9507038586426,-0.0010186617799908294,1.6577938811578177
B,1,25,46,1.9602223669038539,200,714.7139170289894,914.09595189536,-0.001023826932671929,1.6640240376606688
B,1,25,47,1.962710453193606,200,715.9903296045388,915.394510955761,-0.0010214906460483749,1.6631625022805
B,1,25,48,1.9751257053935505,199,706.8481132996457,902.7389922550677,-0.0010533652449388393,1.6943005486976603
B,1,25,49,1.965361012296269,200,712.3050594004533,909.2650170905431,-0.0010328158932755036,1.673521034025929
B,1,25,50,1.961502535859741,200,712.4596813409801,909.2465541089036,-0.0010303320697367003,1.6698632693933075
B,1,25,51,1.9580342669098763,200,714.6514745626654,911.7304584216829,-0.0010227429692981436,1.6622061121795992
B,1,25,52,1.958976650849793,200,714.0337350463263,912.7626148078187,-0.0010247447589376815,1.6642459281576842
B,1,25,53,1.9722105202113305,200,710.3878332694143,908.6473382586572,-0.0010410524951863685,1.6831286038750364
B,1,25,54,1.9730631504487945,200,710.5547619766901,909.7737259086127,-0.0010412174620554558,1.683627624469793
B,1,25,55,1.9753409896865908,200,711.2738108729716,910.4037070669239,-0.0010408571960977692,1.6842997068897625
B,1,25,56,1.9734965383765009,200,711.5217420729915,910.8354252531077,-0.0010389759892567272,1.6819889400069745
B,1,25,57,1.9684912655140532,198,699.0947333907025,893.8625955121406,-0.0010719651114203693,1.7063678871793981
B,1,25,58,1.9696762354270583,199,702.9097475630477,898.6701955370045,-0.0010611030840523702,1.6982088782908693
B,1,25,59,1.9629549896277854,200,711.5307857959577,908.5996449725532,-0.0010334312133053398,1.6730018016731503
B,1,25,60,1.9608630857353009,200,714.4262331382511,912.2255093719149,-0.0010247905275163898,1.6650766682429539
B,1,25,61,1.965453216161019,200,713.7252865495584,912.7132675671738,-0.0010290568356822166,1.670501757451495
B,1,25,62,1.9681331264770188,200,713.6660739464912,912.9321261794304,-0.0010305297450398404,1.6728376966080876
B,1,25,63,1.9786288788305746,200,711.9826552520732,909.0165943447067,-0.0010403350467839355,1.685263356788087
B,2,26,0,0.9867925434502621,200,711.3693915327711,910.36806556175,-0.0005198004920327452,0.8412633489472041
B,2,26,1,0.9873968789817692,196,696.5377164707226,890.7189135329634,-0.0005424387429554767,0.8596558263489888
B,2,26,2,0.9856684269078122,199,710.2689108810318,907.3269785670064,-0.0005211902093706758,0.8418955806671903
B,2,26,3,0.9844438668674712,200,710.2254563074887,908.4985071852228,-0.0005199689451665221,0.8404052563725783
B,2,26,4,0.9868266853275044,200,708.084677971132,906.3404766394497,-0.0005240052429620441,0.844692625445649
B,2,26,5,0.9850965717473269,200,713.4477395195237,912.7034734891716,-0.0005159861019705735,0.8374402684956922
B,2,26,6,0.9838103098386,200,716.8481454276289,916.0161987682249,-0.0005111103581460919,0.8329127324495323
B,2,26,7,0.991291098314161,200,707.0038064395557,906.1343791380579,-0.000527894786468743,0.8497445539961617
B,2,26,8,0.9859084447397335,199,706.4516201627322,903.6346944535268,-0.0005263748311386092,0.8461963699073944
B,2,26,9,0.9874458384590628,195,694.0553128259253,887.3107707559302,-0.0005464425687301303,0.8628373591466987
B,2,26,10,0.9897859114199928,196,695.8694127262689,890.0687622744312,-0.0005446027977281605,0.8624136478688593
B,2,26,11,0.9910100101433368,199,705.2124108336197,902.4901127282349,-0.0005305534781163596,0.8517497318890342
B,2,26,12,0.988039234432432,200,712.801613892583,912.1263996715386,-0.0005183968540515344,0.8406511732353737
B,2,26,13,0.9847507440627723,200,713.0195934112693,912.1502936000419,-0.0005165088330104198,0.8377203149061437
B,2,26,14,0.9824113766258818,200,715.2950136847586,914.4424029815718,-0.000512407552752789,0.833384128257295
B,2,26,15,0.9820361499390787,200,713.882850219874,912.8445152347728,-0.0005141412131656879,0.8346413884213454
B,2,26,16,0.979947626165287,198,706.2192851189968,902.5217255468921,-0.0005239853477923898,0.841698979976949
B,2,26,17,0.9823361253067187,196,696.4748923811512,890.6313617241829,-0.0005396925123412843,0.8552764734717668
B,2,26,18,0.9852820032353292,197,699.0675473885848,894.1666330991776,-0.0005371600789269572,0.8545516093345273
B,2,26,19,0.9888657235433803,198,698.7839449554746,894.9695139626781,-0.0005388522569644914,0.85747268749052
B,2,26,20,0.9895545342050871,200,710.0904787500847,908.1540820577915,-0.0005229845310509083,0.84502489928071
B,2,26,21,0.9886056440768198,200,715.3398976814244,914.3852076938185,-0.0005156130183869171,0.8386182252164096
B,2,26,22,0.9895107735056711,200,714.0330260157061,912.98437513689,-0.0005178806257914337,0.8408519928074754
B,2,26,23,0.988806857136374,200,711.6785989218598,910.6868004770896,-0.0005206152205780137,0.8427818528582172
B,2,26,24,0.9848477392828158,200,710.0320411916374,909.2126684244613,-0.0005204616751587547,0.8409778396528576
B,2,26,25,0.9868562672566518,194,688.627130509052,880.9328332441534,-0.0005543299535950445,0.8687931184916713
B,2,26,26,0.9880827874641381,196,696.9119547701765,891.1870502590187,-0.0005421901345742119,0.859754538714564
B,2,26,27,0.9885534984005006,199,707.3472000784227,904.5869103252852,-0.0005265087034563741,0.8474332612955513
B,2,26,28,0.9869347212875024,200,714.3503035001273,913.5425027182848,-0.0005160023623820117,0.8382310045567547
B,2,26,29,0.982502549351421,200,710.5070886426605,909.5622930272855,-0.0005186262220441752,0.8384899546814379
B,2,26,30,0.9774474183333073,200,711.7176635030263,910.6475031270628,-0.0005144623278220551,0.8329599406079269
B,2,26,31,0.9754595010393269,200,713.8816274929422,912.8849325367581,-0.0005107095793486306,0.8290610245506402
B,2,26,32,0.9761216478632474,199,706.7438974850431,903.8274236254337,-0.0005205871960149629,0.8373422973713487
B,2,26,33,0.9791461811517188,198,704.4897701771812,900.6114846802454,-0.0005258619125801629,0.8428695957446839
B,2,26,34,0.9781657134810836,198,702.413932652813,898.5480381823484,-0.0005282666926104614,0.8443832000397828
B,2,26,35,0.9809792395324235,199,709.7701438503238,906.9766951988704,-0.0005193024681695683,0.8383708148598508
B,2,26,36,0.983470314790099,200,711.9450668366073,910.1571603396854,-0.0005172167831621435,0.8377543002103872
B,2,26,37,0.9862443446609312,200,706.8642680213854,906.09823748108,-0.0005252813762135814,0.8454782777245837
B,2,26,38,0.9844815291465815,200,707.2052591472612,906.3854305572243,-0.0005238565954463214,0.8435733952658993
B,2,26,39,0.9777501869331487,200,716.8172660628585,916.0393429666467,-0.0005080950008156955,0.8278908239057966
B,2,26,40,0.9791915950638328,200,713.1127009893369,911.7346517818509,-0.0005134947260763106,0.8329110910211988
B,2,26,41,0.9768465462280614,196,699.1432686911811,893.1724926132222,-0.000533140754292158,0.8476766541596579
B,2,26,42,0.9769511231283604,197,703.1113492458662,898.38605608656,-0.0005271746650115054,0.8429627899576068
B,2,26,43,0.9771830243180649,198,708.671890615649,904.8174199286192,-0.0005194929441433311,0.8368878457542037
B,2,26,44,0.9791050470878541,200,713.1585042092236,911.4067369488142,-0.0005133134541160415,0.8327261964037023
B,2,26,45,0.9783053220607516,200,714.7345232811787,913.7510116158318,-0.00051103180044817,0.8305270936573605
B,2,26,46,0.9779196052045521,200,716.5681718292527,915.7551760584383,-0.0005083332619071116,0.8281580519809313
B,2,26,47,0.9827540324603076,200,713.903936771115,912.9824009863793,-0.000514375093529098,0.8351355241278254
B,2,26,48,0.9879124289175898,199,708.854450225796,906.0433676409699,-0.0005242113988989183,0.8453000059861897
B,2,26,49,0.9826025756837102,199,705.9164200154069,903.0899209589554,-0.0005252839458175061,0.8439024284474493
B,2,26,50,0.9777782376249372,200,712.7766154460592,910.882805303997,-0.000513204490410458,0.8320758830826891
B,2,26,51,0.9779439010958296,200,713.5505352215737,911.7212391823507,-0.0005122654458680428,0.8313805174883705
B,2,26,52,0.9797001159883659,200,714.5349521364428,913.6215373547362,-0.0005119731373162519,0.8318850622471976
B,2,26,53,0.97740333016396,200,714.789522588108,914.011369213682,-0.0005103708242736162,0.8296062202919988
B,2,26,54,0.9829237030937585,200,710.8807308809613,909.9849324756163,-0.0005182810802525979,0.8383887591626249
B,2,26,55,0.9880210320441029,200,710.5012372972013,909.5649491099936,-0.0005216394682806311,0.8432818755415648
B,2,26,56,0.9878666546672613,200,710.4175877813645,909.6999736166279,-0.0005214520972551241,0.8430637111548167
B,2,26,57,0.9874681499981374,197,693.0172317543746,888.1315378897924,-0.0005467962225362138,0.8631723996834184
B,2,26,58,0.9829293817058042,200,707.9132846175606,906.161826938195,-0.0005220209781316272,0.8414256621091118
B,2,26,59,0.981285191651466,198,705.7280682625274,902.0099329071003,-0.0005253095771846913,0.8433393729396198
B,2,26,60,0.9831144084412617,200,714.1193618346949,912.2696153183414,-0.0005143334063055519,0.8352535468692546
B,2,26,61,0.9822724479806365,200,713.9747453002287,913.1664857857182,-0.0005139213500657773,0.8345618395458101
B,2,26,62,0.9812850647912281,200,712.2180958353158,911.1914163162186,-0.0005157743561438344,0.8356546213251104
B,2,26,63,0.9894031048995704,199,709.691872845141,906.7876523265974,-0.0005239991225725482,0.8457622377079095
B,3,27,0,3.9438561435487944,200,713.1654289887549,912.0705733375172,-0.002068540468443835,3.354968658600828
B,3,27,1,3.954101029912153,198,704.2473549290355,896.3675668483957,-0.002127480220072633,3.4068651568954214
B,3,27,2,3.9362498500809737,200,713.4140506888027,909.4460171102334,-0.002062551862737632,3.346863050206542
B,3,27,3,3.946230238597489,200,713.3387903134385,909.2514711942786,-0.0020683702185293087,3.3558266374979975
B,3,27,4,3.946550065792257,200,713.227715329645,910.7132546811318,-0.002068624378353723,3.356188384441727
B,3,27,5,3.9619456772974453,200,717.0852943353409,911.4659760939943,-0.0020586936613318572,3.354529953801218
B,3,27,6,3.9418831149806404,200,716.5508427134281,916.2326784804379,-0.0020480520305744617,3.3374222825971174
B,3,27,7,3.9595841472419604,200,715.3359370761771,914.8203097524608,-0.0020634796235573906,3.3575130402573423
B,3,27,8,3.9445600867982784,198,705.709018734016,897.8522530196653,-0.002113704636038142,3.391680852232591
B,3,27,9,3.952250181092624,196,698.291424837298,888.5568934231188,-0.0021625922185392497,3.4340245612172735
B,3,27,10,3.9554545110460375,197,700.3244546137032,891.5649428482562,-0.0021510678258680744,3.4262881942510877
B,3,27,11,3.9565628520474134,199,706.1617770857814,899.2053879585541,-0.00211502133703638,3.3979606518229333
B,3,27,12,3.951982764172812,200,710.8591168519217,908.2389347053379,-0.002084070533357802,3.371064133457745
B,3,27,13,3.9409283121104903,200,712.4446991363806,911.6131014829907,-0.002068802925140813,3.3539731944701883
B,3,27,14,3.938726291759851,200,713.1512681949049,912.5536860507325,-0.0020641596992224064,3.349257574222774
B,3,27,15,3.938132613716743,200,714.6569566494356,914.151603305803,-0.0020568864033939475,3.343070661431369
B,3,27,16,3.9276313565468803,198,707.0346394065006,899.2967773288051,-0.0020974427605562826,3.371319716159214
B,3,27,17,3.9349663459889914,197,701.8594710593703,893.1665472290606,-0.002131353617411813,3.4016711851725447
B,3,27,18,3.946660737611831,198,701.1489845507541,893.5050416050178,-0.0021383366267654974,3.4123891136084117
B,3,27,19,3.958712617470399,199,703.9272039420462,896.9942270647543,-0.0021289306049076815,3.4100882094655818
B,3,27,20,3.959056799156871,200,714.4841123915397,911.5367667986482,-0.0020712672477323133,3.3636350018086967
B,3,27,21,3.9584410471315135,200,713.0688643052314,912.6815530473602,-0.0020745571921234993,3.366073965035782
B,3,27,22,3.9526807157343664,200,713.7707979981577,912.911807109703,-0.002069419698204356,3.3594464858376902
B,3,27,23,3.958584483171398,200,714.1774247569969,913.5153463083651,-0.0020699126484421326,3.362345377168113
B,3,27,24,3.949474585764408,200,708.3550938146317,906.7806145713853,-0.0020954850185066743,3.379270591835117
B,3,27,25,3.9439764352072335,197,698.4949733406356,889.3705099364448,-0.0021552133947820283,3.4246490291843745
B,3,27,26,3.951087302854884,197,697.6480636611154,888.6911778516189,-0.0021637942545073368,3.434568802955037
B,3,27,27,3.9492166882731037,199,708.7052122183003,901.9987434499204,-0.0020975010134980316,3.380661066843283
B,3,27,28,3.946275608540499,200,712.7975297584503,910.3175770778331,-0.0020715908077466034,3.3584887326570465
B,3,27,29,3.92779550080861,200,712.3091703456428,911.872762779835,-0.002062718834026832,3.3434571599072616
B,3,27,30,3.904208196131153,200,714.1173703377788,913.3008479609093,-0.002042607353055663,3.3170775842879907
B,3,27,31,3.915375617865194,200,712.1017503292604,911.5300547008584,-0.0020572157084168363,3.333713858232467
B,3,27,32,3.900031329224403,200,712.6109893078124,906.8924215771403,-0.0020487571649026285,3.3202681855036724
B,3,27,33,3.9126813330262866,199,703.3473159307888,896.551981085653,-0.0021066602806283966,3.372440393663661
B,3,27,34,3.9100237484819482,198,709.1236121726163,901.4761456040666,-0.002077196293088856,3.3474361128075154
B,3,27,35,3.9404039793628347,200,704.6727024198375,898.930410274309,-0.002111482919132124,3.388285436651302
B,3,27,36,3.939864060239268,200,714.2097658954193,911.7185710273251,-0.002060352405909574,3.3466136053585265
B,3,27,37,3.9274528782561045,200,715.6331392695738,914.9929352975915,-0.0020465336294043504,3.3301034800223768
B,3,27,38,3.934400039768882,200,711.2942488501448,910.6156433986174,-0.002072095761703039,3.3538866490692723
B,3,27,39,3.9497848987209783,200,708.4692920518656,907.995287536985,-0.0020945045616486135,3.3786213167234944
B,3,27,40,3.913242877182784,200,712.2090180743221,911.861901782137,-0.002055143330829602,3.3311224558312054
B,3,27,41,3.9109760470697257,197,700.561509686232,891.689484108802,-0.002125585483021611,3.386721174308629
B,3,27,42,3.907197487577033,198,707.4807633119447,899.7660051311983,-0.0020842481867826865,3.351939463065971
B,3,27,43,3.905359470311404,199,710.9243541037822,904.334745770695,-0.0020629939946470656,3.3340194634654727
B,3,27,44,3.913368225481584,200,715.1379873637558,909.3047499209697,-0.0020435228378986267,3.321636797512371
B,3,27,45,3.920464444721271,200,713.0691607897659,911.8701628291145,-0.0020561177151695027,3.3349687147891247
B,3,27,46,3.9211868600671917,200,717.6762791910456,915.953738132026,-0.0020336315652737503,3.3168864002852763
B,3,27,47,3.9316583692464215,200,715.4481825419965,914.4155135666133,-0.002050062966945003,3.3347631987795694
B,3,27,48,3.940142424849781,200,713.4855930403863,908.7014469550668,-0.002064700430428902,3.350247600978168
B,3,27,49,3.932918067014119,200,710.7471070317703,904.7121219814471,-0.0020763419268766906,3.3566520583859134
B,3,27,50,3.9194093162714805,200,713.4878269898331,909.7866011251629,-0.0020548864788798218,3.3334922203515394
B,3,27,51,3.92300391476736,200,713.0491487002868,908.4092233337137,-0.0020588301914791006,3.3382107145665905
B,3,27,52,3.9060360237431913,200,715.4931498014463,913.8021007415562,-0.002036395668046963,3.312768171021567
B,3,27,53,3.910667241436293,200,714.6740293865009,913.5192782642494,-0.0020429970125011945,3.3201269408475436
B,3,27,54,3.937643999182502,200,712.0460602499212,910.7856919268003,-0.0020698797588524784,3.3534531645419428
B,3,27,55,3.9473275080924948,200,711.1300251848335,910.1611494388366,-0.002080036929005865,3.3658295879820592
B,3,27,56,3.9458243893627585,200,712.6018173413457,911.7212457006979,-0.002071485870149403,3.358228403763598
B,3,27,57,3.9494876918907793,197,697.5234746907358,888.6964912642926,-0.0021622378809518002,3.43263717440123
B,3,27,58,3.9397270861486255,200,707.6256999921677,902.5833728503464,-0.0020966365357745157,3.376013897762812
B,3,27,59,3.9341618253292334,199,705.5905655979528,898.8880630994735,-0.002106156297061339,3.3812307871516127
B,3,27,60,3.9358735798106714,200,712.7264371526921,907.9623379855946,-0.002066223509422674,3.349682538892483
B,3,27,61,3.9355647584805102,200,712.9680866933603,911.4473406402185,-0.0020643508578655225,3.3480644421931705
B,3,27,62,3.9271173456832718,200,714.6904728913636,913.7018595550373,-0.002051412891650907,3.3339432997113088
B,3,27,63,3.9584328993236437,200,712.8194103192883,907.0742062245561,-0.0020788137923911784,3.3694790217411716
B,4,28,0,3.944991780494799,200,712.2552461877495,911.1756190609487,-0.002073247440223982,3.3592857166829777
B,4,28,1,3.9531395474456055,198,704.8857755700993,897.0832757378876,-0.0021229018311251873,3.402767311709777
B,4,28,2,3.9435146778836336,200,714.3415529052445,910.1137774737492,-0.0020625365243483076,3.349921458890176
B,4,28,3,3.937085771285093,200,712.337121845423,908.7803261861733,-0.002069724974666443,3.3530669641378115
B,4,28,4,3.9525268947768906,200,712.5308429288532,909.5501479243029,-0.00207492821570545,3.363851132776184
B,4,28,5,3.953420183224342,200,716.528740942416,910.7107766037986,-0.0020574575956102837,3.3499282932663736
B,4,28,6,3.9452608630211143,200,714.236688607985,913.8560982850237,-0.002061357348280545,3.349729923957347
B,4,28,7,3.9510014642188676,200,714.5536834531081,913.766117820095,-0.0020638229432353365,3.3541694723967694
B,4,28,8,3.9484397155022113,198,706.7486810778358,898.9884060790407,-0.0021099321484156002,3.390292899519381
B,4,28,9,3.9471468136581565,196,698.484585695855,888.7298798285966,-0.0021589354082125005,3.428899565392892
B,4,28,10,3.9524305392655132,197,701.3310691346625,892.6464559114042,-0.0021434685019391096,3.4188954519555885
B,4,28,11,3.9561860180510524,199,707.2519962953493,900.4880345488126,-0.0021098313045114325,3.3936070061571533
B,4,28,12,3.9542695825893754,200,713.4862393264912,910.7754816556536,-0.002072180244550684,3.3623511109142683
B,4,28,13,3.945920488024725,200,711.3857931620392,910.7043822955912,-0.002077360970501552,3.363055303028868
B,4,28,14,3.934043614372178,200,714.6459598098833,913.663599680331,-0.0020547123648291853,3.3395662963701502
B,4,28,15,3.9364828020844453,200,714.659701848619,914.1843675154503,-0.0020558470722891694,3.341523500792098
B,4,28,16,3.9318713218018964,198,705.0507304061829,897.3391485728831,-0.002109594025850966,3.382936602894464
B,4,28,17,3.936439380612805,198,701.9029622505782,894.1201293868951,-0.0021289023073958473,3.4004250624106183
B,4,28,18,3.938457645132731,198,704.5766425116441,896.4926065045372,-0.002116951154091839,3.3916813417506018
B,4,28,19,3.95372227948949,199,704.2196366353718,897.4474504333624,-0.0021242732192974334,3.4042057063213114
B,4,28,20,3.9594265691291097,200,714.6244996396716,912.2572509233086,-0.002068734331845467,3.3617219327087495
B,4,28,21,3.951478919855641,200,715.3299446721359,914.4682767492261,-0.002061065406716351,3.3521189838636243
B,4,28,22,3.9467044840606618,200,713.8735986881451,913.2817895844385,-0.002064648845963184,3.3530268764167577
B,4,28,23,3.958543900250633,200,714.8652333552271,913.8981772006725,-0.002067465583638836,3.3603284055812375
B,4,28,24,3.9497287486680968,200,705.502411334311,904.3961728391347,-0.002111470952494109,3.3923212977535586
B,4,28,25,3.9381181287052924,196,696.9727442222738,887.1354276565854,-0.002162271116918596,3.4276551412794536
B,4,28,26,3.954489915893347,196,695.6937256480344,885.7969349030889,-0.0021782693763262788,3.4474852582220086
B,4,28,27,3.947791651535943,199,710.9375628141747,904.450442518357,-0.0020846728702970914,3.369648402547588
B,4,28,28,3.95266776199571,200,712.1438790995501,909.0808173539697,-0.002077810837633414,3.3662579326321165
B,4,28,29,3.9407124056241236,200,709.528925965789,908.6651596285211,-0.0020842765016486817,3.366463873104803
B,4,28,30,3.930083490535977,200,705.766409905112,905.1296659093928,-0.002099071376896482,3.3739163163034056
B,4,28,31,3.9163401686288646,200,712.6677844112642,911.9421245425453,-0.002055762809735495,3.332937803395529
B,4,28,32,3.904015790897406,200,714.3272575600075,908.5412692249021,-0.0020424662600438104,3.316824102508476
B,4,28,33,3.8997694794541817,198,705.9072088880846,897.9419949440249,-0.002089174239395578,3.35273954111695
B,4,28,34,3.9126658794842957,199,707.0193114312555,900.1433219968061,-0.0020870744452722934,3.356639563679267
B,4,28,35,3.932013257844154,199,705.0266280267845,898.2758992064433,-0.0021075205918659663,3.381414190212901
B,4,28,36,3.941408840313908,200,714.2665525482995,911.3861894363745,-0.002062292973464415,3.3488489330450553
B,4,28,37,3.9319541717086053,200,715.0284671377834,913.958050654539,-0.002053362979271025,3.33758228854271
B,4,28,38,3.9370723322086647,200,708.4295374002991,907.8624142028522,-0.002087565803758083,3.367584592297901
B,4,28,39,3.9612792526780027,200,682.3312648504772,881.8004935338117,-0.0022446379745057967,3.5033154434332294
B,4,28,40,3.9202951305981197,200,714.9410563498013,912.6300651953374,-0.002046205657544959,3.3267938285370104
B,4,28,41,3.9057267716034385,197,702.0730527045879,892.9699017608674,-0.0021154534957918336,3.376345160261798
B,4,28,42,3.917959153095082,198,703.2568495630594,895.6195080114337,-0.0021115455399790444,3.3785452479683924
B,4,28,43,3.912711725597654,199,711.3179189115085,904.514852071153,-0.0020651336858726957,3.3388793679374427
B,4,28,44,3.9084336087057263,200,715.7357230791797,909.6902971051725,-0.0020392376039779937,3.3160542160298503
B,4,28,45,3.909520843674337,200,713.639172533422,911.9583643124366,-0.002047913744578456,3.323647004421274
B,4,28,46,3.91740829606388,200,716.7860845893642,915.0762888423085,-0.002036987671546771,3.318051354934041
B,4,28,47,3.9238372580161993,200,714.528201052609,913.8229499248733,-0.002050010091037079,3.3314149620675986
B,4,28,48,3.944202377314626,200,715.2736648707236,909.3801374179129,-0.00205857839016353,3.346953253089773
B,4,28,49,3.9292583444725455,200,713.2584509364053,907.420139187591,-0.0020620069942137663,3.3434381593914413
B,4,28,50,3.9281695194698196,200,714.9779072873386,911.3341084960967,-0.0020512329924519276,3.334214525784091
B,4,28,51,3.913941982388142,200,716.6219709078456,913.1639651545933,-0.0020358131345703597,3.3156084913306048
B,4,28,52,3.9076505367228225,200,716.1284437665171,914.5934489243167,-0.0020341904459903986,3.3116479568940917
B,4,28,53,3.913622913065778,200,715.0609292321761,914.5780901010329,-0.0020408568767859812,3.319622565824134
B,4,28,54,3.9497324076839706,200,707.5998295137754,905.9627075553307,-0.0020989201791255393,3.3821649290160734
B,4,28,55,3.948433942629576,200,710.4244492039326,909.9884292938866,-0.002083663666795944,3.3692455321365484
B,4,28,56,3.9538957260476324,200,713.2306132233119,912.2977221556937,-0.0020720328495399867,3.3620944297978816
B,4,28,57,3.9461497159087386,197,698.5256832885133,889.8386580611293,-0.0021552220773041982,3.425594853428407
B,4,28,58,3.9368805125708315,200,710.1837463164868,904.4133696842991,-0.002081795094005372,3.362761801508008
B,4,28,59,3.9254919399046213,199,709.2439560096957,902.4016351274219,-0.002081881362426876,3.3579010556247377
B,4,28,60,3.9406553101458592,200,710.8931162881837,905.655246723739,-0.0020796747094769755,3.3626521393965545
B,4,28,61,3.9328934103058075,200,713.4806537581479,911.5538877701325,-0.0020604077664770648,3.3437165380275315
B,4,28,62,3.9263900947215036,200,714.6209777569587,913.6201326976534,-0.0020510854431635144,3.3333715305255547
B,4,28,63,3.9546459960350933,200,715.518809765811,911.2236555479022,-0.002062579111522475,3.3546498050957445
B,5,29,0,0.9878583061707117,200,713.2129769572115,912.2784781220768,-0.0005179113183984676,0.8401763396470017
B,5,29,1,0.9883953187768072,197,702.1360967071752,897.2445640204508,-0.000534749564729814,0.8539615881976799
B,5,29,2,0.9860771261626499,200,712.1440710657193,910.2138536326654,-0.0005184603018085381,0.839871256507893
B,5,29,3,0.9850949897235963,200,712.6712866540765,910.902922980828,-0.0005171948320468766,0.8384247002773288
B,5,29,4,0.9872586352510083,200,711.2500882328931,909.9911586258787,-0.0005201252209839958,0.8417281258590279
B,5,29,5,0.9882551256260451,200,712.1705092724501,910.2942966439001,-0.0005195205720345782,0.8416571333676186
B,5,29,6,0.9886324972894619,200,714.324546564229,913.5400021701857,-0.0005167538283461095,0.8395611981103199
B,5,29,7,0.989343792249436,200,713.9624740949874,913.1040140309185,-0.0005177190244372727,0.8406496928964949
B,5,29,8,0.9848185862801201,198,706.3273420242909,902.5914135940908,-0.000526559201493253,0.8458580548333643
B,5,29,9,0.9881211216391446,195,692.4039785927521,885.7616502543136,-0.0005490877875157192,0.8652281383284967
B,5,29,10,0.9885639546749179,196,695.3244589167576,889.4987875571923,-0.0005447227711629369,0.8619791525517289
B,5,29,11,0.9903408683779483,198,702.31554617017,898.5338126886626,-0.0005348190663198571,0.8548751111894027
B,5,29,12,0.989028824329971,200,709.9955378621011,908.1704344286251,-0.0005226613554165326,0.8445392046050155
B,5,29,13,0.9884069413632082,200,710.7825456216685,909.8977074695889,-0.0005213078899308992,0.8431759428241868
B,5,29,14,0.9825344247332669,200,713.9411427348515,913.0029920661798,-0.0005141923685635322,0.8348946590408562
B,5,29,15,0.9850838519159957,200,715.7136038331502,914.8004664983085,-0.0005132657960029084,0.8352134017397468
B,5,29,16,0.9821006883685526,198,705.032999902772,901.1377568428256,-0.000526782857249462,0.8448763078153232
B,5,29,17,0.9839217316086021,197,699.3342696259996,894.5714852229786,-0.0005359549698373299,0.853001079792238
B,5,29,18,0.986745247754809,197,697.0925594294206,892.2725058736971,-0.0005405618382775598,0.8578999614016982
B,5,29,19,0.9893330760953515,198,704.5027341913581,900.7366042738964,-0.0005313433952747362,0.8516470688700499
B,5,29,20,0.9901471932119998,200,713.6268559528909,912.5907872187684,-0.0005186430486337653,0.8417435797494169
B,5,29,21,0.9895227370060201,200,711.8866765687584,910.9294740403027,-0.0005205394826118586,0.8430240468133183
B,5,29,22,0.9858457186215648,200,713.9292502891271,913.1028927510011,-0.0005160465192929624,0.8378060624703936
B,5,29,23,0.9894790440154679,200,712.4906260170635,911.569573877651,-0.0005198175536479513,0.842417741673525
B,5,29,24,0.9870529989839287,200,703.8516861086553,903.1570616244547,-0.0005297008854289065,0.8493919584437803
B,5,29,25,0.9867966595715466,195,692.1911971783725,885.4666645806839,-0.0005485852324770136,0.8642531918012729
B,5,29,26,0.9896452294170114,196,694.8102669378843,888.9876599362566,-0.0005459580637832507,0.8634304453334252
B,5,29,27,0.9883537556435439,198,706.1831614322514,902.2701770290392,-0.0005286345154982191,0.8490437623644527
B,5,29,28,0.9877325856981183,200,712.2004738488686,910.3927489804425,-0.0005190524388201792,0.8410546426501689
B,5,29,29,0.9842538531624299,200,712.4168054251072,911.5573197175399,-0.0005171620273267645,0.8380420528293804
B,5,29,30,0.9790580131051618,200,714.4257223964032,913.5096212201073,-0.0005118685283601421,0.8315279535669056
B,5,29,31,0.9756723686337858,200,717.2899690094557,916.2768537501543,-0.0005065202319717851,0.8257261497201603
B,5,29,32,0.9758923545327002,200,712.8497122899852,911.0643592548117,-0.0005121071824337713,0.8303837443201679
B,5,29,33,0.975979251772805,197,702.5938621238081,897.8448603923666,-0.0005272861265076576,0.8426350015705166
B,5,29,34,0.9772631774126386,199,707.4967898611764,904.7945775415754,-0.0005202408506485679,0.8375487677036705
B,5,29,35,0.9829753819799084,199,706.2255921883485,903.4270325122528,-0.0005249836763601621,0.8438201852742212
B,5,29,36,0.9852654024831489,200,714.3007541828872,912.5189908947233,-0.0005151815132760531,0.8368547622034266
B,5,29,37,0.9840641575077498,200,714.0523622841298,913.2532684858671,-0.0005148818756177138,0.8361030665133431
B,5,29,38,0.9810833933166142,200,713.080977888917,912.0958093870404,-0.0005145921026651514,0.8346057438447217
B,5,29,39,0.989514695148155,200,684.8101982318309,884.0098785612711,-0.0005572964740682765,0.872433989674601
B,5,29,40,0.9785973035797673,200,716.0653821703821,915.1063718878814,-0.0005093044353805768,0.8292382547698471
B,5,29,41,0.9760263572254891,196,697.1963080858836,891.3197652526216,-0.0005352567482167721,0.849010635654069
B,5,29,42,0.9744324189048078,197,703.4601257465522,898.5232056496008,-0.0005254419885013576,0.8404893513708425
B,5,29,43,0.9799347855946946,198,703.2216723931573,899.3451695370052,-0.0005279777962498408,0.8449087394337511
B,5,29,44,0.978982885916605,199,709.2969588369417,906.4306267704411,-0.0005190243475406521,0.8372962147962103
B,5,29,45,0.9807118971635299,200,714.601503921487,913.6997281804927,-0.0005123970363338864,0.8326586782890703
B,5,29,46,0.9802871713766007,200,717.4007097961983,916.2378459602937,-0.000508820428326054,0.82955385354143
B,5,29,47,0.9816020176827467,200,715.6137624147092,914.7964505478318,-0.0005114242701461418,0.8322391729034466
B,5,29,48,0.9855240297693157,200,714.6691604199666,913.0321237205753,-0.0005147007648748393,0.8365720730492904
B,5,29,49,0.9824694963609044,199,709.8924165669761,907.0865588613934,-0.0005199188275828619,0.8395041300856934
B,5,29,50,0.9788085082197303,200,711.7365358643145,910.0167628976704,-0.0005149815497751212,0.8339594148419534
B,5,29,51,0.9755754135918485,200,716.0335134328782,914.1551028442966,-0.0005079787304689612,0.8268789304588895
B,5,29,52,0.9762818049428776,200,715.4585112692753,914.2989527261777,-0.000509149514302083,0.8281356550470358
B,5,29,53,0.9777715333967089,200,712.986304722088,912.234719858244,-0.0005126628358105668,0.8316325489396483
B,5,29,54,0.9897094754640381,200,708.8299017484543,908.0470735682469,-0.0005245374784561803,0.8463518238879035
B,5,29,55,0.9887388090610639,200,708.9286169840157,908.169543374952,-0.0005238439688519278,0.8453756785459612
B,5,29,56,0.9876424305763202,200,709.2262578349938,908.3817321779352,-0.0005230115482841954,0.8442345904255868
B,5,29,57,0.9880478500523416,196,691.0759440370551,885.156028172803,-0.0005504495529825202,0.8662967490434657
B,5,29,58,0.9856395147558794,199,699.2251950991808,896.3540038120002,-0.0005358577434981788,0.853708360646631
B,5,29,59,0.9845851378535967,198,702.5581350717879,898.7244842663451,-0.0005313747412193968,0.8496367342057842
B,5,29,60,0.9868033576617642,199,704.3251298750064,901.5686410085508,-0.0005295712038336473,0.8491581624324231
B,5,29,61,0.9855484424270322,200,710.9447135528729,909.9568109707984,-0.00051966232234013,0.8406256157900774
B,5,29,62,0.9832711912970024,200,714.6973391747496,913.9613965116547,-0.0005134775572132882,0.8346218408741443
B,5,29,63,0.9888097756667822,200,711.9266158727527,911.2254436767776,-0.0005199769780961954,0.8422644492853333
B,6,30,0,1.9752912836821976,200,714.4534248751664,913.0407412869746,-0.0010332435967876218,1.678068844910897
B,6,30,1,1.9752196033798848,198,703.8419743868966,898.8644421699465,-0.0010625283668822178,1.7016891331388029
B,6,30,2,1.9729687972864647,200,714.7255863659873,913.4805689614108,-0.0010306653648943424,1.6749913680482278
B,6,30,3,1.968847724537479,200,712.5139661991785,909.3019953719826,-0.0010342342132187606,1.6761524729975652
B,6,30,4,1.9704632257648558,200,712.1467835382466,911.0622194605072,-0.0010357635487235819,1.6780887770805928
B,6,30,5,1.9717896102452372,200,710.1552452095227,909.4461925206855,-0.0010415658353675908,1.6833701923484046
B,6,30,6,1.9897250038368322,200,714.8752153273174,911.6806369314497,-0.0010390701630473877,1.6889257890136138
B,6,30,7,1.983803042452188,200,716.4948317371569,915.5458707587828,-0.0010317472201789653,1.6804449200481684
B,6,30,8,1.97647038035388,198,705.5128102611682,900.4632309835263,-0.001059107863097323,1.6994679142985007
B,6,30,9,1.9760249167261046,195,687.7899122018753,879.7055895502132,-0.0011115935781945468,1.7409528100850902
B,6,30,10,1.9736565347658346,198,699.7367247048094,894.6185971398141,-0.0010728051201407724,1.709267103680911
B,6,30,11,1.9775773867000497,198,698.7361001204581,893.7636808904901,-0.0010777137744874927,1.7148853979254348
B,6,30,12,1.9801014730756499,200,709.1773209723699,905.9096897287482,-0.0010489135740116482,1.6928595294049922
B,6,30,13,1.9740485996819168,200,710.7913060670838,910.1137160997806,-0.0010411386028580127,1.6839819400237066
B,6,30,14,1.9675169847923002,200,713.3488103047432,912.5268678998559,-0.0010309858739387134,1.6729483041281212
B,6,30,15,1.9686745886609724,200,713.8284161020781,912.9933372787749,-0.0010306102243521078,1.6731305319274332
B,6,30,16,1.9649514915695676,198,704.0598870860276,898.8984735696524,-0.001056505919440405,1.6924402460304173
B,6,30,17,1.9697172790771833,197,701.1795482523464,895.1720007855091,-0.0010679754144520242,1.7036569406718831
B,6,30,18,1.9767104910256665,197,699.9672014522131,893.7604355784714,-0.0010751965764901489,1.7124527086675871
B,6,30,19,1.9808277094500784,199,705.2502904078308,901.1133262431399,-0.0010608195830508825,1.7027550024543943
B,6,30,20,1.9786749491949551,200,713.3645237158572,912.3594523518599,-0.0010371828576728318,1.6827213977553186
B,6,30,21,1.9779802458877347,200,714.8764891002077,914.2180112431619,-0.001032593044508003,1.6786816674499998
B,6,30,22,1.976066475783821,200,714.7754748871417,913.8143409628092,-0.0010321105182334617,1.67747879873185
B,6,30,23,1.9741620458757023,200,714.1606649347859,913.3687414060435,-0.0010323540545210937,1.676874226331438
B,6,30,24,1.9694693800354468,200,707.061312317948,904.0290224203128,-0.001048412023843417,1.6879254868017488
B,6,30,25,1.973339008974427,196,693.330916353885,886.3138629854407,-0.0010930278130368257,1.7251557324626507
B,6,30,26,1.9771622666510935,195,692.5713301300677,884.54900352361,-0.0010985555111503894,1.731155940419196
B,6,30,27,1.9775732991073103,198,703.4021661846747,898.3638471026252,-0.0010649060308809822,1.704609958337749
B,6,30,28,1.9772446496414149,200,708.9253573381369,905.7535994642442,-0.0010482127814789002,1.691075390103657
B,6,30,29,1.9694446038623934,200,713.2353626536092,912.5000279476379,-0.0010323762367049388,1.6748976197389118
B,6,30,30,1.9560365404279518,200,713.4755209379925,912.7101952083714,-0.0010249238876908788,1.663148337840075
B,6,30,31,1.9558622045736749,200,713.9091007723014,913.02943252063,-0.001023656945241936,1.6620414530992043
B,6,30,32,1.9497124727909556,200,710.8016924454553,907.7252149505861,-0.001028495529949926,1.6633714108916546
B,6,30,33,1.9568252184461172,198,702.014310656873,896.8600455018192,-0.0010575532795721555,1.6897942834380424
B,6,30,34,1.9543486467168258,199,710.0851220892479,905.9500898068336,-0.0010339388629670078,1.6697183752916547
B,6,30,35,1.9660549694478702,199,708.7740888986993,904.5178633936303,-0.001043734519554654,1.6826403469808509
B,6,30,36,1.966805654325289,200,715.5219885107438,914.5807041981896,-0.0010251094178444463,1.667849357865554
B,6,30,37,1.9659781813725032,200,714.0710168203992,913.0992800565137,-0.0010286688586738004,1.6704071508816014
B,6,30,38,1.9607172521212874,200,714.1681115230334,913.4824841865236,-0.0010256534694813569,1.6657233409416574
B,6,30,39,1.9727170020227665,200,709.3629369231259,908.4524568817217,-0.0010442108280206486,1.6859109937667172
B,6,30,40,1.9730526308707876,200,697.6924514488647,896.8894773117197,-0.001075347016514312,1.7111371215954958
B,6,30,41,1.956429418975642,196,698.1548199663333,891.1309473013646,-0.001070321646562428,1.699758020418011
B,6,30,42,1.9543607627592172,198,703.6308391140565,898.7044590856856,-0.0010516006573344496,1.6839536771419619
B,6,30,43,1.9552853500395038,198,706.7423081852462,901.5781079828956,-0.001044505728272124,1.6786290967564081
B,6,30,44,1.9572137503788443,200,712.6329893331159,909.6259630098027,-0.0010276864169251247,1.66589239946612
B,6,30,45,1.9555752867135499,200,714.5363808771483,913.6268813077512,-0.0010216466890502316,1.6602796908363713
B,6,30,46,1.957023952500099,200,714.6727509421808,913.9063165929632,-0.001022193339679937,1.6613387564514335
B,6,30,47,1.9594378648185362,200,716.2418128278744,915.4400260583926,-0.0010195134432854141,1.6601654538423725
B,6,30,48,1.968950150464279,200,713.9661356349892,910.8584508324673,-0.0010303285622132725,1.6730112960727923
B,6,30,49,1.963456995550634,199,711.8232877945795,907.6984696133078,-0.0010340919705481792,1.6737094711723226
B,6,30,50,1.9606450700349847,200,713.9933880259188,910.7492665363009,-0.0010262842126292375,1.6662005500464017
B,6,30,51,1.9532334681324197,200,715.5674275842589,913.1636099199528,-0.0010182618176504275,1.6565208384573875
B,6,30,52,1.9577886749657356,200,713.6768514668385,912.6697812366992,-0.0010254375523295579,1.6643093049496518
B,6,30,53,1.9632101285148855,200,711.0211310958284,910.4326436487482,-0.0010344787298561832,1.673968721032787
B,6,30,54,1.9764722180584455,200,708.3357358827839,907.1548811267954,-0.001048716651842439,1.6911619503164461
B,6,30,55,1.9769153761020861,200,711.3558777614534,910.4657095007507,-0.0010413297921816607,1.685351796356398
B,6,30,56,1.9748936575031901,200,709.045710397706,908.2659863758034,-0.0010458546077738182,1.6881693551586423
B,6,30,57,1.9776439075133265,196,690.9265837211266,883.733471723437,-0.0011021711177820438,1.7342732345767051
B,6,30,58,1.9754898780721095,200,700.3459428289284,897.0865493531116,-0.0010698894929237874,1.7078079207732506
B,6,30,59,1.9665753700994961,199,707.229945969471,903.1020051216215,-0.0010477177080400206,1.6860867497471048
B,6,30,60,1.9712429177519646,199,706.4056158280707,902.3424903957563,-0.0010524840384414282,1.691931129065431
B,6,30,61,1.9723738675313427,200,711.5243405953876,909.6511318428451,-0.001038559081180599,1.6811711322864427
B,6,30,62,1.9738056155559092,200,705.5496684702019,904.4117671803132,-0.0010553016660726081,1.6953521585882283
B,6,30,63,1.9774263921176274,200,714.7387905363095,913.5912250791288,-0.0010327314089904598,1.6785611148450252
B,7,31,0,0.9874819202676941,200,713.671177102715,912.7021475050367,-0.0005171768604253606,0.839418277513493
B,7,31,1,0.9874465276800994,198,702.6512258312151,899.0561377064586,-0.0005326858942211805,0.8519187881070212
B,7,31,2,0.9841407901283026,200,714.4388610903264,913.540969594151,-0.0005144299466772176,0.8357672595547995
B,7,31,3,0.9853336013432366,200,714.1399653874563,912.3963431739534,-0.0005154690504495115,0.8371185172826836
B,7,31,4,0.985999994064739,200,713.296924244734,912.4843803237299,-0.0005168742870850783,0.838547112309227
B,7,31,5,0.9868503879846017,200,712.3619389016758,911.4287223745852,-0.0005185955768812995,0.8403092587920605
B,7,31,6,0.9920338727594735,199,714.7495316338012,911.9284522919739,-0.0005187906163261129,0.8426395162616789
B,7,31,7,0.9907672423170191,200,713.8606203106145,913.1575399587161,-0.0005185540421773095,0.8419323820139857
B,7,31,8,0.9876038831953905,197,702.6795724309916,897.992432429456,-0.0005334346923886326,0.8525657247219742
B,7,31,9,0.9879109526028417,195,689.4012283051795,882.587521007064,-0.0005533325968364772,0.8684912393280125
B,7,31,10,0.9878110069061603,197,699.1507877989633,894.3684445264832,-0.0005383174204486797,0.8565680234987307
B,7,31,11,0.9893166485419609,197,700.3444352475533,895.5632165273033,-0.0005375675569612147,0.8566168263653188
B,7,31,12,0.9893791789242469,200,710.1367831687606,908.458803433478,-0.000522674016050444,0.8446982296890103
B,7,31,13,0.9873343355294396,200,712.9344724807472,912.1233286370882,-0.0005179849513842844,0.8400170478530459
B,7,31,14,0.9847785430979872,200,713.3575865638951,912.6079079188066,-0.0005160824897123672,0.8373844842876321
B,7,31,15,0.9828311286035067,200,714.3234116248084,913.4733458856119,-0.000513864060519892,0.8347512807888041
B,7,31,16,0.9817854789399734,198,702.7382152871555,898.9107864747551,-0.0005296325160733285,0.8470348016624686
B,7,31,17,0.9836211461884912,197,700.3384619219347,895.5298831118628,-0.0005344045126147196,0.8516307648235003
B,7,31,18,0.9878594768002126,197,700.0477385364,895.2127203390579,-0.0005372088452605553,0.8557018112235628
B,7,31,19,0.9899849248084165,198,705.8140097160617,902.1371169026175,-0.0005298171094658521,0.8506953506243178
B,7,31,20,0.9905013893868774,200,712.8599136686048,911.8871093246418,-0.0005198123523880353,0.842846440216888
B,7,31,21,0.9888323327284919,200,714.1804645816874,913.1319042301443,-0.0005173005714320207,0.8400920145050492
B,7,31,22,0.9872542858271857,200,713.2327874420655,912.4656574590423,-0.0005174836832934937,0.8395740000426866
B,7,31,23,0.987098837528743,200,713.4975935281047,912.604578246931,-0.0005171761557505661,0.8392574542469664
B,7,31,24,0.9851072639193736,199,704.2338097245038,901.3152341829729,-0.0005288273864051487,0.8478325369678712
B,7,31,25,0.9859583401235069,195,691.7886796391939,884.942297564989,-0.0005488204238721376,0.8640741190492998
B,7,31,26,0.9866777930650579,195,694.5131473880692,887.8506562783928,-0.0005453562797234347,0.8616413851991287
B,7,31,27,0.9888357118673767,197,701.2618522191711,896.3917336430538,-0.0005360700703488662,0.8552097344155917
B,7,31,28,0.9878234801494254,200,710.6841086838243,908.8701499343416,-0.0005211975055471576,0.8428378329541379
B,7,31,29,0.9860588517243903,200,713.471721925432,912.7026026245154,-0.0005166103178364421,0.8383564999842861
B,7,31,30,0.9797657885842939,200,713.1209764453944,912.1091026365033,-0.0005139698696669785,0.8335409763843736
B,7,31,31,0.9763294483098763,200,713.8684008048361,913.0032030192059,-0.0005109865117647041,0.8296548792332115
B,7,31,32,0.9741214421991043,199,710.1956647485542,907.322885497418,-0.0005152203832548497,0.8321429690476623
B,7,31,33,0.9795260873802951,197,701.7456937246274,896.8996227429025,-0.0005303445030504576,0.8466140041491279
B,7,31,34,0.9801172853403783,200,708.5434409616138,906.7073982364951,-0.0005199130216831912,0.8385203576606324
B,7,31,35,0.9838824244381422,199,707.1435619227225,904.3009637359719,-0.0005243423604306823,0.8436892088663024
B,7,31,36,0.983844671006794,200,713.1753169104114,912.2156117835008,-0.0005158677176750561,0.8368145476098341
B,7,31,37,0.9831367478743357,200,712.8581782933776,912.0200014739005,-0.0005159333074861095,0.8365678851570606
B,7,31,38,0.977423200136646,200,713.4956153412771,912.6796251365771,-0.0005120298432155408,0.8309682742993661
B,7,31,39,0.9870400476829133,200,701.7388535730125,900.961248300149,-0.0005325312408590426,0.8516644006723604
B,7,31,40,0.978039676093339,200,714.5644266357374,913.6775918573895,-0.000511153715730618,0.83051460386618
B,7,31,41,0.9797872901703912,195,694.0995091877207,887.3151079872285,-0.0005420913639471241,0.8560557189008697
B,7,31,42,0.9775963682203566,197,702.2052303240074,897.2877634477709,-0.0005287643621612546,0.844516650263134
B,7,31,43,0.9789947294716137,198,705.4693000282878,901.7319124078446,-0.0005244354809889183,0.8416549242892952
B,7,31,44,0.9807350693541176,199,708.8452444384633,906.0862441821927,-0.0005204520049087047,0.8391986771730786
B,7,31,45,0.9807772268002934,200,714.5893479466655,913.5329047001326,-0.0005124328684193934,0.83271523165437
B,7,31,46,0.9831116960339951,200,715.2939526446266,914.3018381467933,-0.0005128305184995186,0.8340242462829031
B,7,31,47,0.9811574649614191,200,714.8030432517132,913.8056256849693,-0.0005125203794804332,0.8329474514949607
B,7,31,48,0.9844850181477962,200,712.2008767823518,910.22450436437,-0.0005176112664561991,0.8385055093122853
B,7,31,49,0.9845429675655715,199,705.8987847878399,902.994694317817,-0.0005262597403153266,0.845520625420181
B,7,31,50,0.9797315619641054,200,715.2992078516162,913.7404070871978,-0.0005107698400504191,0.8309145019745988
B,7,31,51,0.9834436748106713,200,714.8430211758911,913.0263328922143,-0.0005136916749221035,0.8348686948876705
B,7,31,52,0.9788374806388548,200,715.5596045070204,914.6896267314944,-0.0005101939090542463,0.8300669233258947
B,7,31,53,0.9839301090704692,200,704.3545336978024,903.7130325204384,-0.000527062829005656,0.8459291155631838
B,7,31,54,0.9872173614858791,200,710.3375305311042,909.5297575999372,-0.0005213237647333517,0.8426841947352279
B,7,31,55,0.9879034239384095,200,714.0646031113884,913.1146975924987,-0.0005170005841388939,0.8394548155293247
B,7,31,56,0.9870465333875906,200,707.1372297334744,906.3405861457716,-0.0005253277547970988,0.8458576705716843
B,7,31,57,0.9868232898869599,195,687.6638788507682,880.7658792208373,-0.0005552412849158276,0.8695194135519588
B,7,31,58,0.987632277365443,198,702.4346110468356,898.6497636356004,-0.0005331311728530243,0.8523561441168463
B,7,31,59,0.9855595760062511,199,704.15028745039,901.4050676329795,-0.0005291881133898689,0.8483178959795971
B,7,31,60,0.9894536531141975,199,703.260402147309,900.3683905133204,-0.0005324937474536382,0.8526466456053601
B,7,31,61,0.9852992349760592,200,708.6838428561938,906.6800306658525,-0.0005226130894932701,0.8429141847504213
B,7,31,62,0.9855633855569523,200,711.1398296404182,910.3003821459847,-0.0005192496772012841,0.8402962583360178
B,7,31,63,0.9878513616515311,200,714.0808508280377,913.2846764921542,-0.000516680561127886,0.8391719889939641
B,8,32,0,3.955386972378462,200,709.3209956598016,908.1115832371904,-0.0020950758177153547,3.3814366311720847
B,8,32,1,3.9557686637085583,199,706.2534509751288,899.0843111595107,-0.0021161355905061643,3.3985235520877595
B,8,32,2,3.941191132632981,200,714.5667367108762,912.8397429918988,-0.002059501102809929,3.3464879024278757
B,8,32,3,3.949486867640178,200,711.2155266114162,908.1241231941664,-0.002082034456504193,3.368343742247572
B,8,32,4,3.944174855924591,200,713.5229866481438,912.0353125340764,-0.002066099283758495,3.353136385817222
B,8,32,5,3.9445611297564276,200,714.8919456518406,913.9728525749027,-0.0020588935232880214,3.347423278673488
B,8,32,6,3.965082670164684,200,719.200926497609,915.2666480075806,-0.0020493991548462633,3.3482542700800395
B,8,32,7,3.96001369182445,200,714.7326013424369,914.523711630065,-0.0020668245598655156,3.3604236512557266
B,8,32,8,3.949990249862836,198,705.794576752099,898.0736992477329,-0.0021156986118586784,3.3956091875508294
B,8,32,9,3.9513011486561407,197,696.6983760107934,887.7446334719104,-0.0021695785608556056,3.439275033645087
B,8,32,10,3.948263890610893,197,698.4693527749207,889.3908257582109,-0.002159407613801423,3.42984675109708
B,8,32,11,3.9603711972155993,198,702.314054432254,894.4069590699952,-0.002141166372957249,3.4205539304013026
B,8,32,12,3.9545991294445586,200,710.4300060347002,904.4355369104693,-0.002089751397065016,3.376748671797781
B,8,32,13,3.950392447729904,200,713.6489903458591,912.7156835572401,-0.002068638349715835,3.3578407916885245
B,8,32,14,3.949029710843034,200,712.9600914484286,912.1657492540342,-0.0020706332416879046,3.3588917141060057
B,8,32,15,3.940473929445244,200,714.1221399626762,913.2311060967819,-0.002060981268610496,3.347402010765758
B,8,32,16,3.926973878945815,198,707.4927044922068,899.6998172066935,-0.0020952818185898357,3.3692927458834694
B,8,32,17,3.9430954972471493,198,702.2452556615642,894.4313759964854,-0.0021312773224555106,3.405190854784878
B,8,32,18,3.9505975537078566,198,706.464856962611,898.687860251717,-0.0021127772546110485,3.3935121517314952
B,8,32,19,3.959287765558168,200,711.7361021531742,905.9836032154727,-0.002085380751945215,3.3751849377343053
B,8,32,20,3.959919847690108,200,714.8460004973688,913.9180176736126,-0.0020669358384775576,3.3604735040800238
B,8,32,21,3.952639843591734,200,715.4156628842188,914.77510197167,-0.002059781601224346,3.351558074864837
B,8,32,22,3.9535048486526536,200,712.9479066336818,912.1402567760631,-0.002074550709398168,3.3639800136843823
B,8,32,23,3.938729392349175,200,715.7943895269806,914.9049549817665,-0.002052409236125404,3.3396601051837473
B,8,32,24,3.938626045604963,199,710.1738101187659,903.6835675629226,-0.0020834153183961666,3.364732481894783
B,8,32,25,3.947003528357522,196,697.2671377227781,887.605323873621,-0.002164798194436135,3.4335150986262786
B,8,32,26,3.950896765884005,196,695.4723690200302,885.3059706734497,-0.002179458975752643,3.4468713169826275
B,8,32,27,3.9542461256303776,198,704.8705860973212,897.1813585266918,-0.0021233642021910135,3.403607110962237
B,8,32,28,3.956058534480968,200,712.3544096809198,906.3118744699794,-0.002081405568006951,3.370584742710796
B,8,32,29,3.9464741449796374,200,713.2932892457151,912.5449639543942,-0.0020686200736837763,3.356167073884735
B,8,32,30,3.9187343538327206,200,714.7487348771764,914.3567927057818,-0.0020458340824113584,3.3258492173522147
B,8,32,31,3.9071373197985095,200,712.5403523619678,912.3007047435693,-0.0020502407840027586,3.3245439023548786
B,8,32,32,3.8998929887955995,200,714.2185000625717,908.2622359498422,-0.002041144160956007,3.314001881338162
B,8,32,33,3.9082050281166043,198,706.3621666072387,898.8465196906898,-0.002090501224922853,3.357416929105656
B,8,32,34,3.9228486537930807,200,709.5267951814282,903.937995872835,-0.0020761859088712373,3.352244065951746
B,8,32,35,3.927879611148782,200,710.0921003116589,904.3063162622605,-0.002076577552983457,3.3547001473332676
B,8,32,36,3.9387995956826853,200,715.3695559728764,914.0017067053092,-0.0020541108161455735,3.3410744605317877
B,8,32,37,3.937340202225633,200,714.4378863270978,913.9138778336473,-0.002056919712827408,3.3427611614796158
B,8,32,38,3.915110388056904,200,714.1640914348051,913.0179279332752,-0.0020485337053315978,3.326520804011852
B,8,32,39,3.94278473680912,200,708.7759150360538,908.2405932520874,-0.0020897507407907374,3.3717874229577953
B,8,32,40,3.944966591138707,200,695.1808899280095,894.0679150919474,-0.0021639566995105067,3.432384771999202
B,8,32,41,3.9171043100428182,196,698.740386981216,888.6913215149501,-0.0021426856709419826,3.4029486437218233
B,8,32,42,3.9127682138743087,198,702.5226212279834,894.8689264124321,-0.002113020642475812,3.3775038418365946
B,8,32,43,3.922554919348497,199,708.1226826851962,901.2588068301025,-0.0020873660089986055,3.3610935742918424
B,8,32,44,3.9200379961531775,199,710.3107425158041,903.6426416035204,-0.0020737301284541763,3.348985841050502
B,8,32,45,3.923802139796598,200,715.2339506245191,912.2247974556584,-0.002047629789266299,3.3294352885448655
B,8,32,46,3.9176277094801506,200,716.3147764946974,914.9303735528088,-0.0020388539216114653,3.319674639100061
B,8,32,47,3.9226646326808097,200,716.8309717292465,916.2171653833096,-0.0020370965829226723,3.3203611050627675
B,8,32,48,3.943764719737092,200,714.9618775368381,911.5086447083611,-0.0020587792186413222,3.346964589859412
B,8,32,49,3.930168158378174,200,710.6975260166734,904.6926016032744,-0.002075727089681912,3.3549848389836385
B,8,32,50,3.9229966250923423,200,710.4705647409198,907.4365541802387,-0.002071143852338477,3.348250154114422
B,8,32,51,3.924685806632821,200,715.2467215723968,912.2549024192405,-0.002048183832974598,3.330259458108932
B,8,32,52,3.9014049824939896,200,715.048142011985,913.9533733394809,-0.002036043649783893,3.3105342357411933
B,8,32,53,3.94919272021531,200,703.3070409203215,902.3320699826056,-0.0021217903959156723,3.400414268423402
B,8,32,54,3.95484145357948,200,707.2305695018357,906.2661360061055,-0.0021037879746404657,3.3882909402696875
B,8,32,55,3.956320659351606,200,715.6859358047102,915.0994829626873,-0.002060524907222192,3.353721311716769
B,8,32,56,3.9579755456823587,200,710.5089537015864,909.8751233421013,-0.0020886064026123625,3.377313355531377
B,8,32,57,3.959549636266453,196,690.8362987950297,881.0650993937344,-0.0022086870246005195,3.473806965059433
B,8,32,58,3.9586808039270953,199,700.5428338441964,893.6263291456739,-0.002146746174597705,3.4243924759019757
B,8,32,59,3.9482381628191994,200,705.1028957330386,899.6114848116019,-0.002113142429307574,3.392972390724581
B,8,32,60,3.952768098452483,199,705.6065894142073,898.5664032435164,-0.0021171996687314744,3.398095529477448
B,8,32,61,3.9585757575636538,200,702.7641444166266,896.9651787802179,-0.0021320881271577738,3.412664948529157
B,8,32,62,3.94583548064221,200,708.3336760218536,907.5445897131535,-0.0020939020995052724,3.376450097389314
B,8,32,63,3.952672702743379,200,712.6230227674445,911.4277172638016,-0.0020752773340865665,3.3642194102905583
B,9,33,0,1.9749964532625301,200,711.0601339402997,910.1602746296003,-0.0010411712943290167,1.6844022575514601
B,9,33,1,1.9765475022874324,199,704.8117952684859,900.6891933942725,-0.0010595545084082676,1.6999045856089317
B,9,33,2,1.9706888762617318,200,713.947054992647,913.036946386305,-0.0010310794224720826,1.674366848373314
B,9,33,3,1.972879548714701,200,711.492922036432,908.8161116664618,-0.001039583857335634,1.6822179277648912
B,9,33,4,1.974259585081161,200,710.7865198415009,909.9657202364136,-0.0010407970083079173,1.6837943833712328
B,9,33,5,1.973851963884629,200,714.8235965284096,914.0943238939155,-0.0010308378867112684,1.6755059407411483
B,9,33,6,1.9822159442481095,200,716.8978633900834,915.8805881534031,-0.0010299167855223,1.678279673934381
B,9,33,7,1.981678010630243,200,712.8086953256792,912.0602484441899,-0.0010398194060468452,1.6861401223698476
B,9,33,8,1.9736723901889508,198,704.8022791322378,899.6938749553494,-0.0010591256073936902,1.6982848855850783
B,9,33,9,1.9764490853635313,196,696.0421746491835,888.824313066417,-0.0010872315649548528,1.7219006517460107
B,9,33,10,1.9770343344647523,196,696.0039845282164,888.9800858864818,-0.0010874227923321615,1.7223069432957596
B,9,33,11,1.9794483748541891,197,700.2995260424245,893.995191876704,-0.0010760572250382839,1.714321176289511
B,9,33,12,1.977826228249963,199,709.2530088128203,904.9756689352176,-0.0010486965297873698,1.691673712422788
B,9,33,13,1.9751450532688866,200,712.8840761675277,912.0708972571871,-0.0010361935567745203,1.6804213068044231
B,9,33,14,1.971521114818705,200,710.9972783614444,910.163338738412,-0.0010392351902583632,1.6813617456997147
B,9,33,15,1.96917142800949,200,714.2499692320415,913.1077834430682,-0.0010302727153528601,1.6730658602638395
B,9,33,16,1.9672466764833456,198,703.2732193750434,898.1780134945604,-0.0010600407066366348,1.6962680269800374
B,9,33,17,1.96951125380509,197,700.8764452842832,894.8354374363313,-0.001068565624824589,1.7040402442617284
B,9,33,18,1.9773301948347457,198,702.9794883406682,897.8412244611092,-0.001066043646009595,1.705420618060057
B,9,33,19,1.979028664767517,200,710.7093258627992,907.411136103109,-0.001044393460293094,1.6887336690371324
B,9,33,20,1.9804002887908416,200,714.0181166612756,913.0651247080813,-0.0010364904064282504,1.6828863647796015
B,9,33,21,1.9772231982510566,200,713.35264111535,912.4399925196625,-0.0010364578610769085,1.6815152517174798
B,9,33,22,1.9783072850892014,200,713.4411874721635,912.45281393068,-0.0010368373913661043,1.682283508654555
B,9,33,23,1.9721464638207828,200,711.7325288666694,910.8823326420661,-0.0010377569508700567,1.6804225117762428
B,9,33,24,1.9691341193109324,198,706.9018969727208,901.6936604560481,-0.001051179906780316,1.6899337603200477
B,9,33,25,1.970227676542642,196,694.8342581189099,887.5708148567247,-0.0010874876655186244,1.719405701156742
B,9,33,26,1.9764966977633103,195,693.6081571769006,885.2831689699829,-0.0010955629307839512,1.7284972978364963
B,9,33,27,1.9774671849563676,197,700.5207791990133,894.3751018486157,-0.0010740240927236224,1.7118397354359298
B,9,33,28,1.9764398911108383,200,710.5737937188469,907.335459934161,-0.0010433078737132984,1.686751995976361
B,9,33,29,1.9729749968883,200,714.5950045151748,913.7721446333962,-0.0010310226629110892,1.6752857287657223
B,9,33,30,1.9586574936054237,200,713.8833589351838,912.7591321960869,-0.0010256995123309983,1.6648887930421323
B,9,33,31,1.9558283136073773,200,714.7397492954809,913.8291601624113,-0.0010216460239331436,1.660385786565684
B,9,33,32,1.9551405781825861,200,708.7599199858709,905.6410972620107,-0.0010367026876990295,1.672339329910997
B,9,33,33,1.957182010061508,198,703.2592622377972,898.1616756893435,-0.0010546821963348342,1.6876421238606254
B,9,33,34,1.9611311244476883,199,707.4113790440525,903.3215035772488,-0.0010442725793180702,1.6809778635257537
B,9,33,35,1.9665423962421869,199,708.7561900756311,904.8089177869591,-0.0010436337410917095,1.6827658278831072
B,9,33,36,1.9699477745308727,200,715.6099587347574,914.7650608470609,-0.0010266508983896101,1.670435752414657
B,9,33,37,1.967855806924618,200,714.2416759999464,913.5673186581178,-0.0010286660092743015,1.671198083064335
B,9,33,38,1.9594174705503418,200,713.7417020746663,913.0789179915447,-0.001025586818708661,1.6651179804664045
B,9,33,39,1.971256729682325,200,708.4822305870364,907.7659653972407,-0.0010454642209191197,1.6863062753860687
B,9,33,40,1.9644590256900514,200,707.2806119996667,906.4425972517871,-0.0010453501524810447,1.6833195869635067
B,9,33,41,1.9588978494184666,195,696.136191590141,888.1185581992922,-0.0010781900128691135,1.7070534331920282
B,9,33,42,1.9511885359649155,197,702.7764283317065,896.8061997006671,-0.0010539282126178122,1.684420370690855
B,9,33,43,1.9528095647004091,198,707.9298867978642,902.8895420419932,-0.0010397518222532048,1.6737298853064426
B,9,33,44,1.9657219094003817,199,708.401126583725,904.4760338364088,-0.0010438552354031557,1.6825964084634568
B,9,33,45,1.9595324413032202,200,716.9922648328696,914.5578130713167,-0.0010179175949541438,1.6588947650357722
B,9,33,46,1.9653219056268694,200,711.5218877601114,910.8629838061079,-0.0010346361813833712,1.674992089546218
B,9,33,47,1.9612170165791196,200,714.879522169596,914.1759266304277,-0.0010236052210632523,1.6642620316571715
B,9,33,48,1.968572782755642,200,715.9017064914988,912.8786110382603,-0.001025319641672435,1.6687600310213013
B,9,33,49,1.966330025966065,199,706.6080686002721,902.7043257744645,-0.0010490182525510114,1.6870335088722783
B,9,33,50,1.966461363998021,200,714.4084242522189,912.5352284546437,-0.0010278683714623135,1.6699548741295438
B,9,33,51,1.9600434629742232,200,714.9321824304873,913.1569106500772,-0.0010230295244290312,1.6632924141309362
B,9,33,52,1.9583181896291173,200,714.0381007576193,913.3834000777393,-0.0010244839407603332,1.6637548665973745
B,9,33,53,1.9678431501950884,200,709.5329342161899,908.8101449976067,-0.0010411159174573627,1.6813279035139712
B,9,33,54,1.9777803027702394,200,705.2260602598948,904.41753118557,-0.001057712856788052,1.6989971937137422
B,9,33,55,1.9786223198292865,200,714.595214935473,913.9004646146603,-0.001033497750163861,1.6796916999609013
B,9,33,56,1.979848524588772,200,706.2046036579777,905.3040500690439,-0.0010563923022386442,1.6988137823354736
B,9,33,57,1.9807715725059256,196,687.1858980430676,879.9476171765293,-0.0011144166953082767,1.745301347421814
B,9,33,58,1.9780231626566829,198,697.2562353627586,892.0936813387036,-0.0010819491673165122,1.7184610826067863
B,9,33,59,1.9705459633579188,199,704.0716434633189,899.8147109340855,-0.00105845239635391,1.6964474162564027
B,9,33,60,1.973869250765863,199,699.9242658126553,895.8497715300014,-0.0010712742987255568,1.7081761422522734
B,9,33,61,1.9769614257832238,200,707.621930301467,906.2171998835563,-0.0010510551423540354,1.6932643564999745
B,9,33,62,1.9741782483190988,200,708.7299037055609,908.0048241258244,-0.00104629452298429,1.6882226333781785
B,9,33,63,1.9756908370307715,200,713.243062597009,912.3538476136109,-0.0010357811960592012,1.6803157757056013
B,10,34,0,1.9781082001735213,200,712.8139707292529,911.8601666846722,-0.0010380950570480975,1.683218093486777
B,10,34,1,1.980808816614542,199,705.8530327521324,902.0116917917023,-0.0010585320637812212,1.7009026797242977
B,10,34,2,1.969847344312342,200,713.2564814623847,911.9953301963377,-0.0010328506393693063,1.6754538100815566
B,10,34,3,1.9705985360596634,200,712.4856570377526,910.688554483795,-0.0010349248581538707,1.6774610422105751
B,10,34,4,1.9733927390414836,200,711.415243767295,910.5534352630198,-0.001038984620799662,1.681952605203889
B,10,34,5,1.978037658069422,200,716.2866637813911,915.4794425407159,-0.00102915335967166,1.6758943328257456
B,10,34,6,1.9796095746448854,200,714.2672179694971,913.3283367647815,-0.00103532763690598,1.6816034397389332
B,10,34,7,1.9814079515648257,200,711.5017252739195,910.5458097290536,-0.0010431589763464809,1.6887447879976878
B,10,34,8,1.9752955585833112,198,703.9713351689884,898.964347188462,-0.0010622419613488564,1.7014899070039728
B,10,34,9,1.977245462845775,196,695.5151547727093,888.4457206602763,-0.0010891298269816432,1.7237566870209626
B,10,34,10,1.9748971797901118,196,696.7773280940027,889.7133994112287,-0.00108404443302377,1.7186905607645775
B,10,34,11,1.9784289909519879,197,700.6279451677046,894.6137150083583,-0.0010740879535431768,1.712304880411717
B,10,34,12,1.9802954742275676,199,708.3463857450837,904.3400222445008,-0.0010521512961865673,1.6955224067932146
B,10,34,13,1.9740417739047798,200,712.036804040945,911.5466058937087,-0.0010374898863130622,1.681010611699186
B,10,34,14,1.970054565095934,200,711.3171959377452,910.5615993597124,-0.0010376314046041909,1.6794352806629802
B,10,34,15,1.9679248499283126,200,714.4213483099144,913.7130698306227,-0.001028449263574067,1.6710507024643673
B,10,34,16,1.9666932211588675,198,702.1104038317078,897.0599437364269,-0.0010629769582476106,1.6983910588665336
B,10,34,17,1.9722510308107852,197,699.4518775971418,893.1207395286111,-0.0010746154186196397,1.710064566458915
B,10,34,18,1.9758841507138394,198,703.6753354729668,898.4522778424466,-0.0010632495790858947,1.7025528563762622
B,10,34,19,1.9751730229116817,200,712.0487566787109,908.8807280637074,-0.0010388810483968889,1.68261525994108
B,10,34,20,1.9789284049681315,200,713.8959941066005,913.0105828779074,-0.0010357549316771459,1.6816640568016472
B,10,34,21,1.9785302551054742,200,713.4341280957655,912.5385794284119,-0.0010371297617789784,1.6826160502697907
B,10,34,22,1.9780911918179331,200,712.786066319762,912.0006036833181,-0.0010380500957811835,1.6831793609881118
B,10,34,23,1.9733007748032887,200,712.023908666731,911.2993461402763,-0.0010373748783814743,1.6806018892833043
B,10,34,24,1.9702946546521742,198,704.96278615769,899.8167874739431,-0.0010572992009203965,1.6953674566675883
B,10,34,25,1.9686743972214171,197,696.5147721999377,890.3901318039146,-0.0010801158585108798,1.7129107375262818
B,10,34,26,1.97503180808094,195,692.2174347762484,884.4672750075044,-0.001097984994829507,1.7297756819237295
B,10,34,27,1.9745971200580932,197,700.8923677210803,894.8131301268079,-0.0010711751982829772,1.7083211316990696
B,10,34,28,1.9764590223109004,199,711.301902686664,906.9675736231638,-0.001042825536933024,1.6863256424039768
B,10,34,29,1.9708353637418077,200,714.7105706408263,913.9564410619214,-0.0010292013414352687,1.672894747236102
B,10,34,30,1.959012966182486,200,712.692571968325,911.7080684957727,-0.0010285108848231057,1.6673307990533712
B,10,34,31,1.9591906827984684,200,712.4323307757148,911.5314603938261,-0.0010293256851958599,1.6680708547029282
B,10,34,32,1.9573936254758777,200,706.4563055506638,903.4117495598073,-0.0010435298230586205,1.6788265186329452
B,10,34,33,1.9571729796495099,198,704.5122923260966,899.4639479064381,-0.0010513404178601885,1.6849487995810097
B,10,34,34,1.9647670485987347,199,707.1665421772676,902.9740872986649,-0.0010472342516624864,1.68492404340512
B,10,34,35,1.9696003432135414,199,709.8978530772658,905.7271233395669,-0.0010428325305098763,1.6834178345629522
B,10,34,36,1.9706198077461519,200,715.5395658519521,914.7434618303048,-0.0010273307780801952,1.6712756147898595
B,10,34,37,1.9657924426338433,200,713.980002168172,913.2380009764373,-0.0010284433414118124,1.6701432050425575
B,10,34,38,1.9588162112558403,200,714.7325081365271,913.7952780456936,-0.0010231884474537127,1.6629063224572977
B,10,34,39,1.9744912316068508,200,706.1963271966091,905.38530464797,-0.0010533737336810645,1.6940859901771161
B,10,34,40,1.962277396988144,200,713.5622055729121,912.686771928804,-0.001028119662448247,1.668395224234636
B,10,34,41,1.955522473530519,196,696.6167282283016,889.472159816057,-0.0010739029225971832,1.7022223498444107
B,10,34,42,1.960506193454141,197,700.4717132301681,894.3901343144859,-0.0010650866453520203,1.6973769797371268
B,10,34,43,1.963583400487933,198,706.8681234547707,901.72784601789,-0.0010485042711992456,1.6854019405205425
B,10,34,44,1.9622850588528868,199,709.4143813821685,905.489134639624,-0.0010398302807599707,1.6778711832568787
B,10,34,45,1.961907788456133,200,715.3240391296928,913.6544245057347,-0.0010232430233344664,1.6642550257722033
B,10,34,46,1.9648637885114528,200,716.9157372367225,916.0738268898726,-0.001020542897011415,1.6632920408242013
B,10,34,47,1.9708044403835652,200,717.5454501031193,917.1112810412088,-0.001021751391222322,1.6667858866121568
B,10,34,48,1.9692841952552114,200,716.9972938146952,914.0827276643296,-0.001022766992280833,1.6669712043935112
B,10,34,49,1.967475104387876,200,712.6601203116007,909.5346026375078,-0.0010329897706374803,1.674558840129007
B,10,34,50,1.9635548169575197,200,714.6711073563497,911.5823442804452,-0.0010258594952721838,1.6670842088090498
B,10,34,51,1.9600834205195272,200,716.1905322802561,914.5665122382595,-0.0010199296693933024,1.6607768232910898
B,10,34,52,1.960953646065624,200,714.4907735311336,913.6017351985607,-0.0010249937933461703,1.6652845223654933
B,10,34,53,1.9776341919421851,200,696.7689053102292,896.0038269677458,-0.0010802227095542607,1.717012624376323
B,10,34,54,1.9785402962609655,200,705.133226012666,904.4647059823047,-0.0010580198810518256,1.6995700954497623
B,10,34,55,1.977684781921315,200,710.4983556296464,909.4262120669375,-0.0010440429679309234,1.6878841810861687
B,10,34,56,1.9826403185018762,200,707.899506285474,906.9541882832082,-0.0010538689032717125,1.697962409239186
B,10,34,57,1.980932945169383,196,687.6848855205901,880.3891605064009,-0.0011131239899548069,1.7443557138487997
B,10,34,58,1.9767981648855713,197,698.0726092422584,891.9595031023921,-0.001080418396948521,1.7166635141656275
B,10,34,59,1.9750144454011127,200,703.33107520317,900.157223170538,-0.0010616757071638516,1.701001633452996
B,10,34,60,1.980376119641787,199,699.6642183323315,895.5575531036743,-0.0010753165615181805,1.7142166571953215
B,10,34,61,1.969339937675726,200,706.9570022892328,905.9799433286929,-0.0010481358090957378,1.6876538127981475
B,10,34,62,1.9730211948790335,200,710.431144310343,909.5455977055204,-0.0010411430780943927,1.6835491389660864
B,10,34,63,1.9713004671308705,200,714.126927284047,913.1789486586015,-0.00103124529252688,1.6747594637077818
B,11,35,0,3.947321160731485,200,712.4172581090655,911.4838337765681,-0.002073681670699962,3.360627280694778
B,11,35,1,3.948298763317333,199,709.1487400059342,902.4867211043916,-0.0020950854537516925,3.3783145677446003
B,11,35,2,3.9440807897235404,200,713.0580437034545,911.7299870447587,-0.0020684238317038002,3.3549885191568616
B,11,35,3,3.9479932452328588,200,713.8554886676478,911.0862865883008,-0.002066391214856761,3.354974008456803
B,11,35,4,3.9441099217269406,200,712.2143413197812,910.8450630825326,-0.002073686611996539,3.3592944414522954
B,11,35,5,3.9484694710657147,200,717.6723387323872,915.1241867573324,-0.0020483896127983267,3.3404587577302824
B,11,35,6,3.9546131709681047,200,712.8407443170001,912.2428950885198,-0.0020756027042381775,3.3653060081168586
B,11,35,7,3.957393343494212,200,719.3462326832557,918.3835715299032,-0.0020436159020768402,3.340312100194439
B,11,35,8,3.952927769278926,199,709.0153114463911,902.2570644832763,-0.002098194106945025,3.3828021878140317
B,11,35,9,3.9455907916419783,196,697.6245362297822,887.402496109212,-0.0021640732720061167,3.432326729088463
B,11,35,10,3.9498278183608866,197,697.9833920012551,889.1463775358869,-0.0021616522270288224,3.4323148081177437
B,11,35,11,3.958694960539605,198,701.2686875329438,893.1655346874348,-0.002145790970272989,3.4235420414373485
B,11,35,12,3.955919162505828,200,710.3517990191084,904.5999630321988,-0.002089915886546278,3.3774423079590625
B,11,35,13,3.951894686533682,200,711.0361622532257,909.3829493604168,-0.0020829632419187517,3.370137056799538
B,11,35,14,3.9459828496229106,200,711.981761018652,911.3384818928162,-0.0020747886836319273,3.3609880681311255
B,11,35,15,3.9421280537616274,200,715.1222924458918,914.374107591353,-0.002057444768003169,3.34521201889656
B,11,35,16,3.9296060884374397,198,706.3976280843755,898.2142382342346,-0.0021032389443461077,3.3768410148023777
B,11,35,17,3.942663031333445,198,702.180553884564,894.4123741512628,-0.0021313919483264302,3.4050919510832545
B,11,35,18,3.9609556629200253,198,704.8617387889626,897.1271058925006,-0.0021266086734816588,3.4090965252450594
B,11,35,19,3.9601085478423923,200,713.8581285632623,908.8487278850426,-0.002074258879536467,3.3664873592699607
B,11,35,20,3.955804688891847,200,714.4172144346696,913.4579497162702,-0.0020673572330235984,3.35908223403951
B,11,35,21,3.9463476825220116,200,714.402215356016,913.8136656653211,-0.0020623381419653725,3.350990230543066
B,11,35,22,3.950425739123199,200,712.5137791646848,912.3492303898915,-0.0020729133916484056,3.3613408925464725
B,11,35,23,3.94393385778518,200,714.204280938793,913.4634117497005,-0.0020622017180381624,3.3498568404063924
B,11,35,24,3.9440240925304346,198,706.0806013512715,898.6997727108198,-0.002110869871308767,3.3891650709926973
B,11,35,25,3.9391995261578283,197,699.7509359585152,891.0001640969799,-0.00214475017369326,3.414223511225682
B,11,35,26,3.9499098270543374,196,694.0127969834068,884.0740009341769,-0.002185949792144966,3.4515946810068887
B,11,35,27,3.9556132622623363,198,700.7437042830479,893.0294578707043,-0.00214544142982849,3.421937119263362
B,11,35,28,3.9549890816763784,199,709.7988614662014,902.7788900849104,-0.002095787925476778,3.381726580875227
B,11,35,29,3.949638049081438,200,713.7657176299722,912.8922205056105,-0.0020677828640099623,3.3568194328504823
B,11,35,30,3.937787810586734,200,710.5207359218426,909.7770017410946,-0.002077842872109236,3.3599965539803263
B,11,35,31,3.935377912907798,200,708.6392361317414,908.0104036409678,-0.002085760400240072,3.3653984948652074
B,11,35,32,3.925653165913506,200,712.0910777677211,906.3480170492008,-0.0020658373289582674,3.3450278997697893
B,11,35,33,3.9351713377250244,199,708.3349816855125,901.2834743024383,-0.0020929844468645423,3.371017591673711
B,11,35,34,3.945268790382347,198,703.8445894462989,895.902123459913,-0.0021244008631267157,3.400596417555257
B,11,35,35,3.9441704387981873,200,713.298044887586,910.5715684011392,-0.002067670932450966,3.3544007390778496
B,11,35,36,3.9419876103561955,200,714.5709221318298,913.6122879431942,-0.0020593410997840275,3.3467010246303808
B,11,35,37,3.9388257275766443,200,712.7419949680236,912.0184933603083,-0.002067478225262225,3.3520018330754757
B,11,35,38,3.9373747634567056,200,704.2271434048621,903.4617929565935,-0.0021110554853592937,3.3867035789083797
B,11,35,39,3.9497309273743144,200,708.6517468845994,908.1341213063974,-0.0020931503737024056,3.3774979749009733
B,11,35,40,3.941074612498019,200,708.9384450665494,906.6257747125848,-0.0020866240996010397,3.368504866142977
B,11,35,41,3.9545812500906727,198,681.4046634763116,873.3456669161695,-0.0022546271471124524,3.507935519173642
B,11,35,42,3.91535031806825,198,703.2444532115877,895.5393873849722,-0.0021109496532695816,3.3769463862313644
B,11,35,43,3.9070788325546046,198,709.9870379251246,902.0262422238243,-0.002072379439164083,3.3422789604082395
B,11,35,44,3.9208419820644758,200,713.8919080212604,908.1757559179773,-0.0020541506752997742,3.3334703072570817
B,11,35,45,3.910437223937343,200,716.0693572783108,913.517442361153,-0.002036055260702585,3.3143366001782226
B,11,35,46,3.915212338762416,200,715.390930828299,914.051051872686,-0.002040700919665163,3.3201623563207425
B,11,35,47,3.934903087101965,200,714.274853262118,912.9223045592719,-0.0020579733061381928,3.342589251740942
B,11,35,48,3.9407342956689417,200,713.3495962058963,911.0397098579845,-0.002065454504845956,3.351147557528903
B,11,35,49,3.9209356337893033,200,716.0181311546938,911.0087706542691,-0.0020427426731245047,3.32420429326299
B,11,35,50,3.913519233244976,200,718.2641722900737,913.9440510356733,-0.002027435515803825,3.308554830465604
B,11,35,51,3.92382720238521,200,713.5280119281076,911.4699198668936,-0.0020553365795494276,3.3357433946685187
B,11,35,52,3.921620892900054,200,714.5208213426033,913.7545571164194,-0.0020478076024895717,3.328680228841601
B,11,35,53,3.9520744413499895,200,701.8998517093626,899.9651681149861,-0.0021318138865703685,3.409707355982145
B,11,35,54,3.9531845873480793,200,709.0975523462714,908.3525324145547,-0.0020944120777388925,3.379989649172269
B,11,35,55,3.9565922015640624,200,708.0168515845926,907.4549999897225,-0.002100798254524094,3.386614014306685
B,11,35,56,3.9558216667902992,200,710.1036445467669,909.0596699821859,-0.0020895258170790946,3.3771414307379715
B,11,35,57,3.9593685598181048,196,690.4967685569849,880.7572730976176,-0.002210045335159796,3.474797948801544
B,11,35,58,3.95572202446741,198,701.1155017443905,893.1682178453258,-0.0021448340088128805,3.421492434381057
B,11,35,59,3.9454948343882013,200,706.5413775851384,900.4309792920329,-0.002106040008030622,3.386066115680583
B,11,35,60,3.939066001509536,200,707.995585049373,902.2486101828875,-0.0020938808378856938,3.373489674103447
B,11,35,61,3.939405685047085,200,710.892794088205,909.0599290032544,-0.0020768040383041756,3.359826600326329
B,11,35,62,3.9434923403342514,200,711.0873572184139,909.6513775053527,-0.0020770872386843887,3.36179404844543
B,11,35,63,3.9328927426144182,200,715.0286468611021,914.1040041789281,-0.0020524014033293046,3.337191942200328
B,13,37,0,3.9562115539327984,200,710.9141932097114,909.7919407047366,-0.002086197957961326,3.3745763294395967
B,13,37,1,3.954681751269333,199,710.5791152200806,904.05933315317,-0.0020896592334341455,3.376625955396899
B,13,37,2,3.9378741285717576,200,714.5476640378012,912.5922767990442,-0.0020574637757503097,3.34342243342975
B,13,37,3,3.948505272855106,200,714.7564233475939,912.3291548206405,-0.002063230769508255,3.3526137804786487
B,13,37,4,3.954282423372878,200,713.8083592586053,912.4139329372225,-0.0020693164246658093,3.360033715728823
B,13,37,5,3.964989846605299,200,715.5958211755471,913.317757363827,-0.002066420270929401,3.36218133302332
B,13,37,6,3.9594195372299987,200,712.5893815919186,912.0868684068074,-0.0020786874868293477,3.3698533249910274
B,13,37,7,3.962184648727542,200,715.6099328871802,914.9609645426322,-0.0020654767570593407,3.360239655534823
B,13,37,8,3.951389163229477,199,709.0610338334806,901.9125333156302,-0.0020981314419595697,3.382093996591589
B,13,37,9,3.9534785496709883,196,694.5821042375652,884.9541103025557,-0.0021833678277301547,3.4510974284827496
B,13,37,10,3.962420219854853,195,691.2831377870365,880.1532119797607,-0.0022107907838578916,3.4766257154371756
B,13,37,11,3.951619285252531,200,709.8506780062568,904.2709147441957,-0.002090331792620891,3.375956734233455
B,13,37,12,3.9572437516876366,200,710.1907474859224,904.2651722932482,-0.002093202986906527,3.3806759795670906
B,13,37,13,3.9466274383225133,200,712.3541316722282,910.6314376056631,-0.0020736324516227858,3.3603116988644572
B,13,37,14,3.939117346818308,200,713.7047954600289,912.7220779072402,-0.002063252537086788,3.3486812159203208
B,13,37,15,3.9420764617485062,200,713.6814221965085,912.8011554102943,-0.002063150904889773,3.349849707996124
B,13,37,16,3.938397526636041,198,702.0778970339561,894.258499923556,-0.0021299574877119034,3.4021104179184114
B,13,37,17,3.9486962280513627,198,705.2356011752125,897.5500794380494,-0.002117981254283865,3.3968969776889386
B,13,37,18,3.9557388705185654,199,705.1503256387168,898.6603491937373,-0.002119137231462364,3.400929749517604
B,13,37,19,3.9569435709327796,200,714.2493200715244,910.112789599649,-0.002069338043475127,3.3611434889623775
B,13,37,20,3.9554491782760115,200,713.3217145718677,912.3910318000685,-0.0020728951967668,3.363450594134461
B,13,37,21,3.944398476783182,200,715.2521307867111,914.6115883111048,-0.0020569757800962744,3.3457865178785666
B,13,37,22,3.957717945295032,200,713.0498670721777,912.2426607233243,-0.0020764595905224726,3.367316281016988
B,13,37,23,3.9410669246818864,200,717.5986263314029,916.8674924556129,-0.0020438839572283927,3.333660716275808
B,13,37,24,3.943570900015309,199,708.6700948562917,902.04286889925,-0.002094078375763139,3.3754814893847884
B,13,37,25,3.9227008132920638,197,699.0742247764043,890.3085056467804,-0.002139892048971347,3.403221530163501
B,13,37,26,3.952190509468396,195,692.24963138643,881.6566363558413,-0.0021986550762611336,3.46256718165208
B,13,37,27,3.9563320549576098,197,701.519775634095,892.7128081185015,-0.002144823809741572,3.4216610549064206
B,13,37,28,3.9572374560933503,199,709.0725663142911,902.0802086397059,-0.0021007353974882,3.3866928379239205
B,13,37,29,3.94697741105718,200,714.0600535564713,912.8235337556183,-0.0020647582217322366,3.3532296167440014
B,13,37,30,3.9387408226510745,200,712.1541375805078,911.3626839280107,-0.0020702420919868417,3.354216820618472
B,13,37,31,3.9117171423264505,200,712.2072606934568,911.4394170710707,-0.0020556070697888423,3.3308538223923962
B,13,37,32,3.9154325222023,200,709.0458540832007,903.3310557726516,-0.002075938497319419,3.348890052105279
B,13,37,33,3.92022988904438,198,705.1199725969476,897.1099562205382,-0.002104450017821197,3.3738082829752845
B,13,37,34,3.935523261794799,199,706.0038670021491,899.267639779959,-0.002104496169155053,3.3804733454253055
B,13,37,35,3.9448304460742176,200,713.0767908734865,906.9899991619686,-0.0020712626946420313,3.357568066322907
B,13,37,36,3.943994720045462,200,715.5060024789418,914.8416507752513,-0.0020548597687159013,3.3438851952314037
B,13,37,37,3.945586982675844,200,713.8798010899667,913.3118052382405,-0.002063870240777053,3.3519200044015256
B,13,37,38,3.9346546515162553,200,707.5733542907461,907.2010498446404,-0.0020909830136594757,3.3693199103456095
B,13,37,39,3.948438091653217,200,710.0955642759606,909.3090712336417,-0.002085490879405923,3.370732088032133
B,13,37,40,3.9460687671769654,200,712.1893872102457,907.8167067182503,-0.002076232093768735,3.3621595270638114
B,13,37,41,3.960026326979727,198,680.3174114220315,872.623970463871,-0.0022639895548861467,3.5176544979381474
B,13,37,42,3.9162428856021316,198,703.4495505225223,895.5768946203362,-0.002110686427631847,3.3771168352418792
B,13,37,43,3.906684772847444,198,709.3204714153574,901.8792459523985,-0.002073666495239809,3.343154876007133
B,13,37,44,3.9201313666242874,199,711.6593623043161,905.0603672824626,-0.002066834860875971,3.3434109165329726
B,13,37,45,3.9211150103341286,200,714.0442173765621,912.1174809882943,-0.002051946990479445,3.331833673981894
B,13,37,46,3.9132132826060975,200,714.6115837296563,913.1087935588789,-0.0020434261673196465,3.321542057805904
B,13,37,47,3.9364761609803103,200,711.3336724990867,910.191729550536,-0.0020729937253301956,3.355494751269311
B,13,37,48,3.939017685906402,200,715.1397116855985,913.1816804967633,-0.002054876215733632,3.341784049049341
B,13,37,49,3.917996647906814,200,715.1332234071908,910.2331705907386,-0.002044849939416477,3.3246866583971273
B,13,37,50,3.9244904157301845,200,715.4643961440331,911.4572803131639,-0.0020461449425171396,3.3284947760243764
B,13,37,51,3.930058410335137,200,714.7140628577612,911.931207037443,-0.002052566745581396,3.3361048487197156
B,13,37,52,3.9176076819998156,200,712.9552187547391,912.4036292332444,-0.002054465391314001,3.332417472141136
B,13,37,53,3.9619827709905926,200,704.7683476750074,899.1411553673208,-0.0021223598011464026,3.406285703578403
B,13,37,54,3.960933308599173,200,708.7095400876256,908.2139075265502,-0.002098370730554343,3.3864975013321947
B,13,37,55,3.9593165731241347,200,705.305237057727,904.8168842966293,-0.002115769892293747,3.399886747011564
B,13,37,56,3.9602187997279272,200,706.8237428347499,905.9562787270798,-0.0021087852286359736,3.3946221659506333
B,13,37,57,3.9640011124131362,195,686.7602316716287,875.8866802461905,-0.002237033983170643,3.49799816591468
B,13,37,58,3.9618275522383803,198,698.7879987324834,890.901546693225,-0.002160195628814421,3.4364250625002724
B,13,37,59,3.94291567768062,200,709.0182214734307,906.907110545183,-0.002087602873822954,3.370084142438957
B,13,37,60,3.9358782124807727,200,710.6829308692392,904.7441317463353,-0.002078428530242107,3.359601034031237
B,13,37,61,3.9298047831057565,200,712.8617061015145,909.7498338839616,-0.002063473707716882,3.3448958520436607
B,13,37,62,3.9444257977826993,200,713.2878720924956,910.9558549016051,-0.002067145923096323,3.354081695881429
B,13,37,63,3.9483474736193127,200,712.6205930988752,911.6460177109294,-0.002072135317344994,3.3598249092447245
B,14,38,0,1.977595146523777,200,711.1715729536378,910.3266430271167,-0.0010419843129614553,1.6861651517464735
B,14,38,1,1.9773782557876978,199,708.1302456555912,904.1369766619121,-0.0010510981117671583,1.6934276745639343
B,14,38,2,1.9694731842069988,200,711.8989783402898,910.9282208229208,-0.0010360870264905296,1.6779329538817076
B,14,38,3,1.9710437426007852,200,712.3651033650528,910.7157552882818,-0.0010354189233589106,1.6780521112914402
B,14,38,4,1.9760442625060455,200,712.6110810116378,911.4932825188242,-0.0010375427632666777,1.6819011708917189
B,14,38,5,1.9815470605093166,200,714.3397348324788,913.3514470610484,-0.0010360487079098407,1.6830108050689827
B,14,38,6,1.9829851826933145,200,709.4054446045378,908.719397207542,-0.0010491517274725914,1.694284246288585
B,14,38,7,1.9819255456486906,200,714.2713423411423,913.2628411510705,-0.0010362291831809345,1.68331606140999
B,14,38,8,1.9749721702176737,198,704.6937992644779,899.6768747787094,-0.001060343487814875,1.6998229423544609
B,14,38,9,1.9768169738372598,195,691.5879892868958,883.5096566944599,-0.0011014419790700356,1.7332903317288681
B,14,38,10,1.9831288110761043,194,686.2438188774463,877.1094095569845,-0.0011211729648283677,1.751554067869159
B,14,38,11,1.9762540409569793,200,710.4692180365081,907.4075719298232,-0.0010433888154419322,1.6867401448033263
B,14,38,12,1.9801835272517951,199,706.7408837588727,902.6069670750996,-0.0010564683934259573,1.6989676049778282
B,14,38,13,1.975636749191963,200,713.3611294831634,912.3635303140396,-0.001035382261203015,1.6799687175771725
B,14,38,14,1.9731831257388492,200,712.2160542788023,911.5614525546865,-0.0010369701082607245,1.6802234461611556
B,14,38,15,1.9710709277696932,200,714.754695818277,913.9121465650799,-0.0010297930353508847,1.6734775850540797
B,14,38,16,1.9713122408995278,198,700.4010834635319,895.2277049247152,-0.0010702339234331898,1.7061975044922577
B,14,38,17,1.9715779617063258,198,702.2711650136579,897.0965137847784,-0.0010653432413862366,1.7023888269164718
B,14,38,18,1.9781221772798236,198,704.6598198071786,899.3940422353214,-0.0010623748926258975,1.7028085556252996
B,14,38,19,1.9784795920629954,200,713.8267952673098,910.7206419538398,-0.0010358177819461678,1.6815191006283698
B,14,38,20,1.9779707934660449,200,714.6442111304459,913.7361432197447,-0.0010336205136916435,1.6795173295716979
B,14,38,21,1.9770755581287978,200,712.7208074182773,911.8679178990832,-0.0010378886665067262,1.682618902098572
B,14,38,22,1.9771640204148464,200,711.2693228087019,910.4618261253331,-0.0010415694258125861,1.6856523175216904
B,14,38,23,1.9702110496797896,200,713.9048252595089,913.1561908963807,-0.0010308087911429778,1.67394166511651
B,14,38,24,1.9719824293389847,198,705.8388693472805,900.6139410277115,-0.0010559278296249528,1.6949836476911155
B,14,38,25,1.9729506024532497,197,689.9416040241588,883.7441962470409,-0.0011010698829150459,1.7313992930979973
B,14,38,26,1.9785780441044583,194,687.8726604526757,878.7751599646682,-0.0011138276400749338,1.743784200095476
B,14,38,27,1.9812332690853725,197,699.7412218978623,893.3673459889179,-0.001078583163079115,1.7171112042495085
B,14,38,28,1.981139325942761,198,703.5947131967735,898.486373633864,-0.0010665200949990569,1.7074378310457958
B,14,38,29,1.9746255447305063,200,714.4722172053132,913.6022015813736,-0.0010322860524418832,1.677013632259675
B,14,38,30,1.9692459992804727,200,711.9474000041292,911.0224769402532,-0.0010359610556160215,1.6777330834048003
B,14,38,31,1.957527379869317,200,715.3184285828985,914.5756702267504,-0.0010209646470918745,1.6605450301194489
B,14,38,32,1.958289593137198,200,708.9024400852527,905.8373030595983,-0.0010378568010556662,1.6746155690999216
B,14,38,33,1.9665553996830558,197,697.0073409613996,891.0445528358252,-0.0010779198389375855,1.7102439541837813
B,14,38,34,1.9724710916292676,199,704.7637903019128,900.6923945290363,-0.0010576488567980583,1.6966245135982152
B,14,38,35,1.972718584457287,200,715.3037768488548,912.3397070040563,-0.0010290100722771577,1.673526652179563
B,14,38,36,1.9718148128560034,200,716.4257540453337,915.5623188776244,-0.0010257417724538677,1.6704788572652283
B,14,38,37,1.9702736244788934,200,713.9618767600008,913.3028547326011,-0.0010305910222178718,1.6737910254711865
B,14,38,38,1.9710334091150752,200,707.5373804374146,906.909959329323,-0.0010478832982792011,1.6881701241489548
B,14,38,39,1.9742597536519426,200,709.0183688446283,908.4551545923077,-0.0010456115958617472,1.687702386802759
B,14,38,40,1.9772615406647036,200,708.9068639752036,907.646785470975,-0.0010478159269643754,1.690767161576084
B,14,38,41,1.975367037898507,196,687.6177598407926,880.6731542502666,-0.0011098148494820984,1.7393110372279326
B,14,38,42,1.9607078546802916,198,705.4212118290445,900.2267601813006,-0.001050544518327931,1.6858200461524122
B,14,38,43,1.959875934300427,198,704.6865441531398,899.4217156341579,-0.0010519207349018109,1.686574351304622
B,14,38,44,1.962683044960856,199,707.7229704784247,903.4379926182631,-0.001044844197041673,1.6821017847131836
B,14,38,45,1.9591184129369281,200,715.6173255327587,914.0427031742157,-0.0010212311101387725,1.6614347887106446
B,14,38,46,1.9551153453848094,200,715.9733888925712,915.0017780933574,-0.0010178706706694865,1.6569966925944182
B,14,38,47,1.9631761913082715,200,715.6147248822602,915.0185273937007,-0.0010227999246067256,1.6644310390472339
B,14,38,48,1.964887138831444,200,715.0441189958982,913.1715353237315,-0.0010257386143829096,1.6675521947096257
B,14,38,49,1.9598499834015517,200,712.9842479903805,909.9358216405853,-0.0010283510252407763,1.667550478846902
B,14,38,50,1.9597960081874248,200,713.641882830306,910.5276012760714,-0.0010267612208532514,1.6662314465782875
B,14,38,51,1.9572137266373508,200,717.5519745483821,916.3914513484378,-0.0010151235253790135,1.6556342658401235
B,14,38,52,1.9612233032267468,200,714.7553453879314,914.2299203274474,-0.0010242791713102786,1.6648144190131624
B,14,38,53,1.9796372966289772,200,700.5084100085738,897.9962197158882,-0.0010716831666064159,1.7110330390129478
B,14,38,54,1.9806083549682114,200,706.4123437127106,905.6558337338785,-0.0010559918102673498,1.6988141791843308
B,14,38,55,1.9788589384395034,200,706.0270436347873,905.2222836506694,-0.0010562575049275044,1.6982808787673038
B,14,38,56,1.9772514406782593,200,709.3703097780821,908.5371419463041,-0.0010464461428620559,1.689652863737903
B,14,38,57,1.9826282838055043,195,684.4314581474204,876.0513216610642,-0.0011248770273250585,1.7542863651172165
B,14,38,58,1.979993814566538,197,695.3986865335645,889.2328328347022,-0.0010895269006552044,1.7253097152950065
B,14,38,59,1.971906806344122,200,707.7849973486175,906.6923406806188,-0.0010477547651533707,1.6884400682071692
B,14,38,60,1.963887662330015,199,708.8791662656331,904.6146526508093,-0.001042647584963833,1.6808371217778921
B,14,38,61,1.9674278275485435,200,712.8872113425899,910.7456320703536,-0.0010320605357868845,1.673782938427444
B,14,38,62,1.9676099028785394,200,713.3231006793992,912.0684478648568,-0.0010313328641204356,1.6732702767760168
B,14,38,63,1.9739215719583922,200,714.3213726424348,913.5432017551859,-0.0010315139871379868,1.6760870293361543
B,15,39,0,0.9878755409354671,200,712.9151985240151,912.058333438124,-0.000518269829843733,0.8404758296732779
B,15,39,1,0.9890689352572724,199,707.2507745464493,904.4298940459604,-0.0005270386561620769,0.8480818281007774
B,15,39,2,0.9855305375539511,200,713.3110492883175,912.3904543452992,-0.0005166181449929584,0.8381397579570333
B,15,39,3,0.9856581351936231,200,713.9995594522657,912.7787763885655,-0.0005156147887786011,0.8373750395282376
B,15,39,4,0.9879212449834731,200,710.0158061098634,909.1052778933215,-0.0005221782047880994,0.8436770804836449
B,15,39,5,0.9895554815673674,200,714.1966430294883,913.3637971695653,-0.000517520286097914,0.8405774008958233
B,15,39,6,0.9894866947610951,200,711.4515398180047,910.4655849338789,-0.0005209885671104485,0.8433738937434732
B,15,39,7,0.9907639353090644,200,714.1403681741521,913.1288712269532,-0.0005182564997843047,0.8416884839492207
B,15,39,8,0.9875701357514256,198,703.8834267450696,900.1586448206425,-0.0005311614164338925,0.8507446810161801
B,15,39,9,0.9885170633364878,195,687.8253546885809,881.050239358701,-0.0005558341716478249,0.8707281220395693
B,15,39,10,0.9925447759646402,193,682.6092124767669,873.7839446663322,-0.0005671058937373989,0.8812918986314007
B,15,39,11,0.988180702236145,200,712.6231778529574,910.8703264621566,-0.0005188403936357596,0.8410716324224664
B,15,39,12,0.9892259063700106,198,704.13952448198,900.3966288856694,-0.0005316145878732759,0.8518194970177965
B,15,39,13,0.989040810874762,200,710.9821902485614,910.1735935145628,-0.000521485705446798,0.8435897322892136
B,15,39,14,0.9865816850045663,200,712.602657451236,911.7538161427916,-0.0005180499065139847,0.8397510786232938
B,15,39,15,0.9861133731822507,200,713.6214824934221,912.8674359592554,-0.0005163867140241982,0.8381971748191042
B,15,39,16,0.9833668403861772,197,701.0637186634655,896.2257229276518,-0.0005334532757680849,0.8507590007525777
B,15,39,17,0.9873331079909038,197,700.2294028453509,895.5634391616982,-0.0005366043270431677,0.8549911088250397
B,15,39,18,0.9902331965402438,198,701.840719363183,897.9290009430455,-0.000535562077559265,0.8554254053468754
B,15,39,19,0.9900821457985765,200,713.6179348008733,911.9258061511424,-0.000518541147246028,0.8416323326785677
B,15,39,20,0.9907696946770778,200,714.1214111218799,913.3250040043849,-0.0005182772800813298,0.8417085002473621
B,15,39,21,0.986031130058356,200,713.5119920478594,912.5932123363491,-0.0005166389136343939,0.8383677658938365
B,15,39,22,0.9875396409239915,200,709.6815658764649,908.8224067155403,-0.0005223486609195873,0.8436523358274397
B,15,39,23,0.9867644617243556,200,712.9272150614223,912.0857214365255,-0.0005177068621430067,0.8395485311425224
B,15,39,24,0.9852101553331793,198,704.5253638492933,900.7578182593378,-0.0005291069882243102,0.8480800579390657
B,15,39,25,0.9859188199264262,196,693.1240440294952,887.3304387112786,-0.0005462997631331515,0.8620825211918883
B,15,39,26,0.9884998909418385,194,689.7237346948655,881.7970167552874,-0.0005539214112030623,0.8691903871346303
B,15,39,27,0.9907979593034231,196,693.5723477225888,887.7551471822352,-0.0005483891841823326,0.8658619139949231
B,15,39,28,0.9898642630299656,199,706.1055920976864,903.3062603384842,-0.0005288883343951799,0.849915956152093
B,15,39,29,0.9878360122237728,200,714.3430870568479,913.5146013729382,-0.0005164734265184763,0.8389961475748681
B,15,39,30,0.9830905894047759,200,712.6436005438167,911.729017448524,-0.0005161529988557282,0.8367275647561738
B,15,39,31,0.978099660720038,200,712.991002229174,912.1288504977584,-0.0005131134667785421,0.8321379574964636
B,15,39,32,0.9755758875968166,200,708.7262074747421,906.8405064756909,-0.0005173250440927131,0.834489420286563
B,15,39,33,0.9776178579240925,197,702.6680305275773,897.6622896651367,-0.0005282419925139524,0.8441063861340241
B,15,39,34,0.9852917208383571,198,702.5055547053439,898.7026417947576,-0.0005318222698248563,0.8502998208609143
B,15,39,35,0.9881059959268825,200,712.0751624095385,910.2916411820655,-0.000519546290461779,0.8416147581147542
B,15,39,36,0.9869105974412369,200,714.802136816719,913.8673972761827,-0.0005154966309910509,0.8378075090713799
B,15,39,37,0.9853502560724523,200,713.4276266474006,912.3808862027503,-0.0005164245022699304,0.8379049534371603
B,15,39,38,0.9867264573119137,200,708.9467170234714,907.9886572676305,-0.0005229605258799881,0.8438032850257238
B,15,39,39,0.9895631728125714,200,707.108439124337,906.2428441933351,-0.0005267728014363889,0.8480993690150567
B,15,39,40,0.987180571696375,200,708.4687030465484,907.0484106992766,-0.0005237893900556739,0.844668853063486
B,15,39,41,0.9904964392134495,197,674.7374815703662,869.9388717609473,-0.0005748630738812765,0.8865162186338893
B,15,39,42,0.9793644016676977,196,696.9657208798551,891.0923813717357,-0.0005373871952675535,0.8521533661945682
B,15,39,43,0.9780971642017401,198,705.7292352148467,901.9302015008391,-0.0005237239365232163,0.8406970035342605
B,15,39,44,0.9791070884022106,198,706.5517340463426,902.6144984176588,-0.0005231993854718896,0.8407037835881372
B,15,39,45,0.980104276065014,200,712.8903014545491,911.2560701797127,-0.000514185602162478,0.8338601964744348
B,15,39,46,1.0002395767670509,99,306.4004557934647,403.54110838542715,-0.002749665874458997,1.9494030906198705
B,15,39,47,0.9785304030119892,200,715.2296122190222,914.2050245030894,-0.0005105641132294211,0.8302386118022355
B,15,39,48,0.9830562518603982,200,716.9512735296605,915.1950944704865,-0.0005107800828307648,0.8323244580350775
B,15,39,49,0.9800223550972124,200,712.041484905581,910.1868336291831,-0.0005154219297736247,0.834832374058581
B,15,39,50,0.9811284105502328,200,713.4896711220739,911.8628555298922,-0.0005139663486677519,0.8341146654012361
B,15,39,51,0.9794093746585438,200,717.7284234585737,916.4222596550586,-0.0005077834208068882,0.8283346245412111
B,15,39,52,0.983254793086997,200,716.6683655501714,916.0369088311213,-0.0005108975627665407,0.8325049184915281
B,15,39,53,0.9898045297199931,200,697.5700480994414,896.5750216147384,-0.0005398381962044931,0.8587122488494352
B,15,39,54,0.9902574011524702,200,701.8162411754279,900.8041820345522,-0.0005342572525916496,0.854432964440232
B,15,39,55,0.9888392389861647,200,704.5191115576282,903.4641480964939,-0.0005298315833495013,0.850261279085188
B,15,39,56,0.9892295756625568,200,711.2312697159045,910.3134854084674,-0.0005212486196298925,0.8434771613554022
B,15,39,57,0.991497118952707,195,683.9053648179398,877.1691813841699,-0.0005631627088813718,0.877792688594508
B,15,39,58,0.9909989228931937,197,691.8916292838909,887.1489061802322,-0.0005501115349247649,0.8673380255139127
B,15,39,59,0.984214201259418,200,709.3800106812665,908.3662557349076,-0.0005209512597129891,0.8411058884295805
B,15,39,60,0.9829203975399805,199,709.820794671816,906.982689945504,-0.0005203228248601568,0.8400237306324172
B,15,39,61,0.980426238451962,200,711.3545035147321,909.5250704633254,-0.0005164044968291384,0.8358030711870781
B,15,39,62,0.9821181282282089,200,714.6769594552244,913.6945281179416,-0.0005129200014053772,0.833679579438821
B,15,39,63,0.9850165572854538,200,714.9532154100615,914.0707234824183,-0.000514196765729489,0.8359463347714942
B,16,40,0,0.9886497857523463,200,713.207892645299,912.136568411346,-0.0005184548591806325,0.84095420669878
B,16,40,1,0.985795543205739,199,706.3572491456736,903.5442577889077,-0.0005264403230770976,0.8462013368068323
B,16,40,2,0.9847329801677045,200,714.8122647762768,913.958823763133,-0.0005142392029492354,0.8358612933382645
B,16,40,3,0.9933266038908632,200,715.0735267595082,913.6274467300559,-0.0005187255067303942,0.8431534181906604
B,16,40,4,0.9963551283049339,200,714.1388896447941,913.8410193820232,-0.0005206499511270537,0.8460058193295057
B,16,40,5,0.9924397656639169,200,706.7981583982224,905.4419344726272,-0.0005290391490733287,0.8511598180704989
B,16,40,6,0.9899523683209652,200,710.7287917906881,910.0449648399838,-0.0005219204934679389,0.8443296630269924
B,16,40,7,0.9872961654026253,200,711.5147371395777,910.3210432138222,-0.0005201536398348913,0.8417658699896107
B,16,40,8,0.9883807981153955,198,701.1838886802184,897.4375952503035,-0.0005352134155397128,0.8543495135060541
B,16,40,9,0.9876844346840581,195,690.937366016816,884.2421540877926,-0.0005508987497114319,0.8664705272243629
B,16,40,10,0.9918901908954394,193,680.4891461361207,871.5728342704277,-0.0005699326371153129,0.8832070659434331
B,16,40,11,0.9886244326125182,200,709.806263195097,908.0526824822048,-0.000522621106589047,0.8443344895159113
B,16,40,12,0.9896540490974282,199,704.4886629672349,901.4782890065129,-0.000531119712390212,0.851626056721225
B,16,40,13,0.9884889022435399,200,712.7609144243403,911.9317285107325,-0.0005187927628641349,0.8411640834010465
B,16,40,14,0.9869375853654255,200,712.0632874965975,911.2376573664022,-0.0005189658305902484,0.8406476459414503
B,16,40,15,0.9864526584096196,200,714.1609132203766,913.3475905025458,-0.0005158162022710727,0.8378751564897702
B,16,40,16,0.9837185437077521,198,700.516370748397,896.7296788933171,-0.0005336634124340451,0.8511006564594721
B,16,40,17,0.9875085724300268,197,699.7205962587957,894.9369363204112,-0.0005375027898986513,0.8557858793844846
B,16,40,18,0.9898123801065669,198,701.4845604183884,897.6652679489159,-0.0005357335677980386,0.8553824139810107
B,16,40,19,0.9903662132223995,200,713.0855043597636,911.9636809335111,-0.0005193304572918016,0.8423965092645238
B,16,40,20,0.9892791544372161,200,714.3505192540431,913.5122726773894,-0.0005171851533780457,0.8401870886924063
B,16,40,21,0.9881403803288124,200,713.9441479254981,913.0839331272928,-0.00051712296405049,0.8396544155919012
B,16,40,22,0.9872695382851047,200,712.7890060670015,911.9806755154139,-0.0005180067451865185,0.8400068128577187
B,16,40,23,0.9873038045846864,200,713.7594679254711,912.8810433978633,-0.0005169465184075142,0.8391566537443512
B,16,40,24,0.9876947034898271,197,703.2877250427107,898.5549416353231,-0.0005327013922918942,0.8520152841408868
B,16,40,25,0.9848973343635105,197,695.6942375824954,890.941861496393,-0.0005414052104325204,0.8577723782332838
B,16,40,26,0.988506631112855,194,690.1759359910228,882.2408499051302,-0.0005531778143325556,0.8686065934862834
B,16,40,27,0.9891692339373953,197,697.7832284394153,892.8594104573718,-0.0005410701253077099,0.8593535497358415
B,16,40,28,0.9884221532523152,198,703.1784589262728,899.4323393617592,-0.0005325774620954044,0.852249764491045
B,16,40,29,0.988020009703028,200,713.7873438928289,912.9501892535052,-0.0005172083154169503,0.8396737700135523
B,16,40,30,0.9840802066080877,200,712.8929918498816,911.9645952849879,-0.00051647601409004,0.8374095589972164
B,16,40,31,0.9826744021291025,200,708.1787575125695,907.3024351083213,-0.0005218049399546007,0.841142364446721
B,16,40,32,0.977509840491348,199,709.1768449584501,906.3127357900456,-0.0005183024447793456,0.8360839065905556
B,16,40,33,0.9848111685603627,197,696.1980698739854,891.3892083349239,-0.0005407468846536773,0.857210726398725
B,16,40,34,0.9857515640648914,198,699.4535070664505,895.6764440572732,-0.00053612185479016,0.8539455592305167
B,16,40,35,0.9879843561287345,200,707.3405085186671,905.5155538340971,-0.0005255829507577096,0.84646316033289
B,16,40,36,0.9864414836113058,200,713.9888064299079,912.945291543709,-0.00051636225859872,0.838315750102815
B,16,40,37,0.9850144194766142,200,714.6435569685406,913.8187529622624,-0.0005145447898341384,0.836229255151434
B,16,40,38,0.985501073882582,200,710.5449899595891,909.7140370116662,-0.0005200920426421381,0.8409538029879081
B,16,40,39,0.9877414552817676,200,710.9343617518856,909.7585654374236,-0.0005210426937628212,0.8426778752301023
B,16,40,40,0.9879179109553948,200,707.0538345097898,905.290699402404,-0.0005260207242021327,0.8467892370530381
B,16,40,41,0.9808506442306135,198,697.7104438370482,893.8466919239858,-0.0005359328552351412,0.8516802793717367
B,16,40,42,0.9782717814556786,196,695.5673187466714,889.85785621763,-0.0005385933544407948,0.852640476450567
B,16,40,43,0.9863005551206218,197,692.4184545594065,887.707101237925,-0.0005466944362982441,0.8625845864168087
B,16,40,44,0.9790861555541575,199,713.1550248443298,910.2636917876628,-0.0005141057834455657,0.8333425504380354
B,16,40,45,0.9782195297963605,200,714.5681973466978,913.6583270541122,-0.000511259343517921,0.8306765502117905
B,16,40,46,1.0002167614754633,99,307.210862415374,404.2553408040476,-0.0027383657994633458,1.9453431408133879
B,16,40,47,0.9817207575257594,200,713.8144266651295,912.8079149955446,-0.0005141508630092573,0.8345146135795474
B,16,40,48,0.9822625173990258,200,714.7731541412488,913.6767573840572,-0.0005128287187856812,0.8336658332611286
B,16,40,49,0.9793167879210475,200,712.7144525902434,910.8245576627252,-0.000514154930343376,0.8335016278361361
B,16,40,50,0.9793447062494716,200,713.3783136172747,911.5918688459755,-0.0005132259914252657,0.8327562757164677
B,16,40,51,0.9819602464972538,200,717.3401989645031,916.2034891648411,-0.0005095946245112286,0.8308922956331779
B,16,40,52,0.9786567812706267,200,712.3223912859671,911.6293375069499,-0.0005140928443121235,0.8331721376546027
B,16,40,53,0.9880138172216094,200,703.9796757821879,903.2708869189349,-0.0005299544265789626,0.8500078304934722
B,16,40,54,0.9876081454448207,200,708.477831595298,907.6920093107703,-0.0005239079437146088,0.8449467844226235
B,16,40,55,0.9864146203021765,200,709.408370485117,908.3404453070709,-0.0005221127703915811,0.8429831680854618
B,16,40,56,0.9893698635737088,200,707.6681357589104,905.8550129442731,-0.0005258811173278489,0.8472950147073901
B,16,40,57,0.9910485189908197,195,685.3191812952961,878.3634794938516,-0.0005610577916183013,0.8759450507982811
B,16,40,58,0.9896515372025471,197,696.2702456706188,891.3007267385134,-0.0005434296005984808,0.8614438347767595
B,16,40,59,0.9827888034375891,200,711.1725081475844,910.2144179425777,-0.000517794000246172,0.8379364925785631
B,16,40,60,0.9808956711478846,199,708.5080970663482,905.5588628363183,-0.0005209311720420462,0.8396552649560741
B,16,40,61,0.9785935310834334,200,713.9155055468968,912.2088699081958,-0.0005122017412864553,0.8316032675233582
B,16,40,62,0.9807096114073304,200,713.7661738194339,912.8772608477286,-0.0005134436035233554,0.8335117653596809
B,16,40,63,0.9843549120980315,200,714.9001657921082,913.9865136682173,-0.0005139841797637599,0.8354932727477842
B,17,41,0,1.9814105262641486,200,712.4699499602463,911.3494777124655,-0.0010411722033605985,1.6871217724866097
B,17,41,1,1.9813701107989676,200,707.8888952359059,904.6869322192507,-0.00105301412752323,1.6967235725962118
B,17,41,2,1.9703763247534267,200,712.5699408351588,911.9114361641618,-0.0010342824072876737,1.6768464591530345
B,17,41,3,1.972467101163998,200,712.9403048673889,911.7654422449612,-0.0010349389042735152,1.6782656557916062
B,17,41,4,1.9783547346565253,200,712.2234612531536,910.829841374408,-0.0010398570147127464,1.6847643091868467
B,17,41,5,1.9769181948647023,200,711.8980076728262,911.0531427935955,-0.0010398215149202163,1.6841268702486825
B,17,41,6,1.9807588603740616,200,712.6231282890362,911.9686807964996,-0.0010396660532990991,1.6856271798502935
B,17,41,7,1.9822168425449345,200,715.0755742470751,914.2220212681103,-0.0010347309049159512,1.6822159568292268
B,17,41,8,1.9748761603667178,198,704.2796473838674,899.0938152592147,-0.0010614943193065969,1.700708400082446
B,17,41,9,1.9790069649545332,196,691.5554227436667,884.5658597664606,-0.001101310622139186,1.7341857087558303
B,17,41,10,1.984833806073092,195,679.3506590819196,871.2241832324939,-0.0011412887278199975,1.7680836785140848
B,17,41,11,1.9807193855766667,198,705.4675628244503,900.44237504035,-0.0010615637368039884,1.7032660925850553
B,17,41,12,1.9781574515779647,199,705.5249857131498,901.3886817620572,-0.0010586118209588748,1.6998333088821451
B,17,41,13,1.9771144463308683,200,711.7345594201089,910.6842816605608,-0.0010401255775143482,1.6844579692360155
B,17,41,14,1.9739867705731957,200,711.2485039783844,910.7085701117262,-0.0010398291327078657,1.6828907727172244
B,17,41,15,1.9730684019342886,200,713.8693785158903,912.8948308489323,-0.0010327010717820504,1.6766952860469928
B,17,41,16,1.9683361322482638,198,703.9390945159954,898.8987257351529,-0.0010587667959035478,1.6957105789715476
B,17,41,17,1.974327203345273,197,699.1032000185622,893.1484966974559,-0.001076069279760225,1.7121230840486055
B,17,41,18,1.9801645751462509,198,705.4340362101229,900.2656964821936,-0.001060898660186448,1.7024923130876517
B,17,41,19,1.9797873973835136,200,713.6956149148515,912.2097704455435,-0.0010370690699996244,1.6830982516939696
B,17,41,20,1.978165636534736,200,712.991929476653,912.1056798995635,-0.0010376678348596481,1.6829001317450556
B,17,41,21,1.976963085534169,200,713.0252315769806,912.0053716328954,-0.0010369511373522053,1.6818068590449846
B,17,41,22,1.9755926329165545,200,714.1835225967957,913.4644925594739,-0.0010331789324447044,1.678150598262444
B,17,41,23,1.97562743553302,200,714.5967200401246,913.7327468714667,-0.0010322413227180688,1.6773996005249998
B,17,41,24,1.97446460179839,198,703.979814921135,898.8079215980383,-0.0010619060927579442,1.7008636503254393
B,17,41,25,1.9698564513631112,197,697.906168297489,891.8640205626953,-0.001076995008202317,1.7109326010117307
B,17,41,26,1.9775786206564716,193,680.5223774833973,870.4062084316969,-0.0011361244705364946,1.7607514109507303
B,17,41,27,1.979010012980058,198,702.3134734120723,897.1943938379366,-0.00106885369776574,1.7083998107035057
B,17,41,28,1.9829049131181316,198,703.7803388122966,898.6423577015241,-0.0010670191748439874,1.7085963536834674
B,17,41,29,1.9756787012951345,200,712.2137416890702,911.4479099504806,-0.0010385035283417227,1.6825295686826982
B,17,41,30,1.971027935178384,200,712.4435273920291,911.6868037629291,-0.0010352415741236172,1.6779022779384611
B,17,41,31,1.9665358180671022,200,709.2880863151339,908.8050755941415,-0.0010407479591565101,1.6804728485087987
B,17,41,32,1.969853161022636,199,700.0807735699489,895.9410515162854,-0.0010686445478598368,1.704340071251893
B,17,41,33,1.9680854218850001,200,705.5889443586204,902.4108568096657,-0.0010519678697261314,1.6902092106424809
B,17,41,34,1.9737570850379274,198,702.7117272405446,897.4750002058673,-0.0010654024622497023,1.7033724063123583
B,17,41,35,1.9761105932235339,200,714.4083636378347,912.0054853052557,-0.0010329824856864177,1.6782061347197208
B,17,41,36,1.9736271018197542,200,714.4388015133984,913.5711048299494,-0.001031598733890257,1.6760313397065256
B,17,41,37,1.9687862516053205,200,713.8356074152604,912.8420135761686,-0.0010308648512599137,1.673386644977616
B,17,41,38,1.9733077265258068,200,713.3965126492557,912.6013569589707,-0.0010338337987285506,1.6777196406092538
B,17,41,39,1.9704587303986574,200,715.7596039909998,915.178256443609,-0.001026453039177351,1.6704881796722777
B,17,41,40,1.9729428399380828,200,710.3577515185881,907.2359316504184,-0.0010418583312884612,1.684090185851809
B,17,41,41,1.97524037129785,197,688.9886055083898,883.2505756571531,-0.0011042618454400529,1.7349216539596197
B,17,41,42,1.9628311768120124,197,703.4272321153502,897.2120593864371,-0.0010584012892730411,1.693012497988827
B,17,41,43,1.959778273552776,198,706.5387992333793,901.6867808686671,-0.0010470310249120797,1.682587755768143
B,17,41,44,1.9603875643907114,199,709.120495897367,904.7807388622605,-0.0010402512869948771,1.6774055269743735
B,17,41,45,1.9664798862796549,200,710.4021042159519,908.1262539643759,-0.0010383190480556634,1.6784738185761339
B,17,41,46,1.960205878100759,200,713.8986219239877,912.70439627942,-0.0010258192743984988,1.6656393461279686
B,17,41,47,1.9648528283487865,200,711.7877360112597,910.9955264083575,-0.0010335107596484985,1.673878339177838
B,17,41,48,1.9656723746797389,200,714.94071005265,911.725434829423,-0.0010266123423565761,1.6685933066436838
B,17,41,49,1.9547900985508244,200,714.9031306937571,911.9611980465241,-0.0010203641242978922,1.6588947011272603
B,17,41,50,1.9580341811466755,200,712.9383616790639,909.8473620785545,-0.0010274182347882945,1.6660220194640103
B,17,41,51,1.958355125664876,200,717.0619231969457,915.6560276252054,-0.0010167909105086462,1.6574800706820834
B,17,41,52,1.9585930346515268,200,714.5887735701258,913.6893075016956,-0.0010234832382895933,1.6630540860229455
B,17,41,53,1.9733570726117082,200,700.619969961227,899.6072749734956,-0.0010678010748711646,1.7052221279943214
B,17,41,54,1.9761670774669469,200,705.2867404294495,904.526193890916,-0.0010566968291736828,1.6974869186783916
B,17,41,55,1.9709321101681478,200,709.8199771462558,909.028153516115,-0.001042132243813841,1.683464073967372
B,17,41,56,1.9797320618784244,199,704.9403974842306,900.7203037366038,-0.0010613449583737214,1.702710816660961
B,17,41,57,1.9812710748422857,196,689.3070617728689,882.0706029724712,-0.0011087394519880645,1.7410454690331785
B,17,41,58,1.9800808436551083,198,692.9450946531396,887.9387805908352,-0.0010951137170585683,1.7298332934137997
B,17,41,59,1.972625905082315,200,706.5888213064449,904.2106230714428,-0.0010514467463267594,1.6917295363026117
B,17,41,60,1.9592194799073026,200,710.9068252304149,907.7875902542642,-0.001033323886512713,1.671329385541403
B,17,41,61,1.965824579741651,200,713.9664969243406,912.1395985245624,-0.0010284324829209982,1.6701475384204576
B,17,41,62,1.9643515041159594,200,714.0294632792965,912.9035791472336,-0.0010276972473601508,1.6689269222295633
B,17,41,63,1.9708243317951362,200,715.3182219711788,914.2686367939477,-0.0010279741965128768,1.6718874244052824
B,18,42,0,3.954603253832126,200,712.2956911040593,911.1330332274431,-0.0020780149987498953,3.3672361098360266
B,18,42,1,3.95323498061931,200,709.8164522244124,903.8614296532814,-0.002092503947306771,3.3784091078591665
B,18,42,2,3.937683278418705,200,714.8517204895435,913.5864213032706,-0.0020557094252743016,3.3419159014382647
B,18,42,3,3.943507805833886,200,712.2630581067588,910.3822866911435,-0.0020726331458834233,3.358177188669734
B,18,42,4,3.9532040216679514,200,715.1862901737608,912.4887604868085,-0.002062398566171286,3.353913092899013
B,18,42,5,3.952627298763224,200,710.901928893118,910.0574588076227,-0.0020843715201878357,3.371602153568387
B,18,42,6,3.956405149851579,200,713.7929208253374,913.1394422545872,-0.0020708867093103653,3.3622199665724013
B,18,42,7,3.964927649556574,200,714.4675343346524,913.6134560449239,-0.0020725603088920653,3.3671838493477466
B,18,42,8,3.9471017584128734,199,706.1025829477182,899.5484289892239,-0.0021099510409088914,3.3898246838077397
B,18,42,9,3.9543569770686466,196,693.9085003922908,884.0154421682481,-0.002187886352757957,3.4550686575603207
B,18,42,10,3.9663051624640007,197,686.6002082559093,877.8358736196591,-0.002233044286851414,3.496061572301465
B,18,42,11,3.9577264101271483,198,705.5582718993792,897.6709869906061,-0.002121243329452631,3.4033922516817587
B,18,42,12,3.954945215617466,199,708.26892111547,901.1174829904105,-0.002104896482689977,3.389086257550924
B,18,42,13,3.94810271389511,200,713.3452927215509,911.7447346566902,-0.0020682382106624623,3.3565387675018696
B,18,42,14,3.943816498792999,200,713.232702760952,911.7045452603711,-0.002069274305687195,3.3555779610719694
B,18,42,15,3.9460160927163574,200,712.9330617138226,911.8515729293482,-0.0020703237930132473,3.3573639802192234
B,18,42,16,3.9319774918692665,199,707.2744952212546,900.2387428707842,-0.002096141986161445,3.372210326025253
B,18,42,17,3.943453754358307,197,700.9650609401698,892.0171631951299,-0.0021422033681869662,3.414019518658317
B,18,42,18,3.956434966734855,199,707.4390399362763,900.4484941916647,-0.002108958060940783,3.393005763793262
B,18,42,19,3.955969431313096,200,714.792034713045,912.562368349353,-0.0020656897814445075,3.357774962994032
B,18,42,20,3.9571758327768696,200,714.931499759906,914.0919240798094,-0.002064780232209044,3.3575579157196493
B,18,42,21,3.9541526192848186,200,710.794952681385,910.2008096019855,-0.002084388620988819,3.3722617806507653
B,18,42,22,3.945695481780484,200,716.7484218331709,916.1598170305314,-0.002050857167730827,3.3413279421171973
B,18,42,23,3.947931134974843,200,713.1126906161302,912.631500565795,-0.002069481892425603,3.3574872042880974
B,18,42,24,3.94666615599179,198,706.3315120795833,898.5948371432053,-0.0021113354522579084,3.3906679877198105
B,18,42,25,3.9312379761111926,197,699.0078548570833,890.0691017115736,-0.002145768184921064,3.411602423716955
B,18,42,26,3.9595968497755365,193,681.3036322328512,868.6889682711162,-0.0022707668339450003,3.522275916224842
B,18,42,27,3.958250149397805,199,707.1663163704067,900.0763329132584,-0.002112376286461793,3.3965448998445424
B,18,42,28,3.959592404178698,198,705.6328245030776,897.8762713966464,-0.0021231858401761896,3.405755011420073
B,18,42,29,3.950023228791,200,714.490192554824,913.3979114872228,-0.0020637731322916252,3.353710966571409
B,18,42,30,3.938503938394537,200,713.4203586483446,912.3548799891468,-0.0020641816279846933,3.3491794437547444
B,18,42,31,3.937761126535654,200,709.7226393063344,909.2247476145798,-0.0020818399681532536,3.363232651253003
B,18,42,32,3.9505792190549234,199,704.265060100742,897.3315688396062,-0.002122639859157692,3.401542338543484
B,18,42,33,3.9381890568822517,200,703.2256162454321,900.1181980087306,-0.0021173608587435095,3.3921107891108937
B,18,42,34,3.9353002548405476,198,705.922891820988,898.0526215704418,-0.0021074517902678084,3.3826775490265515
B,18,42,35,3.9479099814245857,200,714.7609864575037,911.3121270182473,-0.0020618587186823586,3.35122977808403
B,18,42,36,3.9441516133717873,200,715.7670634896676,914.9028489254746,-0.0020553634362473557,3.344365730737855
B,18,42,37,3.9424143214184526,200,712.3748999973515,912.1059127019772,-0.0020695218542283304,3.3551859571782527
B,18,42,38,3.9405096434935425,200,712.6727598299381,912.0647025763468,-0.002068134095850497,3.353250029171986
B,18,42,39,3.948965444312165,200,713.1243236917035,912.4413994473857,-0.002070924417348604,3.3590999818695
B,18,42,40,3.947234570851528,200,710.9883245014181,907.6902168475503,-0.0020810275925970297,3.3665619274201464
B,18,42,41,3.935773868894083,197,698.5609753305563,889.7811675180363,-0.002149661552893753,3.4166714239743676
B,18,42,42,3.9215349335926426,198,706.5786215822585,898.8632067007967,-0.002097021940475878,3.3683749538188112
B,18,42,43,3.922808777738349,199,704.3710664294273,897.370990751492,-0.0021067614690782723,3.3768613208039824
B,18,42,44,3.919138200653882,199,711.5228115842399,904.4302026486081,-0.002068217950604133,3.344115012778141
B,18,42,45,3.9165054784221334,200,713.3458395659142,910.1753465134835,-0.0020534769123859093,3.3311225042365926
B,18,42,46,4.004602350567465,101,311.71717390358793,407.1379404142905,-0.01065398124891927,7.6775824286991945
B,18,42,47,3.9458585228801315,200,705.1636920876252,904.8037643893699,-0.0021087276159702335,3.388437360485768
B,18,42,48,3.9300700549727985,200,715.884376199202,914.5595632795323,-0.002046272434386528,3.330985587266931
B,18,42,49,3.9139225811583005,200,715.1940347238495,912.0456170078018,-0.0020419027499147084,3.3205752452845383
B,18,42,50,3.9048955846588016,200,716.6326096258922,911.8469741676522,-0.002031014820281907,3.307850666393572
B,18,42,51,3.9055905983697303,200,717.6101401839642,915.8268243337849,-0.0020245995577659443,3.3029202557656827
B,18,42,52,3.9034272724206294,200,718.3106275192465,917.6793087951027,-0.0020202690849208385,3.298470977237061
B,18,42,53,3.9157007934758856,200,710.6905884283242,910.0087971319052,-0.002064534120612728,3.339806053792857
B,18,42,54,3.945195280413461,200,704.9864897741996,904.5485902338792,-0.0021094059325506777,3.388721658902723
B,18,42,55,3.9377011350618774,200,710.8286517261528,910.2828328405853,-0.0020762046969329284,3.358625243229622
B,18,42,56,3.9582238263276843,199,704.3657357267123,897.5308536323951,-0.0021258664267540866,3.407414404046482
B,18,42,57,3.959734470669168,197,692.2598387491018,883.0312445144049,-0.0022002078838977784,3.467267059474573
B,18,42,58,3.95360617993767,198,697.3899544030819,889.3142938760702,-0.0021644882269797184,3.4363036407335414
B,18,42,59,3.9384132576133193,200,708.255274587468,904.6936734040281,-0.0020910807716539408,3.370975316063416
B,18,42,60,3.9221249523513984,200,712.3003304229567,906.5915427532909,-0.002061869938148454,3.3403026366868116
B,18,42,61,3.913425940630973,200,715.0893306670699,911.8688922072579,-0.0020409567119821655,3.319593845725132
B,18,42,62,3.918246306302577,200,715.167564521259,913.3359328641749,-0.002044437173383887,3.324491774457132
B,18,42,63,3.9350855927649464,200,713.4002359549042,911.6088114579329,-0.0020620470669864984,3.3459844539612886
