source,timestamp,acquisition_order,block,nominal_speed_um_per_s,baseline_method,distance_nm,force_median_pN,force_q25_pN,force_q75_pN,pixel_count
27-08-26/0/map1-0.2-data-2026.08.27-14.00.12.429.jpk-force-map,2026-08-27T14:00:12.429000,1,1,0.2,linear_drift_corrected,5.0,7243.6646285631705,6956.8837536638175,7422.643586978571,64
27-08-26/0/map1-0.2-data-2026.08.27-14.00.12.429.jpk-force-map,2026-08-27T14:00:12.429000,1,1,0.2,linear_drift_corrected,10.0,5138.266775302549,4960.0839477759055,5349.574737700651,64
27-08-26/0/map1-0.2-data-2026.08.27-14.00.12.429.jpk-force-map,2026-08-27T14:00:12.429000,1,1,0.2,linear_drift_corrected,15.0,3505.5808983117754,3380.1380390663367,3604.1376865113693,64
27-08-26/0/map1-0.2-data-2026.08.27-14.00.12.429.jpk-force-map,2026-08-27T14:00:12.429000,1,1,0.2,linear_drift_corrected,20.0,2499.978235189811,2389.2942127812385,2557.0816250622984,64
27-08-26/0/map1-0.2-data-2026.08.27-14.00.12.429.jpk-force-map,2026-08-27T14:00:12.429000,1,1,0.2,linear_drift_corrected,25.0,1805.1455321082894,1740.017866080509,1862.4967929287598,64
27-08-26/0/map1-0.2-data-2026.08.27-14.00.12.429.jpk-force-map,2026-08-27T14:00:12.429000,1,1,0.2,linear_drift_corrected,30.0,1331.4500824562858,1286.34931436438,1370.3142071933407,64
27-08-26/0/map1-0.2-data-2026.08.27-14.00.12.429.jpk-force-map,2026-08-27T14:00:12.429000,1,1,0.2,linear_drift_corrected,35.0,997.5315165358255,962.0749142031932,1034.7331968084834,64
27-08-26/0/map1-0.2-data-2026.08.27-14.00.12.429.jpk-force-map,2026-08-27T14:00:12.429000,1,1,0.2,linear_drift_corrected,40.0,747.5515779680111,713.9367237326942,776.5628415204922,64
27-08-26/0/map1-0.2-data-2026.08.27-14.00.12.429.jpk-force-map,2026-08-27T14:00:12.429000,1,1,0.2,linear_drift_corrected,45.0,566.8145763720368,534.4108846545431,587.4671922563294,64
27-08-26/0/map1-0.2-data-2026.08.27-14.00.12.429.jpk-force-map,2026-08-27T14:00:12.429000,1,1,0.2,linear_drift_corrected,50.0,426.6270531636081,407.68399127478864,443.5958404415286,64
27-08-26/0/map1-0.2-data-2026.08.27-14.00.12.429.jpk-force-map,2026-08-27T14:00:12.429000,1,1,0.2,linear_drift_corrected,55.0,327.169666825035,305.8558166064372,342.41265289144326,64
27-08-26/0/map1-0.2-data-2026.08.27-14.00.12.429.jpk-force-map,2026-08-27T14:00:12.429000,1,1,0.2,linear_drift_corrected,60.0,247.61267011532578,227.62869558366643,263.1562755673006,64
27-08-26/0/map1-0.2-data-2026.08.27-14.00.12.429.jpk-force-map,2026-08-27T14:00:12.429000,1,1,0.2,linear_drift_corrected,65.0,190.3687386118715,171.80544487470746,201.64470583459251,64
27-08-26/0/map1-0.2-data-2026.08.27-14.00.12.429.jpk-force-map,2026-08-27T14:00:12.429000,1,1,0.2,linear_drift_corrected,70.0,145.1453447929793,133.3488897263916,156.284253338353,64
27-08-26/0/map1-0.2-data-2026.08.27-14.00.12.429.jpk-force-map,2026-08-27T14:00:12.429000,1,1,0.2,linear_drift_corrected,75.0,111.4751583662176,101.91156210347977,122.65116417537973,64
27-08-26/0/map1-0.2-data-2026.08.27-14.00.12.429.jpk-force-map,2026-08-27T14:00:12.429000,1,1,0.2,linear_drift_corrected,80.0,87.80731309648618,76.62149806074991,96.27262722562755,64
27-08-26/0/map1-0.2-data-2026.08.27-14.00.12.429.jpk-force-map,2026-08-27T14:00:12.429000,1,1,0.2,linear_drift_corrected,85.0,67.89539077168243,58.91709842827862,77.9285955533791,64
27-08-26/0/map1-0.2-data-2026.08.27-14.00.12.429.jpk-force-map,2026-08-27T14:00:12.429000,1,1,0.2,linear_drift_corrected,90.0,52.82510231556035,45.57338356139408,61.14570138060437,64
27-08-26/0/map1-0.2-data-2026.08.27-14.00.12.429.jpk-force-map,2026-08-27T14:00:12.429000,1,1,0.2,linear_drift_corrected,95.0,41.59348484993869,34.2375748248525,47.727384718399406,64
27-08-26/0/map1-0.2-data-2026.08.27-14.00.12.429.jpk-force-map,2026-08-27T14:00:12.429000,1,1,0.2,linear_drift_corrected,100.0,34.155575267643094,26.015292707141764,41.27295278684565,64
27-08-26/0/map1-0.2-data-2026.08.27-14.00.12.429.jpk-force-map,2026-08-27T14:00:12.429000,1,1,0.2,linear_drift_corrected,105.0,28.2731510104145,19.621092147526845,32.499209929976104,64
27-08-26/0/map1-0.2-data-2026.08.27-14.00.12.429.jpk-force-map,2026-08-27T14:00:12.429000,1,1,0.2,linear_drift_corrected,110.0,22.993441258091067,14.524540010505213,28.091635791415197,64
27-08-26/0/map1-0.2-data-2026.08.27-14.00.12.429.jpk-force-map,2026-08-27T14:00:12.429000,1,1,0.2,linear_drift_corrected,115.0,19.422923897310834,11.657990005391957,26.04800343562412,64
27-08-26/0/map1-0.2-data-2026.08.27-14.00.12.429.jpk-force-map,2026-08-27T14:00:12.429000,1,1,0.2,linear_drift_corrected,120.0,18.549552330780994,8.250613649690493,23.241554601804737,64
27-08-26/0/map1-0.2-data-2026.08.27-14.00.12.429.jpk-force-map,2026-08-27T14:00:12.429000,1,1,0.2,linear_drift_corrected,125.0,13.994616857565019,6.575543079697273,21.290946620170537,64
27-08-26/0/map1-0.2-data-2026.08.27-14.00.12.429.jpk-force-map,2026-08-27T14:00:12.429000,1,1,0.2,linear_drift_corrected,130.0,13.153412436365175,6.269436679419705,19.750720351429578,64
27-08-26/0/map1-0.2-data-2026.08.27-14.00.12.429.jpk-force-map,2026-08-27T14:00:12.429000,1,1,0.2,linear_drift_corrected,135.0,11.071885565156752,3.6666627822728386,17.55115317253567,64
27-08-26/0/map1-0.2-data-2026.08.27-14.00.12.429.jpk-force-map,2026-08-27T14:00:12.429000,1,1,0.2,linear_drift_corrected,140.0,10.41828674942677,3.511429534275029,16.968604096546382,64
27-08-26/0/map1-0.2-data-2026.08.27-14.00.12.429.jpk-force-map,2026-08-27T14:00:12.429000,1,1,0.2,linear_drift_corrected,145.0,9.010511826105883,1.5753231417625564,14.7688907237956,64
27-08-26/0/map1-0.2-data-2026.08.27-14.00.12.429.jpk-force-map,2026-08-27T14:00:12.429000,1,1,0.2,linear_drift_corrected,150.0,7.624415573518263,-0.5530733184027596,13.869814366904404,64
27-08-26/0/map1-0.2-data-2026.08.27-14.00.12.429.jpk-force-map,2026-08-27T14:00:12.429000,1,1,0.2,linear_drift_corrected,155.0,9.560251263410041,0.16832928150767834,14.643960126168036,64
27-08-26/0/map1-0.2-data-2026.08.27-14.00.12.429.jpk-force-map,2026-08-27T14:00:12.429000,1,1,0.2,linear_drift_corrected,160.0,7.653758390374186,0.12003112224021373,14.45859433659566,64
27-08-26/0/map1-0.2-data-2026.08.27-14.00.12.429.jpk-force-map,2026-08-27T14:00:12.429000,1,1,0.2,linear_drift_corrected,165.0,6.999736497021713,-1.224813178547489,12.741163673358294,64
27-08-26/0/map1-0.2-data-2026.08.27-14.00.12.429.jpk-force-map,2026-08-27T14:00:12.429000,1,1,0.2,linear_drift_corrected,170.0,5.203062744192298,-1.8947967065067997,12.22170794666356,64
27-08-26/0/map1-0.2-data-2026.08.27-14.00.12.429.jpk-force-map,2026-08-27T14:00:12.429000,1,1,0.2,linear_drift_corrected,175.0,6.566742954957916,-0.8728241390467505,12.905779562006327,64
27-08-26/0/map1-0.2-data-2026.08.27-14.00.12.429.jpk-force-map,2026-08-27T14:00:12.429000,1,1,0.2,linear_drift_corrected,180.0,6.202100611650376,-0.6723578331927672,12.307510656705341,64
27-08-26/0/map1-0.2-data-2026.08.27-14.00.12.429.jpk-force-map,2026-08-27T14:00:12.429000,1,1,0.2,linear_drift_corrected,185.0,5.967198492423127,-0.305529697325007,11.334554771026532,64
27-08-26/0/map1-0.2-data-2026.08.27-14.00.12.429.jpk-force-map,2026-08-27T14:00:12.429000,1,1,0.2,linear_drift_corrected,190.0,4.875449725144298,-1.6771008951015003,10.944109357218462,64
27-08-26/0/map1-0.2-data-2026.08.27-14.00.12.429.jpk-force-map,2026-08-27T14:00:12.429000,1,1,0.2,linear_drift_corrected,195.0,4.0167331337406385,-1.5326637729763126,7.8460314466110574,64
27-08-26/0/map1-0.2-data-2026.08.27-14.00.12.429.jpk-force-map,2026-08-27T14:00:12.429000,1,1,0.2,linear_drift_corrected,200.0,4.530975846989005,-0.4656939614403285,8.932399019286535,64
27-08-26/0/map1-0.2-data-2026.08.27-14.00.12.429.jpk-force-map,2026-08-27T14:00:12.429000,1,1,0.2,linear_drift_corrected,205.0,4.495421785371622,-0.7285739742890531,8.81094013759159,64
27-08-26/0/map1-0.2-data-2026.08.27-14.00.12.429.jpk-force-map,2026-08-27T14:00:12.429000,1,1,0.2,linear_drift_corrected,210.0,2.7254997856750984,-1.495819579814118,6.675287539214699,64
27-08-26/0/map1-0.2-data-2026.08.27-14.00.12.429.jpk-force-map,2026-08-27T14:00:12.429000,1,1,0.2,linear_drift_corrected,215.0,3.370721469425306,-2.836102576742735,7.973411185402499,64
27-08-26/0/map1-0.2-data-2026.08.27-14.00.12.429.jpk-force-map,2026-08-27T14:00:12.429000,1,1,0.2,linear_drift_corrected,220.0,2.9385033349468275,-1.0357239936277318,8.225117716449564,64
27-08-26/0/map1-0.2-data-2026.08.27-14.00.12.429.jpk-force-map,2026-08-27T14:00:12.429000,1,1,0.2,linear_drift_corrected,225.0,2.956347304399538,-0.4961283807227038,6.223762246604122,64
27-08-26/0/map1-0.2-data-2026.08.27-14.00.12.429.jpk-force-map,2026-08-27T14:00:12.429000,1,1,0.2,linear_drift_corrected,230.0,2.5737818126402425,-1.7014818263635103,6.035397092780209,64
27-08-26/0/map1-0.2-data-2026.08.27-14.00.12.429.jpk-force-map,2026-08-27T14:00:12.429000,1,1,0.2,linear_drift_corrected,235.0,2.6840032145944024,-1.5822751542567435,5.242857896750637,64
27-08-26/0/map1-0.2-data-2026.08.27-14.00.12.429.jpk-force-map,2026-08-27T14:00:12.429000,1,1,0.2,linear_drift_corrected,240.0,1.6363367300683653,-1.7268620965400907,5.92507918903486,64
27-08-26/0/map1-0.2-data-2026.08.27-14.00.12.429.jpk-force-map,2026-08-27T14:00:12.429000,1,1,0.2,linear_drift_corrected,245.0,1.0537697581271317,-2.0800417188890155,4.8672884436350055,64
27-08-26/0/map1-0.2-data-2026.08.27-14.00.12.429.jpk-force-map,2026-08-27T14:00:12.429000,1,1,0.2,linear_drift_corrected,250.0,1.1108834316544531,-2.0335260180715964,4.097165796421195,64
27-08-26/0/map1-0.2-data-2026.08.27-14.00.12.429.jpk-force-map,2026-08-27T14:00:12.429000,1,1,0.2,linear_drift_corrected,255.0,0.9915348466489469,-1.8152063898990791,3.5778263127715926,64
27-08-26/0/map1-0.2-data-2026.08.27-14.00.12.429.jpk-force-map,2026-08-27T14:00:12.429000,1,1,0.2,linear_drift_corrected,260.0,1.1898579969614627,-2.1532458606662725,3.622565346040284,64
27-08-26/0/map1-0.2-data-2026.08.27-14.00.12.429.jpk-force-map,2026-08-27T14:00:12.429000,1,1,0.2,linear_drift_corrected,265.0,0.4883967883716324,-1.7419078661215643,2.9143801859745504,64
27-08-26/0/map1-0.2-data-2026.08.27-14.00.12.429.jpk-force-map,2026-08-27T14:00:12.429000,1,1,0.2,linear_drift_corrected,270.0,0.5795766744324645,-1.5646328747469749,2.265148985234483,64
27-08-26/0/map1-0.2-data-2026.08.27-14.00.12.429.jpk-force-map,2026-08-27T14:00:12.429000,1,1,0.2,linear_drift_corrected,275.0,-0.495899377054978,-2.1821167930976904,1.4981730825877206,64
27-08-26/0/map1-0.2-data-2026.08.27-14.00.12.429.jpk-force-map,2026-08-27T14:00:12.429000,1,1,0.2,linear_drift_corrected,280.0,0.5008379974202019,-1.0966294259142793,1.8199641635845518,64
27-08-26/0/map1-0.2-data-2026.08.27-14.00.12.429.jpk-force-map,2026-08-27T14:00:12.429000,1,1,0.2,linear_drift_corrected,285.0,-0.4784295002676752,-2.219393394297443,1.4822660105093612,64
27-08-26/0/map1-0.2-data-2026.08.27-14.00.12.429.jpk-force-map,2026-08-27T14:00:12.429000,1,1,0.2,linear_drift_corrected,290.0,-0.28082699706398595,-1.7301908605983267,1.237390843504831,64
27-08-26/0/map1-0.2-data-2026.08.27-14.00.12.429.jpk-force-map,2026-08-27T14:00:12.429000,1,1,0.2,linear_drift_corrected,295.0,-0.19676370823507172,-1.9358740313938028,1.0485071808010253,64
27-08-26/0/map1-0.2-data-2026.08.27-14.00.12.429.jpk-force-map,2026-08-27T14:00:12.429000,1,1,0.2,linear_drift_corrected,300.0,-0.44662941465900224,-1.7164964145106747,0.6371817894888389,64
27-08-26/0/map1-0.2-data-2026.08.27-14.00.12.429.jpk-force-map,2026-08-27T14:00:12.429000,1,1,0.2,linear_drift_corrected,305.0,0.12340985159022741,-1.6239176386441525,2.1713312395171,64
27-08-26/0/map1-0.2-data-2026.08.27-14.00.12.429.jpk-force-map,2026-08-27T14:00:12.429000,1,1,0.2,linear_drift_corrected,310.0,0.3124298327758239,-1.660221348105945,2.5533187111207982,64
27-08-26/0/map1-0.2-data-2026.08.27-14.00.12.429.jpk-force-map,2026-08-27T14:00:12.429000,1,1,0.2,linear_drift_corrected,315.0,0.20355019662138757,-1.9958219244022564,2.351096389113738,64
27-08-26/0/map1-0.2-data-2026.08.27-14.00.12.429.jpk-force-map,2026-08-27T14:00:12.429000,1,1,0.2,linear_drift_corrected,320.0,-0.4322212699711697,-2.8996369071097825,2.6401233603914895,64
27-08-26/0/map1-0.2-data-2026.08.27-14.00.12.429.jpk-force-map,2026-08-27T14:00:12.429000,1,1,0.2,linear_drift_corrected,325.0,0.27158584562564553,-2.3455869390772177,2.1809148314874864,64
27-08-26/0/map1-0.2-data-2026.08.27-14.00.12.429.jpk-force-map,2026-08-27T14:00:12.429000,1,1,0.2,linear_drift_corrected,330.0,-0.8611544418551869,-2.0841036194538427,1.0166412210350364,64
27-08-26/0/map1-0.2-data-2026.08.27-14.00.12.429.jpk-force-map,2026-08-27T14:00:12.429000,1,1,0.2,linear_drift_corrected,335.0,0.2167489486098246,-1.8369900089253517,1.9692261930543704,64
27-08-26/0/map1-0.2-data-2026.08.27-14.00.12.429.jpk-force-map,2026-08-27T14:00:12.429000,1,1,0.2,linear_drift_corrected,340.0,0.06754564648803354,-1.8132008432130147,1.777495797892155,64
27-08-26/0/map1-0.2-data-2026.08.27-14.00.12.429.jpk-force-map,2026-08-27T14:00:12.429000,1,1,0.2,linear_drift_corrected,345.0,0.32841572227624477,-1.478325021526957,1.5427846898965827,63
27-08-26/0/map1-0.2-data-2026.08.27-14.00.12.429.jpk-force-map,2026-08-27T14:00:12.429000,1,1,0.2,linear_drift_corrected,350.0,0.4044339917842109,-1.6291155112061224,1.9746590351796787,63
27-08-26/0/map1-0.2-data-2026.08.27-14.00.12.429.jpk-force-map,2026-08-27T14:00:12.429000,1,1,0.2,linear_drift_corrected,355.0,-0.7408795297715429,-1.7170348028070666,1.8958122374761288,62
27-08-26/0/map1-0.2-data-2026.08.27-14.00.12.429.jpk-force-map,2026-08-27T14:00:12.429000,1,1,0.2,linear_drift_corrected,360.0,0.7692696721995544,-1.141881412795121,2.345052901196024,61
27-08-26/0/map1-0.2-data-2026.08.27-14.00.12.429.jpk-force-map,2026-08-27T14:00:12.429000,1,1,0.2,linear_drift_corrected,365.0,-1.6712705442595297,-3.1868353904631173,0.7499971002681454,26
27-08-26/0/map1-0.2-data-2026.08.27-14.00.12.429.jpk-force-map,2026-08-27T14:00:12.429000,1,1,0.2,far_constant_referenced,5.0,7230.0136136660385,6963.252838152197,7429.887213348717,64
27-08-26/0/map1-0.2-data-2026.08.27-14.00.12.429.jpk-force-map,2026-08-27T14:00:12.429000,1,1,0.2,far_constant_referenced,10.0,5122.994533451269,4967.482986753206,5339.647201929746,64
27-08-26/0/map1-0.2-data-2026.08.27-14.00.12.429.jpk-force-map,2026-08-27T14:00:12.429000,1,1,0.2,far_constant_referenced,15.0,3493.9260192964775,3384.3288220251925,3596.925826218411,64
27-08-26/0/map1-0.2-data-2026.08.27-14.00.12.429.jpk-force-map,2026-08-27T14:00:12.429000,1,1,0.2,far_constant_referenced,20.0,2494.244861484062,2391.8382339447717,2550.169395678261,64
27-08-26/0/map1-0.2-data-2026.08.27-14.00.12.429.jpk-force-map,2026-08-27T14:00:12.429000,1,1,0.2,far_constant_referenced,25.0,1799.1810362889787,1745.4915860539486,1845.5715395961663,64
27-08-26/0/map1-0.2-data-2026.08.27-14.00.12.429.jpk-force-map,2026-08-27T14:00:12.429000,1,1,0.2,far_constant_referenced,30.0,1330.2507531968474,1294.8596219773171,1358.4948730723727,64
27-08-26/0/map1-0.2-data-2026.08.27-14.00.12.429.jpk-force-map,2026-08-27T14:00:12.429000,1,1,0.2,far_constant_referenced,35.0,995.5204153619791,964.2157021034374,1013.4186880784258,64
27-08-26/0/map1-0.2-data-2026.08.27-14.00.12.429.jpk-force-map,2026-08-27T14:00:12.429000,1,1,0.2,far_constant_referenced,40.0,750.6552256331822,722.4113729107993,763.3664653564359,64
27-08-26/0/map1-0.2-data-2026.08.27-14.00.12.429.jpk-force-map,2026-08-27T14:00:12.429000,1,1,0.2,far_constant_referenced,45.0,566.2562729305304,542.4604516928214,576.9565826070796,64
27-08-26/0/map1-0.2-data-2026.08.27-14.00.12.429.jpk-force-map,2026-08-27T14:00:12.429000,1,1,0.2,far_constant_referenced,50.0,426.54274655958534,414.4214306783531,439.2926613598946,64
27-08-26/0/map1-0.2-data-2026.08.27-14.00.12.429.jpk-force-map,2026-08-27T14:00:12.429000,1,1,0.2,far_constant_referenced,55.0,325.88722089068744,314.41021626104146,333.53913303582874,64
27-08-26/0/map1-0.2-data-2026.08.27-14.00.12.429.jpk-force-map,2026-08-27T14:00:12.429000,1,1,0.2,far_constant_referenced,60.0,246.10958906755502,238.28258599525225,252.7932388176829,64
27-08-26/0/map1-0.2-data-2026.08.27-14.00.12.429.jpk-force-map,2026-08-27T14:00:12.429000,1,1,0.2,far_constant_referenced,65.0,187.72400284549892,179.03888524021,195.16825623152283,64
27-08-26/0/map1-0.2-data-2026.08.27-14.00.12.429.jpk-force-map,2026-08-27T14:00:12.429000,1,1,0.2,far_constant_referenced,70.0,145.83625392719534,138.74341254252386,149.59515456094485,64
27-08-26/0/map1-0.2-data-2026.08.27-14.00.12.429.jpk-force-map,2026-08-27T14:00:12.429000,1,1,0.2,far_constant_referenced,75.0,110.99758298106852,104.23965223153884,115.82377905854898,64
27-08-26/0/map1-0.2-data-2026.08.27-14.00.12.429.jpk-force-map,2026-08-27T14:00:12.429000,1,1,0.2,far_constant_referenced,80.0,85.44944215166583,82.23869006385357,90.29827169191152,64
27-08-26/0/map1-0.2-data-2026.08.27-14.00.12.429.jpk-force-map,2026-08-27T14:00:12.429000,1,1,0.2,far_constant_referenced,85.0,65.50947949992019,62.831343798585195,71.37929379725034,64
27-08-26/0/map1-0.2-data-2026.08.27-14.00.12.429.jpk-force-map,2026-08-27T14:00:12.429000,1,1,0.2,far_constant_referenced,90.0,52.410426606403696,47.823730214933825,56.43907114706443,64
27-08-26/0/map1-0.2-data-2026.08.27-14.00.12.429.jpk-force-map,2026-08-27T14:00:12.429000,1,1,0.2,far_constant_referenced,95.0,40.743600349564346,36.82004639981044,45.31736155863584,64
27-08-26/0/map1-0.2-data-2026.08.27-14.00.12.429.jpk-force-map,2026-08-27T14:00:12.429000,1,1,0.2,far_constant_referenced,100.0,32.6282458433172,29.11466013608021,37.369978037653766,64
27-08-26/0/map1-0.2-data-2026.08.27-14.00.12.429.jpk-force-map,2026-08-27T14:00:12.429000,1,1,0.2,far_constant_referenced,105.0,26.990034682127934,22.039655883332266,30.445865607628903,64
27-08-26/0/map1-0.2-data-2026.08.27-14.00.12.429.jpk-force-map,2026-08-27T14:00:12.429000,1,1,0.2,far_constant_referenced,110.0,21.889745693087498,17.899279200379603,26.09933989145819,64
27-08-26/0/map1-0.2-data-2026.08.27-14.00.12.429.jpk-force-map,2026-08-27T14:00:12.429000,1,1,0.2,far_constant_referenced,115.0,18.057303390726414,14.549315473758595,23.386101509743458,64
27-08-26/0/map1-0.2-data-2026.08.27-14.00.12.429.jpk-force-map,2026-08-27T14:00:12.429000,1,1,0.2,far_constant_referenced,120.0,16.834288729112735,10.863714206933105,19.526682952832015,64
27-08-26/0/map1-0.2-data-2026.08.27-14.00.12.429.jpk-force-map,2026-08-27T14:00:12.429000,1,1,0.2,far_constant_referenced,125.0,13.324505294511319,9.511919304803866,18.815918910211362,64
27-08-26/0/map1-0.2-data-2026.08.27-14.00.12.429.jpk-force-map,2026-08-27T14:00:12.429000,1,1,0.2,far_constant_referenced,130.0,11.762529210568552,7.886298644257565,16.183093624453583,64
27-08-26/0/map1-0.2-data-2026.08.27-14.00.12.429.jpk-force-map,2026-08-27T14:00:12.429000,1,1,0.2,far_constant_referenced,135.0,10.12317812105928,6.213360813132003,14.99948094495799,64
27-08-26/0/map1-0.2-data-2026.08.27-14.00.12.429.jpk-force-map,2026-08-27T14:00:12.429000,1,1,0.2,far_constant_referenced,140.0,9.998982974016677,5.579946924622632,13.566514977490872,64
27-08-26/0/map1-0.2-data-2026.08.27-14.00.12.429.jpk-force-map,2026-08-27T14:00:12.429000,1,1,0.2,far_constant_referenced,145.0,9.918588516651372,4.651359877734015,13.028033647601175,64
27-08-26/0/map1-0.2-data-2026.08.27-14.00.12.429.jpk-force-map,2026-08-27T14:00:12.429000,1,1,0.2,far_constant_referenced,150.0,6.76659148164479,3.7421134758053602,11.664005616681376,64
27-08-26/0/map1-0.2-data-2026.08.27-14.00.12.429.jpk-force-map,2026-08-27T14:00:12.429000,1,1,0.2,far_constant_referenced,155.0,8.079195639024043,2.5839797506881217,12.532073157449686,64
27-08-26/0/map1-0.2-data-2026.08.27-14.00.12.429.jpk-force-map,2026-08-27T14:00:12.429000,1,1,0.2,far_constant_referenced,160.0,6.973218905374052,3.129835749889083,11.268339386595498,64
27-08-26/0/map1-0.2-data-2026.08.27-14.00.12.429.jpk-force-map,2026-08-27T14:00:12.429000,1,1,0.2,far_constant_referenced,165.0,5.4010288733701515,1.382088825939895,10.392418786004125,64
27-08-26/0/map1-0.2-data-2026.08.27-14.00.12.429.jpk-force-map,2026-08-27T14:00:12.429000,1,1,0.2,far_constant_referenced,170.0,4.980666509742658,0.6313884949156249,9.28897068791406,64
27-08-26/0/map1-0.2-data-2026.08.27-14.00.12.429.jpk-force-map,2026-08-27T14:00:12.429000,1,1,0.2,far_constant_referenced,175.0,5.855574413537109,1.6335047846882784,9.657996158094058,64
27-08-26/0/map1-0.2-data-2026.08.27-14.00.12.429.jpk-force-map,2026-08-27T14:00:12.429000,1,1,0.2,far_constant_referenced,180.0,3.8619782567903753,1.9643149297328741,8.295527555983973,64
27-08-26/0/map1-0.2-data-2026.08.27-14.00.12.429.jpk-force-map,2026-08-27T14:00:12.429000,1,1,0.2,far_constant_referenced,185.0,4.3409030744460235,0.6784322994884255,7.581209755279084,64
27-08-26/0/map1-0.2-data-2026.08.27-14.00.12.429.jpk-force-map,2026-08-27T14:00:12.429000,1,1,0.2,far_constant_referenced,190.0,4.495131205020833,1.5358075016844595,7.266627610438498,64
27-08-26/0/map1-0.2-data-2026.08.27-14.00.12.429.jpk-force-map,2026-08-27T14:00:12.429000,1,1,0.2,far_constant_referenced,195.0,3.130102903031909,-0.4336268278063431,6.439074154405796,64
27-08-26/0/map1-0.2-data-2026.08.27-14.00.12.429.jpk-force-map,2026-08-27T14:00:12.429000,1,1,0.2,far_constant_referenced,200.0,2.652681598411779,0.7109814928528542,6.698131935608398,64
27-08-26/0/map1-0.2-data-2026.08.27-14.00.12.429.jpk-force-map,2026-08-27T14:00:12.429000,1,1,0.2,far_constant_referenced,205.0,3.8798091758506597,0.8476707089653335,6.219455632504052,64
27-08-26/0/map1-0.2-data-2026.08.27-14.00.12.429.jpk-force-map,2026-08-27T14:00:12.429000,1,1,0.2,far_constant_referenced,210.0,2.2007330353064294,0.07305706523646474,4.6477936939220434,64
27-08-26/0/map1-0.2-data-2026.08.27-14.00.12.429.jpk-force-map,2026-08-27T14:00:12.429000,1,1,0.2,far_constant_referenced,215.0,2.18393345163434,-0.5107408930933762,5.7206807150584735,64
27-08-26/0/map1-0.2-data-2026.08.27-14.00.12.429.jpk-force-map,2026-08-27T14:00:12.429000,1,1,0.2,far_constant_referenced,220.0,2.0872115882446414,-0.5133005929727744,6.306982457493575,64
27-08-26/0/map1-0.2-data-2026.08.27-14.00.12.429.jpk-force-map,2026-08-27T14:00:12.429000,1,1,0.2,far_constant_referenced,225.0,1.6439361829817347,-0.7690282791869734,5.7507323371817405,64
27-08-26/0/map1-0.2-data-2026.08.27-14.00.12.429.jpk-force-map,2026-08-27T14:00:12.429000,1,1,0.2,far_constant_referenced,230.0,1.2535695257036505,-2.148830771254644,4.217204956506025,64
27-08-26/0/map1-0.2-data-2026.08.27-14.00.12.429.jpk-force-map,2026-08-27T14:00:12.429000,1,1,0.2,far_constant_referenced,235.0,1.5319555261383258,-1.0698178664271258,5.516097323514108,64
27-08-26/0/map1-0.2-data-2026.08.27-14.00.12.429.jpk-force-map,2026-08-27T14:00:12.429000,1,1,0.2,far_constant_referenced,240.0,1.5217912809876957,-1.5719290917246787,4.019753932585787,64
27-08-26/0/map1-0.2-data-2026.08.27-14.00.12.429.jpk-force-map,2026-08-27T14:00:12.429000,1,1,0.2,far_constant_referenced,245.0,0.06872669917890868,-1.928945096210104,4.165308905318154,64
27-08-26/0/map1-0.2-data-2026.08.27-14.00.12.429.jpk-force-map,2026-08-27T14:00:12.429000,1,1,0.2,far_constant_referenced,250.0,0.8250186076086159,-1.963793049174987,3.349982365212225,64
27-08-26/0/map1-0.2-data-2026.08.27-14.00.12.429.jpk-force-map,2026-08-27T14:00:12.429000,1,1,0.2,far_constant_referenced,255.0,0.5384937556169016,-1.6589340361564082,3.4810116624175205,64
27-08-26/0/map1-0.2-data-2026.08.27-14.00.12.429.jpk-force-map,2026-08-27T14:00:12.429000,1,1,0.2,far_constant_referenced,260.0,0.7384734150971879,-1.959984563675287,3.3074615254743636,64
27-08-26/0/map1-0.2-data-2026.08.27-14.00.12.429.jpk-force-map,2026-08-27T14:00:12.429000,1,1,0.2,far_constant_referenced,265.0,0.14759279205328918,-2.882973820294679,3.5627046083136915,64
27-08-26/0/map1-0.2-data-2026.08.27-14.00.12.429.jpk-force-map,2026-08-27T14:00:12.429000,1,1,0.2,far_constant_referenced,270.0,0.5588222459182854,-3.1265118677644086,3.1407703901491812,64
27-08-26/0/map1-0.2-data-2026.08.27-14.00.12.429.jpk-force-map,2026-08-27T14:00:12.429000,1,1,0.2,far_constant_referenced,275.0,-1.2774766255445835,-2.749391036073651,3.027547160548826,64
27-08-26/0/map1-0.2-data-2026.08.27-14.00.12.429.jpk-force-map,2026-08-27T14:00:12.429000,1,1,0.2,far_constant_referenced,280.0,0.3903542315506291,-2.034060538572213,2.4093982783569547,64
27-08-26/0/map1-0.2-data-2026.08.27-14.00.12.429.jpk-force-map,2026-08-27T14:00:12.429000,1,1,0.2,far_constant_referenced,285.0,-0.9868761349103432,-2.529014544790699,1.1174146158766682,64
27-08-26/0/map1-0.2-data-2026.08.27-14.00.12.429.jpk-force-map,2026-08-27T14:00:12.429000,1,1,0.2,far_constant_referenced,290.0,-0.49268009807353014,-2.1200465733432337,1.2271027259838463,64
27-08-26/0/map1-0.2-data-2026.08.27-14.00.12.429.jpk-force-map,2026-08-27T14:00:12.429000,1,1,0.2,far_constant_referenced,295.0,-0.7654745211027064,-2.091281014023006,1.2365152146163143,64
27-08-26/0/map1-0.2-data-2026.08.27-14.00.12.429.jpk-force-map,2026-08-27T14:00:12.429000,1,1,0.2,far_constant_referenced,300.0,-0.6382350708057113,-2.3277177581879602,0.7695439468811639,64
27-08-26/0/map1-0.2-data-2026.08.27-14.00.12.429.jpk-force-map,2026-08-27T14:00:12.429000,1,1,0.2,far_constant_referenced,305.0,0.17558795626432744,-1.7467466528799718,2.1605233808962288,64
27-08-26/0/map1-0.2-data-2026.08.27-14.00.12.429.jpk-force-map,2026-08-27T14:00:12.429000,1,1,0.2,far_constant_referenced,310.0,0.31352595799723265,-2.0121601937335956,2.2350963848959147,64
27-08-26/0/map1-0.2-data-2026.08.27-14.00.12.429.jpk-force-map,2026-08-27T14:00:12.429000,1,1,0.2,far_constant_referenced,315.0,0.15318436945897418,-2.011917892045896,1.944992923364496,64
27-08-26/0/map1-0.2-data-2026.08.27-14.00.12.429.jpk-force-map,2026-08-27T14:00:12.429000,1,1,0.2,far_constant_referenced,320.0,-0.3893353218898892,-2.625972497004276,2.4844807371866384,64
27-08-26/0/map1-0.2-data-2026.08.27-14.00.12.429.jpk-force-map,2026-08-27T14:00:12.429000,1,1,0.2,far_constant_referenced,325.0,0.4020592669195762,-2.6396967131033033,1.9256274269496845,64
27-08-26/0/map1-0.2-data-2026.08.27-14.00.12.429.jpk-force-map,2026-08-27T14:00:12.429000,1,1,0.2,far_constant_referenced,330.0,-0.9777059479651091,-2.3455486772482756,0.7886485030171562,64
27-08-26/0/map1-0.2-data-2026.08.27-14.00.12.429.jpk-force-map,2026-08-27T14:00:12.429000,1,1,0.2,far_constant_referenced,335.0,-0.010673699981062022,-1.405983500053342,2.288775527989895,64
27-08-26/0/map1-0.2-data-2026.08.27-14.00.12.429.jpk-force-map,2026-08-27T14:00:12.429000,1,1,0.2,far_constant_referenced,340.0,0.09822537642552678,-2.3208401179791434,2.5010255934436048,64
27-08-26/0/map1-0.2-data-2026.08.27-14.00.12.429.jpk-force-map,2026-08-27T14:00:12.429000,1,1,0.2,far_constant_referenced,345.0,0.16491425628326545,-1.5233072197511648,1.8948613254909619,63
27-08-26/0/map1-0.2-data-2026.08.27-14.00.12.429.jpk-force-map,2026-08-27T14:00:12.429000,1,1,0.2,far_constant_referenced,350.0,0.5486455750400765,-2.1030295394387895,2.2012549158641304,63
27-08-26/0/map1-0.2-data-2026.08.27-14.00.12.429.jpk-force-map,2026-08-27T14:00:12.429000,1,1,0.2,far_constant_referenced,355.0,0.09772834732267385,-2.3282085744271166,2.9886111432142406,62
27-08-26/0/map1-0.2-data-2026.08.27-14.00.12.429.jpk-force-map,2026-08-27T14:00:12.429000,1,1,0.2,far_constant_referenced,360.0,1.4800284106315063,-1.6510312734231856,3.484347970269433,61
27-08-26/0/map1-0.2-data-2026.08.27-14.00.12.429.jpk-force-map,2026-08-27T14:00:12.429000,1,1,0.2,far_constant_referenced,365.0,-0.09008652486842575,-4.760544745874611,2.9987816012287847,26
27-08-26/0/map1-0.1-data-2026.08.27-14.04.47.122.jpk-force-map,2026-08-27T14:04:47.122000,2,1,0.1,linear_drift_corrected,5.0,7001.689781229374,6604.428614375969,7258.454515537662,64
27-08-26/0/map1-0.1-data-2026.08.27-14.04.47.122.jpk-force-map,2026-08-27T14:04:47.122000,2,1,0.1,linear_drift_corrected,10.0,4978.233150795041,4751.058391859887,5099.27979273316,64
27-08-26/0/map1-0.1-data-2026.08.27-14.04.47.122.jpk-force-map,2026-08-27T14:04:47.122000,2,1,0.1,linear_drift_corrected,15.0,3337.996581849655,3179.2204356302236,3461.005773046076,64
27-08-26/0/map1-0.1-data-2026.08.27-14.04.47.122.jpk-force-map,2026-08-27T14:04:47.122000,2,1,0.1,linear_drift_corrected,20.0,2319.9100317477823,2224.9252886514896,2392.1375389688938,64
27-08-26/0/map1-0.1-data-2026.08.27-14.04.47.122.jpk-force-map,2026-08-27T14:04:47.122000,2,1,0.1,linear_drift_corrected,25.0,1657.4282367110354,1576.1784225558938,1699.6262703496964,64
27-08-26/0/map1-0.1-data-2026.08.27-14.04.47.122.jpk-force-map,2026-08-27T14:04:47.122000,2,1,0.1,linear_drift_corrected,30.0,1191.1927397346394,1142.3928485057213,1235.2857152983806,64
27-08-26/0/map1-0.1-data-2026.08.27-14.04.47.122.jpk-force-map,2026-08-27T14:04:47.122000,2,1,0.1,linear_drift_corrected,35.0,873.0174299051534,832.1583758489877,912.930952587695,64
27-08-26/0/map1-0.1-data-2026.08.27-14.04.47.122.jpk-force-map,2026-08-27T14:04:47.122000,2,1,0.1,linear_drift_corrected,40.0,642.892314575018,604.003727905297,671.2870085013324,64
27-08-26/0/map1-0.1-data-2026.08.27-14.04.47.122.jpk-force-map,2026-08-27T14:04:47.122000,2,1,0.1,linear_drift_corrected,45.0,473.41086877511924,442.44642130942145,499.3450916947738,64
27-08-26/0/map1-0.1-data-2026.08.27-14.04.47.122.jpk-force-map,2026-08-27T14:04:47.122000,2,1,0.1,linear_drift_corrected,50.0,347.43455370072013,327.22718914473376,369.81852091738085,64
27-08-26/0/map1-0.1-data-2026.08.27-14.04.47.122.jpk-force-map,2026-08-27T14:04:47.122000,2,1,0.1,linear_drift_corrected,55.0,257.01106774734535,240.63417360193094,273.0420950928789,64
27-08-26/0/map1-0.1-data-2026.08.27-14.04.47.122.jpk-force-map,2026-08-27T14:04:47.122000,2,1,0.1,linear_drift_corrected,60.0,192.14846970996715,177.96436633723272,204.69997730944056,64
27-08-26/0/map1-0.1-data-2026.08.27-14.04.47.122.jpk-force-map,2026-08-27T14:04:47.122000,2,1,0.1,linear_drift_corrected,65.0,141.8059114037356,130.03223883868972,154.5329743277067,64
27-08-26/0/map1-0.1-data-2026.08.27-14.04.47.122.jpk-force-map,2026-08-27T14:04:47.122000,2,1,0.1,linear_drift_corrected,70.0,108.48277333764409,94.18853467803004,118.15174109605752,64
27-08-26/0/map1-0.1-data-2026.08.27-14.04.47.122.jpk-force-map,2026-08-27T14:04:47.122000,2,1,0.1,linear_drift_corrected,75.0,81.78170741418066,70.11919956232599,91.08883225600911,64
27-08-26/0/map1-0.1-data-2026.08.27-14.04.47.122.jpk-force-map,2026-08-27T14:04:47.122000,2,1,0.1,linear_drift_corrected,80.0,62.712536550775326,53.691720129616336,71.18548849353434,64
27-08-26/0/map1-0.1-data-2026.08.27-14.04.47.122.jpk-force-map,2026-08-27T14:04:47.122000,2,1,0.1,linear_drift_corrected,85.0,48.405960461081406,38.506406458672274,59.02319352829514,64
27-08-26/0/map1-0.1-data-2026.08.27-14.04.47.122.jpk-force-map,2026-08-27T14:04:47.122000,2,1,0.1,linear_drift_corrected,90.0,37.370123545742466,29.41982804315853,45.97265613249746,64
27-08-26/0/map1-0.1-data-2026.08.27-14.04.47.122.jpk-force-map,2026-08-27T14:04:47.122000,2,1,0.1,linear_drift_corrected,95.0,30.50550359643882,22.59628681884577,37.332287845781195,64
27-08-26/0/map1-0.1-data-2026.08.27-14.04.47.122.jpk-force-map,2026-08-27T14:04:47.122000,2,1,0.1,linear_drift_corrected,100.0,24.89885931130422,14.23741162528999,33.202095668469305,64
27-08-26/0/map1-0.1-data-2026.08.27-14.04.47.122.jpk-force-map,2026-08-27T14:04:47.122000,2,1,0.1,linear_drift_corrected,105.0,20.608629145039508,11.389041116505297,28.598746296153625,64
27-08-26/0/map1-0.1-data-2026.08.27-14.04.47.122.jpk-force-map,2026-08-27T14:04:47.122000,2,1,0.1,linear_drift_corrected,110.0,16.98172336823344,7.964077269455164,27.002794555214,64
27-08-26/0/map1-0.1-data-2026.08.27-14.04.47.122.jpk-force-map,2026-08-27T14:04:47.122000,2,1,0.1,linear_drift_corrected,115.0,14.423885888112444,4.579304368968814,22.92301582964305,64
27-08-26/0/map1-0.1-data-2026.08.27-14.04.47.122.jpk-force-map,2026-08-27T14:04:47.122000,2,1,0.1,linear_drift_corrected,120.0,10.779460438040452,3.6513345077233637,22.069807944867847,64
27-08-26/0/map1-0.1-data-2026.08.27-14.04.47.122.jpk-force-map,2026-08-27T14:04:47.122000,2,1,0.1,linear_drift_corrected,125.0,10.909402600352706,1.9075715201652383,20.913558203621243,64
27-08-26/0/map1-0.1-data-2026.08.27-14.04.47.122.jpk-force-map,2026-08-27T14:04:47.122000,2,1,0.1,linear_drift_corrected,130.0,11.33995021163583,0.4661595906124054,18.521744193544475,64
27-08-26/0/map1-0.1-data-2026.08.27-14.04.47.122.jpk-force-map,2026-08-27T14:04:47.122000,2,1,0.1,linear_drift_corrected,135.0,9.929053053797865,-0.02293971259643951,18.649743959956414,64
27-08-26/0/map1-0.1-data-2026.08.27-14.04.47.122.jpk-force-map,2026-08-27T14:04:47.122000,2,1,0.1,linear_drift_corrected,140.0,10.015133101562157,-0.14552849874873242,16.763114460082747,64
27-08-26/0/map1-0.1-data-2026.08.27-14.04.47.122.jpk-force-map,2026-08-27T14:04:47.122000,2,1,0.1,linear_drift_corrected,145.0,10.134635249356268,-0.0038372959444600285,17.50473299071234,64
27-08-26/0/map1-0.1-data-2026.08.27-14.04.47.122.jpk-force-map,2026-08-27T14:04:47.122000,2,1,0.1,linear_drift_corrected,150.0,9.167820074873708,-1.1324370101668197,14.790988397966654,64
27-08-26/0/map1-0.1-data-2026.08.27-14.04.47.122.jpk-force-map,2026-08-27T14:04:47.122000,2,1,0.1,linear_drift_corrected,155.0,8.293835099095302,-2.8171938150694675,14.313452508378507,64
27-08-26/0/map1-0.1-data-2026.08.27-14.04.47.122.jpk-force-map,2026-08-27T14:04:47.122000,2,1,0.1,linear_drift_corrected,160.0,8.168722503326954,-2.23380073893083,14.231390123697684,64
27-08-26/0/map1-0.1-data-2026.08.27-14.04.47.122.jpk-force-map,2026-08-27T14:04:47.122000,2,1,0.1,linear_drift_corrected,165.0,7.883138030979412,-2.7816858547070655,13.878433419854499,64
27-08-26/0/map1-0.1-data-2026.08.27-14.04.47.122.jpk-force-map,2026-08-27T14:04:47.122000,2,1,0.1,linear_drift_corrected,170.0,7.594086961990643,-3.0833478851284166,14.426623284333157,64
27-08-26/0/map1-0.1-data-2026.08.27-14.04.47.122.jpk-force-map,2026-08-27T14:04:47.122000,2,1,0.1,linear_drift_corrected,175.0,6.1933429524673596,-2.6893629394414433,13.307260846991658,64
27-08-26/0/map1-0.1-data-2026.08.27-14.04.47.122.jpk-force-map,2026-08-27T14:04:47.122000,2,1,0.1,linear_drift_corrected,180.0,5.498500817776147,-1.0396823601949512,12.65883828209934,64
27-08-26/0/map1-0.1-data-2026.08.27-14.04.47.122.jpk-force-map,2026-08-27T14:04:47.122000,2,1,0.1,linear_drift_corrected,185.0,6.107229636147487,-2.2909704606026176,12.821804066074039,64
27-08-26/0/map1-0.1-data-2026.08.27-14.04.47.122.jpk-force-map,2026-08-27T14:04:47.122000,2,1,0.1,linear_drift_corrected,190.0,5.500029908064038,-2.850854427703483,13.0701059011581,64
27-08-26/0/map1-0.1-data-2026.08.27-14.04.47.122.jpk-force-map,2026-08-27T14:04:47.122000,2,1,0.1,linear_drift_corrected,195.0,5.429382423803725,-2.4083777089999434,11.935982184233918,64
27-08-26/0/map1-0.1-data-2026.08.27-14.04.47.122.jpk-force-map,2026-08-27T14:04:47.122000,2,1,0.1,linear_drift_corrected,200.0,4.9518666743587865,-2.1849088176281795,11.40322598989953,64
27-08-26/0/map1-0.1-data-2026.08.27-14.04.47.122.jpk-force-map,2026-08-27T14:04:47.122000,2,1,0.1,linear_drift_corrected,205.0,4.2805948177944995,-1.4969511449683133,10.433242328890335,64
27-08-26/0/map1-0.1-data-2026.08.27-14.04.47.122.jpk-force-map,2026-08-27T14:04:47.122000,2,1,0.1,linear_drift_corrected,210.0,5.575974409505743,-2.931862742502153,8.718333633803885,64
27-08-26/0/map1-0.1-data-2026.08.27-14.04.47.122.jpk-force-map,2026-08-27T14:04:47.122000,2,1,0.1,linear_drift_corrected,215.0,3.8862111418947634,-2.1311289703444265,9.441806571364744,64
27-08-26/0/map1-0.1-data-2026.08.27-14.04.47.122.jpk-force-map,2026-08-27T14:04:47.122000,2,1,0.1,linear_drift_corrected,220.0,2.6384778433263727,-2.877668586588066,7.025564537464271,64
27-08-26/0/map1-0.1-data-2026.08.27-14.04.47.122.jpk-force-map,2026-08-27T14:04:47.122000,2,1,0.1,linear_drift_corrected,225.0,1.7802981449593664,-1.7420788413345845,9.134505890218993,64
27-08-26/0/map1-0.1-data-2026.08.27-14.04.47.122.jpk-force-map,2026-08-27T14:04:47.122000,2,1,0.1,linear_drift_corrected,230.0,2.1487132041957873,-1.1194779031652247,6.624906229824799,64
27-08-26/0/map1-0.1-data-2026.08.27-14.04.47.122.jpk-force-map,2026-08-27T14:04:47.122000,2,1,0.1,linear_drift_corrected,235.0,1.9678794228180059,-2.3235745700033963,5.609274988792602,64
27-08-26/0/map1-0.1-data-2026.08.27-14.04.47.122.jpk-force-map,2026-08-27T14:04:47.122000,2,1,0.1,linear_drift_corrected,240.0,1.8720803228651444,-3.0071171315630036,3.8903416158565496,64
27-08-26/0/map1-0.1-data-2026.08.27-14.04.47.122.jpk-force-map,2026-08-27T14:04:47.122000,2,1,0.1,linear_drift_corrected,245.0,1.604220603163026,-2.3913797540775654,4.47191534684001,64
27-08-26/0/map1-0.1-data-2026.08.27-14.04.47.122.jpk-force-map,2026-08-27T14:04:47.122000,2,1,0.1,linear_drift_corrected,250.0,0.9403662947152018,-1.9547022494429018,3.5611472131738697,64
27-08-26/0/map1-0.1-data-2026.08.27-14.04.47.122.jpk-force-map,2026-08-27T14:04:47.122000,2,1,0.1,linear_drift_corrected,255.0,-0.08976201820420406,-2.3700956236951125,4.062864117996335,64
27-08-26/0/map1-0.1-data-2026.08.27-14.04.47.122.jpk-force-map,2026-08-27T14:04:47.122000,2,1,0.1,linear_drift_corrected,260.0,0.4807690694861545,-1.5658401136751303,2.9204133939392505,64
27-08-26/0/map1-0.1-data-2026.08.27-14.04.47.122.jpk-force-map,2026-08-27T14:04:47.122000,2,1,0.1,linear_drift_corrected,265.0,0.664584776153121,-1.078890226201348,1.9168978826757832,64
27-08-26/0/map1-0.1-data-2026.08.27-14.04.47.122.jpk-force-map,2026-08-27T14:04:47.122000,2,1,0.1,linear_drift_corrected,270.0,0.06312883422286007,-1.8555474131411327,2.044830465608482,64
27-08-26/0/map1-0.1-data-2026.08.27-14.04.47.122.jpk-force-map,2026-08-27T14:04:47.122000,2,1,0.1,linear_drift_corrected,275.0,-0.013849781656953102,-1.6792657136756501,1.7761448015294696,64
27-08-26/0/map1-0.1-data-2026.08.27-14.04.47.122.jpk-force-map,2026-08-27T14:04:47.122000,2,1,0.1,linear_drift_corrected,280.0,0.25144684334456413,-1.0876179388354306,2.6964597529316334,64
27-08-26/0/map1-0.1-data-2026.08.27-14.04.47.122.jpk-force-map,2026-08-27T14:04:47.122000,2,1,0.1,linear_drift_corrected,285.0,0.06372617311221404,-1.6612938659043133,2.0216799583154774,64
27-08-26/0/map1-0.1-data-2026.08.27-14.04.47.122.jpk-force-map,2026-08-27T14:04:47.122000,2,1,0.1,linear_drift_corrected,290.0,0.42845906250081023,-1.6027380734879921,2.0522264217242614,64
27-08-26/0/map1-0.1-data-2026.08.27-14.04.47.122.jpk-force-map,2026-08-27T14:04:47.122000,2,1,0.1,linear_drift_corrected,295.0,0.2476107436585164,-2.0011315382034036,1.7720239614119415,64
27-08-26/0/map1-0.1-data-2026.08.27-14.04.47.122.jpk-force-map,2026-08-27T14:04:47.122000,2,1,0.1,linear_drift_corrected,300.0,-0.5461877931679204,-1.6164083147950443,0.9778152244958312,64
27-08-26/0/map1-0.1-data-2026.08.27-14.04.47.122.jpk-force-map,2026-08-27T14:04:47.122000,2,1,0.1,linear_drift_corrected,305.0,-0.9156249404070222,-2.635365237183647,1.806700272792987,64
27-08-26/0/map1-0.1-data-2026.08.27-14.04.47.122.jpk-force-map,2026-08-27T14:04:47.122000,2,1,0.1,linear_drift_corrected,310.0,-0.503601359160401,-1.8003138439969428,1.551361897344911,64
27-08-26/0/map1-0.1-data-2026.08.27-14.04.47.122.jpk-force-map,2026-08-27T14:04:47.122000,2,1,0.1,linear_drift_corrected,315.0,-0.22073529624979565,-2.302401138337726,1.427473817988601,64
27-08-26/0/map1-0.1-data-2026.08.27-14.04.47.122.jpk-force-map,2026-08-27T14:04:47.122000,2,1,0.1,linear_drift_corrected,320.0,-0.12702171449284572,-2.2780963161456644,2.1524736168524554,64
27-08-26/0/map1-0.1-data-2026.08.27-14.04.47.122.jpk-force-map,2026-08-27T14:04:47.122000,2,1,0.1,linear_drift_corrected,325.0,-0.3411775027868835,-2.0222620729817544,1.4918044566294588,64
27-08-26/0/map1-0.1-data-2026.08.27-14.04.47.122.jpk-force-map,2026-08-27T14:04:47.122000,2,1,0.1,linear_drift_corrected,330.0,-0.27754252465613904,-2.1374653106338033,1.367776602907857,64
27-08-26/0/map1-0.1-data-2026.08.27-14.04.47.122.jpk-force-map,2026-08-27T14:04:47.122000,2,1,0.1,linear_drift_corrected,335.0,-0.9583862665471725,-2.664836341957561,1.9390129042326756,64
27-08-26/0/map1-0.1-data-2026.08.27-14.04.47.122.jpk-force-map,2026-08-27T14:04:47.122000,2,1,0.1,linear_drift_corrected,340.0,-0.34036170010571615,-2.264571061529381,1.9869504684477197,64
27-08-26/0/map1-0.1-data-2026.08.27-14.04.47.122.jpk-force-map,2026-08-27T14:04:47.122000,2,1,0.1,linear_drift_corrected,345.0,0.36513452506975574,-1.3097699797737226,2.035026173958822,63
27-08-26/0/map1-0.1-data-2026.08.27-14.04.47.122.jpk-force-map,2026-08-27T14:04:47.122000,2,1,0.1,linear_drift_corrected,350.0,0.323991158516701,-1.1054683345839935,1.500056896675801,63
27-08-26/0/map1-0.1-data-2026.08.27-14.04.47.122.jpk-force-map,2026-08-27T14:04:47.122000,2,1,0.1,linear_drift_corrected,355.0,0.669777075286928,-1.2321624095388968,2.6513224444479455,63
27-08-26/0/map1-0.1-data-2026.08.27-14.04.47.122.jpk-force-map,2026-08-27T14:04:47.122000,2,1,0.1,linear_drift_corrected,360.0,0.452883270288569,-1.042090156791581,3.6452304982763586,60
27-08-26/0/map1-0.1-data-2026.08.27-14.04.47.122.jpk-force-map,2026-08-27T14:04:47.122000,2,1,0.1,linear_drift_corrected,365.0,0.9838366897844223,-0.6449937548531297,5.5313515773944575,17
27-08-26/0/map1-0.1-data-2026.08.27-14.04.47.122.jpk-force-map,2026-08-27T14:04:47.122000,2,1,0.1,far_constant_referenced,5.0,7013.458170292917,6611.011003222894,7246.218110606227,64
27-08-26/0/map1-0.1-data-2026.08.27-14.04.47.122.jpk-force-map,2026-08-27T14:04:47.122000,2,1,0.1,far_constant_referenced,10.0,4978.451027368799,4753.815903753279,5104.520402816408,64
27-08-26/0/map1-0.1-data-2026.08.27-14.04.47.122.jpk-force-map,2026-08-27T14:04:47.122000,2,1,0.1,far_constant_referenced,15.0,3334.457313268452,3182.768547869565,3469.725088275731,64
27-08-26/0/map1-0.1-data-2026.08.27-14.04.47.122.jpk-force-map,2026-08-27T14:04:47.122000,2,1,0.1,far_constant_referenced,20.0,2321.42112014889,2219.536677597783,2405.1345017733843,64
27-08-26/0/map1-0.1-data-2026.08.27-14.04.47.122.jpk-force-map,2026-08-27T14:04:47.122000,2,1,0.1,far_constant_referenced,25.0,1663.6069049685088,1601.1071292843499,1705.5842371697142,64
27-08-26/0/map1-0.1-data-2026.08.27-14.04.47.122.jpk-force-map,2026-08-27T14:04:47.122000,2,1,0.1,far_constant_referenced,30.0,1203.1421333854923,1156.395347191746,1241.9076448863145,64
27-08-26/0/map1-0.1-data-2026.08.27-14.04.47.122.jpk-force-map,2026-08-27T14:04:47.122000,2,1,0.1,far_constant_referenced,35.0,887.9491522034373,851.2199502978765,907.9369042034095,64
27-08-26/0/map1-0.1-data-2026.08.27-14.04.47.122.jpk-force-map,2026-08-27T14:04:47.122000,2,1,0.1,far_constant_referenced,40.0,649.5492673399424,622.9401681878683,676.9767311225123,64
27-08-26/0/map1-0.1-data-2026.08.27-14.04.47.122.jpk-force-map,2026-08-27T14:04:47.122000,2,1,0.1,far_constant_referenced,45.0,482.62787085687387,455.5312234322119,501.5992791090082,64
27-08-26/0/map1-0.1-data-2026.08.27-14.04.47.122.jpk-force-map,2026-08-27T14:04:47.122000,2,1,0.1,far_constant_referenced,50.0,356.9045954120816,334.7433102944493,371.4539481630229,64
27-08-26/0/map1-0.1-data-2026.08.27-14.04.47.122.jpk-force-map,2026-08-27T14:04:47.122000,2,1,0.1,far_constant_referenced,55.0,262.3188636999944,248.0258164315994,280.67444668099216,64
27-08-26/0/map1-0.1-data-2026.08.27-14.04.47.122.jpk-force-map,2026-08-27T14:04:47.122000,2,1,0.1,far_constant_referenced,60.0,198.67219957416737,184.89851044093444,208.06498100304867,64
27-08-26/0/map1-0.1-data-2026.08.27-14.04.47.122.jpk-force-map,2026-08-27T14:04:47.122000,2,1,0.1,far_constant_referenced,65.0,148.72053866174826,139.17220576230625,155.08679805260522,64
27-08-26/0/map1-0.1-data-2026.08.27-14.04.47.122.jpk-force-map,2026-08-27T14:04:47.122000,2,1,0.1,far_constant_referenced,70.0,113.30469267008522,103.84570075185748,117.94105469464469,64
27-08-26/0/map1-0.1-data-2026.08.27-14.04.47.122.jpk-force-map,2026-08-27T14:04:47.122000,2,1,0.1,far_constant_referenced,75.0,85.8963085921958,78.3759414119539,91.56964728522011,64
27-08-26/0/map1-0.1-data-2026.08.27-14.04.47.122.jpk-force-map,2026-08-27T14:04:47.122000,2,1,0.1,far_constant_referenced,80.0,67.0974502059353,57.75754024785593,71.72361692102507,64
27-08-26/0/map1-0.1-data-2026.08.27-14.04.47.122.jpk-force-map,2026-08-27T14:04:47.122000,2,1,0.1,far_constant_referenced,85.0,52.69442903569919,45.98382166961243,57.068434248386666,64
27-08-26/0/map1-0.1-data-2026.08.27-14.04.47.122.jpk-force-map,2026-08-27T14:04:47.122000,2,1,0.1,far_constant_referenced,90.0,42.48475542503857,35.71792164170646,45.02011330375284,64
27-08-26/0/map1-0.1-data-2026.08.27-14.04.47.122.jpk-force-map,2026-08-27T14:04:47.122000,2,1,0.1,far_constant_referenced,95.0,33.64821169074128,28.794803269886714,36.80222169361413,64
27-08-26/0/map1-0.1-data-2026.08.27-14.04.47.122.jpk-force-map,2026-08-27T14:04:47.122000,2,1,0.1,far_constant_referenced,100.0,28.05322963576137,24.077779634819443,31.647750319513126,64
27-08-26/0/map1-0.1-data-2026.08.27-14.04.47.122.jpk-force-map,2026-08-27T14:04:47.122000,2,1,0.1,far_constant_referenced,105.0,24.138330205258654,19.944025864660304,27.113192280918863,64
27-08-26/0/map1-0.1-data-2026.08.27-14.04.47.122.jpk-force-map,2026-08-27T14:04:47.122000,2,1,0.1,far_constant_referenced,110.0,20.38224399880312,15.792441175441365,24.233020462190908,64
27-08-26/0/map1-0.1-data-2026.08.27-14.04.47.122.jpk-force-map,2026-08-27T14:04:47.122000,2,1,0.1,far_constant_referenced,115.0,18.431914225448246,13.474160757340936,21.9012270653605,64
27-08-26/0/map1-0.1-data-2026.08.27-14.04.47.122.jpk-force-map,2026-08-27T14:04:47.122000,2,1,0.1,far_constant_referenced,120.0,16.204714390421827,12.259514823244324,19.96769687567764,64
27-08-26/0/map1-0.1-data-2026.08.27-14.04.47.122.jpk-force-map,2026-08-27T14:04:47.122000,2,1,0.1,far_constant_referenced,125.0,14.722623309014052,9.858528762451087,18.488929676394214,64
27-08-26/0/map1-0.1-data-2026.08.27-14.04.47.122.jpk-force-map,2026-08-27T14:04:47.122000,2,1,0.1,far_constant_referenced,130.0,13.398314116265638,10.50359798341912,17.207594862439805,64
27-08-26/0/map1-0.1-data-2026.08.27-14.04.47.122.jpk-force-map,2026-08-27T14:04:47.122000,2,1,0.1,far_constant_referenced,135.0,12.872544305678517,9.347272201663333,16.096591921988306,64
27-08-26/0/map1-0.1-data-2026.08.27-14.04.47.122.jpk-force-map,2026-08-27T14:04:47.122000,2,1,0.1,far_constant_referenced,140.0,11.749792839811287,9.056379706431358,16.248446738597607,64
27-08-26/0/map1-0.1-data-2026.08.27-14.04.47.122.jpk-force-map,2026-08-27T14:04:47.122000,2,1,0.1,far_constant_referenced,145.0,11.680593962984744,8.024485160541866,14.74093261858573,64
27-08-26/0/map1-0.1-data-2026.08.27-14.04.47.122.jpk-force-map,2026-08-27T14:04:47.122000,2,1,0.1,far_constant_referenced,150.0,10.111982540520579,7.288515529549568,14.544978894837296,64
27-08-26/0/map1-0.1-data-2026.08.27-14.04.47.122.jpk-force-map,2026-08-27T14:04:47.122000,2,1,0.1,far_constant_referenced,155.0,9.675267919413656,5.368256016909424,12.91862511636456,64
27-08-26/0/map1-0.1-data-2026.08.27-14.04.47.122.jpk-force-map,2026-08-27T14:04:47.122000,2,1,0.1,far_constant_referenced,160.0,9.510900395143373,7.4753487692629434,13.223496555110625,64
27-08-26/0/map1-0.1-data-2026.08.27-14.04.47.122.jpk-force-map,2026-08-27T14:04:47.122000,2,1,0.1,far_constant_referenced,165.0,9.15512696341474,6.451804312299149,12.854253634698084,64
27-08-26/0/map1-0.1-data-2026.08.27-14.04.47.122.jpk-force-map,2026-08-27T14:04:47.122000,2,1,0.1,far_constant_referenced,170.0,8.289898701395614,5.8975485212622365,12.452691396881066,64
27-08-26/0/map1-0.1-data-2026.08.27-14.04.47.122.jpk-force-map,2026-08-27T14:04:47.122000,2,1,0.1,far_constant_referenced,175.0,8.652792075020763,4.705337238289769,11.905835126611123,64
27-08-26/0/map1-0.1-data-2026.08.27-14.04.47.122.jpk-force-map,2026-08-27T14:04:47.122000,2,1,0.1,far_constant_referenced,180.0,8.125009296567537,4.17574651647526,11.508795853628826,64
27-08-26/0/map1-0.1-data-2026.08.27-14.04.47.122.jpk-force-map,2026-08-27T14:04:47.122000,2,1,0.1,far_constant_referenced,185.0,7.600767850471184,4.193074193569026,10.129279153295396,64
27-08-26/0/map1-0.1-data-2026.08.27-14.04.47.122.jpk-force-map,2026-08-27T14:04:47.122000,2,1,0.1,far_constant_referenced,190.0,6.575222851369052,3.6892047278203206,10.91053434840945,64
27-08-26/0/map1-0.1-data-2026.08.27-14.04.47.122.jpk-force-map,2026-08-27T14:04:47.122000,2,1,0.1,far_constant_referenced,195.0,6.520773313165789,4.113655155817579,10.539017519852067,64
27-08-26/0/map1-0.1-data-2026.08.27-14.04.47.122.jpk-force-map,2026-08-27T14:04:47.122000,2,1,0.1,far_constant_referenced,200.0,6.456656558914624,3.630387546377012,9.892879686313087,64
27-08-26/0/map1-0.1-data-2026.08.27-14.04.47.122.jpk-force-map,2026-08-27T14:04:47.122000,2,1,0.1,far_constant_referenced,205.0,6.362469543948699,3.0616309312680303,10.046306357459635,64
27-08-26/0/map1-0.1-data-2026.08.27-14.04.47.122.jpk-force-map,2026-08-27T14:04:47.122000,2,1,0.1,far_constant_referenced,210.0,5.926326506309858,2.7000298333099724,8.80191323156504,64
27-08-26/0/map1-0.1-data-2026.08.27-14.04.47.122.jpk-force-map,2026-08-27T14:04:47.122000,2,1,0.1,far_constant_referenced,215.0,5.068727641017617,2.2185515286389483,8.388385018100053,64
27-08-26/0/map1-0.1-data-2026.08.27-14.04.47.122.jpk-force-map,2026-08-27T14:04:47.122000,2,1,0.1,far_constant_referenced,220.0,4.513943756558966,1.3764972485344271,8.180490170158826,64
27-08-26/0/map1-0.1-data-2026.08.27-14.04.47.122.jpk-force-map,2026-08-27T14:04:47.122000,2,1,0.1,far_constant_referenced,225.0,4.967433109882911,1.5556513886107557,7.56716247026331,64
27-08-26/0/map1-0.1-data-2026.08.27-14.04.47.122.jpk-force-map,2026-08-27T14:04:47.122000,2,1,0.1,far_constant_referenced,230.0,4.445241908835091,0.9270586823975081,7.576071716929523,64
27-08-26/0/map1-0.1-data-2026.08.27-14.04.47.122.jpk-force-map,2026-08-27T14:04:47.122000,2,1,0.1,far_constant_referenced,235.0,3.256820472770769,-0.37408895416385113,6.501177940790918,64
27-08-26/0/map1-0.1-data-2026.08.27-14.04.47.122.jpk-force-map,2026-08-27T14:04:47.122000,2,1,0.1,far_constant_referenced,240.0,2.8700324250322957,-1.557919083891782,5.546347757278734,64
27-08-26/0/map1-0.1-data-2026.08.27-14.04.47.122.jpk-force-map,2026-08-27T14:04:47.122000,2,1,0.1,far_constant_referenced,245.0,1.553862083840919,-1.2795144448657536,5.376376229875032,64
27-08-26/0/map1-0.1-data-2026.08.27-14.04.47.122.jpk-force-map,2026-08-27T14:04:47.122000,2,1,0.1,far_constant_referenced,250.0,1.4551148268575362,-2.4849839791534207,4.904316626700823,64
27-08-26/0/map1-0.1-data-2026.08.27-14.04.47.122.jpk-force-map,2026-08-27T14:04:47.122000,2,1,0.1,far_constant_referenced,255.0,1.927951038004832,-0.8530261975472022,4.667910946854646,64
27-08-26/0/map1-0.1-data-2026.08.27-14.04.47.122.jpk-force-map,2026-08-27T14:04:47.122000,2,1,0.1,far_constant_referenced,260.0,0.9380305998403438,-0.8196693318907847,4.059180766159342,64
27-08-26/0/map1-0.1-data-2026.08.27-14.04.47.122.jpk-force-map,2026-08-27T14:04:47.122000,2,1,0.1,far_constant_referenced,265.0,1.1660302749866407,-1.1301385609062005,3.83500200224017,64
27-08-26/0/map1-0.1-data-2026.08.27-14.04.47.122.jpk-force-map,2026-08-27T14:04:47.122000,2,1,0.1,far_constant_referenced,270.0,0.6422982837205963,-1.6612141571651222,2.7751060792762234,64
27-08-26/0/map1-0.1-data-2026.08.27-14.04.47.122.jpk-force-map,2026-08-27T14:04:47.122000,2,1,0.1,far_constant_referenced,275.0,0.484528820788912,-1.3479553523105916,3.1611547962243614,64
27-08-26/0/map1-0.1-data-2026.08.27-14.04.47.122.jpk-force-map,2026-08-27T14:04:47.122000,2,1,0.1,far_constant_referenced,280.0,1.338064473166515,-1.1240126772152041,3.4128503338429947,64
27-08-26/0/map1-0.1-data-2026.08.27-14.04.47.122.jpk-force-map,2026-08-27T14:04:47.122000,2,1,0.1,far_constant_referenced,285.0,-0.1104398666249059,-1.508023574842219,2.7679737116520506,64
27-08-26/0/map1-0.1-data-2026.08.27-14.04.47.122.jpk-force-map,2026-08-27T14:04:47.122000,2,1,0.1,far_constant_referenced,290.0,1.1181787981219133,-2.247323300822826,2.669729696635124,64
27-08-26/0/map1-0.1-data-2026.08.27-14.04.47.122.jpk-force-map,2026-08-27T14:04:47.122000,2,1,0.1,far_constant_referenced,295.0,0.18984026578481455,-1.5988804948199273,1.9404078298918481,64
27-08-26/0/map1-0.1-data-2026.08.27-14.04.47.122.jpk-force-map,2026-08-27T14:04:47.122000,2,1,0.1,far_constant_referenced,300.0,-0.46723220801415594,-1.6164380478735803,0.9240268048711127,64
27-08-26/0/map1-0.1-data-2026.08.27-14.04.47.122.jpk-force-map,2026-08-27T14:04:47.122000,2,1,0.1,far_constant_referenced,305.0,-0.6428077385508113,-2.531033725520593,1.691781446982533,64
27-08-26/0/map1-0.1-data-2026.08.27-14.04.47.122.jpk-force-map,2026-08-27T14:04:47.122000,2,1,0.1,far_constant_referenced,310.0,-0.3756048929270411,-1.8681397983559416,1.5251089502483013,64
27-08-26/0/map1-0.1-data-2026.08.27-14.04.47.122.jpk-force-map,2026-08-27T14:04:47.122000,2,1,0.1,far_constant_referenced,315.0,-0.37662380258781203,-2.522410270588156,1.4024483805603507,64
27-08-26/0/map1-0.1-data-2026.08.27-14.04.47.122.jpk-force-map,2026-08-27T14:04:47.122000,2,1,0.1,far_constant_referenced,320.0,-0.5624257069130238,-2.4679110294748243,1.9477887120672301,64
27-08-26/0/map1-0.1-data-2026.08.27-14.04.47.122.jpk-force-map,2026-08-27T14:04:47.122000,2,1,0.1,far_constant_referenced,325.0,-0.7542913662914293,-2.4114298848141185,1.0120817232821735,64
27-08-26/0/map1-0.1-data-2026.08.27-14.04.47.122.jpk-force-map,2026-08-27T14:04:47.122000,2,1,0.1,far_constant_referenced,330.0,-0.9318922904217997,-2.679390699819344,0.9423112629875526,64
27-08-26/0/map1-0.1-data-2026.08.27-14.04.47.122.jpk-force-map,2026-08-27T14:04:47.122000,2,1,0.1,far_constant_referenced,335.0,-1.3593994474006261,-3.7433746871533344,1.46860295413253,64
27-08-26/0/map1-0.1-data-2026.08.27-14.04.47.122.jpk-force-map,2026-08-27T14:04:47.122000,2,1,0.1,far_constant_referenced,340.0,-0.734410202182551,-2.974352620829949,1.508042213433665,64
27-08-26/0/map1-0.1-data-2026.08.27-14.04.47.122.jpk-force-map,2026-08-27T14:04:47.122000,2,1,0.1,far_constant_referenced,345.0,0.037649954531236235,-2.434846168416236,2.1930787871244783,63
27-08-26/0/map1-0.1-data-2026.08.27-14.04.47.122.jpk-force-map,2026-08-27T14:04:47.122000,2,1,0.1,far_constant_referenced,350.0,-0.1547251596774773,-2.6643990595084293,1.8526138517596844,63
27-08-26/0/map1-0.1-data-2026.08.27-14.04.47.122.jpk-force-map,2026-08-27T14:04:47.122000,2,1,0.1,far_constant_referenced,355.0,-0.39188259604136716,-2.1376103392607226,3.0028758784624,63
27-08-26/0/map1-0.1-data-2026.08.27-14.04.47.122.jpk-force-map,2026-08-27T14:04:47.122000,2,1,0.1,far_constant_referenced,360.0,0.6102523323224381,-1.4800346234952957,2.586514599111865,60
27-08-26/0/map1-0.1-data-2026.08.27-14.04.47.122.jpk-force-map,2026-08-27T14:04:47.122000,2,1,0.1,far_constant_referenced,365.0,3.886369960006644,-1.2286310904745223,5.856071442640024,17
27-08-26/0/map1-0.05-data-2026.08.27-14.14.18.398.jpk-force-map,2026-08-27T14:14:18.398000,3,1,0.05,linear_drift_corrected,5.0,6826.499587322459,6588.103294509132,7190.779100184049,64
27-08-26/0/map1-0.05-data-2026.08.27-14.14.18.398.jpk-force-map,2026-08-27T14:14:18.398000,3,1,0.05,linear_drift_corrected,10.0,4591.37364411647,4344.020735065422,4777.800058896879,64
27-08-26/0/map1-0.05-data-2026.08.27-14.14.18.398.jpk-force-map,2026-08-27T14:14:18.398000,3,1,0.05,linear_drift_corrected,15.0,2969.5085307217423,2833.4802684465094,3076.2967339019106,64
27-08-26/0/map1-0.05-data-2026.08.27-14.14.18.398.jpk-force-map,2026-08-27T14:14:18.398000,3,1,0.05,linear_drift_corrected,20.0,2008.6187249773352,1906.125937201581,2077.3383904420625,64
27-08-26/0/map1-0.05-data-2026.08.27-14.14.18.398.jpk-force-map,2026-08-27T14:14:18.398000,3,1,0.05,linear_drift_corrected,25.0,1383.8317097987526,1302.844481165559,1437.2816894279454,64
27-08-26/0/map1-0.05-data-2026.08.27-14.14.18.398.jpk-force-map,2026-08-27T14:14:18.398000,3,1,0.05,linear_drift_corrected,30.0,955.1466532541103,906.2605334925132,1001.2826729814433,64
27-08-26/0/map1-0.05-data-2026.08.27-14.14.18.398.jpk-force-map,2026-08-27T14:14:18.398000,3,1,0.05,linear_drift_corrected,35.0,666.5122402425119,643.2798965355928,715.6608924844188,64
27-08-26/0/map1-0.05-data-2026.08.27-14.14.18.398.jpk-force-map,2026-08-27T14:14:18.398000,3,1,0.05,linear_drift_corrected,40.0,473.839215606145,454.5254050901924,513.4110050243844,64
27-08-26/0/map1-0.05-data-2026.08.27-14.14.18.398.jpk-force-map,2026-08-27T14:14:18.398000,3,1,0.05,linear_drift_corrected,45.0,333.5592116904502,313.24103288902575,367.2824028407403,64
27-08-26/0/map1-0.05-data-2026.08.27-14.14.18.398.jpk-force-map,2026-08-27T14:14:18.398000,3,1,0.05,linear_drift_corrected,50.0,237.2606778691547,214.9061911055341,262.62721561528843,64
27-08-26/0/map1-0.05-data-2026.08.27-14.14.18.398.jpk-force-map,2026-08-27T14:14:18.398000,3,1,0.05,linear_drift_corrected,55.0,166.65142902607764,148.87211695577693,189.09559464561886,64
27-08-26/0/map1-0.05-data-2026.08.27-14.14.18.398.jpk-force-map,2026-08-27T14:14:18.398000,3,1,0.05,linear_drift_corrected,60.0,120.12728211295266,100.57140571360753,138.06283890716483,64
27-08-26/0/map1-0.05-data-2026.08.27-14.14.18.398.jpk-force-map,2026-08-27T14:14:18.398000,3,1,0.05,linear_drift_corrected,65.0,86.82478815553631,71.28591142065058,104.51657119062425,64
27-08-26/0/map1-0.05-data-2026.08.27-14.14.18.398.jpk-force-map,2026-08-27T14:14:18.398000,3,1,0.05,linear_drift_corrected,70.0,62.83298542827584,45.29583769060172,76.96772158479553,64
27-08-26/0/map1-0.05-data-2026.08.27-14.14.18.398.jpk-force-map,2026-08-27T14:14:18.398000,3,1,0.05,linear_drift_corrected,75.0,47.91236944859054,32.14349068203818,59.73297143060071,64
27-08-26/0/map1-0.05-data-2026.08.27-14.14.18.398.jpk-force-map,2026-08-27T14:14:18.398000,3,1,0.05,linear_drift_corrected,80.0,35.04420812245709,21.953584165336437,47.475610171736314,64
27-08-26/0/map1-0.05-data-2026.08.27-14.14.18.398.jpk-force-map,2026-08-27T14:14:18.398000,3,1,0.05,linear_drift_corrected,85.0,27.840747467127734,15.005645450952242,38.11405099258745,64
27-08-26/0/map1-0.05-data-2026.08.27-14.14.18.398.jpk-force-map,2026-08-27T14:14:18.398000,3,1,0.05,linear_drift_corrected,90.0,21.755299218482023,8.503865817306107,31.146654132777414,64
27-08-26/0/map1-0.05-data-2026.08.27-14.14.18.398.jpk-force-map,2026-08-27T14:14:18.398000,3,1,0.05,linear_drift_corrected,95.0,18.150234784558513,7.249672195448053,27.884785098298273,64
27-08-26/0/map1-0.05-data-2026.08.27-14.14.18.398.jpk-force-map,2026-08-27T14:14:18.398000,3,1,0.05,linear_drift_corrected,100.0,14.082403225331449,5.794339642523497,26.57571589285319,64
27-08-26/0/map1-0.05-data-2026.08.27-14.14.18.398.jpk-force-map,2026-08-27T14:14:18.398000,3,1,0.05,linear_drift_corrected,105.0,12.393122262212039,2.097934598964214,22.670263800910472,64
27-08-26/0/map1-0.05-data-2026.08.27-14.14.18.398.jpk-force-map,2026-08-27T14:14:18.398000,3,1,0.05,linear_drift_corrected,110.0,10.788825263069835,2.9252372482999416,22.185280347261504,64
27-08-26/0/map1-0.05-data-2026.08.27-14.14.18.398.jpk-force-map,2026-08-27T14:14:18.398000,3,1,0.05,linear_drift_corrected,115.0,9.157262404776262,1.0296272452683624,20.384911187046693,64
27-08-26/0/map1-0.05-data-2026.08.27-14.14.18.398.jpk-force-map,2026-08-27T14:14:18.398000,3,1,0.05,linear_drift_corrected,120.0,8.881589357972992,-0.7805621008057793,19.21216631969648,64
27-08-26/0/map1-0.05-data-2026.08.27-14.14.18.398.jpk-force-map,2026-08-27T14:14:18.398000,3,1,0.05,linear_drift_corrected,125.0,7.970021876693542,-1.7435532079449358,19.855402325428265,64
27-08-26/0/map1-0.05-data-2026.08.27-14.14.18.398.jpk-force-map,2026-08-27T14:14:18.398000,3,1,0.05,linear_drift_corrected,130.0,7.841461202948862,-1.032873910517457,16.47577447068341,64
27-08-26/0/map1-0.05-data-2026.08.27-14.14.18.398.jpk-force-map,2026-08-27T14:14:18.398000,3,1,0.05,linear_drift_corrected,135.0,6.47688546138991,-2.8267322486992352,16.498671539669257,64
27-08-26/0/map1-0.05-data-2026.08.27-14.14.18.398.jpk-force-map,2026-08-27T14:14:18.398000,3,1,0.05,linear_drift_corrected,140.0,6.160051533893297,-2.619031883138395,16.84138281716015,64
27-08-26/0/map1-0.05-data-2026.08.27-14.14.18.398.jpk-force-map,2026-08-27T14:14:18.398000,3,1,0.05,linear_drift_corrected,145.0,7.497088711482594,-1.8096376521554443,15.437023931964628,64
27-08-26/0/map1-0.05-data-2026.08.27-14.14.18.398.jpk-force-map,2026-08-27T14:14:18.398000,3,1,0.05,linear_drift_corrected,150.0,6.68796813762998,-1.2169262142752406,15.55003917165341,64
27-08-26/0/map1-0.05-data-2026.08.27-14.14.18.398.jpk-force-map,2026-08-27T14:14:18.398000,3,1,0.05,linear_drift_corrected,155.0,7.627465097254705,-2.0185304300328335,13.51054513500226,64
27-08-26/0/map1-0.05-data-2026.08.27-14.14.18.398.jpk-force-map,2026-08-27T14:14:18.398000,3,1,0.05,linear_drift_corrected,160.0,7.3019532206532265,-1.6818221070723658,13.088705764827576,64
27-08-26/0/map1-0.05-data-2026.08.27-14.14.18.398.jpk-force-map,2026-08-27T14:14:18.398000,3,1,0.05,linear_drift_corrected,165.0,8.047242591520702,-1.3588374730745834,12.733337105098325,64
27-08-26/0/map1-0.05-data-2026.08.27-14.14.18.398.jpk-force-map,2026-08-27T14:14:18.398000,3,1,0.05,linear_drift_corrected,170.0,7.712350093676461,-1.8509041494919483,13.428479685402522,64
27-08-26/0/map1-0.05-data-2026.08.27-14.14.18.398.jpk-force-map,2026-08-27T14:14:18.398000,3,1,0.05,linear_drift_corrected,175.0,5.777734923745827,-0.13521136656706706,12.968960631601195,64
27-08-26/0/map1-0.05-data-2026.08.27-14.14.18.398.jpk-force-map,2026-08-27T14:14:18.398000,3,1,0.05,linear_drift_corrected,180.0,6.329910719327548,-3.6975132940693944,11.797055025712586,64
27-08-26/0/map1-0.05-data-2026.08.27-14.14.18.398.jpk-force-map,2026-08-27T14:14:18.398000,3,1,0.05,linear_drift_corrected,185.0,5.340487361985265,-3.5837732981481727,12.288674471582794,64
27-08-26/0/map1-0.05-data-2026.08.27-14.14.18.398.jpk-force-map,2026-08-27T14:14:18.398000,3,1,0.05,linear_drift_corrected,190.0,4.879035491483933,-0.8860302681406662,12.703346970878474,64
27-08-26/0/map1-0.05-data-2026.08.27-14.14.18.398.jpk-force-map,2026-08-27T14:14:18.398000,3,1,0.05,linear_drift_corrected,195.0,4.598324034107089,-2.7880768045414865,10.221244514000228,64
27-08-26/0/map1-0.05-data-2026.08.27-14.14.18.398.jpk-force-map,2026-08-27T14:14:18.398000,3,1,0.05,linear_drift_corrected,200.0,3.3819900405415564,-2.624298377755835,10.483340127402418,64
27-08-26/0/map1-0.05-data-2026.08.27-14.14.18.398.jpk-force-map,2026-08-27T14:14:18.398000,3,1,0.05,linear_drift_corrected,205.0,3.5755881585460076,-3.665694838430167,9.461688390949908,64
27-08-26/0/map1-0.05-data-2026.08.27-14.14.18.398.jpk-force-map,2026-08-27T14:14:18.398000,3,1,0.05,linear_drift_corrected,210.0,2.495282863454139,-3.0028249849936106,9.52406926439679,64
27-08-26/0/map1-0.05-data-2026.08.27-14.14.18.398.jpk-force-map,2026-08-27T14:14:18.398000,3,1,0.05,linear_drift_corrected,215.0,2.769460191739793,-1.9768903951889907,7.904614624844474,64
27-08-26/0/map1-0.05-data-2026.08.27-14.14.18.398.jpk-force-map,2026-08-27T14:14:18.398000,3,1,0.05,linear_drift_corrected,220.0,2.0431205795501173,-2.694556946931616,8.833158503912763,64
27-08-26/0/map1-0.05-data-2026.08.27-14.14.18.398.jpk-force-map,2026-08-27T14:14:18.398000,3,1,0.05,linear_drift_corrected,225.0,1.9224750240400539,-2.5216828048563813,8.571175339406874,64
27-08-26/0/map1-0.05-data-2026.08.27-14.14.18.398.jpk-force-map,2026-08-27T14:14:18.398000,3,1,0.05,linear_drift_corrected,230.0,1.4768408830012958,-2.5087358835512097,8.19170119390336,64
27-08-26/0/map1-0.05-data-2026.08.27-14.14.18.398.jpk-force-map,2026-08-27T14:14:18.398000,3,1,0.05,linear_drift_corrected,235.0,1.9120043282934247,-2.8221221121181372,5.483860496715472,64
27-08-26/0/map1-0.05-data-2026.08.27-14.14.18.398.jpk-force-map,2026-08-27T14:14:18.398000,3,1,0.05,linear_drift_corrected,240.0,-0.2294785950556649,-2.981539385626613,5.329876810628756,64
27-08-26/0/map1-0.05-data-2026.08.27-14.14.18.398.jpk-force-map,2026-08-27T14:14:18.398000,3,1,0.05,linear_drift_corrected,245.0,1.7925125634328876,-3.027720038218262,5.5446084258328545,64
27-08-26/0/map1-0.05-data-2026.08.27-14.14.18.398.jpk-force-map,2026-08-27T14:14:18.398000,3,1,0.05,linear_drift_corrected,250.0,1.0330052399142025,-1.5657604120703603,6.127192997004514,64
27-08-26/0/map1-0.05-data-2026.08.27-14.14.18.398.jpk-force-map,2026-08-27T14:14:18.398000,3,1,0.05,linear_drift_corrected,255.0,1.2714735057590192,-1.897673464100698,5.0080486800732835,64
27-08-26/0/map1-0.05-data-2026.08.27-14.14.18.398.jpk-force-map,2026-08-27T14:14:18.398000,3,1,0.05,linear_drift_corrected,260.0,0.2881866738891955,-1.744589942018118,3.244279819139887,64
27-08-26/0/map1-0.05-data-2026.08.27-14.14.18.398.jpk-force-map,2026-08-27T14:14:18.398000,3,1,0.05,linear_drift_corrected,265.0,0.46389461557013184,-1.2004522689779311,2.1261913209529135,64
27-08-26/0/map1-0.05-data-2026.08.27-14.14.18.398.jpk-force-map,2026-08-27T14:14:18.398000,3,1,0.05,linear_drift_corrected,270.0,-0.14926548170381163,-2.273858265396371,1.547617811515598,64
27-08-26/0/map1-0.05-data-2026.08.27-14.14.18.398.jpk-force-map,2026-08-27T14:14:18.398000,3,1,0.05,linear_drift_corrected,275.0,-0.43070886893490634,-1.9729508694735594,1.459663820604639,64
27-08-26/0/map1-0.05-data-2026.08.27-14.14.18.398.jpk-force-map,2026-08-27T14:14:18.398000,3,1,0.05,linear_drift_corrected,280.0,-0.3112163963031929,-1.7297017148915879,1.5963145307441788,64
27-08-26/0/map1-0.05-data-2026.08.27-14.14.18.398.jpk-force-map,2026-08-27T14:14:18.398000,3,1,0.05,linear_drift_corrected,285.0,0.10768255451800732,-1.4802478515214776,1.3404352251179927,64
27-08-26/0/map1-0.05-data-2026.08.27-14.14.18.398.jpk-force-map,2026-08-27T14:14:18.398000,3,1,0.05,linear_drift_corrected,290.0,-0.2350888688551685,-1.4431722715981765,1.5464678149845745,64
27-08-26/0/map1-0.05-data-2026.08.27-14.14.18.398.jpk-force-map,2026-08-27T14:14:18.398000,3,1,0.05,linear_drift_corrected,295.0,-0.03901674257636477,-1.9082702166421837,2.2577640007673256,64
27-08-26/0/map1-0.05-data-2026.08.27-14.14.18.398.jpk-force-map,2026-08-27T14:14:18.398000,3,1,0.05,linear_drift_corrected,300.0,-1.2525079357397355,-2.7500015057919756,1.981802892045212,64
27-08-26/0/map1-0.05-data-2026.08.27-14.14.18.398.jpk-force-map,2026-08-27T14:14:18.398000,3,1,0.05,linear_drift_corrected,305.0,-0.020935496036945115,-1.9847032050966351,1.030689441956452,64
27-08-26/0/map1-0.05-data-2026.08.27-14.14.18.398.jpk-force-map,2026-08-27T14:14:18.398000,3,1,0.05,linear_drift_corrected,310.0,0.056198336391833505,-1.6513935983797594,1.9954686275515698,64
27-08-26/0/map1-0.05-data-2026.08.27-14.14.18.398.jpk-force-map,2026-08-27T14:14:18.398000,3,1,0.05,linear_drift_corrected,315.0,0.4513787051082824,-1.6753253490323918,2.030314900745664,64
27-08-26/0/map1-0.05-data-2026.08.27-14.14.18.398.jpk-force-map,2026-08-27T14:14:18.398000,3,1,0.05,linear_drift_corrected,320.0,0.13883614020627588,-1.3860336581380974,2.118500832444171,64
27-08-26/0/map1-0.05-data-2026.08.27-14.14.18.398.jpk-force-map,2026-08-27T14:14:18.398000,3,1,0.05,linear_drift_corrected,325.0,0.6646951029670111,-1.635530560682782,2.5150161650765384,64
27-08-26/0/map1-0.05-data-2026.08.27-14.14.18.398.jpk-force-map,2026-08-27T14:14:18.398000,3,1,0.05,linear_drift_corrected,330.0,-0.04433424862881724,-1.8996359688559674,1.9327660174321488,64
27-08-26/0/map1-0.05-data-2026.08.27-14.14.18.398.jpk-force-map,2026-08-27T14:14:18.398000,3,1,0.05,linear_drift_corrected,335.0,0.33935403327380165,-0.876864056831637,1.9319837899022496,64
27-08-26/0/map1-0.05-data-2026.08.27-14.14.18.398.jpk-force-map,2026-08-27T14:14:18.398000,3,1,0.05,linear_drift_corrected,340.0,-0.429670421013871,-1.4447178540354166,1.3223287059772484,64
27-08-26/0/map1-0.05-data-2026.08.27-14.14.18.398.jpk-force-map,2026-08-27T14:14:18.398000,3,1,0.05,linear_drift_corrected,345.0,-0.2889810482747904,-1.3075001077299289,0.9258825348376283,63
27-08-26/0/map1-0.05-data-2026.08.27-14.14.18.398.jpk-force-map,2026-08-27T14:14:18.398000,3,1,0.05,linear_drift_corrected,350.0,0.05678388423537231,-2.226549580509957,1.2355492246602962,63
27-08-26/0/map1-0.05-data-2026.08.27-14.14.18.398.jpk-force-map,2026-08-27T14:14:18.398000,3,1,0.05,linear_drift_corrected,355.0,-0.11805354556991376,-1.4388028535631363,1.3003233114775243,62
27-08-26/0/map1-0.05-data-2026.08.27-14.14.18.398.jpk-force-map,2026-08-27T14:14:18.398000,3,1,0.05,linear_drift_corrected,360.0,0.733200987065435,-1.4105634312173958,2.6865427083926043,60
27-08-26/0/map1-0.05-data-2026.08.27-14.14.18.398.jpk-force-map,2026-08-27T14:14:18.398000,3,1,0.05,linear_drift_corrected,365.0,1.6092440474711172,-2.184053079502836,7.969613488307971,16
27-08-26/0/map1-0.05-data-2026.08.27-14.14.18.398.jpk-force-map,2026-08-27T14:14:18.398000,3,1,0.05,far_constant_referenced,5.0,6849.688298667208,6601.447945836282,7189.004873141626,64
27-08-26/0/map1-0.05-data-2026.08.27-14.14.18.398.jpk-force-map,2026-08-27T14:14:18.398000,3,1,0.05,far_constant_referenced,10.0,4600.481170564954,4337.8047503413245,4788.3463918042635,64
27-08-26/0/map1-0.05-data-2026.08.27-14.14.18.398.jpk-force-map,2026-08-27T14:14:18.398000,3,1,0.05,far_constant_referenced,15.0,2983.724837679704,2822.0266579085064,3104.1605373566863,64
27-08-26/0/map1-0.05-data-2026.08.27-14.14.18.398.jpk-force-map,2026-08-27T14:14:18.398000,3,1,0.05,far_constant_referenced,20.0,2010.195984422505,1916.2131055219734,2088.2339584703354,64
27-08-26/0/map1-0.05-data-2026.08.27-14.14.18.398.jpk-force-map,2026-08-27T14:14:18.398000,3,1,0.05,far_constant_referenced,25.0,1386.8952216206117,1311.6860017308327,1442.457881350846,64
27-08-26/0/map1-0.05-data-2026.08.27-14.14.18.398.jpk-force-map,2026-08-27T14:14:18.398000,3,1,0.05,far_constant_referenced,30.0,969.4714804344006,907.8664254766435,1011.5556241897812,64
27-08-26/0/map1-0.05-data-2026.08.27-14.14.18.398.jpk-force-map,2026-08-27T14:14:18.398000,3,1,0.05,far_constant_referenced,35.0,687.2833440467953,640.0294452724052,718.3985214698776,64
27-08-26/0/map1-0.05-data-2026.08.27-14.14.18.398.jpk-force-map,2026-08-27T14:14:18.398000,3,1,0.05,far_constant_referenced,40.0,486.5061392425059,451.13078869698717,517.9780220268844,64
27-08-26/0/map1-0.05-data-2026.08.27-14.14.18.398.jpk-force-map,2026-08-27T14:14:18.398000,3,1,0.05,far_constant_referenced,45.0,345.93505128345146,322.2015761338155,369.6013467369909,64
27-08-26/0/map1-0.05-data-2026.08.27-14.14.18.398.jpk-force-map,2026-08-27T14:14:18.398000,3,1,0.05,far_constant_referenced,50.0,247.22473598815054,228.55333450241926,265.41029773883434,64
27-08-26/0/map1-0.05-data-2026.08.27-14.14.18.398.jpk-force-map,2026-08-27T14:14:18.398000,3,1,0.05,far_constant_referenced,55.0,176.93256909582945,161.98444368291015,191.8198270822566,64
27-08-26/0/map1-0.05-data-2026.08.27-14.14.18.398.jpk-force-map,2026-08-27T14:14:18.398000,3,1,0.05,far_constant_referenced,60.0,127.26843951933539,114.75112812623647,139.17551721870308,64
27-08-26/0/map1-0.05-data-2026.08.27-14.14.18.398.jpk-force-map,2026-08-27T14:14:18.398000,3,1,0.05,far_constant_referenced,65.0,93.41870737889526,82.75858871816486,103.20287437471535,64
27-08-26/0/map1-0.05-data-2026.08.27-14.14.18.398.jpk-force-map,2026-08-27T14:14:18.398000,3,1,0.05,far_constant_referenced,70.0,69.99749076304448,59.67071709578243,75.29752332274157,64
27-08-26/0/map1-0.05-data-2026.08.27-14.14.18.398.jpk-force-map,2026-08-27T14:14:18.398000,3,1,0.05,far_constant_referenced,75.0,52.314760929857194,45.977459697097665,58.14687556974597,64
27-08-26/0/map1-0.05-data-2026.08.27-14.14.18.398.jpk-force-map,2026-08-27T14:14:18.398000,3,1,0.05,far_constant_referenced,80.0,40.38326667581826,35.633917510482455,45.463165045919496,64
27-08-26/0/map1-0.05-data-2026.08.27-14.14.18.398.jpk-force-map,2026-08-27T14:14:18.398000,3,1,0.05,far_constant_referenced,85.0,31.19503757416222,26.682876909509368,35.47106592497552,64
27-08-26/0/map1-0.05-data-2026.08.27-14.14.18.398.jpk-force-map,2026-08-27T14:14:18.398000,3,1,0.05,far_constant_referenced,90.0,25.453481636789444,21.11538056390993,30.77361902369153,64
27-08-26/0/map1-0.05-data-2026.08.27-14.14.18.398.jpk-force-map,2026-08-27T14:14:18.398000,3,1,0.05,far_constant_referenced,95.0,21.676520208019635,19.10909152645236,26.52204450473215,64
27-08-26/0/map1-0.05-data-2026.08.27-14.14.18.398.jpk-force-map,2026-08-27T14:14:18.398000,3,1,0.05,far_constant_referenced,100.0,20.609734219119154,15.096693624586733,23.66397805534795,64
27-08-26/0/map1-0.05-data-2026.08.27-14.14.18.398.jpk-force-map,2026-08-27T14:14:18.398000,3,1,0.05,far_constant_referenced,105.0,18.274119911061494,12.693632467289618,21.961522908384463,64
27-08-26/0/map1-0.05-data-2026.08.27-14.14.18.398.jpk-force-map,2026-08-27T14:14:18.398000,3,1,0.05,far_constant_referenced,110.0,15.681504279713636,12.631311230672038,19.138080748868507,64
27-08-26/0/map1-0.05-data-2026.08.27-14.14.18.398.jpk-force-map,2026-08-27T14:14:18.398000,3,1,0.05,far_constant_referenced,115.0,13.647201439453802,9.941706582791703,18.359124313354577,64
27-08-26/0/map1-0.05-data-2026.08.27-14.14.18.398.jpk-force-map,2026-08-27T14:14:18.398000,3,1,0.05,far_constant_referenced,120.0,12.95756113369902,8.633178064054603,17.47737604653379,64
27-08-26/0/map1-0.05-data-2026.08.27-14.14.18.398.jpk-force-map,2026-08-27T14:14:18.398000,3,1,0.05,far_constant_referenced,125.0,12.08367213956503,7.950440249963841,16.58668746872773,64
27-08-26/0/map1-0.05-data-2026.08.27-14.14.18.398.jpk-force-map,2026-08-27T14:14:18.398000,3,1,0.05,far_constant_referenced,130.0,12.013441927350293,7.453442211560405,16.122791568565702,64
27-08-26/0/map1-0.05-data-2026.08.27-14.14.18.398.jpk-force-map,2026-08-27T14:14:18.398000,3,1,0.05,far_constant_referenced,135.0,10.167935591759576,7.014975562866313,14.427947179737611,64
27-08-26/0/map1-0.05-data-2026.08.27-14.14.18.398.jpk-force-map,2026-08-27T14:14:18.398000,3,1,0.05,far_constant_referenced,140.0,11.436279307541554,7.091306807316907,14.05283310304927,64
27-08-26/0/map1-0.05-data-2026.08.27-14.14.18.398.jpk-force-map,2026-08-27T14:14:18.398000,3,1,0.05,far_constant_referenced,145.0,9.673764406377845,6.340084595734804,15.78507271899342,64
27-08-26/0/map1-0.05-data-2026.08.27-14.14.18.398.jpk-force-map,2026-08-27T14:14:18.398000,3,1,0.05,far_constant_referenced,150.0,9.464067827939301,6.183613621334122,15.511029510343636,64
27-08-26/0/map1-0.05-data-2026.08.27-14.14.18.398.jpk-force-map,2026-08-27T14:14:18.398000,3,1,0.05,far_constant_referenced,155.0,9.038076609723548,5.379426745993106,14.169113061631109,64
27-08-26/0/map1-0.05-data-2026.08.27-14.14.18.398.jpk-force-map,2026-08-27T14:14:18.398000,3,1,0.05,far_constant_referenced,160.0,9.161252847105722,4.2126385016248316,12.913021113231286,64
27-08-26/0/map1-0.05-data-2026.08.27-14.14.18.398.jpk-force-map,2026-08-27T14:14:18.398000,3,1,0.05,far_constant_referenced,165.0,8.288854940279917,4.801748458490302,13.094716314595217,64
27-08-26/0/map1-0.05-data-2026.08.27-14.14.18.398.jpk-force-map,2026-08-27T14:14:18.398000,3,1,0.05,far_constant_referenced,170.0,8.594763927277983,5.01653958523173,12.519610152698949,64
27-08-26/0/map1-0.05-data-2026.08.27-14.14.18.398.jpk-force-map,2026-08-27T14:14:18.398000,3,1,0.05,far_constant_referenced,175.0,8.960726455612406,5.493445222157584,12.193627402814766,64
27-08-26/0/map1-0.05-data-2026.08.27-14.14.18.398.jpk-force-map,2026-08-27T14:14:18.398000,3,1,0.05,far_constant_referenced,180.0,7.471005977477885,4.368885812929381,11.10060449015426,64
27-08-26/0/map1-0.05-data-2026.08.27-14.14.18.398.jpk-force-map,2026-08-27T14:14:18.398000,3,1,0.05,far_constant_referenced,185.0,7.1264281262880615,3.5166424362189517,11.41567745123371,64
27-08-26/0/map1-0.05-data-2026.08.27-14.14.18.398.jpk-force-map,2026-08-27T14:14:18.398000,3,1,0.05,far_constant_referenced,190.0,7.008843466311481,4.458487734422626,11.259920956168177,64
27-08-26/0/map1-0.05-data-2026.08.27-14.14.18.398.jpk-force-map,2026-08-27T14:14:18.398000,3,1,0.05,far_constant_referenced,195.0,7.2857259537105445,3.4899395476752133,9.998212578907463,64
27-08-26/0/map1-0.05-data-2026.08.27-14.14.18.398.jpk-force-map,2026-08-27T14:14:18.398000,3,1,0.05,far_constant_referenced,200.0,6.690235385738921,2.461095517903732,9.067103109322519,64
27-08-26/0/map1-0.05-data-2026.08.27-14.14.18.398.jpk-force-map,2026-08-27T14:14:18.398000,3,1,0.05,far_constant_referenced,205.0,6.077460630720129,2.2610102397390546,8.757627938512513,64
27-08-26/0/map1-0.05-data-2026.08.27-14.14.18.398.jpk-force-map,2026-08-27T14:14:18.398000,3,1,0.05,far_constant_referenced,210.0,5.231057345966683,2.786022080944674,8.07485284723903,64
27-08-26/0/map1-0.05-data-2026.08.27-14.14.18.398.jpk-force-map,2026-08-27T14:14:18.398000,3,1,0.05,far_constant_referenced,215.0,4.869717188287537,2.849411930133133,7.771528411575146,64
27-08-26/0/map1-0.05-data-2026.08.27-14.14.18.398.jpk-force-map,2026-08-27T14:14:18.398000,3,1,0.05,far_constant_referenced,220.0,4.23555775612412,1.673969166513757,8.196003691027581,64
27-08-26/0/map1-0.05-data-2026.08.27-14.14.18.398.jpk-force-map,2026-08-27T14:14:18.398000,3,1,0.05,far_constant_referenced,225.0,4.515981575880042,0.8380159186450193,7.117773607036971,64
27-08-26/0/map1-0.05-data-2026.08.27-14.14.18.398.jpk-force-map,2026-08-27T14:14:18.398000,3,1,0.05,far_constant_referenced,230.0,4.848307659687739,0.34687039792611746,7.797982785567527,64
27-08-26/0/map1-0.05-data-2026.08.27-14.14.18.398.jpk-force-map,2026-08-27T14:14:18.398000,3,1,0.05,far_constant_referenced,235.0,3.77950870292121,1.1995797394203593,5.921207106551758,64
27-08-26/0/map1-0.05-data-2026.08.27-14.14.18.398.jpk-force-map,2026-08-27T14:14:18.398000,3,1,0.05,far_constant_referenced,240.0,2.7514288553951616,-0.5567968523246869,5.254473629568723,64
27-08-26/0/map1-0.05-data-2026.08.27-14.14.18.398.jpk-force-map,2026-08-27T14:14:18.398000,3,1,0.05,far_constant_referenced,245.0,3.4619071062816835,-1.0716009583332038,6.473176563716261,64
27-08-26/0/map1-0.05-data-2026.08.27-14.14.18.398.jpk-force-map,2026-08-27T14:14:18.398000,3,1,0.05,far_constant_referenced,250.0,3.284293756423889,0.13002281327214998,6.125560622136128,64
27-08-26/0/map1-0.05-data-2026.08.27-14.14.18.398.jpk-force-map,2026-08-27T14:14:18.398000,3,1,0.05,far_constant_referenced,255.0,2.298945986004346,-0.40719109240530055,5.549926366818213,64
27-08-26/0/map1-0.05-data-2026.08.27-14.14.18.398.jpk-force-map,2026-08-27T14:14:18.398000,3,1,0.05,far_constant_referenced,260.0,1.8912827159514594,-1.3803243726253327,4.557719594781144,64
27-08-26/0/map1-0.05-data-2026.08.27-14.14.18.398.jpk-force-map,2026-08-27T14:14:18.398000,3,1,0.05,far_constant_referenced,265.0,1.5131429746002556,-1.4808174443319908,4.7292381252667886,64
27-08-26/0/map1-0.05-data-2026.08.27-14.14.18.398.jpk-force-map,2026-08-27T14:14:18.398000,3,1,0.05,far_constant_referenced,270.0,0.49217064324323373,-2.2521258445279067,2.8639003284774733,64
27-08-26/0/map1-0.05-data-2026.08.27-14.14.18.398.jpk-force-map,2026-08-27T14:14:18.398000,3,1,0.05,far_constant_referenced,275.0,0.18933081095449106,-1.5787756676147962,2.604345518172045,64
27-08-26/0/map1-0.05-data-2026.08.27-14.14.18.398.jpk-force-map,2026-08-27T14:14:18.398000,3,1,0.05,far_constant_referenced,280.0,0.44788535019074377,-1.6993922051179728,2.6041032164845053,64
27-08-26/0/map1-0.05-data-2026.08.27-14.14.18.398.jpk-force-map,2026-08-27T14:14:18.398000,3,1,0.05,far_constant_referenced,285.0,0.39903981512062814,-0.8749016909307625,2.3218714533674003,64
27-08-26/0/map1-0.05-data-2026.08.27-14.14.18.398.jpk-force-map,2026-08-27T14:14:18.398000,3,1,0.05,far_constant_referenced,290.0,0.5949686874137714,-1.4149238110386038,2.871038908965395,64
27-08-26/0/map1-0.05-data-2026.08.27-14.14.18.398.jpk-force-map,2026-08-27T14:14:18.398000,3,1,0.05,far_constant_referenced,295.0,1.105964307922596,-2.2831839505842413,2.5121963225273953,64
27-08-26/0/map1-0.05-data-2026.08.27-14.14.18.398.jpk-force-map,2026-08-27T14:14:18.398000,3,1,0.05,far_constant_referenced,300.0,-1.0647357438518108,-2.3007415036379024,2.389827757437131,64
27-08-26/0/map1-0.05-data-2026.08.27-14.14.18.398.jpk-force-map,2026-08-27T14:14:18.398000,3,1,0.05,far_constant_referenced,305.0,0.5242414460963833,-2.0737731638797774,1.374925393996984,64
27-08-26/0/map1-0.05-data-2026.08.27-14.14.18.398.jpk-force-map,2026-08-27T14:14:18.398000,3,1,0.05,far_constant_referenced,310.0,0.11656575031596406,-1.5887038239417026,1.977293602177591,64
27-08-26/0/map1-0.05-data-2026.08.27-14.14.18.398.jpk-force-map,2026-08-27T14:14:18.398000,3,1,0.05,far_constant_referenced,315.0,0.54864557504003,-1.8228355956428317,2.094107867044885,64
27-08-26/0/map1-0.05-data-2026.08.27-14.14.18.398.jpk-force-map,2026-08-27T14:14:18.398000,3,1,0.05,far_constant_referenced,320.0,0.018849828720745265,-1.7378311933497597,1.88390183377605,64
27-08-26/0/map1-0.05-data-2026.08.27-14.14.18.398.jpk-force-map,2026-08-27T14:14:18.398000,3,1,0.05,far_constant_referenced,325.0,0.47688699833457093,-2.076544101127415,2.6480902920754037,64
27-08-26/0/map1-0.05-data-2026.08.27-14.14.18.398.jpk-force-map,2026-08-27T14:14:18.398000,3,1,0.05,far_constant_referenced,330.0,-0.29417910017377397,-3.4649762609909556,2.1383869472336783,64
27-08-26/0/map1-0.05-data-2026.08.27-14.14.18.398.jpk-force-map,2026-08-27T14:14:18.398000,3,1,0.05,far_constant_referenced,335.0,-0.26209587159308007,-2.057197243304026,1.7681189042969125,64
27-08-26/0/map1-0.05-data-2026.08.27-14.14.18.398.jpk-force-map,2026-08-27T14:14:18.398000,3,1,0.05,far_constant_referenced,340.0,-0.4300792825856331,-3.2232150925630805,1.2660511690456697,64
27-08-26/0/map1-0.05-data-2026.08.27-14.14.18.398.jpk-force-map,2026-08-27T14:14:18.398000,3,1,0.05,far_constant_referenced,345.0,-1.0311365765078184,-3.0776539069669933,1.0973160015352645,63
27-08-26/0/map1-0.05-data-2026.08.27-14.14.18.398.jpk-force-map,2026-08-27T14:14:18.398000,3,1,0.05,far_constant_referenced,350.0,-1.5615163320227772,-2.983516594911409,1.0754342952879146,63
27-08-26/0/map1-0.05-data-2026.08.27-14.14.18.398.jpk-force-map,2026-08-27T14:14:18.398000,3,1,0.05,far_constant_referenced,355.0,-0.43005443113049824,-3.193194534758606,1.4378057883551856,62
27-08-26/0/map1-0.05-data-2026.08.27-14.14.18.398.jpk-force-map,2026-08-27T14:14:18.398000,3,1,0.05,far_constant_referenced,360.0,-1.0189345120359254,-2.6794279770020344,2.1648599598173885,60
27-08-26/0/map1-0.05-data-2026.08.27-14.14.18.398.jpk-force-map,2026-08-27T14:14:18.398000,3,1,0.05,far_constant_referenced,365.0,-0.6270270645393693,-4.295847386284317,4.387219973956029,16
27-08-26/0/map1-0.05-data-2026.08.27-14.27.55.012.jpk-force-map,2026-08-27T14:27:55.012000,4,1,0.05,linear_drift_corrected,5.0,6540.322614399961,6300.988590632214,6708.73202503943,64
27-08-26/0/map1-0.05-data-2026.08.27-14.27.55.012.jpk-force-map,2026-08-27T14:27:55.012000,4,1,0.05,linear_drift_corrected,10.0,4263.340956690325,4099.013500211736,4434.85997823847,64
27-08-26/0/map1-0.05-data-2026.08.27-14.27.55.012.jpk-force-map,2026-08-27T14:27:55.012000,4,1,0.05,linear_drift_corrected,15.0,2679.1591731010576,2591.3811954529792,2801.259237001941,64
27-08-26/0/map1-0.05-data-2026.08.27-14.27.55.012.jpk-force-map,2026-08-27T14:27:55.012000,4,1,0.05,linear_drift_corrected,20.0,1752.2216741591517,1692.3510452339433,1853.7866132528711,64
27-08-26/0/map1-0.05-data-2026.08.27-14.27.55.012.jpk-force-map,2026-08-27T14:27:55.012000,4,1,0.05,linear_drift_corrected,25.0,1166.535643628295,1109.4006766413936,1242.6253250939808,64
27-08-26/0/map1-0.05-data-2026.08.27-14.27.55.012.jpk-force-map,2026-08-27T14:27:55.012000,4,1,0.05,linear_drift_corrected,30.0,776.0013427337633,727.7859404104271,837.6718146231694,64
27-08-26/0/map1-0.05-data-2026.08.27-14.27.55.012.jpk-force-map,2026-08-27T14:27:55.012000,4,1,0.05,linear_drift_corrected,35.0,520.2120689382751,481.2924073256611,569.1822452271672,64
27-08-26/0/map1-0.05-data-2026.08.27-14.27.55.012.jpk-force-map,2026-08-27T14:27:55.012000,4,1,0.05,linear_drift_corrected,40.0,353.31465502739735,312.60165415948734,388.25202727701185,64
27-08-26/0/map1-0.05-data-2026.08.27-14.27.55.012.jpk-force-map,2026-08-27T14:27:55.012000,4,1,0.05,linear_drift_corrected,45.0,239.13855704201262,206.51590957151143,267.07423473539404,64
27-08-26/0/map1-0.05-data-2026.08.27-14.27.55.012.jpk-force-map,2026-08-27T14:27:55.012000,4,1,0.05,linear_drift_corrected,50.0,164.1307206410312,135.61233303832938,177.6320717936814,64
27-08-26/0/map1-0.05-data-2026.08.27-14.27.55.012.jpk-force-map,2026-08-27T14:27:55.012000,4,1,0.05,linear_drift_corrected,55.0,111.82754835927071,86.20274041022128,120.49434618795817,64
27-08-26/0/map1-0.05-data-2026.08.27-14.27.55.012.jpk-force-map,2026-08-27T14:27:55.012000,4,1,0.05,linear_drift_corrected,60.0,77.21242020721034,59.19966520778379,86.45514365337799,64
27-08-26/0/map1-0.05-data-2026.08.27-14.27.55.012.jpk-force-map,2026-08-27T14:27:55.012000,4,1,0.05,linear_drift_corrected,65.0,52.873992411836724,35.97356999042789,62.94735833242926,64
27-08-26/0/map1-0.05-data-2026.08.27-14.27.55.012.jpk-force-map,2026-08-27T14:27:55.012000,4,1,0.05,linear_drift_corrected,70.0,36.876306609554035,22.873578224412338,46.306578108966974,64
27-08-26/0/map1-0.05-data-2026.08.27-14.27.55.012.jpk-force-map,2026-08-27T14:27:55.012000,4,1,0.05,linear_drift_corrected,75.0,27.684614189745396,12.819928879195606,35.18033747694403,64
27-08-26/0/map1-0.05-data-2026.08.27-14.27.55.012.jpk-force-map,2026-08-27T14:27:55.012000,4,1,0.05,linear_drift_corrected,80.0,20.032078776396528,7.723028458368174,27.269736758663296,64
27-08-26/0/map1-0.05-data-2026.08.27-14.27.55.012.jpk-force-map,2026-08-27T14:27:55.012000,4,1,0.05,linear_drift_corrected,85.0,14.091057741928294,2.124375081633956,21.757144125710216,64
27-08-26/0/map1-0.05-data-2026.08.27-14.27.55.012.jpk-force-map,2026-08-27T14:27:55.012000,4,1,0.05,linear_drift_corrected,90.0,11.285777303113168,0.29570861566882567,21.183640114665916,64
27-08-26/0/map1-0.05-data-2026.08.27-14.27.55.012.jpk-force-map,2026-08-27T14:27:55.012000,4,1,0.05,linear_drift_corrected,95.0,9.628428617397248,-0.5828223440250769,17.65121499901844,64
27-08-26/0/map1-0.05-data-2026.08.27-14.27.55.012.jpk-force-map,2026-08-27T14:27:55.012000,4,1,0.05,linear_drift_corrected,100.0,7.899438237357511,-0.7699852575269841,16.098186546943584,64
27-08-26/0/map1-0.05-data-2026.08.27-14.27.55.012.jpk-force-map,2026-08-27T14:27:55.012000,4,1,0.05,linear_drift_corrected,105.0,6.608952660199091,-0.6010162941710283,17.363509267366794,64
27-08-26/0/map1-0.05-data-2026.08.27-14.27.55.012.jpk-force-map,2026-08-27T14:27:55.012000,4,1,0.05,linear_drift_corrected,110.0,7.206862266146787,-1.0254708157607113,18.058601735396493,64
27-08-26/0/map1-0.05-data-2026.08.27-14.27.55.012.jpk-force-map,2026-08-27T14:27:55.012000,4,1,0.05,linear_drift_corrected,115.0,7.100211748570606,-1.6687720093353273,15.522675090921325,64
27-08-26/0/map1-0.05-data-2026.08.27-14.27.55.012.jpk-force-map,2026-08-27T14:27:55.012000,4,1,0.05,linear_drift_corrected,120.0,6.962516532070834,-1.6631684776784121,14.395259267092746,64
27-08-26/0/map1-0.05-data-2026.08.27-14.27.55.012.jpk-force-map,2026-08-27T14:27:55.012000,4,1,0.05,linear_drift_corrected,125.0,6.833779977563141,-1.7952024101394666,13.380682564650364,64
27-08-26/0/map1-0.05-data-2026.08.27-14.27.55.012.jpk-force-map,2026-08-27T14:27:55.012000,4,1,0.05,linear_drift_corrected,130.0,6.343972461046378,-2.164083629544863,14.413940356948352,64
27-08-26/0/map1-0.05-data-2026.08.27-14.27.55.012.jpk-force-map,2026-08-27T14:27:55.012000,4,1,0.05,linear_drift_corrected,135.0,7.325495167258749,-2.82362843491131,13.974583403470277,64
27-08-26/0/map1-0.05-data-2026.08.27-14.27.55.012.jpk-force-map,2026-08-27T14:27:55.012000,4,1,0.05,linear_drift_corrected,140.0,7.205414991715466,-3.136470592675798,13.508706688733392,64
27-08-26/0/map1-0.05-data-2026.08.27-14.27.55.012.jpk-force-map,2026-08-27T14:27:55.012000,4,1,0.05,linear_drift_corrected,145.0,6.396866335817754,-2.502654332074308,12.46668348265195,64
27-08-26/0/map1-0.05-data-2026.08.27-14.27.55.012.jpk-force-map,2026-08-27T14:27:55.012000,4,1,0.05,linear_drift_corrected,150.0,7.9748147536649405,-2.3152737494207267,12.02323607066435,64
27-08-26/0/map1-0.05-data-2026.08.27-14.27.55.012.jpk-force-map,2026-08-27T14:27:55.012000,4,1,0.05,linear_drift_corrected,155.0,6.453314190609372,-1.4779181303049196,13.681830265391088,64
27-08-26/0/map1-0.05-data-2026.08.27-14.27.55.012.jpk-force-map,2026-08-27T14:27:55.012000,4,1,0.05,linear_drift_corrected,160.0,5.53484030294666,-2.1419756727716788,12.067139469409746,64
27-08-26/0/map1-0.05-data-2026.08.27-14.27.55.012.jpk-force-map,2026-08-27T14:27:55.012000,4,1,0.05,linear_drift_corrected,165.0,5.620796497006179,-0.6210954503260615,14.087656846270388,64
27-08-26/0/map1-0.05-data-2026.08.27-14.27.55.012.jpk-force-map,2026-08-27T14:27:55.012000,4,1,0.05,linear_drift_corrected,170.0,5.402263942272893,0.17870553249934784,13.87683185624935,64
27-08-26/0/map1-0.05-data-2026.08.27-14.27.55.012.jpk-force-map,2026-08-27T14:27:55.012000,4,1,0.05,linear_drift_corrected,175.0,5.319896883600778,-2.1623828239502974,12.433605371474178,64
27-08-26/0/map1-0.05-data-2026.08.27-14.27.55.012.jpk-force-map,2026-08-27T14:27:55.012000,4,1,0.05,linear_drift_corrected,180.0,4.305326655339815,-2.99002408783594,10.110165369353709,64
27-08-26/0/map1-0.05-data-2026.08.27-14.27.55.012.jpk-force-map,2026-08-27T14:27:55.012000,4,1,0.05,linear_drift_corrected,185.0,3.6080525496856835,-3.324618199270152,11.90662462934129,64
27-08-26/0/map1-0.05-data-2026.08.27-14.27.55.012.jpk-force-map,2026-08-27T14:27:55.012000,4,1,0.05,linear_drift_corrected,190.0,3.299646906146222,-3.4436494495563132,9.669562103643958,64
27-08-26/0/map1-0.05-data-2026.08.27-14.27.55.012.jpk-force-map,2026-08-27T14:27:55.012000,4,1,0.05,linear_drift_corrected,195.0,2.769992940530739,-3.774539621372618,9.614553846245148,64
27-08-26/0/map1-0.05-data-2026.08.27-14.27.55.012.jpk-force-map,2026-08-27T14:27:55.012000,4,1,0.05,linear_drift_corrected,200.0,2.1576970257529533,-2.1135782228047635,9.928003554803329,64
27-08-26/0/map1-0.05-data-2026.08.27-14.27.55.012.jpk-force-map,2026-08-27T14:27:55.012000,4,1,0.05,linear_drift_corrected,205.0,2.157598994542365,-2.755062693556069,8.5369218737791,64
27-08-26/0/map1-0.05-data-2026.08.27-14.27.55.012.jpk-force-map,2026-08-27T14:27:55.012000,4,1,0.05,linear_drift_corrected,210.0,2.078147589689534,-2.7502098745765493,7.966691575161781,64
27-08-26/0/map1-0.05-data-2026.08.27-14.27.55.012.jpk-force-map,2026-08-27T14:27:55.012000,4,1,0.05,linear_drift_corrected,215.0,3.061147876646338,-2.3875978688593125,7.965161770118801,64
27-08-26/0/map1-0.05-data-2026.08.27-14.27.55.012.jpk-force-map,2026-08-27T14:27:55.012000,4,1,0.05,linear_drift_corrected,220.0,2.6216899937452878,-2.068671009085405,7.591813753197195,64
27-08-26/0/map1-0.05-data-2026.08.27-14.27.55.012.jpk-force-map,2026-08-27T14:27:55.012000,4,1,0.05,linear_drift_corrected,225.0,0.9721218368421297,-2.1307087285366677,5.577134495620227,64
27-08-26/0/map1-0.05-data-2026.08.27-14.27.55.012.jpk-force-map,2026-08-27T14:27:55.012000,4,1,0.05,linear_drift_corrected,230.0,1.4845255669095887,-1.7425441761050438,4.505717666331001,64
27-08-26/0/map1-0.05-data-2026.08.27-14.27.55.012.jpk-force-map,2026-08-27T14:27:55.012000,4,1,0.05,linear_drift_corrected,235.0,1.5919933227912209,-0.6145311800890263,4.813270317253278,64
27-08-26/0/map1-0.05-data-2026.08.27-14.27.55.012.jpk-force-map,2026-08-27T14:27:55.012000,4,1,0.05,linear_drift_corrected,240.0,0.8274098676663726,-2.1329106663932182,3.592727921760111,64
27-08-26/0/map1-0.05-data-2026.08.27-14.27.55.012.jpk-force-map,2026-08-27T14:27:55.012000,4,1,0.05,linear_drift_corrected,245.0,1.5173390240606448,-1.0348420736369408,4.598106141875036,64
27-08-26/0/map1-0.05-data-2026.08.27-14.27.55.012.jpk-force-map,2026-08-27T14:27:55.012000,4,1,0.05,linear_drift_corrected,250.0,1.3588469886541859,-0.8930788847478823,3.4761710575162907,64
27-08-26/0/map1-0.05-data-2026.08.27-14.27.55.012.jpk-force-map,2026-08-27T14:27:55.012000,4,1,0.05,linear_drift_corrected,255.0,0.9448711042387975,-2.0867251081004516,3.1352351484312093,64
27-08-26/0/map1-0.05-data-2026.08.27-14.27.55.012.jpk-force-map,2026-08-27T14:27:55.012000,4,1,0.05,linear_drift_corrected,260.0,0.4268193194103185,-1.6909222936603188,2.8646690245170747,64
27-08-26/0/map1-0.05-data-2026.08.27-14.27.55.012.jpk-force-map,2026-08-27T14:27:55.012000,4,1,0.05,linear_drift_corrected,265.0,0.6374189875420557,-1.8108527696618957,2.1380483594718687,64
27-08-26/0/map1-0.05-data-2026.08.27-14.27.55.012.jpk-force-map,2026-08-27T14:27:55.012000,4,1,0.05,linear_drift_corrected,270.0,0.22340601851449415,-1.8409372115397744,2.3348775229443355,64
27-08-26/0/map1-0.05-data-2026.08.27-14.27.55.012.jpk-force-map,2026-08-27T14:27:55.012000,4,1,0.05,linear_drift_corrected,275.0,-0.029800556037861414,-1.669631287712717,1.7077015441111971,64
27-08-26/0/map1-0.05-data-2026.08.27-14.27.55.012.jpk-force-map,2026-08-27T14:27:55.012000,4,1,0.05,linear_drift_corrected,280.0,0.37306417175277085,-1.6266298736726306,2.0622788861306383,64
27-08-26/0/map1-0.05-data-2026.08.27-14.27.55.012.jpk-force-map,2026-08-27T14:27:55.012000,4,1,0.05,linear_drift_corrected,285.0,0.8983464134976843,-1.1793791402748801,2.0160532419819925,64
27-08-26/0/map1-0.05-data-2026.08.27-14.27.55.012.jpk-force-map,2026-08-27T14:27:55.012000,4,1,0.05,linear_drift_corrected,290.0,-0.12968739396671777,-1.7353589618174392,1.7895272068530996,64
27-08-26/0/map1-0.05-data-2026.08.27-14.27.55.012.jpk-force-map,2026-08-27T14:27:55.012000,4,1,0.05,linear_drift_corrected,295.0,-1.0460200306508958,-2.023013291895634,0.9838311228846897,64
27-08-26/0/map1-0.05-data-2026.08.27-14.27.55.012.jpk-force-map,2026-08-27T14:27:55.012000,4,1,0.05,linear_drift_corrected,300.0,-0.5312223482465519,-1.903859678526106,1.179033266131136,64
27-08-26/0/map1-0.05-data-2026.08.27-14.27.55.012.jpk-force-map,2026-08-27T14:27:55.012000,4,1,0.05,linear_drift_corrected,305.0,-0.08361322014488143,-2.1167576560236716,1.5388396547010448,64
27-08-26/0/map1-0.05-data-2026.08.27-14.27.55.012.jpk-force-map,2026-08-27T14:27:55.012000,4,1,0.05,linear_drift_corrected,310.0,-0.8151844882383987,-3.1217805216450554,1.365257631574306,64
27-08-26/0/map1-0.05-data-2026.08.27-14.27.55.012.jpk-force-map,2026-08-27T14:27:55.012000,4,1,0.05,linear_drift_corrected,315.0,-0.31267225934506765,-1.8761193548476527,1.1175103163439672,64
27-08-26/0/map1-0.05-data-2026.08.27-14.27.55.012.jpk-force-map,2026-08-27T14:27:55.012000,4,1,0.05,linear_drift_corrected,320.0,-0.18485366734734646,-1.812165382591424,1.3979510748965758,64
27-08-26/0/map1-0.05-data-2026.08.27-14.27.55.012.jpk-force-map,2026-08-27T14:27:55.012000,4,1,0.05,linear_drift_corrected,325.0,-0.36990721185090336,-1.1293167913836497,1.490647956240633,64
27-08-26/0/map1-0.05-data-2026.08.27-14.27.55.012.jpk-force-map,2026-08-27T14:27:55.012000,4,1,0.05,linear_drift_corrected,330.0,0.23243949540518194,-1.0873412668199478,1.5478652014977958,64
27-08-26/0/map1-0.05-data-2026.08.27-14.27.55.012.jpk-force-map,2026-08-27T14:27:55.012000,4,1,0.05,linear_drift_corrected,335.0,0.03461809131849799,-1.4677629294635415,1.2425136098168903,64
27-08-26/0/map1-0.05-data-2026.08.27-14.27.55.012.jpk-force-map,2026-08-27T14:27:55.012000,4,1,0.05,linear_drift_corrected,340.0,-0.11728723486244708,-1.4889044297978453,1.6948923893096532,64
27-08-26/0/map1-0.05-data-2026.08.27-14.27.55.012.jpk-force-map,2026-08-27T14:27:55.012000,4,1,0.05,linear_drift_corrected,345.0,0.8860202439240747,-1.039084274079818,2.143133068660001,64
27-08-26/0/map1-0.05-data-2026.08.27-14.27.55.012.jpk-force-map,2026-08-27T14:27:55.012000,4,1,0.05,linear_drift_corrected,350.0,-0.1729217392410234,-1.707685768587034,1.0153001339487497,63
27-08-26/0/map1-0.05-data-2026.08.27-14.27.55.012.jpk-force-map,2026-08-27T14:27:55.012000,4,1,0.05,linear_drift_corrected,355.0,0.5301838980926354,-1.7799381438994026,2.0753496782841134,63
27-08-26/0/map1-0.05-data-2026.08.27-14.27.55.012.jpk-force-map,2026-08-27T14:27:55.012000,4,1,0.05,linear_drift_corrected,360.0,0.2799156459316411,-1.774441228787555,2.4046933183243957,60
27-08-26/0/map1-0.05-data-2026.08.27-14.27.55.012.jpk-force-map,2026-08-27T14:27:55.012000,4,1,0.05,linear_drift_corrected,365.0,5.774433104280895,0.3582841120057663,9.335900335926876,12
27-08-26/0/map1-0.05-data-2026.08.27-14.27.55.012.jpk-force-map,2026-08-27T14:27:55.012000,4,1,0.05,far_constant_referenced,5.0,6559.3497672216145,6282.533999766743,6724.279580515802,64
27-08-26/0/map1-0.05-data-2026.08.27-14.27.55.012.jpk-force-map,2026-08-27T14:27:55.012000,4,1,0.05,far_constant_referenced,10.0,4283.230973501004,4114.076543303815,4458.127189511524,64
27-08-26/0/map1-0.05-data-2026.08.27-14.27.55.012.jpk-force-map,2026-08-27T14:27:55.012000,4,1,0.05,far_constant_referenced,15.0,2697.0538467059146,2609.1642215358424,2821.6036985678174,64
27-08-26/0/map1-0.05-data-2026.08.27-14.27.55.012.jpk-force-map,2026-08-27T14:27:55.012000,4,1,0.05,far_constant_referenced,20.0,1765.2055806370054,1701.4298566917926,1873.6031360402317,64
27-08-26/0/map1-0.05-data-2026.08.27-14.27.55.012.jpk-force-map,2026-08-27T14:27:55.012000,4,1,0.05,far_constant_referenced,25.0,1175.6660290923571,1126.5958617193437,1255.8716713144352,64
27-08-26/0/map1-0.05-data-2026.08.27-14.27.55.012.jpk-force-map,2026-08-27T14:27:55.012000,4,1,0.05,far_constant_referenced,30.0,785.9112643425926,743.8120543925357,842.8903451840373,64
27-08-26/0/map1-0.05-data-2026.08.27-14.27.55.012.jpk-force-map,2026-08-27T14:27:55.012000,4,1,0.05,far_constant_referenced,35.0,532.1886432314568,497.98034808344903,575.2777674068144,64
27-08-26/0/map1-0.05-data-2026.08.27-14.27.55.012.jpk-force-map,2026-08-27T14:27:55.012000,4,1,0.05,far_constant_referenced,40.0,362.3575762524139,334.5964754717776,392.3209446457112,64
27-08-26/0/map1-0.05-data-2026.08.27-14.27.55.012.jpk-force-map,2026-08-27T14:27:55.012000,4,1,0.05,far_constant_referenced,45.0,248.33782023796954,227.4132864237774,270.23444357126607,64
27-08-26/0/map1-0.05-data-2026.08.27-14.27.55.012.jpk-force-map,2026-08-27T14:27:55.012000,4,1,0.05,far_constant_referenced,50.0,170.27337317755553,152.63287839237208,186.8221311128818,64
27-08-26/0/map1-0.05-data-2026.08.27-14.27.55.012.jpk-force-map,2026-08-27T14:27:55.012000,4,1,0.05,far_constant_referenced,55.0,117.83035388774084,104.71296062033397,130.06389894036798,64
27-08-26/0/map1-0.05-data-2026.08.27-14.27.55.012.jpk-force-map,2026-08-27T14:27:55.012000,4,1,0.05,far_constant_referenced,60.0,84.46359735214361,72.45341717827992,91.60120242037911,64
27-08-26/0/map1-0.05-data-2026.08.27-14.27.55.012.jpk-force-map,2026-08-27T14:27:55.012000,4,1,0.05,far_constant_referenced,65.0,58.98414594473691,49.80865942670198,67.06054579505825,64
27-08-26/0/map1-0.05-data-2026.08.27-14.27.55.012.jpk-force-map,2026-08-27T14:27:55.012000,4,1,0.05,far_constant_referenced,70.0,43.50724369515895,36.599402755384446,49.79566211566578,64
27-08-26/0/map1-0.05-data-2026.08.27-14.27.55.012.jpk-force-map,2026-08-27T14:27:55.012000,4,1,0.05,far_constant_referenced,75.0,33.14688328628044,27.01446366252685,38.797600942266925,64
27-08-26/0/map1-0.05-data-2026.08.27-14.27.55.012.jpk-force-map,2026-08-27T14:27:55.012000,4,1,0.05,far_constant_referenced,80.0,25.068718982644516,20.35984662486174,30.614582136547966,64
27-08-26/0/map1-0.05-data-2026.08.27-14.27.55.012.jpk-force-map,2026-08-27T14:27:55.012000,4,1,0.05,far_constant_referenced,85.0,20.999094392464265,16.27724957510038,25.417099106470165,64
27-08-26/0/map1-0.05-data-2026.08.27-14.27.55.012.jpk-force-map,2026-08-27T14:27:55.012000,4,1,0.05,far_constant_referenced,90.0,17.946875949829103,13.982348163419442,23.306440170304644,64
27-08-26/0/map1-0.05-data-2026.08.27-14.27.55.012.jpk-force-map,2026-08-27T14:27:55.012000,4,1,0.05,far_constant_referenced,95.0,16.44748825564659,12.475579587061556,20.1939320975092,64
27-08-26/0/map1-0.05-data-2026.08.27-14.27.55.012.jpk-force-map,2026-08-27T14:27:55.012000,4,1,0.05,far_constant_referenced,100.0,15.003581435055489,9.722137763800335,19.440665853742143,64
27-08-26/0/map1-0.05-data-2026.08.27-14.27.55.012.jpk-force-map,2026-08-27T14:27:55.012000,4,1,0.05,far_constant_referenced,105.0,14.312375487627119,10.702850737836927,20.125460125745416,64
27-08-26/0/map1-0.05-data-2026.08.27-14.27.55.012.jpk-force-map,2026-08-27T14:27:55.012000,4,1,0.05,far_constant_referenced,110.0,13.475154815546446,10.088839622925086,19.008567390426727,64
27-08-26/0/map1-0.05-data-2026.08.27-14.27.55.012.jpk-force-map,2026-08-27T14:27:55.012000,4,1,0.05,far_constant_referenced,115.0,12.898514076295584,9.184917645259118,17.19870425436494,64
27-08-26/0/map1-0.05-data-2026.08.27-14.27.55.012.jpk-force-map,2026-08-27T14:27:55.012000,4,1,0.05,far_constant_referenced,120.0,12.735165461685895,8.567520519584981,17.467951132173386,64
27-08-26/0/map1-0.05-data-2026.08.27-14.27.55.012.jpk-force-map,2026-08-27T14:27:55.012000,4,1,0.05,far_constant_referenced,125.0,12.361585962352212,8.432142217730995,16.521048562849494,64
27-08-26/0/map1-0.05-data-2026.08.27-14.27.55.012.jpk-force-map,2026-08-27T14:27:55.012000,4,1,0.05,far_constant_referenced,130.0,12.056720736469863,8.272359786933354,16.72766356085116,64
27-08-26/0/map1-0.05-data-2026.08.27-14.27.55.012.jpk-force-map,2026-08-27T14:27:55.012000,4,1,0.05,far_constant_referenced,135.0,11.8984169672528,8.046105926510359,16.6917780596346,64
27-08-26/0/map1-0.05-data-2026.08.27-14.27.55.012.jpk-force-map,2026-08-27T14:27:55.012000,4,1,0.05,far_constant_referenced,140.0,9.939426461782972,7.583471237696397,15.12138354526447,64
27-08-26/0/map1-0.05-data-2026.08.27-14.27.55.012.jpk-force-map,2026-08-27T14:27:55.012000,4,1,0.05,far_constant_referenced,145.0,10.86623662962931,7.350097435376883,15.046568239577184,64
27-08-26/0/map1-0.05-data-2026.08.27-14.27.55.012.jpk-force-map,2026-08-27T14:27:55.012000,4,1,0.05,far_constant_referenced,150.0,10.266695274470504,8.00998433646999,14.198673867515598,64
27-08-26/0/map1-0.05-data-2026.08.27-14.27.55.012.jpk-force-map,2026-08-27T14:27:55.012000,4,1,0.05,far_constant_referenced,155.0,10.445849414546766,5.6660013008952115,14.705071968824223,64
27-08-26/0/map1-0.05-data-2026.08.27-14.27.55.012.jpk-force-map,2026-08-27T14:27:55.012000,4,1,0.05,far_constant_referenced,160.0,10.028531354173527,6.952387173106046,13.643107162220096,64
27-08-26/0/map1-0.05-data-2026.08.27-14.27.55.012.jpk-force-map,2026-08-27T14:27:55.012000,4,1,0.05,far_constant_referenced,165.0,9.993875999986216,7.036863481977488,14.845035364150887,64
27-08-26/0/map1-0.05-data-2026.08.27-14.27.55.012.jpk-force-map,2026-08-27T14:27:55.012000,4,1,0.05,far_constant_referenced,170.0,10.049369299305155,6.955170536081278,15.859633297265503,64
27-08-26/0/map1-0.05-data-2026.08.27-14.27.55.012.jpk-force-map,2026-08-27T14:27:55.012000,4,1,0.05,far_constant_referenced,175.0,9.276265381475696,5.598013932506597,13.469072421901885,64
27-08-26/0/map1-0.05-data-2026.08.27-14.27.55.012.jpk-force-map,2026-08-27T14:27:55.012000,4,1,0.05,far_constant_referenced,180.0,8.339278542751087,5.018583617416635,13.09827007267967,64
27-08-26/0/map1-0.05-data-2026.08.27-14.27.55.012.jpk-force-map,2026-08-27T14:27:55.012000,4,1,0.05,far_constant_referenced,185.0,8.122449596688497,4.371451725672173,13.299852651016279,64
27-08-26/0/map1-0.05-data-2026.08.27-14.27.55.012.jpk-force-map,2026-08-27T14:27:55.012000,4,1,0.05,far_constant_referenced,190.0,6.546705806600281,4.057888490492212,11.654636618095076,64
27-08-26/0/map1-0.05-data-2026.08.27-14.27.55.012.jpk-force-map,2026-08-27T14:27:55.012000,4,1,0.05,far_constant_referenced,195.0,7.771795564717884,3.8614439505049907,10.828077220267865,64
27-08-26/0/map1-0.05-data-2026.08.27-14.27.55.012.jpk-force-map,2026-08-27T14:27:55.012000,4,1,0.05,far_constant_referenced,200.0,6.388961195123771,2.1124296023440037,11.419746877012287,64
27-08-26/0/map1-0.05-data-2026.08.27-14.27.55.012.jpk-force-map,2026-08-27T14:27:55.012000,4,1,0.05,far_constant_referenced,205.0,6.471393471810281,2.9206610520083576,11.019184910264558,64
27-08-26/0/map1-0.05-data-2026.08.27-14.27.55.012.jpk-force-map,2026-08-27T14:27:55.012000,4,1,0.05,far_constant_referenced,210.0,5.699333315096521,2.6794155512745084,9.263299134758457,64
27-08-26/0/map1-0.05-data-2026.08.27-14.27.55.012.jpk-force-map,2026-08-27T14:27:55.012000,4,1,0.05,far_constant_referenced,215.0,5.802603536914654,3.081710907017966,9.672503195029723,64
27-08-26/0/map1-0.05-data-2026.08.27-14.27.55.012.jpk-force-map,2026-08-27T14:27:55.012000,4,1,0.05,far_constant_referenced,220.0,5.922735471042636,2.486524769371767,9.29970030366908,64
27-08-26/0/map1-0.05-data-2026.08.27-14.27.55.012.jpk-force-map,2026-08-27T14:27:55.012000,4,1,0.05,far_constant_referenced,225.0,5.101283047245866,0.8957582746537649,8.638303676676449,64
27-08-26/0/map1-0.05-data-2026.08.27-14.27.55.012.jpk-force-map,2026-08-27T14:27:55.012000,4,1,0.05,far_constant_referenced,230.0,4.785731695655027,1.6230795992587341,7.701049684809141,64
27-08-26/0/map1-0.05-data-2026.08.27-14.27.55.012.jpk-force-map,2026-08-27T14:27:55.012000,4,1,0.05,far_constant_referenced,235.0,5.036134957606569,1.5215427664363506,7.515558423673161,64
27-08-26/0/map1-0.05-data-2026.08.27-14.27.55.012.jpk-force-map,2026-08-27T14:27:55.012000,4,1,0.05,far_constant_referenced,240.0,3.812598415434956,1.253824253118696,6.554888148203839,64
27-08-26/0/map1-0.05-data-2026.08.27-14.27.55.012.jpk-force-map,2026-08-27T14:27:55.012000,4,1,0.05,far_constant_referenced,245.0,4.227394053111894,1.2278482696376976,6.752096870436503,64
27-08-26/0/map1-0.05-data-2026.08.27-14.27.55.012.jpk-force-map,2026-08-27T14:27:55.012000,4,1,0.05,far_constant_referenced,250.0,4.026880087346142,1.7442055915921455,5.779727772461875,64
27-08-26/0/map1-0.05-data-2026.08.27-14.27.55.012.jpk-force-map,2026-08-27T14:27:55.012000,4,1,0.05,far_constant_referenced,255.0,3.2094784507365666,0.17072949678512575,5.184522996224306,64
27-08-26/0/map1-0.05-data-2026.08.27-14.27.55.012.jpk-force-map,2026-08-27T14:27:55.012000,4,1,0.05,far_constant_referenced,260.0,1.9783125118382072,-0.0582953008855301,5.271552792110946,64
27-08-26/0/map1-0.05-data-2026.08.27-14.27.55.012.jpk-force-map,2026-08-27T14:27:55.012000,4,1,0.05,far_constant_referenced,265.0,1.7121285758751772,-0.8741250829577989,4.435580905650948,64
27-08-26/0/map1-0.05-data-2026.08.27-14.27.55.012.jpk-force-map,2026-08-27T14:27:55.012000,4,1,0.05,far_constant_referenced,270.0,1.5853985804085675,-0.7453821196251271,3.961725784843013,64
27-08-26/0/map1-0.05-data-2026.08.27-14.27.55.012.jpk-force-map,2026-08-27T14:27:55.012000,4,1,0.05,far_constant_referenced,275.0,1.2744198965627782,-1.1074802466859102,3.481042726736455,64
27-08-26/0/map1-0.05-data-2026.08.27-14.27.55.012.jpk-force-map,2026-08-27T14:27:55.012000,4,1,0.05,far_constant_referenced,280.0,1.396589650011964,-1.7327304321830528,3.544886114981143,64
27-08-26/0/map1-0.05-data-2026.08.27-14.27.55.012.jpk-force-map,2026-08-27T14:27:55.012000,4,1,0.05,far_constant_referenced,285.0,1.303446396161752,-0.5178918993091074,3.3642222490053233,64
27-08-26/0/map1-0.05-data-2026.08.27-14.27.55.012.jpk-force-map,2026-08-27T14:27:55.012000,4,1,0.05,far_constant_referenced,290.0,0.8128289688645634,-1.0410647328346436,3.1611050933140836,64
27-08-26/0/map1-0.05-data-2026.08.27-14.27.55.012.jpk-force-map,2026-08-27T14:27:55.012000,4,1,0.05,far_constant_referenced,295.0,-0.18526759803976106,-1.6665944972020326,1.4637631332448542,64
27-08-26/0/map1-0.05-data-2026.08.27-14.27.55.012.jpk-force-map,2026-08-27T14:27:55.012000,4,1,0.05,far_constant_referenced,300.0,0.017818493332571968,-1.597103615777693,1.7469765288398367,64
27-08-26/0/map1-0.05-data-2026.08.27-14.27.55.012.jpk-force-map,2026-08-27T14:27:55.012000,4,1,0.05,far_constant_referenced,305.0,-0.061097302452135016,-2.0643296109280325,2.0409381787812,64
27-08-26/0/map1-0.05-data-2026.08.27-14.27.55.012.jpk-force-map,2026-08-27T14:27:55.012000,4,1,0.05,far_constant_referenced,310.0,-0.7156225020996284,-3.156563489887951,1.223020874477515,64
27-08-26/0/map1-0.05-data-2026.08.27-14.27.55.012.jpk-force-map,2026-08-27T14:27:55.012000,4,1,0.05,far_constant_referenced,315.0,-0.24989380712121803,-2.062819885028496,0.9639879447299488,64
27-08-26/0/map1-0.05-data-2026.08.27-14.27.55.012.jpk-force-map,2026-08-27T14:27:55.012000,4,1,0.05,far_constant_referenced,320.0,-0.25140974588452425,-2.0337933854295147,1.0967941209774006,64
27-08-26/0/map1-0.05-data-2026.08.27-14.27.55.012.jpk-force-map,2026-08-27T14:27:55.012000,4,1,0.05,far_constant_referenced,325.0,-0.6453674384298297,-2.0444919368656227,1.234732122710399,64
27-08-26/0/map1-0.05-data-2026.08.27-14.27.55.012.jpk-force-map,2026-08-27T14:27:55.012000,4,1,0.05,far_constant_referenced,330.0,-0.5781815294693291,-1.7813212398379754,1.5169514600999303,64
27-08-26/0/map1-0.05-data-2026.08.27-14.27.55.012.jpk-force-map,2026-08-27T14:27:55.012000,4,1,0.05,far_constant_referenced,335.0,-0.8835437844543714,-3.050199261905389,0.8412900978592028,64
27-08-26/0/map1-0.05-data-2026.08.27-14.27.55.012.jpk-force-map,2026-08-27T14:27:55.012000,4,1,0.05,far_constant_referenced,340.0,-0.7690407049147074,-3.8757211114806625,1.5525760210375554,64
27-08-26/0/map1-0.05-data-2026.08.27-14.27.55.012.jpk-force-map,2026-08-27T14:27:55.012000,4,1,0.05,far_constant_referenced,345.0,-0.551714729749366,-3.2580816841189755,1.607808380077602,64
27-08-26/0/map1-0.05-data-2026.08.27-14.27.55.012.jpk-force-map,2026-08-27T14:27:55.012000,4,1,0.05,far_constant_referenced,350.0,-1.569642757852268,-3.7220148614638244,0.15726000810136076,63
27-08-26/0/map1-0.05-data-2026.08.27-14.27.55.012.jpk-force-map,2026-08-27T14:27:55.012000,4,1,0.05,far_constant_referenced,355.0,-1.5105957004488706,-3.8848664469707854,1.090183633911214,63
27-08-26/0/map1-0.05-data-2026.08.27-14.27.55.012.jpk-force-map,2026-08-27T14:27:55.012000,4,1,0.05,far_constant_referenced,360.0,-1.193006529536869,-3.7614665464924104,0.9258161096409183,60
27-08-26/0/map1-0.05-data-2026.08.27-14.27.55.012.jpk-force-map,2026-08-27T14:27:55.012000,4,1,0.05,far_constant_referenced,365.0,3.3850788327283414,-4.464054460373152,7.736947611753235,12
27-08-26/0/map1-0.1-data-2026.08.27-14.40.56.507.jpk-force-map,2026-08-27T14:40:56.507000,5,1,0.1,linear_drift_corrected,5.0,6229.166759063956,5936.679082035111,6544.6360716822655,64
27-08-26/0/map1-0.1-data-2026.08.27-14.40.56.507.jpk-force-map,2026-08-27T14:40:56.507000,5,1,0.1,linear_drift_corrected,10.0,3874.853640327556,3717.9219193629624,4157.58453619389,64
27-08-26/0/map1-0.1-data-2026.08.27-14.40.56.507.jpk-force-map,2026-08-27T14:40:56.507000,5,1,0.1,linear_drift_corrected,15.0,2362.1130229844102,2276.123878210412,2505.181565733501,64
27-08-26/0/map1-0.1-data-2026.08.27-14.40.56.507.jpk-force-map,2026-08-27T14:40:56.507000,5,1,0.1,linear_drift_corrected,20.0,1484.1200184413756,1421.440077261274,1570.4722625968384,64
27-08-26/0/map1-0.1-data-2026.08.27-14.40.56.507.jpk-force-map,2026-08-27T14:40:56.507000,5,1,0.1,linear_drift_corrected,25.0,949.5873946798231,901.3264120414673,998.2184624320262,64
27-08-26/0/map1-0.1-data-2026.08.27-14.40.56.507.jpk-force-map,2026-08-27T14:40:56.507000,5,1,0.1,linear_drift_corrected,30.0,610.7697231763723,573.3628815286437,647.3672137208168,64
27-08-26/0/map1-0.1-data-2026.08.27-14.40.56.507.jpk-force-map,2026-08-27T14:40:56.507000,5,1,0.1,linear_drift_corrected,35.0,396.1734006267358,364.77841352930363,420.17989118810186,64
27-08-26/0/map1-0.1-data-2026.08.27-14.40.56.507.jpk-force-map,2026-08-27T14:40:56.507000,5,1,0.1,linear_drift_corrected,40.0,254.94741801096055,229.14594815469877,267.93920451231224,64
27-08-26/0/map1-0.1-data-2026.08.27-14.40.56.507.jpk-force-map,2026-08-27T14:40:56.507000,5,1,0.1,linear_drift_corrected,45.0,162.25188274329983,139.6633413766367,174.52714309674425,64
27-08-26/0/map1-0.1-data-2026.08.27-14.40.56.507.jpk-force-map,2026-08-27T14:40:56.507000,5,1,0.1,linear_drift_corrected,50.0,104.23024026219835,87.3684977462781,115.1938063134941,64
27-08-26/0/map1-0.1-data-2026.08.27-14.40.56.507.jpk-force-map,2026-08-27T14:40:56.507000,5,1,0.1,linear_drift_corrected,55.0,66.7254805684808,50.00294766927009,78.00824652450714,64
27-08-26/0/map1-0.1-data-2026.08.27-14.40.56.507.jpk-force-map,2026-08-27T14:40:56.507000,5,1,0.1,linear_drift_corrected,60.0,42.244222732296,29.41901130213359,56.07355820138885,64
27-08-26/0/map1-0.1-data-2026.08.27-14.40.56.507.jpk-force-map,2026-08-27T14:40:56.507000,5,1,0.1,linear_drift_corrected,65.0,26.65965462038261,14.223238198105463,40.209652940378774,64
27-08-26/0/map1-0.1-data-2026.08.27-14.40.56.507.jpk-force-map,2026-08-27T14:40:56.507000,5,1,0.1,linear_drift_corrected,70.0,17.89351864874917,5.526506769442776,29.090210768513085,64
27-08-26/0/map1-0.1-data-2026.08.27-14.40.56.507.jpk-force-map,2026-08-27T14:40:56.507000,5,1,0.1,linear_drift_corrected,75.0,11.299728186409292,1.1388511818625466,22.562501377519368,64
27-08-26/0/map1-0.1-data-2026.08.27-14.40.56.507.jpk-force-map,2026-08-27T14:40:56.507000,5,1,0.1,linear_drift_corrected,80.0,8.66958923376515,-2.3092370841444305,19.860014666008006,64
27-08-26/0/map1-0.1-data-2026.08.27-14.40.56.507.jpk-force-map,2026-08-27T14:40:56.507000,5,1,0.1,linear_drift_corrected,85.0,6.8145151679734335,-4.9737748484833215,17.22412167500424,64
27-08-26/0/map1-0.1-data-2026.08.27-14.40.56.507.jpk-force-map,2026-08-27T14:40:56.507000,5,1,0.1,linear_drift_corrected,90.0,4.929963978838304,-6.2236323509259694,16.42723233694177,64
27-08-26/0/map1-0.1-data-2026.08.27-14.40.56.507.jpk-force-map,2026-08-27T14:40:56.507000,5,1,0.1,linear_drift_corrected,95.0,4.043307013081496,-4.91323242624713,15.086766211678064,64
27-08-26/0/map1-0.1-data-2026.08.27-14.40.56.507.jpk-force-map,2026-08-27T14:40:56.507000,5,1,0.1,linear_drift_corrected,100.0,5.824025274863985,-6.266505194551046,14.414858802080486,64
27-08-26/0/map1-0.1-data-2026.08.27-14.40.56.507.jpk-force-map,2026-08-27T14:40:56.507000,5,1,0.1,linear_drift_corrected,105.0,4.502794654190146,-7.880198707532828,13.380847273055496,64
27-08-26/0/map1-0.1-data-2026.08.27-14.40.56.507.jpk-force-map,2026-08-27T14:40:56.507000,5,1,0.1,linear_drift_corrected,110.0,4.029845947144823,-6.2344219873644855,12.22267328677629,64
27-08-26/0/map1-0.1-data-2026.08.27-14.40.56.507.jpk-force-map,2026-08-27T14:40:56.507000,5,1,0.1,linear_drift_corrected,115.0,3.2819269245960263,-7.107398613298206,13.495582374678792,64
27-08-26/0/map1-0.1-data-2026.08.27-14.40.56.507.jpk-force-map,2026-08-27T14:40:56.507000,5,1,0.1,linear_drift_corrected,120.0,4.3874085622845636,-6.118256476259329,13.704916132344842,64
27-08-26/0/map1-0.1-data-2026.08.27-14.40.56.507.jpk-force-map,2026-08-27T14:40:56.507000,5,1,0.1,linear_drift_corrected,125.0,5.546536035187283,-4.39947301126908,13.823119772881089,64
27-08-26/0/map1-0.1-data-2026.08.27-14.40.56.507.jpk-force-map,2026-08-27T14:40:56.507000,5,1,0.1,linear_drift_corrected,130.0,4.797087645039959,-4.4029029174173075,10.903602644929697,64
27-08-26/0/map1-0.1-data-2026.08.27-14.40.56.507.jpk-force-map,2026-08-27T14:40:56.507000,5,1,0.1,linear_drift_corrected,135.0,4.122626724310771,-5.375753120136842,11.747649572626209,64
27-08-26/0/map1-0.1-data-2026.08.27-14.40.56.507.jpk-force-map,2026-08-27T14:40:56.507000,5,1,0.1,linear_drift_corrected,140.0,4.633809063480146,-3.8483140862435277,10.91429046109119,64
27-08-26/0/map1-0.1-data-2026.08.27-14.40.56.507.jpk-force-map,2026-08-27T14:40:56.507000,5,1,0.1,linear_drift_corrected,145.0,5.109446548319074,-3.4421247903371697,11.296147796426398,64
27-08-26/0/map1-0.1-data-2026.08.27-14.40.56.507.jpk-force-map,2026-08-27T14:40:56.507000,5,1,0.1,linear_drift_corrected,150.0,4.760015996490866,-2.711889954020723,11.760365894761295,64
27-08-26/0/map1-0.1-data-2026.08.27-14.40.56.507.jpk-force-map,2026-08-27T14:40:56.507000,5,1,0.1,linear_drift_corrected,155.0,3.9437847844388543,-1.909688310637729,12.40991382885975,64
27-08-26/0/map1-0.1-data-2026.08.27-14.40.56.507.jpk-force-map,2026-08-27T14:40:56.507000,5,1,0.1,linear_drift_corrected,160.0,4.175270894341448,-3.7307750681317318,11.388661473466389,64
27-08-26/0/map1-0.1-data-2026.08.27-14.40.56.507.jpk-force-map,2026-08-27T14:40:56.507000,5,1,0.1,linear_drift_corrected,165.0,4.505201709557195,-2.29041155451344,9.665052029893879,64
27-08-26/0/map1-0.1-data-2026.08.27-14.40.56.507.jpk-force-map,2026-08-27T14:40:56.507000,5,1,0.1,linear_drift_corrected,170.0,4.685378569271963,0.2002652102283779,9.897323443027883,64
27-08-26/0/map1-0.1-data-2026.08.27-14.40.56.507.jpk-force-map,2026-08-27T14:40:56.507000,5,1,0.1,linear_drift_corrected,175.0,3.070216957607567,-1.7759984753896334,9.86827521500064,64
27-08-26/0/map1-0.1-data-2026.08.27-14.40.56.507.jpk-force-map,2026-08-27T14:40:56.507000,5,1,0.1,linear_drift_corrected,180.0,3.464447163020662,-1.4537623499702694,11.104295580731986,64
27-08-26/0/map1-0.1-data-2026.08.27-14.40.56.507.jpk-force-map,2026-08-27T14:40:56.507000,5,1,0.1,linear_drift_corrected,185.0,4.8060762850371415,-1.671621734486578,10.151446928075213,64
27-08-26/0/map1-0.1-data-2026.08.27-14.40.56.507.jpk-force-map,2026-08-27T14:40:56.507000,5,1,0.1,linear_drift_corrected,190.0,4.339248564528466,-1.0074122907405512,10.836180584124024,64
27-08-26/0/map1-0.1-data-2026.08.27-14.40.56.507.jpk-force-map,2026-08-27T14:40:56.507000,5,1,0.1,linear_drift_corrected,195.0,4.594488073703625,-1.9359162749533394,8.811274435594587,64
27-08-26/0/map1-0.1-data-2026.08.27-14.40.56.507.jpk-force-map,2026-08-27T14:40:56.507000,5,1,0.1,linear_drift_corrected,200.0,3.9315276514221855,-1.3929717290510961,7.5283232899040895,64
27-08-26/0/map1-0.1-data-2026.08.27-14.40.56.507.jpk-force-map,2026-08-27T14:40:56.507000,5,1,0.1,linear_drift_corrected,205.0,3.949630373474559,-1.7553630922060193,7.470748112314935,64
27-08-26/0/map1-0.1-data-2026.08.27-14.40.56.507.jpk-force-map,2026-08-27T14:40:56.507000,5,1,0.1,linear_drift_corrected,210.0,3.3449499420328297,-1.5510548818059828,7.901163706853002,64
27-08-26/0/map1-0.1-data-2026.08.27-14.40.56.507.jpk-force-map,2026-08-27T14:40:56.507000,5,1,0.1,linear_drift_corrected,215.0,2.5376555744480145,-0.37552810169777795,7.105260584865952,64
27-08-26/0/map1-0.1-data-2026.08.27-14.40.56.507.jpk-force-map,2026-08-27T14:40:56.507000,5,1,0.1,linear_drift_corrected,220.0,2.633535150026078,-1.560169912455844,7.043568756666269,64
27-08-26/0/map1-0.1-data-2026.08.27-14.40.56.507.jpk-force-map,2026-08-27T14:40:56.507000,5,1,0.1,linear_drift_corrected,225.0,3.4357729543626565,-1.3269602428091347,6.870217899798231,64
27-08-26/0/map1-0.1-data-2026.08.27-14.40.56.507.jpk-force-map,2026-08-27T14:40:56.507000,5,1,0.1,linear_drift_corrected,230.0,2.329605822176511,-2.1211491535838407,6.444017154085305,64
27-08-26/0/map1-0.1-data-2026.08.27-14.40.56.507.jpk-force-map,2026-08-27T14:40:56.507000,5,1,0.1,linear_drift_corrected,235.0,2.229997978568681,-1.0522733527943555,6.829900175932327,64
27-08-26/0/map1-0.1-data-2026.08.27-14.40.56.507.jpk-force-map,2026-08-27T14:40:56.507000,5,1,0.1,linear_drift_corrected,240.0,2.023745122819374,-0.49026923994371774,6.561955746685623,64
27-08-26/0/map1-0.1-data-2026.08.27-14.40.56.507.jpk-force-map,2026-08-27T14:40:56.507000,5,1,0.1,linear_drift_corrected,245.0,1.882174399179738,-0.23539325094092864,4.944203481365083,64
27-08-26/0/map1-0.1-data-2026.08.27-14.40.56.507.jpk-force-map,2026-08-27T14:40:56.507000,5,1,0.1,linear_drift_corrected,250.0,1.450031123716574,-1.4660023869540026,4.250990801385826,64
27-08-26/0/map1-0.1-data-2026.08.27-14.40.56.507.jpk-force-map,2026-08-27T14:40:56.507000,5,1,0.1,linear_drift_corrected,255.0,1.787083042312305,-0.9606602133500005,4.335126642841211,64
27-08-26/0/map1-0.1-data-2026.08.27-14.40.56.507.jpk-force-map,2026-08-27T14:40:56.507000,5,1,0.1,linear_drift_corrected,260.0,0.810123671459285,-1.3499623200581472,3.1264633897010037,64
27-08-26/0/map1-0.1-data-2026.08.27-14.40.56.507.jpk-force-map,2026-08-27T14:40:56.507000,5,1,0.1,linear_drift_corrected,265.0,0.13088327316634807,-1.1576365551226269,2.286068949904466,64
27-08-26/0/map1-0.1-data-2026.08.27-14.40.56.507.jpk-force-map,2026-08-27T14:40:56.507000,5,1,0.1,linear_drift_corrected,270.0,0.43603221265815756,-1.2601028397289555,2.158199454355894,64
27-08-26/0/map1-0.1-data-2026.08.27-14.40.56.507.jpk-force-map,2026-08-27T14:40:56.507000,5,1,0.1,linear_drift_corrected,275.0,0.04549068593261445,-1.1394749300860298,1.9028876781530468,64
27-08-26/0/map1-0.1-data-2026.08.27-14.40.56.507.jpk-force-map,2026-08-27T14:40:56.507000,5,1,0.1,linear_drift_corrected,280.0,0.40053502695647575,-1.4583946398006749,1.9093347474114604,64
27-08-26/0/map1-0.1-data-2026.08.27-14.40.56.507.jpk-force-map,2026-08-27T14:40:56.507000,5,1,0.1,linear_drift_corrected,285.0,0.5014266608223348,-0.7825388369615154,1.9154325448557505,64
27-08-26/0/map1-0.1-data-2026.08.27-14.40.56.507.jpk-force-map,2026-08-27T14:40:56.507000,5,1,0.1,linear_drift_corrected,290.0,0.20211628427109013,-2.058730472820369,2.257957188524459,64
27-08-26/0/map1-0.1-data-2026.08.27-14.40.56.507.jpk-force-map,2026-08-27T14:40:56.507000,5,1,0.1,linear_drift_corrected,295.0,-0.1325688966017779,-2.7373035071197735,1.780485058622609,64
27-08-26/0/map1-0.1-data-2026.08.27-14.40.56.507.jpk-force-map,2026-08-27T14:40:56.507000,5,1,0.1,linear_drift_corrected,300.0,0.29314358629196224,-1.6870709644244588,2.0324913282270294,64
27-08-26/0/map1-0.1-data-2026.08.27-14.40.56.507.jpk-force-map,2026-08-27T14:40:56.507000,5,1,0.1,linear_drift_corrected,305.0,-0.0639640353491246,-2.0503043957884755,1.3887472652837691,64
27-08-26/0/map1-0.1-data-2026.08.27-14.40.56.507.jpk-force-map,2026-08-27T14:40:56.507000,5,1,0.1,linear_drift_corrected,310.0,-0.9637803949774859,-2.412611195917028,0.46046759917695673,64
27-08-26/0/map1-0.1-data-2026.08.27-14.40.56.507.jpk-force-map,2026-08-27T14:40:56.507000,5,1,0.1,linear_drift_corrected,315.0,-0.8922157660208982,-2.757251072749709,1.3853859085617635,64
27-08-26/0/map1-0.1-data-2026.08.27-14.40.56.507.jpk-force-map,2026-08-27T14:40:56.507000,5,1,0.1,linear_drift_corrected,320.0,-0.6300316178420764,-2.984857257015263,1.2923147595229807,64
27-08-26/0/map1-0.1-data-2026.08.27-14.40.56.507.jpk-force-map,2026-08-27T14:40:56.507000,5,1,0.1,linear_drift_corrected,325.0,-0.7884076433043662,-2.29584266401107,1.1071529630444592,64
27-08-26/0/map1-0.1-data-2026.08.27-14.40.56.507.jpk-force-map,2026-08-27T14:40:56.507000,5,1,0.1,linear_drift_corrected,330.0,-0.725142541650258,-2.6387989652726205,1.354230445658038,64
27-08-26/0/map1-0.1-data-2026.08.27-14.40.56.507.jpk-force-map,2026-08-27T14:40:56.507000,5,1,0.1,linear_drift_corrected,335.0,-0.2483317253508046,-1.8968344094597782,1.3717925226479195,64
27-08-26/0/map1-0.1-data-2026.08.27-14.40.56.507.jpk-force-map,2026-08-27T14:40:56.507000,5,1,0.1,linear_drift_corrected,340.0,-0.5012660774351594,-1.9605799872121532,1.2181886378230453,64
27-08-26/0/map1-0.1-data-2026.08.27-14.40.56.507.jpk-force-map,2026-08-27T14:40:56.507000,5,1,0.1,linear_drift_corrected,345.0,-0.5022512209758788,-1.9966561860295018,2.0174029376855818,64
27-08-26/0/map1-0.1-data-2026.08.27-14.40.56.507.jpk-force-map,2026-08-27T14:40:56.507000,5,1,0.1,linear_drift_corrected,350.0,0.5468769356115911,-1.3430027632308956,2.586875805628263,63
27-08-26/0/map1-0.1-data-2026.08.27-14.40.56.507.jpk-force-map,2026-08-27T14:40:56.507000,5,1,0.1,linear_drift_corrected,355.0,0.9103405563881782,-0.4362515001751556,2.8957487196841694,63
27-08-26/0/map1-0.1-data-2026.08.27-14.40.56.507.jpk-force-map,2026-08-27T14:40:56.507000,5,1,0.1,linear_drift_corrected,360.0,2.208396780250564,-0.45960439131948094,3.9537467575307446,60
27-08-26/0/map1-0.1-data-2026.08.27-14.40.56.507.jpk-force-map,2026-08-27T14:40:56.507000,5,1,0.1,linear_drift_corrected,365.0,7.615416167162507,3.2098270480552342,12.09578362512462,5
27-08-26/0/map1-0.1-data-2026.08.27-14.40.56.507.jpk-force-map,2026-08-27T14:40:56.507000,5,1,0.1,far_constant_referenced,5.0,6281.038917587164,5959.791370177431,6555.891656175106,64
27-08-26/0/map1-0.1-data-2026.08.27-14.40.56.507.jpk-force-map,2026-08-27T14:40:56.507000,5,1,0.1,far_constant_referenced,10.0,3875.213259569261,3754.6979420428866,4179.600312390438,64
27-08-26/0/map1-0.1-data-2026.08.27-14.40.56.507.jpk-force-map,2026-08-27T14:40:56.507000,5,1,0.1,far_constant_referenced,15.0,2370.804279173615,2309.2155454090184,2522.1886825885867,64
27-08-26/0/map1-0.1-data-2026.08.27-14.40.56.507.jpk-force-map,2026-08-27T14:40:56.507000,5,1,0.1,far_constant_referenced,20.0,1498.777379721523,1456.8038808572721,1596.0129910304556,64
27-08-26/0/map1-0.1-data-2026.08.27-14.40.56.507.jpk-force-map,2026-08-27T14:40:56.507000,5,1,0.1,far_constant_referenced,25.0,961.0222590541272,928.1135459010075,1019.0769978539561,64
27-08-26/0/map1-0.1-data-2026.08.27-14.40.56.507.jpk-force-map,2026-08-27T14:40:56.507000,5,1,0.1,far_constant_referenced,30.0,624.8658080405453,598.0915647562281,662.240594834768,64
27-08-26/0/map1-0.1-data-2026.08.27-14.40.56.507.jpk-force-map,2026-08-27T14:40:56.507000,5,1,0.1,far_constant_referenced,35.0,410.93199437264434,390.34594980313375,433.6539158924199,64
27-08-26/0/map1-0.1-data-2026.08.27-14.40.56.507.jpk-force-map,2026-08-27T14:40:56.507000,5,1,0.1,far_constant_referenced,40.0,266.6781071483308,253.92513561903996,283.3133792118497,64
27-08-26/0/map1-0.1-data-2026.08.27-14.40.56.507.jpk-force-map,2026-08-27T14:40:56.507000,5,1,0.1,far_constant_referenced,45.0,172.50869943841138,164.14852703475458,187.0567164236391,64
27-08-26/0/map1-0.1-data-2026.08.27-14.40.56.507.jpk-force-map,2026-08-27T14:40:56.507000,5,1,0.1,far_constant_referenced,50.0,116.02559151284578,109.52924096721499,128.85258310125948,64
27-08-26/0/map1-0.1-data-2026.08.27-14.40.56.507.jpk-force-map,2026-08-27T14:40:56.507000,5,1,0.1,far_constant_referenced,55.0,79.25643468029031,73.07462900231734,86.62129388001802,64
27-08-26/0/map1-0.1-data-2026.08.27-14.40.56.507.jpk-force-map,2026-08-27T14:40:56.507000,5,1,0.1,far_constant_referenced,60.0,56.620548898196006,50.581521042843846,61.53425937493822,64
27-08-26/0/map1-0.1-data-2026.08.27-14.40.56.507.jpk-force-map,2026-08-27T14:40:56.507000,5,1,0.1,far_constant_referenced,65.0,41.63937104994562,34.85622849918034,45.96017551005052,64
27-08-26/0/map1-0.1-data-2026.08.27-14.40.56.507.jpk-force-map,2026-08-27T14:40:56.507000,5,1,0.1,far_constant_referenced,70.0,31.92539698915762,26.14567542955946,35.67490377286571,64
27-08-26/0/map1-0.1-data-2026.08.27-14.40.56.507.jpk-force-map,2026-08-27T14:40:56.507000,5,1,0.1,far_constant_referenced,75.0,24.81016444340839,20.495721955818453,29.154602637347555,64
27-08-26/0/map1-0.1-data-2026.08.27-14.40.56.507.jpk-force-map,2026-08-27T14:40:56.507000,5,1,0.1,far_constant_referenced,80.0,20.66978776045557,18.109454169329595,25.260323701743964,64
27-08-26/0/map1-0.1-data-2026.08.27-14.40.56.507.jpk-force-map,2026-08-27T14:40:56.507000,5,1,0.1,far_constant_referenced,85.0,17.96922983372403,15.347134163720954,23.793510052381144,64
27-08-26/0/map1-0.1-data-2026.08.27-14.40.56.507.jpk-force-map,2026-08-27T14:40:56.507000,5,1,0.1,far_constant_referenced,90.0,17.472511374190834,12.808172824012011,21.124532112263733,64
27-08-26/0/map1-0.1-data-2026.08.27-14.40.56.507.jpk-force-map,2026-08-27T14:40:56.507000,5,1,0.1,far_constant_referenced,95.0,17.223648902457754,12.775337838913389,21.017434766354683,64
27-08-26/0/map1-0.1-data-2026.08.27-14.40.56.507.jpk-force-map,2026-08-27T14:40:56.507000,5,1,0.1,far_constant_referenced,100.0,15.93598318030744,12.111176487536833,19.6831787786879,64
27-08-26/0/map1-0.1-data-2026.08.27-14.40.56.507.jpk-force-map,2026-08-27T14:40:56.507000,5,1,0.1,far_constant_referenced,105.0,15.127229850085262,11.878573080326642,18.99532156483915,64
27-08-26/0/map1-0.1-data-2026.08.27-14.40.56.507.jpk-force-map,2026-08-27T14:40:56.507000,5,1,0.1,far_constant_referenced,110.0,14.891091323381865,11.145641539724654,19.11060125235181,64
27-08-26/0/map1-0.1-data-2026.08.27-14.40.56.507.jpk-force-map,2026-08-27T14:40:56.507000,5,1,0.1,far_constant_referenced,115.0,15.205101884754308,10.497770317189818,19.456676403713594,64
27-08-26/0/map1-0.1-data-2026.08.27-14.40.56.507.jpk-force-map,2026-08-27T14:40:56.507000,5,1,0.1,far_constant_referenced,120.0,15.585838603167105,10.649681049573209,18.372357713214477,64
27-08-26/0/map1-0.1-data-2026.08.27-14.40.56.507.jpk-force-map,2026-08-27T14:40:56.507000,5,1,0.1,far_constant_referenced,125.0,15.320126844851771,10.910273408130475,18.271839790052823,64
27-08-26/0/map1-0.1-data-2026.08.27-14.40.56.507.jpk-force-map,2026-08-27T14:40:56.507000,5,1,0.1,far_constant_referenced,130.0,14.824439720706799,9.736893315287402,18.079191309837544,64
27-08-26/0/map1-0.1-data-2026.08.27-14.40.56.507.jpk-force-map,2026-08-27T14:40:56.507000,5,1,0.1,far_constant_referenced,135.0,14.62438550686107,10.608986791787752,16.817507784031985,64
27-08-26/0/map1-0.1-data-2026.08.27-14.40.56.507.jpk-force-map,2026-08-27T14:40:56.507000,5,1,0.1,far_constant_referenced,140.0,13.957645817014168,10.3450767639698,17.346309472145887,64
27-08-26/0/map1-0.1-data-2026.08.27-14.40.56.507.jpk-force-map,2026-08-27T14:40:56.507000,5,1,0.1,far_constant_referenced,145.0,13.723035654801603,11.077225483734974,17.16789466285988,64
27-08-26/0/map1-0.1-data-2026.08.27-14.40.56.507.jpk-force-map,2026-08-27T14:40:56.507000,5,1,0.1,far_constant_referenced,150.0,14.197884833815003,10.76443885652792,17.126442435692887,64
27-08-26/0/map1-0.1-data-2026.08.27-14.40.56.507.jpk-force-map,2026-08-27T14:40:56.507000,5,1,0.1,far_constant_referenced,155.0,13.40798133231354,9.399696346273007,16.536798172542035,64
27-08-26/0/map1-0.1-data-2026.08.27-14.40.56.507.jpk-force-map,2026-08-27T14:40:56.507000,5,1,0.1,far_constant_referenced,160.0,13.439542680336391,9.420552929995974,17.1358424985981,64
27-08-26/0/map1-0.1-data-2026.08.27-14.40.56.507.jpk-force-map,2026-08-27T14:40:56.507000,5,1,0.1,far_constant_referenced,165.0,13.171308499324706,9.471448710114723,15.59113817597493,64
27-08-26/0/map1-0.1-data-2026.08.27-14.40.56.507.jpk-force-map,2026-08-27T14:40:56.507000,5,1,0.1,far_constant_referenced,170.0,12.470994493589,8.832958911893872,16.599144260614686,64
27-08-26/0/map1-0.1-data-2026.08.27-14.40.56.507.jpk-force-map,2026-08-27T14:40:56.507000,5,1,0.1,far_constant_referenced,175.0,12.367686994588034,7.639691442078036,14.878100225209458,64
27-08-26/0/map1-0.1-data-2026.08.27-14.40.56.507.jpk-force-map,2026-08-27T14:40:56.507000,5,1,0.1,far_constant_referenced,180.0,11.855163009588393,7.635131200060578,15.083975892420824,64
27-08-26/0/map1-0.1-data-2026.08.27-14.40.56.507.jpk-force-map,2026-08-27T14:40:56.507000,5,1,0.1,far_constant_referenced,185.0,11.471406839376424,8.59680795946288,15.245572479443405,64
27-08-26/0/map1-0.1-data-2026.08.27-14.40.56.507.jpk-force-map,2026-08-27T14:40:56.507000,5,1,0.1,far_constant_referenced,190.0,11.331443444049835,8.412826424226422,14.59742789090215,64
27-08-26/0/map1-0.1-data-2026.08.27-14.40.56.507.jpk-force-map,2026-08-27T14:40:56.507000,5,1,0.1,far_constant_referenced,195.0,11.147704210500951,7.5015484158402,13.734206383885363,64
27-08-26/0/map1-0.1-data-2026.08.27-14.40.56.507.jpk-force-map,2026-08-27T14:40:56.507000,5,1,0.1,far_constant_referenced,200.0,9.478344988915001,7.012695441857568,13.211524366598741,64
27-08-26/0/map1-0.1-data-2026.08.27-14.40.56.507.jpk-force-map,2026-08-27T14:40:56.507000,5,1,0.1,far_constant_referenced,205.0,8.650766681427143,5.764164548682876,12.120570337578258,64
27-08-26/0/map1-0.1-data-2026.08.27-14.40.56.507.jpk-force-map,2026-08-27T14:40:56.507000,5,1,0.1,far_constant_referenced,210.0,9.378069367440787,5.344056912470631,12.272232555410238,64
27-08-26/0/map1-0.1-data-2026.08.27-14.40.56.507.jpk-force-map,2026-08-27T14:40:56.507000,5,1,0.1,far_constant_referenced,215.0,8.715889919611374,5.896784339016713,11.57802579477416,64
27-08-26/0/map1-0.1-data-2026.08.27-14.40.56.507.jpk-force-map,2026-08-27T14:40:56.507000,5,1,0.1,far_constant_referenced,220.0,8.075107574654185,5.665230905785994,11.581840493137571,64
27-08-26/0/map1-0.1-data-2026.08.27-14.40.56.507.jpk-force-map,2026-08-27T14:40:56.507000,5,1,0.1,far_constant_referenced,225.0,8.014035123657196,5.203832576865036,11.881859685268441,64
27-08-26/0/map1-0.1-data-2026.08.27-14.40.56.507.jpk-force-map,2026-08-27T14:40:56.507000,5,1,0.1,far_constant_referenced,230.0,6.6943110243811805,4.370668904835436,10.568019167996002,64
27-08-26/0/map1-0.1-data-2026.08.27-14.40.56.507.jpk-force-map,2026-08-27T14:40:56.507000,5,1,0.1,far_constant_referenced,235.0,7.207344464211221,3.8456694893573498,10.572566984285867,64
27-08-26/0/map1-0.1-data-2026.08.27-14.40.56.507.jpk-force-map,2026-08-27T14:40:56.507000,5,1,0.1,far_constant_referenced,240.0,6.804278713358608,4.03423611806647,9.030962880690822,64
27-08-26/0/map1-0.1-data-2026.08.27-14.40.56.507.jpk-force-map,2026-08-27T14:40:56.507000,5,1,0.1,far_constant_referenced,245.0,5.925804625751908,3.105636645450274,8.083513579354019,64
27-08-26/0/map1-0.1-data-2026.08.27-14.40.56.507.jpk-force-map,2026-08-27T14:40:56.507000,5,1,0.1,far_constant_referenced,250.0,5.379681473408183,1.479761257488742,8.035662102489368,64
27-08-26/0/map1-0.1-data-2026.08.27-14.40.56.507.jpk-force-map,2026-08-27T14:40:56.507000,5,1,0.1,far_constant_referenced,255.0,5.016291070680304,1.6075598655262684,7.27631967794151,64
27-08-26/0/map1-0.1-data-2026.08.27-14.40.56.507.jpk-force-map,2026-08-27T14:40:56.507000,5,1,0.1,far_constant_referenced,260.0,4.282874926703242,0.610227480867404,6.322533255544944,64
27-08-26/0/map1-0.1-data-2026.08.27-14.40.56.507.jpk-force-map,2026-08-27T14:40:56.507000,5,1,0.1,far_constant_referenced,265.0,2.928035721319966,0.570775795838783,5.400034815164709,64
27-08-26/0/map1-0.1-data-2026.08.27-14.40.56.507.jpk-force-map,2026-08-27T14:40:56.507000,5,1,0.1,far_constant_referenced,270.0,2.280642889296584,0.29873934219124837,4.936623518377817,64
27-08-26/0/map1-0.1-data-2026.08.27-14.40.56.507.jpk-force-map,2026-08-27T14:40:56.507000,5,1,0.1,far_constant_referenced,275.0,2.642492501806022,-0.4359193745426361,5.192661847781338,64
27-08-26/0/map1-0.1-data-2026.08.27-14.40.56.507.jpk-force-map,2026-08-27T14:40:56.507000,5,1,0.1,far_constant_referenced,280.0,2.1417108293581277,-0.1860193545576595,4.330204523009958,64
27-08-26/0/map1-0.1-data-2026.08.27-14.40.56.507.jpk-force-map,2026-08-27T14:40:56.507000,5,1,0.1,far_constant_referenced,285.0,2.0444546596829936,0.16796477240115343,4.2358124835392275,64
27-08-26/0/map1-0.1-data-2026.08.27-14.40.56.507.jpk-force-map,2026-08-27T14:40:56.507000,5,1,0.1,far_constant_referenced,290.0,1.336001802390094,-1.0525150407885957,3.8377853652153866,64
27-08-26/0/map1-0.1-data-2026.08.27-14.40.56.507.jpk-force-map,2026-08-27T14:40:56.507000,5,1,0.1,far_constant_referenced,295.0,0.5521993331245605,-1.2441383984794263,2.96924564679946,64
27-08-26/0/map1-0.1-data-2026.08.27-14.40.56.507.jpk-force-map,2026-08-27T14:40:56.507000,5,1,0.1,far_constant_referenced,300.0,0.9191807711195987,-1.4686029541325922,2.4511487229854723,64
27-08-26/0/map1-0.1-data-2026.08.27-14.40.56.507.jpk-force-map,2026-08-27T14:40:56.507000,5,1,0.1,far_constant_referenced,305.0,0.31198516777885354,-1.717477851593256,1.869158708016542,64
27-08-26/0/map1-0.1-data-2026.08.27-14.40.56.507.jpk-force-map,2026-08-27T14:40:56.507000,5,1,0.1,far_constant_referenced,310.0,-0.7842994983682625,-2.380409055940552,0.48070169669801394,64
27-08-26/0/map1-0.1-data-2026.08.27-14.40.56.507.jpk-force-map,2026-08-27T14:40:56.507000,5,1,0.1,far_constant_referenced,315.0,-0.951251573972729,-3.253266714686409,1.28587020451673,64
27-08-26/0/map1-0.1-data-2026.08.27-14.40.56.507.jpk-force-map,2026-08-27T14:40:56.507000,5,1,0.1,far_constant_referenced,320.0,-0.6911562445180817,-3.3733924359505534,1.2278482696377537,64
27-08-26/0/map1-0.1-data-2026.08.27-14.40.56.507.jpk-force-map,2026-08-27T14:40:56.507000,5,1,0.1,far_constant_referenced,325.0,-1.6337595121034636,-3.0865942179521926,0.4852805773066865,64
27-08-26/0/map1-0.1-data-2026.08.27-14.40.56.507.jpk-force-map,2026-08-27T14:40:56.507000,5,1,0.1,far_constant_referenced,330.0,-1.1400729300968964,-3.9143837628086784,0.09872240552819372,64
27-08-26/0/map1-0.1-data-2026.08.27-14.40.56.507.jpk-force-map,2026-08-27T14:40:56.507000,5,1,0.1,far_constant_referenced,335.0,-1.8510730615413054,-3.809311810493252,0.5138100478029429,64
27-08-26/0/map1-0.1-data-2026.08.27-14.40.56.507.jpk-force-map,2026-08-27T14:40:56.507000,5,1,0.1,far_constant_referenced,340.0,-1.6688621924831906,-4.419011197938979,-0.2883141567616283,64
27-08-26/0/map1-0.1-data-2026.08.27-14.40.56.507.jpk-force-map,2026-08-27T14:40:56.507000,5,1,0.1,far_constant_referenced,345.0,-1.82156195856717,-4.455654668537147,0.3694914349637479,64
27-08-26/0/map1-0.1-data-2026.08.27-14.40.56.507.jpk-force-map,2026-08-27T14:40:56.507000,5,1,0.1,far_constant_referenced,350.0,-2.2099156479791806,-4.650837997176159,1.2835776577805145,63
27-08-26/0/map1-0.1-data-2026.08.27-14.40.56.507.jpk-force-map,2026-08-27T14:40:56.507000,5,1,0.1,far_constant_referenced,355.0,-1.5004314552981786,-3.135694480437346,0.5064229527637403,63
27-08-26/0/map1-0.1-data-2026.08.27-14.40.56.507.jpk-force-map,2026-08-27T14:40:56.507000,5,1,0.1,far_constant_referenced,360.0,-0.7481654826003401,-3.474413601078861,1.8174863199247062,60
27-08-26/0/map1-0.1-data-2026.08.27-14.40.56.507.jpk-force-map,2026-08-27T14:40:56.507000,5,1,0.1,far_constant_referenced,365.0,1.594022035340865,-1.465788526838412,9.157164782735972,5
27-08-26/0/map1-0.2-data-2026.08.27-14.47.23.611.jpk-force-map,2026-08-27T14:47:23.611000,6,1,0.2,linear_drift_corrected,5.0,6229.449655432933,5830.270013129122,6533.594459650025,64
27-08-26/0/map1-0.2-data-2026.08.27-14.47.23.611.jpk-force-map,2026-08-27T14:47:23.611000,6,1,0.2,linear_drift_corrected,10.0,3728.0858895489264,3548.1522035277867,3945.841645991418,64
27-08-26/0/map1-0.2-data-2026.08.27-14.47.23.611.jpk-force-map,2026-08-27T14:47:23.611000,6,1,0.2,linear_drift_corrected,15.0,2233.2588926869894,2133.2412573868896,2365.751531533967,64
27-08-26/0/map1-0.2-data-2026.08.27-14.47.23.611.jpk-force-map,2026-08-27T14:47:23.611000,6,1,0.2,linear_drift_corrected,20.0,1377.5449290281842,1321.3120136692537,1453.406388638523,64
27-08-26/0/map1-0.2-data-2026.08.27-14.47.23.611.jpk-force-map,2026-08-27T14:47:23.611000,6,1,0.2,linear_drift_corrected,25.0,856.8231089476731,824.6429234249704,897.5280041399461,64
27-08-26/0/map1-0.2-data-2026.08.27-14.47.23.611.jpk-force-map,2026-08-27T14:47:23.611000,6,1,0.2,linear_drift_corrected,30.0,534.8954476100928,511.3514332346976,562.7236974167196,64
27-08-26/0/map1-0.2-data-2026.08.27-14.47.23.611.jpk-force-map,2026-08-27T14:47:23.611000,6,1,0.2,linear_drift_corrected,35.0,333.23217863584375,319.5226574863767,350.34700128252973,64
27-08-26/0/map1-0.2-data-2026.08.27-14.47.23.611.jpk-force-map,2026-08-27T14:47:23.611000,6,1,0.2,linear_drift_corrected,40.0,209.87667915663667,199.48524959821134,219.11858515260414,64
27-08-26/0/map1-0.2-data-2026.08.27-14.47.23.611.jpk-force-map,2026-08-27T14:47:23.611000,6,1,0.2,linear_drift_corrected,45.0,129.41609417402202,117.67281081276477,140.40327751953322,64
27-08-26/0/map1-0.2-data-2026.08.27-14.47.23.611.jpk-force-map,2026-08-27T14:47:23.611000,6,1,0.2,linear_drift_corrected,50.0,79.81167907882639,70.08347721930835,91.35738007341268,64
27-08-26/0/map1-0.2-data-2026.08.27-14.47.23.611.jpk-force-map,2026-08-27T14:47:23.611000,6,1,0.2,linear_drift_corrected,55.0,49.13977445348299,36.501666949262095,57.70071964215788,64
27-08-26/0/map1-0.2-data-2026.08.27-14.47.23.611.jpk-force-map,2026-08-27T14:47:23.611000,6,1,0.2,linear_drift_corrected,60.0,28.200196103243435,18.56606368113876,38.137152168130385,64
27-08-26/0/map1-0.2-data-2026.08.27-14.47.23.611.jpk-force-map,2026-08-27T14:47:23.611000,6,1,0.2,linear_drift_corrected,65.0,16.813891277885986,7.044512335838423,27.5047313135672,64
27-08-26/0/map1-0.2-data-2026.08.27-14.47.23.611.jpk-force-map,2026-08-27T14:47:23.611000,6,1,0.2,linear_drift_corrected,70.0,7.7311804847790615,0.4801194692127127,18.105229139941706,64
27-08-26/0/map1-0.2-data-2026.08.27-14.47.23.611.jpk-force-map,2026-08-27T14:47:23.611000,6,1,0.2,linear_drift_corrected,75.0,5.222939415981246,-3.1729442405822823,16.602585838464616,64
27-08-26/0/map1-0.2-data-2026.08.27-14.47.23.611.jpk-force-map,2026-08-27T14:47:23.611000,6,1,0.2,linear_drift_corrected,80.0,3.1895383851447345,-6.204114369441748,12.614013395563203,64
27-08-26/0/map1-0.2-data-2026.08.27-14.47.23.611.jpk-force-map,2026-08-27T14:47:23.611000,6,1,0.2,linear_drift_corrected,85.0,2.9222670910061854,-6.523265495966871,11.996871374547048,64
27-08-26/0/map1-0.2-data-2026.08.27-14.47.23.611.jpk-force-map,2026-08-27T14:47:23.611000,6,1,0.2,linear_drift_corrected,90.0,2.2840707117562893,-5.3974087780179145,9.210683517750823,64
27-08-26/0/map1-0.2-data-2026.08.27-14.47.23.611.jpk-force-map,2026-08-27T14:47:23.611000,6,1,0.2,linear_drift_corrected,95.0,0.7977715319268521,-6.1547198071362885,9.16534139985762,64
27-08-26/0/map1-0.2-data-2026.08.27-14.47.23.611.jpk-force-map,2026-08-27T14:47:23.611000,6,1,0.2,linear_drift_corrected,100.0,0.4803882716934273,-6.610680287123977,8.493164692450991,64
27-08-26/0/map1-0.2-data-2026.08.27-14.47.23.611.jpk-force-map,2026-08-27T14:47:23.611000,6,1,0.2,linear_drift_corrected,105.0,2.3567324172010498,-6.0734974155832875,9.05412944391422,64
27-08-26/0/map1-0.2-data-2026.08.27-14.47.23.611.jpk-force-map,2026-08-27T14:47:23.611000,6,1,0.2,linear_drift_corrected,110.0,0.6914547687514726,-6.735524722512155,7.469564589489924,64
27-08-26/0/map1-0.2-data-2026.08.27-14.47.23.611.jpk-force-map,2026-08-27T14:47:23.611000,6,1,0.2,linear_drift_corrected,115.0,-0.9956717624082123,-5.570304689722978,8.589580437849204,64
27-08-26/0/map1-0.2-data-2026.08.27-14.47.23.611.jpk-force-map,2026-08-27T14:47:23.611000,6,1,0.2,linear_drift_corrected,120.0,1.0446811272449867,-4.183709033473186,9.962483911425098,64
27-08-26/0/map1-0.2-data-2026.08.27-14.47.23.611.jpk-force-map,2026-08-27T14:47:23.611000,6,1,0.2,linear_drift_corrected,125.0,1.3012008759232354,-5.408752448428096,7.853678912835386,64
27-08-26/0/map1-0.2-data-2026.08.27-14.47.23.611.jpk-force-map,2026-08-27T14:47:23.611000,6,1,0.2,linear_drift_corrected,130.0,0.14102357185351272,-5.532691664072043,7.6405020842902065,64
27-08-26/0/map1-0.2-data-2026.08.27-14.47.23.611.jpk-force-map,2026-08-27T14:47:23.611000,6,1,0.2,linear_drift_corrected,135.0,2.1308870570224916,-6.339419177783749,7.638230178437284,64
27-08-26/0/map1-0.2-data-2026.08.27-14.47.23.611.jpk-force-map,2026-08-27T14:47:23.611000,6,1,0.2,linear_drift_corrected,140.0,0.6790334212582828,-5.483834561040289,6.255640534471503,64
27-08-26/0/map1-0.2-data-2026.08.27-14.47.23.611.jpk-force-map,2026-08-27T14:47:23.611000,6,1,0.2,linear_drift_corrected,145.0,1.5415431965947004,-4.737531053443402,6.957984665035126,64
27-08-26/0/map1-0.2-data-2026.08.27-14.47.23.611.jpk-force-map,2026-08-27T14:47:23.611000,6,1,0.2,linear_drift_corrected,150.0,3.1234532714463605,-4.347034238897705,5.760374617437261,64
27-08-26/0/map1-0.2-data-2026.08.27-14.47.23.611.jpk-force-map,2026-08-27T14:47:23.611000,6,1,0.2,linear_drift_corrected,155.0,0.5996719442502556,-5.464401385258293,7.552408065856145,64
27-08-26/0/map1-0.2-data-2026.08.27-14.47.23.611.jpk-force-map,2026-08-27T14:47:23.611000,6,1,0.2,linear_drift_corrected,160.0,0.9104568672976304,-3.826248824899092,7.125701165125567,64
27-08-26/0/map1-0.2-data-2026.08.27-14.47.23.611.jpk-force-map,2026-08-27T14:47:23.611000,6,1,0.2,linear_drift_corrected,165.0,1.6389154906444976,-3.1377440104233747,7.357406123195089,64
27-08-26/0/map1-0.2-data-2026.08.27-14.47.23.611.jpk-force-map,2026-08-27T14:47:23.611000,6,1,0.2,linear_drift_corrected,170.0,2.070822814599123,-2.261913569295908,6.503797072547718,64
27-08-26/0/map1-0.2-data-2026.08.27-14.47.23.611.jpk-force-map,2026-08-27T14:47:23.611000,6,1,0.2,linear_drift_corrected,175.0,2.105843170128513,-1.778401310105677,6.668657001253921,64
27-08-26/0/map1-0.2-data-2026.08.27-14.47.23.611.jpk-force-map,2026-08-27T14:47:23.611000,6,1,0.2,linear_drift_corrected,180.0,3.4255945413649176,-2.792912947986204,7.240486134980095,64
27-08-26/0/map1-0.2-data-2026.08.27-14.47.23.611.jpk-force-map,2026-08-27T14:47:23.611000,6,1,0.2,linear_drift_corrected,185.0,3.0295528536783873,-3.4138365350145574,6.808035862642733,64
27-08-26/0/map1-0.2-data-2026.08.27-14.47.23.611.jpk-force-map,2026-08-27T14:47:23.611000,6,1,0.2,linear_drift_corrected,190.0,3.2689295636896167,-1.614296926827801,7.381628766391657,64
27-08-26/0/map1-0.2-data-2026.08.27-14.47.23.611.jpk-force-map,2026-08-27T14:47:23.611000,6,1,0.2,linear_drift_corrected,195.0,2.3933153902953554,-3.095406922090273,6.922551889622494,64
27-08-26/0/map1-0.2-data-2026.08.27-14.47.23.611.jpk-force-map,2026-08-27T14:47:23.611000,6,1,0.2,linear_drift_corrected,200.0,2.9242800713082095,-2.476085299166626,6.551257399540722,64
27-08-26/0/map1-0.2-data-2026.08.27-14.47.23.611.jpk-force-map,2026-08-27T14:47:23.611000,6,1,0.2,linear_drift_corrected,205.0,2.9322629765398442,-1.6583638672242496,7.258130180671809,64
27-08-26/0/map1-0.2-data-2026.08.27-14.47.23.611.jpk-force-map,2026-08-27T14:47:23.611000,6,1,0.2,linear_drift_corrected,210.0,3.6597143346128194,-1.2302421872129183,7.555257472051342,64
27-08-26/0/map1-0.2-data-2026.08.27-14.47.23.611.jpk-force-map,2026-08-27T14:47:23.611000,6,1,0.2,linear_drift_corrected,215.0,3.9002823727315907,-2.867864221674539,7.769391306880654,64
27-08-26/0/map1-0.2-data-2026.08.27-14.47.23.611.jpk-force-map,2026-08-27T14:47:23.611000,6,1,0.2,linear_drift_corrected,220.0,1.1576492337369788,-2.1949007654017283,7.219137431804797,64
27-08-26/0/map1-0.2-data-2026.08.27-14.47.23.611.jpk-force-map,2026-08-27T14:47:23.611000,6,1,0.2,linear_drift_corrected,225.0,2.2108882356742137,-0.5598588497751159,7.5049610771926965,64
27-08-26/0/map1-0.2-data-2026.08.27-14.47.23.611.jpk-force-map,2026-08-27T14:47:23.611000,6,1,0.2,linear_drift_corrected,230.0,1.4321880045139,-2.042468152308893,7.100968862359581,64
27-08-26/0/map1-0.2-data-2026.08.27-14.47.23.611.jpk-force-map,2026-08-27T14:47:23.611000,6,1,0.2,linear_drift_corrected,235.0,1.4917727098585294,-2.1935597763970267,5.869456905168683,64
27-08-26/0/map1-0.2-data-2026.08.27-14.47.23.611.jpk-force-map,2026-08-27T14:47:23.611000,6,1,0.2,linear_drift_corrected,240.0,2.242690126267053,-2.2372841863418373,6.590162961640538,64
27-08-26/0/map1-0.2-data-2026.08.27-14.47.23.611.jpk-force-map,2026-08-27T14:47:23.611000,6,1,0.2,linear_drift_corrected,245.0,2.1562486485468555,-2.85020778010079,5.16495290776522,64
27-08-26/0/map1-0.2-data-2026.08.27-14.47.23.611.jpk-force-map,2026-08-27T14:47:23.611000,6,1,0.2,linear_drift_corrected,250.0,1.6222937361037235,-1.7387269696330756,4.397315441935098,64
27-08-26/0/map1-0.2-data-2026.08.27-14.47.23.611.jpk-force-map,2026-08-27T14:47:23.611000,6,1,0.2,linear_drift_corrected,255.0,0.663310275994403,-1.5996478347529575,3.823625683331229,64
27-08-26/0/map1-0.2-data-2026.08.27-14.47.23.611.jpk-force-map,2026-08-27T14:47:23.611000,6,1,0.2,linear_drift_corrected,260.0,1.0579596792057377,-1.1215239506668662,3.177138985233623,64
27-08-26/0/map1-0.2-data-2026.08.27-14.47.23.611.jpk-force-map,2026-08-27T14:47:23.611000,6,1,0.2,linear_drift_corrected,265.0,0.9881357151063651,-1.300880318504834,2.3421305586498984,64
27-08-26/0/map1-0.2-data-2026.08.27-14.47.23.611.jpk-force-map,2026-08-27T14:47:23.611000,6,1,0.2,linear_drift_corrected,270.0,0.5028899222535597,-1.5152185592520873,2.567466236229719,64
27-08-26/0/map1-0.2-data-2026.08.27-14.47.23.611.jpk-force-map,2026-08-27T14:47:23.611000,6,1,0.2,linear_drift_corrected,275.0,0.40928747643954433,-1.1868828798352655,2.1489852220678998,64
27-08-26/0/map1-0.2-data-2026.08.27-14.47.23.611.jpk-force-map,2026-08-27T14:47:23.611000,6,1,0.2,linear_drift_corrected,280.0,0.40066597799212034,-1.8094164730243147,2.440852842278144,64
27-08-26/0/map1-0.2-data-2026.08.27-14.47.23.611.jpk-force-map,2026-08-27T14:47:23.611000,6,1,0.2,linear_drift_corrected,285.0,0.429599033903851,-1.802121229184255,2.175778240164868,64
27-08-26/0/map1-0.2-data-2026.08.27-14.47.23.611.jpk-force-map,2026-08-27T14:47:23.611000,6,1,0.2,linear_drift_corrected,290.0,0.06053776851269627,-2.2636018003656524,1.893312248245762,64
27-08-26/0/map1-0.2-data-2026.08.27-14.47.23.611.jpk-force-map,2026-08-27T14:47:23.611000,6,1,0.2,linear_drift_corrected,295.0,-0.9995844041842122,-2.1697321222779693,1.262501190595157,64
27-08-26/0/map1-0.2-data-2026.08.27-14.47.23.611.jpk-force-map,2026-08-27T14:47:23.611000,6,1,0.2,linear_drift_corrected,300.0,-0.38778193033171604,-2.6134002889045806,1.3756156889849684,64
27-08-26/0/map1-0.2-data-2026.08.27-14.47.23.611.jpk-force-map,2026-08-27T14:47:23.611000,6,1,0.2,linear_drift_corrected,305.0,-0.7955616687968023,-2.485477739413979,1.0658548011786846,64
27-08-26/0/map1-0.2-data-2026.08.27-14.47.23.611.jpk-force-map,2026-08-27T14:47:23.611000,6,1,0.2,linear_drift_corrected,310.0,-0.3191251460850051,-2.3272452709128153,2.0754594248932015,64
27-08-26/0/map1-0.2-data-2026.08.27-14.47.23.611.jpk-force-map,2026-08-27T14:47:23.611000,6,1,0.2,linear_drift_corrected,315.0,-0.6965888845484873,-2.4466706638328874,1.6049925617818892,64
27-08-26/0/map1-0.2-data-2026.08.27-14.47.23.611.jpk-force-map,2026-08-27T14:47:23.611000,6,1,0.2,linear_drift_corrected,320.0,-0.005254342358120799,-2.695552832236625,1.8037188339461172,64
27-08-26/0/map1-0.2-data-2026.08.27-14.47.23.611.jpk-force-map,2026-08-27T14:47:23.611000,6,1,0.2,linear_drift_corrected,325.0,-0.957366992083626,-2.339436839801417,1.2098822300766747,64
27-08-26/0/map1-0.2-data-2026.08.27-14.47.23.611.jpk-force-map,2026-08-27T14:47:23.611000,6,1,0.2,linear_drift_corrected,330.0,-0.9041148969846768,-3.3194020736439427,1.2227039180461814,64
27-08-26/0/map1-0.2-data-2026.08.27-14.47.23.611.jpk-force-map,2026-08-27T14:47:23.611000,6,1,0.2,linear_drift_corrected,335.0,-0.4391846852400907,-2.027104798616283,1.777857613951636,64
27-08-26/0/map1-0.2-data-2026.08.27-14.47.23.611.jpk-force-map,2026-08-27T14:47:23.611000,6,1,0.2,linear_drift_corrected,340.0,-0.11180418809074757,-2.2312844822277094,1.3583267522386417,64
27-08-26/0/map1-0.2-data-2026.08.27-14.47.23.611.jpk-force-map,2026-08-27T14:47:23.611000,6,1,0.2,linear_drift_corrected,345.0,1.0180238403931503,-1.6330876283573679,2.5333484618943736,64
27-08-26/0/map1-0.2-data-2026.08.27-14.47.23.611.jpk-force-map,2026-08-27T14:47:23.611000,6,1,0.2,linear_drift_corrected,350.0,0.5962135348381712,-1.0100569862799187,2.076997376352011,63
27-08-26/0/map1-0.2-data-2026.08.27-14.47.23.611.jpk-force-map,2026-08-27T14:47:23.611000,6,1,0.2,linear_drift_corrected,355.0,1.006709407924346,-1.5191409880771742,2.610099308027986,63
27-08-26/0/map1-0.2-data-2026.08.27-14.47.23.611.jpk-force-map,2026-08-27T14:47:23.611000,6,1,0.2,linear_drift_corrected,360.0,0.8756826171393044,-1.5993235084930246,4.291306589554387,60
27-08-26/0/map1-0.2-data-2026.08.27-14.47.23.611.jpk-force-map,2026-08-27T14:47:23.611000,6,1,0.2,linear_drift_corrected,365.0,4.332920256609894,2.0872921776912383,8.305089756847014,4
27-08-26/0/map1-0.2-data-2026.08.27-14.47.23.611.jpk-force-map,2026-08-27T14:47:23.611000,6,1,0.2,far_constant_referenced,5.0,6263.3643514569885,5852.845872872082,6556.561409103888,64
27-08-26/0/map1-0.2-data-2026.08.27-14.47.23.611.jpk-force-map,2026-08-27T14:47:23.611000,6,1,0.2,far_constant_referenced,10.0,3761.8149266162227,3570.692363023584,3959.3964206759215,64
27-08-26/0/map1-0.2-data-2026.08.27-14.47.23.611.jpk-force-map,2026-08-27T14:47:23.611000,6,1,0.2,far_constant_referenced,15.0,2267.07917632067,2145.083022711371,2397.046918768252,64
27-08-26/0/map1-0.2-data-2026.08.27-14.47.23.611.jpk-force-map,2026-08-27T14:47:23.611000,6,1,0.2,far_constant_referenced,20.0,1414.4481790387554,1337.809789241281,1470.9706951593034,64
27-08-26/0/map1-0.2-data-2026.08.27-14.47.23.611.jpk-force-map,2026-08-27T14:47:23.611000,6,1,0.2,far_constant_referenced,25.0,888.3165933933519,838.7909485506041,917.5162889960442,64
27-08-26/0/map1-0.2-data-2026.08.27-14.47.23.611.jpk-force-map,2026-08-27T14:47:23.611000,6,1,0.2,far_constant_referenced,30.0,556.2129798120059,531.322917940335,581.0475794486769,64
27-08-26/0/map1-0.2-data-2026.08.27-14.47.23.611.jpk-force-map,2026-08-27T14:47:23.611000,6,1,0.2,far_constant_referenced,35.0,356.499976445283,334.31528125691244,369.22978641838705,64
27-08-26/0/map1-0.2-data-2026.08.27-14.47.23.611.jpk-force-map,2026-08-27T14:47:23.611000,6,1,0.2,far_constant_referenced,40.0,228.3810455768243,218.3204931227079,239.16844717789803,64
27-08-26/0/map1-0.2-data-2026.08.27-14.47.23.611.jpk-force-map,2026-08-27T14:47:23.611000,6,1,0.2,far_constant_referenced,45.0,146.13044545309674,139.84887982134362,154.79466919748023,64
27-08-26/0/map1-0.2-data-2026.08.27-14.47.23.611.jpk-force-map,2026-08-27T14:47:23.611000,6,1,0.2,far_constant_referenced,50.0,96.40119263841855,91.67045100011583,102.53181053167467,64
27-08-26/0/map1-0.2-data-2026.08.27-14.47.23.611.jpk-force-map,2026-08-27T14:47:23.611000,6,1,0.2,far_constant_referenced,55.0,65.97058582424327,61.398607707077666,70.14026237280149,64
27-08-26/0/map1-0.2-data-2026.08.27-14.47.23.611.jpk-force-map,2026-08-27T14:47:23.611000,6,1,0.2,far_constant_referenced,60.0,46.57880899561768,40.74511628832759,49.4330234694558,64
27-08-26/0/map1-0.2-data-2026.08.27-14.47.23.611.jpk-force-map,2026-08-27T14:47:23.611000,6,1,0.2,far_constant_referenced,65.0,33.61668761990107,30.551440801910793,37.865950953532874,64
27-08-26/0/map1-0.2-data-2026.08.27-14.47.23.611.jpk-force-map,2026-08-27T14:47:23.611000,6,1,0.2,far_constant_referenced,70.0,26.707063588220613,21.128110721803434,30.717647333861166,64
27-08-26/0/map1-0.2-data-2026.08.27-14.47.23.611.jpk-force-map,2026-08-27T14:47:23.611000,6,1,0.2,far_constant_referenced,75.0,22.537647979941262,17.111922973029635,26.35687552103378,64
27-08-26/0/map1-0.2-data-2026.08.27-14.47.23.611.jpk-force-map,2026-08-27T14:47:23.611000,6,1,0.2,far_constant_referenced,80.0,19.68596835452705,16.08409164005495,23.35454016172057,64
27-08-26/0/map1-0.2-data-2026.08.27-14.47.23.611.jpk-force-map,2026-08-27T14:47:23.611000,6,1,0.2,far_constant_referenced,85.0,18.778505044504094,15.216048950741738,22.77229541933646,64
27-08-26/0/map1-0.2-data-2026.08.27-14.47.23.611.jpk-force-map,2026-08-27T14:47:23.611000,6,1,0.2,far_constant_referenced,90.0,16.788972100672026,13.558146249973557,21.636577706752043,64
27-08-26/0/map1-0.2-data-2026.08.27-14.47.23.611.jpk-force-map,2026-08-27T14:47:23.611000,6,1,0.2,far_constant_referenced,95.0,16.57268988662235,13.141567520390543,19.416504026486145,64
27-08-26/0/map1-0.2-data-2026.08.27-14.47.23.611.jpk-force-map,2026-08-27T14:47:23.611000,6,1,0.2,far_constant_referenced,100.0,15.90951638058745,12.691880439702507,18.57670501593504,64
27-08-26/0/map1-0.2-data-2026.08.27-14.47.23.611.jpk-force-map,2026-08-27T14:47:23.611000,6,1,0.2,far_constant_referenced,105.0,16.0336991019026,12.676603007657539,18.40746660645815,64
27-08-26/0/map1-0.2-data-2026.08.27-14.47.23.611.jpk-force-map,2026-08-27T14:47:23.611000,6,1,0.2,far_constant_referenced,110.0,14.228439697904818,12.087219684785616,18.97496201021883,64
27-08-26/0/map1-0.2-data-2026.08.27-14.47.23.611.jpk-force-map,2026-08-27T14:47:23.611000,6,1,0.2,far_constant_referenced,115.0,15.41733331161665,11.131898685034415,18.61055891069414,64
27-08-26/0/map1-0.2-data-2026.08.27-14.47.23.611.jpk-force-map,2026-08-27T14:47:23.611000,6,1,0.2,far_constant_referenced,120.0,14.501743575764305,9.803799645377634,19.049541227082294,64
27-08-26/0/map1-0.2-data-2026.08.27-14.47.23.611.jpk-force-map,2026-08-27T14:47:23.611000,6,1,0.2,far_constant_referenced,125.0,14.588760945923426,10.816372184898794,17.99245973141234,64
27-08-26/0/map1-0.2-data-2026.08.27-14.47.23.611.jpk-force-map,2026-08-27T14:47:23.611000,6,1,0.2,far_constant_referenced,130.0,13.39170362919943,10.088833410061333,16.579809828518744,64
27-08-26/0/map1-0.2-data-2026.08.27-14.47.23.611.jpk-force-map,2026-08-27T14:47:23.611000,6,1,0.2,far_constant_referenced,135.0,13.603438026959042,11.18716210839333,16.47395505536655,64
27-08-26/0/map1-0.2-data-2026.08.27-14.47.23.611.jpk-force-map,2026-08-27T14:47:23.611000,6,1,0.2,far_constant_referenced,140.0,13.696556429354189,10.050114842959333,15.504381746094657,64
27-08-26/0/map1-0.2-data-2026.08.27-14.47.23.611.jpk-force-map,2026-08-27T14:47:23.611000,6,1,0.2,far_constant_referenced,145.0,13.648207923386732,9.540672438396406,17.041941275366277,64
27-08-26/0/map1-0.2-data-2026.08.27-14.47.23.611.jpk-force-map,2026-08-27T14:47:23.611000,6,1,0.2,far_constant_referenced,150.0,13.331637662135446,9.769964389209703,15.99959669259215,64
27-08-26/0/map1-0.2-data-2026.08.27-14.47.23.611.jpk-force-map,2026-08-27T14:47:23.611000,6,1,0.2,far_constant_referenced,155.0,12.367189965485366,8.672132719980464,15.979988894489747,64
27-08-26/0/map1-0.2-data-2026.08.27-14.47.23.611.jpk-force-map,2026-08-27T14:47:23.611000,6,1,0.2,far_constant_referenced,160.0,12.320357398281349,8.244345984131124,16.375182946927914,64
27-08-26/0/map1-0.2-data-2026.08.27-14.47.23.611.jpk-force-map,2026-08-27T14:47:23.611000,6,1,0.2,far_constant_referenced,165.0,12.65474615286537,8.359134855404784,15.186786362319,64
27-08-26/0/map1-0.2-data-2026.08.27-14.47.23.611.jpk-force-map,2026-08-27T14:47:23.611000,6,1,0.2,far_constant_referenced,170.0,12.881229889248353,8.503695769931552,16.341372542215296,64
27-08-26/0/map1-0.2-data-2026.08.27-14.47.23.611.jpk-force-map,2026-08-27T14:47:23.611000,6,1,0.2,far_constant_referenced,175.0,12.535620702670535,8.346417123238933,15.954267638423866,64
27-08-26/0/map1-0.2-data-2026.08.27-14.47.23.611.jpk-force-map,2026-08-27T14:47:23.611000,6,1,0.2,far_constant_referenced,180.0,12.434872903548627,9.781420910027563,14.79744482756518,64
27-08-26/0/map1-0.2-data-2026.08.27-14.47.23.611.jpk-force-map,2026-08-27T14:47:23.611000,6,1,0.2,far_constant_referenced,185.0,11.874000412581621,7.590864545599328,13.950774389669016,64
27-08-26/0/map1-0.2-data-2026.08.27-14.47.23.611.jpk-force-map,2026-08-27T14:47:23.611000,6,1,0.2,far_constant_referenced,190.0,11.60730702178844,7.699515107454444,14.357182661237518,64
27-08-26/0/map1-0.2-data-2026.08.27-14.47.23.611.jpk-force-map,2026-08-27T14:47:23.611000,6,1,0.2,far_constant_referenced,195.0,10.352731012151844,7.360535046534046,13.273379638432528,64
27-08-26/0/map1-0.2-data-2026.08.27-14.47.23.611.jpk-force-map,2026-08-27T14:47:23.611000,6,1,0.2,far_constant_referenced,200.0,10.571560500352783,7.107062629873218,13.179192623466605,64
27-08-26/0/map1-0.2-data-2026.08.27-14.47.23.611.jpk-force-map,2026-08-27T14:47:23.611000,6,1,0.2,far_constant_referenced,205.0,10.431609530753743,6.286902481743556,12.93693442593597,64
27-08-26/0/map1-0.2-data-2026.08.27-14.47.23.611.jpk-force-map,2026-08-27T14:47:23.611000,6,1,0.2,far_constant_referenced,210.0,10.249373810240623,7.368444022131122,13.012016884765949,64
27-08-26/0/map1-0.2-data-2026.08.27-14.47.23.611.jpk-force-map,2026-08-27T14:47:23.611000,6,1,0.2,far_constant_referenced,215.0,9.709885996418295,6.4284004544248585,13.759648061080945,64
27-08-26/0/map1-0.2-data-2026.08.27-14.47.23.611.jpk-force-map,2026-08-27T14:47:23.611000,6,1,0.2,far_constant_referenced,220.0,10.095704837406345,5.6313770110268475,12.026408174067525,64
27-08-26/0/map1-0.2-data-2026.08.27-14.47.23.611.jpk-force-map,2026-08-27T14:47:23.611000,6,1,0.2,far_constant_referenced,225.0,9.754183715198291,6.15509036370157,12.124652189084436,64
27-08-26/0/map1-0.2-data-2026.08.27-14.47.23.611.jpk-force-map,2026-08-27T14:47:23.611000,6,1,0.2,far_constant_referenced,230.0,8.153489064153478,4.388474972440423,11.541121383897032,64
27-08-26/0/map1-0.2-data-2026.08.27-14.47.23.611.jpk-force-map,2026-08-27T14:47:23.611000,6,1,0.2,far_constant_referenced,235.0,6.781875126553349,3.896062027509548,10.617392796487584,64
27-08-26/0/map1-0.2-data-2026.08.27-14.47.23.611.jpk-force-map,2026-08-27T14:47:23.611000,6,1,0.2,far_constant_referenced,240.0,8.326045142891083,3.3822706182980204,11.024273245703625,64
27-08-26/0/map1-0.2-data-2026.08.27-14.47.23.611.jpk-force-map,2026-08-27T14:47:23.611000,6,1,0.2,far_constant_referenced,245.0,6.072875537247496,2.700781589827778,9.677572891877467,64
27-08-26/0/map1-0.2-data-2026.08.27-14.47.23.611.jpk-force-map,2026-08-27T14:47:23.611000,6,1,0.2,far_constant_referenced,250.0,5.580717319731791,2.7122505363730482,8.295247977113817,64
27-08-26/0/map1-0.2-data-2026.08.27-14.47.23.611.jpk-force-map,2026-08-27T14:47:23.611000,6,1,0.2,far_constant_referenced,255.0,5.209685094549633,2.2256714705355263,7.04549314977347,64
27-08-26/0/map1-0.2-data-2026.08.27-14.47.23.611.jpk-force-map,2026-08-27T14:47:23.611000,6,1,0.2,far_constant_referenced,260.0,4.493068534244536,2.2330523527109083,7.240167023582297,64
27-08-26/0/map1-0.2-data-2026.08.27-14.47.23.611.jpk-force-map,2026-08-27T14:47:23.611000,6,1,0.2,far_constant_referenced,265.0,4.293064023309154,1.9419237686551467,5.793228325464476,64
27-08-26/0/map1-0.2-data-2026.08.27-14.47.23.611.jpk-force-map,2026-08-27T14:47:23.611000,6,1,0.2,far_constant_referenced,270.0,3.386607197219242,1.038759760370698,5.653258717274127,64
27-08-26/0/map1-0.2-data-2026.08.27-14.47.23.611.jpk-force-map,2026-08-27T14:47:23.611000,6,1,0.2,far_constant_referenced,275.0,3.2038992990584294,1.4958152975067067,4.827469714556121,64
27-08-26/0/map1-0.2-data-2026.08.27-14.47.23.611.jpk-force-map,2026-08-27T14:47:23.611000,6,1,0.2,far_constant_referenced,280.0,2.1228610006373207,0.08499197656553169,4.583192336295637,64
27-08-26/0/map1-0.2-data-2026.08.27-14.47.23.611.jpk-force-map,2026-08-27T14:47:23.611000,6,1,0.2,far_constant_referenced,285.0,1.825115716651561,-0.39187638317760864,4.4574377604432565,64
27-08-26/0/map1-0.2-data-2026.08.27-14.47.23.611.jpk-force-map,2026-08-27T14:47:23.611000,6,1,0.2,far_constant_referenced,290.0,1.343631199116825,-0.67612111416064,3.47160538664847,64
27-08-26/0/map1-0.2-data-2026.08.27-14.47.23.611.jpk-force-map,2026-08-27T14:47:23.611000,6,1,0.2,far_constant_referenced,295.0,0.39698957007190233,-1.3841080066698825,2.59696463599669,64
27-08-26/0/map1-0.2-data-2026.08.27-14.47.23.611.jpk-force-map,2026-08-27T14:47:23.611000,6,1,0.2,far_constant_referenced,300.0,0.35221967364415,-2.234071262371447,2.3715122350017164,64
27-08-26/0/map1-0.2-data-2026.08.27-14.47.23.611.jpk-force-map,2026-08-27T14:47:23.611000,6,1,0.2,far_constant_referenced,305.0,-0.43923704380330364,-2.1742662355863924,1.5787818804784615,64
27-08-26/0/map1-0.2-data-2026.08.27-14.47.23.611.jpk-force-map,2026-08-27T14:47:23.611000,6,1,0.2,far_constant_referenced,310.0,-0.024428980398789192,-2.3231450904431084,1.9742306603321087,64
27-08-26/0/map1-0.2-data-2026.08.27-14.47.23.611.jpk-force-map,2026-08-27T14:47:23.611000,6,1,0.2,far_constant_referenced,315.0,-1.0113051153091015,-2.7923902663234004,1.199374714915603,64
27-08-26/0/map1-0.2-data-2026.08.27-14.47.23.611.jpk-force-map,2026-08-27T14:47:23.611000,6,1,0.2,far_constant_referenced,320.0,-0.5008189496305072,-3.49016942363516,1.306745426831175,64
27-08-26/0/map1-0.2-data-2026.08.27-14.47.23.611.jpk-force-map,2026-08-27T14:47:23.611000,6,1,0.2,far_constant_referenced,325.0,-2.036340659580989,-3.1876091702167106,0.04808756568841985,64
27-08-26/0/map1-0.2-data-2026.08.27-14.47.23.611.jpk-force-map,2026-08-27T14:47:23.611000,6,1,0.2,far_constant_referenced,330.0,-2.688815614179794,-4.810900006844104,0.09365270868058181,64
27-08-26/0/map1-0.2-data-2026.08.27-14.47.23.611.jpk-force-map,2026-08-27T14:47:23.611000,6,1,0.2,far_constant_referenced,335.0,-1.4795189558011672,-3.9207643739149223,0.20257663654208075,64
27-08-26/0/map1-0.2-data-2026.08.27-14.47.23.611.jpk-force-map,2026-08-27T14:47:23.611000,6,1,0.2,far_constant_referenced,340.0,-2.8308292545551015,-4.78598021020636,-0.45883241617801834,64
27-08-26/0/map1-0.2-data-2026.08.27-14.47.23.611.jpk-force-map,2026-08-27T14:47:23.611000,6,1,0.2,far_constant_referenced,345.0,-2.372232927200714,-3.9194720982476907,0.47230190486193835,64
27-08-26/0/map1-0.2-data-2026.08.27-14.47.23.611.jpk-force-map,2026-08-27T14:47:23.611000,6,1,0.2,far_constant_referenced,350.0,-1.8556830064691114,-5.002038761159817,0.2789078809926243,63
27-08-26/0/map1-0.2-data-2026.08.27-14.47.23.611.jpk-force-map,2026-08-27T14:47:23.611000,6,1,0.2,far_constant_referenced,355.0,-2.557015921865433,-4.522095033843552,0.033089712513715314,63
27-08-26/0/map1-0.2-data-2026.08.27-14.47.23.611.jpk-force-map,2026-08-27T14:47:23.611000,6,1,0.2,far_constant_referenced,360.0,-1.1690870039682406,-5.160317678921654,0.6219635805554382,60
27-08-26/0/map1-0.2-data-2026.08.27-14.47.23.611.jpk-force-map,2026-08-27T14:47:23.611000,6,1,0.2,far_constant_referenced,365.0,0.6850676380097607,-4.098887178603024,7.6514213289022655,4
27-08-26/0/map2-0.1-data-2026.08.27-14.58.45.160.jpk-force-map,2026-08-27T14:58:45.160000,7,2,0.1,linear_drift_corrected,5.0,6687.48528134728,6422.991911734449,6925.919535992774,64
27-08-26/0/map2-0.1-data-2026.08.27-14.58.45.160.jpk-force-map,2026-08-27T14:58:45.160000,7,2,0.1,linear_drift_corrected,10.0,4755.083803327443,4535.631207953451,4879.853433942464,64
27-08-26/0/map2-0.1-data-2026.08.27-14.58.45.160.jpk-force-map,2026-08-27T14:58:45.160000,7,2,0.1,linear_drift_corrected,15.0,3443.345324677469,3315.8245825922204,3520.1200167720863,64
27-08-26/0/map2-0.1-data-2026.08.27-14.58.45.160.jpk-force-map,2026-08-27T14:58:45.160000,7,2,0.1,linear_drift_corrected,20.0,2600.922930689636,2504.152514910504,2648.8053836288314,64
27-08-26/0/map2-0.1-data-2026.08.27-14.58.45.160.jpk-force-map,2026-08-27T14:58:45.160000,7,2,0.1,linear_drift_corrected,25.0,2017.2449382257796,1946.656162634455,2047.8621800464257,64
27-08-26/0/map2-0.1-data-2026.08.27-14.58.45.160.jpk-force-map,2026-08-27T14:58:45.160000,7,2,0.1,linear_drift_corrected,30.0,1575.7077850465153,1536.4612793301121,1615.4602058522541,64
27-08-26/0/map2-0.1-data-2026.08.27-14.58.45.160.jpk-force-map,2026-08-27T14:58:45.160000,7,2,0.1,linear_drift_corrected,35.0,1255.552803019614,1228.0162034359166,1296.4652284947936,64
27-08-26/0/map2-0.1-data-2026.08.27-14.58.45.160.jpk-force-map,2026-08-27T14:58:45.160000,7,2,0.1,linear_drift_corrected,40.0,1011.2319646895153,983.7047572163885,1036.797859366215,64
27-08-26/0/map2-0.1-data-2026.08.27-14.58.45.160.jpk-force-map,2026-08-27T14:58:45.160000,7,2,0.1,linear_drift_corrected,45.0,818.0507970375293,796.8127403235251,841.1263247637319,64
27-08-26/0/map2-0.1-data-2026.08.27-14.58.45.160.jpk-force-map,2026-08-27T14:58:45.160000,7,2,0.1,linear_drift_corrected,50.0,661.1318766038037,646.9753449653379,683.9872097260994,64
27-08-26/0/map2-0.1-data-2026.08.27-14.58.45.160.jpk-force-map,2026-08-27T14:58:45.160000,7,2,0.1,linear_drift_corrected,55.0,539.1211398835202,527.1503495050753,558.2428840206617,64
27-08-26/0/map2-0.1-data-2026.08.27-14.58.45.160.jpk-force-map,2026-08-27T14:58:45.160000,7,2,0.1,linear_drift_corrected,60.0,438.98561959898217,428.4609762875765,457.09278269111877,64
27-08-26/0/map2-0.1-data-2026.08.27-14.58.45.160.jpk-force-map,2026-08-27T14:58:45.160000,7,2,0.1,linear_drift_corrected,65.0,360.0108364573581,350.64834681171794,378.85016325944315,64
27-08-26/0/map2-0.1-data-2026.08.27-14.58.45.160.jpk-force-map,2026-08-27T14:58:45.160000,7,2,0.1,linear_drift_corrected,70.0,295.73978093242783,285.5081698731233,309.4818200397288,64
27-08-26/0/map2-0.1-data-2026.08.27-14.58.45.160.jpk-force-map,2026-08-27T14:58:45.160000,7,2,0.1,linear_drift_corrected,75.0,246.24171869794566,230.99946955680508,256.4550979919276,64
27-08-26/0/map2-0.1-data-2026.08.27-14.58.45.160.jpk-force-map,2026-08-27T14:58:45.160000,7,2,0.1,linear_drift_corrected,80.0,200.63733825131362,190.62043965582535,215.28197352509758,64
27-08-26/0/map2-0.1-data-2026.08.27-14.58.45.160.jpk-force-map,2026-08-27T14:58:45.160000,7,2,0.1,linear_drift_corrected,85.0,165.40395197449533,156.62833536919487,179.74660101645924,64
27-08-26/0/map2-0.1-data-2026.08.27-14.58.45.160.jpk-force-map,2026-08-27T14:58:45.160000,7,2,0.1,linear_drift_corrected,90.0,138.86391667900304,127.25452476843478,150.1100228611644,64
27-08-26/0/map2-0.1-data-2026.08.27-14.58.45.160.jpk-force-map,2026-08-27T14:58:45.160000,7,2,0.1,linear_drift_corrected,95.0,114.55194240626446,104.1495654089226,124.96191477474345,64
27-08-26/0/map2-0.1-data-2026.08.27-14.58.45.160.jpk-force-map,2026-08-27T14:58:45.160000,7,2,0.1,linear_drift_corrected,100.0,96.2331119112062,84.88196780456063,106.20065014322226,64
27-08-26/0/map2-0.1-data-2026.08.27-14.58.45.160.jpk-force-map,2026-08-27T14:58:45.160000,7,2,0.1,linear_drift_corrected,105.0,79.13285045998569,69.99370700433963,90.2878431751806,64
27-08-26/0/map2-0.1-data-2026.08.27-14.58.45.160.jpk-force-map,2026-08-27T14:58:45.160000,7,2,0.1,linear_drift_corrected,110.0,68.13497988146479,57.34153815935716,76.45254286917904,64
27-08-26/0/map2-0.1-data-2026.08.27-14.58.45.160.jpk-force-map,2026-08-27T14:58:45.160000,7,2,0.1,linear_drift_corrected,115.0,56.79432739346953,45.97574227405672,65.00061550232104,64
27-08-26/0/map2-0.1-data-2026.08.27-14.58.45.160.jpk-force-map,2026-08-27T14:58:45.160000,7,2,0.1,linear_drift_corrected,120.0,47.44538510445891,39.21619069573818,55.77756363532884,64
27-08-26/0/map2-0.1-data-2026.08.27-14.58.45.160.jpk-force-map,2026-08-27T14:58:45.160000,7,2,0.1,linear_drift_corrected,125.0,40.07188948757501,32.69617359913049,51.28993396569143,64
27-08-26/0/map2-0.1-data-2026.08.27-14.58.45.160.jpk-force-map,2026-08-27T14:58:45.160000,7,2,0.1,linear_drift_corrected,130.0,33.130234676645486,25.975946191187415,46.152698370777316,64
27-08-26/0/map2-0.1-data-2026.08.27-14.58.45.160.jpk-force-map,2026-08-27T14:58:45.160000,7,2,0.1,linear_drift_corrected,135.0,29.304682368258256,22.477633922103905,41.02102102607899,64
27-08-26/0/map2-0.1-data-2026.08.27-14.58.45.160.jpk-force-map,2026-08-27T14:58:45.160000,7,2,0.1,linear_drift_corrected,140.0,26.03279735409117,19.22439627648798,34.788903944248325,64
27-08-26/0/map2-0.1-data-2026.08.27-14.58.45.160.jpk-force-map,2026-08-27T14:58:45.160000,7,2,0.1,linear_drift_corrected,145.0,22.643215455831914,16.54202838054391,29.168806013670512,64
27-08-26/0/map2-0.1-data-2026.08.27-14.58.45.160.jpk-force-map,2026-08-27T14:58:45.160000,7,2,0.1,linear_drift_corrected,150.0,20.73579713162889,13.204384384247916,28.652037068833337,64
27-08-26/0/map2-0.1-data-2026.08.27-14.58.45.160.jpk-force-map,2026-08-27T14:58:45.160000,7,2,0.1,linear_drift_corrected,155.0,17.40487368312617,10.254534736850978,26.75079142508234,64
27-08-26/0/map2-0.1-data-2026.08.27-14.58.45.160.jpk-force-map,2026-08-27T14:58:45.160000,7,2,0.1,linear_drift_corrected,160.0,15.117238794751087,9.940999476858694,23.42020284569754,64
27-08-26/0/map2-0.1-data-2026.08.27-14.58.45.160.jpk-force-map,2026-08-27T14:58:45.160000,7,2,0.1,linear_drift_corrected,165.0,13.085546474250053,8.054277832665205,18.6670623118288,64
27-08-26/0/map2-0.1-data-2026.08.27-14.58.45.160.jpk-force-map,2026-08-27T14:58:45.160000,7,2,0.1,linear_drift_corrected,170.0,13.473184816771457,5.715994818339377,20.741138711514843,64
27-08-26/0/map2-0.1-data-2026.08.27-14.58.45.160.jpk-force-map,2026-08-27T14:58:45.160000,7,2,0.1,linear_drift_corrected,175.0,12.248698581895045,5.016211687341265,18.706605628513024,64
27-08-26/0/map2-0.1-data-2026.08.27-14.58.45.160.jpk-force-map,2026-08-27T14:58:45.160000,7,2,0.1,linear_drift_corrected,180.0,11.97854392276776,4.312551749136139,16.930071326444107,64
27-08-26/0/map2-0.1-data-2026.08.27-14.58.45.160.jpk-force-map,2026-08-27T14:58:45.160000,7,2,0.1,linear_drift_corrected,185.0,10.349851078675064,3.554078948343219,16.282217793905684,64
27-08-26/0/map2-0.1-data-2026.08.27-14.58.45.160.jpk-force-map,2026-08-27T14:58:45.160000,7,2,0.1,linear_drift_corrected,190.0,8.896140754963584,2.6626615632052992,14.404678638278003,64
27-08-26/0/map2-0.1-data-2026.08.27-14.58.45.160.jpk-force-map,2026-08-27T14:58:45.160000,7,2,0.1,linear_drift_corrected,195.0,8.634811158153232,3.646804045847517,12.946886547409038,64
27-08-26/0/map2-0.1-data-2026.08.27-14.58.45.160.jpk-force-map,2026-08-27T14:58:45.160000,7,2,0.1,linear_drift_corrected,200.0,7.601150742595129,3.287731417838672,12.75081348989151,64
27-08-26/0/map2-0.1-data-2026.08.27-14.58.45.160.jpk-force-map,2026-08-27T14:58:45.160000,7,2,0.1,linear_drift_corrected,205.0,7.038581422739494,0.7523929172703743,11.824332723266526,64
27-08-26/0/map2-0.1-data-2026.08.27-14.58.45.160.jpk-force-map,2026-08-27T14:58:45.160000,7,2,0.1,linear_drift_corrected,210.0,6.383427586037373,2.129205678082864,10.951097335389772,64
27-08-26/0/map2-0.1-data-2026.08.27-14.58.45.160.jpk-force-map,2026-08-27T14:58:45.160000,7,2,0.1,linear_drift_corrected,215.0,5.419115963945942,0.8685341284119887,10.433405112733876,64
27-08-26/0/map2-0.1-data-2026.08.27-14.58.45.160.jpk-force-map,2026-08-27T14:58:45.160000,7,2,0.1,linear_drift_corrected,220.0,4.034662556933468,0.3720631999530328,8.631905638182712,64
27-08-26/0/map2-0.1-data-2026.08.27-14.58.45.160.jpk-force-map,2026-08-27T14:58:45.160000,7,2,0.1,linear_drift_corrected,225.0,4.452772611310666,-0.5705725432080783,9.624008723972679,64
27-08-26/0/map2-0.1-data-2026.08.27-14.58.45.160.jpk-force-map,2026-08-27T14:58:45.160000,7,2,0.1,linear_drift_corrected,230.0,3.9094242684448615,1.0083312668766569,7.945217219457316,64
27-08-26/0/map2-0.1-data-2026.08.27-14.58.45.160.jpk-force-map,2026-08-27T14:58:45.160000,7,2,0.1,linear_drift_corrected,235.0,3.194213177645617,-0.21090749621123578,7.672488686437818,64
27-08-26/0/map2-0.1-data-2026.08.27-14.58.45.160.jpk-force-map,2026-08-27T14:58:45.160000,7,2,0.1,linear_drift_corrected,240.0,2.7832148368420873,-0.1051701406419662,6.704686381610983,64
27-08-26/0/map2-0.1-data-2026.08.27-14.58.45.160.jpk-force-map,2026-08-27T14:58:45.160000,7,2,0.1,linear_drift_corrected,245.0,2.82586765851447,-0.22308493481250904,5.830007263550367,64
27-08-26/0/map2-0.1-data-2026.08.27-14.58.45.160.jpk-force-map,2026-08-27T14:58:45.160000,7,2,0.1,linear_drift_corrected,250.0,2.58274414470142,1.2847768865239417,4.964153406821173,64
27-08-26/0/map2-0.1-data-2026.08.27-14.58.45.160.jpk-force-map,2026-08-27T14:58:45.160000,7,2,0.1,linear_drift_corrected,255.0,1.75032949753121,-0.10178549148808715,4.8010073586552915,64
27-08-26/0/map2-0.1-data-2026.08.27-14.58.45.160.jpk-force-map,2026-08-27T14:58:45.160000,7,2,0.1,linear_drift_corrected,260.0,1.0682918034490383,-0.8836074596791395,3.157616053809892,64
27-08-26/0/map2-0.1-data-2026.08.27-14.58.45.160.jpk-force-map,2026-08-27T14:58:45.160000,7,2,0.1,linear_drift_corrected,265.0,0.4904519171929357,-1.1434633749732601,2.7182316526329067,64
27-08-26/0/map2-0.1-data-2026.08.27-14.58.45.160.jpk-force-map,2026-08-27T14:58:45.160000,7,2,0.1,linear_drift_corrected,270.0,0.18431368216187122,-1.6817346245395837,1.8480611960359299,64
27-08-26/0/map2-0.1-data-2026.08.27-14.58.45.160.jpk-force-map,2026-08-27T14:58:45.160000,7,2,0.1,linear_drift_corrected,275.0,0.043882404789909735,-1.286223164016401,1.5798955123719967,64
27-08-26/0/map2-0.1-data-2026.08.27-14.58.45.160.jpk-force-map,2026-08-27T14:58:45.160000,7,2,0.1,linear_drift_corrected,280.0,-0.16222797346180104,-1.842091889148925,1.2318111447064664,64
27-08-26/0/map2-0.1-data-2026.08.27-14.58.45.160.jpk-force-map,2026-08-27T14:58:45.160000,7,2,0.1,linear_drift_corrected,285.0,-1.2793155072958666,-2.4942128376360806,0.44612340734265793,64
27-08-26/0/map2-0.1-data-2026.08.27-14.58.45.160.jpk-force-map,2026-08-27T14:58:45.160000,7,2,0.1,linear_drift_corrected,290.0,-0.13573242082846743,-1.596977882870446,1.2829367662998836,64
27-08-26/0/map2-0.1-data-2026.08.27-14.58.45.160.jpk-force-map,2026-08-27T14:58:45.160000,7,2,0.1,linear_drift_corrected,295.0,-0.6361579448129389,-1.7316486199902528,1.2418253177172103,64
27-08-26/0/map2-0.1-data-2026.08.27-14.58.45.160.jpk-force-map,2026-08-27T14:58:45.160000,7,2,0.1,linear_drift_corrected,300.0,0.3314800553182934,-1.3538975046402084,2.530373421230665,64
27-08-26/0/map2-0.1-data-2026.08.27-14.58.45.160.jpk-force-map,2026-08-27T14:58:45.160000,7,2,0.1,linear_drift_corrected,305.0,-0.10010455121986689,-1.9559112106269954,1.284261049217564,64
27-08-26/0/map2-0.1-data-2026.08.27-14.58.45.160.jpk-force-map,2026-08-27T14:58:45.160000,7,2,0.1,linear_drift_corrected,310.0,-0.3029924168786924,-1.7698825646693601,1.2084648144196448,64
27-08-26/0/map2-0.1-data-2026.08.27-14.58.45.160.jpk-force-map,2026-08-27T14:58:45.160000,7,2,0.1,linear_drift_corrected,315.0,-0.09893079776734642,-2.19723654048481,0.8135277781974831,64
27-08-26/0/map2-0.1-data-2026.08.27-14.58.45.160.jpk-force-map,2026-08-27T14:58:45.160000,7,2,0.1,linear_drift_corrected,320.0,-0.04705622071440327,-2.395027336949262,1.1680630846003588,64
27-08-26/0/map2-0.1-data-2026.08.27-14.58.45.160.jpk-force-map,2026-08-27T14:58:45.160000,7,2,0.1,linear_drift_corrected,325.0,-0.6181438351129758,-2.0475847936622555,0.9751275913559121,64
27-08-26/0/map2-0.1-data-2026.08.27-14.58.45.160.jpk-force-map,2026-08-27T14:58:45.160000,7,2,0.1,linear_drift_corrected,330.0,-0.06769934675914607,-1.9809558269047398,1.1048579702133154,64
27-08-26/0/map2-0.1-data-2026.08.27-14.58.45.160.jpk-force-map,2026-08-27T14:58:45.160000,7,2,0.1,linear_drift_corrected,335.0,-0.3362544164640213,-1.80116638787863,1.3698474343450533,64
27-08-26/0/map2-0.1-data-2026.08.27-14.58.45.160.jpk-force-map,2026-08-27T14:58:45.160000,7,2,0.1,linear_drift_corrected,340.0,-0.2565230664258542,-2.1740662382091775,2.082474669024424,63
27-08-26/0/map2-0.1-data-2026.08.27-14.58.45.160.jpk-force-map,2026-08-27T14:58:45.160000,7,2,0.1,linear_drift_corrected,345.0,0.1873669890725374,-1.1642092596292346,1.724645098168598,63
27-08-26/0/map2-0.1-data-2026.08.27-14.58.45.160.jpk-force-map,2026-08-27T14:58:45.160000,7,2,0.1,linear_drift_corrected,350.0,0.44936592526947,-0.9933940840256754,1.5008942934769816,62
27-08-26/0/map2-0.1-data-2026.08.27-14.58.45.160.jpk-force-map,2026-08-27T14:58:45.160000,7,2,0.1,linear_drift_corrected,355.0,0.35069651289625936,-0.9860565090586517,2.2064028207441693,61
27-08-26/0/map2-0.1-data-2026.08.27-14.58.45.160.jpk-force-map,2026-08-27T14:58:45.160000,7,2,0.1,linear_drift_corrected,360.0,3.0776735632021825,0.13930467693032356,4.647640485637119,55
27-08-26/0/map2-0.1-data-2026.08.27-14.58.45.160.jpk-force-map,2026-08-27T14:58:45.160000,7,2,0.1,linear_drift_corrected,365.0,4.623010891921862,4.623010891921862,4.623010891921862,1
27-08-26/0/map2-0.1-data-2026.08.27-14.58.45.160.jpk-force-map,2026-08-27T14:58:45.160000,7,2,0.1,far_constant_referenced,5.0,6691.453827732791,6448.527026653156,6952.503123782838,64
27-08-26/0/map2-0.1-data-2026.08.27-14.58.45.160.jpk-force-map,2026-08-27T14:58:45.160000,7,2,0.1,far_constant_referenced,10.0,4754.923396425693,4565.8816948745125,4922.3852437164705,64
27-08-26/0/map2-0.1-data-2026.08.27-14.58.45.160.jpk-force-map,2026-08-27T14:58:45.160000,7,2,0.1,far_constant_referenced,15.0,3459.2364695068954,3344.7746682342176,3544.6359975109203,64
27-08-26/0/map2-0.1-data-2026.08.27-14.58.45.160.jpk-force-map,2026-08-27T14:58:45.160000,7,2,0.1,far_constant_referenced,20.0,2610.945840993142,2542.9643499736494,2666.0898655358806,64
27-08-26/0/map2-0.1-data-2026.08.27-14.58.45.160.jpk-force-map,2026-08-27T14:58:45.160000,7,2,0.1,far_constant_referenced,25.0,2027.0908361477846,1972.2065962913111,2067.9318976915292,64
27-08-26/0/map2-0.1-data-2026.08.27-14.58.45.160.jpk-force-map,2026-08-27T14:58:45.160000,7,2,0.1,far_constant_referenced,30.0,1599.7377830420307,1562.0189402771762,1635.620115698054,64
27-08-26/0/map2-0.1-data-2026.08.27-14.58.45.160.jpk-force-map,2026-08-27T14:58:45.160000,7,2,0.1,far_constant_referenced,35.0,1280.8798335137767,1252.2397181263846,1302.6876439592806,64
27-08-26/0/map2-0.1-data-2026.08.27-14.58.45.160.jpk-force-map,2026-08-27T14:58:45.160000,7,2,0.1,far_constant_referenced,40.0,1034.399684398687,1008.6197043443193,1052.1911020709122,64
27-08-26/0/map2-0.1-data-2026.08.27-14.58.45.160.jpk-force-map,2026-08-27T14:58:45.160000,7,2,0.1,far_constant_referenced,45.0,835.4465639756611,819.065516085321,852.9710086782227,64
27-08-26/0/map2-0.1-data-2026.08.27-14.58.45.160.jpk-force-map,2026-08-27T14:58:45.160000,7,2,0.1,far_constant_referenced,50.0,681.633427850237,667.3909967830905,696.1084374731386,64
27-08-26/0/map2-0.1-data-2026.08.27-14.58.45.160.jpk-force-map,2026-08-27T14:58:45.160000,7,2,0.1,far_constant_referenced,55.0,558.5786271035956,546.7084724536965,571.5921599271251,64
27-08-26/0/map2-0.1-data-2026.08.27-14.58.45.160.jpk-force-map,2026-08-27T14:58:45.160000,7,2,0.1,far_constant_referenced,60.0,461.62166894824065,447.9228199721502,469.7815261977727,64
27-08-26/0/map2-0.1-data-2026.08.27-14.58.45.160.jpk-force-map,2026-08-27T14:58:45.160000,7,2,0.1,far_constant_referenced,65.0,377.3840458776497,368.29712373285605,389.5486778451844,64
27-08-26/0/map2-0.1-data-2026.08.27-14.58.45.160.jpk-force-map,2026-08-27T14:58:45.160000,7,2,0.1,far_constant_referenced,70.0,313.60757017591914,306.2042782008234,320.9793380801747,64
27-08-26/0/map2-0.1-data-2026.08.27-14.58.45.160.jpk-force-map,2026-08-27T14:58:45.160000,7,2,0.1,far_constant_referenced,75.0,259.655495975874,252.72605290872238,268.6515798392813,64
27-08-26/0/map2-0.1-data-2026.08.27-14.58.45.160.jpk-force-map,2026-08-27T14:58:45.160000,7,2,0.1,far_constant_referenced,80.0,217.16721164420613,211.33201542388042,222.20229662783314,64
27-08-26/0/map2-0.1-data-2026.08.27-14.58.45.160.jpk-force-map,2026-08-27T14:58:45.160000,7,2,0.1,far_constant_referenced,85.0,180.82101415233984,176.52742824847292,187.41302416165323,64
27-08-26/0/map2-0.1-data-2026.08.27-14.58.45.160.jpk-force-map,2026-08-27T14:58:45.160000,7,2,0.1,far_constant_referenced,90.0,153.04819591060686,147.77258611844488,156.88599991441362,64
27-08-26/0/map2-0.1-data-2026.08.27-14.58.45.160.jpk-force-map,2026-08-27T14:58:45.160000,7,2,0.1,far_constant_referenced,95.0,129.13223652590625,123.32378668417086,133.69989670274188,64
27-08-26/0/map2-0.1-data-2026.08.27-14.58.45.160.jpk-force-map,2026-08-27T14:58:45.160000,7,2,0.1,far_constant_referenced,100.0,109.54807215734442,104.28418603914287,113.64672945998743,64
27-08-26/0/map2-0.1-data-2026.08.27-14.58.45.160.jpk-force-map,2026-08-27T14:58:45.160000,7,2,0.1,far_constant_referenced,105.0,93.28995198983503,88.97269507495089,97.36261467040566,64
27-08-26/0/map2-0.1-data-2026.08.27-14.58.45.160.jpk-force-map,2026-08-27T14:58:45.160000,7,2,0.1,far_constant_referenced,110.0,81.37367925206695,75.24025314438025,84.65167937747754,64
27-08-26/0/map2-0.1-data-2026.08.27-14.58.45.160.jpk-force-map,2026-08-27T14:58:45.160000,7,2,0.1,far_constant_referenced,115.0,69.58419863840328,64.87025037090893,72.6354354485606,64
27-08-26/0/map2-0.1-data-2026.08.27-14.58.45.160.jpk-force-map,2026-08-27T14:58:45.160000,7,2,0.1,far_constant_referenced,120.0,60.126753723257735,56.61161480007452,63.7991464416785,64
27-08-26/0/map2-0.1-data-2026.08.27-14.58.45.160.jpk-force-map,2026-08-27T14:58:45.160000,7,2,0.1,far_constant_referenced,125.0,52.48476973444339,48.89325607676308,56.199888317106904,64
27-08-26/0/map2-0.1-data-2026.08.27-14.58.45.160.jpk-force-map,2026-08-27T14:58:45.160000,7,2,0.1,far_constant_referenced,130.0,46.84803723483472,42.937710472076986,50.11400304309566,64
27-08-26/0/map2-0.1-data-2026.08.27-14.58.45.160.jpk-force-map,2026-08-27T14:58:45.160000,7,2,0.1,far_constant_referenced,135.0,42.25013283709846,38.24665039476298,44.9371653593722,64
27-08-26/0/map2-0.1-data-2026.08.27-14.58.45.160.jpk-force-map,2026-08-27T14:58:45.160000,7,2,0.1,far_constant_referenced,140.0,37.50612673461703,33.00615570870838,40.73954334951338,64
27-08-26/0/map2-0.1-data-2026.08.27-14.58.45.160.jpk-force-map,2026-08-27T14:58:45.160000,7,2,0.1,far_constant_referenced,145.0,33.40646916090474,30.033095363545485,36.7523634617472,64
27-08-26/0/map2-0.1-data-2026.08.27-14.58.45.160.jpk-force-map,2026-08-27T14:58:45.160000,7,2,0.1,far_constant_referenced,150.0,30.312003244538154,27.643019091557015,33.502675356600434,64
27-08-26/0/map2-0.1-data-2026.08.27-14.58.45.160.jpk-force-map,2026-08-27T14:58:45.160000,7,2,0.1,far_constant_referenced,155.0,27.177837128591612,24.434056308514567,31.48944655029601,64
27-08-26/0/map2-0.1-data-2026.08.27-14.58.45.160.jpk-force-map,2026-08-27T14:58:45.160000,7,2,0.1,far_constant_referenced,160.0,26.115648658891267,22.650386606166258,29.10170010222655,64
27-08-26/0/map2-0.1-data-2026.08.27-14.58.45.160.jpk-force-map,2026-08-27T14:58:45.160000,7,2,0.1,far_constant_referenced,165.0,22.426735935668773,18.95539770216298,26.77396991831079,64
27-08-26/0/map2-0.1-data-2026.08.27-14.58.45.160.jpk-force-map,2026-08-27T14:58:45.160000,7,2,0.1,far_constant_referenced,170.0,21.526380141814812,17.53284449439758,26.12355763448833,64
27-08-26/0/map2-0.1-data-2026.08.27-14.58.45.160.jpk-force-map,2026-08-27T14:58:45.160000,7,2,0.1,far_constant_referenced,175.0,20.261118006469722,16.33803623436333,23.277935551263482,64
27-08-26/0/map2-0.1-data-2026.08.27-14.58.45.160.jpk-force-map,2026-08-27T14:58:45.160000,7,2,0.1,far_constant_referenced,180.0,18.64057946849863,16.167816192408516,21.631713034409263,64
27-08-26/0/map2-0.1-data-2026.08.27-14.58.45.160.jpk-force-map,2026-08-27T14:58:45.160000,7,2,0.1,far_constant_referenced,185.0,16.854642070869154,13.989710407003525,20.404138130778094,64
27-08-26/0/map2-0.1-data-2026.08.27-14.58.45.160.jpk-force-map,2026-08-27T14:58:45.160000,7,2,0.1,far_constant_referenced,190.0,15.640288141370373,12.969036293108058,19.197109167680615,64
27-08-26/0/map2-0.1-data-2026.08.27-14.58.45.160.jpk-force-map,2026-08-27T14:58:45.160000,7,2,0.1,far_constant_referenced,195.0,16.147705152339597,11.344167389079548,19.21137390292874,64
27-08-26/0/map2-0.1-data-2026.08.27-14.58.45.160.jpk-force-map,2026-08-27T14:58:45.160000,7,2,0.1,far_constant_referenced,200.0,14.116471466789084,10.848157196017796,16.9991843468046,64
27-08-26/0/map2-0.1-data-2026.08.27-14.58.45.160.jpk-force-map,2026-08-27T14:58:45.160000,7,2,0.1,far_constant_referenced,205.0,12.154933687167805,10.052674542838236,15.424739045247263,64
27-08-26/0/map2-0.1-data-2026.08.27-14.58.45.160.jpk-force-map,2026-08-27T14:58:45.160000,7,2,0.1,far_constant_referenced,210.0,11.950331657032141,9.461775281203,14.635046781114445,64
27-08-26/0/map2-0.1-data-2026.08.27-14.58.45.160.jpk-force-map,2026-08-27T14:58:45.160000,7,2,0.1,far_constant_referenced,215.0,11.208279632395271,8.078947124472721,14.757489900570077,64
27-08-26/0/map2-0.1-data-2026.08.27-14.58.45.160.jpk-force-map,2026-08-27T14:58:45.160000,7,2,0.1,far_constant_referenced,220.0,10.3700151991989,6.913184002628811,13.239295867713395,64
27-08-26/0/map2-0.1-data-2026.08.27-14.58.45.160.jpk-force-map,2026-08-27T14:58:45.160000,7,2,0.1,far_constant_referenced,225.0,9.611648194265154,5.296708677572505,13.723048080529221,64
27-08-26/0/map2-0.1-data-2026.08.27-14.58.45.160.jpk-force-map,2026-08-27T14:58:45.160000,7,2,0.1,far_constant_referenced,230.0,8.515375953845625,5.388342205523156,12.355727231803856,64
27-08-26/0/map2-0.1-data-2026.08.27-14.58.45.160.jpk-force-map,2026-08-27T14:58:45.160000,7,2,0.1,far_constant_referenced,235.0,7.498479261130862,5.105625839030909,10.482238157729842,64
27-08-26/0/map2-0.1-data-2026.08.27-14.58.45.160.jpk-force-map,2026-08-27T14:58:45.160000,7,2,0.1,far_constant_referenced,240.0,7.875600092821427,4.337349316361639,10.197229244501258,64
27-08-26/0/map2-0.1-data-2026.08.27-14.58.45.160.jpk-force-map,2026-08-27T14:58:45.160000,7,2,0.1,far_constant_referenced,245.0,6.553838174224349,3.994790645901613,8.761486126922392,64
27-08-26/0/map2-0.1-data-2026.08.27-14.58.45.160.jpk-force-map,2026-08-27T14:58:45.160000,7,2,0.1,far_constant_referenced,250.0,6.316171283030091,4.182866458371752,9.311392913310586,64
27-08-26/0/map2-0.1-data-2026.08.27-14.58.45.160.jpk-force-map,2026-08-27T14:58:45.160000,7,2,0.1,far_constant_referenced,255.0,5.768544617650617,2.610458976135563,8.074635397006592,64
27-08-26/0/map2-0.1-data-2026.08.27-14.58.45.160.jpk-force-map,2026-08-27T14:58:45.160000,7,2,0.1,far_constant_referenced,260.0,3.886916692019523,2.2887879537174745,6.3986284111717335,64
27-08-26/0/map2-0.1-data-2026.08.27-14.58.45.160.jpk-force-map,2026-08-27T14:58:45.160000,7,2,0.1,far_constant_referenced,265.0,3.393727139115704,0.47817306113781055,6.726400465825755,64
27-08-26/0/map2-0.1-data-2026.08.27-14.58.45.160.jpk-force-map,2026-08-27T14:58:45.160000,7,2,0.1,far_constant_referenced,270.0,2.7621149811037244,-0.1605776773620138,4.81679601457519,64
27-08-26/0/map2-0.1-data-2026.08.27-14.58.45.160.jpk-force-map,2026-08-27T14:58:45.160000,7,2,0.1,far_constant_referenced,275.0,2.451645752088211,0.22268146374717418,4.807091521344518,64
27-08-26/0/map2-0.1-data-2026.08.27-14.58.45.160.jpk-force-map,2026-08-27T14:58:45.160000,7,2,0.1,far_constant_referenced,280.0,1.9686452957902134,-0.1964569657147734,3.6851166634504677,64
27-08-26/0/map2-0.1-data-2026.08.27-14.58.45.160.jpk-force-map,2026-08-27T14:58:45.160000,7,2,0.1,far_constant_referenced,285.0,0.5837731068749463,-1.3991182855720412,2.8613592671898136,64
27-08-26/0/map2-0.1-data-2026.08.27-14.58.45.160.jpk-force-map,2026-08-27T14:58:45.160000,7,2,0.1,far_constant_referenced,290.0,0.9140737970890945,-0.8306163978782202,2.880457610461924,64
27-08-26/0/map2-0.1-data-2026.08.27-14.58.45.160.jpk-force-map,2026-08-27T14:58:45.160000,7,2,0.1,far_constant_referenced,295.0,0.5364435105682299,-1.4355256673464494,2.4788829469173965,64
27-08-26/0/map2-0.1-data-2026.08.27-14.58.45.160.jpk-force-map,2026-08-27T14:58:45.160000,7,2,0.1,far_constant_referenced,300.0,1.0901960596387563,-0.7741166146262658,3.341054479954716,64
27-08-26/0/map2-0.1-data-2026.08.27-14.58.45.160.jpk-force-map,2026-08-27T14:58:45.160000,7,2,0.1,far_constant_referenced,305.0,0.27229739392642405,-1.1034232466349396,1.41287356598989,64
27-08-26/0/map2-0.1-data-2026.08.27-14.58.45.160.jpk-force-map,2026-08-27T14:58:45.160000,7,2,0.1,far_constant_referenced,310.0,-0.38985720244783817,-1.5314647098994385,1.6444704892671382,64
27-08-26/0/map2-0.1-data-2026.08.27-14.58.45.160.jpk-force-map,2026-08-27T14:58:45.160000,7,2,0.1,far_constant_referenced,315.0,-0.7369699020615461,-2.616541369780129,0.6822469978518085,64
27-08-26/0/map2-0.1-data-2026.08.27-14.58.45.160.jpk-force-map,2026-08-27T14:58:45.160000,7,2,0.1,far_constant_referenced,320.0,-0.9298668968281157,-3.040755708953654,0.8336979783151004,64
27-08-26/0/map2-0.1-data-2026.08.27-14.58.45.160.jpk-force-map,2026-08-27T14:58:45.160000,7,2,0.1,far_constant_referenced,325.0,-1.4769841073772683,-3.2425930147054087,0.0017893047697987718,64
27-08-26/0/map2-0.1-data-2026.08.27-14.58.45.160.jpk-force-map,2026-08-27T14:58:45.160000,7,2,0.1,far_constant_referenced,330.0,-1.628677389528141,-2.870026212168522,-0.1822046561942252,64
27-08-26/0/map2-0.1-data-2026.08.27-14.58.45.160.jpk-force-map,2026-08-27T14:58:45.160000,7,2,0.1,far_constant_referenced,335.0,-2.2409426897166296,-4.130454739489679,1.4357928204891615,64
27-08-26/0/map2-0.1-data-2026.08.27-14.58.45.160.jpk-force-map,2026-08-27T14:58:45.160000,7,2,0.1,far_constant_referenced,340.0,-2.007326585709577,-4.596413310428094,0.46673517891141925,63
27-08-26/0/map2-0.1-data-2026.08.27-14.58.45.160.jpk-force-map,2026-08-27T14:58:45.160000,7,2,0.1,far_constant_referenced,345.0,-1.1909314330329999,-4.733282699590259,0.5232225364358294,63
27-08-26/0/map2-0.1-data-2026.08.27-14.58.45.160.jpk-force-map,2026-08-27T14:58:45.160000,7,2,0.1,far_constant_referenced,350.0,-2.137125735885519,-4.624911716605424,0.3667391363074536,62
27-08-26/0/map2-0.1-data-2026.08.27-14.58.45.160.jpk-force-map,2026-08-27T14:58:45.160000,7,2,0.1,far_constant_referenced,355.0,-1.7813523041568458,-4.8982218073286665,-0.04478232215528094,61
27-08-26/0/map2-0.1-data-2026.08.27-14.58.45.160.jpk-force-map,2026-08-27T14:58:45.160000,7,2,0.1,far_constant_referenced,360.0,-0.8774551779460223,-3.0573005652105243,2.015999743552089,55
27-08-26/0/map2-0.1-data-2026.08.27-14.58.45.160.jpk-force-map,2026-08-27T14:58:45.160000,7,2,0.1,far_constant_referenced,365.0,-0.08854573464998465,-0.08854573464998465,-0.08854573464998465,1
27-08-26/0/map2-0.05-data-2026.08.27-15.05.27.190.jpk-force-map,2026-08-27T15:05:27.190000,8,2,0.05,linear_drift_corrected,5.0,6948.553230405313,6695.609794148486,7241.40111539577,64
27-08-26/0/map2-0.05-data-2026.08.27-15.05.27.190.jpk-force-map,2026-08-27T15:05:27.190000,8,2,0.05,linear_drift_corrected,10.0,4954.115344220894,4720.241194506371,5109.345984080053,64
27-08-26/0/map2-0.05-data-2026.08.27-15.05.27.190.jpk-force-map,2026-08-27T15:05:27.190000,8,2,0.05,linear_drift_corrected,15.0,3587.688628454725,3455.8842958533014,3696.0126160343943,64
27-08-26/0/map2-0.05-data-2026.08.27-15.05.27.190.jpk-force-map,2026-08-27T15:05:27.190000,8,2,0.05,linear_drift_corrected,20.0,2709.2496780099937,2621.019592509567,2786.20242390604,64
27-08-26/0/map2-0.05-data-2026.08.27-15.05.27.190.jpk-force-map,2026-08-27T15:05:27.190000,8,2,0.05,linear_drift_corrected,25.0,2092.8286638993895,2023.564791645687,2145.5623684737366,64
27-08-26/0/map2-0.05-data-2026.08.27-15.05.27.190.jpk-force-map,2026-08-27T15:05:27.190000,8,2,0.05,linear_drift_corrected,30.0,1635.6050435151012,1581.3499767084757,1688.2192079548495,64
27-08-26/0/map2-0.05-data-2026.08.27-15.05.27.190.jpk-force-map,2026-08-27T15:05:27.190000,8,2,0.05,linear_drift_corrected,35.0,1298.8857386973964,1258.9635582622905,1336.2116531984611,64
27-08-26/0/map2-0.05-data-2026.08.27-15.05.27.190.jpk-force-map,2026-08-27T15:05:27.190000,8,2,0.05,linear_drift_corrected,40.0,1040.3866840341184,997.3112993642912,1067.8134105013635,64
27-08-26/0/map2-0.05-data-2026.08.27-15.05.27.190.jpk-force-map,2026-08-27T15:05:27.190000,8,2,0.05,linear_drift_corrected,45.0,838.9364121046087,804.7117967492122,861.3339734440681,64
27-08-26/0/map2-0.05-data-2026.08.27-15.05.27.190.jpk-force-map,2026-08-27T15:05:27.190000,8,2,0.05,linear_drift_corrected,50.0,676.60661977664,646.1376607819216,696.4177825522572,64
27-08-26/0/map2-0.05-data-2026.08.27-15.05.27.190.jpk-force-map,2026-08-27T15:05:27.190000,8,2,0.05,linear_drift_corrected,55.0,548.6532369425557,521.0196928407581,564.0571307014161,64
27-08-26/0/map2-0.05-data-2026.08.27-15.05.27.190.jpk-force-map,2026-08-27T15:05:27.190000,8,2,0.05,linear_drift_corrected,60.0,442.3037685505657,421.7191920071735,462.10657790247274,64
27-08-26/0/map2-0.05-data-2026.08.27-15.05.27.190.jpk-force-map,2026-08-27T15:05:27.190000,8,2,0.05,linear_drift_corrected,65.0,362.01818151144715,339.3177542347233,376.8301290199729,64
27-08-26/0/map2-0.05-data-2026.08.27-15.05.27.190.jpk-force-map,2026-08-27T15:05:27.190000,8,2,0.05,linear_drift_corrected,70.0,293.2322938072904,269.8300745264094,308.58189435623854,64
27-08-26/0/map2-0.05-data-2026.08.27-15.05.27.190.jpk-force-map,2026-08-27T15:05:27.190000,8,2,0.05,linear_drift_corrected,75.0,237.99805397150618,221.83533682749643,251.934316472771,64
27-08-26/0/map2-0.05-data-2026.08.27-15.05.27.190.jpk-force-map,2026-08-27T15:05:27.190000,8,2,0.05,linear_drift_corrected,80.0,195.3979606518896,177.23522108713098,204.4039994903039,64
27-08-26/0/map2-0.05-data-2026.08.27-15.05.27.190.jpk-force-map,2026-08-27T15:05:27.190000,8,2,0.05,linear_drift_corrected,85.0,158.83777616136194,142.3108126401942,168.85818127936585,64
27-08-26/0/map2-0.05-data-2026.08.27-15.05.27.190.jpk-force-map,2026-08-27T15:05:27.190000,8,2,0.05,linear_drift_corrected,90.0,128.35655949530087,114.75580124899656,139.75644431265,64
27-08-26/0/map2-0.05-data-2026.08.27-15.05.27.190.jpk-force-map,2026-08-27T15:05:27.190000,8,2,0.05,linear_drift_corrected,95.0,106.49400794476323,90.27051142162487,115.97305434640349,64
27-08-26/0/map2-0.05-data-2026.08.27-15.05.27.190.jpk-force-map,2026-08-27T15:05:27.190000,8,2,0.05,linear_drift_corrected,100.0,86.59645251473108,74.60440224572798,96.86891509636962,64
27-08-26/0/map2-0.05-data-2026.08.27-15.05.27.190.jpk-force-map,2026-08-27T15:05:27.190000,8,2,0.05,linear_drift_corrected,105.0,69.41196636775265,60.09117413813176,81.71159616978922,64
27-08-26/0/map2-0.05-data-2026.08.27-15.05.27.190.jpk-force-map,2026-08-27T15:05:27.190000,8,2,0.05,linear_drift_corrected,110.0,57.5656148664645,46.33635311032863,68.65687577077503,64
27-08-26/0/map2-0.05-data-2026.08.27-15.05.27.190.jpk-force-map,2026-08-27T15:05:27.190000,8,2,0.05,linear_drift_corrected,115.0,45.99961462638304,37.40958855425127,58.64275364389577,64
27-08-26/0/map2-0.05-data-2026.08.27-15.05.27.190.jpk-force-map,2026-08-27T15:05:27.190000,8,2,0.05,linear_drift_corrected,120.0,40.0385551589179,30.45529718340334,48.80079313853375,64
27-08-26/0/map2-0.05-data-2026.08.27-15.05.27.190.jpk-force-map,2026-08-27T15:05:27.190000,8,2,0.05,linear_drift_corrected,125.0,34.15900525681414,23.837355828376243,42.484539505697114,64
27-08-26/0/map2-0.05-data-2026.08.27-15.05.27.190.jpk-force-map,2026-08-27T15:05:27.190000,8,2,0.05,linear_drift_corrected,130.0,28.169180097062053,19.67458862261686,34.96156727839375,64
27-08-26/0/map2-0.05-data-2026.08.27-15.05.27.190.jpk-force-map,2026-08-27T15:05:27.190000,8,2,0.05,linear_drift_corrected,135.0,24.13090033534302,16.239526980407156,31.474616855915563,64
27-08-26/0/map2-0.05-data-2026.08.27-15.05.27.190.jpk-force-map,2026-08-27T15:05:27.190000,8,2,0.05,linear_drift_corrected,140.0,18.868429018500272,11.896907617380378,27.750607296655666,64
27-08-26/0/map2-0.05-data-2026.08.27-15.05.27.190.jpk-force-map,2026-08-27T15:05:27.190000,8,2,0.05,linear_drift_corrected,145.0,17.23391790804315,9.71095452839867,25.271560856566893,64
27-08-26/0/map2-0.05-data-2026.08.27-15.05.27.190.jpk-force-map,2026-08-27T15:05:27.190000,8,2,0.05,linear_drift_corrected,150.0,13.606785969632892,7.865304202700703,22.431420788622038,64
27-08-26/0/map2-0.05-data-2026.08.27-15.05.27.190.jpk-force-map,2026-08-27T15:05:27.190000,8,2,0.05,linear_drift_corrected,155.0,13.161087150251607,5.563341697566568,19.37525141551114,64
27-08-26/0/map2-0.05-data-2026.08.27-15.05.27.190.jpk-force-map,2026-08-27T15:05:27.190000,8,2,0.05,linear_drift_corrected,160.0,11.290024759784995,5.217719826291852,18.384419434112676,64
27-08-26/0/map2-0.05-data-2026.08.27-15.05.27.190.jpk-force-map,2026-08-27T15:05:27.190000,8,2,0.05,linear_drift_corrected,165.0,10.050679007672468,3.2405870747059966,16.065781473821637,64
27-08-26/0/map2-0.05-data-2026.08.27-15.05.27.190.jpk-force-map,2026-08-27T15:05:27.190000,8,2,0.05,linear_drift_corrected,170.0,8.168008416685874,2.862410005759057,14.295725992991297,64
27-08-26/0/map2-0.05-data-2026.08.27-15.05.27.190.jpk-force-map,2026-08-27T15:05:27.190000,8,2,0.05,linear_drift_corrected,175.0,7.308910162483227,0.7062879894419538,12.997772783532405,64
27-08-26/0/map2-0.05-data-2026.08.27-15.05.27.190.jpk-force-map,2026-08-27T15:05:27.190000,8,2,0.05,linear_drift_corrected,180.0,6.27158040276978,0.24512495209365004,12.14949404405029,64
27-08-26/0/map2-0.05-data-2026.08.27-15.05.27.190.jpk-force-map,2026-08-27T15:05:27.190000,8,2,0.05,linear_drift_corrected,185.0,4.3657002773457725,0.22957626247882268,9.76343479985498,64
27-08-26/0/map2-0.05-data-2026.08.27-15.05.27.190.jpk-force-map,2026-08-27T15:05:27.190000,8,2,0.05,linear_drift_corrected,190.0,4.777047955045337,-0.03906773005561054,9.391673776295347,64
27-08-26/0/map2-0.05-data-2026.08.27-15.05.27.190.jpk-force-map,2026-08-27T15:05:27.190000,8,2,0.05,linear_drift_corrected,195.0,4.92720432910629,-0.8179284328777724,10.728880989857768,64
27-08-26/0/map2-0.05-data-2026.08.27-15.05.27.190.jpk-force-map,2026-08-27T15:05:27.190000,8,2,0.05,linear_drift_corrected,200.0,3.8216348624139886,-0.8831710810174659,11.00527612368504,64
27-08-26/0/map2-0.05-data-2026.08.27-15.05.27.190.jpk-force-map,2026-08-27T15:05:27.190000,8,2,0.05,linear_drift_corrected,205.0,4.600783994277664,-2.2545651855940294,9.042239660440664,64
27-08-26/0/map2-0.05-data-2026.08.27-15.05.27.190.jpk-force-map,2026-08-27T15:05:27.190000,8,2,0.05,linear_drift_corrected,210.0,3.4883756853783643,-1.0360109035418212,7.021408067777473,64
27-08-26/0/map2-0.05-data-2026.08.27-15.05.27.190.jpk-force-map,2026-08-27T15:05:27.190000,8,2,0.05,linear_drift_corrected,215.0,2.8723385758990574,-1.6500128300474264,7.990609236204186,64
27-08-26/0/map2-0.05-data-2026.08.27-15.05.27.190.jpk-force-map,2026-08-27T15:05:27.190000,8,2,0.05,linear_drift_corrected,220.0,2.558889777817606,-1.6518129323541408,6.896289895368044,64
27-08-26/0/map2-0.05-data-2026.08.27-15.05.27.190.jpk-force-map,2026-08-27T15:05:27.190000,8,2,0.05,linear_drift_corrected,225.0,2.272469544942447,-1.1306758123367924,5.770437678760788,64
27-08-26/0/map2-0.05-data-2026.08.27-15.05.27.190.jpk-force-map,2026-08-27T15:05:27.190000,8,2,0.05,linear_drift_corrected,230.0,2.012953578816751,-0.8541539577075706,5.062732809301989,64
27-08-26/0/map2-0.05-data-2026.08.27-15.05.27.190.jpk-force-map,2026-08-27T15:05:27.190000,8,2,0.05,linear_drift_corrected,235.0,0.8935453214150746,-2.1260175552919294,4.9610768025460334,64
27-08-26/0/map2-0.05-data-2026.08.27-15.05.27.190.jpk-force-map,2026-08-27T15:05:27.190000,8,2,0.05,linear_drift_corrected,240.0,1.7701536491165215,-1.9805700673916882,5.152651725638657,64
27-08-26/0/map2-0.05-data-2026.08.27-15.05.27.190.jpk-force-map,2026-08-27T15:05:27.190000,8,2,0.05,linear_drift_corrected,245.0,0.33297486172641816,-2.3039444303202328,4.427835947078131,64
27-08-26/0/map2-0.05-data-2026.08.27-15.05.27.190.jpk-force-map,2026-08-27T15:05:27.190000,8,2,0.05,linear_drift_corrected,250.0,1.4229072037296733,-1.3001094329473581,3.4102851490491286,64
27-08-26/0/map2-0.05-data-2026.08.27-15.05.27.190.jpk-force-map,2026-08-27T15:05:27.190000,8,2,0.05,linear_drift_corrected,255.0,1.570562078174325,-1.0860737958427502,3.1383021287568003,64
27-08-26/0/map2-0.05-data-2026.08.27-15.05.27.190.jpk-force-map,2026-08-27T15:05:27.190000,8,2,0.05,linear_drift_corrected,260.0,0.8346559318058813,-0.8982777157952745,3.7438824047381503,64
27-08-26/0/map2-0.05-data-2026.08.27-15.05.27.190.jpk-force-map,2026-08-27T15:05:27.190000,8,2,0.05,linear_drift_corrected,265.0,0.4826693197333239,-1.0987698444530218,3.678660140137603,64
27-08-26/0/map2-0.05-data-2026.08.27-15.05.27.190.jpk-force-map,2026-08-27T15:05:27.190000,8,2,0.05,linear_drift_corrected,270.0,0.29390795062918595,-1.5831720888836847,1.324636727265442,64
27-08-26/0/map2-0.05-data-2026.08.27-15.05.27.190.jpk-force-map,2026-08-27T15:05:27.190000,8,2,0.05,linear_drift_corrected,275.0,0.2510586224310759,-2.028454132803146,1.548545840730524,64
27-08-26/0/map2-0.05-data-2026.08.27-15.05.27.190.jpk-force-map,2026-08-27T15:05:27.190000,8,2,0.05,linear_drift_corrected,280.0,-0.0181794300205251,-1.4862800593428191,1.7466078171208315,64
27-08-26/0/map2-0.05-data-2026.08.27-15.05.27.190.jpk-force-map,2026-08-27T15:05:27.190000,8,2,0.05,linear_drift_corrected,285.0,-0.30642550424356396,-2.903891835140664,1.9823234740420206,64
27-08-26/0/map2-0.05-data-2026.08.27-15.05.27.190.jpk-force-map,2026-08-27T15:05:27.190000,8,2,0.05,linear_drift_corrected,290.0,-0.01079874946554623,-2.159394241387804,1.6200837915458264,64
27-08-26/0/map2-0.05-data-2026.08.27-15.05.27.190.jpk-force-map,2026-08-27T15:05:27.190000,8,2,0.05,linear_drift_corrected,295.0,-0.31991696787428286,-2.233752707010108,1.0790557524842594,64
27-08-26/0/map2-0.05-data-2026.08.27-15.05.27.190.jpk-force-map,2026-08-27T15:05:27.190000,8,2,0.05,linear_drift_corrected,300.0,-0.3269782149394086,-1.829188832962937,1.417207965457915,64
27-08-26/0/map2-0.05-data-2026.08.27-15.05.27.190.jpk-force-map,2026-08-27T15:05:27.190000,8,2,0.05,linear_drift_corrected,305.0,-0.5428181369892512,-3.016185005984851,1.412580324016574,64
27-08-26/0/map2-0.05-data-2026.08.27-15.05.27.190.jpk-force-map,2026-08-27T15:05:27.190000,8,2,0.05,linear_drift_corrected,310.0,-0.7214915017032058,-3.0640162016785686,1.851972366516803,64
27-08-26/0/map2-0.05-data-2026.08.27-15.05.27.190.jpk-force-map,2026-08-27T15:05:27.190000,8,2,0.05,linear_drift_corrected,315.0,-0.5300933517487358,-2.2651557694143225,1.2814292387022468,64
27-08-26/0/map2-0.05-data-2026.08.27-15.05.27.190.jpk-force-map,2026-08-27T15:05:27.190000,8,2,0.05,linear_drift_corrected,320.0,0.18818180756731995,-2.1165386668454174,2.081083625273049,64
27-08-26/0/map2-0.05-data-2026.08.27-15.05.27.190.jpk-force-map,2026-08-27T15:05:27.190000,8,2,0.05,linear_drift_corrected,325.0,-0.26478035583321624,-2.242537041004372,1.8627838698288683,64
27-08-26/0/map2-0.05-data-2026.08.27-15.05.27.190.jpk-force-map,2026-08-27T15:05:27.190000,8,2,0.05,linear_drift_corrected,330.0,-0.3676270853813055,-2.1350133849486954,2.142638675004164,64
27-08-26/0/map2-0.05-data-2026.08.27-15.05.27.190.jpk-force-map,2026-08-27T15:05:27.190000,8,2,0.05,linear_drift_corrected,335.0,0.17221470335543038,-1.5821059636793526,2.1467206287698657,64
27-08-26/0/map2-0.05-data-2026.08.27-15.05.27.190.jpk-force-map,2026-08-27T15:05:27.190000,8,2,0.05,linear_drift_corrected,340.0,0.1393844520186925,-1.7609559647348703,1.915021189287547,63
27-08-26/0/map2-0.05-data-2026.08.27-15.05.27.190.jpk-force-map,2026-08-27T15:05:27.190000,8,2,0.05,linear_drift_corrected,345.0,0.4977839197466573,-2.056198186034027,1.688707462207463,63
27-08-26/0/map2-0.05-data-2026.08.27-15.05.27.190.jpk-force-map,2026-08-27T15:05:27.190000,8,2,0.05,linear_drift_corrected,350.0,-0.3247201363293907,-1.639579772738104,2.0080219742586447,63
27-08-26/0/map2-0.05-data-2026.08.27-15.05.27.190.jpk-force-map,2026-08-27T15:05:27.190000,8,2,0.05,linear_drift_corrected,355.0,0.28487226917296626,-1.6924087573425592,2.875211103771817,62
27-08-26/0/map2-0.05-data-2026.08.27-15.05.27.190.jpk-force-map,2026-08-27T15:05:27.190000,8,2,0.05,linear_drift_corrected,360.0,0.571228198062258,-1.8903154896487964,3.881045668102349,58
27-08-26/0/map2-0.05-data-2026.08.27-15.05.27.190.jpk-force-map,2026-08-27T15:05:27.190000,8,2,0.05,linear_drift_corrected,365.0,8.478251554007333,8.478251554007333,8.478251554007333,1
27-08-26/0/map2-0.05-data-2026.08.27-15.05.27.190.jpk-force-map,2026-08-27T15:05:27.190000,8,2,0.05,far_constant_referenced,5.0,6966.815778849334,6731.4993817719,7268.9936864176425,64
27-08-26/0/map2-0.05-data-2026.08.27-15.05.27.190.jpk-force-map,2026-08-27T15:05:27.190000,8,2,0.05,far_constant_referenced,10.0,4963.371151966476,4738.443595065506,5134.947667109867,64
27-08-26/0/map2-0.05-data-2026.08.27-15.05.27.190.jpk-force-map,2026-08-27T15:05:27.190000,8,2,0.05,far_constant_referenced,15.0,3600.262575183765,3471.3394760785563,3720.0238933484457,64
27-08-26/0/map2-0.05-data-2026.08.27-15.05.27.190.jpk-force-map,2026-08-27T15:05:27.190000,8,2,0.05,far_constant_referenced,20.0,2725.2043076598966,2640.1976749487094,2805.4773718797587,64
27-08-26/0/map2-0.05-data-2026.08.27-15.05.27.190.jpk-force-map,2026-08-27T15:05:27.190000,8,2,0.05,far_constant_referenced,25.0,2116.7137322691888,2048.2397848147193,2167.320651499182,64
27-08-26/0/map2-0.05-data-2026.08.27-15.05.27.190.jpk-force-map,2026-08-27T15:05:27.190000,8,2,0.05,far_constant_referenced,30.0,1666.7303973844746,1605.7445102185698,1698.2633898970328,64
27-08-26/0/map2-0.05-data-2026.08.27-15.05.27.190.jpk-force-map,2026-08-27T15:05:27.190000,8,2,0.05,far_constant_referenced,35.0,1323.0978582708394,1282.5720747126795,1345.572439470509,64
27-08-26/0/map2-0.05-data-2026.08.27-15.05.27.190.jpk-force-map,2026-08-27T15:05:27.190000,8,2,0.05,far_constant_referenced,40.0,1061.0253470456091,1030.007171064787,1081.0568935223955,64
27-08-26/0/map2-0.05-data-2026.08.27-15.05.27.190.jpk-force-map,2026-08-27T15:05:27.190000,8,2,0.05,far_constant_referenced,45.0,855.7758619492968,833.6316373556153,877.0841705722921,64
27-08-26/0/map2-0.05-data-2026.08.27-15.05.27.190.jpk-force-map,2026-08-27T15:05:27.190000,8,2,0.05,far_constant_referenced,50.0,693.3308089711662,672.6294412240965,711.6764389443817,64
27-08-26/0/map2-0.05-data-2026.08.27-15.05.27.190.jpk-force-map,2026-08-27T15:05:27.190000,8,2,0.05,far_constant_referenced,55.0,562.888975313952,548.0157149096303,579.4283269735092,64
27-08-26/0/map2-0.05-data-2026.08.27-15.05.27.190.jpk-force-map,2026-08-27T15:05:27.190000,8,2,0.05,far_constant_referenced,60.0,463.2579508830404,445.86305681610344,474.90189516256316,64
27-08-26/0/map2-0.05-data-2026.08.27-15.05.27.190.jpk-force-map,2026-08-27T15:05:27.190000,8,2,0.05,far_constant_referenced,65.0,377.0807214419859,365.6518292294835,391.4725035416367,64
27-08-26/0/map2-0.05-data-2026.08.27-15.05.27.190.jpk-force-map,2026-08-27T15:05:27.190000,8,2,0.05,far_constant_referenced,70.0,310.376707048038,295.7914874344715,321.90332760786316,64
27-08-26/0/map2-0.05-data-2026.08.27-15.05.27.190.jpk-force-map,2026-08-27T15:05:27.190000,8,2,0.05,far_constant_referenced,75.0,254.15263826508374,240.3234993225783,263.84117686153996,64
27-08-26/0/map2-0.05-data-2026.08.27-15.05.27.190.jpk-force-map,2026-08-27T15:05:27.190000,8,2,0.05,far_constant_referenced,80.0,208.64778490317337,197.26262503884675,219.67610272320036,64
27-08-26/0/map2-0.05-data-2026.08.27-15.05.27.190.jpk-force-map,2026-08-27T15:05:27.190000,8,2,0.05,far_constant_referenced,85.0,171.84807320652806,161.21033328114774,182.5300611477782,64
27-08-26/0/map2-0.05-data-2026.08.27-15.05.27.190.jpk-force-map,2026-08-27T15:05:27.190000,8,2,0.05,far_constant_referenced,90.0,142.13968695579103,133.39705065758938,153.41947043747672,64
27-08-26/0/map2-0.05-data-2026.08.27-15.05.27.190.jpk-force-map,2026-08-27T15:05:27.190000,8,2,0.05,far_constant_referenced,95.0,119.80052754802192,112.50410304287527,128.02018361147532,64
27-08-26/0/map2-0.05-data-2026.08.27-15.05.27.190.jpk-force-map,2026-08-27T15:05:27.190000,8,2,0.05,far_constant_referenced,100.0,100.73650413545901,91.77834980545312,107.21245784928675,64
27-08-26/0/map2-0.05-data-2026.08.27-15.05.27.190.jpk-force-map,2026-08-27T15:05:27.190000,8,2,0.05,far_constant_referenced,105.0,85.40464740378292,76.05661101987411,91.77908292337968,64
27-08-26/0/map2-0.05-data-2026.08.27-15.05.27.190.jpk-force-map,2026-08-27T15:05:27.190000,8,2,0.05,far_constant_referenced,110.0,71.67042859417003,64.9672021102587,78.50778459431481,64
27-08-26/0/map2-0.05-data-2026.08.27-15.05.27.190.jpk-force-map,2026-08-27T15:05:27.190000,8,2,0.05,far_constant_referenced,115.0,61.298872604752724,56.485406685165806,66.94093574148809,64
27-08-26/0/map2-0.05-data-2026.08.27-15.05.27.190.jpk-force-map,2026-08-27T15:05:27.190000,8,2,0.05,far_constant_referenced,120.0,54.16582156567091,48.012284417915296,59.17017151215832,64
27-08-26/0/map2-0.05-data-2026.08.27-15.05.27.190.jpk-force-map,2026-08-27T15:05:27.190000,8,2,0.05,far_constant_referenced,125.0,46.04744760762473,41.371385383485354,51.30676105808115,64
27-08-26/0/map2-0.05-data-2026.08.27-15.05.27.190.jpk-force-map,2026-08-27T15:05:27.190000,8,2,0.05,far_constant_referenced,130.0,41.0637367946278,36.58871041681209,44.615997578920584,64
27-08-26/0/map2-0.05-data-2026.08.27-15.05.27.190.jpk-force-map,2026-08-27T15:05:27.190000,8,2,0.05,far_constant_referenced,135.0,35.749700439961664,32.490059327032796,41.3734232028065,64
27-08-26/0/map2-0.05-data-2026.08.27-15.05.27.190.jpk-force-map,2026-08-27T15:05:27.190000,8,2,0.05,far_constant_referenced,140.0,31.841920951355373,26.67472563222471,37.66083325570307,64
27-08-26/0/map2-0.05-data-2026.08.27-15.05.27.190.jpk-force-map,2026-08-27T15:05:27.190000,8,2,0.05,far_constant_referenced,145.0,28.942886878179234,23.669824360168654,33.80573885198541,64
27-08-26/0/map2-0.05-data-2026.08.27-15.05.27.190.jpk-force-map,2026-08-27T15:05:27.190000,8,2,0.05,far_constant_referenced,150.0,26.215911854637973,20.073557861693622,32.18370301384238,64
27-08-26/0/map2-0.05-data-2026.08.27-15.05.27.190.jpk-force-map,2026-08-27T15:05:27.190000,8,2,0.05,far_constant_referenced,155.0,24.01210966462224,19.726948404046436,29.187710988452647,64
27-08-26/0/map2-0.05-data-2026.08.27-15.05.27.190.jpk-force-map,2026-08-27T15:05:27.190000,8,2,0.05,far_constant_referenced,160.0,23.19626124395866,17.653181453030417,26.036484348555184,64
27-08-26/0/map2-0.05-data-2026.08.27-15.05.27.190.jpk-force-map,2026-08-27T15:05:27.190000,8,2,0.05,far_constant_referenced,165.0,19.98065690953105,16.412845327186822,24.350542993529668,64
27-08-26/0/map2-0.05-data-2026.08.27-15.05.27.190.jpk-force-map,2026-08-27T15:05:27.190000,8,2,0.05,far_constant_referenced,170.0,18.556059669580684,14.455668977941942,21.896629546160305,64
27-08-26/0/map2-0.05-data-2026.08.27-15.05.27.190.jpk-force-map,2026-08-27T15:05:27.190000,8,2,0.05,far_constant_referenced,175.0,17.075037200743786,12.224157415449465,20.05115427488841,64
27-08-26/0/map2-0.05-data-2026.08.27-15.05.27.190.jpk-force-map,2026-08-27T15:05:27.190000,8,2,0.05,far_constant_referenced,180.0,15.838776713542593,10.644586501270293,19.44625121828399,64
27-08-26/0/map2-0.05-data-2026.08.27-15.05.27.190.jpk-force-map,2026-08-27T15:05:27.190000,8,2,0.05,far_constant_referenced,185.0,14.011101297012022,10.109926082608093,18.109485233648464,64
27-08-26/0/map2-0.05-data-2026.08.27-15.05.27.190.jpk-force-map,2026-08-27T15:05:27.190000,8,2,0.05,far_constant_referenced,190.0,13.258847750041745,9.56177753667074,18.64337525720142,64
27-08-26/0/map2-0.05-data-2026.08.27-15.05.27.190.jpk-force-map,2026-08-27T15:05:27.190000,8,2,0.05,far_constant_referenced,195.0,12.469963158200741,9.685717956298342,17.034069576951943,64
27-08-26/0/map2-0.05-data-2026.08.27-15.05.27.190.jpk-force-map,2026-08-27T15:05:27.190000,8,2,0.05,far_constant_referenced,200.0,11.917241944518413,8.38584395681238,15.718421116318359,64
27-08-26/0/map2-0.05-data-2026.08.27-15.05.27.190.jpk-force-map,2026-08-27T15:05:27.190000,8,2,0.05,far_constant_referenced,205.0,11.448990826843724,6.605752864003655,14.410377200956358,64
27-08-26/0/map2-0.05-data-2026.08.27-15.05.27.190.jpk-force-map,2026-08-27T15:05:27.190000,8,2,0.05,far_constant_referenced,210.0,9.89770086860944,6.658680250579838,13.231362040661178,64
27-08-26/0/map2-0.05-data-2026.08.27-15.05.27.190.jpk-force-map,2026-08-27T15:05:27.190000,8,2,0.05,far_constant_referenced,215.0,9.9338224586498,5.610731664672491,12.793926727355206,64
27-08-26/0/map2-0.05-data-2026.08.27-15.05.27.190.jpk-force-map,2026-08-27T15:05:27.190000,8,2,0.05,far_constant_referenced,220.0,8.44462386107309,5.020354283595142,12.119576279372893,64
27-08-26/0/map2-0.05-data-2026.08.27-15.05.27.190.jpk-force-map,2026-08-27T15:05:27.190000,8,2,0.05,far_constant_referenced,225.0,8.128066025549199,5.014023375399223,11.285903152512947,64
27-08-26/0/map2-0.05-data-2026.08.27-15.05.27.190.jpk-force-map,2026-08-27T15:05:27.190000,8,2,0.05,far_constant_referenced,230.0,7.243963083354293,4.278277407503076,10.707678132997122,64
27-08-26/0/map2-0.05-data-2026.08.27-15.05.27.190.jpk-force-map,2026-08-27T15:05:27.190000,8,2,0.05,far_constant_referenced,235.0,6.141067930141031,4.007042413283742,9.47424449881754,64
27-08-26/0/map2-0.05-data-2026.08.27-15.05.27.190.jpk-force-map,2026-08-27T15:05:27.190000,8,2,0.05,far_constant_referenced,240.0,6.644434153923079,3.831448244155717,9.450318760385231,64
27-08-26/0/map2-0.05-data-2026.08.27-15.05.27.190.jpk-force-map,2026-08-27T15:05:27.190000,8,2,0.05,far_constant_referenced,245.0,5.474340666021693,2.1582308341598506,8.029324981429628,64
27-08-26/0/map2-0.05-data-2026.08.27-15.05.27.190.jpk-force-map,2026-08-27T15:05:27.190000,8,2,0.05,far_constant_referenced,250.0,5.915106074315889,2.2620602137185566,8.462951809235989,64
27-08-26/0/map2-0.05-data-2026.08.27-15.05.27.190.jpk-force-map,2026-08-27T15:05:27.190000,8,2,0.05,far_constant_referenced,255.0,4.8157646791870174,2.359782348177541,7.663865695061704,64
27-08-26/0/map2-0.05-data-2026.08.27-15.05.27.190.jpk-force-map,2026-08-27T15:05:27.190000,8,2,0.05,far_constant_referenced,260.0,4.368401209554239,1.9554181087940001,7.4911232304105955,64
27-08-26/0/map2-0.05-data-2026.08.27-15.05.27.190.jpk-force-map,2026-08-27T15:05:27.190000,8,2,0.05,far_constant_referenced,265.0,3.7789992480909174,1.1845943119733384,6.7752335751682,64
27-08-26/0/map2-0.05-data-2026.08.27-15.05.27.190.jpk-force-map,2026-08-27T15:05:27.190000,8,2,0.05,far_constant_referenced,270.0,2.473055280687942,0.8680364764494237,5.157006222524838,64
27-08-26/0/map2-0.05-data-2026.08.27-15.05.27.190.jpk-force-map,2026-08-27T15:05:27.190000,8,2,0.05,far_constant_referenced,275.0,2.1055519621350633,0.08804870554727123,5.005319153237746,64
27-08-26/0/map2-0.05-data-2026.08.27-15.05.27.190.jpk-force-map,2026-08-27T15:05:27.190000,8,2,0.05,far_constant_referenced,280.0,1.899955873794011,-0.02927501415034205,4.052849857963385,64
27-08-26/0/map2-0.05-data-2026.08.27-15.05.27.190.jpk-force-map,2026-08-27T15:05:27.190000,8,2,0.05,far_constant_referenced,285.0,1.1649989395984457,-1.322004220284668,4.098657302643028,64
27-08-26/0/map2-0.05-data-2026.08.27-15.05.27.190.jpk-force-map,2026-08-27T15:05:27.190000,8,2,0.05,far_constant_referenced,290.0,1.3487630246024565,-1.0639715616063488,3.2639279889397526,64
27-08-26/0/map2-0.05-data-2026.08.27-15.05.27.190.jpk-force-map,2026-08-27T15:05:27.190000,8,2,0.05,far_constant_referenced,295.0,0.27229739392640073,-1.1415826559964288,2.545540762456234,64
27-08-26/0/map2-0.05-data-2026.08.27-15.05.27.190.jpk-force-map,2026-08-27T15:05:27.190000,8,2,0.05,far_constant_referenced,300.0,0.32622505157181586,-1.3818154599335197,2.0991899896202275,64
27-08-26/0/map2-0.05-data-2026.08.27-15.05.27.190.jpk-force-map,2026-08-27T15:05:27.190000,8,2,0.05,far_constant_referenced,305.0,0.01323339985997961,-2.80716445640172,1.807576802189261,64
27-08-26/0/map2-0.05-data-2026.08.27-15.05.27.190.jpk-force-map,2026-08-27T15:05:27.190000,8,2,0.05,far_constant_referenced,310.0,-0.7512097858545161,-2.9028549844033478,1.7368122836891668,64
27-08-26/0/map2-0.05-data-2026.08.27-15.05.27.190.jpk-force-map,2026-08-27T15:05:27.190000,8,2,0.05,far_constant_referenced,315.0,-0.7043896443780768,-2.57840059901,0.8054356609615576,64
27-08-26/0/map2-0.05-data-2026.08.27-15.05.27.190.jpk-force-map,2026-08-27T15:05:27.190000,8,2,0.05,far_constant_referenced,320.0,-0.7176354699656354,-2.8471318091243765,1.3785102164004388,64
27-08-26/0/map2-0.05-data-2026.08.27-15.05.27.190.jpk-force-map,2026-08-27T15:05:27.190000,8,2,0.05,far_constant_referenced,325.0,-0.9359430776088886,-3.8169349943562088,0.7441022696855948,64
27-08-26/0/map2-0.05-data-2026.08.27-15.05.27.190.jpk-force-map,2026-08-27T15:05:27.190000,8,2,0.05,far_constant_referenced,330.0,-1.4037220176359657,-3.5907121982521693,1.045898340858629,64
27-08-26/0/map2-0.05-data-2026.08.27-15.05.27.190.jpk-force-map,2026-08-27T15:05:27.190000,8,2,0.05,far_constant_referenced,335.0,-1.9991753084249024,-3.4474187079372713,0.13235263719119572,64
27-08-26/0/map2-0.05-data-2026.08.27-15.05.27.190.jpk-force-map,2026-08-27T15:05:27.190000,8,2,0.05,far_constant_referenced,340.0,-1.6734472859558078,-4.2681131623524315,0.43820570841510864,63
27-08-26/0/map2-0.05-data-2026.08.27-15.05.27.190.jpk-force-map,2026-08-27T15:05:27.190000,8,2,0.05,far_constant_referenced,345.0,-2.8522015059720736,-5.598026358234173,-0.058040573470407086,63
27-08-26/0/map2-0.05-data-2026.08.27-15.05.27.190.jpk-force-map,2026-08-27T15:05:27.190000,8,2,0.05,far_constant_referenced,350.0,-2.9631632531548666,-5.020876164152998,-0.5130210141023847,63
27-08-26/0/map2-0.05-data-2026.08.27-15.05.27.190.jpk-force-map,2026-08-27T15:05:27.190000,8,2,0.05,far_constant_referenced,355.0,-2.605364427832657,-5.532375026628326,0.28015666661325167,62
27-08-26/0/map2-0.05-data-2026.08.27-15.05.27.190.jpk-force-map,2026-08-27T15:05:27.190000,8,2,0.05,far_constant_referenced,360.0,-2.1508561648482036,-5.768258825916516,0.9423112629875372,58
27-08-26/0/map2-0.05-data-2026.08.27-15.05.27.190.jpk-force-map,2026-08-27T15:05:27.190000,8,2,0.05,far_constant_referenced,365.0,4.636610539110737,4.636610539110737,4.636610539110737,1
27-08-26/0/map2-0.2-data-2026.08.27-15.16.41.656.jpk-force-map,2026-08-27T15:16:41.656000,9,2,0.2,linear_drift_corrected,5.0,7114.552143549143,6821.47130986369,7385.355464928422,64
27-08-26/0/map2-0.2-data-2026.08.27-15.16.41.656.jpk-force-map,2026-08-27T15:16:41.656000,9,2,0.2,linear_drift_corrected,10.0,4971.982882807759,4704.112008734067,5137.8505500818665,64
27-08-26/0/map2-0.2-data-2026.08.27-15.16.41.656.jpk-force-map,2026-08-27T15:16:41.656000,9,2,0.2,linear_drift_corrected,15.0,3603.3044375399486,3436.0683131720707,3715.4975099547983,64
27-08-26/0/map2-0.2-data-2026.08.27-15.16.41.656.jpk-force-map,2026-08-27T15:16:41.656000,9,2,0.2,linear_drift_corrected,20.0,2718.5146289860027,2599.130422067428,2780.364885976371,64
27-08-26/0/map2-0.2-data-2026.08.27-15.16.41.656.jpk-force-map,2026-08-27T15:16:41.656000,9,2,0.2,linear_drift_corrected,25.0,2077.9149664602824,1995.0113497981972,2122.4989530480243,64
27-08-26/0/map2-0.2-data-2026.08.27-15.16.41.656.jpk-force-map,2026-08-27T15:16:41.656000,9,2,0.2,linear_drift_corrected,30.0,1609.8509822512192,1552.5687420006138,1654.357914911726,64
27-08-26/0/map2-0.2-data-2026.08.27-15.16.41.656.jpk-force-map,2026-08-27T15:16:41.656000,9,2,0.2,linear_drift_corrected,35.0,1266.354101044179,1222.4122001344717,1308.0137698128333,64
27-08-26/0/map2-0.2-data-2026.08.27-15.16.41.656.jpk-force-map,2026-08-27T15:16:41.656000,9,2,0.2,linear_drift_corrected,40.0,1008.7251088118242,970.0461006176122,1042.2827466182544,64
27-08-26/0/map2-0.2-data-2026.08.27-15.16.41.656.jpk-force-map,2026-08-27T15:16:41.656000,9,2,0.2,linear_drift_corrected,45.0,803.4056769989643,774.0550874667933,833.7897678122663,64
27-08-26/0/map2-0.2-data-2026.08.27-15.16.41.656.jpk-force-map,2026-08-27T15:16:41.656000,9,2,0.2,linear_drift_corrected,50.0,643.8590280718752,616.5732648489032,669.9731037841822,64
27-08-26/0/map2-0.2-data-2026.08.27-15.16.41.656.jpk-force-map,2026-08-27T15:16:41.656000,9,2,0.2,linear_drift_corrected,55.0,511.72000148032305,490.2084314963064,534.452210254467,64
27-08-26/0/map2-0.2-data-2026.08.27-15.16.41.656.jpk-force-map,2026-08-27T15:16:41.656000,9,2,0.2,linear_drift_corrected,60.0,410.65251410416226,391.1481705676998,430.30431275597243,64
27-08-26/0/map2-0.2-data-2026.08.27-15.16.41.656.jpk-force-map,2026-08-27T15:16:41.656000,9,2,0.2,linear_drift_corrected,65.0,328.38462479910595,312.98038555339576,343.9455889350877,64
27-08-26/0/map2-0.2-data-2026.08.27-15.16.41.656.jpk-force-map,2026-08-27T15:16:41.656000,9,2,0.2,linear_drift_corrected,70.0,265.6002233789718,247.34840845752797,280.94394091829486,64
27-08-26/0/map2-0.2-data-2026.08.27-15.16.41.656.jpk-force-map,2026-08-27T15:16:41.656000,9,2,0.2,linear_drift_corrected,75.0,212.49814091837484,197.76756451217906,227.03866996811138,64
27-08-26/0/map2-0.2-data-2026.08.27-15.16.41.656.jpk-force-map,2026-08-27T15:16:41.656000,9,2,0.2,linear_drift_corrected,80.0,171.76100878021282,157.5209543404754,184.2702185269694,64
27-08-26/0/map2-0.2-data-2026.08.27-15.16.41.656.jpk-force-map,2026-08-27T15:16:41.656000,9,2,0.2,linear_drift_corrected,85.0,138.1426758261788,123.40929102949595,152.1698381844309,64
27-08-26/0/map2-0.2-data-2026.08.27-15.16.41.656.jpk-force-map,2026-08-27T15:16:41.656000,9,2,0.2,linear_drift_corrected,90.0,111.98310122056962,100.60021645603751,123.49907033956183,64
27-08-26/0/map2-0.2-data-2026.08.27-15.16.41.656.jpk-force-map,2026-08-27T15:16:41.656000,9,2,0.2,linear_drift_corrected,95.0,89.13573569150006,80.280039068394,100.398963837661,64
27-08-26/0/map2-0.2-data-2026.08.27-15.16.41.656.jpk-force-map,2026-08-27T15:16:41.656000,9,2,0.2,linear_drift_corrected,100.0,73.04403512497063,62.63467677292767,84.28521361291851,64
27-08-26/0/map2-0.2-data-2026.08.27-15.16.41.656.jpk-force-map,2026-08-27T15:16:41.656000,9,2,0.2,linear_drift_corrected,105.0,59.47542833321019,48.809184766554274,70.88981714811982,64
27-08-26/0/map2-0.2-data-2026.08.27-15.16.41.656.jpk-force-map,2026-08-27T15:16:41.656000,9,2,0.2,linear_drift_corrected,110.0,49.266123958639625,37.893266035384556,59.688534717814534,64
27-08-26/0/map2-0.2-data-2026.08.27-15.16.41.656.jpk-force-map,2026-08-27T15:16:41.656000,9,2,0.2,linear_drift_corrected,115.0,41.96059772615629,30.88536242634792,50.993220663809616,64
27-08-26/0/map2-0.2-data-2026.08.27-15.16.41.656.jpk-force-map,2026-08-27T15:16:41.656000,9,2,0.2,linear_drift_corrected,120.0,31.385813777240674,25.568419142080735,43.43584063056471,64
27-08-26/0/map2-0.2-data-2026.08.27-15.16.41.656.jpk-force-map,2026-08-27T15:16:41.656000,9,2,0.2,linear_drift_corrected,125.0,30.041957275285945,21.129802587506237,38.6786942377499,64
27-08-26/0/map2-0.2-data-2026.08.27-15.16.41.656.jpk-force-map,2026-08-27T15:16:41.656000,9,2,0.2,linear_drift_corrected,130.0,23.865081704678474,15.493671868758883,32.599744264191685,64
27-08-26/0/map2-0.2-data-2026.08.27-15.16.41.656.jpk-force-map,2026-08-27T15:16:41.656000,9,2,0.2,linear_drift_corrected,135.0,21.583497102769336,12.865482448176996,28.349249906746287,64
27-08-26/0/map2-0.2-data-2026.08.27-15.16.41.656.jpk-force-map,2026-08-27T15:16:41.656000,9,2,0.2,linear_drift_corrected,140.0,17.404490485849973,11.267655896344948,25.499727139992775,64
27-08-26/0/map2-0.2-data-2026.08.27-15.16.41.656.jpk-force-map,2026-08-27T15:16:41.656000,9,2,0.2,linear_drift_corrected,145.0,15.130015077094033,7.822109251960535,24.843755511662017,64
27-08-26/0/map2-0.2-data-2026.08.27-15.16.41.656.jpk-force-map,2026-08-27T15:16:41.656000,9,2,0.2,linear_drift_corrected,150.0,13.602892673926661,4.994272486650947,22.159776201666688,64
27-08-26/0/map2-0.2-data-2026.08.27-15.16.41.656.jpk-force-map,2026-08-27T15:16:41.656000,9,2,0.2,linear_drift_corrected,155.0,13.465999567473588,5.93570097929783,20.641411158758274,64
27-08-26/0/map2-0.2-data-2026.08.27-15.16.41.656.jpk-force-map,2026-08-27T15:16:41.656000,9,2,0.2,linear_drift_corrected,160.0,11.079121473131337,3.009601583408464,16.970760068025697,64
27-08-26/0/map2-0.2-data-2026.08.27-15.16.41.656.jpk-force-map,2026-08-27T15:16:41.656000,9,2,0.2,linear_drift_corrected,165.0,10.218563189637567,4.107913338248851,16.08271950170795,64
27-08-26/0/map2-0.2-data-2026.08.27-15.16.41.656.jpk-force-map,2026-08-27T15:16:41.656000,9,2,0.2,linear_drift_corrected,170.0,8.511729278082921,2.875146584972706,15.526544245394826,64
27-08-26/0/map2-0.2-data-2026.08.27-15.16.41.656.jpk-force-map,2026-08-27T15:16:41.656000,9,2,0.2,linear_drift_corrected,175.0,6.402073525909556,3.136136728970389,14.772773264755909,64
27-08-26/0/map2-0.2-data-2026.08.27-15.16.41.656.jpk-force-map,2026-08-27T15:16:41.656000,9,2,0.2,linear_drift_corrected,180.0,6.3889875360942,2.458013784605165,14.507155749800752,64
27-08-26/0/map2-0.2-data-2026.08.27-15.16.41.656.jpk-force-map,2026-08-27T15:16:41.656000,9,2,0.2,linear_drift_corrected,185.0,7.30083609682693,1.9019038988863808,11.96066984095664,64
27-08-26/0/map2-0.2-data-2026.08.27-15.16.41.656.jpk-force-map,2026-08-27T15:16:41.656000,9,2,0.2,linear_drift_corrected,190.0,6.885724181033359,1.1770882457591894,12.281976851410457,64
27-08-26/0/map2-0.2-data-2026.08.27-15.16.41.656.jpk-force-map,2026-08-27T15:16:41.656000,9,2,0.2,linear_drift_corrected,195.0,4.83946038297346,2.266094347810633,10.479696270163144,64
27-08-26/0/map2-0.2-data-2026.08.27-15.16.41.656.jpk-force-map,2026-08-27T15:16:41.656000,9,2,0.2,linear_drift_corrected,200.0,6.540714174783734,1.1185255452687475,10.706391025242228,64
27-08-26/0/map2-0.2-data-2026.08.27-15.16.41.656.jpk-force-map,2026-08-27T15:16:41.656000,9,2,0.2,linear_drift_corrected,205.0,5.4033059453062116,0.23701548025860036,9.06300482298669,64
27-08-26/0/map2-0.2-data-2026.08.27-15.16.41.656.jpk-force-map,2026-08-27T15:16:41.656000,9,2,0.2,linear_drift_corrected,210.0,3.913038187979968,-0.33064568852071907,10.58934335727642,64
27-08-26/0/map2-0.2-data-2026.08.27-15.16.41.656.jpk-force-map,2026-08-27T15:16:41.656000,9,2,0.2,linear_drift_corrected,215.0,3.432510087800728,-1.4988877302330121,8.857302053015117,64
27-08-26/0/map2-0.2-data-2026.08.27-15.16.41.656.jpk-force-map,2026-08-27T15:16:41.656000,9,2,0.2,linear_drift_corrected,220.0,3.0021742759545877,-1.118503866887841,7.761779904717235,64
27-08-26/0/map2-0.2-data-2026.08.27-15.16.41.656.jpk-force-map,2026-08-27T15:16:41.656000,9,2,0.2,linear_drift_corrected,225.0,2.0368145550609036,-2.48798135916626,6.507322439550258,64
27-08-26/0/map2-0.2-data-2026.08.27-15.16.41.656.jpk-force-map,2026-08-27T15:16:41.656000,9,2,0.2,linear_drift_corrected,230.0,2.6939945175793154,-1.5959594988539194,8.052071258370525,64
27-08-26/0/map2-0.2-data-2026.08.27-15.16.41.656.jpk-force-map,2026-08-27T15:16:41.656000,9,2,0.2,linear_drift_corrected,235.0,1.7845802217669893,-2.0186580665345017,5.206535811929044,64
27-08-26/0/map2-0.2-data-2026.08.27-15.16.41.656.jpk-force-map,2026-08-27T15:16:41.656000,9,2,0.2,linear_drift_corrected,240.0,1.000835665830055,-2.6188149593591805,4.058960980407305,64
27-08-26/0/map2-0.2-data-2026.08.27-15.16.41.656.jpk-force-map,2026-08-27T15:16:41.656000,9,2,0.2,linear_drift_corrected,245.0,1.3582139790914207,-1.4112258419763177,4.250605080868911,64
27-08-26/0/map2-0.2-data-2026.08.27-15.16.41.656.jpk-force-map,2026-08-27T15:16:41.656000,9,2,0.2,linear_drift_corrected,250.0,1.9071389863797434,-1.0817474367658162,4.060866501536996,64
27-08-26/0/map2-0.2-data-2026.08.27-15.16.41.656.jpk-force-map,2026-08-27T15:16:41.656000,9,2,0.2,linear_drift_corrected,255.0,0.6086484406771548,-1.955897644665121,3.6700229988535478,64
27-08-26/0/map2-0.2-data-2026.08.27-15.16.41.656.jpk-force-map,2026-08-27T15:16:41.656000,9,2,0.2,linear_drift_corrected,260.0,0.5859164553037306,-1.6058296674384047,2.6609657702934832,64
27-08-26/0/map2-0.2-data-2026.08.27-15.16.41.656.jpk-force-map,2026-08-27T15:16:41.656000,9,2,0.2,linear_drift_corrected,265.0,0.6444480627803861,-1.4485493211945513,2.282405835483915,64
27-08-26/0/map2-0.2-data-2026.08.27-15.16.41.656.jpk-force-map,2026-08-27T15:16:41.656000,9,2,0.2,linear_drift_corrected,270.0,0.18042499247654376,-2.069461627559977,2.224397926814401,64
27-08-26/0/map2-0.2-data-2026.08.27-15.16.41.656.jpk-force-map,2026-08-27T15:16:41.656000,9,2,0.2,linear_drift_corrected,275.0,-0.7084489443894062,-2.6206760050800004,1.4999494697645215,64
27-08-26/0/map2-0.2-data-2026.08.27-15.16.41.656.jpk-force-map,2026-08-27T15:16:41.656000,9,2,0.2,linear_drift_corrected,280.0,0.1855219141011426,-1.6889556505509962,1.714644322113481,64
27-08-26/0/map2-0.2-data-2026.08.27-15.16.41.656.jpk-force-map,2026-08-27T15:16:41.656000,9,2,0.2,linear_drift_corrected,285.0,0.1835109669013808,-0.9037619805257586,1.1539303295246133,64
27-08-26/0/map2-0.2-data-2026.08.27-15.16.41.656.jpk-force-map,2026-08-27T15:16:41.656000,9,2,0.2,linear_drift_corrected,290.0,-0.10927622481641583,-3.0215220713340516,1.3899577048987788,64
27-08-26/0/map2-0.2-data-2026.08.27-15.16.41.656.jpk-force-map,2026-08-27T15:16:41.656000,9,2,0.2,linear_drift_corrected,295.0,0.25118881376430946,-2.6301686801088575,2.674367813242672,64
27-08-26/0/map2-0.2-data-2026.08.27-15.16.41.656.jpk-force-map,2026-08-27T15:16:41.656000,9,2,0.2,linear_drift_corrected,300.0,0.6639592493187925,-1.8237656455089961,2.6673268783229696,64
27-08-26/0/map2-0.2-data-2026.08.27-15.16.41.656.jpk-force-map,2026-08-27T15:16:41.656000,9,2,0.2,linear_drift_corrected,305.0,-0.3599157079504538,-1.8252608546607703,2.5661155586967297,64
27-08-26/0/map2-0.2-data-2026.08.27-15.16.41.656.jpk-force-map,2026-08-27T15:16:41.656000,9,2,0.2,linear_drift_corrected,310.0,-0.8242626363498597,-2.4363085792568615,1.8235732602601153,64
27-08-26/0/map2-0.2-data-2026.08.27-15.16.41.656.jpk-force-map,2026-08-27T15:16:41.656000,9,2,0.2,linear_drift_corrected,315.0,-0.07943200175366932,-1.6269601432089509,2.3136792573316614,64
27-08-26/0/map2-0.2-data-2026.08.27-15.16.41.656.jpk-force-map,2026-08-27T15:16:41.656000,9,2,0.2,linear_drift_corrected,320.0,0.07510998155906745,-2.2070712403068424,2.0985795966371414,64
27-08-26/0/map2-0.2-data-2026.08.27-15.16.41.656.jpk-force-map,2026-08-27T15:16:41.656000,9,2,0.2,linear_drift_corrected,325.0,-0.04308031252468769,-1.866180112986243,1.5438266145227175,64
27-08-26/0/map2-0.2-data-2026.08.27-15.16.41.656.jpk-force-map,2026-08-27T15:16:41.656000,9,2,0.2,linear_drift_corrected,330.0,-0.6152461908659276,-2.4356557263294936,1.290414258638048,64
27-08-26/0/map2-0.2-data-2026.08.27-15.16.41.656.jpk-force-map,2026-08-27T15:16:41.656000,9,2,0.2,linear_drift_corrected,335.0,-0.4465279788318527,-2.5507643115516654,1.5527253921496933,64
27-08-26/0/map2-0.2-data-2026.08.27-15.16.41.656.jpk-force-map,2026-08-27T15:16:41.656000,9,2,0.2,linear_drift_corrected,340.0,-0.3677088902495871,-2.726553569889159,1.4616592042254442,63
27-08-26/0/map2-0.2-data-2026.08.27-15.16.41.656.jpk-force-map,2026-08-27T15:16:41.656000,9,2,0.2,linear_drift_corrected,345.0,0.46757876027172995,-1.9974022652276249,2.0729052073395127,63
27-08-26/0/map2-0.2-data-2026.08.27-15.16.41.656.jpk-force-map,2026-08-27T15:16:41.656000,9,2,0.2,linear_drift_corrected,350.0,0.16410555328677343,-1.790509175424739,2.261888345063126,62
27-08-26/0/map2-0.2-data-2026.08.27-15.16.41.656.jpk-force-map,2026-08-27T15:16:41.656000,9,2,0.2,linear_drift_corrected,355.0,0.6653026667685128,-1.054379999904224,2.611507863658121,61
27-08-26/0/map2-0.2-data-2026.08.27-15.16.41.656.jpk-force-map,2026-08-27T15:16:41.656000,9,2,0.2,linear_drift_corrected,360.0,0.47932984113457977,-2.137739147410204,2.9328984042897988,55
27-08-26/0/map2-0.2-data-2026.08.27-15.16.41.656.jpk-force-map,2026-08-27T15:16:41.656000,9,2,0.2,far_constant_referenced,5.0,7123.345738178878,6850.202096289285,7385.335071583766,64
27-08-26/0/map2-0.2-data-2026.08.27-15.16.41.656.jpk-force-map,2026-08-27T15:16:41.656000,9,2,0.2,far_constant_referenced,10.0,4988.466822352215,4745.53363444861,5145.031126392756,64
27-08-26/0/map2-0.2-data-2026.08.27-15.16.41.656.jpk-force-map,2026-08-27T15:16:41.656000,9,2,0.2,far_constant_referenced,15.0,3627.9508860523074,3472.8403983500934,3725.88048045878,64
27-08-26/0/map2-0.2-data-2026.08.27-15.16.41.656.jpk-force-map,2026-08-27T15:16:41.656000,9,2,0.2,far_constant_referenced,20.0,2744.7080527196376,2630.062040035763,2791.95003522129,64
27-08-26/0/map2-0.2-data-2026.08.27-15.16.41.656.jpk-force-map,2026-08-27T15:16:41.656000,9,2,0.2,far_constant_referenced,25.0,2095.8698352140505,2018.3011374064188,2137.8695523634697,64
27-08-26/0/map2-0.2-data-2026.08.27-15.16.41.656.jpk-force-map,2026-08-27T15:16:41.656000,9,2,0.2,far_constant_referenced,30.0,1636.5807362706128,1581.328042527428,1671.6647283561158,64
27-08-26/0/map2-0.2-data-2026.08.27-15.16.41.656.jpk-force-map,2026-08-27T15:16:41.656000,9,2,0.2,far_constant_referenced,35.0,1294.378895429164,1248.3123681168586,1316.7203722351246,64
27-08-26/0/map2-0.2-data-2026.08.27-15.16.41.656.jpk-force-map,2026-08-27T15:16:41.656000,9,2,0.2,far_constant_referenced,40.0,1030.3865595917587,990.2310875665818,1051.942730415418,64
27-08-26/0/map2-0.2-data-2026.08.27-15.16.41.656.jpk-force-map,2026-08-27T15:16:41.656000,9,2,0.2,far_constant_referenced,45.0,822.7297513135932,796.8164369895565,841.5217444853724,64
27-08-26/0/map2-0.2-data-2026.08.27-15.16.41.656.jpk-force-map,2026-08-27T15:16:41.656000,9,2,0.2,far_constant_referenced,50.0,660.8043049851763,632.3225306441839,673.3626150663857,64
27-08-26/0/map2-0.2-data-2026.08.27-15.16.41.656.jpk-force-map,2026-08-27T15:16:41.656000,9,2,0.2,far_constant_referenced,55.0,526.8639456025372,511.70083025123535,541.3857629411877,64
27-08-26/0/map2-0.2-data-2026.08.27-15.16.41.656.jpk-force-map,2026-08-27T15:16:41.656000,9,2,0.2,far_constant_referenced,60.0,427.4069683376716,413.72923688558296,436.66875153366664,64
27-08-26/0/map2-0.2-data-2026.08.27-15.16.41.656.jpk-force-map,2026-08-27T15:16:41.656000,9,2,0.2,far_constant_referenced,65.0,344.9273123519544,332.2486715249757,353.77961812167166,64
27-08-26/0/map2-0.2-data-2026.08.27-15.16.41.656.jpk-force-map,2026-08-27T15:16:41.656000,9,2,0.2,far_constant_referenced,70.0,279.7817327095924,270.4334478111323,288.1349964087214,64
27-08-26/0/map2-0.2-data-2026.08.27-15.16.41.656.jpk-force-map,2026-08-27T15:16:41.656000,9,2,0.2,far_constant_referenced,75.0,228.40040486037537,219.4183185790734,234.81683312628837,64
27-08-26/0/map2-0.2-data-2026.08.27-15.16.41.656.jpk-force-map,2026-08-27T15:16:41.656000,9,2,0.2,far_constant_referenced,80.0,186.8012310391123,178.36477709391517,192.09235435214296,64
27-08-26/0/map2-0.2-data-2026.08.27-15.16.41.656.jpk-force-map,2026-08-27T15:16:41.656000,9,2,0.2,far_constant_referenced,85.0,152.78147766835843,147.09513545143434,157.8283173902649,64
27-08-26/0/map2-0.2-data-2026.08.27-15.16.41.656.jpk-force-map,2026-08-27T15:16:41.656000,9,2,0.2,far_constant_referenced,90.0,125.74972981878449,119.10375487464307,130.9001069156518,64
27-08-26/0/map2-0.2-data-2026.08.27-15.16.41.656.jpk-force-map,2026-08-27T15:16:41.656000,9,2,0.2,far_constant_referenced,95.0,102.94892978040694,98.97267832003686,107.31807032075143,64
27-08-26/0/map2-0.2-data-2026.08.27-15.16.41.656.jpk-force-map,2026-08-27T15:16:41.656000,9,2,0.2,far_constant_referenced,100.0,85.69422898475653,81.59154574638151,89.09866088817213,64
27-08-26/0/map2-0.2-data-2026.08.27-15.16.41.656.jpk-force-map,2026-08-27T15:16:41.656000,9,2,0.2,far_constant_referenced,105.0,71.90708900143125,67.24959081427866,75.5542637057527,64
27-08-26/0/map2-0.2-data-2026.08.27-15.16.41.656.jpk-force-map,2026-08-27T15:16:41.656000,9,2,0.2,far_constant_referenced,110.0,61.638865362469915,57.84304789211562,65.55376479297271,64
27-08-26/0/map2-0.2-data-2026.08.27-15.16.41.656.jpk-force-map,2026-08-27T15:16:41.656000,9,2,0.2,far_constant_referenced,115.0,52.108642960958235,48.395798286439664,56.58466960984319,64
27-08-26/0/map2-0.2-data-2026.08.27-15.16.41.656.jpk-force-map,2026-08-27T15:16:41.656000,9,2,0.2,far_constant_referenced,120.0,44.775562559485806,40.57791569817188,49.22028880062681,64
27-08-26/0/map2-0.2-data-2026.08.27-15.16.41.656.jpk-force-map,2026-08-27T15:16:41.656000,9,2,0.2,far_constant_referenced,125.0,40.05500380492522,36.966875009618384,44.375025444193234,64
27-08-26/0/map2-0.2-data-2026.08.27-15.16.41.656.jpk-force-map,2026-08-27T15:16:41.656000,9,2,0.2,far_constant_referenced,130.0,34.376533286415466,31.032173562927714,38.663744792040006,64
27-08-26/0/map2-0.2-data-2026.08.27-15.16.41.656.jpk-force-map,2026-08-27T15:16:41.656000,9,2,0.2,far_constant_referenced,135.0,31.311615750205736,27.370727910494384,35.07738781130045,64
27-08-26/0/map2-0.2-data-2026.08.27-15.16.41.656.jpk-force-map,2026-08-27T15:16:41.656000,9,2,0.2,far_constant_referenced,140.0,29.144978911346072,24.351599180372936,30.809529376363233,64
27-08-26/0/map2-0.2-data-2026.08.27-15.16.41.656.jpk-force-map,2026-08-27T15:16:41.656000,9,2,0.2,far_constant_referenced,145.0,24.508840549882947,22.21372168796953,27.457254464414536,64
27-08-26/0/map2-0.2-data-2026.08.27-15.16.41.656.jpk-force-map,2026-08-27T15:16:41.656000,9,2,0.2,far_constant_referenced,150.0,23.230842043780562,18.867336570888128,26.578786589671765,64
27-08-26/0/map2-0.2-data-2026.08.27-15.16.41.656.jpk-force-map,2026-08-27T15:16:41.656000,9,2,0.2,far_constant_referenced,155.0,22.268941621281957,18.08785825481626,24.88675041527407,64
27-08-26/0/map2-0.2-data-2026.08.27-15.16.41.656.jpk-force-map,2026-08-27T15:16:41.656000,9,2,0.2,far_constant_referenced,160.0,19.360252757785446,15.977441620338277,23.792764508727036,64
27-08-26/0/map2-0.2-data-2026.08.27-15.16.41.656.jpk-force-map,2026-08-27T15:16:41.656000,9,2,0.2,far_constant_referenced,165.0,18.271585062637595,14.49384081303101,22.018532146466676,64
27-08-26/0/map2-0.2-data-2026.08.27-15.16.41.656.jpk-force-map,2026-08-27T15:16:41.656000,9,2,0.2,far_constant_referenced,170.0,17.471492464530275,14.536858681871653,21.573194070427494,64
27-08-26/0/map2-0.2-data-2026.08.27-15.16.41.656.jpk-force-map,2026-08-27T15:16:41.656000,9,2,0.2,far_constant_referenced,175.0,15.62958958993429,12.334317703204068,18.956130820089445,64
27-08-26/0/map2-0.2-data-2026.08.27-15.16.41.656.jpk-force-map,2026-08-27T15:16:41.656000,9,2,0.2,far_constant_referenced,180.0,15.169986778646894,12.448851847062652,18.682317487399693,64
27-08-26/0/map2-0.2-data-2026.08.27-15.16.41.656.jpk-force-map,2026-08-27T15:16:41.656000,9,2,0.2,far_constant_referenced,185.0,13.106172835412963,9.724417884809071,18.516135806904558,64
27-08-26/0/map2-0.2-data-2026.08.27-15.16.41.656.jpk-force-map,2026-08-27T15:16:41.656000,9,2,0.2,far_constant_referenced,190.0,13.176912502457906,10.567733376261831,18.126800485014606,64
27-08-26/0/map2-0.2-data-2026.08.27-15.16.41.656.jpk-force-map,2026-08-27T15:16:41.656000,9,2,0.2,far_constant_referenced,195.0,11.964086937449984,9.875309707531791,15.722223388954149,64
27-08-26/0/map2-0.2-data-2026.08.27-15.16.41.656.jpk-force-map,2026-08-27T15:16:41.656000,9,2,0.2,far_constant_referenced,200.0,12.028216117428752,7.47253434196874,15.700826286081913,64
27-08-26/0/map2-0.2-data-2026.08.27-15.16.41.656.jpk-force-map,2026-08-27T15:16:41.656000,9,2,0.2,far_constant_referenced,205.0,10.262122606725455,6.481073113585802,14.787255730959396,64
27-08-26/0/map2-0.2-data-2026.08.27-15.16.41.656.jpk-force-map,2026-08-27T15:16:41.656000,9,2,0.2,far_constant_referenced,210.0,9.529712946681375,6.086146214290182,13.26446417890245,64
27-08-26/0/map2-0.2-data-2026.08.27-15.16.41.656.jpk-force-map,2026-08-27T15:16:41.656000,9,2,0.2,far_constant_referenced,215.0,9.529203491851089,5.1819508706177055,12.921942785625124,64
27-08-26/0/map2-0.2-data-2026.08.27-15.16.41.656.jpk-force-map,2026-08-27T15:16:41.656000,9,2,0.2,far_constant_referenced,220.0,8.565265250031356,5.007630338565428,10.690139218534782,64
27-08-26/0/map2-0.2-data-2026.08.27-15.16.41.656.jpk-force-map,2026-08-27T15:16:41.656000,9,2,0.2,far_constant_referenced,225.0,7.151378987244707,4.208823803261428,10.841074531303999,64
27-08-26/0/map2-0.2-data-2026.08.27-15.16.41.656.jpk-force-map,2026-08-27T15:16:41.656000,9,2,0.2,far_constant_referenced,230.0,7.969265227229475,3.860188952020608,11.276969054391508,64
27-08-26/0/map2-0.2-data-2026.08.27-15.16.41.656.jpk-force-map,2026-08-27T15:16:41.656000,9,2,0.2,far_constant_referenced,235.0,5.928339474175877,2.3921203041734276,9.174473821238099,64
27-08-26/0/map2-0.2-data-2026.08.27-15.16.41.656.jpk-force-map,2026-08-27T15:16:41.656000,9,2,0.2,far_constant_referenced,240.0,4.641183206855821,0.4680150288508936,9.27474944271239,64
27-08-26/0/map2-0.2-data-2026.08.27-15.16.41.656.jpk-force-map,2026-08-27T15:16:41.656000,9,2,0.2,far_constant_referenced,245.0,4.628981142383982,1.8515825163715203,8.315085651176101,64
27-08-26/0/map2-0.2-data-2026.08.27-15.16.41.656.jpk-force-map,2026-08-27T15:16:41.656000,9,2,0.2,far_constant_referenced,250.0,5.310457745126591,2.0444732982742924,8.349703728180698,64
27-08-26/0/map2-0.2-data-2026.08.27-15.16.41.656.jpk-force-map,2026-08-27T15:16:41.656000,9,2,0.2,far_constant_referenced,255.0,3.926107436769173,0.4596028112873436,7.048543665891451,64
27-08-26/0/map2-0.2-data-2026.08.27-15.16.41.656.jpk-force-map,2026-08-27T15:16:41.656000,9,2,0.2,far_constant_referenced,260.0,3.2568204727708463,1.1316669253971323,6.426884515661506,64
27-08-26/0/map2-0.2-data-2026.08.27-15.16.41.656.jpk-force-map,2026-08-27T15:16:41.656000,9,2,0.2,far_constant_referenced,265.0,3.0700493616953506,-0.5947201728624418,5.692697976575185,64
27-08-26/0/map2-0.2-data-2026.08.27-15.16.41.656.jpk-force-map,2026-08-27T15:16:41.656000,9,2,0.2,far_constant_referenced,270.0,2.1152191781830414,-0.4420514710974605,4.84249241918591,64
27-08-26/0/map2-0.2-data-2026.08.27-15.16.41.656.jpk-force-map,2026-08-27T15:16:41.656000,9,2,0.2,far_constant_referenced,275.0,1.1578789977019606,-1.1252987400185224,3.6141036303989815,64
27-08-26/0/map2-0.2-data-2026.08.27-15.16.41.656.jpk-force-map,2026-08-27T15:16:41.656000,9,2,0.2,far_constant_referenced,280.0,1.5996508899291322,0.06772021524591823,3.875199230922822,64
27-08-26/0/map2-0.2-data-2026.08.27-15.16.41.656.jpk-force-map,2026-08-27T15:16:41.656000,9,2,0.2,far_constant_referenced,285.0,2.009364405030737,-0.13284966629390915,3.3782322568383134,64
27-08-26/0/map2-0.2-data-2026.08.27-15.16.41.656.jpk-force-map,2026-08-27T15:16:41.656000,9,2,0.2,far_constant_referenced,290.0,0.21631949123230637,-2.1261662441704865,2.691114373779815,64
27-08-26/0/map2-0.2-data-2026.08.27-15.16.41.656.jpk-force-map,2026-08-27T15:16:41.656000,9,2,0.2,far_constant_referenced,295.0,0.9741397641530848,-1.4653101363270518,3.847725947269865,64
27-08-26/0/map2-0.2-data-2026.08.27-15.16.41.656.jpk-force-map,2026-08-27T15:16:41.656000,9,2,0.2,far_constant_referenced,300.0,1.2657715901754272,-1.8162064699852705,3.193206960486181,64
27-08-26/0/map2-0.2-data-2026.08.27-15.16.41.656.jpk-force-map,2026-08-27T15:16:41.656000,9,2,0.2,far_constant_referenced,305.0,-0.23057180075290973,-1.6787841359463351,2.8351471948849776,64
27-08-26/0/map2-0.2-data-2026.08.27-15.16.41.656.jpk-force-map,2026-08-27T15:16:41.656000,9,2,0.2,far_constant_referenced,310.0,-0.881505965133212,-2.4185374009831406,1.6294229331822265,64
27-08-26/0/map2-0.2-data-2026.08.27-15.16.41.656.jpk-force-map,2026-08-27T15:16:41.656000,9,2,0.2,far_constant_referenced,315.0,-0.31860808057259415,-1.8475441549119525,1.3894634952516618,64
27-08-26/0/map2-0.2-data-2026.08.27-15.16.41.656.jpk-force-map,2026-08-27T15:16:41.656000,9,2,0.2,far_constant_referenced,320.0,-0.7512222115820952,-2.950656758357635,1.217932539038364,64
27-08-26/0/map2-0.2-data-2026.08.27-15.16.41.656.jpk-force-map,2026-08-27T15:16:41.656000,9,2,0.2,far_constant_referenced,325.0,-0.9156270130350991,-2.635136471085713,0.39749281203840525,64
27-08-26/0/map2-0.2-data-2026.08.27-15.16.41.656.jpk-force-map,2026-08-27T15:16:41.656000,9,2,0.2,far_constant_referenced,330.0,-1.8587024582680673,-4.071159167534883,0.550944334640128,64
27-08-26/0/map2-0.2-data-2026.08.27-15.16.41.656.jpk-force-map,2026-08-27T15:16:41.656000,9,2,0.2,far_constant_referenced,335.0,-1.7212739113653073,-4.520815183904028,0.07940039915986218,64
27-08-26/0/map2-0.2-data-2026.08.27-15.16.41.656.jpk-force-map,2026-08-27T15:16:41.656000,9,2,0.2,far_constant_referenced,340.0,-2.4908364968378787,-4.725168699488307,0.398505508835193,63
27-08-26/0/map2-0.2-data-2026.08.27-15.16.41.656.jpk-force-map,2026-08-27T15:16:41.656000,9,2,0.2,far_constant_referenced,345.0,-1.831204323159882,-4.783706302061452,1.1293743786608312,63
27-08-26/0/map2-0.2-data-2026.08.27-15.16.41.656.jpk-force-map,2026-08-27T15:16:41.656000,9,2,0.2,far_constant_referenced,350.0,-2.3661567464200184,-4.954709164853104,0.2191214927989345,62
27-08-26/0/map2-0.2-data-2026.08.27-15.16.41.656.jpk-force-map,2026-08-27T15:16:41.656000,9,2,0.2,far_constant_referenced,355.0,-2.06637364311298,-4.387201335364676,0.413279698913637,61
27-08-26/0/map2-0.2-data-2026.08.27-15.16.41.656.jpk-force-map,2026-08-27T15:16:41.656000,9,2,0.2,far_constant_referenced,360.0,-2.2475656025104165,-4.762831079747107,1.0291236086417446,55
27-08-26/0/map2-0.2-data-2026.08.27-15.20.44.298.jpk-force-map,2026-08-27T15:20:44.298000,10,2,0.2,linear_drift_corrected,5.0,7196.471751656467,6836.030375059372,7345.031194241762,64
27-08-26/0/map2-0.2-data-2026.08.27-15.20.44.298.jpk-force-map,2026-08-27T15:20:44.298000,10,2,0.2,linear_drift_corrected,10.0,4944.87555440546,4660.061178418751,5061.321438508265,64
27-08-26/0/map2-0.2-data-2026.08.27-15.20.44.298.jpk-force-map,2026-08-27T15:20:44.298000,10,2,0.2,linear_drift_corrected,15.0,3580.978555922711,3391.3405546950253,3654.8431469357383,64
27-08-26/0/map2-0.2-data-2026.08.27-15.20.44.298.jpk-force-map,2026-08-27T15:20:44.298000,10,2,0.2,linear_drift_corrected,20.0,2671.7239579115653,2533.0425356264977,2726.014119937393,64
27-08-26/0/map2-0.2-data-2026.08.27-15.20.44.298.jpk-force-map,2026-08-27T15:20:44.298000,10,2,0.2,linear_drift_corrected,25.0,2026.6723318659303,1945.0372957945856,2077.1551992934546,64
27-08-26/0/map2-0.2-data-2026.08.27-15.20.44.298.jpk-force-map,2026-08-27T15:20:44.298000,10,2,0.2,linear_drift_corrected,30.0,1565.1682628065466,1507.4991881790265,1609.5247619234474,64
27-08-26/0/map2-0.2-data-2026.08.27-15.20.44.298.jpk-force-map,2026-08-27T15:20:44.298000,10,2,0.2,linear_drift_corrected,35.0,1234.7060847830926,1179.9293047064284,1259.8360887063052,64
27-08-26/0/map2-0.2-data-2026.08.27-15.20.44.298.jpk-force-map,2026-08-27T15:20:44.298000,10,2,0.2,linear_drift_corrected,40.0,970.0554534609919,932.4291205023235,992.9565011037671,64
27-08-26/0/map2-0.2-data-2026.08.27-15.20.44.298.jpk-force-map,2026-08-27T15:20:44.298000,10,2,0.2,linear_drift_corrected,45.0,761.7881372677751,736.0097232170099,784.682095392636,64
27-08-26/0/map2-0.2-data-2026.08.27-15.20.44.298.jpk-force-map,2026-08-27T15:20:44.298000,10,2,0.2,linear_drift_corrected,50.0,602.4317593329345,579.6545156009718,620.9198726914524,64
27-08-26/0/map2-0.2-data-2026.08.27-15.20.44.298.jpk-force-map,2026-08-27T15:20:44.298000,10,2,0.2,linear_drift_corrected,55.0,478.5784307123764,456.94364638925197,494.8263894344138,64
27-08-26/0/map2-0.2-data-2026.08.27-15.20.44.298.jpk-force-map,2026-08-27T15:20:44.298000,10,2,0.2,linear_drift_corrected,60.0,379.5619562101492,361.40629994531423,394.12934961416784,64
27-08-26/0/map2-0.2-data-2026.08.27-15.20.44.298.jpk-force-map,2026-08-27T15:20:44.298000,10,2,0.2,linear_drift_corrected,65.0,302.31562739592255,286.517002724353,314.71465536170405,64
27-08-26/0/map2-0.2-data-2026.08.27-15.20.44.298.jpk-force-map,2026-08-27T15:20:44.298000,10,2,0.2,linear_drift_corrected,70.0,239.4745087388841,224.3649231538184,252.03642728654353,64
27-08-26/0/map2-0.2-data-2026.08.27-15.20.44.298.jpk-force-map,2026-08-27T15:20:44.298000,10,2,0.2,linear_drift_corrected,75.0,190.91006428600565,177.60987279309637,197.63812169179693,64
27-08-26/0/map2-0.2-data-2026.08.27-15.20.44.298.jpk-force-map,2026-08-27T15:20:44.298000,10,2,0.2,linear_drift_corrected,80.0,152.9585253301641,140.14331685817197,160.7551181429369,64
27-08-26/0/map2-0.2-data-2026.08.27-15.20.44.298.jpk-force-map,2026-08-27T15:20:44.298000,10,2,0.2,linear_drift_corrected,85.0,121.34353439408684,111.07028107127172,127.60678825166957,64
27-08-26/0/map2-0.2-data-2026.08.27-15.20.44.298.jpk-force-map,2026-08-27T15:20:44.298000,10,2,0.2,linear_drift_corrected,90.0,95.63531440558995,87.21502215754,103.20078324709876,64
27-08-26/0/map2-0.2-data-2026.08.27-15.20.44.298.jpk-force-map,2026-08-27T15:20:44.298000,10,2,0.2,linear_drift_corrected,95.0,77.19714245976465,70.06091963423711,82.70600173635808,64
27-08-26/0/map2-0.2-data-2026.08.27-15.20.44.298.jpk-force-map,2026-08-27T15:20:44.298000,10,2,0.2,linear_drift_corrected,100.0,63.571837508555944,55.65871999513451,67.58271330759298,64
27-08-26/0/map2-0.2-data-2026.08.27-15.20.44.298.jpk-force-map,2026-08-27T15:20:44.298000,10,2,0.2,linear_drift_corrected,105.0,50.5314915416493,44.68558670648537,56.6057343934785,64
27-08-26/0/map2-0.2-data-2026.08.27-15.20.44.298.jpk-force-map,2026-08-27T15:20:44.298000,10,2,0.2,linear_drift_corrected,110.0,39.57996919237573,34.32581486524452,48.64354504017072,64
27-08-26/0/map2-0.2-data-2026.08.27-15.20.44.298.jpk-force-map,2026-08-27T15:20:44.298000,10,2,0.2,linear_drift_corrected,115.0,33.25658512945116,26.297193655094148,40.96243589649745,64
27-08-26/0/map2-0.2-data-2026.08.27-15.20.44.298.jpk-force-map,2026-08-27T15:20:44.298000,10,2,0.2,linear_drift_corrected,120.0,26.883765665300047,20.850575724551458,32.03770566329206,64
27-08-26/0/map2-0.2-data-2026.08.27-15.20.44.298.jpk-force-map,2026-08-27T15:20:44.298000,10,2,0.2,linear_drift_corrected,125.0,22.4973666642627,14.211720091788244,27.62576952669572,64
27-08-26/0/map2-0.2-data-2026.08.27-15.20.44.298.jpk-force-map,2026-08-27T15:20:44.298000,10,2,0.2,linear_drift_corrected,130.0,19.06326246246312,12.070289183979071,25.158962038914623,64
27-08-26/0/map2-0.2-data-2026.08.27-15.20.44.298.jpk-force-map,2026-08-27T15:20:44.298000,10,2,0.2,linear_drift_corrected,135.0,17.71601835433863,9.036064706109777,22.737146841746696,64
27-08-26/0/map2-0.2-data-2026.08.27-15.20.44.298.jpk-force-map,2026-08-27T15:20:44.298000,10,2,0.2,linear_drift_corrected,140.0,13.032046548372568,7.714717373445962,20.079429270755085,64
27-08-26/0/map2-0.2-data-2026.08.27-15.20.44.298.jpk-force-map,2026-08-27T15:20:44.298000,10,2,0.2,linear_drift_corrected,145.0,11.752713735830865,4.864506358548498,18.657321903360014,64
27-08-26/0/map2-0.2-data-2026.08.27-15.20.44.298.jpk-force-map,2026-08-27T15:20:44.298000,10,2,0.2,linear_drift_corrected,150.0,10.908607110144114,4.011620589792025,16.80395826720818,64
27-08-26/0/map2-0.2-data-2026.08.27-15.20.44.298.jpk-force-map,2026-08-27T15:20:44.298000,10,2,0.2,linear_drift_corrected,155.0,9.162544979025391,2.9585536646436577,15.389021004945967,64
27-08-26/0/map2-0.2-data-2026.08.27-15.20.44.298.jpk-force-map,2026-08-27T15:20:44.298000,10,2,0.2,linear_drift_corrected,160.0,8.538481153457738,1.9527247055073444,14.523169003683902,64
27-08-26/0/map2-0.2-data-2026.08.27-15.20.44.298.jpk-force-map,2026-08-27T15:20:44.298000,10,2,0.2,linear_drift_corrected,165.0,7.305454688916386,1.4331688780306242,14.171250431832695,64
27-08-26/0/map2-0.2-data-2026.08.27-15.20.44.298.jpk-force-map,2026-08-27T15:20:44.298000,10,2,0.2,linear_drift_corrected,170.0,7.586179175890818,0.04246985024227981,11.92576918318083,64
27-08-26/0/map2-0.2-data-2026.08.27-15.20.44.298.jpk-force-map,2026-08-27T15:20:44.298000,10,2,0.2,linear_drift_corrected,175.0,6.464692344229519,-1.3564418666448999,12.592840669685884,64
27-08-26/0/map2-0.2-data-2026.08.27-15.20.44.298.jpk-force-map,2026-08-27T15:20:44.298000,10,2,0.2,linear_drift_corrected,180.0,5.335959122420668,-1.611867373613873,12.033467711669745,64
27-08-26/0/map2-0.2-data-2026.08.27-15.20.44.298.jpk-force-map,2026-08-27T15:20:44.298000,10,2,0.2,linear_drift_corrected,185.0,5.167082133062947,-1.1782618518447252,11.854504556423583,64
27-08-26/0/map2-0.2-data-2026.08.27-15.20.44.298.jpk-force-map,2026-08-27T15:20:44.298000,10,2,0.2,linear_drift_corrected,190.0,5.75709430952353,-1.4506994090882295,11.020705398548738,64
27-08-26/0/map2-0.2-data-2026.08.27-15.20.44.298.jpk-force-map,2026-08-27T15:20:44.298000,10,2,0.2,linear_drift_corrected,195.0,4.73084850660041,-2.5905323368565725,11.228691128177944,64
27-08-26/0/map2-0.2-data-2026.08.27-15.20.44.298.jpk-force-map,2026-08-27T15:20:44.298000,10,2,0.2,linear_drift_corrected,200.0,2.844025498104069,-1.4794953811942329,9.948492869197345,64
27-08-26/0/map2-0.2-data-2026.08.27-15.20.44.298.jpk-force-map,2026-08-27T15:20:44.298000,10,2,0.2,linear_drift_corrected,205.0,3.847069219188355,-1.4549722985021687,10.072958614367405,64
27-08-26/0/map2-0.2-data-2026.08.27-15.20.44.298.jpk-force-map,2026-08-27T15:20:44.298000,10,2,0.2,linear_drift_corrected,210.0,3.907741186658289,-1.328292658213412,9.122309029786168,64
27-08-26/0/map2-0.2-data-2026.08.27-15.20.44.298.jpk-force-map,2026-08-27T15:20:44.298000,10,2,0.2,linear_drift_corrected,215.0,2.3342865547902436,-2.4093240886528946,9.15684725683637,64
27-08-26/0/map2-0.2-data-2026.08.27-15.20.44.298.jpk-force-map,2026-08-27T15:20:44.298000,10,2,0.2,linear_drift_corrected,220.0,2.2434578401778458,-2.445593211066555,7.486634009558116,64
27-08-26/0/map2-0.2-data-2026.08.27-15.20.44.298.jpk-force-map,2026-08-27T15:20:44.298000,10,2,0.2,linear_drift_corrected,225.0,1.8264277610145516,-2.1067072968613827,7.338396906938521,64
27-08-26/0/map2-0.2-data-2026.08.27-15.20.44.298.jpk-force-map,2026-08-27T15:20:44.298000,10,2,0.2,linear_drift_corrected,230.0,1.767101795999431,-1.9933032837436335,6.474652484927606,64
27-08-26/0/map2-0.2-data-2026.08.27-15.20.44.298.jpk-force-map,2026-08-27T15:20:44.298000,10,2,0.2,linear_drift_corrected,235.0,1.578542995449704,-1.1629580444050476,5.909610002280683,64
27-08-26/0/map2-0.2-data-2026.08.27-15.20.44.298.jpk-force-map,2026-08-27T15:20:44.298000,10,2,0.2,linear_drift_corrected,240.0,2.0545114963864854,-2.045922194008336,4.97654105787149,64
27-08-26/0/map2-0.2-data-2026.08.27-15.20.44.298.jpk-force-map,2026-08-27T15:20:44.298000,10,2,0.2,linear_drift_corrected,245.0,1.7092087899913853,-1.4398815077622766,4.564208246575399,64
27-08-26/0/map2-0.2-data-2026.08.27-15.20.44.298.jpk-force-map,2026-08-27T15:20:44.298000,10,2,0.2,linear_drift_corrected,250.0,1.4074457034674475,-0.6370046426370282,3.7109478547810175,64
27-08-26/0/map2-0.2-data-2026.08.27-15.20.44.298.jpk-force-map,2026-08-27T15:20:44.298000,10,2,0.2,linear_drift_corrected,255.0,1.3811346461617746,-1.5057617855329033,3.101936335203769,64
27-08-26/0/map2-0.2-data-2026.08.27-15.20.44.298.jpk-force-map,2026-08-27T15:20:44.298000,10,2,0.2,linear_drift_corrected,260.0,0.275022411999096,-1.6283655332940192,3.1176112757255647,64
27-08-26/0/map2-0.2-data-2026.08.27-15.20.44.298.jpk-force-map,2026-08-27T15:20:44.298000,10,2,0.2,linear_drift_corrected,265.0,0.3878939083651912,-1.102811065149182,2.326143091549624,64
27-08-26/0/map2-0.2-data-2026.08.27-15.20.44.298.jpk-force-map,2026-08-27T15:20:44.298000,10,2,0.2,linear_drift_corrected,270.0,0.927727769021645,-1.3294099202122949,2.506792889116977,64
27-08-26/0/map2-0.2-data-2026.08.27-15.20.44.298.jpk-force-map,2026-08-27T15:20:44.298000,10,2,0.2,linear_drift_corrected,275.0,0.156053331098214,-1.3790552777064216,1.314763837178258,64
27-08-26/0/map2-0.2-data-2026.08.27-15.20.44.298.jpk-force-map,2026-08-27T15:20:44.298000,10,2,0.2,linear_drift_corrected,280.0,0.05933401286931134,-1.5380246743725554,1.8218539159768055,64
27-08-26/0/map2-0.2-data-2026.08.27-15.20.44.298.jpk-force-map,2026-08-27T15:20:44.298000,10,2,0.2,linear_drift_corrected,285.0,0.11152056021744267,-1.64227703522931,2.2691041696424,64
27-08-26/0/map2-0.2-data-2026.08.27-15.20.44.298.jpk-force-map,2026-08-27T15:20:44.298000,10,2,0.2,linear_drift_corrected,290.0,-1.0657880655481846,-2.2906685401736646,0.7810073367120961,64
27-08-26/0/map2-0.2-data-2026.08.27-15.20.44.298.jpk-force-map,2026-08-27T15:20:44.298000,10,2,0.2,linear_drift_corrected,295.0,-0.8672800698622277,-2.9380536644350745,1.15283342142085,64
27-08-26/0/map2-0.2-data-2026.08.27-15.20.44.298.jpk-force-map,2026-08-27T15:20:44.298000,10,2,0.2,linear_drift_corrected,300.0,-0.8477586408792117,-2.5275556421743657,0.9360322865439598,64
27-08-26/0/map2-0.2-data-2026.08.27-15.20.44.298.jpk-force-map,2026-08-27T15:20:44.298000,10,2,0.2,linear_drift_corrected,305.0,-0.632289158146724,-2.687553650920666,1.596254813093379,64
27-08-26/0/map2-0.2-data-2026.08.27-15.20.44.298.jpk-force-map,2026-08-27T15:20:44.298000,10,2,0.2,linear_drift_corrected,310.0,-0.487623670790899,-2.370776541864258,1.146194284661126,64
27-08-26/0/map2-0.2-data-2026.08.27-15.20.44.298.jpk-force-map,2026-08-27T15:20:44.298000,10,2,0.2,linear_drift_corrected,315.0,0.0175150631755048,-2.086874174327696,1.3219664800685607,64
27-08-26/0/map2-0.2-data-2026.08.27-15.20.44.298.jpk-force-map,2026-08-27T15:20:44.298000,10,2,0.2,linear_drift_corrected,320.0,-0.07541956372966457,-2.1636276886386847,1.6060188494953431,64
27-08-26/0/map2-0.2-data-2026.08.27-15.20.44.298.jpk-force-map,2026-08-27T15:20:44.298000,10,2,0.2,linear_drift_corrected,325.0,-0.0010507137743653028,-2.942821325001237,2.4565673013929805,64
27-08-26/0/map2-0.2-data-2026.08.27-15.20.44.298.jpk-force-map,2026-08-27T15:20:44.298000,10,2,0.2,linear_drift_corrected,330.0,-0.8499858153516185,-2.3898386355693484,0.671426914743292,64
27-08-26/0/map2-0.2-data-2026.08.27-15.20.44.298.jpk-force-map,2026-08-27T15:20:44.298000,10,2,0.2,linear_drift_corrected,335.0,0.0902706845697303,-1.1760751811335035,1.839859227173756,63
27-08-26/0/map2-0.2-data-2026.08.27-15.20.44.298.jpk-force-map,2026-08-27T15:20:44.298000,10,2,0.2,linear_drift_corrected,340.0,-0.5252958461829037,-2.290975481333997,1.8992892486111357,63
27-08-26/0/map2-0.2-data-2026.08.27-15.20.44.298.jpk-force-map,2026-08-27T15:20:44.298000,10,2,0.2,linear_drift_corrected,345.0,0.8438718055179142,-2.0594688700190567,2.274605007377236,63
27-08-26/0/map2-0.2-data-2026.08.27-15.20.44.298.jpk-force-map,2026-08-27T15:20:44.298000,10,2,0.2,linear_drift_corrected,350.0,0.6992018395645181,-1.708031090209957,2.050574670595989,62
27-08-26/0/map2-0.2-data-2026.08.27-15.20.44.298.jpk-force-map,2026-08-27T15:20:44.298000,10,2,0.2,linear_drift_corrected,355.0,0.35811954131107493,-1.8127143779592003,3.4478802636600197,61
27-08-26/0/map2-0.2-data-2026.08.27-15.20.44.298.jpk-force-map,2026-08-27T15:20:44.298000,10,2,0.2,linear_drift_corrected,360.0,1.7178779125107466,-0.8340038032497163,4.211091734192572,54
27-08-26/0/map2-0.2-data-2026.08.27-15.20.44.298.jpk-force-map,2026-08-27T15:20:44.298000,10,2,0.2,far_constant_referenced,5.0,7220.561250873468,6881.22561533296,7365.677831511377,64
27-08-26/0/map2-0.2-data-2026.08.27-15.20.44.298.jpk-force-map,2026-08-27T15:20:44.298000,10,2,0.2,far_constant_referenced,10.0,4965.92965897565,4693.712063071658,5098.838111386672,64
27-08-26/0/map2-0.2-data-2026.08.27-15.20.44.298.jpk-force-map,2026-08-27T15:20:44.298000,10,2,0.2,far_constant_referenced,15.0,3610.4086290692767,3431.0320684695407,3683.2639004899715,64
27-08-26/0/map2-0.2-data-2026.08.27-15.20.44.298.jpk-force-map,2026-08-27T15:20:44.298000,10,2,0.2,far_constant_referenced,20.0,2701.841628646619,2564.1466555062407,2746.0384940089407,64
27-08-26/0/map2-0.2-data-2026.08.27-15.20.44.298.jpk-force-map,2026-08-27T15:20:44.298000,10,2,0.2,far_constant_referenced,25.0,2062.3951860859797,1971.6487805293261,2097.333629411614,64
27-08-26/0/map2-0.2-data-2026.08.27-15.20.44.298.jpk-force-map,2026-08-27T15:20:44.298000,10,2,0.2,far_constant_referenced,30.0,1599.21458535705,1532.3161828810275,1628.6392363316345,64
27-08-26/0/map2-0.2-data-2026.08.27-15.20.44.298.jpk-force-map,2026-08-27T15:20:44.298000,10,2,0.2,far_constant_referenced,35.0,1257.083496608374,1205.3522602708401,1277.0163206796315,64
27-08-26/0/map2-0.2-data-2026.08.27-15.20.44.298.jpk-force-map,2026-08-27T15:20:44.298000,10,2,0.2,far_constant_referenced,40.0,994.5559303881464,954.201205608552,1015.2295390598292,64
27-08-26/0/map2-0.2-data-2026.08.27-15.20.44.298.jpk-force-map,2026-08-27T15:20:44.298000,10,2,0.2,far_constant_referenced,45.0,786.8930210777448,759.0186597903257,804.3993925595588,64
27-08-26/0/map2-0.2-data-2026.08.27-15.20.44.298.jpk-force-map,2026-08-27T15:20:44.298000,10,2,0.2,far_constant_referenced,50.0,627.5423967387983,604.1519897144524,639.6067592977224,64
27-08-26/0/map2-0.2-data-2026.08.27-15.20.44.298.jpk-force-map,2026-08-27T15:20:44.298000,10,2,0.2,far_constant_referenced,55.0,500.6969165601521,482.76453522153105,514.1196534439528,64
27-08-26/0/map2-0.2-data-2026.08.27-15.20.44.298.jpk-force-map,2026-08-27T15:20:44.298000,10,2,0.2,far_constant_referenced,60.0,399.55476212250625,387.73704404294415,412.1270449343662,64
27-08-26/0/map2-0.2-data-2026.08.27-15.20.44.298.jpk-force-map,2026-08-27T15:20:44.298000,10,2,0.2,far_constant_referenced,65.0,322.7138516042637,310.05125239157536,330.094230537724,64
27-08-26/0/map2-0.2-data-2026.08.27-15.20.44.298.jpk-force-map,2026-08-27T15:20:44.298000,10,2,0.2,far_constant_referenced,70.0,261.06224987103656,250.79354784156388,267.31202427880675,64
27-08-26/0/map2-0.2-data-2026.08.27-15.20.44.298.jpk-force-map,2026-08-27T15:20:44.298000,10,2,0.2,far_constant_referenced,75.0,207.87209643400962,202.81533476864016,215.87114613021973,64
27-08-26/0/map2-0.2-data-2026.08.27-15.20.44.298.jpk-force-map,2026-08-27T15:20:44.298000,10,2,0.2,far_constant_referenced,80.0,169.99544692904072,165.76247993711462,175.59680338226312,64
27-08-26/0/map2-0.2-data-2026.08.27-15.20.44.298.jpk-force-map,2026-08-27T15:20:44.298000,10,2,0.2,far_constant_referenced,85.0,138.6818430624241,134.08493893575707,143.46833894032457,64
27-08-26/0/map2-0.2-data-2026.08.27-15.20.44.298.jpk-force-map,2026-08-27T15:20:44.298000,10,2,0.2,far_constant_referenced,90.0,114.16736123222529,108.86685649488074,118.87956989786011,64
27-08-26/0/map2-0.2-data-2026.08.27-15.20.44.298.jpk-force-map,2026-08-27T15:20:44.298000,10,2,0.2,far_constant_referenced,95.0,93.68080325048831,88.86733111803761,98.8256136214051,64
27-08-26/0/map2-0.2-data-2026.08.27-15.20.44.298.jpk-force-map,2026-08-27T15:20:44.298000,10,2,0.2,far_constant_referenced,100.0,77.89140637830121,74.37044600175241,83.0311284137789,64
27-08-26/0/map2-0.2-data-2026.08.27-15.20.44.298.jpk-force-map,2026-08-27T15:20:44.298000,10,2,0.2,far_constant_referenced,105.0,66.14263244815055,62.01165582810303,70.95891279503167,64
27-08-26/0/map2-0.2-data-2026.08.27-15.20.44.298.jpk-force-map,2026-08-27T15:20:44.298000,10,2,0.2,far_constant_referenced,110.0,56.718239968336036,52.95452436515382,59.21289737640111,64
27-08-26/0/map2-0.2-data-2026.08.27-15.20.44.298.jpk-force-map,2026-08-27T15:20:44.298000,10,2,0.2,far_constant_referenced,115.0,48.42630344761924,43.722283336451774,52.41601197094553,64
27-08-26/0/map2-0.2-data-2026.08.27-15.20.44.298.jpk-force-map,2026-08-27T15:20:44.298000,10,2,0.2,far_constant_referenced,120.0,42.0592612359255,37.77129176091937,44.444466622707296,64
27-08-26/0/map2-0.2-data-2026.08.27-15.20.44.298.jpk-force-map,2026-08-27T15:20:44.298000,10,2,0.2,far_constant_referenced,125.0,35.63927299906432,31.926925353648457,39.48190439803128,64
27-08-26/0/map2-0.2-data-2026.08.27-15.20.44.298.jpk-force-map,2026-08-27T15:20:44.298000,10,2,0.2,far_constant_referenced,130.0,31.840889615967207,29.231741554090085,35.072038535582436,64
27-08-26/0/map2-0.2-data-2026.08.27-15.20.44.298.jpk-force-map,2026-08-27T15:20:44.298000,10,2,0.2,far_constant_referenced,135.0,30.0361396667997,25.62652231890222,32.45726783198075,64
27-08-26/0/map2-0.2-data-2026.08.27-15.20.44.298.jpk-force-map,2026-08-27T15:20:44.298000,10,2,0.2,far_constant_referenced,140.0,25.78989578496705,22.825726047879144,29.5692056762472,64
27-08-26/0/map2-0.2-data-2026.08.27-15.20.44.298.jpk-force-map,2026-08-27T15:20:44.298000,10,2,0.2,far_constant_referenced,145.0,24.011600209791933,21.73502674627389,27.357749238049532,64
27-08-26/0/map2-0.2-data-2026.08.27-15.20.44.298.jpk-force-map,2026-08-27T15:20:44.298000,10,2,0.2,far_constant_referenced,150.0,21.88570733162794,19.96921281444087,25.797810973427907,64
27-08-26/0/map2-0.2-data-2026.08.27-15.20.44.298.jpk-force-map,2026-08-27T15:20:44.298000,10,2,0.2,far_constant_referenced,155.0,20.5084521137119,16.137255115454877,23.618711129817488,64
27-08-26/0/map2-0.2-data-2026.08.27-15.20.44.298.jpk-force-map,2026-08-27T15:20:44.298000,10,2,0.2,far_constant_referenced,160.0,19.733310376561285,15.22445495544151,23.041020416587077,64
27-08-26/0/map2-0.2-data-2026.08.27-15.20.44.298.jpk-force-map,2026-08-27T15:20:44.298000,10,2,0.2,far_constant_referenced,165.0,17.63439375294756,14.125890168285677,21.8780592963098,64
27-08-26/0/map2-0.2-data-2026.08.27-15.20.44.298.jpk-force-map,2026-08-27T15:20:44.298000,10,2,0.2,far_constant_referenced,170.0,17.32237130798604,13.334700603980886,20.170248660764482,64
27-08-26/0/map2-0.2-data-2026.08.27-15.20.44.298.jpk-force-map,2026-08-27T15:20:44.298000,10,2,0.2,far_constant_referenced,175.0,15.853029023063103,12.38241769462004,19.93027679710635,64
27-08-26/0/map2-0.2-data-2026.08.27-15.20.44.298.jpk-force-map,2026-08-27T15:20:44.298000,10,2,0.2,far_constant_referenced,180.0,14.952163774378839,10.631881194831944,19.279572508686048,64
27-08-26/0/map2-0.2-data-2026.08.27-15.20.44.298.jpk-force-map,2026-08-27T15:20:44.298000,10,2,0.2,far_constant_referenced,185.0,13.36778410363084,10.607439788705548,18.282271188346108,64
27-08-26/0/map2-0.2-data-2026.08.27-15.20.44.298.jpk-force-map,2026-08-27T15:20:44.298000,10,2,0.2,far_constant_referenced,190.0,13.35758258129748,10.815837878613273,17.21675262365754,64
27-08-26/0/map2-0.2-data-2026.08.27-15.20.44.298.jpk-force-map,2026-08-27T15:20:44.298000,10,2,0.2,far_constant_referenced,195.0,12.469453703370498,8.953314509118059,16.816985903474166,64
27-08-26/0/map2-0.2-data-2026.08.27-15.20.44.298.jpk-force-map,2026-08-27T15:20:44.298000,10,2,0.2,far_constant_referenced,200.0,12.204810557625997,7.396190671790602,15.484276918889616,64
27-08-26/0/map2-0.2-data-2026.08.27-15.20.44.298.jpk-force-map,2026-08-27T15:20:44.298000,10,2,0.2,far_constant_referenced,205.0,12.1895641899,7.739979489279861,16.094237246614263,64
27-08-26/0/map2-0.2-data-2026.08.27-15.20.44.298.jpk-force-map,2026-08-27T15:20:44.298000,10,2,0.2,far_constant_referenced,210.0,10.735940450350656,6.067029232426735,15.04251123952622,64
27-08-26/0/map2-0.2-data-2026.08.27-15.20.44.298.jpk-force-map,2026-08-27T15:20:44.298000,10,2,0.2,far_constant_referenced,215.0,9.864598730368131,6.282317388270919,14.004490809945736,64
27-08-26/0/map2-0.2-data-2026.08.27-15.20.44.298.jpk-force-map,2026-08-27T15:20:44.298000,10,2,0.2,far_constant_referenced,220.0,8.205925634490704,5.520433902435423,12.643544359462773,64
27-08-26/0/map2-0.2-data-2026.08.27-15.20.44.298.jpk-force-map,2026-08-27T15:20:44.298000,10,2,0.2,far_constant_referenced,225.0,9.496113779337344,6.502979671288241,11.752855781656788,64
27-08-26/0/map2-0.2-data-2026.08.27-15.20.44.298.jpk-force-map,2026-08-27T15:20:44.298000,10,2,0.2,far_constant_referenced,230.0,8.431912341770978,5.608967211357817,10.585812809873381,64
27-08-26/0/map2-0.2-data-2026.08.27-15.20.44.298.jpk-force-map,2026-08-27T15:20:44.298000,10,2,0.2,far_constant_referenced,235.0,7.574301050751144,4.9738012952613735,9.624154689062406,64
27-08-26/0/map2-0.2-data-2026.08.27-15.20.44.298.jpk-force-map,2026-08-27T15:20:44.298000,10,2,0.2,far_constant_referenced,240.0,7.081136349302499,3.9920134957901485,10.61457215632965,64
27-08-26/0/map2-0.2-data-2026.08.27-15.20.44.298.jpk-force-map,2026-08-27T15:20:44.298000,10,2,0.2,far_constant_referenced,245.0,6.3950373759045505,3.1532396077635094,9.00115977311888,64
27-08-26/0/map2-0.2-data-2026.08.27-15.20.44.298.jpk-force-map,2026-08-27T15:20:44.298000,10,2,0.2,far_constant_referenced,250.0,6.471393471810268,2.752671428151992,8.575678009733412,64
27-08-26/0/map2-0.2-data-2026.08.27-15.20.44.298.jpk-force-map,2026-08-27T15:20:44.298000,10,2,0.2,far_constant_referenced,255.0,4.7643470185104,2.605612942384031,7.690866801067115,64
27-08-26/0/map2-0.2-data-2026.08.27-15.20.44.298.jpk-force-map,2026-08-27T15:20:44.298000,10,2,0.2,far_constant_referenced,260.0,4.586733668652565,1.109021036904358,7.38192593654247,64
27-08-26/0/map2-0.2-data-2026.08.27-15.20.44.298.jpk-force-map,2026-08-27T15:20:44.298000,10,2,0.2,far_constant_referenced,265.0,3.7632309998070657,0.6079535727223953,6.437017696493246,64
27-08-26/0/map2-0.2-data-2026.08.27-15.20.44.298.jpk-force-map,2026-08-27T15:20:44.298000,10,2,0.2,far_constant_referenced,270.0,4.005495410201503,0.7153367103655539,6.774233304098976,64
27-08-26/0/map2-0.2-data-2026.08.27-15.20.44.298.jpk-force-map,2026-08-27T15:20:44.298000,10,2,0.2,far_constant_referenced,275.0,2.3589995273407958,0.4944507642519594,4.8282338968015726,64
27-08-26/0/map2-0.2-data-2026.08.27-15.20.44.298.jpk-force-map,2026-08-27T15:20:44.298000,10,2,0.2,far_constant_referenced,280.0,2.3488477079176753,0.10256816821056505,4.641698874549877,64
27-08-26/0/map2-0.2-data-2026.08.27-15.20.44.298.jpk-force-map,2026-08-27T15:20:44.298000,10,2,0.2,far_constant_referenced,285.0,2.1630582293200344,0.006604274202432064,4.446509333047043,64
27-08-26/0/map2-0.2-data-2026.08.27-15.20.44.298.jpk-force-map,2026-08-27T15:20:44.298000,10,2,0.2,far_constant_referenced,290.0,0.7603799727997658,-0.6611170481223383,2.3681635014222286,64
27-08-26/0/map2-0.2-data-2026.08.27-15.20.44.298.jpk-force-map,2026-08-27T15:20:44.298000,10,2,0.2,far_constant_referenced,295.0,0.23156585895833662,-1.6126357752377725,2.5488708574444914,64
27-08-26/0/map2-0.2-data-2026.08.27-15.20.44.298.jpk-force-map,2026-08-27T15:20:44.298000,10,2,0.2,far_constant_referenced,300.0,0.24532113937617714,-1.6202589591007688,1.8370816922996416,64
27-08-26/0/map2-0.2-data-2026.08.27-15.20.44.298.jpk-force-map,2026-08-27T15:20:44.298000,10,2,0.2,far_constant_referenced,305.0,-0.29824231308854265,-2.2959016827501855,1.6319577816060984,64
27-08-26/0/map2-0.2-data-2026.08.27-15.20.44.298.jpk-force-map,2026-08-27T15:20:44.298000,10,2,0.2,far_constant_referenced,310.0,-0.7741352532175938,-2.5162657483058957,1.22326317616509,64
27-08-26/0/map2-0.2-data-2026.08.27-15.20.44.298.jpk-force-map,2026-08-27T15:20:44.298000,10,2,0.2,far_constant_referenced,315.0,-0.2127533074202898,-2.416524433117105,0.7949918369406059,64
27-08-26/0/map2-0.2-data-2026.08.27-15.20.44.298.jpk-force-map,2026-08-27T15:20:44.298000,10,2,0.2,far_constant_referenced,320.0,-0.954817757784761,-2.7661719811546774,1.413600471052607,64
27-08-26/0/map2-0.2-data-2026.08.27-15.20.44.298.jpk-force-map,2026-08-27T15:20:44.298000,10,2,0.2,far_constant_referenced,325.0,-1.5375595292715587,-4.358721567778695,1.519250219700011,64
27-08-26/0/map2-0.2-data-2026.08.27-15.20.44.298.jpk-force-map,2026-08-27T15:20:44.298000,10,2,0.2,far_constant_referenced,330.0,-2.4450352650220086,-3.986906521759681,-0.3392285754717916,64
27-08-26/0/map2-0.2-data-2026.08.27-15.20.44.298.jpk-force-map,2026-08-27T15:20:44.298000,10,2,0.2,far_constant_referenced,335.0,-1.4199872950225731,-3.6222486948198496,0.24074847163113436,63
27-08-26/0/map2-0.2-data-2026.08.27-15.20.44.298.jpk-force-map,2026-08-27T15:20:44.298000,10,2,0.2,far_constant_referenced,340.0,-3.1148316838506354,-5.278399368000965,0.5181155624053407,63
27-08-26/0/map2-0.2-data-2026.08.27-15.20.44.298.jpk-force-map,2026-08-27T15:20:44.298000,10,2,0.2,far_constant_referenced,345.0,-2.092840442832955,-5.34813255111292,0.7502033019215296,63
27-08-26/0/map2-0.2-data-2026.08.27-15.20.44.298.jpk-force-map,2026-08-27T15:20:44.298000,10,2,0.2,far_constant_referenced,350.0,-2.332035698518088,-4.766888079798072,-0.4008229070266481,62
27-08-26/0/map2-0.2-data-2026.08.27-15.20.44.298.jpk-force-map,2026-08-27T15:20:44.298000,10,2,0.2,far_constant_referenced,355.0,-3.2400084633712405,-5.521148381770568,-0.3104692290155086,61
27-08-26/0/map2-0.2-data-2026.08.27-15.20.44.298.jpk-force-map,2026-08-27T15:20:44.298000,10,2,0.2,far_constant_referenced,360.0,-1.6357973314246257,-5.681508608900161,0.7484077842879452,54
27-08-26/0/map2-0.05-data-2026.08.27-15.24.51.168.jpk-force-map,2026-08-27T15:24:51.168000,11,2,0.05,linear_drift_corrected,5.0,7072.958812085323,6489.091298047946,7370.077490496552,64
27-08-26/0/map2-0.05-data-2026.08.27-15.24.51.168.jpk-force-map,2026-08-27T15:24:51.168000,11,2,0.05,linear_drift_corrected,10.0,4866.483161813364,4601.365715363251,5076.203085194439,64
27-08-26/0/map2-0.05-data-2026.08.27-15.24.51.168.jpk-force-map,2026-08-27T15:24:51.168000,11,2,0.05,linear_drift_corrected,15.0,3483.951648354774,3302.4683127901867,3609.644766398147,64
27-08-26/0/map2-0.05-data-2026.08.27-15.24.51.168.jpk-force-map,2026-08-27T15:24:51.168000,11,2,0.05,linear_drift_corrected,20.0,2574.5393010871644,2439.4919067475676,2658.8110871176204,64
27-08-26/0/map2-0.05-data-2026.08.27-15.24.51.168.jpk-force-map,2026-08-27T15:24:51.168000,11,2,0.05,linear_drift_corrected,25.0,1941.196695333672,1829.8616609859719,2005.5011078734942,64
27-08-26/0/map2-0.05-data-2026.08.27-15.24.51.168.jpk-force-map,2026-08-27T15:24:51.168000,11,2,0.05,linear_drift_corrected,30.0,1484.9217485968184,1393.3045284246175,1532.8276446881107,64
27-08-26/0/map2-0.05-data-2026.08.27-15.24.51.168.jpk-force-map,2026-08-27T15:24:51.168000,11,2,0.05,linear_drift_corrected,35.0,1146.1380356180719,1076.629966060941,1194.093294153862,64
27-08-26/0/map2-0.05-data-2026.08.27-15.24.51.168.jpk-force-map,2026-08-27T15:24:51.168000,11,2,0.05,linear_drift_corrected,40.0,885.9986357116569,831.8202172214442,927.7002157751174,64
27-08-26/0/map2-0.05-data-2026.08.27-15.24.51.168.jpk-force-map,2026-08-27T15:24:51.168000,11,2,0.05,linear_drift_corrected,45.0,681.2809559439523,638.2754589684046,724.4157932781501,64
27-08-26/0/map2-0.05-data-2026.08.27-15.24.51.168.jpk-force-map,2026-08-27T15:24:51.168000,11,2,0.05,linear_drift_corrected,50.0,527.1868104538228,492.7217914062195,567.3175490276885,64
27-08-26/0/map2-0.05-data-2026.08.27-15.24.51.168.jpk-force-map,2026-08-27T15:24:51.168000,11,2,0.05,linear_drift_corrected,55.0,410.98161929559905,378.40915762467625,439.43338254001765,64
27-08-26/0/map2-0.05-data-2026.08.27-15.24.51.168.jpk-force-map,2026-08-27T15:24:51.168000,11,2,0.05,linear_drift_corrected,60.0,318.29613760100773,287.1236484717097,347.6943877510801,64
27-08-26/0/map2-0.05-data-2026.08.27-15.24.51.168.jpk-force-map,2026-08-27T15:24:51.168000,11,2,0.05,linear_drift_corrected,65.0,249.93496864635046,222.02415957746985,271.7420246304098,64
27-08-26/0/map2-0.05-data-2026.08.27-15.24.51.168.jpk-force-map,2026-08-27T15:24:51.168000,11,2,0.05,linear_drift_corrected,70.0,189.83411734331966,168.45072906735575,212.0677606320019,64
27-08-26/0/map2-0.05-data-2026.08.27-15.24.51.168.jpk-force-map,2026-08-27T15:24:51.168000,11,2,0.05,linear_drift_corrected,75.0,148.34077006437627,127.41382702928722,166.66777524778166,64
27-08-26/0/map2-0.05-data-2026.08.27-15.24.51.168.jpk-force-map,2026-08-27T15:24:51.168000,11,2,0.05,linear_drift_corrected,80.0,115.07774787575747,97.29233553324524,132.25979910911974,64
27-08-26/0/map2-0.05-data-2026.08.27-15.24.51.168.jpk-force-map,2026-08-27T15:24:51.168000,11,2,0.05,linear_drift_corrected,85.0,89.43670289432076,73.07747998795486,102.15134974206023,64
27-08-26/0/map2-0.05-data-2026.08.27-15.24.51.168.jpk-force-map,2026-08-27T15:24:51.168000,11,2,0.05,linear_drift_corrected,90.0,71.0859191302415,56.69111702988248,81.94837617407326,64
27-08-26/0/map2-0.05-data-2026.08.27-15.24.51.168.jpk-force-map,2026-08-27T15:24:51.168000,11,2,0.05,linear_drift_corrected,95.0,55.60405239308216,44.95436576805052,63.83628098409138,64
27-08-26/0/map2-0.05-data-2026.08.27-15.24.51.168.jpk-force-map,2026-08-27T15:24:51.168000,11,2,0.05,linear_drift_corrected,100.0,43.32900172111701,33.84847348737637,51.55217814688815,64
27-08-26/0/map2-0.05-data-2026.08.27-15.24.51.168.jpk-force-map,2026-08-27T15:24:51.168000,11,2,0.05,linear_drift_corrected,105.0,34.14827124259252,23.31982287598877,41.653546246284996,64
27-08-26/0/map2-0.05-data-2026.08.27-15.24.51.168.jpk-force-map,2026-08-27T15:24:51.168000,11,2,0.05,linear_drift_corrected,110.0,26.784925856576933,19.23938365931315,33.867112111230995,64
27-08-26/0/map2-0.05-data-2026.08.27-15.24.51.168.jpk-force-map,2026-08-27T15:24:51.168000,11,2,0.05,linear_drift_corrected,115.0,23.022630272914284,16.73369117128582,28.102294356852198,64
27-08-26/0/map2-0.05-data-2026.08.27-15.24.51.168.jpk-force-map,2026-08-27T15:24:51.168000,11,2,0.05,linear_drift_corrected,120.0,18.41521459160804,9.774090338325967,24.87753173806746,64
27-08-26/0/map2-0.05-data-2026.08.27-15.24.51.168.jpk-force-map,2026-08-27T15:24:51.168000,11,2,0.05,linear_drift_corrected,125.0,14.715389471716767,6.526494326721448,21.74192347568984,64
27-08-26/0/map2-0.05-data-2026.08.27-15.24.51.168.jpk-force-map,2026-08-27T15:24:51.168000,11,2,0.05,linear_drift_corrected,130.0,13.620899599805828,4.490070822833358,18.56842888505004,64
27-08-26/0/map2-0.05-data-2026.08.27-15.24.51.168.jpk-force-map,2026-08-27T15:24:51.168000,11,2,0.05,linear_drift_corrected,135.0,9.510939309152171,1.2096460922297823,16.151885539464757,64
27-08-26/0/map2-0.05-data-2026.08.27-15.24.51.168.jpk-force-map,2026-08-27T15:24:51.168000,11,2,0.05,linear_drift_corrected,140.0,7.403140225670592,0.01373924890516319,16.89048247615614,64
27-08-26/0/map2-0.05-data-2026.08.27-15.24.51.168.jpk-force-map,2026-08-27T15:24:51.168000,11,2,0.05,linear_drift_corrected,145.0,6.582318282449186,0.410966757636657,14.184841494096844,64
27-08-26/0/map2-0.05-data-2026.08.27-15.24.51.168.jpk-force-map,2026-08-27T15:24:51.168000,11,2,0.05,linear_drift_corrected,150.0,4.7841499492458635,-1.236983920719899,13.349750440051483,64
27-08-26/0/map2-0.05-data-2026.08.27-15.24.51.168.jpk-force-map,2026-08-27T15:24:51.168000,11,2,0.05,linear_drift_corrected,155.0,4.295072724110737,-1.4046132083880851,12.468398720959529,64
27-08-26/0/map2-0.05-data-2026.08.27-15.24.51.168.jpk-force-map,2026-08-27T15:24:51.168000,11,2,0.05,linear_drift_corrected,160.0,4.9338194625420915,-1.8936694382358203,11.434829459411645,64
27-08-26/0/map2-0.05-data-2026.08.27-15.24.51.168.jpk-force-map,2026-08-27T15:24:51.168000,11,2,0.05,linear_drift_corrected,165.0,4.910817631643398,-2.235893440006703,11.616728902103564,64
27-08-26/0/map2-0.05-data-2026.08.27-15.24.51.168.jpk-force-map,2026-08-27T15:24:51.168000,11,2,0.05,linear_drift_corrected,170.0,3.3657459710284097,-2.292377018067515,11.60731534386967,64
27-08-26/0/map2-0.05-data-2026.08.27-15.24.51.168.jpk-force-map,2026-08-27T15:24:51.168000,11,2,0.05,linear_drift_corrected,175.0,2.1022255511058523,-2.3749140397010207,10.551541323180443,64
27-08-26/0/map2-0.05-data-2026.08.27-15.24.51.168.jpk-force-map,2026-08-27T15:24:51.168000,11,2,0.05,linear_drift_corrected,180.0,3.8985681365862304,-2.4455004552868784,10.338212065859398,64
27-08-26/0/map2-0.05-data-2026.08.27-15.24.51.168.jpk-force-map,2026-08-27T15:24:51.168000,11,2,0.05,linear_drift_corrected,185.0,3.7296887092660365,-2.5314133195373256,8.563986906785274,64
27-08-26/0/map2-0.05-data-2026.08.27-15.24.51.168.jpk-force-map,2026-08-27T15:24:51.168000,11,2,0.05,linear_drift_corrected,190.0,1.8459022543985542,-3.455010766568669,8.693078671944985,64
27-08-26/0/map2-0.05-data-2026.08.27-15.24.51.168.jpk-force-map,2026-08-27T15:24:51.168000,11,2,0.05,linear_drift_corrected,195.0,3.89180719670177,-2.2241902500362785,10.245514987464345,64
27-08-26/0/map2-0.05-data-2026.08.27-15.24.51.168.jpk-force-map,2026-08-27T15:24:51.168000,11,2,0.05,linear_drift_corrected,200.0,1.0955490500521017,-2.392134482436,9.4183593565421,64
27-08-26/0/map2-0.05-data-2026.08.27-15.24.51.168.jpk-force-map,2026-08-27T15:24:51.168000,11,2,0.05,linear_drift_corrected,205.0,1.7337009954329528,-2.501820269803802,7.582099766575527,64
27-08-26/0/map2-0.05-data-2026.08.27-15.24.51.168.jpk-force-map,2026-08-27T15:24:51.168000,11,2,0.05,linear_drift_corrected,210.0,1.3620707301603243,-2.0002129760019955,7.369702498039528,64
27-08-26/0/map2-0.05-data-2026.08.27-15.24.51.168.jpk-force-map,2026-08-27T15:24:51.168000,11,2,0.05,linear_drift_corrected,215.0,1.682213587219966,-3.2663501841338936,5.9639373047765964,64
27-08-26/0/map2-0.05-data-2026.08.27-15.24.51.168.jpk-force-map,2026-08-27T15:24:51.168000,11,2,0.05,linear_drift_corrected,220.0,1.754363058680839,-3.2114618944833158,6.155922630472032,64
27-08-26/0/map2-0.05-data-2026.08.27-15.24.51.168.jpk-force-map,2026-08-27T15:24:51.168000,11,2,0.05,linear_drift_corrected,225.0,0.028640389250512585,-4.113118706677309,6.896237458129361,64
27-08-26/0/map2-0.05-data-2026.08.27-15.24.51.168.jpk-force-map,2026-08-27T15:24:51.168000,11,2,0.05,linear_drift_corrected,230.0,0.8900209474360838,-2.963702469760227,6.221719762146037,64
27-08-26/0/map2-0.05-data-2026.08.27-15.24.51.168.jpk-force-map,2026-08-27T15:24:51.168000,11,2,0.05,linear_drift_corrected,235.0,1.2328979469119625,-2.5834270475242582,5.3029637243891115,64
27-08-26/0/map2-0.05-data-2026.08.27-15.24.51.168.jpk-force-map,2026-08-27T15:24:51.168000,11,2,0.05,linear_drift_corrected,240.0,0.41257306667032645,-3.272703606594948,4.262435524240122,64
27-08-26/0/map2-0.05-data-2026.08.27-15.24.51.168.jpk-force-map,2026-08-27T15:24:51.168000,11,2,0.05,linear_drift_corrected,245.0,-0.3140012868790147,-2.540122545214682,2.9216090111652653,64
27-08-26/0/map2-0.05-data-2026.08.27-15.24.51.168.jpk-force-map,2026-08-27T15:24:51.168000,11,2,0.05,linear_drift_corrected,250.0,-0.15749633536974106,-2.9155966168745984,3.347392055400202,64
27-08-26/0/map2-0.05-data-2026.08.27-15.24.51.168.jpk-force-map,2026-08-27T15:24:51.168000,11,2,0.05,linear_drift_corrected,255.0,1.0543316961375335,-2.162799313962503,2.771579652889253,64
27-08-26/0/map2-0.05-data-2026.08.27-15.24.51.168.jpk-force-map,2026-08-27T15:24:51.168000,11,2,0.05,linear_drift_corrected,260.0,0.24688766471557239,-1.398076278056695,2.4470161355615923,64
27-08-26/0/map2-0.05-data-2026.08.27-15.24.51.168.jpk-force-map,2026-08-27T15:24:51.168000,11,2,0.05,linear_drift_corrected,265.0,1.0324036636998106,-0.6845571161016584,2.6477219824102765,64
27-08-26/0/map2-0.05-data-2026.08.27-15.24.51.168.jpk-force-map,2026-08-27T15:24:51.168000,11,2,0.05,linear_drift_corrected,270.0,0.33350219420698557,-1.688482553820692,1.7900530973194055,64
27-08-26/0/map2-0.05-data-2026.08.27-15.24.51.168.jpk-force-map,2026-08-27T15:24:51.168000,11,2,0.05,linear_drift_corrected,275.0,0.12946435552585406,-1.2913512201772595,2.165985757742239,64
27-08-26/0/map2-0.05-data-2026.08.27-15.24.51.168.jpk-force-map,2026-08-27T15:24:51.168000,11,2,0.05,linear_drift_corrected,280.0,-0.7273106185869778,-2.320626254614534,0.9299160501050066,64
27-08-26/0/map2-0.05-data-2026.08.27-15.24.51.168.jpk-force-map,2026-08-27T15:24:51.168000,11,2,0.05,linear_drift_corrected,285.0,0.2057714548435442,-1.8045900710313845,1.1034232924858502,64
27-08-26/0/map2-0.05-data-2026.08.27-15.24.51.168.jpk-force-map,2026-08-27T15:24:51.168000,11,2,0.05,linear_drift_corrected,290.0,-0.03242743532271882,-1.943414162006543,1.738637705285166,64
27-08-26/0/map2-0.05-data-2026.08.27-15.24.51.168.jpk-force-map,2026-08-27T15:24:51.168000,11,2,0.05,linear_drift_corrected,295.0,-0.767927693851397,-2.3485312553778277,1.5453375958748328,64
27-08-26/0/map2-0.05-data-2026.08.27-15.24.51.168.jpk-force-map,2026-08-27T15:24:51.168000,11,2,0.05,linear_drift_corrected,300.0,0.2908211113264331,-1.6836831799919503,1.959953085606073,64
27-08-26/0/map2-0.05-data-2026.08.27-15.24.51.168.jpk-force-map,2026-08-27T15:24:51.168000,11,2,0.05,linear_drift_corrected,305.0,0.1058001426664498,-1.9365348336688522,2.098907094255705,64
27-08-26/0/map2-0.05-data-2026.08.27-15.24.51.168.jpk-force-map,2026-08-27T15:24:51.168000,11,2,0.05,linear_drift_corrected,310.0,-0.19642245631897914,-2.8995646509162634,1.0907461485665109,64
27-08-26/0/map2-0.05-data-2026.08.27-15.24.51.168.jpk-force-map,2026-08-27T15:24:51.168000,11,2,0.05,linear_drift_corrected,315.0,0.00934422968011429,-2.2566359669052014,1.293802276197341,64
27-08-26/0/map2-0.05-data-2026.08.27-15.24.51.168.jpk-force-map,2026-08-27T15:24:51.168000,11,2,0.05,linear_drift_corrected,320.0,-0.6794257908051187,-2.3873154482782435,1.310564810120049,64
27-08-26/0/map2-0.05-data-2026.08.27-15.24.51.168.jpk-force-map,2026-08-27T15:24:51.168000,11,2,0.05,linear_drift_corrected,325.0,-0.3453735211694262,-2.4735680691430524,2.3661572694819037,64
27-08-26/0/map2-0.05-data-2026.08.27-15.24.51.168.jpk-force-map,2026-08-27T15:24:51.168000,11,2,0.05,linear_drift_corrected,330.0,-0.30820652612022925,-2.093761573006947,0.9229497098197537,64
27-08-26/0/map2-0.05-data-2026.08.27-15.24.51.168.jpk-force-map,2026-08-27T15:24:51.168000,11,2,0.05,linear_drift_corrected,335.0,0.2536462377855079,-2.2295670212202605,2.156160453697221,64
27-08-26/0/map2-0.05-data-2026.08.27-15.24.51.168.jpk-force-map,2026-08-27T15:24:51.168000,11,2,0.05,linear_drift_corrected,340.0,-0.3607219149495612,-2.0204513082011255,2.0958488341304187,63
27-08-26/0/map2-0.05-data-2026.08.27-15.24.51.168.jpk-force-map,2026-08-27T15:24:51.168000,11,2,0.05,linear_drift_corrected,345.0,0.37877603713115576,-0.9502311958382242,1.6386189969449385,63
27-08-26/0/map2-0.05-data-2026.08.27-15.24.51.168.jpk-force-map,2026-08-27T15:24:51.168000,11,2,0.05,linear_drift_corrected,350.0,0.24727959659538257,-1.7599867535214813,1.8747311808259048,62
27-08-26/0/map2-0.05-data-2026.08.27-15.24.51.168.jpk-force-map,2026-08-27T15:24:51.168000,11,2,0.05,linear_drift_corrected,355.0,0.9164431657009133,-1.5691802796610206,3.162091423573829,61
27-08-26/0/map2-0.05-data-2026.08.27-15.24.51.168.jpk-force-map,2026-08-27T15:24:51.168000,11,2,0.05,linear_drift_corrected,360.0,1.7896226543533202,-0.4810711054897603,4.630977974364351,50
27-08-26/0/map2-0.05-data-2026.08.27-15.24.51.168.jpk-force-map,2026-08-27T15:24:51.168000,11,2,0.05,far_constant_referenced,5.0,7092.486605298062,6522.266084159993,7415.374274192412,64
27-08-26/0/map2-0.05-data-2026.08.27-15.24.51.168.jpk-force-map,2026-08-27T15:24:51.168000,11,2,0.05,far_constant_referenced,10.0,4901.682384882093,4613.396726526608,5088.625884288995,64
27-08-26/0/map2-0.05-data-2026.08.27-15.24.51.168.jpk-force-map,2026-08-27T15:24:51.168000,11,2,0.05,far_constant_referenced,15.0,3523.143750842735,3331.15801544599,3646.021950936315,64
27-08-26/0/map2-0.05-data-2026.08.27-15.24.51.168.jpk-force-map,2026-08-27T15:24:51.168000,11,2,0.05,far_constant_referenced,20.0,2604.9604922808844,2473.712502270509,2689.894328867113,64
27-08-26/0/map2-0.05-data-2026.08.27-15.24.51.168.jpk-force-map,2026-08-27T15:24:51.168000,11,2,0.05,far_constant_referenced,25.0,1961.7717063684795,1872.652431198272,2034.4170326961844,64
27-08-26/0/map2-0.05-data-2026.08.27-15.24.51.168.jpk-force-map,2026-08-27T15:24:51.168000,11,2,0.05,far_constant_referenced,30.0,1502.6352947653986,1433.1643131437313,1563.762126959108,64
27-08-26/0/map2-0.05-data-2026.08.27-15.24.51.168.jpk-force-map,2026-08-27T15:24:51.168000,11,2,0.05,far_constant_referenced,35.0,1167.1522063544573,1108.0728917622769,1211.9824483281066,64
27-08-26/0/map2-0.05-data-2026.08.27-15.24.51.168.jpk-force-map,2026-08-27T15:24:51.168000,11,2,0.05,far_constant_referenced,40.0,906.2675574075511,852.0648127924117,942.7267420401937,64
27-08-26/0/map2-0.05-data-2026.08.27-15.24.51.168.jpk-force-map,2026-08-27T15:24:51.168000,11,2,0.05,far_constant_referenced,45.0,707.1642844925927,667.6671275139716,736.3713050616863,64
27-08-26/0/map2-0.05-data-2026.08.27-15.24.51.168.jpk-force-map,2026-08-27T15:24:51.168000,11,2,0.05,far_constant_referenced,50.0,550.4505859295016,520.6286906574303,580.4457579725093,64
27-08-26/0/map2-0.05-data-2026.08.27-15.24.51.168.jpk-force-map,2026-08-27T15:24:51.168000,11,2,0.05,far_constant_referenced,55.0,434.77667978401456,406.83109422617537,459.10741616780075,64
27-08-26/0/map2-0.05-data-2026.08.27-15.24.51.168.jpk-force-map,2026-08-27T15:24:51.168000,11,2,0.05,far_constant_referenced,60.0,342.46649641292095,315.68565506726503,362.27514397572736,64
27-08-26/0/map2-0.05-data-2026.08.27-15.24.51.168.jpk-force-map,2026-08-27T15:24:51.168000,11,2,0.05,far_constant_referenced,65.0,271.69081960947165,248.77704485604528,289.7476321839591,64
27-08-26/0/map2-0.05-data-2026.08.27-15.24.51.168.jpk-force-map,2026-08-27T15:24:51.168000,11,2,0.05,far_constant_referenced,70.0,213.16217598592462,194.9970172799075,230.68155099163846,64
27-08-26/0/map2-0.05-data-2026.08.27-15.24.51.168.jpk-force-map,2026-08-27T15:24:51.168000,11,2,0.05,far_constant_referenced,75.0,169.8962274944098,152.13589277969626,183.25332547233214,64
27-08-26/0/map2-0.05-data-2026.08.27-15.24.51.168.jpk-force-map,2026-08-27T15:24:51.168000,11,2,0.05,far_constant_referenced,80.0,135.63114055855226,123.02857624860894,147.64739070033295,64
27-08-26/0/map2-0.05-data-2026.08.27-15.24.51.168.jpk-force-map,2026-08-27T15:24:51.168000,11,2,0.05,far_constant_referenced,85.0,107.76517906296911,97.05545068492329,117.91965759177242,64
27-08-26/0/map2-0.05-data-2026.08.27-15.24.51.168.jpk-force-map,2026-08-27T15:24:51.168000,11,2,0.05,far_constant_referenced,90.0,86.41543063853425,79.10450530931564,96.2077799759579,64
27-08-26/0/map2-0.05-data-2026.08.27-15.24.51.168.jpk-force-map,2026-08-27T15:24:51.168000,11,2,0.05,far_constant_referenced,95.0,72.33408670358008,63.878292113423285,78.87396457288168,64
27-08-26/0/map2-0.05-data-2026.08.27-15.24.51.168.jpk-force-map,2026-08-27T15:24:51.168000,11,2,0.05,far_constant_referenced,100.0,59.737381124185035,53.79582688874059,67.29416811192904,64
27-08-26/0/map2-0.05-data-2026.08.27-15.24.51.168.jpk-force-map,2026-08-27T15:24:51.168000,11,2,0.05,far_constant_referenced,105.0,48.67978829000765,44.61525203526651,54.564090985682284,64
27-08-26/0/map2-0.05-data-2026.08.27-15.24.51.168.jpk-force-map,2026-08-27T15:24:51.168000,11,2,0.05,far_constant_referenced,110.0,41.48004837106807,37.947122018871156,48.22985269476824,64
27-08-26/0/map2-0.05-data-2026.08.27-15.24.51.168.jpk-force-map,2026-08-27T15:24:51.168000,11,2,0.05,far_constant_referenced,115.0,37.42112233232389,32.73669138066749,41.84575617198736,64
27-08-26/0/map2-0.05-data-2026.08.27-15.24.51.168.jpk-force-map,2026-08-27T15:24:51.168000,11,2,0.05,far_constant_referenced,120.0,32.2949008498489,28.8195118291559,36.92794520514765,64
27-08-26/0/map2-0.05-data-2026.08.27-15.24.51.168.jpk-force-map,2026-08-27T15:24:51.168000,11,2,0.05,far_constant_referenced,125.0,29.13529926957058,24.775825945274004,34.658255594702304,64
27-08-26/0/map2-0.05-data-2026.08.27-15.24.51.168.jpk-force-map,2026-08-27T15:24:51.168000,11,2,0.05,far_constant_referenced,130.0,26.93660405358535,21.296584949034933,31.35127867260298,64
27-08-26/0/map2-0.05-data-2026.08.27-15.24.51.168.jpk-force-map,2026-08-27T15:24:51.168000,11,2,0.05,far_constant_referenced,135.0,24.19586132389867,18.87318908857271,27.65625870428079,64
27-08-26/0/map2-0.05-data-2026.08.27-15.24.51.168.jpk-force-map,2026-08-27T15:24:51.168000,11,2,0.05,far_constant_referenced,140.0,22.32848570778816,17.1180177924017,24.863091829984505,64
27-08-26/0/map2-0.05-data-2026.08.27-15.24.51.168.jpk-force-map,2026-08-27T15:24:51.168000,11,2,0.05,far_constant_referenced,145.0,20.434146262854906,15.831886647606057,24.255405410404805,64
27-08-26/0/map2-0.05-data-2026.08.27-15.24.51.168.jpk-force-map,2026-08-27T15:24:51.168000,11,2,0.05,far_constant_referenced,150.0,18.557625311254284,14.916011120019592,21.643418069778363,64
27-08-26/0/map2-0.05-data-2026.08.27-15.24.51.168.jpk-force-map,2026-08-27T15:24:51.168000,11,2,0.05,far_constant_referenced,155.0,17.409413529600297,13.260133812844977,22.44044151317634,64
27-08-26/0/map2-0.05-data-2026.08.27-15.24.51.168.jpk-force-map,2026-08-27T15:24:51.168000,11,2,0.05,far_constant_referenced,160.0,15.939549364119497,12.487265983839308,21.37544482904562,64
27-08-26/0/map2-0.05-data-2026.08.27-15.24.51.168.jpk-force-map,2026-08-27T15:24:51.168000,11,2,0.05,far_constant_referenced,165.0,16.506001006764592,11.40039380632504,21.001641666615686,64
27-08-26/0/map2-0.05-data-2026.08.27-15.24.51.168.jpk-force-map,2026-08-27T15:24:51.168000,11,2,0.05,far_constant_referenced,170.0,14.109823702540183,11.036984765005798,19.458478134210914,64
27-08-26/0/map2-0.05-data-2026.08.27-15.24.51.168.jpk-force-map,2026-08-27T15:24:51.168000,11,2,0.05,far_constant_referenced,175.0,15.456548907821485,10.010675583658209,18.07105867114424,64
27-08-26/0/map2-0.05-data-2026.08.27-15.24.51.168.jpk-force-map,2026-08-27T15:24:51.168000,11,2,0.05,far_constant_referenced,180.0,12.971303988389222,9.403504831772626,17.283168137508795,64
27-08-26/0/map2-0.05-data-2026.08.27-15.24.51.168.jpk-force-map,2026-08-27T15:24:51.168000,11,2,0.05,far_constant_referenced,185.0,11.53603304845796,8.08048170182736,16.816998329201716,64
27-08-26/0/map2-0.05-data-2026.08.27-15.24.51.168.jpk-force-map,2026-08-27T15:24:51.168000,11,2,0.05,far_constant_referenced,190.0,10.940567331941446,8.093677824504645,15.076595010245393,64
27-08-26/0/map2-0.05-data-2026.08.27-15.24.51.168.jpk-force-map,2026-08-27T15:24:51.168000,11,2,0.05,far_constant_referenced,195.0,11.723823069193989,8.488381060704018,17.20507243974354,64
27-08-26/0/map2-0.05-data-2026.08.27-15.24.51.168.jpk-force-map,2026-08-27T15:24:51.168000,11,2,0.05,far_constant_referenced,200.0,12.060237217371629,7.481928192010204,15.66778006361471,64
27-08-26/0/map2-0.05-data-2026.08.27-15.24.51.168.jpk-force-map,2026-08-27T15:24:51.168000,11,2,0.05,far_constant_referenced,205.0,10.151695165828135,7.242179991448275,14.453127916654276,64
27-08-26/0/map2-0.05-data-2026.08.27-15.24.51.168.jpk-force-map,2026-08-27T15:24:51.168000,11,2,0.05,far_constant_referenced,210.0,9.725666670429638,6.880361443257803,12.887324708620525,64
27-08-26/0/map2-0.05-data-2026.08.27-15.24.51.168.jpk-force-map,2026-08-27T15:24:51.168000,11,2,0.05,far_constant_referenced,215.0,9.287982842572392,5.592428567964736,12.983276176901025,64
27-08-26/0/map2-0.05-data-2026.08.27-15.24.51.168.jpk-force-map,2026-08-27T15:24:51.168000,11,2,0.05,far_constant_referenced,220.0,8.844160705296487,5.981043197655769,11.930991012072464,64
27-08-26/0/map2-0.05-data-2026.08.27-15.24.51.168.jpk-force-map,2026-08-27T15:24:51.168000,11,2,0.05,far_constant_referenced,225.0,7.691873285000106,3.477973572027133,10.836744165246525,64
27-08-26/0/map2-0.05-data-2026.08.27-15.24.51.168.jpk-force-map,2026-08-27T15:24:51.168000,11,2,0.05,far_constant_referenced,230.0,7.432821716661237,4.543467285260615,10.932652143480594,64
27-08-26/0/map2-0.05-data-2026.08.27-15.24.51.168.jpk-force-map,2026-08-27T15:24:51.168000,11,2,0.05,far_constant_referenced,235.0,6.6108349865790395,3.6291139093012226,8.823540210397265,64
27-08-26/0/map2-0.05-data-2026.08.27-15.24.51.168.jpk-force-map,2026-08-27T15:24:51.168000,11,2,0.05,far_constant_referenced,240.0,5.938528570781657,2.2536542090187535,9.267641926543455,64
27-08-26/0/map2-0.05-data-2026.08.27-15.24.51.168.jpk-force-map,2026-08-27T15:24:51.168000,11,2,0.05,far_constant_referenced,245.0,5.264656513310706,1.611113623610698,8.028796888008028,64
27-08-26/0/map2-0.05-data-2026.08.27-15.24.51.168.jpk-force-map,2026-08-27T15:24:51.168000,11,2,0.05,far_constant_referenced,250.0,4.546002133684451,1.5556451757468652,8.576709345121568,64
27-08-26/0/map2-0.05-data-2026.08.27-15.24.51.168.jpk-force-map,2026-08-27T15:24:51.168000,11,2,0.05,far_constant_referenced,255.0,4.797921334399295,0.40358763141053705,7.909708714995754,64
27-08-26/0/map2-0.05-data-2026.08.27-15.24.51.168.jpk-force-map,2026-08-27T15:24:51.168000,11,2,0.05,far_constant_referenced,260.0,3.8400841248155,1.3067454268310816,7.225411472095207,64
27-08-26/0/map2-0.05-data-2026.08.27-15.24.51.168.jpk-force-map,2026-08-27T15:24:51.168000,11,2,0.05,far_constant_referenced,265.0,4.418775109115108,1.3072424559338107,7.187239637006119,64
27-08-26/0/map2-0.05-data-2026.08.27-15.24.51.168.jpk-force-map,2026-08-27T15:24:51.168000,11,2,0.05,far_constant_referenced,270.0,3.0567911103802436,1.4105499549346447,5.241749684539005,64
27-08-26/0/map2-0.05-data-2026.08.27-15.24.51.168.jpk-force-map,2026-08-27T15:24:51.168000,11,2,0.05,far_constant_referenced,275.0,2.9066510441753683,1.1993498634603617,5.0959337715277835,64
27-08-26/0/map2-0.05-data-2026.08.27-15.24.51.168.jpk-force-map,2026-08-27T15:24:51.168000,11,2,0.05,far_constant_referenced,280.0,1.5568939613674229,-1.2365152146163951,4.116954186486979,64
27-08-26/0/map2-0.05-data-2026.08.27-15.24.51.168.jpk-force-map,2026-08-27T15:24:51.168000,11,2,0.05,far_constant_referenced,285.0,1.9065539351326397,-0.5229553832930983,3.5626983954499427,64
27-08-26/0/map2-0.05-data-2026.08.27-15.24.51.168.jpk-force-map,2026-08-27T15:24:51.168000,11,2,0.05,far_constant_referenced,290.0,1.0123240249697019,-0.5049008011367045,3.8515592842246145,64
27-08-26/0/map2-0.05-data-2026.08.27-15.24.51.168.jpk-force-map,2026-08-27T15:24:51.168000,11,2,0.05,far_constant_referenced,295.0,0.3232055997727632,-1.2736805657724781,3.1916848088590637,64
27-08-26/0/map2-0.05-data-2026.08.27-15.24.51.168.jpk-force-map,2026-08-27T15:24:51.168000,11,2,0.05,far_constant_referenced,300.0,1.4830851396131837,-1.0161262976055623,2.712250536373096,64
27-08-26/0/map2-0.05-data-2026.08.27-15.24.51.168.jpk-force-map,2026-08-27T15:24:51.168000,11,2,0.05,far_constant_referenced,305.0,0.6173846999465642,-1.4347490593734644,2.366162959283751,64
27-08-26/0/map2-0.05-data-2026.08.27-15.24.51.168.jpk-force-map,2026-08-27T15:24:51.168000,11,2,0.05,far_constant_referenced,310.0,-0.1842362626516125,-3.0135495784433806,1.1647504250470484,64
27-08-26/0/map2-0.05-data-2026.08.27-15.24.51.168.jpk-force-map,2026-08-27T15:24:51.168000,11,2,0.05,far_constant_referenced,315.0,-0.6407823449572165,-2.55980549770437,1.047184403661897,64
27-08-26/0/map2-0.05-data-2026.08.27-15.24.51.168.jpk-force-map,2026-08-27T15:24:51.168000,11,2,0.05,far_constant_referenced,320.0,-1.4209937789556104,-3.2932030030901123,0.7883564984192505,64
27-08-26/0/map2-0.05-data-2026.08.27-15.24.51.168.jpk-force-map,2026-08-27T15:24:51.168000,11,2,0.05,far_constant_referenced,325.0,-1.6373132701879476,-3.8024155316929287,1.1174084030128089,64
27-08-26/0/map2-0.05-data-2026.08.27-15.24.51.168.jpk-force-map,2026-08-27T15:24:51.168000,11,2,0.05,far_constant_referenced,330.0,-2.451136297257924,-3.8350020022401856,-0.007368456447861119,64
27-08-26/0/map2-0.05-data-2026.08.27-15.24.51.168.jpk-force-map,2026-08-27T15:24:51.168000,11,2,0.05,far_constant_referenced,335.0,-1.8953707803213744,-4.254115580247005,0.5682595860062344,64
27-08-26/0/map2-0.05-data-2026.08.27-15.24.51.168.jpk-force-map,2026-08-27T15:24:51.168000,11,2,0.05,far_constant_referenced,340.0,-2.3412058854633186,-4.692600867532406,-1.0026692346493373,63
27-08-26/0/map2-0.05-data-2026.08.27-15.24.51.168.jpk-force-map,2026-08-27T15:24:51.168000,11,2,0.05,far_constant_referenced,345.0,-2.5559721607496435,-4.432008508975107,-0.2142568204560247,63
27-08-26/0/map2-0.05-data-2026.08.27-15.24.51.168.jpk-force-map,2026-08-27T15:24:51.168000,11,2,0.05,far_constant_referenced,350.0,-2.3783712366193743,-6.69968515155443,-0.9092588276564526,62
27-08-26/0/map2-0.05-data-2026.08.27-15.24.51.168.jpk-force-map,2026-08-27T15:24:51.168000,11,2,0.05,far_constant_referenced,355.0,-2.8623906025779546,-5.420400582648752,0.011183154811246009,61
27-08-26/0/map2-0.05-data-2026.08.27-15.24.51.168.jpk-force-map,2026-08-27T15:24:51.168000,11,2,0.05,far_constant_referenced,360.0,-2.2088843125910858,-5.094150679621814,1.1512685106357603,50
27-08-26/0/map2-0.1-data-2026.08.27-15.36.15.070.jpk-force-map,2026-08-27T15:36:15.070000,12,2,0.1,linear_drift_corrected,5.0,6761.160983201586,6167.0762661096205,7151.363951278381,64
27-08-26/0/map2-0.1-data-2026.08.27-15.36.15.070.jpk-force-map,2026-08-27T15:36:15.070000,12,2,0.1,linear_drift_corrected,10.0,4639.408890598819,4242.302186308287,4847.536932694807,64
27-08-26/0/map2-0.1-data-2026.08.27-15.36.15.070.jpk-force-map,2026-08-27T15:36:15.070000,12,2,0.1,linear_drift_corrected,15.0,3287.073191887426,3043.6808241471235,3411.972824320162,64
27-08-26/0/map2-0.1-data-2026.08.27-15.36.15.070.jpk-force-map,2026-08-27T15:36:15.070000,12,2,0.1,linear_drift_corrected,20.0,2389.134026566788,2231.315290990259,2490.5172409160577,64
27-08-26/0/map2-0.1-data-2026.08.27-15.36.15.070.jpk-force-map,2026-08-27T15:36:15.070000,12,2,0.1,linear_drift_corrected,25.0,1765.5483095915322,1650.8741914535906,1844.9324345318546,64
27-08-26/0/map2-0.1-data-2026.08.27-15.36.15.070.jpk-force-map,2026-08-27T15:36:15.070000,12,2,0.1,linear_drift_corrected,30.0,1331.7092640435412,1241.4845116585666,1373.8899802004162,64
27-08-26/0/map2-0.1-data-2026.08.27-15.36.15.070.jpk-force-map,2026-08-27T15:36:15.070000,12,2,0.1,linear_drift_corrected,35.0,1015.2825740841281,942.9009901524842,1045.3373776748022,64
27-08-26/0/map2-0.1-data-2026.08.27-15.36.15.070.jpk-force-map,2026-08-27T15:36:15.070000,12,2,0.1,linear_drift_corrected,40.0,771.0263380405252,716.2769594397967,794.3640988478148,64
27-08-26/0/map2-0.1-data-2026.08.27-15.36.15.070.jpk-force-map,2026-08-27T15:36:15.070000,12,2,0.1,linear_drift_corrected,45.0,583.4011124310315,542.22225148231,606.3528662065634,64
27-08-26/0/map2-0.1-data-2026.08.27-15.36.15.070.jpk-force-map,2026-08-27T15:36:15.070000,12,2,0.1,linear_drift_corrected,50.0,441.06509868562773,414.343495857621,465.00005055884134,64
27-08-26/0/map2-0.1-data-2026.08.27-15.36.15.070.jpk-force-map,2026-08-27T15:36:15.070000,12,2,0.1,linear_drift_corrected,55.0,336.9254846162838,313.3691183105681,357.57823679988326,64
27-08-26/0/map2-0.1-data-2026.08.27-15.36.15.070.jpk-force-map,2026-08-27T15:36:15.070000,12,2,0.1,linear_drift_corrected,60.0,256.1032304320509,236.69432849942064,272.0650045049016,64
27-08-26/0/map2-0.1-data-2026.08.27-15.36.15.070.jpk-force-map,2026-08-27T15:36:15.070000,12,2,0.1,linear_drift_corrected,65.0,195.4130812755667,181.057986032374,207.85807861534613,64
27-08-26/0/map2-0.1-data-2026.08.27-15.36.15.070.jpk-force-map,2026-08-27T15:36:15.070000,12,2,0.1,linear_drift_corrected,70.0,147.17266022598406,131.8332521092484,161.38992608521798,64
27-08-26/0/map2-0.1-data-2026.08.27-15.36.15.070.jpk-force-map,2026-08-27T15:36:15.070000,12,2,0.1,linear_drift_corrected,75.0,112.27976430393791,98.1094626980479,122.67424433068939,64
27-08-26/0/map2-0.1-data-2026.08.27-15.36.15.070.jpk-force-map,2026-08-27T15:36:15.070000,12,2,0.1,linear_drift_corrected,80.0,83.36729010892806,71.80901649764198,95.74797862993645,64
27-08-26/0/map2-0.1-data-2026.08.27-15.36.15.070.jpk-force-map,2026-08-27T15:36:15.070000,12,2,0.1,linear_drift_corrected,85.0,64.17672183782472,53.28134416749219,75.26039428111825,64
27-08-26/0/map2-0.1-data-2026.08.27-15.36.15.070.jpk-force-map,2026-08-27T15:36:15.070000,12,2,0.1,linear_drift_corrected,90.0,48.09382122302536,36.30143190914203,58.635384671360285,64
27-08-26/0/map2-0.1-data-2026.08.27-15.36.15.070.jpk-force-map,2026-08-27T15:36:15.070000,12,2,0.1,linear_drift_corrected,95.0,37.2744169425288,24.81131712982947,46.03679099713208,64
27-08-26/0/map2-0.1-data-2026.08.27-15.36.15.070.jpk-force-map,2026-08-27T15:36:15.070000,12,2,0.1,linear_drift_corrected,100.0,27.097158483563256,19.673360661391712,37.48883309490455,64
27-08-26/0/map2-0.1-data-2026.08.27-15.36.15.070.jpk-force-map,2026-08-27T15:36:15.070000,12,2,0.1,linear_drift_corrected,105.0,20.54019650885401,12.457460350920087,30.74289835369927,64
27-08-26/0/map2-0.1-data-2026.08.27-15.36.15.070.jpk-force-map,2026-08-27T15:36:15.070000,12,2,0.1,linear_drift_corrected,110.0,15.014427980966982,5.153065737258185,27.429506841140743,64
27-08-26/0/map2-0.1-data-2026.08.27-15.36.15.070.jpk-force-map,2026-08-27T15:36:15.070000,12,2,0.1,linear_drift_corrected,115.0,12.54460029248985,3.9306945837250336,22.52994959711669,64
27-08-26/0/map2-0.1-data-2026.08.27-15.36.15.070.jpk-force-map,2026-08-27T15:36:15.070000,12,2,0.1,linear_drift_corrected,120.0,10.416970218378745,0.061134648033935535,17.231728019174668,64
27-08-26/0/map2-0.1-data-2026.08.27-15.36.15.070.jpk-force-map,2026-08-27T15:36:15.070000,12,2,0.1,linear_drift_corrected,125.0,6.976938196832187,-0.14538432998163608,17.6295171146547,64
27-08-26/0/map2-0.1-data-2026.08.27-15.36.15.070.jpk-force-map,2026-08-27T15:36:15.070000,12,2,0.1,linear_drift_corrected,130.0,6.1494692351244105,-1.9244593914278634,14.719086671390631,64
27-08-26/0/map2-0.1-data-2026.08.27-15.36.15.070.jpk-force-map,2026-08-27T15:36:15.070000,12,2,0.1,linear_drift_corrected,135.0,4.143140038462266,-0.8475139589081582,11.507720718346897,64
27-08-26/0/map2-0.1-data-2026.08.27-15.36.15.070.jpk-force-map,2026-08-27T15:36:15.070000,12,2,0.1,linear_drift_corrected,140.0,4.744075285433112,-0.5647652197569931,12.168583897379555,64
27-08-26/0/map2-0.1-data-2026.08.27-15.36.15.070.jpk-force-map,2026-08-27T15:36:15.070000,12,2,0.1,linear_drift_corrected,145.0,4.089709683067942,-4.099156150679374,10.42513905108952,64
27-08-26/0/map2-0.1-data-2026.08.27-15.36.15.070.jpk-force-map,2026-08-27T15:36:15.070000,12,2,0.1,linear_drift_corrected,150.0,2.5646851935433848,-3.669988713253277,12.671554299706749,64
27-08-26/0/map2-0.1-data-2026.08.27-15.36.15.070.jpk-force-map,2026-08-27T15:36:15.070000,12,2,0.1,linear_drift_corrected,155.0,1.7529726161526593,-2.263905100774765,12.137336675040007,64
27-08-26/0/map2-0.1-data-2026.08.27-15.36.15.070.jpk-force-map,2026-08-27T15:36:15.070000,12,2,0.1,linear_drift_corrected,160.0,3.5704054522039055,-3.3445347198424895,9.906751698543493,64
27-08-26/0/map2-0.1-data-2026.08.27-15.36.15.070.jpk-force-map,2026-08-27T15:36:15.070000,12,2,0.1,linear_drift_corrected,165.0,3.22777115974415,-3.685165041702488,8.846338153955013,64
27-08-26/0/map2-0.1-data-2026.08.27-15.36.15.070.jpk-force-map,2026-08-27T15:36:15.070000,12,2,0.1,linear_drift_corrected,170.0,2.710150095261677,-2.66192691209018,7.8355802278215645,64
27-08-26/0/map2-0.1-data-2026.08.27-15.36.15.070.jpk-force-map,2026-08-27T15:36:15.070000,12,2,0.1,linear_drift_corrected,175.0,2.9246815269073094,-2.7280582445559363,10.205575627101013,64
27-08-26/0/map2-0.1-data-2026.08.27-15.36.15.070.jpk-force-map,2026-08-27T15:36:15.070000,12,2,0.1,linear_drift_corrected,180.0,3.0343645912116677,-2.7050810881697354,8.061382961397852,64
27-08-26/0/map2-0.1-data-2026.08.27-15.36.15.070.jpk-force-map,2026-08-27T15:36:15.070000,12,2,0.1,linear_drift_corrected,185.0,2.3006462531517804,-3.2761300902853545,7.980521014569107,64
27-08-26/0/map2-0.1-data-2026.08.27-15.36.15.070.jpk-force-map,2026-08-27T15:36:15.070000,12,2,0.1,linear_drift_corrected,190.0,2.17076707602204,-3.347488225441724,7.199524790860041,64
27-08-26/0/map2-0.1-data-2026.08.27-15.36.15.070.jpk-force-map,2026-08-27T15:36:15.070000,12,2,0.1,linear_drift_corrected,195.0,1.794743280619652,-1.3374449738932004,7.390883742277548,64
27-08-26/0/map2-0.1-data-2026.08.27-15.36.15.070.jpk-force-map,2026-08-27T15:36:15.070000,12,2,0.1,linear_drift_corrected,200.0,2.209619990647416,-3.5169168799561445,6.624657919201694,64
27-08-26/0/map2-0.1-data-2026.08.27-15.36.15.070.jpk-force-map,2026-08-27T15:36:15.070000,12,2,0.1,linear_drift_corrected,205.0,1.6798361771162547,-2.315684980723809,6.463927876102536,64
27-08-26/0/map2-0.1-data-2026.08.27-15.36.15.070.jpk-force-map,2026-08-27T15:36:15.070000,12,2,0.1,linear_drift_corrected,210.0,0.920988903043447,-1.776410024027319,6.758725224296131,64
27-08-26/0/map2-0.1-data-2026.08.27-15.36.15.070.jpk-force-map,2026-08-27T15:36:15.070000,12,2,0.1,linear_drift_corrected,215.0,1.5532108684680113,-2.2181707358907827,6.426175516106204,64
27-08-26/0/map2-0.1-data-2026.08.27-15.36.15.070.jpk-force-map,2026-08-27T15:36:15.070000,12,2,0.1,linear_drift_corrected,220.0,1.9713090026308318,-2.238498260119319,6.084952008582055,64
27-08-26/0/map2-0.1-data-2026.08.27-15.36.15.070.jpk-force-map,2026-08-27T15:36:15.070000,12,2,0.1,linear_drift_corrected,225.0,2.3390933023680063,-1.4437289215779812,6.4740794487503335,64
27-08-26/0/map2-0.1-data-2026.08.27-15.36.15.070.jpk-force-map,2026-08-27T15:36:15.070000,12,2,0.1,linear_drift_corrected,230.0,1.4209572119597187,-1.3892253405558033,5.966087410284767,64
27-08-26/0/map2-0.1-data-2026.08.27-15.36.15.070.jpk-force-map,2026-08-27T15:36:15.070000,12,2,0.1,linear_drift_corrected,235.0,2.6448570542793335,-0.5000423186480967,4.797491263895764,64
27-08-26/0/map2-0.1-data-2026.08.27-15.36.15.070.jpk-force-map,2026-08-27T15:36:15.070000,12,2,0.1,linear_drift_corrected,240.0,2.61944899139959,-0.41066847241443927,6.37244409364185,64
27-08-26/0/map2-0.1-data-2026.08.27-15.36.15.070.jpk-force-map,2026-08-27T15:36:15.070000,12,2,0.1,linear_drift_corrected,245.0,0.9151860463843395,-2.0082011434792073,3.396605450465078,64
27-08-26/0/map2-0.1-data-2026.08.27-15.36.15.070.jpk-force-map,2026-08-27T15:36:15.070000,12,2,0.1,linear_drift_corrected,250.0,0.7755005259389375,-1.5116396469911726,3.834752448638427,64
27-08-26/0/map2-0.1-data-2026.08.27-15.36.15.070.jpk-force-map,2026-08-27T15:36:15.070000,12,2,0.1,linear_drift_corrected,255.0,0.583225657902469,-2.15516494644348,3.4714309346120715,64
27-08-26/0/map2-0.1-data-2026.08.27-15.36.15.070.jpk-force-map,2026-08-27T15:36:15.070000,12,2,0.1,linear_drift_corrected,260.0,-0.4071048577239354,-1.9524318255633577,2.76983958627749,64
27-08-26/0/map2-0.1-data-2026.08.27-15.36.15.070.jpk-force-map,2026-08-27T15:36:15.070000,12,2,0.1,linear_drift_corrected,265.0,-0.061971496355423074,-1.8405207826744774,1.6625353264873808,64
27-08-26/0/map2-0.1-data-2026.08.27-15.36.15.070.jpk-force-map,2026-08-27T15:36:15.070000,12,2,0.1,linear_drift_corrected,270.0,-0.11325605866785826,-1.94265949716929,1.6629764904106716,64
27-08-26/0/map2-0.1-data-2026.08.27-15.36.15.070.jpk-force-map,2026-08-27T15:36:15.070000,12,2,0.1,linear_drift_corrected,275.0,0.7820007325959496,-0.7821282610624435,2.1718530177341866,64
27-08-26/0/map2-0.1-data-2026.08.27-15.36.15.070.jpk-force-map,2026-08-27T15:36:15.070000,12,2,0.1,linear_drift_corrected,280.0,-0.1694856148595163,-2.1360880130676594,1.612967563962067,64
27-08-26/0/map2-0.1-data-2026.08.27-15.36.15.070.jpk-force-map,2026-08-27T15:36:15.070000,12,2,0.1,linear_drift_corrected,285.0,-0.02526026837488546,-1.654289834527843,1.7590431086792166,64
27-08-26/0/map2-0.1-data-2026.08.27-15.36.15.070.jpk-force-map,2026-08-27T15:36:15.070000,12,2,0.1,linear_drift_corrected,290.0,0.3028497032267541,-0.9018705956279404,1.8622848410746593,64
27-08-26/0/map2-0.1-data-2026.08.27-15.36.15.070.jpk-force-map,2026-08-27T15:36:15.070000,12,2,0.1,linear_drift_corrected,295.0,-0.11343740838472927,-1.8345200951982317,1.5477228923168922,64
27-08-26/0/map2-0.1-data-2026.08.27-15.36.15.070.jpk-force-map,2026-08-27T15:36:15.070000,12,2,0.1,linear_drift_corrected,300.0,-0.8989056662359738,-2.837827338734134,1.6864552133178337,64
27-08-26/0/map2-0.1-data-2026.08.27-15.36.15.070.jpk-force-map,2026-08-27T15:36:15.070000,12,2,0.1,linear_drift_corrected,305.0,-0.5189993738230676,-2.005807332950689,1.720435389374737,64
27-08-26/0/map2-0.1-data-2026.08.27-15.36.15.070.jpk-force-map,2026-08-27T15:36:15.070000,12,2,0.1,linear_drift_corrected,310.0,-0.18276844203182507,-2.4131691154225208,1.698322015901371,64
27-08-26/0/map2-0.1-data-2026.08.27-15.36.15.070.jpk-force-map,2026-08-27T15:36:15.070000,12,2,0.1,linear_drift_corrected,315.0,-0.3322712444021092,-2.161310165788057,1.2635431040944123,64
27-08-26/0/map2-0.1-data-2026.08.27-15.36.15.070.jpk-force-map,2026-08-27T15:36:15.070000,12,2,0.1,linear_drift_corrected,320.0,-0.39980401656500797,-2.195762078242348,1.3452820509596608,64
27-08-26/0/map2-0.1-data-2026.08.27-15.36.15.070.jpk-force-map,2026-08-27T15:36:15.070000,12,2,0.1,linear_drift_corrected,325.0,-0.9112436658561776,-2.961417904693999,1.5651468881337112,64
27-08-26/0/map2-0.1-data-2026.08.27-15.36.15.070.jpk-force-map,2026-08-27T15:36:15.070000,12,2,0.1,linear_drift_corrected,330.0,-0.2668317279837931,-1.6832034146330177,1.519889104609279,64
27-08-26/0/map2-0.1-data-2026.08.27-15.36.15.070.jpk-force-map,2026-08-27T15:36:15.070000,12,2,0.1,linear_drift_corrected,335.0,0.5252487572876658,-1.1678128252436186,1.6917799641604812,64
27-08-26/0/map2-0.1-data-2026.08.27-15.36.15.070.jpk-force-map,2026-08-27T15:36:15.070000,12,2,0.1,linear_drift_corrected,340.0,0.2997201521854232,-1.7378598496963495,1.5410306888349674,63
27-08-26/0/map2-0.1-data-2026.08.27-15.36.15.070.jpk-force-map,2026-08-27T15:36:15.070000,12,2,0.1,linear_drift_corrected,345.0,-0.3764476806403325,-1.4438857664149582,0.8182493166954321,63
27-08-26/0/map2-0.1-data-2026.08.27-15.36.15.070.jpk-force-map,2026-08-27T15:36:15.070000,12,2,0.1,linear_drift_corrected,350.0,0.28649687371544097,-0.9650188029097828,2.461489975275265,63
27-08-26/0/map2-0.1-data-2026.08.27-15.36.15.070.jpk-force-map,2026-08-27T15:36:15.070000,12,2,0.1,linear_drift_corrected,355.0,0.6553034871896101,-1.3635268626139578,2.094758413267049,62
27-08-26/0/map2-0.1-data-2026.08.27-15.36.15.070.jpk-force-map,2026-08-27T15:36:15.070000,12,2,0.1,linear_drift_corrected,360.0,1.573353651252463,0.28752019032053977,4.396706265402148,55
27-08-26/0/map2-0.1-data-2026.08.27-15.36.15.070.jpk-force-map,2026-08-27T15:36:15.070000,12,2,0.1,far_constant_referenced,5.0,6803.221457902707,6193.634094603887,7178.477846448878,64
27-08-26/0/map2-0.1-data-2026.08.27-15.36.15.070.jpk-force-map,2026-08-27T15:36:15.070000,12,2,0.1,far_constant_referenced,10.0,4680.005827000528,4267.098806720987,4890.12826618716,64
27-08-26/0/map2-0.1-data-2026.08.27-15.36.15.070.jpk-force-map,2026-08-27T15:36:15.070000,12,2,0.1,far_constant_referenced,15.0,3325.5505517476677,3067.939777584619,3445.993141490587,64
27-08-26/0/map2-0.1-data-2026.08.27-15.36.15.070.jpk-force-map,2026-08-27T15:36:15.070000,12,2,0.1,far_constant_referenced,20.0,2417.8813474189847,2252.124496336458,2510.6274501646208,64
27-08-26/0/map2-0.1-data-2026.08.27-15.36.15.070.jpk-force-map,2026-08-27T15:36:15.070000,12,2,0.1,far_constant_referenced,25.0,1800.0559441927735,1683.510491302799,1860.5086806659156,64
27-08-26/0/map2-0.1-data-2026.08.27-15.36.15.070.jpk-force-map,2026-08-27T15:36:15.070000,12,2,0.1,far_constant_referenced,30.0,1359.5896480126205,1276.6565026735793,1406.0106689067154,64
27-08-26/0/map2-0.1-data-2026.08.27-15.36.15.070.jpk-force-map,2026-08-27T15:36:15.070000,12,2,0.1,far_constant_referenced,35.0,1040.8293647030514,975.938524901562,1071.1894555132778,64
27-08-26/0/map2-0.1-data-2026.08.27-15.36.15.070.jpk-force-map,2026-08-27T15:36:15.070000,12,2,0.1,far_constant_referenced,40.0,794.0632250422551,750.0826481068461,820.1562029611985,64
27-08-26/0/map2-0.1-data-2026.08.27-15.36.15.070.jpk-force-map,2026-08-27T15:36:15.070000,12,2,0.1,far_constant_referenced,45.0,610.0016929717137,576.3521890053053,635.062540255944,64
27-08-26/0/map2-0.1-data-2026.08.27-15.36.15.070.jpk-force-map,2026-08-27T15:36:15.070000,12,2,0.1,far_constant_referenced,50.0,473.7694826935119,446.66694547398265,487.91570756496276,64
27-08-26/0/map2-0.1-data-2026.08.27-15.36.15.070.jpk-force-map,2026-08-27T15:36:15.070000,12,2,0.1,far_constant_referenced,55.0,366.25826065057873,342.31787228547944,378.44675622790794,64
27-08-26/0/map2-0.1-data-2026.08.27-15.36.15.070.jpk-force-map,2026-08-27T15:36:15.070000,12,2,0.1,far_constant_referenced,60.0,282.28888418672705,269.4519333776675,296.0633126507503,64
27-08-26/0/map2-0.1-data-2026.08.27-15.36.15.070.jpk-force-map,2026-08-27T15:36:15.070000,12,2,0.1,far_constant_referenced,65.0,220.1690437615528,209.48601205918698,228.86255494581417,64
27-08-26/0/map2-0.1-data-2026.08.27-15.36.15.070.jpk-force-map,2026-08-27T15:36:15.070000,12,2,0.1,far_constant_referenced,70.0,171.71624866275846,165.51920904278717,180.18405893147354,64
27-08-26/0/map2-0.1-data-2026.08.27-15.36.15.070.jpk-force-map,2026-08-27T15:36:15.070000,12,2,0.1,far_constant_referenced,75.0,135.38174378053372,129.43408229998954,143.59354678416412,64
27-08-26/0/map2-0.1-data-2026.08.27-15.36.15.070.jpk-force-map,2026-08-27T15:36:15.070000,12,2,0.1,far_constant_referenced,80.0,107.68275921201018,101.6818845531557,114.04445836084962,64
27-08-26/0/map2-0.1-data-2026.08.27-15.36.15.070.jpk-force-map,2026-08-27T15:36:15.070000,12,2,0.1,far_constant_referenced,85.0,86.80885402479404,82.79189588091107,92.19361762077764,64
27-08-26/0/map2-0.1-data-2026.08.27-15.36.15.070.jpk-force-map,2026-08-27T15:36:15.070000,12,2,0.1,far_constant_referenced,90.0,71.46326686415537,64.93563454937208,75.23031256232579,64
27-08-26/0/map2-0.1-data-2026.08.27-15.36.15.070.jpk-force-map,2026-08-27T15:36:15.070000,12,2,0.1,far_constant_referenced,95.0,57.4577695702766,54.11568996779752,62.702321256382156,64
27-08-26/0/map2-0.1-data-2026.08.27-15.36.15.070.jpk-force-map,2026-08-27T15:36:15.070000,12,2,0.1,far_constant_referenced,100.0,48.257835433251486,44.89847164372527,52.529781932558635,64
27-08-26/0/map2-0.1-data-2026.08.27-15.36.15.070.jpk-force-map,2026-08-27T15:36:15.070000,12,2,0.1,far_constant_referenced,105.0,41.97986083676566,37.408125021287695,45.54024804688794,64
27-08-26/0/map2-0.1-data-2026.08.27-15.36.15.070.jpk-force-map,2026-08-27T15:36:15.070000,12,2,0.1,far_constant_referenced,110.0,36.32836657280612,32.656265858983154,40.59598270605581,64
27-08-26/0/map2-0.1-data-2026.08.27-15.36.15.070.jpk-force-map,2026-08-27T15:36:15.070000,12,2,0.1,far_constant_referenced,115.0,31.887212728340938,28.297799018619646,35.26060516429145,64
27-08-26/0/map2-0.1-data-2026.08.27-15.36.15.070.jpk-force-map,2026-08-27T15:36:15.070000,12,2,0.1,far_constant_referenced,120.0,26.97527291777711,24.25719471517459,31.700951072095762,64
27-08-26/0/map2-0.1-data-2026.08.27-15.36.15.070.jpk-force-map,2026-08-27T15:36:15.070000,12,2,0.1,far_constant_referenced,125.0,26.0942639817466,23.20336876012757,28.777997473351064,64
27-08-26/0/map2-0.1-data-2026.08.27-15.36.15.070.jpk-force-map,2026-08-27T15:36:15.070000,12,2,0.1,far_constant_referenced,130.0,24.020273367634438,20.658325026774083,27.32824434793914,64
27-08-26/0/map2-0.1-data-2026.08.27-15.36.15.070.jpk-force-map,2026-08-27T15:36:15.070000,12,2,0.1,far_constant_referenced,135.0,20.947167276957302,19.344192504903713,24.865632891272114,64
27-08-26/0/map2-0.1-data-2026.08.27-15.36.15.070.jpk-force-map,2026-08-27T15:36:15.070000,12,2,0.1,far_constant_referenced,140.0,21.244403106112863,18.66982341833011,24.898486514962087,64
27-08-26/0/map2-0.1-data-2026.08.27-15.36.15.070.jpk-force-map,2026-08-27T15:36:15.070000,12,2,0.1,far_constant_referenced,145.0,19.949120412963293,16.213865938775704,23.887666003028148,64
27-08-26/0/map2-0.1-data-2026.08.27-15.36.15.070.jpk-force-map,2026-08-27T15:36:15.070000,12,2,0.1,far_constant_referenced,150.0,19.73992086362749,15.18551893810701,23.087095014409446,64
27-08-26/0/map2-0.1-data-2026.08.27-15.36.15.070.jpk-force-map,2026-08-27T15:36:15.070000,12,2,0.1,far_constant_referenced,155.0,17.86848203460217,15.570045503428137,21.888739209154537,64
27-08-26/0/map2-0.1-data-2026.08.27-15.36.15.070.jpk-force-map,2026-08-27T15:36:15.070000,12,2,0.1,far_constant_referenced,160.0,16.998656253382954,14.317463823066255,20.507433204051377,64
27-08-26/0/map2-0.1-data-2026.08.27-15.36.15.070.jpk-force-map,2026-08-27T15:36:15.070000,12,2,0.1,far_constant_referenced,165.0,16.340602147106136,13.912906984905355,20.159059293089427,64
27-08-26/0/map2-0.1-data-2026.08.27-15.36.15.070.jpk-force-map,2026-08-27T15:36:15.070000,12,2,0.1,far_constant_referenced,170.0,15.527798029696715,12.991141662451643,18.498062586156742,64
27-08-26/0/map2-0.1-data-2026.08.27-15.36.15.070.jpk-force-map,2026-08-27T15:36:15.070000,12,2,0.1,far_constant_referenced,175.0,16.85718934502057,13.30338777050937,19.75799408437519,64
27-08-26/0/map2-0.1-data-2026.08.27-15.36.15.070.jpk-force-map,2026-08-27T15:36:15.070000,12,2,0.1,far_constant_referenced,180.0,15.612255699976824,12.958828557910891,19.032710579091425,64
27-08-26/0/map2-0.1-data-2026.08.27-15.36.15.070.jpk-force-map,2026-08-27T15:36:15.070000,12,2,0.1,far_constant_referenced,185.0,14.70735208983298,11.305486099160177,17.853235666876163,64
27-08-26/0/map2-0.1-data-2026.08.27-15.36.15.070.jpk-force-map,2026-08-27T15:36:15.070000,12,2,0.1,far_constant_referenced,190.0,13.699128554960716,11.010542816740971,18.126023877041582,64
27-08-26/0/map2-0.1-data-2026.08.27-15.36.15.070.jpk-force-map,2026-08-27T15:36:15.070000,12,2,0.1,far_constant_referenced,195.0,13.736790935219483,9.980412724166229,16.56937843022549,64
27-08-26/0/map2-0.1-data-2026.08.27-15.36.15.070.jpk-force-map,2026-08-27T15:36:15.070000,12,2,0.1,far_constant_referenced,200.0,13.427837644967305,9.820083561355572,16.495830548750096,64
27-08-26/0/map2-0.1-data-2026.08.27-15.36.15.070.jpk-force-map,2026-08-27T15:36:15.070000,12,2,0.1,far_constant_referenced,205.0,13.0654537261724,10.115797238884007,16.106240499444947,64
27-08-26/0/map2-0.1-data-2026.08.27-15.36.15.070.jpk-force-map,2026-08-27T15:36:15.070000,12,2,0.1,far_constant_referenced,210.0,11.901486121962135,8.917180493350207,16.285376000929915,64
27-08-26/0/map2-0.1-data-2026.08.27-15.36.15.070.jpk-force-map,2026-08-27T15:36:15.070000,12,2,0.1,far_constant_referenced,215.0,11.271911783271271,8.91059485773911,14.747058502276671,64
27-08-26/0/map2-0.1-data-2026.08.27-15.36.15.070.jpk-force-map,2026-08-27T15:36:15.070000,12,2,0.1,far_constant_referenced,220.0,10.35422209945986,8.088862855072028,14.489013417870819,64
27-08-26/0/map2-0.1-data-2026.08.27-15.36.15.070.jpk-force-map,2026-08-27T15:36:15.070000,12,2,0.1,far_constant_referenced,225.0,10.931372293541049,6.9439749555424655,14.132997684454594,64
27-08-26/0/map2-0.1-data-2026.08.27-15.36.15.070.jpk-force-map,2026-08-27T15:36:15.070000,12,2,0.1,far_constant_referenced,230.0,9.806570582625273,6.977561697158909,13.299834012424972,64
27-08-26/0/map2-0.1-data-2026.08.27-15.36.15.070.jpk-force-map,2026-08-27T15:36:15.070000,12,2,0.1,far_constant_referenced,235.0,9.896172504118564,6.737832135188368,12.573289295792968,64
27-08-26/0/map2-0.1-data-2026.08.27-15.36.15.070.jpk-force-map,2026-08-27T15:36:15.070000,12,2,0.1,far_constant_referenced,240.0,9.965918112958104,5.930371080633242,12.713507418534695,64
27-08-26/0/map2-0.1-data-2026.08.27-15.36.15.070.jpk-force-map,2026-08-27T15:36:15.070000,12,2,0.1,far_constant_referenced,245.0,7.129484855269769,4.044176700120864,10.427005798689803,64
27-08-26/0/map2-0.1-data-2026.08.27-15.36.15.070.jpk-force-map,2026-08-27T15:36:15.070000,12,2,0.1,far_constant_referenced,250.0,7.018535533814571,4.065325288441676,9.901484502653936,64
27-08-26/0/map2-0.1-data-2026.08.27-15.36.15.070.jpk-force-map,2026-08-27T15:36:15.070000,12,2,0.1,far_constant_referenced,255.0,6.733017165755739,3.349963726620989,9.403479980317439,64
27-08-26/0/map2-0.1-data-2026.08.27-15.36.15.070.jpk-force-map,2026-08-27T15:36:15.070000,12,2,0.1,far_constant_referenced,260.0,5.430589679254557,3.3626814587869016,8.11685801928288,64
27-08-26/0/map2-0.1-data-2026.08.27-15.36.15.070.jpk-force-map,2026-08-27T15:36:15.070000,12,2,0.1,far_constant_referenced,265.0,3.956127994573608,1.0258121522448589,7.2172601948105175,64
27-08-26/0/map2-0.1-data-2026.08.27-15.36.15.070.jpk-force-map,2026-08-27T15:36:15.070000,12,2,0.1,far_constant_referenced,270.0,3.2843186078789697,1.2131051438781721,5.818651364068799,64
27-08-26/0/map2-0.1-data-2026.08.27-15.36.15.070.jpk-force-map,2026-08-27T15:36:15.070000,12,2,0.1,far_constant_referenced,275.0,4.170919121315068,1.0316522442018385,6.518698216661866,64
27-08-26/0/map2-0.1-data-2026.08.27-15.36.15.070.jpk-force-map,2026-08-27T15:36:15.070000,12,2,0.1,far_constant_referenced,280.0,2.718873449166882,0.4860696110073144,5.228771012094109,64
27-08-26/0/map2-0.1-data-2026.08.27-15.36.15.070.jpk-force-map,2026-08-27T15:36:15.070000,12,2,0.1,far_constant_referenced,285.0,2.506629596576823,0.149636824238365,5.549690277994388,64
27-08-26/0/map2-0.1-data-2026.08.27-15.36.15.070.jpk-force-map,2026-08-27T15:36:15.070000,12,2,0.1,far_constant_referenced,290.0,2.6542223886302203,0.5661844895023764,4.303967599250026,64
27-08-26/0/map2-0.1-data-2026.08.27-15.36.15.070.jpk-force-map,2026-08-27T15:36:15.070000,12,2,0.1,far_constant_referenced,295.0,1.5823542771543762,-1.056087437464433,3.570582519591841,64
27-08-26/0/map2-0.1-data-2026.08.27-15.36.15.070.jpk-force-map,2026-08-27T15:36:15.070000,12,2,0.1,far_constant_referenced,300.0,0.04531662844067349,-1.8487929405324985,2.7364061507653843,64
27-08-26/0/map2-0.1-data-2026.08.27-15.36.15.070.jpk-force-map,2026-08-27T15:36:15.070000,12,2,0.1,far_constant_referenced,305.0,-0.006610487066208019,-1.8368145391568893,2.192587970885562,64
27-08-26/0/map2-0.1-data-2026.08.27-15.36.15.070.jpk-force-map,2026-08-27T15:36:15.070000,12,2,0.1,far_constant_referenced,310.0,-0.24530871364864748,-2.5305366964178404,1.8152124117797972,64
27-08-26/0/map2-0.1-data-2026.08.27-15.36.15.070.jpk-force-map,2026-08-27T15:36:15.070000,12,2,0.1,far_constant_referenced,315.0,-0.6606386576109871,-3.02168843000047,0.8850783618090259,64
27-08-26/0/map2-0.1-data-2026.08.27-15.36.15.070.jpk-force-map,2026-08-27T15:36:15.070000,12,2,0.1,far_constant_referenced,320.0,-1.5528431741802409,-3.4178951792355647,0.23537434445795907,64
27-08-26/0/map2-0.1-data-2026.08.27-15.36.15.070.jpk-force-map,2026-08-27T15:36:15.070000,12,2,0.1,far_constant_referenced,325.0,-2.5035355904124383,-4.810924858299301,0.15320922091413236,64
27-08-26/0/map2-0.1-data-2026.08.27-15.36.15.070.jpk-force-map,2026-08-27T15:36:15.070000,12,2,0.1,far_constant_referenced,330.0,-2.762624435934049,-4.025618875997964,-0.0669436072728849,64
27-08-26/0/map2-0.1-data-2026.08.27-15.36.15.070.jpk-force-map,2026-08-27T15:36:15.070000,12,2,0.1,far_constant_referenced,335.0,-1.7070464532998932,-4.288497568427781,0.02160834024081954,64
27-08-26/0/map2-0.1-data-2026.08.27-15.36.15.070.jpk-force-map,2026-08-27T15:36:15.070000,12,2,0.1,far_constant_referenced,340.0,-2.9519552468885246,-5.5741192583931625,-0.8336669139961799,63
27-08-26/0/map2-0.1-data-2026.08.27-15.36.15.070.jpk-force-map,2026-08-27T15:36:15.070000,12,2,0.1,far_constant_referenced,345.0,-4.1154506734512655,-5.628059341766148,-1.1084991563464797,63
27-08-26/0/map2-0.1-data-2026.08.27-15.36.15.070.jpk-force-map,2026-08-27T15:36:15.070000,12,2,0.1,far_constant_referenced,350.0,-3.3744051327473183,-6.958966595853317,-0.6652113253559785,63
27-08-26/0/map2-0.1-data-2026.08.27-15.36.15.070.jpk-force-map,2026-08-27T15:36:15.070000,12,2,0.1,far_constant_referenced,355.0,-3.8797594729402967,-6.174194919837452,-1.3581568746439434,62
27-08-26/0/map2-0.1-data-2026.08.27-15.36.15.070.jpk-force-map,2026-08-27T15:36:15.070000,12,2,0.1,far_constant_referenced,360.0,-2.7239182945594904,-4.765403205353659,0.21020603326887377,55
