dataset_type,curve_id,source,baseline_method,acquisition_order,block,nominal_speed_um_per_s,actual_gap_speed_um_per_s,clock_epoch_s,elapsed_min,fit_variant,model,dmin_nm,dmax_nm,n_distance_bins,lambda_D_nm,lambda_profile_low_nm,lambda_profile_high_nm,zeta_magnitude_mV,zeta_signed_silica_mV,zeta_profile_low_mV,zeta_profile_high_mV,baseline_pN,weighted_grid_objective,reduced_grid_objective,rmse_pN,r2,lambda_grid_boundary,zeta_grid_boundary,baseline_boundary,fit_status,weight_definition,profile_interval_status,pair_half_span_min,early_source,late_source
map,27-08-26/0/map1-0.2-data-2026.08.27-14.00.12.429.jpk-force-map,27-08-26/0/map1-0.2-data-2026.08.27-14.00.12.429.jpk-force-map,far_constant_referenced,1,1,0.2,0.19375539016608367,1787832100.20225,0.0,previous_primary_10_250nm,nonlinear_pb_derjaguin,10.0,250.0,49,16.780266063679814,16.780266063679814,16.780266063679814,70.0,-70.0,70.0,70.0,4.410992232419795,19.993404802755318,0.43463923484250694,70.88831520986786,0.9930180193967488,False,False,False,interior_grid_solution,"max(pixel_IQR/1.349,2_pN); spatial_scale_not_SE",diagnostic_correlated_bins_not_formal_CI,,,
map,27-08-26/0/map1-0.2-data-2026.08.27-14.00.12.429.jpk-force-map,27-08-26/0/map1-0.2-data-2026.08.27-14.00.12.429.jpk-force-map,far_constant_referenced,1,1,0.2,0.19375539016608367,1787832100.20225,0.0,measurement_window_20_200nm,nonlinear_pb_derjaguin,20.0,200.0,37,16.780266063679814,16.780266063679814,17.320508075688775,70.0,-70.0,67.0,70.0,6.201350217941262,6.928695029952774,0.20378514793978747,9.39866372221093,0.9996481089179967,False,False,False,interior_grid_solution,"max(pixel_IQR/1.349,2_pN); spatial_scale_not_SE",diagnostic_correlated_bins_not_formal_CI,,,
map,27-08-26/0/map1-0.1-data-2026.08.27-14.04.47.122.jpk-force-map,27-08-26/0/map1-0.1-data-2026.08.27-14.04.47.122.jpk-force-map,far_constant_referenced,2,1,0.1,0.09748590028658471,1787832454.64475,5.907375001907349,previous_primary_10_250nm,nonlinear_pb_derjaguin,10.0,250.0,49,15.749808336458166,15.258557842693115,15.749808336458166,68.5,-68.5,67.0,70.0,7.316351493271556,20.544938852530763,0.44662910548979917,59.29272927688005,0.9946485342508874,False,False,False,interior_grid_solution,"max(pixel_IQR/1.349,2_pN); spatial_scale_not_SE",diagnostic_correlated_bins_not_formal_CI,,,
map,27-08-26/0/map1-0.1-data-2026.08.27-14.04.47.122.jpk-force-map,27-08-26/0/map1-0.1-data-2026.08.27-14.04.47.122.jpk-force-map,far_constant_referenced,2,1,0.1,0.09748590028658471,1787832454.64475,5.907375001907349,measurement_window_20_200nm,nonlinear_pb_derjaguin,20.0,200.0,37,15.749808336458166,15.749808336458166,15.749808336458166,67.0,-67.0,65.5,67.0,9.238533629938182,4.8410713253492155,0.14238445074556516,12.670976527496784,0.9992488006152307,False,False,False,interior_grid_solution,"max(pixel_IQR/1.349,2_pN); spatial_scale_not_SE",diagnostic_correlated_bins_not_formal_CI,,,
map,27-08-26/0/map1-0.05-data-2026.08.27-14.14.18.398.jpk-force-map,27-08-26/0/map1-0.05-data-2026.08.27-14.14.18.398.jpk-force-map,far_constant_referenced,3,1,0.05,0.04921093444153765,1787833185.3845,18.086370833714803,previous_primary_10_250nm,nonlinear_pb_derjaguin,10.0,250.0,49,13.874844806111179,13.44207608814922,13.874844806111179,64.0,-64.0,64.0,65.5,7.092266026207593,15.546946826358242,0.3379771049208314,51.31767362588059,0.9950334891275444,False,False,False,interior_grid_solution,"max(pixel_IQR/1.349,2_pN); spatial_scale_not_SE",diagnostic_correlated_bins_not_formal_CI,,,
map,27-08-26/0/map1-0.05-data-2026.08.27-14.14.18.398.jpk-force-map,27-08-26/0/map1-0.05-data-2026.08.27-14.14.18.398.jpk-force-map,far_constant_referenced,3,1,0.05,0.04921093444153765,1787833185.3845,18.086370833714803,measurement_window_20_200nm,nonlinear_pb_derjaguin,20.0,200.0,37,13.874844806111179,13.44207608814922,14.321546547664008,62.5,-62.5,61.0,65.5,9.363492706989913,3.852417034118209,0.11330638335641792,11.84491182540266,0.9990777374384124,False,False,False,interior_grid_solution,"max(pixel_IQR/1.349,2_pN); spatial_scale_not_SE",diagnostic_correlated_bins_not_formal_CI,,,
map,27-08-26/0/map1-0.05-data-2026.08.27-14.27.55.012.jpk-force-map,27-08-26/0/map1-0.05-data-2026.08.27-14.27.55.012.jpk-force-map,far_constant_referenced,4,1,0.05,0.0495119582967873,1787834002.05475,31.697541666030883,previous_primary_10_250nm,nonlinear_pb_derjaguin,10.0,250.0,49,12.223089594559632,11.841840586928083,12.223089594559632,62.5,-62.5,61.0,62.5,7.591745332303098,13.876746374505105,0.3016683994457631,22.322050768420482,0.9988754212507233,False,False,False,interior_grid_solution,"max(pixel_IQR/1.349,2_pN); spatial_scale_not_SE",diagnostic_correlated_bins_not_formal_CI,,,
map,27-08-26/0/map1-0.05-data-2026.08.27-14.27.55.012.jpk-force-map,27-08-26/0/map1-0.05-data-2026.08.27-14.27.55.012.jpk-force-map,far_constant_referenced,4,1,0.05,0.0495119582967873,1787834002.05475,31.697541666030883,measurement_window_20_200nm,nonlinear_pb_derjaguin,20.0,200.0,37,12.223089594559632,11.841840586928083,12.616612944575133,61.0,-61.0,58.0,62.5,9.914913881045448,2.528922952144739,0.07438008682778645,5.538700000897649,0.9997238727379137,False,False,False,interior_grid_solution,"max(pixel_IQR/1.349,2_pN); spatial_scale_not_SE",diagnostic_correlated_bins_not_formal_CI,,,
map,27-08-26/0/map1-0.1-data-2026.08.27-14.40.56.507.jpk-force-map,27-08-26/0/map1-0.1-data-2026.08.27-14.40.56.507.jpk-force-map,far_constant_referenced,5,1,0.1,0.09943540425571812,1787834624.0795,42.06462083260218,previous_primary_10_250nm,nonlinear_pb_derjaguin,10.0,250.0,49,11.114646149663537,10.767970476385223,11.114646149663537,56.5,-56.5,56.5,59.5,10.834924742897476,17.417935903992426,0.37865078052157447,46.74011170388942,0.9937666341561316,False,False,False,interior_grid_solution,"max(pixel_IQR/1.349,2_pN); spatial_scale_not_SE",diagnostic_correlated_bins_not_formal_CI,,,
map,27-08-26/0/map1-0.1-data-2026.08.27-14.40.56.507.jpk-force-map,27-08-26/0/map1-0.1-data-2026.08.27-14.40.56.507.jpk-force-map,far_constant_referenced,5,1,0.1,0.09943540425571812,1787834624.0795,42.06462083260218,measurement_window_20_200nm,nonlinear_pb_derjaguin,20.0,200.0,37,11.114646149663537,10.767970476385223,11.114646149663537,56.5,-56.5,55.0,59.5,12.73926230392801,2.785911565594804,0.0819385754586707,5.330837736094033,0.9996289329168097,False,False,False,interior_grid_solution,"max(pixel_IQR/1.349,2_pN); spatial_scale_not_SE",diagnostic_correlated_bins_not_formal_CI,,,
map,27-08-26/0/map1-0.2-data-2026.08.27-14.47.23.611.jpk-force-map,27-08-26/0/map1-0.2-data-2026.08.27-14.47.23.611.jpk-force-map,far_constant_referenced,6,1,0.2,0.19917575692941866,1787834931.4075,47.186754167079926,previous_primary_10_250nm,nonlinear_pb_derjaguin,10.0,250.0,49,10.432107924894561,10.432107924894561,10.432107924894561,56.5,-56.5,56.5,56.5,11.635900044320994,12.990237937945246,0.28239647691185316,25.426902875894037,0.9979990663474414,False,False,False,interior_grid_solution,"max(pixel_IQR/1.349,2_pN); spatial_scale_not_SE",diagnostic_correlated_bins_not_formal_CI,,,
map,27-08-26/0/map1-0.2-data-2026.08.27-14.47.23.611.jpk-force-map,27-08-26/0/map1-0.2-data-2026.08.27-14.47.23.611.jpk-force-map,far_constant_referenced,6,1,0.2,0.19917575692941866,1787834931.4075,47.186754167079926,measurement_window_20_200nm,nonlinear_pb_derjaguin,20.0,200.0,37,10.432107924894561,10.106721224330608,10.767970476385223,56.5,-56.5,53.5,58.0,12.860828174629486,3.340022104211726,0.09823594424152136,3.250858771425655,0.9998385595002617,False,False,False,interior_grid_solution,"max(pixel_IQR/1.349,2_pN); spatial_scale_not_SE",diagnostic_correlated_bins_not_formal_CI,,,
map,27-08-26/0/map2-0.1-data-2026.08.27-14.58.45.160.jpk-force-map,27-08-26/0/map2-0.1-data-2026.08.27-14.58.45.160.jpk-force-map,far_constant_referenced,7,2,0.1,0.09549660650086758,1787835692.64,59.87396250168482,previous_primary_10_250nm,nonlinear_pb_derjaguin,10.0,250.0,49,23.036510285681896,23.036510285681896,23.77817258228512,71.5,-71.5,70.0,71.5,14.04475198973424,78.99209309009535,1.717219415002073,104.23938484429894,0.9847815994054888,False,False,False,interior_grid_solution,"max(pixel_IQR/1.349,2_pN); spatial_scale_not_SE",diagnostic_correlated_bins_not_formal_CI,,,
map,27-08-26/0/map2-0.1-data-2026.08.27-14.58.45.160.jpk-force-map,27-08-26/0/map2-0.1-data-2026.08.27-14.58.45.160.jpk-force-map,far_constant_referenced,7,2,0.1,0.09549660650086758,1787835692.64,59.87396250168482,measurement_window_20_200nm,nonlinear_pb_derjaguin,20.0,200.0,37,23.036510285681896,23.036510285681896,23.036510285681896,70.0,-70.0,70.0,70.0,18.959233085004783,21.27686050148049,0.6257900147494261,30.12953233845643,0.9970987466647558,False,False,False,interior_grid_solution,"max(pixel_IQR/1.349,2_pN); spatial_scale_not_SE",diagnostic_correlated_bins_not_formal_CI,,,
map,27-08-26/0/map2-0.05-data-2026.08.27-15.05.27.190.jpk-force-map,27-08-26/0/map2-0.05-data-2026.08.27-15.05.27.190.jpk-force-map,far_constant_referenced,8,2,0.05,0.047614987825790156,1787836254.24175,69.23399166663488,previous_primary_10_250nm,nonlinear_pb_derjaguin,10.0,250.0,49,22.317981094042864,22.317981094042864,22.317981094042864,74.5,-74.5,73.0,74.5,10.668173580462492,35.71044505071295,0.7763140228415858,73.81875714709597,0.9929896764873648,False,False,False,interior_grid_solution,"max(pixel_IQR/1.349,2_pN); spatial_scale_not_SE",diagnostic_correlated_bins_not_formal_CI,,,
map,27-08-26/0/map2-0.05-data-2026.08.27-15.05.27.190.jpk-force-map,27-08-26/0/map2-0.05-data-2026.08.27-15.05.27.190.jpk-force-map,far_constant_referenced,8,2,0.05,0.047614987825790156,1787836254.24175,69.23399166663488,measurement_window_20_200nm,nonlinear_pb_derjaguin,20.0,200.0,37,22.317981094042864,22.317981094042864,23.036510285681896,73.0,-73.0,71.5,73.0,15.032508455581782,7.723075200252531,0.22714927059566267,18.43218431635727,0.9990017943820307,False,False,False,interior_grid_solution,"max(pixel_IQR/1.349,2_pN); spatial_scale_not_SE",diagnostic_correlated_bins_not_formal_CI,,,
map,27-08-26/0/map2-0.2-data-2026.08.27-15.16.41.656.jpk-force-map,27-08-26/0/map2-0.2-data-2026.08.27-15.16.41.656.jpk-force-map,far_constant_referenced,9,2,0.2,0.19067403820313544,1787836689.437,76.48724583387374,previous_primary_10_250nm,nonlinear_pb_derjaguin,10.0,250.0,49,21.62186346530268,21.62186346530268,21.62186346530268,73.0,-73.0,73.0,73.0,11.27993867712358,32.448046622537035,0.7053923178812399,90.39271925851014,0.9894870076877821,False,False,False,interior_grid_solution,"max(pixel_IQR/1.349,2_pN); spatial_scale_not_SE",diagnostic_correlated_bins_not_formal_CI,,,
map,27-08-26/0/map2-0.2-data-2026.08.27-15.16.41.656.jpk-force-map,27-08-26/0/map2-0.2-data-2026.08.27-15.16.41.656.jpk-force-map,far_constant_referenced,9,2,0.2,0.19067403820313544,1787836689.437,76.48724583387374,measurement_window_20_200nm,nonlinear_pb_derjaguin,20.0,200.0,37,21.62186346530268,21.62186346530268,21.62186346530268,71.5,-71.5,71.5,71.5,14.315364052883417,7.4571916606079025,0.21932916648846773,31.00054255302582,0.9971301094557068,False,False,False,interior_grid_solution,"max(pixel_IQR/1.349,2_pN); spatial_scale_not_SE",diagnostic_correlated_bins_not_formal_CI,,,
map,27-08-26/0/map2-0.2-data-2026.08.27-15.20.44.298.jpk-force-map,27-08-26/0/map2-0.2-data-2026.08.27-15.20.44.298.jpk-force-map,far_constant_referenced,10,2,0.2,0.1910683257040373,1787836932.08125,80.53131666580836,previous_primary_10_250nm,nonlinear_pb_derjaguin,10.0,250.0,49,20.94745836293309,20.94745836293309,20.94745836293309,73.0,-73.0,71.5,73.0,11.365548026626918,35.481964304518115,0.7713470500982199,79.77493726595355,0.9917326143295406,False,False,False,interior_grid_solution,"max(pixel_IQR/1.349,2_pN); spatial_scale_not_SE",diagnostic_correlated_bins_not_formal_CI,,,
map,27-08-26/0/map2-0.2-data-2026.08.27-15.20.44.298.jpk-force-map,27-08-26/0/map2-0.2-data-2026.08.27-15.20.44.298.jpk-force-map,far_constant_referenced,10,2,0.2,0.1910683257040373,1787836932.08125,80.53131666580836,measurement_window_20_200nm,nonlinear_pb_derjaguin,20.0,200.0,37,20.94745836293309,20.294088553975286,20.94745836293309,71.5,-71.5,71.5,73.0,14.436417698147105,7.5359876377630455,0.22164669522832486,25.443398902983954,0.9980056066060875,False,False,False,interior_grid_solution,"max(pixel_IQR/1.349,2_pN); spatial_scale_not_SE",diagnostic_correlated_bins_not_formal_CI,,,
map,27-08-26/0/map2-0.05-data-2026.08.27-15.24.51.168.jpk-force-map,27-08-26/0/map2-0.05-data-2026.08.27-15.24.51.168.jpk-force-map,far_constant_referenced,11,2,0.05,0.04798290979465139,1787837418.131,88.63214583396912,previous_primary_10_250nm,nonlinear_pb_derjaguin,10.0,250.0,49,19.047850843082976,19.047850843082976,19.66109792896721,73.0,-73.0,70.0,73.0,10.744099123102334,19.325983429109574,0.4201300745458603,41.603426074606666,0.9976374944740748,False,False,False,interior_grid_solution,"max(pixel_IQR/1.349,2_pN); spatial_scale_not_SE",diagnostic_correlated_bins_not_formal_CI,,,
map,27-08-26/0/map2-0.05-data-2026.08.27-15.24.51.168.jpk-force-map,27-08-26/0/map2-0.05-data-2026.08.27-15.24.51.168.jpk-force-map,far_constant_referenced,11,2,0.05,0.04798290979465139,1787837418.131,88.63214583396912,measurement_window_20_200nm,nonlinear_pb_derjaguin,20.0,200.0,37,19.047850843082976,19.047850843082976,19.66109792896721,71.5,-71.5,70.0,71.5,14.044571036775926,3.3903078335319528,0.09971493628035155,8.875134665415352,0.9997326634251076,False,False,False,interior_grid_solution,"max(pixel_IQR/1.349,2_pN); spatial_scale_not_SE",diagnostic_correlated_bins_not_formal_CI,,,
map,27-08-26/0/map2-0.1-data-2026.08.27-15.36.15.070.jpk-force-map,27-08-26/0/map2-0.1-data-2026.08.27-15.36.15.070.jpk-force-map,far_constant_referenced,12,2,0.1,0.09666990577550738,1787837942.66425,97.37436666488648,previous_primary_10_250nm,nonlinear_pb_derjaguin,10.0,250.0,49,17.878143222611804,17.878143222611804,18.453731477822707,68.5,-68.5,67.0,70.0,13.760695120333954,19.43996194413414,0.42260786835074216,62.859332137744396,0.9939095343841127,False,False,False,interior_grid_solution,"max(pixel_IQR/1.349,2_pN); spatial_scale_not_SE",diagnostic_correlated_bins_not_formal_CI,,,
map,27-08-26/0/map2-0.1-data-2026.08.27-15.36.15.070.jpk-force-map,27-08-26/0/map2-0.1-data-2026.08.27-15.36.15.070.jpk-force-map,far_constant_referenced,12,2,0.1,0.09666990577550738,1787837942.66425,97.37436666488648,measurement_window_20_200nm,nonlinear_pb_derjaguin,20.0,200.0,37,17.878143222611804,17.878143222611804,18.453731477822707,68.5,-68.5,65.5,68.5,15.651483193261233,3.6721616264443933,0.10800475371895274,10.157964186539527,0.9995855211340962,False,False,False,interior_grid_solution,"max(pixel_IQR/1.349,2_pN); spatial_scale_not_SE",diagnostic_correlated_bins_not_formal_CI,,,
map,27-08-26/0/map3-0.05-data-2026.08.27-15.48.41.060.jpk-force-map,27-08-26/0/map3-0.05-data-2026.08.27-15.48.41.060.jpk-force-map,far_constant_referenced,13,3,0.05,0.047606609142386985,1787838847.0895,112.44812083244324,previous_primary_10_250nm,nonlinear_pb_derjaguin,10.0,250.0,49,22.317981094042864,22.317981094042864,22.317981094042864,74.5,-74.5,74.5,76.0,2.402549139204693,6.849684855439187,0.14890619250954754,134.1092315083746,0.9794645760772488,False,False,False,interior_grid_solution,"max(pixel_IQR/1.349,2_pN); spatial_scale_not_SE",diagnostic_correlated_bins_not_formal_CI,,,
map,27-08-26/0/map3-0.05-data-2026.08.27-15.48.41.060.jpk-force-map,27-08-26/0/map3-0.05-data-2026.08.27-15.48.41.060.jpk-force-map,far_constant_referenced,13,3,0.05,0.047606609142386985,1787838847.0895,112.44812083244324,measurement_window_20_200nm,nonlinear_pb_derjaguin,20.0,200.0,37,23.036510285681896,22.317981094042864,23.036510285681896,71.5,-71.5,70.0,74.5,1.9422911901229278,2.6861633531977294,0.07900480450581557,50.708447494861815,0.9927969249642784,False,False,False,interior_grid_solution,"max(pixel_IQR/1.349,2_pN); spatial_scale_not_SE",diagnostic_correlated_bins_not_formal_CI,,,
map,27-08-26/0/map3-0.2-data-2026.08.27-16.09.07.348.jpk-force-map,27-08-26/0/map3-0.2-data-2026.08.27-16.09.07.348.jpk-force-map,far_constant_referenced,14,3,0.2,0.19086437504015724,1787839835.07925,128.91461666822434,previous_primary_10_250nm,nonlinear_pb_derjaguin,10.0,250.0,49,20.94745836293309,20.94745836293309,21.62186346530268,74.5,-74.5,71.5,76.0,0.48473820253909516,7.844238834633525,0.17052693118768533,95.90169027798315,0.98901100949987,False,False,False,interior_grid_solution,"max(pixel_IQR/1.349,2_pN); spatial_scale_not_SE",diagnostic_correlated_bins_not_formal_CI,,,
map,27-08-26/0/map3-0.2-data-2026.08.27-16.09.07.348.jpk-force-map,27-08-26/0/map3-0.2-data-2026.08.27-16.09.07.348.jpk-force-map,far_constant_referenced,14,3,0.2,0.19086437504015724,1787839835.07925,128.91461666822434,measurement_window_20_200nm,nonlinear_pb_derjaguin,20.0,200.0,37,21.62186346530268,20.94745836293309,21.62186346530268,71.5,-71.5,70.0,74.5,0.3466908809425107,1.8046020483075365,0.0530765308325746,33.85515107350755,0.9965886983120755,False,False,False,interior_grid_solution,"max(pixel_IQR/1.349,2_pN); spatial_scale_not_SE",diagnostic_correlated_bins_not_formal_CI,,,
map,27-08-26/0/map3-0.1-data-2026.08.27-16.12.38.424.jpk-force-map,27-08-26/0/map3-0.1-data-2026.08.27-16.12.38.424.jpk-force-map,far_constant_referenced,15,3,0.1,0.09540009573083572,1787840125.81825,133.76026666561762,previous_primary_10_250nm,nonlinear_pb_derjaguin,10.0,250.0,49,20.294088553975286,20.294088553975286,20.94745836293309,74.5,-74.5,73.0,76.0,0.7802413030631175,11.311866911806511,0.2459101502566633,112.9496554874516,0.985584809598282,False,False,False,interior_grid_solution,"max(pixel_IQR/1.349,2_pN); spatial_scale_not_SE",diagnostic_correlated_bins_not_formal_CI,,,
map,27-08-26/0/map3-0.1-data-2026.08.27-16.12.38.424.jpk-force-map,27-08-26/0/map3-0.1-data-2026.08.27-16.12.38.424.jpk-force-map,far_constant_referenced,15,3,0.1,0.09540009573083572,1787840125.81825,133.76026666561762,measurement_window_20_200nm,nonlinear_pb_derjaguin,20.0,200.0,37,20.94745836293309,20.294088553975286,20.94745836293309,71.5,-71.5,71.5,74.5,0.9938377954480304,3.5730171154883243,0.10508873869083307,43.44660256370597,0.9945247679338853,False,False,False,interior_grid_solution,"max(pixel_IQR/1.349,2_pN); spatial_scale_not_SE",diagnostic_correlated_bins_not_formal_CI,,,
map,27-08-26/0/map3-0.1-data-2026.08.27-16.18.55.666.jpk-force-map,27-08-26/0/map3-0.1-data-2026.08.27-16.18.55.666.jpk-force-map,far_constant_referenced,16,3,0.1,0.095783837489214,1787840503.06275,140.04767500162126,previous_primary_10_250nm,nonlinear_pb_derjaguin,10.0,250.0,49,19.66109792896721,19.66109792896721,20.294088553975286,73.0,-73.0,70.0,73.0,0.7278331540769631,8.560976790513847,0.1861081910981271,106.93152314404213,0.9862428572525441,False,False,False,interior_grid_solution,"max(pixel_IQR/1.349,2_pN); spatial_scale_not_SE",diagnostic_correlated_bins_not_formal_CI,,,
map,27-08-26/0/map3-0.1-data-2026.08.27-16.18.55.666.jpk-force-map,27-08-26/0/map3-0.1-data-2026.08.27-16.18.55.666.jpk-force-map,far_constant_referenced,16,3,0.1,0.095783837489214,1787840503.06275,140.04767500162126,measurement_window_20_200nm,nonlinear_pb_derjaguin,20.0,200.0,37,19.66109792896721,19.66109792896721,20.294088553975286,71.5,-71.5,68.5,73.0,1.8416240473627807,3.0821346488612993,0.09065101908415586,24.900242748184848,0.9980424779138779,False,False,False,interior_grid_solution,"max(pixel_IQR/1.349,2_pN); spatial_scale_not_SE",diagnostic_correlated_bins_not_formal_CI,,,
map,27-08-26/0/map3-0.2-data-2026.08.27-16.25.10.504.jpk-force-map,27-08-26/0/map3-0.2-data-2026.08.27-16.25.10.504.jpk-force-map,far_constant_referenced,17,3,0.2,0.19244846406308702,1787840798.24725,144.96741666793824,previous_primary_10_250nm,nonlinear_pb_derjaguin,10.0,250.0,49,19.047850843082976,19.047850843082976,19.047850843082976,71.5,-71.5,70.0,71.5,0.8582673389754961,12.656955454537012,0.2751512055334133,110.01775692470879,0.9846678461044682,False,False,False,interior_grid_solution,"max(pixel_IQR/1.349,2_pN); spatial_scale_not_SE",diagnostic_correlated_bins_not_formal_CI,,,
map,27-08-26/0/map3-0.2-data-2026.08.27-16.25.10.504.jpk-force-map,27-08-26/0/map3-0.2-data-2026.08.27-16.25.10.504.jpk-force-map,far_constant_referenced,17,3,0.2,0.19244846406308702,1787840798.24725,144.96741666793824,measurement_window_20_200nm,nonlinear_pb_derjaguin,20.0,200.0,37,19.047850843082976,19.047850843082976,19.047850843082976,70.0,-70.0,70.0,70.0,1.974795462700738,2.741254615453329,0.08062513574862731,24.16069454341614,0.9979887285743695,False,False,False,interior_grid_solution,"max(pixel_IQR/1.349,2_pN); spatial_scale_not_SE",diagnostic_correlated_bins_not_formal_CI,,,
map,27-08-26/0/map3-0.05-data-2026.08.27-16.29.39.734.jpk-force-map,27-08-26/0/map3-0.05-data-2026.08.27-16.29.39.734.jpk-force-map,far_constant_referenced,18,3,0.05,0.04842620755797471,1787841306.4865,153.438070833683,previous_primary_10_250nm,nonlinear_pb_derjaguin,10.0,250.0,49,17.878143222611804,17.878143222611804,17.878143222611804,70.0,-70.0,68.5,70.0,2.6745893700760703,16.255769587733926,0.35338629538552013,82.83164445549687,0.9901992449766565,False,False,False,interior_grid_solution,"max(pixel_IQR/1.349,2_pN); spatial_scale_not_SE",diagnostic_correlated_bins_not_formal_CI,,,
map,27-08-26/0/map3-0.05-data-2026.08.27-16.29.39.734.jpk-force-map,27-08-26/0/map3-0.05-data-2026.08.27-16.29.39.734.jpk-force-map,far_constant_referenced,18,3,0.05,0.04842620755797471,1787841306.4865,153.438070833683,measurement_window_20_200nm,nonlinear_pb_derjaguin,20.0,200.0,37,17.878143222611804,17.878143222611804,18.453731477822707,67.0,-67.0,65.5,68.5,4.468499175810309,3.503063257206482,0.10303127227077888,23.45592613019301,0.9977475778124012,False,False,False,interior_grid_solution,"max(pixel_IQR/1.349,2_pN); spatial_scale_not_SE",diagnostic_correlated_bins_not_formal_CI,,,
map,27-08-26/0/map4-0.2-data-2026.08.27-16.47.00.630.jpk-force-map,27-08-26/0/map4-0.2-data-2026.08.27-16.47.00.630.jpk-force-map,far_constant_referenced,19,4,0.2,0.19495108280404694,1787842108.4025,166.8033374985059,previous_primary_10_250nm,nonlinear_pb_derjaguin,10.0,250.0,49,16.25687467927739,16.25687467927739,16.25687467927739,65.5,-65.5,65.5,65.5,1.5547896132278471,19.08605233534784,0.41491418120321394,121.79876875878247,0.9772047734405759,False,False,False,interior_grid_solution,"max(pixel_IQR/1.349,2_pN); spatial_scale_not_SE",diagnostic_correlated_bins_not_formal_CI,,,
map,27-08-26/0/map4-0.2-data-2026.08.27-16.47.00.630.jpk-force-map,27-08-26/0/map4-0.2-data-2026.08.27-16.47.00.630.jpk-force-map,far_constant_referenced,19,4,0.2,0.19495108280404694,1787842108.4025,166.8033374985059,measurement_window_20_200nm,nonlinear_pb_derjaguin,20.0,200.0,37,16.25687467927739,16.25687467927739,16.25687467927739,65.5,-65.5,64.0,65.5,2.4518446672852834,4.005609845540706,0.117812054280609,11.743088960938413,0.9993161171459197,False,False,False,interior_grid_solution,"max(pixel_IQR/1.349,2_pN); spatial_scale_not_SE",diagnostic_correlated_bins_not_formal_CI,,,
map,27-08-26/0/map4-0.1-data-2026.08.27-16.50.32.826.jpk-force-map,27-08-26/0/map4-0.1-data-2026.08.27-16.50.32.826.jpk-force-map,far_constant_referenced,20,4,0.1,0.09772370530801239,1787842400.42875,171.67044166723886,previous_primary_10_250nm,nonlinear_pb_derjaguin,10.0,250.0,49,15.258557842693115,15.258557842693115,15.258557842693115,67.0,-67.0,67.0,67.0,2.58606854664309,18.361362717254956,0.3991600590707599,76.09689132235677,0.9908632101936222,False,False,False,interior_grid_solution,"max(pixel_IQR/1.349,2_pN); spatial_scale_not_SE",diagnostic_correlated_bins_not_formal_CI,,,
map,27-08-26/0/map4-0.1-data-2026.08.27-16.50.32.826.jpk-force-map,27-08-26/0/map4-0.1-data-2026.08.27-16.50.32.826.jpk-force-map,far_constant_referenced,20,4,0.1,0.09772370530801239,1787842400.42875,171.67044166723886,measurement_window_20_200nm,nonlinear_pb_derjaguin,20.0,200.0,37,15.749808336458166,15.749808336458166,15.749808336458166,64.0,-64.0,64.0,64.0,3.0163564778659486,4.800065922705683,0.14117840949134364,19.913035046497107,0.9979314136369565,False,False,False,interior_grid_solution,"max(pixel_IQR/1.349,2_pN); spatial_scale_not_SE",diagnostic_correlated_bins_not_formal_CI,,,
map,27-08-26/0/map4-0.05-data-2026.08.27-16.56.56.658.jpk-force-map,27-08-26/0/map4-0.05-data-2026.08.27-16.56.56.658.jpk-force-map,far_constant_referenced,21,4,0.05,0.04908511865867665,1787842943.774,180.72619583209357,previous_primary_10_250nm,nonlinear_pb_derjaguin,10.0,250.0,49,13.874844806111179,13.874844806111179,14.321546547664008,67.0,-67.0,65.5,67.0,5.434193281795147,14.822289129494765,0.32222367672814706,54.480465384395785,0.9950870879123226,False,False,False,interior_grid_solution,"max(pixel_IQR/1.349,2_pN); spatial_scale_not_SE",diagnostic_correlated_bins_not_formal_CI,,,
map,27-08-26/0/map4-0.05-data-2026.08.27-16.56.56.658.jpk-force-map,27-08-26/0/map4-0.05-data-2026.08.27-16.56.56.658.jpk-force-map,far_constant_referenced,21,4,0.05,0.04908511865867665,1787842943.774,180.72619583209357,measurement_window_20_200nm,nonlinear_pb_derjaguin,20.0,200.0,37,14.321546547664008,13.874844806111179,14.7826298876199,64.0,-64.0,62.5,65.5,6.658566776747509,3.415178427951935,0.1004464243515275,10.892142408800044,0.9992816690702576,False,False,False,interior_grid_solution,"max(pixel_IQR/1.349,2_pN); spatial_scale_not_SE",diagnostic_correlated_bins_not_formal_CI,,,
map,27-08-26/0/map4-0.05-data-2026.08.27-17.08.28.590.jpk-force-map,27-08-26/0/map4-0.05-data-2026.08.27-17.08.28.590.jpk-force-map,far_constant_referenced,22,4,0.05,0.049425618405138094,1787843635.6685,192.25777083237966,previous_primary_10_250nm,nonlinear_pb_derjaguin,10.0,250.0,49,12.223089594559632,12.223089594559632,12.616612944575133,64.0,-64.0,62.5,65.5,5.665732586586787,19.380806872813135,0.421321888539416,45.001902289512515,0.9960435615520734,False,False,False,interior_grid_solution,"max(pixel_IQR/1.349,2_pN); spatial_scale_not_SE",diagnostic_correlated_bins_not_formal_CI,,,
map,27-08-26/0/map4-0.05-data-2026.08.27-17.08.28.590.jpk-force-map,27-08-26/0/map4-0.05-data-2026.08.27-17.08.28.590.jpk-force-map,far_constant_referenced,22,4,0.05,0.049425618405138094,1787843635.6685,192.25777083237966,measurement_window_20_200nm,nonlinear_pb_derjaguin,20.0,200.0,37,12.616612944575133,12.223089594559632,13.44207608814922,61.0,-61.0,58.0,64.0,7.710276039131692,3.7512006930165693,0.11032943214754616,8.540953557711878,0.9993902880553724,False,False,False,interior_grid_solution,"max(pixel_IQR/1.349,2_pN); spatial_scale_not_SE",diagnostic_correlated_bins_not_formal_CI,,,
map,27-08-26/0/map4-0.1-data-2026.08.27-17.19.56.860.jpk-force-map,27-08-26/0/map4-0.1-data-2026.08.27-17.19.56.860.jpk-force-map,far_constant_referenced,23,4,0.1,0.09926823854122471,1787844164.45825,201.0709333340327,previous_primary_10_250nm,nonlinear_pb_derjaguin,10.0,250.0,49,11.472483074052871,11.472483074052871,11.841840586928083,59.5,-59.5,56.5,59.5,5.165759857264072,20.38090918554377,0.44306324316399504,55.993028431230115,0.9925061333357662,False,False,False,interior_grid_solution,"max(pixel_IQR/1.349,2_pN); spatial_scale_not_SE",diagnostic_correlated_bins_not_formal_CI,,,
map,27-08-26/0/map4-0.1-data-2026.08.27-17.19.56.860.jpk-force-map,27-08-26/0/map4-0.1-data-2026.08.27-17.19.56.860.jpk-force-map,far_constant_referenced,23,4,0.1,0.09926823854122471,1787844164.45825,201.0709333340327,measurement_window_20_200nm,nonlinear_pb_derjaguin,20.0,200.0,37,11.841840586928083,11.472483074052871,11.841840586928083,56.5,-56.5,55.0,59.5,6.75561535183693,6.134436468953472,0.18042460202804328,11.320074970080519,0.9985460912456231,False,False,False,interior_grid_solution,"max(pixel_IQR/1.349,2_pN); spatial_scale_not_SE",diagnostic_correlated_bins_not_formal_CI,,,
map,27-08-26/0/map4-0.2-data-2026.08.27-17.25.48.068.jpk-force-map,27-08-26/0/map4-0.2-data-2026.08.27-17.25.48.068.jpk-force-map,far_constant_referenced,24,4,0.2,0.19882876533419525,1787844435.8835,205.59468750158945,previous_primary_10_250nm,nonlinear_pb_derjaguin,10.0,250.0,49,11.114646149663537,10.767970476385223,11.114646149663537,56.5,-56.5,56.5,59.5,5.213534669133222,22.997078109691582,0.4999364806454692,76.9201966682505,0.9843810256618168,False,False,False,interior_grid_solution,"max(pixel_IQR/1.349,2_pN); spatial_scale_not_SE",diagnostic_correlated_bins_not_formal_CI,,,
map,27-08-26/0/map4-0.2-data-2026.08.27-17.25.48.068.jpk-force-map,27-08-26/0/map4-0.2-data-2026.08.27-17.25.48.068.jpk-force-map,far_constant_referenced,24,4,0.2,0.19882876533419525,1787844435.8835,205.59468750158945,measurement_window_20_200nm,nonlinear_pb_derjaguin,20.0,200.0,37,11.114646149663537,10.767970476385223,11.472483074052871,55.0,-55.0,53.5,58.0,6.689145779691845,6.5207853254870285,0.19178780369079496,11.290468348100992,0.9982682485983637,False,False,False,interior_grid_solution,"max(pixel_IQR/1.349,2_pN); spatial_scale_not_SE",diagnostic_correlated_bins_not_formal_CI,,,
map,27-08-26/0/map5-0.1-data-2026.08.27-17.31.45.428.jpk-force-map,27-08-26/0/map5-0.1-data-2026.08.27-17.31.45.428.jpk-force-map,far_constant_referenced,25,5,0.1,0.09959368685394637,1787844872.56275,212.87267500162125,previous_primary_10_250nm,nonlinear_pb_derjaguin,10.0,250.0,49,10.432107924894561,10.106721224330608,10.767970476385223,55.0,-55.0,52.0,59.5,5.707414402300965,13.589100095546023,0.2954152194683918,74.18682703334343,0.9841468288419682,False,False,False,interior_grid_solution,"max(pixel_IQR/1.349,2_pN); spatial_scale_not_SE",diagnostic_correlated_bins_not_formal_CI,,,
map,27-08-26/0/map5-0.1-data-2026.08.27-17.31.45.428.jpk-force-map,27-08-26/0/map5-0.1-data-2026.08.27-17.31.45.428.jpk-force-map,far_constant_referenced,25,5,0.1,0.09959368685394637,1787844872.56275,212.87267500162125,measurement_window_20_200nm,nonlinear_pb_derjaguin,20.0,200.0,37,10.432107924894561,9.791483623609768,11.114646149663537,55.0,-55.0,50.5,61.0,7.293441230510854,3.404160226429268,0.10012235960086081,8.379628846961824,0.9988967791780207,False,False,False,interior_grid_solution,"max(pixel_IQR/1.349,2_pN); spatial_scale_not_SE",diagnostic_correlated_bins_not_formal_CI,,,
map,27-08-26/0/map5-0.05-data-2026.08.27-17.38.13.338.jpk-force-map,27-08-26/0/map5-0.05-data-2026.08.27-17.38.13.338.jpk-force-map,far_constant_referenced,26,5,0.05,0.04989539992565871,1787845419.73575,221.99222499926884,previous_primary_10_250nm,nonlinear_pb_derjaguin,10.0,250.0,49,9.48607856330461,8.62583929892546,10.432107924894561,50.5,-50.5,43.0,61.0,5.271094088036115,9.768464300695815,0.2123579195803438,76.88007809025208,0.9775170672746931,False,False,False,interior_grid_solution,"max(pixel_IQR/1.349,2_pN); spatial_scale_not_SE",diagnostic_correlated_bins_not_formal_CI,,,
map,27-08-26/0/map5-0.05-data-2026.08.27-17.38.13.338.jpk-force-map,27-08-26/0/map5-0.05-data-2026.08.27-17.38.13.338.jpk-force-map,far_constant_referenced,26,5,0.05,0.04989539992565871,1787845419.73575,221.99222499926884,measurement_window_20_200nm,nonlinear_pb_derjaguin,20.0,200.0,37,9.48607856330461,8.356791719157386,10.767970476385223,50.5,-50.5,40.0,64.0,7.415469766740804,2.384390968186034,0.07012914612311864,9.99296618191775,0.99745894855792,False,False,False,interior_grid_solution,"max(pixel_IQR/1.349,2_pN); spatial_scale_not_SE",diagnostic_correlated_bins_not_formal_CI,,,
map,27-08-26/0/map5-0.2-data-2026.08.27-17.49.29.094.jpk-force-map,27-08-26/0/map5-0.2-data-2026.08.27-17.49.29.094.jpk-force-map,far_constant_referenced,27,5,0.2,0.19972526061066104,1787845856.75475,229.27587500015895,previous_primary_10_250nm,nonlinear_pb_derjaguin,10.0,250.0,49,9.190199357757056,8.62583929892546,10.106721224330608,44.5,-44.5,38.5,50.5,5.338665793280624,23.89449118889925,0.5194454606282445,95.19439568331987,0.9523549237615975,False,False,False,interior_grid_solution,"max(pixel_IQR/1.349,2_pN); spatial_scale_not_SE",diagnostic_correlated_bins_not_formal_CI,,,
map,27-08-26/0/map5-0.2-data-2026.08.27-17.49.29.094.jpk-force-map,27-08-26/0/map5-0.2-data-2026.08.27-17.49.29.094.jpk-force-map,far_constant_referenced,27,5,0.2,0.19972526061066104,1787845856.75475,229.27587500015895,measurement_window_20_200nm,nonlinear_pb_derjaguin,20.0,200.0,37,9.190199357757056,8.356791719157386,10.106721224330608,43.0,-43.0,37.0,52.0,6.725052840215353,11.668618281883406,0.34319465534951193,19.80437766722398,0.9840196569433133,False,False,False,interior_grid_solution,"max(pixel_IQR/1.349,2_pN); spatial_scale_not_SE",diagnostic_correlated_bins_not_formal_CI,,,
map,27-08-26/0/map5-0.2-data-2026.08.27-17.53.38.834.jpk-force-map,27-08-26/0/map5-0.2-data-2026.08.27-17.53.38.834.jpk-force-map,far_constant_referenced,28,5,0.2,0.19976521943818015,1787846106.47925,233.43794999917347,previous_primary_10_250nm,nonlinear_pb_derjaguin,10.0,250.0,49,8.356791719157386,7.843610308975431,9.190199357757056,44.5,-44.5,38.5,50.5,4.430675125788345,16.08842436444084,0.34974835574871393,71.24111778349396,0.969297056849007,False,False,False,interior_grid_solution,"max(pixel_IQR/1.349,2_pN); spatial_scale_not_SE",diagnostic_correlated_bins_not_formal_CI,,,
map,27-08-26/0/map5-0.2-data-2026.08.27-17.53.38.834.jpk-force-map,27-08-26/0/map5-0.2-data-2026.08.27-17.53.38.834.jpk-force-map,far_constant_referenced,28,5,0.2,0.19976521943818015,1787846106.47925,233.43794999917347,measurement_window_20_200nm,nonlinear_pb_derjaguin,20.0,200.0,37,8.356791719157386,7.598961145324,9.190199357757056,44.5,-44.5,37.0,53.5,5.9978090238779735,7.073159575537055,0.20803410516285456,8.64238787420623,0.9960010224635423,False,False,False,interior_grid_solution,"max(pixel_IQR/1.349,2_pN); spatial_scale_not_SE",diagnostic_correlated_bins_not_formal_CI,,,
map,27-08-26/0/map5-0.05-data-2026.08.27-17.57.18.559.jpk-force-map,27-08-26/0/map5-0.05-data-2026.08.27-17.57.18.559.jpk-force-map,far_constant_referenced,29,5,0.05,0.049955980718655216,1787846564.967,241.07941250006357,previous_primary_10_250nm,nonlinear_pb_derjaguin,10.0,250.0,49,7.3619428061166206,6.283238071370499,8.903548887106776,41.5,-41.5,31.0,52.0,1.8284582085162988,4.328448609688277,0.09409670890626688,39.322302884252636,0.9849525310903169,False,False,False,interior_grid_solution,"max(pixel_IQR/1.349,2_pN); spatial_scale_not_SE",diagnostic_correlated_bins_not_formal_CI,,,
map,27-08-26/0/map5-0.05-data-2026.08.27-17.57.18.559.jpk-force-map,27-08-26/0/map5-0.05-data-2026.08.27-17.57.18.559.jpk-force-map,far_constant_referenced,29,5,0.05,0.049955980718655216,1787846564.967,241.07941250006357,measurement_window_20_200nm,nonlinear_pb_derjaguin,20.0,200.0,37,8.096135972076024,6.087258302025683,10.432107924894561,34.0,-34.0,25.0,55.0,2.6625612920684594,2.5350311378787773,0.0745597393493758,13.19760280064331,0.9770537513431047,False,False,False,interior_grid_solution,"max(pixel_IQR/1.349,2_pN); spatial_scale_not_SE",diagnostic_correlated_bins_not_formal_CI,,,
map,27-08-26/0/map1-0.2-data-2026.08.27-14.00.12.429.jpk-force-map,27-08-26/0/map1-0.2-data-2026.08.27-14.00.12.429.jpk-force-map,linear_drift_corrected,1,1,0.2,0.19375539016608367,1787832100.20225,0.0,previous_primary_10_250nm,nonlinear_pb_derjaguin,10.0,250.0,49,16.780266063679814,16.25687467927739,16.780266063679814,71.5,-71.5,70.0,71.5,4.16757059482335,12.26823275456498,0.26670071205576046,49.44219210233344,0.9966244813075451,False,False,False,interior_grid_solution,"max(pixel_IQR/1.349,2_pN); spatial_scale_not_SE",diagnostic_correlated_bins_not_formal_CI,,,
map,27-08-26/0/map1-0.2-data-2026.08.27-14.00.12.429.jpk-force-map,27-08-26/0/map1-0.2-data-2026.08.27-14.00.12.429.jpk-force-map,linear_drift_corrected,1,1,0.2,0.19375539016608367,1787832100.20225,0.0,measurement_window_20_200nm,nonlinear_pb_derjaguin,20.0,200.0,37,16.780266063679814,16.780266063679814,17.320508075688775,70.0,-70.0,68.5,70.0,7.106298013437894,2.6589117935916176,0.07820328804681229,10.170781006389603,0.9995904209365323,False,False,False,interior_grid_solution,"max(pixel_IQR/1.349,2_pN); spatial_scale_not_SE",diagnostic_correlated_bins_not_formal_CI,,,
map,27-08-26/0/map1-0.1-data-2026.08.27-14.04.47.122.jpk-force-map,27-08-26/0/map1-0.1-data-2026.08.27-14.04.47.122.jpk-force-map,linear_drift_corrected,2,1,0.1,0.09748590028658471,1787832454.64475,5.907375001907349,previous_primary_10_250nm,nonlinear_pb_derjaguin,10.0,250.0,49,15.258557842693115,15.258557842693115,15.258557842693115,68.5,-68.5,68.5,70.0,4.405507638913081,8.46808535669135,0.18408881210198588,51.59404170808161,0.9959425505016853,False,False,False,interior_grid_solution,"max(pixel_IQR/1.349,2_pN); spatial_scale_not_SE",diagnostic_correlated_bins_not_formal_CI,,,
map,27-08-26/0/map1-0.1-data-2026.08.27-14.04.47.122.jpk-force-map,27-08-26/0/map1-0.1-data-2026.08.27-14.04.47.122.jpk-force-map,linear_drift_corrected,2,1,0.1,0.09748590028658471,1787832454.64475,5.907375001907349,measurement_window_20_200nm,nonlinear_pb_derjaguin,20.0,200.0,37,15.258557842693115,15.258557842693115,15.749808336458166,68.5,-68.5,65.5,68.5,7.848908516007593,1.5520633209176034,0.045648921203458925,7.8649633014673945,0.9997086167376712,False,False,False,interior_grid_solution,"max(pixel_IQR/1.349,2_pN); spatial_scale_not_SE",diagnostic_correlated_bins_not_formal_CI,,,
map,27-08-26/0/map1-0.05-data-2026.08.27-14.14.18.398.jpk-force-map,27-08-26/0/map1-0.05-data-2026.08.27-14.14.18.398.jpk-force-map,linear_drift_corrected,3,1,0.05,0.04921093444153765,1787833185.3845,18.086370833714803,previous_primary_10_250nm,nonlinear_pb_derjaguin,10.0,250.0,49,13.02280581041226,13.02280581041226,13.44207608814922,65.5,-65.5,64.0,67.0,4.205563651535221,5.013327618821428,0.10898538301785714,17.02845446939556,0.9994512118458259,False,False,False,interior_grid_solution,"max(pixel_IQR/1.349,2_pN); spatial_scale_not_SE",diagnostic_correlated_bins_not_formal_CI,,,
map,27-08-26/0/map1-0.05-data-2026.08.27-14.14.18.398.jpk-force-map,27-08-26/0/map1-0.05-data-2026.08.27-14.14.18.398.jpk-force-map,linear_drift_corrected,3,1,0.05,0.04921093444153765,1787833185.3845,18.086370833714803,measurement_window_20_200nm,nonlinear_pb_derjaguin,20.0,200.0,37,13.44207608814922,13.02280581041226,13.874844806111179,64.0,-64.0,61.0,65.5,6.524694851755286,0.6859687978350313,0.02017555287750092,4.602752096497533,0.9998592935554422,False,False,False,interior_grid_solution,"max(pixel_IQR/1.349,2_pN); spatial_scale_not_SE",diagnostic_correlated_bins_not_formal_CI,,,
map,27-08-26/0/map1-0.05-data-2026.08.27-14.27.55.012.jpk-force-map,27-08-26/0/map1-0.05-data-2026.08.27-14.27.55.012.jpk-force-map,linear_drift_corrected,4,1,0.05,0.0495119582967873,1787834002.05475,31.697541666030883,previous_primary_10_250nm,nonlinear_pb_derjaguin,10.0,250.0,49,11.841840586928083,11.841840586928083,12.223089594559632,62.5,-62.5,61.0,64.0,2.78866946445791,3.5935292753242445,0.07812020163748358,13.059465455496046,0.9996119751844036,False,False,False,interior_grid_solution,"max(pixel_IQR/1.349,2_pN); spatial_scale_not_SE",diagnostic_correlated_bins_not_formal_CI,,,
map,27-08-26/0/map1-0.05-data-2026.08.27-14.27.55.012.jpk-force-map,27-08-26/0/map1-0.05-data-2026.08.27-14.27.55.012.jpk-force-map,linear_drift_corrected,4,1,0.05,0.0495119582967873,1787834002.05475,31.697541666030883,measurement_window_20_200nm,nonlinear_pb_derjaguin,20.0,200.0,37,12.223089594559632,11.472483074052871,12.616612944575133,59.5,-59.5,58.0,64.0,5.2043165675183936,0.8617632595418305,0.025345978221818544,11.953989917044114,0.9987063304185569,False,False,False,interior_grid_solution,"max(pixel_IQR/1.349,2_pN); spatial_scale_not_SE",diagnostic_correlated_bins_not_formal_CI,,,
map,27-08-26/0/map1-0.1-data-2026.08.27-14.40.56.507.jpk-force-map,27-08-26/0/map1-0.1-data-2026.08.27-14.40.56.507.jpk-force-map,linear_drift_corrected,5,1,0.1,0.09943540425571812,1787834624.0795,42.06462083260218,previous_primary_10_250nm,nonlinear_pb_derjaguin,10.0,250.0,49,10.767970476385223,10.432107924894561,11.114646149663537,58.0,-58.0,56.5,59.5,2.9662980018206495,1.1627153034355655,0.025276419639903597,20.366759102025004,0.9988154870199175,False,False,False,interior_grid_solution,"max(pixel_IQR/1.349,2_pN); spatial_scale_not_SE",diagnostic_correlated_bins_not_formal_CI,,,
map,27-08-26/0/map1-0.1-data-2026.08.27-14.40.56.507.jpk-force-map,27-08-26/0/map1-0.1-data-2026.08.27-14.40.56.507.jpk-force-map,linear_drift_corrected,5,1,0.1,0.09943540425571812,1787834624.0795,42.06462083260218,measurement_window_20_200nm,nonlinear_pb_derjaguin,20.0,200.0,37,10.767970476385223,10.432107924894561,11.114646149663537,58.0,-58.0,55.0,61.0,3.9467047059807743,0.19664215994409046,0.0057835929395320725,1.7740591057866493,0.9999587119881255,False,False,False,interior_grid_solution,"max(pixel_IQR/1.349,2_pN); spatial_scale_not_SE",diagnostic_correlated_bins_not_formal_CI,,,
map,27-08-26/0/map1-0.2-data-2026.08.27-14.47.23.611.jpk-force-map,27-08-26/0/map1-0.2-data-2026.08.27-14.47.23.611.jpk-force-map,linear_drift_corrected,6,1,0.2,0.19917575692941866,1787834931.4075,47.186754167079926,previous_primary_10_250nm,nonlinear_pb_derjaguin,10.0,250.0,49,10.106721224330608,9.791483623609768,10.432107924894561,58.0,-58.0,56.5,59.5,1.7408009197309926,1.5146854053814793,0.03292794359524955,8.620280088740545,0.9997670415004865,False,False,False,interior_grid_solution,"max(pixel_IQR/1.349,2_pN); spatial_scale_not_SE",diagnostic_correlated_bins_not_formal_CI,,,
map,27-08-26/0/map1-0.2-data-2026.08.27-14.47.23.611.jpk-force-map,27-08-26/0/map1-0.2-data-2026.08.27-14.47.23.611.jpk-force-map,linear_drift_corrected,6,1,0.2,0.19917575692941866,1787834931.4075,47.186754167079926,measurement_window_20_200nm,nonlinear_pb_derjaguin,20.0,200.0,37,10.106721224330608,9.791483623609768,10.432107924894561,58.0,-58.0,55.0,59.5,1.4935428904008694,1.1852128635557293,0.034859201869286156,6.562849109288916,0.999328860118691,False,False,False,interior_grid_solution,"max(pixel_IQR/1.349,2_pN); spatial_scale_not_SE",diagnostic_correlated_bins_not_formal_CI,,,
map,27-08-26/0/map2-0.1-data-2026.08.27-14.58.45.160.jpk-force-map,27-08-26/0/map2-0.1-data-2026.08.27-14.58.45.160.jpk-force-map,linear_drift_corrected,7,2,0.1,0.09549660650086758,1787835692.64,59.87396250168482,previous_primary_10_250nm,nonlinear_pb_derjaguin,10.0,250.0,49,22.317981094042864,21.62186346530268,22.317981094042864,71.5,-71.5,71.5,73.0,5.567683217226204,28.006770875023314,0.6088428451092025,94.82690998589167,0.98737747254881,False,False,False,interior_grid_solution,"max(pixel_IQR/1.349,2_pN); spatial_scale_not_SE",diagnostic_correlated_bins_not_formal_CI,,,
map,27-08-26/0/map2-0.1-data-2026.08.27-14.58.45.160.jpk-force-map,27-08-26/0/map2-0.1-data-2026.08.27-14.58.45.160.jpk-force-map,linear_drift_corrected,7,2,0.1,0.09549660650086758,1787835692.64,59.87396250168482,measurement_window_20_200nm,nonlinear_pb_derjaguin,20.0,200.0,37,22.317981094042864,22.317981094042864,23.036510285681896,71.5,-71.5,70.0,71.5,9.592387779997777,7.642604099387619,0.22478247351140057,16.417244842218718,0.999128932992469,False,False,False,interior_grid_solution,"max(pixel_IQR/1.349,2_pN); spatial_scale_not_SE",diagnostic_correlated_bins_not_formal_CI,,,
map,27-08-26/0/map2-0.05-data-2026.08.27-15.05.27.190.jpk-force-map,27-08-26/0/map2-0.05-data-2026.08.27-15.05.27.190.jpk-force-map,linear_drift_corrected,8,2,0.05,0.047614987825790156,1787836254.24175,69.23399166663488,previous_primary_10_250nm,nonlinear_pb_derjaguin,10.0,250.0,49,21.62186346530268,21.62186346530268,21.62186346530268,74.5,-74.5,74.5,74.5,3.1503236564253343,11.800946209289679,0.2565423088976017,61.738362267055216,0.9950719701328097,False,False,False,interior_grid_solution,"max(pixel_IQR/1.349,2_pN); spatial_scale_not_SE",diagnostic_correlated_bins_not_formal_CI,,,
map,27-08-26/0/map2-0.05-data-2026.08.27-15.05.27.190.jpk-force-map,27-08-26/0/map2-0.05-data-2026.08.27-15.05.27.190.jpk-force-map,linear_drift_corrected,8,2,0.05,0.047614987825790156,1787836254.24175,69.23399166663488,measurement_window_20_200nm,nonlinear_pb_derjaguin,20.0,200.0,37,22.317981094042864,21.62186346530268,22.317981094042864,73.0,-73.0,71.5,74.5,3.988496880501412,3.5105311276946116,0.10325091552042975,18.261556813675213,0.9990109535597418,False,False,False,interior_grid_solution,"max(pixel_IQR/1.349,2_pN); spatial_scale_not_SE",diagnostic_correlated_bins_not_formal_CI,,,
map,27-08-26/0/map2-0.2-data-2026.08.27-15.16.41.656.jpk-force-map,27-08-26/0/map2-0.2-data-2026.08.27-15.16.41.656.jpk-force-map,linear_drift_corrected,9,2,0.2,0.19067403820313544,1787836689.437,76.48724583387374,previous_primary_10_250nm,nonlinear_pb_derjaguin,10.0,250.0,49,20.94745836293309,20.294088553975286,20.94745836293309,73.0,-73.0,73.0,74.5,3.8616830679277236,9.840954129980398,0.21393378543435648,79.63901905778343,0.991815732080709,False,False,False,interior_grid_solution,"max(pixel_IQR/1.349,2_pN); spatial_scale_not_SE",diagnostic_correlated_bins_not_formal_CI,,,
map,27-08-26/0/map2-0.2-data-2026.08.27-15.16.41.656.jpk-force-map,27-08-26/0/map2-0.2-data-2026.08.27-15.16.41.656.jpk-force-map,linear_drift_corrected,9,2,0.2,0.19067403820313544,1787836689.437,76.48724583387374,measurement_window_20_200nm,nonlinear_pb_derjaguin,20.0,200.0,37,20.94745836293309,20.94745836293309,20.94745836293309,73.0,-73.0,73.0,73.0,6.270402027120284,1.63067862740196,0.047961136100057644,13.682255839436078,0.999436108984987,False,False,False,interior_grid_solution,"max(pixel_IQR/1.349,2_pN); spatial_scale_not_SE",diagnostic_correlated_bins_not_formal_CI,,,
map,27-08-26/0/map2-0.2-data-2026.08.27-15.20.44.298.jpk-force-map,27-08-26/0/map2-0.2-data-2026.08.27-15.20.44.298.jpk-force-map,linear_drift_corrected,10,2,0.2,0.1910683257040373,1787836932.08125,80.53131666580836,previous_primary_10_250nm,nonlinear_pb_derjaguin,10.0,250.0,49,20.294088553975286,19.66109792896721,20.294088553975286,73.0,-73.0,73.0,74.5,2.958140342422858,8.584159613731588,0.1866121655159041,65.73918397970034,0.9943175730826104,False,False,False,interior_grid_solution,"max(pixel_IQR/1.349,2_pN); spatial_scale_not_SE",diagnostic_correlated_bins_not_formal_CI,,,
map,27-08-26/0/map2-0.2-data-2026.08.27-15.20.44.298.jpk-force-map,27-08-26/0/map2-0.2-data-2026.08.27-15.20.44.298.jpk-force-map,linear_drift_corrected,10,2,0.2,0.1910683257040373,1787836932.08125,80.53131666580836,measurement_window_20_200nm,nonlinear_pb_derjaguin,20.0,200.0,37,20.294088553975286,19.66109792896721,20.294088553975286,71.5,-71.5,71.5,73.0,5.538057817797502,1.61389696581631,0.04746755781812677,20.23476712140397,0.9987152445462862,False,False,False,interior_grid_solution,"max(pixel_IQR/1.349,2_pN); spatial_scale_not_SE",diagnostic_correlated_bins_not_formal_CI,,,
map,27-08-26/0/map2-0.05-data-2026.08.27-15.24.51.168.jpk-force-map,27-08-26/0/map2-0.05-data-2026.08.27-15.24.51.168.jpk-force-map,linear_drift_corrected,11,2,0.05,0.04798290979465139,1787837418.131,88.63214583396912,previous_primary_10_250nm,nonlinear_pb_derjaguin,10.0,250.0,49,18.453731477822707,18.453731477822707,19.047850843082976,73.0,-73.0,71.5,73.0,1.6985048563653287,3.2060899955102817,0.0696976085980496,30.686697713609895,0.9987011158191117,False,False,False,interior_grid_solution,"max(pixel_IQR/1.349,2_pN); spatial_scale_not_SE",diagnostic_correlated_bins_not_formal_CI,,,
map,27-08-26/0/map2-0.05-data-2026.08.27-15.24.51.168.jpk-force-map,27-08-26/0/map2-0.05-data-2026.08.27-15.24.51.168.jpk-force-map,linear_drift_corrected,11,2,0.05,0.04798290979465139,1787837418.131,88.63214583396912,measurement_window_20_200nm,nonlinear_pb_derjaguin,20.0,200.0,37,18.453731477822707,17.878143222611804,19.047850843082976,71.5,-71.5,70.0,73.0,3.6983694651223105,0.7088920858428516,0.020849767230672105,5.707573750696587,0.9998877664407291,False,False,False,interior_grid_solution,"max(pixel_IQR/1.349,2_pN); spatial_scale_not_SE",diagnostic_correlated_bins_not_formal_CI,,,
map,27-08-26/0/map2-0.1-data-2026.08.27-15.36.15.070.jpk-force-map,27-08-26/0/map2-0.1-data-2026.08.27-15.36.15.070.jpk-force-map,linear_drift_corrected,12,2,0.1,0.09666990577550738,1787837942.66425,97.37436666488648,previous_primary_10_250nm,nonlinear_pb_derjaguin,10.0,250.0,49,17.320508075688775,16.780266063679814,17.320508075688775,68.5,-68.5,68.5,71.5,1.7013098253295116,1.540242779902573,0.033483538693534196,49.035822190117706,0.9962313101050897,False,False,False,interior_grid_solution,"max(pixel_IQR/1.349,2_pN); spatial_scale_not_SE",diagnostic_correlated_bins_not_formal_CI,,,
map,27-08-26/0/map2-0.1-data-2026.08.27-15.36.15.070.jpk-force-map,27-08-26/0/map2-0.1-data-2026.08.27-15.36.15.070.jpk-force-map,linear_drift_corrected,12,2,0.1,0.09666990577550738,1787837942.66425,97.37436666488648,measurement_window_20_200nm,nonlinear_pb_derjaguin,20.0,200.0,37,17.320508075688775,16.780266063679814,17.878143222611804,68.5,-68.5,67.0,71.5,1.8297683216913248,0.17180581185016747,0.0050531121132402195,4.704732549547984,0.9999091844556794,False,False,False,interior_grid_solution,"max(pixel_IQR/1.349,2_pN); spatial_scale_not_SE",diagnostic_correlated_bins_not_formal_CI,,,
map,27-08-26/0/map3-0.05-data-2026.08.27-15.48.41.060.jpk-force-map,27-08-26/0/map3-0.05-data-2026.08.27-15.48.41.060.jpk-force-map,linear_drift_corrected,13,3,0.05,0.047606609142386985,1787838847.0895,112.44812083244324,previous_primary_10_250nm,nonlinear_pb_derjaguin,10.0,250.0,49,21.62186346530268,21.62186346530268,22.317981094042864,76.0,-76.0,73.0,77.5,0.46855058165368346,4.387832612226342,0.09538766548318135,97.64935009973648,0.9890954053918354,False,False,False,interior_grid_solution,"max(pixel_IQR/1.349,2_pN); spatial_scale_not_SE",diagnostic_correlated_bins_not_formal_CI,,,
map,27-08-26/0/map3-0.05-data-2026.08.27-15.48.41.060.jpk-force-map,27-08-26/0/map3-0.05-data-2026.08.27-15.48.41.060.jpk-force-map,linear_drift_corrected,13,3,0.05,0.047606609142386985,1787838847.0895,112.44812083244324,measurement_window_20_200nm,nonlinear_pb_derjaguin,20.0,200.0,37,22.317981094042864,21.62186346530268,23.036510285681896,73.0,-73.0,71.5,76.0,0.05363875827079016,0.8729726806163967,0.025675667076952843,30.78179097434201,0.9973289980977527,False,False,False,interior_grid_solution,"max(pixel_IQR/1.349,2_pN); spatial_scale_not_SE",diagnostic_correlated_bins_not_formal_CI,,,
map,27-08-26/0/map3-0.2-data-2026.08.27-16.09.07.348.jpk-force-map,27-08-26/0/map3-0.2-data-2026.08.27-16.09.07.348.jpk-force-map,linear_drift_corrected,14,3,0.2,0.19086437504015724,1787839835.07925,128.91461666822434,previous_primary_10_250nm,nonlinear_pb_derjaguin,10.0,250.0,49,21.62186346530268,20.94745836293309,21.62186346530268,73.0,-73.0,71.5,74.5,1.6188195893111552,9.173799943523578,0.1994304335548604,133.9503731215394,0.9785980986590717,False,False,False,interior_grid_solution,"max(pixel_IQR/1.349,2_pN); spatial_scale_not_SE",diagnostic_correlated_bins_not_formal_CI,,,
map,27-08-26/0/map3-0.2-data-2026.08.27-16.09.07.348.jpk-force-map,27-08-26/0/map3-0.2-data-2026.08.27-16.09.07.348.jpk-force-map,linear_drift_corrected,14,3,0.2,0.19086437504015724,1787839835.07925,128.91461666822434,measurement_window_20_200nm,nonlinear_pb_derjaguin,20.0,200.0,37,21.62186346530268,20.94745836293309,21.62186346530268,71.5,-71.5,70.0,74.5,3.0052900281741692,1.8712860462221728,0.055037824888887435,33.64285597005067,0.9966313368180302,False,False,False,interior_grid_solution,"max(pixel_IQR/1.349,2_pN); spatial_scale_not_SE",diagnostic_correlated_bins_not_formal_CI,,,
map,27-08-26/0/map3-0.1-data-2026.08.27-16.12.38.424.jpk-force-map,27-08-26/0/map3-0.1-data-2026.08.27-16.12.38.424.jpk-force-map,linear_drift_corrected,15,3,0.1,0.09540009573083572,1787840125.81825,133.76026666561762,previous_primary_10_250nm,nonlinear_pb_derjaguin,10.0,250.0,49,20.294088553975286,20.294088553975286,20.94745836293309,74.5,-74.5,73.0,76.0,2.4769661024589342,12.205981362267307,0.2653474209188545,115.90802178118618,0.9849083869073746,False,False,False,interior_grid_solution,"max(pixel_IQR/1.349,2_pN); spatial_scale_not_SE",diagnostic_correlated_bins_not_formal_CI,,,
map,27-08-26/0/map3-0.1-data-2026.08.27-16.12.38.424.jpk-force-map,27-08-26/0/map3-0.1-data-2026.08.27-16.12.38.424.jpk-force-map,linear_drift_corrected,15,3,0.1,0.09540009573083572,1787840125.81825,133.76026666561762,measurement_window_20_200nm,nonlinear_pb_derjaguin,20.0,200.0,37,20.294088553975286,20.294088553975286,20.94745836293309,74.5,-74.5,71.5,74.5,4.829891879134025,2.8444607575725884,0.08366061051684083,15.524396434366516,0.9993021791022193,False,False,False,interior_grid_solution,"max(pixel_IQR/1.349,2_pN); spatial_scale_not_SE",diagnostic_correlated_bins_not_formal_CI,,,
map,27-08-26/0/map3-0.1-data-2026.08.27-16.18.55.666.jpk-force-map,27-08-26/0/map3-0.1-data-2026.08.27-16.18.55.666.jpk-force-map,linear_drift_corrected,16,3,0.1,0.095783837489214,1787840503.06275,140.04767500162126,previous_primary_10_250nm,nonlinear_pb_derjaguin,10.0,250.0,49,19.66109792896721,19.66109792896721,19.66109792896721,73.0,-73.0,71.5,73.0,1.4300836590306247,7.47565881050353,0.16251432196746804,106.80356333577886,0.9862646923035143,False,False,False,interior_grid_solution,"max(pixel_IQR/1.349,2_pN); spatial_scale_not_SE",diagnostic_correlated_bins_not_formal_CI,,,
map,27-08-26/0/map3-0.1-data-2026.08.27-16.18.55.666.jpk-force-map,27-08-26/0/map3-0.1-data-2026.08.27-16.18.55.666.jpk-force-map,linear_drift_corrected,16,3,0.1,0.095783837489214,1787840503.06275,140.04767500162126,measurement_window_20_200nm,nonlinear_pb_derjaguin,20.0,200.0,37,19.66109792896721,19.66109792896721,20.294088553975286,71.5,-71.5,70.0,73.0,3.449132999215798,2.012949008423953,0.0592043826007045,25.181954872003494,0.9979944548951061,False,False,False,interior_grid_solution,"max(pixel_IQR/1.349,2_pN); spatial_scale_not_SE",diagnostic_correlated_bins_not_formal_CI,,,
map,27-08-26/0/map3-0.2-data-2026.08.27-16.25.10.504.jpk-force-map,27-08-26/0/map3-0.2-data-2026.08.27-16.25.10.504.jpk-force-map,linear_drift_corrected,17,3,0.2,0.19244846406308702,1787840798.24725,144.96741666793824,previous_primary_10_250nm,nonlinear_pb_derjaguin,10.0,250.0,49,19.047850843082976,18.453731477822707,19.047850843082976,71.5,-71.5,70.0,73.0,2.3297609318218804,10.993977430556907,0.23899950935993275,110.76615495904036,0.9844930575619437,False,False,False,interior_grid_solution,"max(pixel_IQR/1.349,2_pN); spatial_scale_not_SE",diagnostic_correlated_bins_not_formal_CI,,,
map,27-08-26/0/map3-0.2-data-2026.08.27-16.25.10.504.jpk-force-map,27-08-26/0/map3-0.2-data-2026.08.27-16.25.10.504.jpk-force-map,linear_drift_corrected,17,3,0.2,0.19244846406308702,1787840798.24725,144.96741666793824,measurement_window_20_200nm,nonlinear_pb_derjaguin,20.0,200.0,37,19.047850843082976,19.047850843082976,19.047850843082976,70.0,-70.0,68.5,70.0,4.237285601855477,2.1594150367017573,0.06351220696181639,24.70435532281135,0.9979021565697066,False,False,False,interior_grid_solution,"max(pixel_IQR/1.349,2_pN); spatial_scale_not_SE",diagnostic_correlated_bins_not_formal_CI,,,
map,27-08-26/0/map3-0.05-data-2026.08.27-16.29.39.734.jpk-force-map,27-08-26/0/map3-0.05-data-2026.08.27-16.29.39.734.jpk-force-map,linear_drift_corrected,18,3,0.05,0.04842620755797471,1787841306.4865,153.438070833683,previous_primary_10_250nm,nonlinear_pb_derjaguin,10.0,250.0,49,17.878143222611804,17.320508075688775,17.878143222611804,70.0,-70.0,68.5,71.5,3.2564675073659073,11.950791815230096,0.25979982207021945,84.5683085620243,0.9898539700464363,False,False,False,interior_grid_solution,"max(pixel_IQR/1.349,2_pN); spatial_scale_not_SE",diagnostic_correlated_bins_not_formal_CI,,,
map,27-08-26/0/map3-0.05-data-2026.08.27-16.29.39.734.jpk-force-map,27-08-26/0/map3-0.05-data-2026.08.27-16.29.39.734.jpk-force-map,linear_drift_corrected,18,3,0.05,0.04842620755797471,1787841306.4865,153.438070833683,measurement_window_20_200nm,nonlinear_pb_derjaguin,20.0,200.0,37,17.878143222611804,17.320508075688775,18.453731477822707,67.0,-67.0,65.5,70.0,5.706766233614655,3.0929753979178325,0.09096986464464213,25.55824067812575,0.9973470238979335,False,False,False,interior_grid_solution,"max(pixel_IQR/1.349,2_pN); spatial_scale_not_SE",diagnostic_correlated_bins_not_formal_CI,,,
map,27-08-26/0/map4-0.2-data-2026.08.27-16.47.00.630.jpk-force-map,27-08-26/0/map4-0.2-data-2026.08.27-16.47.00.630.jpk-force-map,linear_drift_corrected,19,4,0.2,0.19495108280404694,1787842108.4025,166.8033374985059,previous_primary_10_250nm,nonlinear_pb_derjaguin,10.0,250.0,49,16.25687467927739,15.749808336458166,16.25687467927739,65.5,-65.5,65.5,68.5,2.8674625182581748,17.18158233046383,0.37351265935790934,121.28934070708799,0.9773535806146877,False,False,False,interior_grid_solution,"max(pixel_IQR/1.349,2_pN); spatial_scale_not_SE",diagnostic_correlated_bins_not_formal_CI,,,
map,27-08-26/0/map4-0.2-data-2026.08.27-16.47.00.630.jpk-force-map,27-08-26/0/map4-0.2-data-2026.08.27-16.47.00.630.jpk-force-map,linear_drift_corrected,19,4,0.2,0.19495108280404694,1787842108.4025,166.8033374985059,measurement_window_20_200nm,nonlinear_pb_derjaguin,20.0,200.0,37,16.25687467927739,16.25687467927739,16.780266063679814,65.5,-65.5,64.0,65.5,4.231872954269016,3.862044701584263,0.11358955004659597,12.27382494008436,0.9992520742351416,False,False,False,interior_grid_solution,"max(pixel_IQR/1.349,2_pN); spatial_scale_not_SE",diagnostic_correlated_bins_not_formal_CI,,,
map,27-08-26/0/map4-0.1-data-2026.08.27-16.50.32.826.jpk-force-map,27-08-26/0/map4-0.1-data-2026.08.27-16.50.32.826.jpk-force-map,linear_drift_corrected,20,4,0.1,0.09772370530801239,1787842400.42875,171.67044166723886,previous_primary_10_250nm,nonlinear_pb_derjaguin,10.0,250.0,49,15.258557842693115,14.7826298876199,15.258557842693115,67.0,-67.0,65.5,68.5,1.0801954209242743,11.557678439730989,0.2512538791245867,76.00123142070319,0.9908811143228026,False,False,False,interior_grid_solution,"max(pixel_IQR/1.349,2_pN); spatial_scale_not_SE",diagnostic_correlated_bins_not_formal_CI,,,
map,27-08-26/0/map4-0.1-data-2026.08.27-16.50.32.826.jpk-force-map,27-08-26/0/map4-0.1-data-2026.08.27-16.50.32.826.jpk-force-map,linear_drift_corrected,20,4,0.1,0.09772370530801239,1787842400.42875,171.67044166723886,measurement_window_20_200nm,nonlinear_pb_derjaguin,20.0,200.0,37,15.258557842693115,15.258557842693115,15.749808336458166,65.5,-65.5,64.0,65.5,3.0086768252848026,2.781524719082134,0.08180955056123923,8.97891650538825,0.9995785930144231,False,False,False,interior_grid_solution,"max(pixel_IQR/1.349,2_pN); spatial_scale_not_SE",diagnostic_correlated_bins_not_formal_CI,,,
map,27-08-26/0/map4-0.05-data-2026.08.27-16.56.56.658.jpk-force-map,27-08-26/0/map4-0.05-data-2026.08.27-16.56.56.658.jpk-force-map,linear_drift_corrected,21,4,0.05,0.04908511865867665,1787842943.774,180.72619583209357,previous_primary_10_250nm,nonlinear_pb_derjaguin,10.0,250.0,49,13.874844806111179,13.44207608814922,14.321546547664008,67.0,-67.0,65.5,68.5,1.7332729463792313,7.080384043595962,0.15392139225208612,54.46139613477165,0.995079984290657,False,False,False,interior_grid_solution,"max(pixel_IQR/1.349,2_pN); spatial_scale_not_SE",diagnostic_correlated_bins_not_formal_CI,,,
map,27-08-26/0/map4-0.05-data-2026.08.27-16.56.56.658.jpk-force-map,27-08-26/0/map4-0.05-data-2026.08.27-16.56.56.658.jpk-force-map,linear_drift_corrected,21,4,0.05,0.04908511865867665,1787842943.774,180.72619583209357,measurement_window_20_200nm,nonlinear_pb_derjaguin,20.0,200.0,37,14.321546547664008,13.874844806111179,14.7826298876199,64.0,-64.0,62.5,65.5,2.6321728804794278,1.2052254756458853,0.03544780810723192,8.951929252294022,0.9995131494535037,False,False,False,interior_grid_solution,"max(pixel_IQR/1.349,2_pN); spatial_scale_not_SE",diagnostic_correlated_bins_not_formal_CI,,,
map,27-08-26/0/map4-0.05-data-2026.08.27-17.08.28.590.jpk-force-map,27-08-26/0/map4-0.05-data-2026.08.27-17.08.28.590.jpk-force-map,linear_drift_corrected,22,4,0.05,0.049425618405138094,1787843635.6685,192.25777083237966,previous_primary_10_250nm,nonlinear_pb_derjaguin,10.0,250.0,49,12.223089594559632,11.841840586928083,12.616612944575133,64.0,-64.0,62.5,65.5,3.0726516577256424,4.671429075848824,0.10155280599671357,45.834768003308334,0.9959180364730574,False,False,False,interior_grid_solution,"max(pixel_IQR/1.349,2_pN); spatial_scale_not_SE",diagnostic_correlated_bins_not_formal_CI,,,
map,27-08-26/0/map4-0.05-data-2026.08.27-17.08.28.590.jpk-force-map,27-08-26/0/map4-0.05-data-2026.08.27-17.08.28.590.jpk-force-map,linear_drift_corrected,22,4,0.05,0.049425618405138094,1787843635.6685,192.25777083237966,measurement_window_20_200nm,nonlinear_pb_derjaguin,20.0,200.0,37,12.616612944575133,11.841840586928083,13.44207608814922,61.0,-61.0,58.0,65.5,5.166400340571594,0.6006068045123159,0.017664906015068114,7.732661154502132,0.9995049682914506,False,False,False,interior_grid_solution,"max(pixel_IQR/1.349,2_pN); spatial_scale_not_SE",diagnostic_correlated_bins_not_formal_CI,,,
map,27-08-26/0/map4-0.1-data-2026.08.27-17.19.56.860.jpk-force-map,27-08-26/0/map4-0.1-data-2026.08.27-17.19.56.860.jpk-force-map,linear_drift_corrected,23,4,0.1,0.09926823854122471,1787844164.45825,201.0709333340327,previous_primary_10_250nm,nonlinear_pb_derjaguin,10.0,250.0,49,11.472483074052871,11.114646149663537,11.472483074052871,59.5,-59.5,58.0,61.0,3.3306893068055023,9.03617375098471,0.19643855980401545,55.23711509237136,0.9926883938933003,False,False,False,interior_grid_solution,"max(pixel_IQR/1.349,2_pN); spatial_scale_not_SE",diagnostic_correlated_bins_not_formal_CI,,,
map,27-08-26/0/map4-0.1-data-2026.08.27-17.19.56.860.jpk-force-map,27-08-26/0/map4-0.1-data-2026.08.27-17.19.56.860.jpk-force-map,linear_drift_corrected,23,4,0.1,0.09926823854122471,1787844164.45825,201.0709333340327,measurement_window_20_200nm,nonlinear_pb_derjaguin,20.0,200.0,37,11.472483074052871,11.114646149663537,11.841840586928083,58.0,-58.0,55.0,61.0,5.886001489013705,1.3567095979949375,0.03990322347043934,5.505742694034712,0.9996549774741905,False,False,False,interior_grid_solution,"max(pixel_IQR/1.349,2_pN); spatial_scale_not_SE",diagnostic_correlated_bins_not_formal_CI,,,
map,27-08-26/0/map4-0.2-data-2026.08.27-17.25.48.068.jpk-force-map,27-08-26/0/map4-0.2-data-2026.08.27-17.25.48.068.jpk-force-map,linear_drift_corrected,24,4,0.2,0.19882876533419525,1787844435.8835,205.59468750158945,previous_primary_10_250nm,nonlinear_pb_derjaguin,10.0,250.0,49,10.767970476385223,10.432107924894561,10.767970476385223,58.0,-58.0,58.0,59.5,2.4129006761966028,6.497647114032333,0.14125319813113765,50.902794615310654,0.9931418645452452,False,False,False,interior_grid_solution,"max(pixel_IQR/1.349,2_pN); spatial_scale_not_SE",diagnostic_correlated_bins_not_formal_CI,,,
map,27-08-26/0/map4-0.2-data-2026.08.27-17.25.48.068.jpk-force-map,27-08-26/0/map4-0.2-data-2026.08.27-17.25.48.068.jpk-force-map,linear_drift_corrected,24,4,0.2,0.19882876533419525,1787844435.8835,205.59468750158945,measurement_window_20_200nm,nonlinear_pb_derjaguin,20.0,200.0,37,11.114646149663537,10.767970476385223,11.472483074052871,55.0,-55.0,53.5,58.0,3.80981384054809,1.2683612290695114,0.03730474203145622,10.78454736100311,0.9984089045466248,False,False,False,interior_grid_solution,"max(pixel_IQR/1.349,2_pN); spatial_scale_not_SE",diagnostic_correlated_bins_not_formal_CI,,,
map,27-08-26/0/map5-0.1-data-2026.08.27-17.31.45.428.jpk-force-map,27-08-26/0/map5-0.1-data-2026.08.27-17.31.45.428.jpk-force-map,linear_drift_corrected,25,5,0.1,0.09959368685394637,1787844872.56275,212.87267500162125,previous_primary_10_250nm,nonlinear_pb_derjaguin,10.0,250.0,49,10.106721224330608,9.48607856330461,10.767970476385223,56.5,-56.5,52.0,62.5,2.2086533177515064,2.4951543929813753,0.05424248680394294,49.83769464294256,0.9928571396953771,False,False,False,interior_grid_solution,"max(pixel_IQR/1.349,2_pN); spatial_scale_not_SE",diagnostic_correlated_bins_not_formal_CI,,,
map,27-08-26/0/map5-0.1-data-2026.08.27-17.31.45.428.jpk-force-map,27-08-26/0/map5-0.1-data-2026.08.27-17.31.45.428.jpk-force-map,linear_drift_corrected,25,5,0.1,0.09959368685394637,1787844872.56275,212.87267500162125,measurement_window_20_200nm,nonlinear_pb_derjaguin,20.0,200.0,37,10.106721224330608,9.190199357757056,11.114646149663537,56.5,-56.5,50.5,65.5,3.6588250461900405,0.38779671380654235,0.011405785700192421,3.3462228151641704,0.9998221098227277,False,False,False,interior_grid_solution,"max(pixel_IQR/1.349,2_pN); spatial_scale_not_SE",diagnostic_correlated_bins_not_formal_CI,,,
map,27-08-26/0/map5-0.05-data-2026.08.27-17.38.13.338.jpk-force-map,27-08-26/0/map5-0.05-data-2026.08.27-17.38.13.338.jpk-force-map,linear_drift_corrected,26,5,0.05,0.04989539992565871,1787845419.73575,221.99222499926884,previous_primary_10_250nm,nonlinear_pb_derjaguin,10.0,250.0,49,9.48607856330461,8.356791719157386,10.767970476385223,52.0,-52.0,43.0,61.0,2.615518798001293,2.420261498766353,0.0526143804079642,56.5486072490062,0.9879699069960656,False,False,False,interior_grid_solution,"max(pixel_IQR/1.349,2_pN); spatial_scale_not_SE",diagnostic_correlated_bins_not_formal_CI,,,
map,27-08-26/0/map5-0.05-data-2026.08.27-17.38.13.338.jpk-force-map,27-08-26/0/map5-0.05-data-2026.08.27-17.38.13.338.jpk-force-map,linear_drift_corrected,26,5,0.05,0.04989539992565871,1787845419.73575,221.99222499926884,measurement_window_20_200nm,nonlinear_pb_derjaguin,20.0,200.0,37,9.48607856330461,8.356791719157386,11.114646149663537,50.5,-50.5,40.0,64.0,4.382186395662795,0.35979256062286047,0.010582134135966485,11.175936589890025,0.9968647348169559,False,False,False,interior_grid_solution,"max(pixel_IQR/1.349,2_pN); spatial_scale_not_SE",diagnostic_correlated_bins_not_formal_CI,,,
map,27-08-26/0/map5-0.2-data-2026.08.27-17.49.29.094.jpk-force-map,27-08-26/0/map5-0.2-data-2026.08.27-17.49.29.094.jpk-force-map,linear_drift_corrected,27,5,0.2,0.19972526061066104,1787845856.75475,229.27587500015895,previous_primary_10_250nm,nonlinear_pb_derjaguin,10.0,250.0,49,8.62583929892546,7.598961145324,9.48607856330461,47.5,-47.5,40.0,58.0,2.565975928203036,3.802688405858973,0.08266713925780377,54.41304494287393,0.9844227676020194,False,False,False,interior_grid_solution,"max(pixel_IQR/1.349,2_pN); spatial_scale_not_SE",diagnostic_correlated_bins_not_formal_CI,,,
map,27-08-26/0/map5-0.2-data-2026.08.27-17.49.29.094.jpk-force-map,27-08-26/0/map5-0.2-data-2026.08.27-17.49.29.094.jpk-force-map,linear_drift_corrected,27,5,0.2,0.19972526061066104,1787845856.75475,229.27587500015895,measurement_window_20_200nm,nonlinear_pb_derjaguin,20.0,200.0,37,8.356791719157386,7.3619428061166206,9.791483623609768,49.0,-49.0,38.5,61.0,4.258602691495349,1.7248017209776967,0.05072946238169696,2.821383023554808,0.9996615734948824,False,False,False,interior_grid_solution,"max(pixel_IQR/1.349,2_pN); spatial_scale_not_SE",diagnostic_correlated_bins_not_formal_CI,,,
map,27-08-26/0/map5-0.2-data-2026.08.27-17.53.38.834.jpk-force-map,27-08-26/0/map5-0.2-data-2026.08.27-17.53.38.834.jpk-force-map,linear_drift_corrected,28,5,0.2,0.19976521943818015,1787846106.47925,233.43794999917347,previous_primary_10_250nm,nonlinear_pb_derjaguin,10.0,250.0,49,8.096135972076024,7.3619428061166206,9.190199357757056,47.5,-47.5,38.5,55.0,2.604219131669844,6.764144452219544,0.14704661852651182,29.78977943114707,0.9945810928264391,False,False,False,interior_grid_solution,"max(pixel_IQR/1.349,2_pN); spatial_scale_not_SE",diagnostic_correlated_bins_not_formal_CI,,,
map,27-08-26/0/map5-0.2-data-2026.08.27-17.53.38.834.jpk-force-map,27-08-26/0/map5-0.2-data-2026.08.27-17.53.38.834.jpk-force-map,linear_drift_corrected,28,5,0.2,0.19976521943818015,1787846106.47925,233.43794999917347,measurement_window_20_200nm,nonlinear_pb_derjaguin,20.0,200.0,37,8.356791719157386,7.1323172791695315,9.48607856330461,44.5,-44.5,37.0,58.0,4.562316633363364,2.196059559302673,0.06458998703831391,8.119759213348743,0.9964242958243755,False,False,False,interior_grid_solution,"max(pixel_IQR/1.349,2_pN); spatial_scale_not_SE",diagnostic_correlated_bins_not_formal_CI,,,
map,27-08-26/0/map5-0.05-data-2026.08.27-17.57.18.559.jpk-force-map,27-08-26/0/map5-0.05-data-2026.08.27-17.57.18.559.jpk-force-map,linear_drift_corrected,29,5,0.05,0.049955980718655216,1787846564.967,241.07941250006357,previous_primary_10_250nm,nonlinear_pb_derjaguin,10.0,250.0,49,7.3619428061166206,6.283238071370499,8.903548887106776,41.5,-41.5,31.0,53.5,2.933774228316839,4.893005901263613,0.10636969350573071,42.62707630512556,0.98266782707261,False,False,False,interior_grid_solution,"max(pixel_IQR/1.349,2_pN); spatial_scale_not_SE",diagnostic_correlated_bins_not_formal_CI,,,
map,27-08-26/0/map5-0.05-data-2026.08.27-17.57.18.559.jpk-force-map,27-08-26/0/map5-0.05-data-2026.08.27-17.57.18.559.jpk-force-map,linear_drift_corrected,29,5,0.05,0.049955980718655216,1787846564.967,241.07941250006357,measurement_window_20_200nm,nonlinear_pb_derjaguin,20.0,200.0,37,7.598961145324,5.8973913155415785,10.432107924894561,38.5,-38.5,25.0,59.5,4.962695700653876,2.0925658903818776,0.061546055599466985,5.513906028210023,0.9961296295206855,False,False,False,interior_grid_solution,"max(pixel_IQR/1.349,2_pN); spatial_scale_not_SE",diagnostic_correlated_bins_not_formal_CI,,,
palindrome_Fsym,block1_speed0.05_far_constant_referenced,,far_constant_referenced,3.5,1,0.05,0.049361446369162475,1787833593.719625,24.891956249872845,previous_primary_10_250nm,nonlinear_pb_derjaguin,10.0,250.0,49,13.02280581041226,13.02280581041226,13.44207608814922,64.0,-64.0,62.5,64.0,7.776900419679285,28.140667476695853,0.611753640797736,27.13476890902626,0.9984789230029746,False,False,False,interior_grid_solution,"max(pixel_IQR/1.349,2_pN); spatial_scale_not_SE",diagnostic_correlated_bins_not_formal_CI,6.80558541615804,27-08-26/0/map1-0.05-data-2026.08.27-14.14.18.398.jpk-force-map,27-08-26/0/map1-0.05-data-2026.08.27-14.27.55.012.jpk-force-map
palindrome_Fsym,block1_speed0.05_far_constant_referenced,,far_constant_referenced,3.5,1,0.05,0.049361446369162475,1787833593.719625,24.891956249872845,measurement_window_20_200nm,nonlinear_pb_derjaguin,20.0,200.0,37,13.44207608814922,13.02280581041226,13.44207608814922,59.5,-59.5,59.5,62.5,9.600045421500415,7.155048778350228,0.21044261112794788,19.086767079048624,0.9971925832546821,False,False,False,interior_grid_solution,"max(pixel_IQR/1.349,2_pN); spatial_scale_not_SE",diagnostic_correlated_bins_not_formal_CI,6.80558541615804,27-08-26/0/map1-0.05-data-2026.08.27-14.14.18.398.jpk-force-map,27-08-26/0/map1-0.05-data-2026.08.27-14.27.55.012.jpk-force-map
palindrome_Fsym,block1_speed0.1_far_constant_referenced,,far_constant_referenced,3.5,1,0.1,0.09846065227115142,1787833539.362125,23.985997915267944,previous_primary_10_250nm,nonlinear_pb_derjaguin,10.0,250.0,49,13.874844806111179,13.874844806111179,13.874844806111179,62.5,-62.5,61.0,62.5,9.185866845574857,46.319788297047594,1.0069519195010346,54.97823703925382,0.9937909328357433,False,False,False,interior_grid_solution,"max(pixel_IQR/1.349,2_pN); spatial_scale_not_SE",diagnostic_correlated_bins_not_formal_CI,18.078622915347417,27-08-26/0/map1-0.1-data-2026.08.27-14.04.47.122.jpk-force-map,27-08-26/0/map1-0.1-data-2026.08.27-14.40.56.507.jpk-force-map
palindrome_Fsym,block1_speed0.1_far_constant_referenced,,far_constant_referenced,3.5,1,0.1,0.09846065227115142,1787833539.362125,23.985997915267944,measurement_window_20_200nm,nonlinear_pb_derjaguin,20.0,200.0,37,14.321546547664008,13.874844806111179,14.321546547664008,59.5,-59.5,58.0,61.0,10.991076505008348,11.871871257267788,0.3491726840372879,17.39968469549507,0.9977598471023239,False,False,False,interior_grid_solution,"max(pixel_IQR/1.349,2_pN); spatial_scale_not_SE",diagnostic_correlated_bins_not_formal_CI,18.078622915347417,27-08-26/0/map1-0.1-data-2026.08.27-14.04.47.122.jpk-force-map,27-08-26/0/map1-0.1-data-2026.08.27-14.40.56.507.jpk-force-map
palindrome_Fsym,block1_speed0.2_far_constant_referenced,,far_constant_referenced,3.5,1,0.2,0.19646557354775118,1787833515.804875,23.59337708155314,previous_primary_10_250nm,nonlinear_pb_derjaguin,10.0,250.0,49,14.7826298876199,14.7826298876199,14.7826298876199,61.0,-61.0,59.5,61.0,8.807514708105188,72.96974533180904,1.5862988115610661,91.59334870388811,0.9829435118880381,False,False,False,interior_grid_solution,"max(pixel_IQR/1.349,2_pN); spatial_scale_not_SE",diagnostic_correlated_bins_not_formal_CI,23.593377083539963,27-08-26/0/map1-0.2-data-2026.08.27-14.00.12.429.jpk-force-map,27-08-26/0/map1-0.2-data-2026.08.27-14.47.23.611.jpk-force-map
palindrome_Fsym,block1_speed0.2_far_constant_referenced,,far_constant_referenced,3.5,1,0.2,0.19646557354775118,1787833515.804875,23.59337708155314,measurement_window_20_200nm,nonlinear_pb_derjaguin,20.0,200.0,37,15.258557842693115,15.258557842693115,15.258557842693115,58.0,-58.0,58.0,58.0,9.952150951634426,27.138382698130997,0.7981877264156175,27.584570405453512,0.9945500667971681,False,False,False,interior_grid_solution,"max(pixel_IQR/1.349,2_pN); spatial_scale_not_SE",diagnostic_correlated_bins_not_formal_CI,23.593377083539963,27-08-26/0/map1-0.2-data-2026.08.27-14.00.12.429.jpk-force-map,27-08-26/0/map1-0.2-data-2026.08.27-14.47.23.611.jpk-force-map
palindrome_Fsym,block2_speed0.05_far_constant_referenced,,far_constant_referenced,9.5,2,0.05,0.04779894881022077,1787836836.1863751,78.93306875228882,previous_primary_10_250nm,nonlinear_pb_derjaguin,10.0,250.0,49,20.94745836293309,20.94745836293309,21.62186346530268,73.0,-73.0,71.5,73.0,10.82326794911345,43.13362781211496,0.9376875611329339,72.1223885298891,0.9930856638251149,False,False,False,interior_grid_solution,"max(pixel_IQR/1.349,2_pN); spatial_scale_not_SE",diagnostic_correlated_bins_not_formal_CI,9.699077083667119,27-08-26/0/map2-0.05-data-2026.08.27-15.05.27.190.jpk-force-map,27-08-26/0/map2-0.05-data-2026.08.27-15.24.51.168.jpk-force-map
palindrome_Fsym,block2_speed0.05_far_constant_referenced,,far_constant_referenced,9.5,2,0.05,0.04779894881022077,1787836836.1863751,78.93306875228882,measurement_window_20_200nm,nonlinear_pb_derjaguin,20.0,200.0,37,20.94745836293309,20.94745836293309,20.94745836293309,71.5,-71.5,71.5,71.5,14.24956953274646,8.885399692524599,0.2613352850742529,20.00050830717278,0.9987382275065039,False,False,False,interior_grid_solution,"max(pixel_IQR/1.349,2_pN); spatial_scale_not_SE",diagnostic_correlated_bins_not_formal_CI,9.699077083667119,27-08-26/0/map2-0.05-data-2026.08.27-15.05.27.190.jpk-force-map,27-08-26/0/map2-0.05-data-2026.08.27-15.24.51.168.jpk-force-map
palindrome_Fsym,block2_speed0.1_far_constant_referenced,,far_constant_referenced,9.5,2,0.1,0.09608325613818748,1787836817.652125,78.62416458129883,previous_primary_10_250nm,nonlinear_pb_derjaguin,10.0,250.0,49,20.94745836293309,20.94745836293309,20.94745836293309,68.5,-68.5,68.5,68.5,14.03484286246089,84.79663879848191,1.8434051912713458,114.60158553857532,0.9805154245064954,False,False,False,interior_grid_solution,"max(pixel_IQR/1.349,2_pN); spatial_scale_not_SE",diagnostic_correlated_bins_not_formal_CI,18.750202081600825,27-08-26/0/map2-0.1-data-2026.08.27-14.58.45.160.jpk-force-map,27-08-26/0/map2-0.1-data-2026.08.27-15.36.15.070.jpk-force-map
palindrome_Fsym,block2_speed0.1_far_constant_referenced,,far_constant_referenced,9.5,2,0.1,0.09608325613818748,1787836817.652125,78.62416458129883,measurement_window_20_200nm,nonlinear_pb_derjaguin,20.0,200.0,37,20.94745836293309,20.94745836293309,20.94745836293309,67.0,-67.0,67.0,67.0,17.787731478674786,21.952461892940132,0.6456606439100039,38.44040888517786,0.9946635818936227,False,False,False,interior_grid_solution,"max(pixel_IQR/1.349,2_pN); spatial_scale_not_SE",diagnostic_correlated_bins_not_formal_CI,18.750202081600825,27-08-26/0/map2-0.1-data-2026.08.27-14.58.45.160.jpk-force-map,27-08-26/0/map2-0.1-data-2026.08.27-15.36.15.070.jpk-force-map
palindrome_Fsym,block2_speed0.2_far_constant_referenced,,far_constant_referenced,9.5,2,0.2,0.19087118195358638,1787836810.759125,78.50928124984105,previous_primary_10_250nm,nonlinear_pb_derjaguin,10.0,250.0,49,21.62186346530268,21.62186346530268,21.62186346530268,71.5,-71.5,71.5,71.5,11.232366199937337,58.01453307624061,1.2611855016574045,117.63987753798283,0.9820968509997788,False,False,False,interior_grid_solution,"max(pixel_IQR/1.349,2_pN); spatial_scale_not_SE",diagnostic_correlated_bins_not_formal_CI,2.0220354159673053,27-08-26/0/map2-0.2-data-2026.08.27-15.16.41.656.jpk-force-map,27-08-26/0/map2-0.2-data-2026.08.27-15.20.44.298.jpk-force-map
palindrome_Fsym,block2_speed0.2_far_constant_referenced,,far_constant_referenced,9.5,2,0.2,0.19087118195358638,1787836810.759125,78.50928124984105,measurement_window_20_200nm,nonlinear_pb_derjaguin,20.0,200.0,37,20.94745836293309,20.94745836293309,21.62186346530268,73.0,-73.0,70.0,73.0,15.387517222078776,12.31213157683314,0.3621215169656806,15.147730122344422,0.9993039307779636,False,False,False,interior_grid_solution,"max(pixel_IQR/1.349,2_pN); spatial_scale_not_SE",diagnostic_correlated_bins_not_formal_CI,2.0220354159673053,27-08-26/0/map2-0.2-data-2026.08.27-15.16.41.656.jpk-force-map,27-08-26/0/map2-0.2-data-2026.08.27-15.20.44.298.jpk-force-map
palindrome_Fsym,block3_speed0.05_far_constant_referenced,,far_constant_referenced,15.5,3,0.05,0.048016408350180846,1787840076.788,132.94309583504995,previous_primary_10_250nm,nonlinear_pb_derjaguin,10.0,250.0,49,20.94745836293309,20.94745836293309,20.94745836293309,68.5,-68.5,68.5,70.0,2.4096271992194507,22.04804044281578,0.4793052270177343,182.69661225980744,0.9568327547594914,False,False,False,interior_grid_solution,"max(pixel_IQR/1.349,2_pN); spatial_scale_not_SE",diagnostic_correlated_bins_not_formal_CI,20.49497500061989,27-08-26/0/map3-0.05-data-2026.08.27-15.48.41.060.jpk-force-map,27-08-26/0/map3-0.05-data-2026.08.27-16.29.39.734.jpk-force-map
palindrome_Fsym,block3_speed0.05_far_constant_referenced,,far_constant_referenced,15.5,3,0.05,0.048016408350180846,1787840076.788,132.94309583504995,measurement_window_20_200nm,nonlinear_pb_derjaguin,20.0,200.0,37,20.94745836293309,20.94745836293309,20.94745836293309,67.0,-67.0,67.0,68.5,3.7116216435524665,7.026280576459982,0.2066553110723524,52.1041349299887,0.9906119751010503,False,False,False,interior_grid_solution,"max(pixel_IQR/1.349,2_pN); spatial_scale_not_SE",diagnostic_correlated_bins_not_formal_CI,20.49497500061989,27-08-26/0/map3-0.05-data-2026.08.27-15.48.41.060.jpk-force-map,27-08-26/0/map3-0.05-data-2026.08.27-16.29.39.734.jpk-force-map
palindrome_Fsym,block3_speed0.1_far_constant_referenced,,far_constant_referenced,15.5,3,0.1,0.09559196661002486,1787840314.4405,136.90397083361944,previous_primary_10_250nm,nonlinear_pb_derjaguin,10.0,250.0,49,20.294088553975286,20.294088553975286,20.294088553975286,73.0,-73.0,73.0,74.5,0.556462103914462,13.079883769653332,0.28434529934028985,138.26863675015855,0.978112670564935,False,False,False,interior_grid_solution,"max(pixel_IQR/1.349,2_pN); spatial_scale_not_SE",diagnostic_correlated_bins_not_formal_CI,3.1437041680018107,27-08-26/0/map3-0.1-data-2026.08.27-16.12.38.424.jpk-force-map,27-08-26/0/map3-0.1-data-2026.08.27-16.18.55.666.jpk-force-map
palindrome_Fsym,block3_speed0.1_far_constant_referenced,,far_constant_referenced,15.5,3,0.1,0.09559196661002486,1787840314.4405,136.90397083361944,measurement_window_20_200nm,nonlinear_pb_derjaguin,20.0,200.0,37,20.294088553975286,20.294088553975286,20.294088553975286,73.0,-73.0,71.5,73.0,1.2465987901241222,3.118518939029631,0.09172114526557738,21.559354633315767,0.9986042489998034,False,False,False,interior_grid_solution,"max(pixel_IQR/1.349,2_pN); spatial_scale_not_SE",diagnostic_correlated_bins_not_formal_CI,3.1437041680018107,27-08-26/0/map3-0.1-data-2026.08.27-16.12.38.424.jpk-force-map,27-08-26/0/map3-0.1-data-2026.08.27-16.18.55.666.jpk-force-map
palindrome_Fsym,block3_speed0.2_far_constant_referenced,,far_constant_referenced,15.5,3,0.2,0.19165641955162213,1787840316.66325,136.94101666609447,previous_primary_10_250nm,nonlinear_pb_derjaguin,10.0,250.0,49,20.294088553975286,20.294088553975286,20.294088553975286,71.5,-71.5,71.5,71.5,0.5510866209497354,12.578814231477098,0.2734524832929804,120.19124857426493,0.9816089739405557,False,False,False,interior_grid_solution,"max(pixel_IQR/1.349,2_pN); spatial_scale_not_SE",diagnostic_correlated_bins_not_formal_CI,8.026399999856949,27-08-26/0/map3-0.2-data-2026.08.27-16.09.07.348.jpk-force-map,27-08-26/0/map3-0.2-data-2026.08.27-16.25.10.504.jpk-force-map
palindrome_Fsym,block3_speed0.2_far_constant_referenced,,far_constant_referenced,15.5,3,0.2,0.19165641955162213,1787840316.66325,136.94101666609447,measurement_window_20_200nm,nonlinear_pb_derjaguin,20.0,200.0,37,20.294088553975286,20.294088553975286,20.94745836293309,70.0,-70.0,67.0,71.5,1.4785465322306668,5.021814182180482,0.14770041712295537,28.784398796326823,0.997267851253483,False,False,False,interior_grid_solution,"max(pixel_IQR/1.349,2_pN); spatial_scale_not_SE",diagnostic_correlated_bins_not_formal_CI,8.026399999856949,27-08-26/0/map3-0.2-data-2026.08.27-16.09.07.348.jpk-force-map,27-08-26/0/map3-0.2-data-2026.08.27-16.25.10.504.jpk-force-map
palindrome_Fsym,block4_speed0.05_far_constant_referenced,,far_constant_referenced,21.5,4,0.05,0.04925536853190737,1787843289.72125,186.49198333422342,previous_primary_10_250nm,nonlinear_pb_derjaguin,10.0,250.0,49,13.44207608814922,13.02280581041226,13.44207608814922,64.0,-64.0,64.0,67.0,5.578304441638979,24.780644604012295,0.5387096653046151,75.18907434228639,0.9898252448647067,False,False,False,interior_grid_solution,"max(pixel_IQR/1.349,2_pN); spatial_scale_not_SE",diagnostic_correlated_bins_not_formal_CI,5.765787500143051,27-08-26/0/map4-0.05-data-2026.08.27-16.56.56.658.jpk-force-map,27-08-26/0/map4-0.05-data-2026.08.27-17.08.28.590.jpk-force-map
palindrome_Fsym,block4_speed0.05_far_constant_referenced,,far_constant_referenced,21.5,4,0.05,0.04925536853190737,1787843289.72125,186.49198333422342,measurement_window_20_200nm,nonlinear_pb_derjaguin,20.0,200.0,37,13.874844806111179,13.44207608814922,14.321546547664008,61.0,-61.0,59.5,64.0,7.075105847677203,6.424072187595514,0.18894329963516218,17.58604660895089,0.9978234274327002,False,False,False,interior_grid_solution,"max(pixel_IQR/1.349,2_pN); spatial_scale_not_SE",diagnostic_correlated_bins_not_formal_CI,5.765787500143051,27-08-26/0/map4-0.05-data-2026.08.27-16.56.56.658.jpk-force-map,27-08-26/0/map4-0.05-data-2026.08.27-17.08.28.590.jpk-force-map
palindrome_Fsym,block4_speed0.1_far_constant_referenced,,far_constant_referenced,21.5,4,0.1,0.09849597192461855,1787843282.4435,186.3706875006358,previous_primary_10_250nm,nonlinear_pb_derjaguin,10.0,250.0,49,13.874844806111179,13.874844806111179,13.874844806111179,62.5,-62.5,61.0,62.5,4.108289411063408,49.84212717530069,1.0835245038108845,83.15216730069305,0.9866914025221716,False,False,False,interior_grid_solution,"max(pixel_IQR/1.349,2_pN); spatial_scale_not_SE",diagnostic_correlated_bins_not_formal_CI,14.700245833396911,27-08-26/0/map4-0.1-data-2026.08.27-16.50.32.826.jpk-force-map,27-08-26/0/map4-0.1-data-2026.08.27-17.19.56.860.jpk-force-map
palindrome_Fsym,block4_speed0.1_far_constant_referenced,,far_constant_referenced,21.5,4,0.1,0.09849597192461855,1787843282.4435,186.3706875006358,measurement_window_20_200nm,nonlinear_pb_derjaguin,20.0,200.0,37,14.321546547664008,14.321546547664008,14.321546547664008,58.0,-58.0,58.0,59.5,5.293704619166834,15.370559369397977,0.45207527557052873,28.60446596537515,0.9939178064526446,False,False,False,interior_grid_solution,"max(pixel_IQR/1.349,2_pN); spatial_scale_not_SE",diagnostic_correlated_bins_not_formal_CI,14.700245833396911,27-08-26/0/map4-0.1-data-2026.08.27-16.50.32.826.jpk-force-map,27-08-26/0/map4-0.1-data-2026.08.27-17.19.56.860.jpk-force-map
palindrome_Fsym,block4_speed0.2_far_constant_referenced,,far_constant_referenced,21.5,4,0.2,0.1968899240691211,1787843272.1430001,186.1990125020345,previous_primary_10_250nm,nonlinear_pb_derjaguin,10.0,250.0,49,14.321546547664008,14.321546547664008,14.321546547664008,59.5,-59.5,59.5,59.5,3.7934835741783917,63.82318726063401,1.3874605926224783,127.34932425904647,0.9677483067001552,False,False,False,interior_grid_solution,"max(pixel_IQR/1.349,2_pN); spatial_scale_not_SE",diagnostic_correlated_bins_not_formal_CI,19.395675001541772,27-08-26/0/map4-0.2-data-2026.08.27-16.47.00.630.jpk-force-map,27-08-26/0/map4-0.2-data-2026.08.27-17.25.48.068.jpk-force-map
palindrome_Fsym,block4_speed0.2_far_constant_referenced,,far_constant_referenced,21.5,4,0.2,0.1968899240691211,1787843272.1430001,186.1990125020345,measurement_window_20_200nm,nonlinear_pb_derjaguin,20.0,200.0,37,14.7826298876199,14.321546547664008,14.7826298876199,56.5,-56.5,56.5,59.5,4.805166157269547,20.903199794159676,0.6147999939458728,32.44074907040429,0.9918584731194924,False,False,False,interior_grid_solution,"max(pixel_IQR/1.349,2_pN); spatial_scale_not_SE",diagnostic_correlated_bins_not_formal_CI,19.395675001541772,27-08-26/0/map4-0.2-data-2026.08.27-16.47.00.630.jpk-force-map,27-08-26/0/map4-0.2-data-2026.08.27-17.25.48.068.jpk-force-map
palindrome_Fsym,block5_speed0.05_far_constant_referenced,,far_constant_referenced,27.5,5,0.05,0.04992569032215696,1787845992.351375,231.53581875165304,previous_primary_10_250nm,nonlinear_pb_derjaguin,10.0,250.0,49,9.190199357757056,8.096135972076024,10.106721224330608,43.0,-43.0,37.0,52.0,3.1582448714487303,9.583923458517669,0.20834616214168844,101.4532064307104,0.9415223813156054,False,False,False,interior_grid_solution,"max(pixel_IQR/1.349,2_pN); spatial_scale_not_SE",diagnostic_correlated_bins_not_formal_CI,9.543593750397365,27-08-26/0/map5-0.05-data-2026.08.27-17.38.13.338.jpk-force-map,27-08-26/0/map5-0.05-data-2026.08.27-17.57.18.559.jpk-force-map
palindrome_Fsym,block5_speed0.05_far_constant_referenced,,far_constant_referenced,27.5,5,0.05,0.04992569032215696,1787845992.351375,231.53581875165304,measurement_window_20_200nm,nonlinear_pb_derjaguin,20.0,200.0,37,9.190199357757056,7.843610308975431,11.114646149663537,41.5,-41.5,31.0,52.0,4.820304558333538,3.38807836953253,0.09964936380978029,16.644578042045318,0.9864979258943833,False,False,False,interior_grid_solution,"max(pixel_IQR/1.349,2_pN); spatial_scale_not_SE",diagnostic_correlated_bins_not_formal_CI,9.543593750397365,27-08-26/0/map5-0.05-data-2026.08.27-17.38.13.338.jpk-force-map,27-08-26/0/map5-0.05-data-2026.08.27-17.57.18.559.jpk-force-map
palindrome_Fsym,block5_speed0.2_far_constant_referenced,,far_constant_referenced,27.5,5,0.2,0.1997452400244206,1787845981.617,231.35691250165303,previous_primary_10_250nm,nonlinear_pb_derjaguin,10.0,250.0,49,9.190199357757056,8.356791719157386,10.106721224330608,41.5,-41.5,35.5,49.0,4.456585284994455,35.21141943710265,0.7654656399370141,117.96825301515668,0.9197155180999983,False,False,False,interior_grid_solution,"max(pixel_IQR/1.349,2_pN); spatial_scale_not_SE",diagnostic_correlated_bins_not_formal_CI,2.0810374995072682,27-08-26/0/map5-0.2-data-2026.08.27-17.49.29.094.jpk-force-map,27-08-26/0/map5-0.2-data-2026.08.27-17.53.38.834.jpk-force-map
palindrome_Fsym,block5_speed0.2_far_constant_referenced,,far_constant_referenced,27.5,5,0.2,0.1997452400244206,1787845981.617,231.35691250165303,measurement_window_20_200nm,nonlinear_pb_derjaguin,20.0,200.0,37,9.190199357757056,8.096135972076024,9.791483623609768,40.0,-40.0,35.5,50.5,6.221583244166901,13.891308400193292,0.4085678941233321,26.349972770893448,0.967569635844263,False,False,False,interior_grid_solution,"max(pixel_IQR/1.349,2_pN); spatial_scale_not_SE",diagnostic_correlated_bins_not_formal_CI,2.0810374995072682,27-08-26/0/map5-0.2-data-2026.08.27-17.49.29.094.jpk-force-map,27-08-26/0/map5-0.2-data-2026.08.27-17.53.38.834.jpk-force-map
palindrome_Fsym,block1_speed0.05_linear_drift_corrected,,linear_drift_corrected,3.5,1,0.05,0.049361446369162475,1787833593.719625,24.891956249872845,previous_primary_10_250nm,nonlinear_pb_derjaguin,10.0,250.0,49,12.616612944575133,12.223089594559632,13.02280581041226,64.0,-64.0,62.5,64.0,3.20932864439174,5.276449433545326,0.11470542246837666,19.79872764984108,0.9991880745013415,False,False,False,interior_grid_solution,"max(pixel_IQR/1.349,2_pN); spatial_scale_not_SE",diagnostic_correlated_bins_not_formal_CI,6.80558541615804,27-08-26/0/map1-0.05-data-2026.08.27-14.14.18.398.jpk-force-map,27-08-26/0/map1-0.05-data-2026.08.27-14.27.55.012.jpk-force-map
palindrome_Fsym,block1_speed0.05_linear_drift_corrected,,linear_drift_corrected,3.5,1,0.05,0.049361446369162475,1787833593.719625,24.891956249872845,measurement_window_20_200nm,nonlinear_pb_derjaguin,20.0,200.0,37,12.616612944575133,12.223089594559632,13.44207608814922,62.5,-62.5,59.5,65.5,6.109008464305207,1.1137077930681722,0.032756111560828596,3.343504501867429,0.9999132199968971,False,False,False,interior_grid_solution,"max(pixel_IQR/1.349,2_pN); spatial_scale_not_SE",diagnostic_correlated_bins_not_formal_CI,6.80558541615804,27-08-26/0/map1-0.05-data-2026.08.27-14.14.18.398.jpk-force-map,27-08-26/0/map1-0.05-data-2026.08.27-14.27.55.012.jpk-force-map
palindrome_Fsym,block1_speed0.1_linear_drift_corrected,,linear_drift_corrected,3.5,1,0.1,0.09846065227115142,1787833539.362125,23.985997915267944,previous_primary_10_250nm,nonlinear_pb_derjaguin,10.0,250.0,49,13.44207608814922,13.02280581041226,13.44207608814922,62.5,-62.5,62.5,64.0,4.319171904755173,8.761804082649812,0.19047400179673504,47.164237066579496,0.9953997250612017,False,False,False,interior_grid_solution,"max(pixel_IQR/1.349,2_pN); spatial_scale_not_SE",diagnostic_correlated_bins_not_formal_CI,18.078622915347417,27-08-26/0/map1-0.1-data-2026.08.27-14.04.47.122.jpk-force-map,27-08-26/0/map1-0.1-data-2026.08.27-14.40.56.507.jpk-force-map
palindrome_Fsym,block1_speed0.1_linear_drift_corrected,,linear_drift_corrected,3.5,1,0.1,0.09846065227115142,1787833539.362125,23.985997915267944,measurement_window_20_200nm,nonlinear_pb_derjaguin,20.0,200.0,37,13.874844806111179,13.44207608814922,14.321546547664008,59.5,-59.5,58.0,62.5,6.563262438193142,2.1201276591764846,0.0623566958581319,16.853653544746404,0.9978706887346197,False,False,False,interior_grid_solution,"max(pixel_IQR/1.349,2_pN); spatial_scale_not_SE",diagnostic_correlated_bins_not_formal_CI,18.078622915347417,27-08-26/0/map1-0.1-data-2026.08.27-14.04.47.122.jpk-force-map,27-08-26/0/map1-0.1-data-2026.08.27-14.40.56.507.jpk-force-map
palindrome_Fsym,block1_speed0.2_linear_drift_corrected,,linear_drift_corrected,3.5,1,0.2,0.19646557354775118,1787833515.804875,23.59337708155314,previous_primary_10_250nm,nonlinear_pb_derjaguin,10.0,250.0,49,13.874844806111179,13.874844806111179,14.321546547664008,62.5,-62.5,61.0,64.0,3.9083913822001133,18.075548001984593,0.39294669569531726,54.47866877031844,0.9939456905827221,False,False,False,interior_grid_solution,"max(pixel_IQR/1.349,2_pN); spatial_scale_not_SE",diagnostic_correlated_bins_not_formal_CI,23.593377083539963,27-08-26/0/map1-0.2-data-2026.08.27-14.00.12.429.jpk-force-map,27-08-26/0/map1-0.2-data-2026.08.27-14.47.23.611.jpk-force-map
palindrome_Fsym,block1_speed0.2_linear_drift_corrected,,linear_drift_corrected,3.5,1,0.2,0.19646557354775118,1787833515.804875,23.59337708155314,measurement_window_20_200nm,nonlinear_pb_derjaguin,20.0,200.0,37,14.7826298876199,14.321546547664008,14.7826298876199,59.5,-59.5,59.5,61.0,4.5585350291626305,5.2565831067493525,0.154605385492628,16.48997497183623,0.9980426314816183,False,False,False,interior_grid_solution,"max(pixel_IQR/1.349,2_pN); spatial_scale_not_SE",diagnostic_correlated_bins_not_formal_CI,23.593377083539963,27-08-26/0/map1-0.2-data-2026.08.27-14.00.12.429.jpk-force-map,27-08-26/0/map1-0.2-data-2026.08.27-14.47.23.611.jpk-force-map
palindrome_Fsym,block2_speed0.05_linear_drift_corrected,,linear_drift_corrected,9.5,2,0.05,0.04779894881022077,1787836836.1863751,78.93306875228882,previous_primary_10_250nm,nonlinear_pb_derjaguin,10.0,250.0,49,20.294088553975286,20.294088553975286,20.294088553975286,73.0,-73.0,73.0,73.0,2.270608721034272,10.802822034655795,0.234843957275126,61.038241123574316,0.995029147623668,False,False,False,interior_grid_solution,"max(pixel_IQR/1.349,2_pN); spatial_scale_not_SE",diagnostic_correlated_bins_not_formal_CI,9.699077083667119,27-08-26/0/map2-0.05-data-2026.08.27-15.05.27.190.jpk-force-map,27-08-26/0/map2-0.05-data-2026.08.27-15.24.51.168.jpk-force-map
palindrome_Fsym,block2_speed0.05_linear_drift_corrected,,linear_drift_corrected,9.5,2,0.05,0.04779894881022077,1787836836.1863751,78.93306875228882,measurement_window_20_200nm,nonlinear_pb_derjaguin,20.0,200.0,37,20.294088553975286,20.294088553975286,20.294088553975286,71.5,-71.5,71.5,73.0,4.648389597339098,2.5676834167377125,0.07552010049228566,17.290145320372073,0.9990484026493687,False,False,False,interior_grid_solution,"max(pixel_IQR/1.349,2_pN); spatial_scale_not_SE",diagnostic_correlated_bins_not_formal_CI,9.699077083667119,27-08-26/0/map2-0.05-data-2026.08.27-15.05.27.190.jpk-force-map,27-08-26/0/map2-0.05-data-2026.08.27-15.24.51.168.jpk-force-map
palindrome_Fsym,block2_speed0.1_linear_drift_corrected,,linear_drift_corrected,9.5,2,0.1,0.09608325613818748,1787836817.652125,78.62416458129883,previous_primary_10_250nm,nonlinear_pb_derjaguin,10.0,250.0,49,19.66109792896721,19.66109792896721,20.294088553975286,70.0,-70.0,68.5,71.5,4.676357346482404,19.921010593033035,0.4330654476746312,67.26187205129969,0.9932481461227177,False,False,False,interior_grid_solution,"max(pixel_IQR/1.349,2_pN); spatial_scale_not_SE",diagnostic_correlated_bins_not_formal_CI,18.750202081600825,27-08-26/0/map2-0.1-data-2026.08.27-14.58.45.160.jpk-force-map,27-08-26/0/map2-0.1-data-2026.08.27-15.36.15.070.jpk-force-map
palindrome_Fsym,block2_speed0.1_linear_drift_corrected,,linear_drift_corrected,9.5,2,0.1,0.09608325613818748,1787836817.652125,78.62416458129883,measurement_window_20_200nm,nonlinear_pb_derjaguin,20.0,200.0,37,20.294088553975286,19.66109792896721,20.294088553975286,68.5,-68.5,68.5,70.0,6.134491991261538,4.785148837536559,0.14073967169225174,20.37857663232292,0.9984846617764005,False,False,False,interior_grid_solution,"max(pixel_IQR/1.349,2_pN); spatial_scale_not_SE",diagnostic_correlated_bins_not_formal_CI,18.750202081600825,27-08-26/0/map2-0.1-data-2026.08.27-14.58.45.160.jpk-force-map,27-08-26/0/map2-0.1-data-2026.08.27-15.36.15.070.jpk-force-map
palindrome_Fsym,block2_speed0.2_linear_drift_corrected,,linear_drift_corrected,9.5,2,0.2,0.19087118195358638,1787836810.759125,78.50928124984105,previous_primary_10_250nm,nonlinear_pb_derjaguin,10.0,250.0,49,20.294088553975286,20.294088553975286,20.294088553975286,74.5,-74.5,73.0,74.5,3.3947770312529957,10.676661781271022,0.2321013430711092,42.35584628573248,0.9976595378837158,False,False,False,interior_grid_solution,"max(pixel_IQR/1.349,2_pN); spatial_scale_not_SE",diagnostic_correlated_bins_not_formal_CI,2.0220354159673053,27-08-26/0/map2-0.2-data-2026.08.27-15.16.41.656.jpk-force-map,27-08-26/0/map2-0.2-data-2026.08.27-15.20.44.298.jpk-force-map
palindrome_Fsym,block2_speed0.2_linear_drift_corrected,,linear_drift_corrected,9.5,2,0.2,0.19087118195358638,1787836810.759125,78.50928124984105,measurement_window_20_200nm,nonlinear_pb_derjaguin,20.0,200.0,37,20.294088553975286,20.294088553975286,20.94745836293309,73.0,-73.0,71.5,73.0,6.32921546826496,1.7503948808180114,0.05148220237700034,9.353089750578413,0.9997313308019514,False,False,False,interior_grid_solution,"max(pixel_IQR/1.349,2_pN); spatial_scale_not_SE",diagnostic_correlated_bins_not_formal_CI,2.0220354159673053,27-08-26/0/map2-0.2-data-2026.08.27-15.16.41.656.jpk-force-map,27-08-26/0/map2-0.2-data-2026.08.27-15.20.44.298.jpk-force-map
palindrome_Fsym,block3_speed0.05_linear_drift_corrected,,linear_drift_corrected,15.5,3,0.05,0.048016408350180846,1787840076.788,132.94309583504995,previous_primary_10_250nm,nonlinear_pb_derjaguin,10.0,250.0,49,20.294088553975286,20.294088553975286,20.94745836293309,71.5,-71.5,68.5,71.5,1.8920422983974996,15.516645113767646,0.3373183720384271,120.02993586498523,0.9813677176487997,False,False,False,interior_grid_solution,"max(pixel_IQR/1.349,2_pN); spatial_scale_not_SE",diagnostic_correlated_bins_not_formal_CI,20.49497500061989,27-08-26/0/map3-0.05-data-2026.08.27-15.48.41.060.jpk-force-map,27-08-26/0/map3-0.05-data-2026.08.27-16.29.39.734.jpk-force-map
palindrome_Fsym,block3_speed0.05_linear_drift_corrected,,linear_drift_corrected,15.5,3,0.05,0.048016408350180846,1787840076.788,132.94309583504995,measurement_window_20_200nm,nonlinear_pb_derjaguin,20.0,200.0,37,20.94745836293309,20.294088553975286,20.94745836293309,67.0,-67.0,67.0,70.0,3.0257264402242887,4.393849479701605,0.12923086705004722,52.9265607802973,0.9903467109148902,False,False,False,interior_grid_solution,"max(pixel_IQR/1.349,2_pN); spatial_scale_not_SE",diagnostic_correlated_bins_not_formal_CI,20.49497500061989,27-08-26/0/map3-0.05-data-2026.08.27-15.48.41.060.jpk-force-map,27-08-26/0/map3-0.05-data-2026.08.27-16.29.39.734.jpk-force-map
palindrome_Fsym,block3_speed0.1_linear_drift_corrected,,linear_drift_corrected,15.5,3,0.1,0.09559196661002486,1787840314.4405,136.90397083361944,previous_primary_10_250nm,nonlinear_pb_derjaguin,10.0,250.0,49,20.294088553975286,20.294088553975286,20.294088553975286,74.5,-74.5,73.0,74.5,1.8308469193887438,14.466666710345343,0.31449275457272485,112.56336819025114,0.9855333635859533,False,False,False,interior_grid_solution,"max(pixel_IQR/1.349,2_pN); spatial_scale_not_SE",diagnostic_correlated_bins_not_formal_CI,3.1437041680018107,27-08-26/0/map3-0.1-data-2026.08.27-16.12.38.424.jpk-force-map,27-08-26/0/map3-0.1-data-2026.08.27-16.18.55.666.jpk-force-map
palindrome_Fsym,block3_speed0.1_linear_drift_corrected,,linear_drift_corrected,15.5,3,0.1,0.09559196661002486,1787840314.4405,136.90397083361944,measurement_window_20_200nm,nonlinear_pb_derjaguin,20.0,200.0,37,20.294088553975286,20.294088553975286,20.294088553975286,73.0,-73.0,71.5,73.0,3.712322852565708,3.133309127228876,0.0921561508008493,21.961524139310736,0.998558563955062,False,False,False,interior_grid_solution,"max(pixel_IQR/1.349,2_pN); spatial_scale_not_SE",diagnostic_correlated_bins_not_formal_CI,3.1437041680018107,27-08-26/0/map3-0.1-data-2026.08.27-16.12.38.424.jpk-force-map,27-08-26/0/map3-0.1-data-2026.08.27-16.18.55.666.jpk-force-map
palindrome_Fsym,block3_speed0.2_linear_drift_corrected,,linear_drift_corrected,15.5,3,0.2,0.19165641955162213,1787840316.66325,136.94101666609447,previous_primary_10_250nm,nonlinear_pb_derjaguin,10.0,250.0,49,20.294088553975286,20.294088553975286,20.294088553975286,71.5,-71.5,71.5,71.5,2.212122011849853,12.912753407925523,0.2807120306070766,119.6880965104342,0.981735639584689,False,False,False,interior_grid_solution,"max(pixel_IQR/1.349,2_pN); spatial_scale_not_SE",diagnostic_correlated_bins_not_formal_CI,8.026399999856949,27-08-26/0/map3-0.2-data-2026.08.27-16.09.07.348.jpk-force-map,27-08-26/0/map3-0.2-data-2026.08.27-16.25.10.504.jpk-force-map
palindrome_Fsym,block3_speed0.2_linear_drift_corrected,,linear_drift_corrected,15.5,3,0.2,0.19165641955162213,1787840316.66325,136.94101666609447,measurement_window_20_200nm,nonlinear_pb_derjaguin,20.0,200.0,37,20.294088553975286,20.294088553975286,20.94745836293309,70.0,-70.0,68.5,71.5,4.204037151621846,3.360532918792264,0.09883920349389012,28.78318133038615,0.9972649735261534,False,False,False,interior_grid_solution,"max(pixel_IQR/1.349,2_pN); spatial_scale_not_SE",diagnostic_correlated_bins_not_formal_CI,8.026399999856949,27-08-26/0/map3-0.2-data-2026.08.27-16.09.07.348.jpk-force-map,27-08-26/0/map3-0.2-data-2026.08.27-16.25.10.504.jpk-force-map
palindrome_Fsym,block4_speed0.05_linear_drift_corrected,,linear_drift_corrected,21.5,4,0.05,0.04925536853190737,1787843289.72125,186.49198333422342,previous_primary_10_250nm,nonlinear_pb_derjaguin,10.0,250.0,49,13.02280581041226,12.616612944575133,13.44207608814922,65.5,-65.5,64.0,67.0,2.562050940232223,10.294927979188282,0.223802782156267,46.80275984563864,0.9960558902687642,False,False,False,interior_grid_solution,"max(pixel_IQR/1.349,2_pN); spatial_scale_not_SE",diagnostic_correlated_bins_not_formal_CI,5.765787500143051,27-08-26/0/map4-0.05-data-2026.08.27-16.56.56.658.jpk-force-map,27-08-26/0/map4-0.05-data-2026.08.27-17.08.28.590.jpk-force-map
palindrome_Fsym,block4_speed0.05_linear_drift_corrected,,linear_drift_corrected,21.5,4,0.05,0.04925536853190737,1787843289.72125,186.49198333422342,measurement_window_20_200nm,nonlinear_pb_derjaguin,20.0,200.0,37,13.44207608814922,13.02280581041226,13.874844806111179,62.5,-62.5,59.5,65.5,4.385089035073668,2.134432766808655,0.06277743431790161,8.877397528603389,0.9994472495827397,False,False,False,interior_grid_solution,"max(pixel_IQR/1.349,2_pN); spatial_scale_not_SE",diagnostic_correlated_bins_not_formal_CI,5.765787500143051,27-08-26/0/map4-0.05-data-2026.08.27-16.56.56.658.jpk-force-map,27-08-26/0/map4-0.05-data-2026.08.27-17.08.28.590.jpk-force-map
palindrome_Fsym,block4_speed0.1_linear_drift_corrected,,linear_drift_corrected,21.5,4,0.1,0.09849597192461855,1787843282.4435,186.3706875006358,previous_primary_10_250nm,nonlinear_pb_derjaguin,10.0,250.0,49,13.44207608814922,13.44207608814922,13.874844806111179,64.0,-64.0,62.5,64.0,2.6703068031571924,28.330691483580903,0.61588459746915,56.303151411433674,0.9938859612778451,False,False,False,interior_grid_solution,"max(pixel_IQR/1.349,2_pN); spatial_scale_not_SE",diagnostic_correlated_bins_not_formal_CI,14.700245833396911,27-08-26/0/map4-0.1-data-2026.08.27-16.50.32.826.jpk-force-map,27-08-26/0/map4-0.1-data-2026.08.27-17.19.56.860.jpk-force-map
palindrome_Fsym,block4_speed0.1_linear_drift_corrected,,linear_drift_corrected,21.5,4,0.1,0.09849597192461855,1787843282.4435,186.3706875006358,measurement_window_20_200nm,nonlinear_pb_derjaguin,20.0,200.0,37,13.874844806111179,13.874844806111179,14.321546547664008,61.0,-61.0,58.0,61.0,4.56755952002692,6.974897627507576,0.20514404786786988,10.551836997729858,0.999168140502852,False,False,False,interior_grid_solution,"max(pixel_IQR/1.349,2_pN); spatial_scale_not_SE",diagnostic_correlated_bins_not_formal_CI,14.700245833396911,27-08-26/0/map4-0.1-data-2026.08.27-16.50.32.826.jpk-force-map,27-08-26/0/map4-0.1-data-2026.08.27-17.19.56.860.jpk-force-map
palindrome_Fsym,block4_speed0.2_linear_drift_corrected,,linear_drift_corrected,21.5,4,0.2,0.1968899240691211,1787843272.1430001,186.1990125020345,previous_primary_10_250nm,nonlinear_pb_derjaguin,10.0,250.0,49,13.874844806111179,13.874844806111179,13.874844806111179,61.0,-61.0,61.0,61.0,2.8088066482334493,31.99183514563563,0.6954746770790354,98.29174220347286,0.9808344999015897,False,False,False,interior_grid_solution,"max(pixel_IQR/1.349,2_pN); spatial_scale_not_SE",diagnostic_correlated_bins_not_formal_CI,19.395675001541772,27-08-26/0/map4-0.2-data-2026.08.27-16.47.00.630.jpk-force-map,27-08-26/0/map4-0.2-data-2026.08.27-17.25.48.068.jpk-force-map
palindrome_Fsym,block4_speed0.2_linear_drift_corrected,,linear_drift_corrected,21.5,4,0.2,0.1968899240691211,1787843272.1430001,186.1990125020345,measurement_window_20_200nm,nonlinear_pb_derjaguin,20.0,200.0,37,14.321546547664008,14.321546547664008,14.321546547664008,58.0,-58.0,58.0,59.5,4.599110403930285,9.268047109996074,0.2725896208822375,22.903976667498505,0.9959592133530192,False,False,False,interior_grid_solution,"max(pixel_IQR/1.349,2_pN); spatial_scale_not_SE",diagnostic_correlated_bins_not_formal_CI,19.395675001541772,27-08-26/0/map4-0.2-data-2026.08.27-16.47.00.630.jpk-force-map,27-08-26/0/map4-0.2-data-2026.08.27-17.25.48.068.jpk-force-map
palindrome_Fsym,block5_speed0.05_linear_drift_corrected,,linear_drift_corrected,27.5,5,0.05,0.04992569032215696,1787845992.351375,231.53581875165304,previous_primary_10_250nm,nonlinear_pb_derjaguin,10.0,250.0,49,8.903548887106776,7.843610308975431,10.106721224330608,44.5,-44.5,37.0,53.5,2.567023281645335,5.474528519285318,0.11901148954968083,82.755573113674,0.9614377062282297,False,False,False,interior_grid_solution,"max(pixel_IQR/1.349,2_pN); spatial_scale_not_SE",diagnostic_correlated_bins_not_formal_CI,9.543593750397365,27-08-26/0/map5-0.05-data-2026.08.27-17.38.13.338.jpk-force-map,27-08-26/0/map5-0.05-data-2026.08.27-17.57.18.559.jpk-force-map
palindrome_Fsym,block5_speed0.05_linear_drift_corrected,,linear_drift_corrected,27.5,5,0.05,0.04992569032215696,1787845992.351375,231.53581875165304,measurement_window_20_200nm,nonlinear_pb_derjaguin,20.0,200.0,37,9.190199357757056,7.843610308975431,11.114646149663537,41.5,-41.5,32.5,55.0,4.239794074719133,1.8442497339165629,0.05424263923284008,17.227702593933152,0.9857724465234857,False,False,False,interior_grid_solution,"max(pixel_IQR/1.349,2_pN); spatial_scale_not_SE",diagnostic_correlated_bins_not_formal_CI,9.543593750397365,27-08-26/0/map5-0.05-data-2026.08.27-17.38.13.338.jpk-force-map,27-08-26/0/map5-0.05-data-2026.08.27-17.57.18.559.jpk-force-map
palindrome_Fsym,block5_speed0.2_linear_drift_corrected,,linear_drift_corrected,27.5,5,0.2,0.1997452400244206,1787845981.617,231.35691250165303,previous_primary_10_250nm,nonlinear_pb_derjaguin,10.0,250.0,49,8.62583929892546,7.843610308975431,9.791483623609768,46.0,-46.0,37.0,53.5,2.9143952776068445,11.13695082214076,0.2421076265682774,58.52606845836438,0.9803232705524891,False,False,False,interior_grid_solution,"max(pixel_IQR/1.349,2_pN); spatial_scale_not_SE",diagnostic_correlated_bins_not_formal_CI,2.0810374995072682,27-08-26/0/map5-0.2-data-2026.08.27-17.49.29.094.jpk-force-map,27-08-26/0/map5-0.2-data-2026.08.27-17.53.38.834.jpk-force-map
palindrome_Fsym,block5_speed0.2_linear_drift_corrected,,linear_drift_corrected,27.5,5,0.2,0.1997452400244206,1787845981.617,231.35691250165303,measurement_window_20_200nm,nonlinear_pb_derjaguin,20.0,200.0,37,8.62583929892546,7.598961145324,10.106721224330608,44.5,-44.5,34.0,56.5,4.7285072123378065,4.682923796291405,0.13773305283210013,10.290212835704867,0.9949027757026824,False,False,False,interior_grid_solution,"max(pixel_IQR/1.349,2_pN); spatial_scale_not_SE",diagnostic_correlated_bins_not_formal_CI,2.0810374995072682,27-08-26/0/map5-0.2-data-2026.08.27-17.49.29.094.jpk-force-map,27-08-26/0/map5-0.2-data-2026.08.27-17.53.38.834.jpk-force-map
