acquisition_order,instrument_scan_number,block,position_in_block,map_midpoint_time,elapsed_midpoint_min,speed_um_per_s,distance_nm,available_pixels,map_median_force_pN,map_force_q25_pN,map_force_q75_pN,map_force_spatial_mad_pN,available_gap_speed_pixels,map_median_gap_speed_um_per_s,map_gap_speed_q25_um_per_s,map_gap_speed_q75_um_per_s,map_gap_speed_spatial_mad_um_per_s
1,9,1,1,2026-09-16T10:07:02.204500+02:00,0.0,0.09999999999999999,5.0,62,151.49846671794856,-130.95252838358158,592.1260407704771,518.5557385948557,59,0.02678251228720452,0.020870987361973972,0.03288920408423179,0.00896642820738825
1,9,1,1,2026-09-16T10:07:02.204500+02:00,0.0,0.09999999999999999,10.0,63,591.722600366501,250.34660499453088,816.1278094467781,425.97888616840623,63,0.05373168663372173,0.039318463075008775,0.09428978113309992,0.029024406418357573
1,9,1,1,2026-09-16T10:07:02.204500+02:00,0.0,0.09999999999999999,15.0,63,618.9521161900201,477.98997125454014,735.0315008526388,196.29547899845136,63,0.08820231116113669,0.08349433001566985,0.0960916697693861,0.008344615794696413
1,9,1,1,2026-09-16T10:07:02.204500+02:00,0.0,0.09999999999999999,20.0,63,499.74807373603375,423.5019327960416,575.6748714299067,117.7876221187127,63,0.08848845788280972,0.08611417039869512,0.09090425323189452,0.0035403122863502928
1,9,1,1,2026-09-16T10:07:02.204500+02:00,0.0,0.09999999999999999,25.0,63,403.10203824974985,328.48886499362067,453.0620202335429,90.92254353605486,63,0.08996125125697911,0.08825428734856891,0.09232914360773006,0.0031094752777927003
1,9,1,1,2026-09-16T10:07:02.204500+02:00,0.0,0.09999999999999999,30.0,63,321.5671958112853,255.76082379594882,366.7944072313211,72.90776208026234,63,0.09171211559949853,0.09086288601696996,0.09368021104628124,0.0020517880042882847
1,9,1,1,2026-09-16T10:07:02.204500+02:00,0.0,0.09999999999999999,35.0,63,247.88418937286514,208.5085443414339,289.12300658358225,66.84113927623214,63,0.093678321097637,0.09273153442851054,0.09488616291173971,0.0016840580964578142
1,9,1,1,2026-09-16T10:07:02.204500+02:00,0.0,0.09999999999999999,40.0,63,199.1250667881104,176.01744146832283,238.90848771091765,46.27249282253019,63,0.09505300489114495,0.09384866768660581,0.09641012037652563,0.0018862016442122407
1,9,1,1,2026-09-16T10:07:02.204500+02:00,0.0,0.09999999999999999,45.0,63,157.00525594249947,131.74816093188144,186.91644724879293,43.50933718942118,63,0.096109228671952,0.09511646400329782,0.09709940249341154,0.001472692351709704
1,9,1,1,2026-09-16T10:07:02.204500+02:00,0.0,0.09999999999999999,50.0,63,131.37450405534787,99.16804640705294,154.18995706633285,41.53003737870063,63,0.09641725332263461,0.09586983717824052,0.09733946390069267,0.0009448460830776669
1,9,1,1,2026-09-16T10:07:02.204500+02:00,0.0,0.09999999999999999,55.0,63,107.15858975965475,78.43261055585766,126.90720089266692,35.900713915083685,63,0.09722357316751334,0.09653912757411742,0.0979500472126425,0.0010329494235120928
1,9,1,1,2026-09-16T10:07:02.204500+02:00,0.0,0.09999999999999999,60.0,63,86.05708060434714,54.31334797273841,106.06190915717684,36.13919133954577,63,0.09798312988447098,0.09704653412057082,0.09865064175200361,0.001177644989061339
1,9,1,1,2026-09-16T10:07:02.204500+02:00,0.0,0.09999999999999999,65.0,63,71.49998261709919,52.306737534450704,91.24800062154229,30.09484597007492,63,0.09821950618572332,0.09731819071361045,0.09889189863211442,0.0011264046963307638
1,9,1,1,2026-09-16T10:07:02.204500+02:00,0.0,0.09999999999999999,70.0,63,62.744698829181324,38.363979523882804,78.88554895115084,31.04502880387115,63,0.09850386204783705,0.09787858615438397,0.09918819191570838,0.0010075478063619585
1,9,1,1,2026-09-16T10:07:02.204500+02:00,0.0,0.09999999999999999,75.0,63,47.10598852953662,35.20973591459432,62.40054303791452,20.440048706464317,63,0.09852373569239148,0.09807891138596417,0.099129502212683,0.0007656127252795812
1,9,1,1,2026-09-16T10:07:02.204500+02:00,0.0,0.09999999999999999,80.0,63,43.408566249772804,22.408821010421743,61.850444534130986,29.909591514267973,63,0.09882690620707908,0.09798618845482757,0.0993096681379208,0.0009892431353114703
1,9,1,1,2026-09-16T10:07:02.204500+02:00,0.0,0.09999999999999999,85.0,63,35.32888414647429,13.822437643658139,49.65169634885896,31.110186112468377,63,0.0989901572209703,0.09813618578981498,0.09957331202421357,0.0010790615965091033
1,9,1,1,2026-09-16T10:07:02.204500+02:00,0.0,0.09999999999999999,90.0,63,22.08604609186707,5.7728497541964625,42.6722394973456,28.89760136203274,63,0.09930856334021299,0.09850283575910196,0.09989557586448777,0.0011036152634970981
1,9,1,1,2026-09-16T10:07:02.204500+02:00,0.0,0.09999999999999999,95.0,63,21.59671502221576,6.8637967805050035,38.56817109490956,25.995504887068083,63,0.09939276017947896,0.09869604630889238,0.10009352243442601,0.0010419417686036894
1,9,1,1,2026-09-16T10:07:02.204500+02:00,0.0,0.09999999999999999,100.0,63,17.475911920860753,2.7493345059975494,33.474411186204826,22.35921619382517,63,0.09947398729959034,0.09889538255504964,0.1000502536088985,0.0008622525202713054
1,9,1,1,2026-09-16T10:07:02.204500+02:00,0.0,0.09999999999999999,105.0,63,15.645686621388338,-1.9608971721274704,36.59744493506272,28.877040797430674,63,0.09947083367457443,0.09862487076332688,0.10008250398966392,0.0011436466823178655
1,9,1,1,2026-09-16T10:07:02.204500+02:00,0.0,0.09999999999999999,110.0,63,19.573299274465196,-2.8488106403299733,38.668254479920165,29.019457254076155,63,0.0993024867127869,0.0986413969618631,0.09992322410069976,0.0009426561458184691
1,9,1,1,2026-09-16T10:07:02.204500+02:00,0.0,0.09999999999999999,115.0,63,10.67337684829663,-3.1739015847271808,25.696109006641937,22.330071279439807,63,0.09920465321292495,0.09858892240350753,0.09983076854800493,0.0009211568429911903
1,9,1,1,2026-09-16T10:07:02.204500+02:00,0.0,0.09999999999999999,120.0,63,-2.1518139608894633,-13.502557757405551,17.425552480907694,22.851580997482227,63,0.09929363723804782,0.09892068059913865,0.09991527977521625,0.0008213662374190246
1,9,1,1,2026-09-16T10:07:02.204500+02:00,0.0,0.09999999999999999,125.0,63,3.7483466040683555,-10.933689679663992,17.202281940902495,20.66642429147539,63,0.09961487162003221,0.0989016204889344,0.10022994619770072,0.001018040562281596
1,9,1,1,2026-09-16T10:07:02.204500+02:00,0.0,0.09999999999999999,130.0,63,5.592383325940401,-7.700192795833587,23.622390307373326,25.074383217903673,63,0.09953244431749536,0.0989764654457895,0.10012942438561598,0.000871349920167448
1,9,1,1,2026-09-16T10:07:02.204500+02:00,0.0,0.09999999999999999,135.0,63,3.2763009955796862,-18.073983228211873,21.45152562172303,28.057130705952705,63,0.09954619307924605,0.09876867316186708,0.10003667332500141,0.0009646527993145487
1,9,1,1,2026-09-16T10:07:02.204500+02:00,0.0,0.09999999999999999,140.0,63,-4.750197246006943,-16.472875021783764,9.872850989300538,20.458934275986735,63,0.0996307441436161,0.09867817767358555,0.10038854563588451,0.0012486999337226366
1,9,1,1,2026-09-16T10:07:02.204500+02:00,0.0,0.09999999999999999,145.0,63,-0.17356071705645976,-15.694845682093696,11.016995999429284,19.700664003438995,63,0.09976119866610227,0.09921004119763828,0.10033961291462351,0.0008640812978064099
1,9,1,1,2026-09-16T10:07:02.204500+02:00,0.0,0.09999999999999999,150.0,63,-1.9435411004219374,-16.99402320254363,12.34102843135352,21.630258335171426,63,0.09972161207447296,0.09904968584735996,0.10035210965014085,0.0009918743547255152
1,9,1,1,2026-09-16T10:07:02.204500+02:00,0.0,0.09999999999999999,155.0,63,1.1846472181448968,-12.486217831846467,15.252343525197926,20.96314966983181,63,0.09948796181912788,0.09904983331134881,0.10032270952098021,0.0010387597521464428
1,9,1,1,2026-09-16T10:07:02.204500+02:00,0.0,0.09999999999999999,160.0,63,-9.798822895011583,-15.774113078744495,3.9964438113308143,15.700901377916002,63,0.09946507395203319,0.09889166278799016,0.10016705428667752,0.0010105912962739773
1,9,1,1,2026-09-16T10:07:02.204500+02:00,0.0,0.09999999999999999,165.0,63,-6.5329157715030295,-23.185085086513254,17.30236532591324,29.97818256277898,63,0.09962181135390218,0.09890270172815487,0.1002269480153225,0.0009593982708881835
1,9,1,1,2026-09-16T10:07:02.204500+02:00,0.0,0.09999999999999999,170.0,63,-3.6291277616447912,-17.497857677924166,5.100128979769611,17.589374580443245,63,0.09966448418977539,0.09909548595003076,0.10024395372616955,0.0008439112684073764
1,9,1,1,2026-09-16T10:07:02.204500+02:00,0.0,0.09999999999999999,175.0,63,-8.187264328077825,-23.395066722144612,2.8904708612672687,20.841377527543084,63,0.09987729428712777,0.09933548152738973,0.10037180797751481,0.0007943221436109574
1,9,1,1,2026-09-16T10:07:02.204500+02:00,0.0,0.09999999999999999,180.0,63,-3.1767966170299347,-17.17796366956242,13.692867295489714,23.0213836236801,63,0.09984517256782348,0.0992061511623685,0.10060148626761348,0.0010173997398938855
1,9,1,1,2026-09-16T10:07:02.204500+02:00,0.0,0.09999999999999999,185.0,63,-5.77865394091,-16.890479900878823,11.809458134305263,20.261577980729196,63,0.09966210815669618,0.09901028284404076,0.10046518974710211,0.0010910165392926264
1,9,1,1,2026-09-16T10:07:02.204500+02:00,0.0,0.09999999999999999,190.0,63,-2.1772337567154616,-18.327912866404773,8.810811919689385,22.180954842476037,63,0.0997463137796395,0.09894105627067151,0.10055264058358981,0.0011958076011635611
1,9,1,1,2026-09-16T10:07:02.204500+02:00,0.0,0.09999999999999999,195.0,63,-0.10642421185787743,-17.354970181164276,15.42298096573434,25.136148661465405,63,0.09944781164899213,0.0990461011303165,0.10030129895948567,0.000851883725512881
1,9,1,1,2026-09-16T10:07:02.204500+02:00,0.0,0.09999999999999999,200.0,63,-10.37147440653649,-24.090919510773134,8.2167936575622,21.904748153844658,63,0.09990582018323711,0.09908774841863768,0.1003520412392798,0.0008533565327167365
1,9,1,1,2026-09-16T10:07:02.204500+02:00,0.0,0.09999999999999999,205.0,63,-1.3096278809558652,-15.39407300903681,11.47280118280722,20.11233591913487,63,0.09978061935529,0.09912651784320861,0.10038981574221498,0.0009429819073726249
1,9,1,1,2026-09-16T10:07:02.204500+02:00,0.0,0.09999999999999999,210.0,63,-1.9204090862203356,-18.083826338039973,8.285017565137268,19.90995463863818,63,0.09965690749527568,0.09923880444727215,0.10041956597414098,0.0009663484872031565
1,9,1,1,2026-09-16T10:07:02.204500+02:00,0.0,0.09999999999999999,215.0,63,-3.2774590085002666,-12.138008995356568,7.757457946985543,14.43849946127745,63,0.0997559293447655,0.0990510990036195,0.10028569505252902,0.0009396932210836492
1,9,1,1,2026-09-16T10:07:02.204500+02:00,0.0,0.09999999999999999,220.0,63,-3.2069049529745994,-21.995819938792945,8.127104144622447,21.5702935113198,63,0.09972271512379066,0.09920334812118747,0.10029085868349905,0.0008738650099938139
1,9,1,1,2026-09-16T10:07:02.204500+02:00,0.0,0.09999999999999999,225.0,63,-4.964175438426795,-17.100447414401785,9.781424456979632,19.704139618228965,63,0.09983382708211343,0.09895322313376484,0.10029260077480381,0.0009035281415855172
1,9,1,1,2026-09-16T10:07:02.204500+02:00,0.0,0.09999999999999999,230.0,63,-7.748801094296407,-17.298863042932837,6.8076613980558776,17.568730266086902,63,0.09994726714924193,0.09921635670807935,0.10047820254953407,0.0010143990970929032
1,9,1,1,2026-09-16T10:07:02.204500+02:00,0.0,0.09999999999999999,235.0,63,-5.0440500857558455,-18.0843912223916,11.103169107279191,21.999176001458864,63,0.09987440248373877,0.09904736624643695,0.1005886437991577,0.0011173486772191666
1,9,1,1,2026-09-16T10:07:02.204500+02:00,0.0,0.09999999999999999,240.0,63,-1.7445888317568072,-13.551730940220136,16.703672645775487,23.151698240874357,63,0.1001096925134051,0.09940406549945854,0.10067067356528137,0.001007904249432154
1,9,1,1,2026-09-16T10:07:02.204500+02:00,0.0,0.09999999999999999,245.0,63,-1.4600000953757861,-12.69968762834949,17.380418221207886,24.359202193778717,63,0.10002920649360231,0.09938128286881402,0.10044896659491807,0.0008086475787841908
1,9,1,1,2026-09-16T10:07:02.204500+02:00,0.0,0.09999999999999999,250.0,63,3.742500051028827,-8.245673370042121,11.108408409641456,15.733438157337586,63,0.09975990031968575,0.09924032273724182,0.10046267141819606,0.0009115810447659738
1,9,1,1,2026-09-16T10:07:02.204500+02:00,0.0,0.09999999999999999,255.0,63,0.06247620929696146,-9.370767655410312,13.923085913020511,15.598014805150324,63,0.0996366060510555,0.09906582898305427,0.10027788916004425,0.0009351162525223092
1,9,1,1,2026-09-16T10:07:02.204500+02:00,0.0,0.09999999999999999,260.0,63,1.981755526813481,-12.366490593505933,13.94566716497908,20.397126957548384,63,0.09963435630924997,0.09909938003177003,0.10039668702225288,0.0008489911880259681
1,9,1,1,2026-09-16T10:07:02.204500+02:00,0.0,0.09999999999999999,265.0,63,-0.28690476222302663,-10.514333659078556,19.881062391374236,22.297534500017903,63,0.09989834529906959,0.09947180160629127,0.10044284508237111,0.0007817747295926712
1,9,1,1,2026-09-16T10:07:02.204500+02:00,0.0,0.09999999999999999,270.0,63,0.9451644972459355,-7.585690737746088,13.005685481659624,14.834677672485771,63,0.09972908140696284,0.09904466814436189,0.10036775764767279,0.0010161456980319204
1,9,1,1,2026-09-16T10:07:02.204500+02:00,0.0,0.09999999999999999,275.0,63,4.53037250054728,-9.04797861474634,14.42693451050999,16.592752508064486,63,0.099632988621687,0.09903415558465528,0.10017344911256107,0.0008438023671425504
1,9,1,1,2026-09-16T10:07:02.204500+02:00,0.0,0.09999999999999999,280.0,63,-0.08563646771617273,-15.566433346845848,10.966664803693625,19.498282722942303,63,0.0996770911446162,0.09922410550738585,0.09999625956968511,0.000613755723743377
1,9,1,1,2026-09-16T10:07:02.204500+02:00,0.0,0.09999999999999999,285.0,63,3.168690526582774,-6.2865273394047465,11.689688529638243,13.99253202132586,63,0.09994099848246046,0.09923654008395907,0.10051006097835026,0.0009826288266708788
1,9,1,1,2026-09-16T10:07:02.204500+02:00,0.0,0.09999999999999999,290.0,63,0.5020974559992423,-9.798201522224737,13.997156373635882,16.896429116001265,63,0.09971502415766491,0.09925154931475128,0.10050800011287678,0.0008476952861196515
1,9,1,1,2026-09-16T10:07:02.204500+02:00,0.0,0.09999999999999999,295.0,63,1.7757986921876783,-10.505648562171036,14.580173513014035,18.29425438482812,63,0.09970339065981357,0.09929349199603407,0.10037478382379861,0.0007211809218048699
1,9,1,1,2026-09-16T10:07:02.204500+02:00,0.0,0.09999999999999999,300.0,63,7.314969912198999,-3.070386527280193,17.17566176582936,15.91701761806518,63,0.09977859019120644,0.09899739744793962,0.10043345495323035,0.0010376454175608256
2,10,1,2,2026-09-16T10:12:05.395000+02:00,5.0531749999999995,0.19999999999999998,5.0,63,665.0180678954446,169.59039914643517,1060.689462039878,644.1809139404133,63,0.06180731343543112,0.05121660953688584,0.07341536810440222,0.01697875975652658
2,10,1,2,2026-09-16T10:12:05.395000+02:00,5.0531749999999995,0.19999999999999998,10.0,63,926.4378183939631,555.6573471012734,1048.8898328932924,322.09309508745736,63,0.09777962156372427,0.08296299476909108,0.13487314426785763,0.02939029662425998
2,10,1,2,2026-09-16T10:12:05.395000+02:00,5.0531749999999995,0.19999999999999998,15.0,63,828.5030275035177,697.4021110618016,924.7742057340207,152.31961380447783,63,0.170724123792117,0.1649711650324187,0.18474408110150514,0.012976554621518898
2,10,1,2,2026-09-16T10:12:05.395000+02:00,5.0531749999999995,0.19999999999999998,20.0,63,684.046507968488,603.1577943735945,742.2319122183153,112.19426917443147,63,0.17102616424351688,0.16565146836677763,0.17493926260953102,0.007869998172412095
2,10,1,2,2026-09-16T10:12:05.395000+02:00,5.0531749999999995,0.19999999999999998,25.0,63,542.074914696539,498.17992653152703,595.7855310660253,75.4754457875795,63,0.17535780653662478,0.17239980770100122,0.17883812651302125,0.004965031644521078
2,10,1,2,2026-09-16T10:12:05.395000+02:00,5.0531749999999995,0.19999999999999998,30.0,63,444.4050828112536,410.47949849335424,492.6482541512843,58.61507094066738,63,0.18046533276348514,0.17828967233354448,0.18300259719254958,0.003422619899760075
2,10,1,2,2026-09-16T10:12:05.395000+02:00,5.0531749999999995,0.19999999999999998,35.0,63,366.12809789428627,333.5884008448211,406.2655459624058,57.4161094626692,63,0.1849044107703926,0.18244069850312594,0.187229353640191,0.003523341333502216
2,10,1,2,2026-09-16T10:12:05.395000+02:00,5.0531749999999995,0.19999999999999998,40.0,63,303.29313054570525,278.7469283695795,335.34632094727795,41.06003375935642,63,0.18725573820916322,0.18516967803765055,0.1893624519882806,0.003154177959166635
2,10,1,2,2026-09-16T10:12:05.395000+02:00,5.0531749999999995,0.19999999999999998,45.0,63,261.6152287284204,235.53619874187729,279.19176067442595,31.837468976043667,63,0.18954825402942904,0.18797767946686572,0.19122735681707534,0.002410626728781479
2,10,1,2,2026-09-16T10:12:05.395000+02:00,5.0531749999999995,0.19999999999999998,50.0,63,217.83183346708452,185.133121472619,234.62343036220037,42.914169562751525,63,0.19119104400926865,0.18981973630430068,0.19340299765118454,0.0022839249302194897
2,10,1,2,2026-09-16T10:12:05.395000+02:00,5.0531749999999995,0.19999999999999998,55.0,63,186.84705120618798,153.90132940683753,208.6739424796084,37.55242656310579,63,0.19323918643454657,0.19090385472975113,0.19465191505351104,0.002584897749738037
2,10,1,2,2026-09-16T10:12:05.395000+02:00,5.0531749999999995,0.19999999999999998,60.0,63,148.0243573445161,127.01016518787085,168.2102030878442,31.864855145595403,63,0.19382336376096368,0.1920072061545851,0.19570678704748481,0.0027818338294527617
2,10,1,2,2026-09-16T10:12:05.395000+02:00,5.0531749999999995,0.19999999999999998,65.0,63,132.39485465980403,114.96872317243574,155.18776878515686,31.20109647041539,63,0.19519649684350643,0.19370898513996088,0.1971977773743282,0.002732138030933245
2,10,1,2,2026-09-16T10:12:05.395000+02:00,5.0531749999999995,0.19999999999999998,70.0,63,124.8994041972403,92.57899525310108,149.15810848257382,39.40999610641408,63,0.1959882433283077,0.1948239045153185,0.19832721958679578,0.002262014844237665
2,10,1,2,2026-09-16T10:12:05.395000+02:00,5.0531749999999995,0.19999999999999998,75.0,63,107.42004648183413,93.69423230653227,124.06242917545127,21.870494504466656,63,0.19683503218258225,0.19506906733473597,0.19882616453450502,0.0028026513674072684
2,10,1,2,2026-09-16T10:12:05.395000+02:00,5.0531749999999995,0.19999999999999998,80.0,63,92.30653740817259,79.8151085181818,105.66798705452607,19.86029103452694,63,0.19661428051660146,0.19535648542739675,0.19816521712907154,0.002238101750123024
2,10,1,2,2026-09-16T10:12:05.395000+02:00,5.0531749999999995,0.19999999999999998,85.0,63,80.96097642558335,69.64145661160703,102.03246197759864,26.336827009419604,63,0.19623454270813007,0.19472260632283517,0.19837001642898197,0.0025249535767049697
2,10,1,2,2026-09-16T10:12:05.395000+02:00,5.0531749999999995,0.19999999999999998,90.0,63,76.18767540959222,53.16341289800501,89.92742810627206,26.877096672353936,63,0.19751469210272865,0.19570316566985746,0.19926682661360176,0.002653578563968673
2,10,1,2,2026-09-16T10:12:05.395000+02:00,5.0531749999999995,0.19999999999999998,95.0,63,53.235124966452034,39.75164617802471,75.73072633540204,29.50311208331885,63,0.1978622300768156,0.19648689564409194,0.1997340018036402,0.00254772428110639
2,10,1,2,2026-09-16T10:12:05.395000+02:00,5.0531749999999995,0.19999999999999998,100.0,63,55.92722256551468,40.21615058041873,75.8007155065763,27.64043380501777,63,0.19800976854352897,0.19651831268033423,0.1993392625893865,0.0020802160762893075
2,10,1,2,2026-09-16T10:12:05.395000+02:00,5.0531749999999995,0.19999999999999998,105.0,63,51.41882406624816,32.870535692140564,65.24359185785723,24.681680621484546,63,0.19855654846067505,0.19676975005231415,0.20010360067402422,0.0024982430011996383
2,10,1,2,2026-09-16T10:12:05.395000+02:00,5.0531749999999995,0.19999999999999998,110.0,63,49.880163824899604,29.958076707483904,65.42753232487607,25.604477285728954,63,0.19803183434820715,0.19665457911573825,0.19971281781052314,0.0023392576615147835
2,10,1,2,2026-09-16T10:12:05.395000+02:00,5.0531749999999995,0.19999999999999998,115.0,63,38.413152706697176,21.93568799955574,53.91362168337464,23.978392062425442,63,0.19819468497291634,0.19702861607902977,0.19947779681560202,0.001879980670241316
2,10,1,2,2026-09-16T10:12:05.395000+02:00,5.0531749999999995,0.19999999999999998,120.0,63,33.498715335436515,19.289289544544705,45.06117778696559,19.43999289417127,63,0.1987546096233051,0.1967934880444877,0.19994376014562742,0.0023852130087571337
2,10,1,2,2026-09-16T10:12:05.395000+02:00,5.0531749999999995,0.19999999999999998,125.0,63,33.17707018558469,17.99183492136739,46.88095272593233,22.321570679410648,63,0.19899534524797333,0.1975393656784737,0.2008686553743685,0.00236945341841258
2,10,1,2,2026-09-16T10:12:05.395000+02:00,5.0531749999999995,0.19999999999999998,130.0,63,34.55149030167968,14.063064255369191,52.093295982165,27.463721824116988,63,0.19863949164247555,0.1974230064037028,0.20061007549123444,0.002302320470301681
2,10,1,2,2026-09-16T10:12:05.395000+02:00,5.0531749999999995,0.19999999999999998,135.0,63,24.694879737490268,10.473266566710802,41.78833670804006,22.218642231767454,63,0.19869019012240208,0.19709908653162872,0.20063178240222276,0.0027236389568606563
2,10,1,2,2026-09-16T10:12:05.395000+02:00,5.0531749999999995,0.19999999999999998,140.0,63,21.368840674744437,-5.0405478027753325,36.824740276073605,29.53740760757445,63,0.19866852794790643,0.19695392889815533,0.1999920138328563,0.0020848647210792194
2,10,1,2,2026-09-16T10:12:05.395000+02:00,5.0531749999999995,0.19999999999999998,145.0,63,14.069969966568477,-0.4395930024844732,32.960761845214115,22.095195094398967,63,0.1984966839010349,0.19641563932168998,0.2001795062039009,0.0028142746738153376
2,10,1,2,2026-09-16T10:12:05.395000+02:00,5.0531749999999995,0.19999999999999998,150.0,63,10.976493791413095,-7.71122216280016,32.166562690956724,30.533904055322484,63,0.19905550899588534,0.19751158971894167,0.2001145589646544,0.0020502914809319133
2,10,1,2,2026-09-16T10:12:05.395000+02:00,5.0531749999999995,0.19999999999999998,155.0,63,8.387402853880952,-8.684701488174953,23.225573172420383,22.235810931333578,63,0.1992710831737227,0.19785203896691334,0.20110573353396038,0.0025529073672898336
2,10,1,2,2026-09-16T10:12:05.395000+02:00,5.0531749999999995,0.19999999999999998,160.0,63,12.184273023759745,-8.785378001754754,34.30041332946258,32.18905044325761,63,0.1999336313931492,0.1980210364961495,0.20087370212808597,0.0023413942870503268
2,10,1,2,2026-09-16T10:12:05.395000+02:00,5.0531749999999995,0.19999999999999998,165.0,63,12.873799107649123,-0.6293376562169206,33.082240225044856,26.664372297241147,63,0.1996593402092732,0.19776727874967354,0.2013800761630573,0.0027053129339123386
2,10,1,2,2026-09-16T10:12:05.395000+02:00,5.0531749999999995,0.19999999999999998,170.0,63,8.680125924926232,-8.045563088456252,28.746230307805135,26.885597272383094,63,0.19901037626151843,0.19755690868342768,0.20128416779565672,0.0026750268139094317
2,10,1,2,2026-09-16T10:12:05.395000+02:00,5.0531749999999995,0.19999999999999998,175.0,63,15.337965870805256,-5.930763174711089,28.506747586906492,26.69527595646027,63,0.19949509411622088,0.19718014716498683,0.20102705357898992,0.0030550292974704037
2,10,1,2,2026-09-16T10:12:05.395000+02:00,5.0531749999999995,0.19999999999999998,180.0,63,0.3887251666149072,-11.995135620705451,12.634909515319777,18.822547832943282,63,0.19895130084405,0.19666952959053735,0.20083768890934084,0.0030159217310095194
2,10,1,2,2026-09-16T10:12:05.395000+02:00,5.0531749999999995,0.19999999999999998,185.0,63,8.190710122622749,-11.528922443147524,23.98914147270742,27.32302223742806,63,0.19981265007044594,0.19744876310847287,0.20127415243394922,0.002379542772841955
2,10,1,2,2026-09-16T10:12:05.395000+02:00,5.0531749999999995,0.19999999999999998,190.0,63,2.0638614673315847,-9.959038219259346,20.638770016512577,19.855140424657293,63,0.1993632943387183,0.1977774136286436,0.2019953682826916,0.0030675936449997073
2,10,1,2,2026-09-16T10:12:05.395000+02:00,5.0531749999999995,0.19999999999999998,195.0,63,9.192617252996186,-4.34004884035433,25.414415302563203,23.266602903337045,63,0.198989793107282,0.19765594177395768,0.20047607712993076,0.0020732669044856425
2,10,1,2,2026-09-16T10:12:05.395000+02:00,5.0531749999999995,0.19999999999999998,200.0,63,5.916259768981438,-10.38996024694546,22.224315659051328,25.14125739645771,63,0.1986398323051403,0.19686485592267305,0.19998813956208006,0.002195164829342973
2,10,1,2,2026-09-16T10:12:05.395000+02:00,5.0531749999999995,0.19999999999999998,205.0,63,-2.275608366562313,-16.912468024268538,11.941344508315808,21.585703466052653,63,0.19878389669709445,0.1971403270674065,0.20039679842719899,0.002492358580543911
2,10,1,2,2026-09-16T10:12:05.395000+02:00,5.0531749999999995,0.19999999999999998,210.0,63,-3.0402640692263003,-16.509324184576727,8.643083633564231,19.31989574696185,63,0.19888101388994409,0.19750965256519554,0.2002585243896054,0.0020751829998709543
2,10,1,2,2026-09-16T10:12:05.395000+02:00,5.0531749999999995,0.19999999999999998,215.0,63,-8.117868285472438,-20.476238666422795,5.208869217469855,19.06605024264428,63,0.1996569247332618,0.1980729612779374,0.2014378702883853,0.0025276301408493694
2,10,1,2,2026-09-16T10:12:05.395000+02:00,5.0531749999999995,0.19999999999999998,220.0,63,-2.84710186516622,-18.58763256920276,18.294937742375033,23.938987803177124,63,0.19965454461708093,0.19868687556532633,0.20164398470151118,0.002317571294591255
2,10,1,2,2026-09-16T10:12:05.395000+02:00,5.0531749999999995,0.19999999999999998,225.0,63,1.6763508020727926,-17.205176973205035,22.62922476234212,29.964405728248675,63,0.19996706234625497,0.19826835249139327,0.2018328165622877,0.002732725473939
2,10,1,2,2026-09-16T10:12:05.395000+02:00,5.0531749999999995,0.19999999999999998,230.0,63,-4.234203634956577,-18.126037321219947,17.552213674665307,25.80162420660136,63,0.1992905993062074,0.19755971585906754,0.20108936229601404,0.002635507977099614
2,10,1,2,2026-09-16T10:12:05.395000+02:00,5.0531749999999995,0.19999999999999998,235.0,63,-0.7415519326798894,-19.459898740863622,17.90278090332362,27.78615837694542,63,0.1996318046084547,0.1973391462974256,0.20105558452033534,0.002727530106065112
2,10,1,2,2026-09-16T10:12:05.395000+02:00,5.0531749999999995,0.19999999999999998,240.0,63,2.0372554143670096,-15.866076251199491,17.201123927981705,24.508444255373952,63,0.19918922855914883,0.1977683096410291,0.20131008829704394,0.002520780769362262
2,10,1,2,2026-09-16T10:12:05.395000+02:00,5.0531749999999995,0.19999999999999998,245.0,63,-4.123147371414483,-14.241793664243584,7.384959083373326,17.01133377846364,63,0.19977686818764562,0.19823883337440268,0.20111073076273323,0.0022569435408495504
2,10,1,2,2026-09-16T10:12:05.395000+02:00,5.0531749999999995,0.19999999999999998,250.0,63,-3.53312566607513,-18.062417221110934,15.01807186244367,24.496384290800577,63,0.1994309405699382,0.19760230936328668,0.2006548986913454,0.0025600737685880473
2,10,1,2,2026-09-16T10:12:05.395000+02:00,5.0531749999999995,0.19999999999999998,255.0,63,-1.559476229708281,-15.193934483233303,14.569765518834343,23.185993765130092,63,0.1990593660447159,0.19783846483434958,0.20082784818655547,0.0023844481074335373
2,10,1,2,2026-09-16T10:12:05.395000+02:00,5.0531749999999995,0.19999999999999998,260.0,63,-0.24990483718735254,-16.337500486901682,15.619066446314587,24.726193615725588,63,0.19991227281504612,0.1977707359588331,0.20074896694739197,0.0023234814712220805
2,10,1,2,2026-09-16T10:12:05.395000+02:00,5.0531749999999995,0.19999999999999998,265.0,63,-1.5004740591743981,-18.797628326943222,13.887794763148769,24.4913174306847,63,0.19927249740409803,0.19787783316230684,0.20115343612800596,0.002255964661430204
2,10,1,2,2026-09-16T10:12:05.395000+02:00,5.0531749999999995,0.19999999999999998,270.0,63,-3.9993529657418443,-22.419822133170943,18.11965412804585,29.70205962390166,63,0.19922888543701273,0.19784387747305715,0.20129480312933962,0.002338177278827083
2,10,1,2,2026-09-16T10:12:05.395000+02:00,5.0531749999999995,0.19999999999999998,275.0,63,-1.3651277685096581,-16.91478405011045,20.113582912638357,29.05886151332441,63,0.19925697795674932,0.19809422822027523,0.20176083126165978,0.002345229747500986
2,10,1,2,2026-09-16T10:12:05.395000+02:00,5.0531749999999995,0.19999999999999998,280.0,63,1.5965326431791738,-11.734257904986604,16.273301380332168,20.843052522622422,63,0.1994205944640438,0.19772081728627747,0.20087838356948706,0.002269471134273726
2,10,1,2,2026-09-16T10:12:05.395000+02:00,5.0531749999999995,0.19999999999999998,285.0,63,-1.4437879144823456,-13.869280678522205,17.52446373088858,21.300996177392953,63,0.19944106898063718,0.19798868836346967,0.20080808726495392,0.002190622937501101
2,10,1,2,2026-09-16T10:12:05.395000+02:00,5.0531749999999995,0.19999999999999998,290.0,63,-6.934379080248439,-28.413047395070066,9.034124826021074,27.954202258309238,63,0.19932714643968386,0.19771421104015108,0.20044523215083476,0.0021182231675264916
2,10,1,2,2026-09-16T10:12:05.395000+02:00,5.0531749999999995,0.19999999999999998,295.0,63,1.54558007465674,-17.25604480907466,11.084104260409905,23.417478085134675,63,0.1997729447106629,0.19805775347699295,0.2009115958862175,0.0023266513181621606
2,10,1,2,2026-09-16T10:12:05.395000+02:00,5.0531749999999995,0.19999999999999998,300.0,63,-5.96952836334579,-22.245131647411096,9.4170599280312,23.697160388555698,63,0.1998660502654618,0.19853203986902584,0.20140639372078933,0.0020420022891341344
3,11,1,3,2026-09-16T10:14:38.789000+02:00,7.609741666666666,0.39999999999999997,5.0,62,1305.8890950197756,932.8393914926436,1786.79208308227,611.4524103943226,63,0.16906628426484765,0.15346239074685175,0.1856061694690083,0.02513676070827534
3,11,1,3,2026-09-16T10:14:38.789000+02:00,7.609741666666666,0.39999999999999997,10.0,63,1344.0193960094732,1189.0444897701418,1551.0337929964717,304.58943838021395,63,0.22046543203819327,0.20132394344805238,0.26686977174100507,0.03511390157716704
3,11,1,3,2026-09-16T10:14:38.789000+02:00,7.609741666666666,0.39999999999999997,15.0,63,1181.7271614657743,1054.1721653206992,1303.927604719079,191.94752677075175,63,0.32470477149284926,0.30338758540849503,0.3478829402156871,0.03165880972420267
3,11,1,3,2026-09-16T10:14:38.789000+02:00,7.609741666666666,0.39999999999999997,20.0,63,966.1316486585924,864.8181714838236,1044.9234268073626,140.32003280377094,63,0.3257351160604718,0.31300805305090906,0.33676251309102256,0.017565148649509275
3,11,1,3,2026-09-16T10:14:38.789000+02:00,7.609741666666666,0.39999999999999997,25.0,63,786.8008356591101,714.3261874594973,885.664592988017,115.8014548281656,63,0.3408391144223449,0.334245639931574,0.34707176770092896,0.00966227826740044
3,11,1,3,2026-09-16T10:14:38.789000+02:00,7.609741666666666,0.39999999999999997,30.0,63,669.3760376918561,607.1802652314291,717.4474418226471,85.3892391653783,63,0.3506583734267508,0.3458605924111582,0.35555019042136654,0.00716125275512054
3,11,1,3,2026-09-16T10:14:38.789000+02:00,7.609741666666666,0.39999999999999997,35.0,63,562.2220799838852,521.7392616231429,623.6571791763276,77.12715843560154,63,0.3611125682930524,0.3539812284707013,0.36527946352743423,0.008619421008656543
3,11,1,3,2026-09-16T10:14:38.789000+02:00,7.609741666666666,0.39999999999999997,40.0,63,475.0566962815239,416.074183723028,532.2373831013279,88.71845938564826,63,0.3684738321561759,0.3631284168035863,0.37212424234006347,0.006292036329181915
3,11,1,3,2026-09-16T10:14:38.789000+02:00,7.609741666666666,0.39999999999999997,45.0,63,416.76712735724493,387.13473472272744,444.80245070844927,46.008387973349684,63,0.3727700298426887,0.36879148148762764,0.37717230894548487,0.0065410833512782015
3,11,1,3,2026-09-16T10:14:38.789000+02:00,7.609741666666666,0.39999999999999997,50.0,63,348.6602920638719,307.66670527233225,398.7087490592486,67.82055077416783,63,0.37815647270589703,0.3735580396671685,0.38289071821575726,0.0071439064709355096
3,11,1,3,2026-09-16T10:14:38.789000+02:00,7.609741666666666,0.39999999999999997,55.0,63,306.0673058410684,277.09030615348934,348.15123240823857,52.77654059160556,63,0.38024566785939334,0.37694230263434153,0.38341025255710226,0.005009295215281177
3,11,1,3,2026-09-16T10:14:38.789000+02:00,7.609741666666666,0.39999999999999997,60.0,63,278.0915777889673,237.48786005485454,305.30375166289014,49.45422972603889,63,0.38548940184788727,0.38168154045841357,0.38872191618462093,0.005187884201993154
3,11,1,3,2026-09-16T10:14:38.789000+02:00,7.609741666666666,0.39999999999999997,65.0,63,243.38042292528263,220.31623721213992,269.67351583689833,37.45816621499986,63,0.38715708873743754,0.38441575359215285,0.3894933227867551,0.0037855200684559897
3,11,1,3,2026-09-16T10:14:38.789000+02:00,7.609741666666666,0.39999999999999997,70.0,63,216.22487870761674,193.21277533169973,244.53212326361535,39.195596736221646,63,0.38904446351833233,0.3856779976682388,0.39210417887268406,0.004969595219611627
3,11,1,3,2026-09-16T10:14:38.789000+02:00,7.609741666666666,0.39999999999999997,75.0,63,192.88481759921766,155.42204044791114,224.83911087291847,50.14541644564793,63,0.38923364466805344,0.3859484629713925,0.39387315917467497,0.0063001789145337855
3,11,1,3,2026-09-16T10:14:38.789000+02:00,7.609741666666666,0.39999999999999997,80.0,63,190.1661421914079,158.56354591506897,218.6046376265217,43.69283290039411,63,0.3908426818671496,0.3875573396371603,0.39513351406931685,0.005241096830865779
3,11,1,3,2026-09-16T10:14:38.789000+02:00,7.609741666666666,0.39999999999999997,85.0,63,152.13476657379988,123.95885762956908,182.2212556165316,43.78721887313107,63,0.3912860374700227,0.38819756689160245,0.3945069481913823,0.004633831258447271
3,11,1,3,2026-09-16T10:14:38.789000+02:00,7.609741666666666,0.39999999999999997,90.0,63,146.87905432146624,109.71188115139866,164.21202225713216,43.902165410470424,63,0.39264702775472865,0.3866849526872598,0.39479336089731465,0.005740226146946081
3,11,1,3,2026-09-16T10:14:38.789000+02:00,7.609741666666666,0.39999999999999997,95.0,63,133.43141744515364,103.9274512679928,163.3530449898448,44.459520023216754,63,0.3932783717356281,0.390169148082647,0.39641250303866216,0.004628662863291894
3,11,1,3,2026-09-16T10:14:38.789000+02:00,7.609741666666666,0.39999999999999997,100.0,63,110.2278041519052,86.69912815847727,133.88549973125902,36.128806370052246,63,0.394893882901054,0.39147262015737205,0.3991393239221702,0.006053451073602182
3,11,1,3,2026-09-16T10:14:38.789000+02:00,7.609741666666666,0.39999999999999997,105.0,63,105.04843601970222,90.44977666627912,129.3256261454448,33.85453992580955,63,0.39603383990617336,0.3926244542880096,0.399078897212321,0.00485811834094057
3,11,1,3,2026-09-16T10:14:38.789000+02:00,7.609741666666666,0.39999999999999997,110.0,63,101.73166106032406,80.5988714340418,131.10609925564273,43.423619316220595,63,0.3963815231853524,0.3920490489088702,0.40051959435225915,0.006566727345326017
3,11,1,3,2026-09-16T10:14:38.789000+02:00,7.609741666666666,0.39999999999999997,115.0,63,91.10686426627264,62.89798019801191,110.58529121387164,34.31763419044989,63,0.39585192627116034,0.391917019563038,0.39862210256810116,0.005402374780321179
3,11,1,3,2026-09-16T10:14:38.789000+02:00,7.609741666666666,0.39999999999999997,120.0,63,89.3680654991207,62.4780451709661,111.21406398573691,38.888612013002536,63,0.3952110713362117,0.39227227089812794,0.3986964090404018,0.004431336523903067
3,11,1,3,2026-09-16T10:14:38.789000+02:00,7.609741666666666,0.39999999999999997,125.0,63,83.36845704404743,46.04510747284672,108.61511581626769,40.2264305831023,63,0.3965990892652962,0.39162446133528994,0.39992087896813167,0.006327759996896286
3,11,1,3,2026-09-16T10:14:38.789000+02:00,7.609741666666666,0.39999999999999997,130.0,63,69.00808003227553,44.47176333230432,98.2748936364886,38.49758441166327,63,0.39535762533477087,0.3924958533676931,0.3992600582421416,0.005242844205615846
3,11,1,3,2026-09-16T10:14:38.789000+02:00,7.609741666666666,0.39999999999999997,135.0,63,66.89558202226345,40.84835502472045,87.16651347106485,34.341628494965406,63,0.3963011749878759,0.3929153506552374,0.39914192170307194,0.004773631566336991
3,11,1,3,2026-09-16T10:14:38.789000+02:00,7.609741666666666,0.39999999999999997,140.0,63,55.0977181392766,31.94673794549697,88.62881547017378,36.96240954630654,63,0.3962698472568384,0.39324304867558324,0.3995205555070197,0.004556622941216121
3,11,1,3,2026-09-16T10:14:38.789000+02:00,7.609741666666666,0.39999999999999997,145.0,63,58.83561438283917,32.32101619481736,79.12213663974714,33.23537799462475,63,0.3972374238232363,0.3931776971886984,0.402335496405243,0.006880723400174216
3,11,1,3,2026-09-16T10:14:38.789000+02:00,7.609741666666666,0.39999999999999997,150.0,63,40.84718288969064,25.382598191454406,77.15775130674803,30.384745743481737,63,0.3986078768037089,0.395149738731845,0.40113510218370396,0.004720399976929781
3,11,1,3,2026-09-16T10:14:38.789000+02:00,7.609741666666666,0.39999999999999997,155.0,63,47.98288675288117,22.653514789464722,80.65502093859968,40.99659332071554,63,0.3967556251105583,0.3935712839848423,0.3998075158404351,0.0047452935236339
3,11,1,3,2026-09-16T10:14:38.789000+02:00,7.609741666666666,0.39999999999999997,160.0,63,35.15074786616906,14.995532976811301,73.53668726922362,48.54684301652716,63,0.3963511034667852,0.3924149241934266,0.3991864171178938,0.005317670109313396
3,11,1,3,2026-09-16T10:14:38.789000+02:00,7.609741666666666,0.39999999999999997,165.0,63,31.623412264698768,4.385747984406029,64.7779294425423,46.97058889684232,63,0.3963647458155932,0.39328644893959724,0.4007584170404222,0.00486747093040938
3,11,1,3,2026-09-16T10:14:38.789000+02:00,7.609741666666666,0.39999999999999997,170.0,63,29.4820204200978,6.283039178533286,43.27958903017304,27.307696032449368,63,0.39828693717910896,0.395509104809801,0.4014618696626727,0.004687974825544458
3,11,1,3,2026-09-16T10:14:38.789000+02:00,7.609741666666666,0.39999999999999997,175.0,63,28.273054930612695,1.7428659344842485,54.81832633893122,39.50781581906441,63,0.3982209209531588,0.3940972781485045,0.4012947718255755,0.005364324045269087
3,11,1,3,2026-09-16T10:14:38.789000+02:00,7.609741666666666,0.39999999999999997,180.0,63,37.336059469113835,3.0269751648527996,59.50426798993367,42.67234214813006,63,0.3975586487823349,0.3941316210983253,0.4027110862429525,0.00616157430500326
3,11,1,3,2026-09-16T10:14:38.789000+02:00,7.609741666666666,0.39999999999999997,185.0,63,22.614749600830077,1.5883841864059864,52.35879162745896,42.204097273619865,63,0.39762574414786034,0.39402890319711253,0.401369003178456,0.005461847735257406
3,11,1,3,2026-09-16T10:14:38.789000+02:00,7.609741666666666,0.39999999999999997,190.0,63,26.680024570413998,0.4286201239529652,43.9175835390796,29.906115899477587,63,0.3969057701834904,0.3944990375279386,0.39972047449170917,0.004039097788169215
3,11,1,3,2026-09-16T10:14:38.789000+02:00,7.609741666666666,0.39999999999999997,195.0,63,12.061693119443145,-7.082435268826195,41.042166845785054,36.88707664260042,63,0.39631028280700153,0.39421367192502177,0.40160314859980484,0.005724739450070286
3,11,1,3,2026-09-16T10:14:38.789000+02:00,7.609741666666666,0.39999999999999997,200.0,63,9.63334002418425,-10.137739383916164,33.082226102936055,32.27991892632758,63,0.3981562978777047,0.39414280184791406,0.4016604783246104,0.005756360732734497
3,11,1,3,2026-09-16T10:14:38.789000+02:00,7.609741666666666,0.39999999999999997,205.0,63,9.59055003454363,-6.980035857973725,34.569990264197415,28.17203536841492,63,0.39845834394485485,0.3949961882139791,0.40244881178762626,0.005170843470758012
3,11,1,3,2026-09-16T10:14:38.789000+02:00,7.609741666666666,0.39999999999999997,210.0,63,13.119043648934856,-8.42328713232195,38.208975257779166,36.80642562951652,63,0.3992162117030136,0.3949043172877773,0.40224683658085303,0.005559937633242972
3,11,1,3,2026-09-16T10:14:38.789000+02:00,7.609741666666666,0.39999999999999997,215.0,63,13.401344603691694,-10.767105284350755,37.09716987678456,36.489097811680644,63,0.39866108611987594,0.3946380171268636,0.4029071274743232,0.006191234638956806
3,11,1,3,2026-09-16T10:14:38.789000+02:00,7.609741666666666,0.39999999999999997,220.0,63,9.01674051009779,-23.86072913745973,27.978651328621076,38.049900101755675,63,0.3988740770880121,0.395509359027993,0.4017701358268867,0.004541402338015104
3,11,1,3,2026-09-16T10:14:38.789000+02:00,7.609741666666666,0.39999999999999997,225.0,63,12.103268607727468,-6.299802121669601,37.75891777267964,33.5973444313326,63,0.39820011972817826,0.393668347796424,0.4018187783154699,0.006113212487772475
3,11,1,3,2026-09-16T10:14:38.789000+02:00,7.609741666666666,0.39999999999999997,230.0,63,3.9704026427176893,-19.864850210480828,38.338545605947814,42.09773508606338,63,0.3975640154648418,0.39477742653676673,0.40098384612087834,0.00498087777140566
3,11,1,3,2026-09-16T10:14:38.789000+02:00,7.609741666666666,0.39999999999999997,235.0,63,-8.07849584615977,-37.012719666207055,22.935208493543342,45.70651198512377,63,0.39643712616027965,0.39312148084548393,0.39919140379594387,0.004655721467447659
3,11,1,3,2026-09-16T10:14:38.789000+02:00,7.609741666666666,0.39999999999999997,240.0,63,0.9879544868867649,-21.275663000933292,19.42175492501575,28.175427233451042,63,0.39696013268736347,0.3927620982239429,0.4012732701092908,0.006620188825551675
3,11,1,3,2026-09-16T10:14:38.789000+02:00,7.609741666666666,0.39999999999999997,245.0,63,-12.715320802782676,-27.121396958606304,14.210004797352362,36.705255926706634,63,0.3982630858413521,0.3955274929508,0.403371861619898,0.0056162458756870625
3,11,1,3,2026-09-16T10:14:38.789000+02:00,7.609741666666666,0.39999999999999997,250.0,63,-6.954008811469617,-25.707660891633846,13.635588022228355,31.273121258839584,63,0.4009053429673571,0.3976994300032474,0.40531572398159466,0.00543827041421969
3,11,1,3,2026-09-16T10:14:38.789000+02:00,7.609741666666666,0.39999999999999997,255.0,63,-11.696071722812423,-34.019891760413714,17.612938742471815,40.21621311311634,63,0.3974657198996828,0.394560485287302,0.40267730732257423,0.005838367974874276
3,11,1,3,2026-09-16T10:14:38.789000+02:00,7.609741666666666,0.39999999999999997,260.0,63,-11.228742898659819,-31.48748696757353,16.844201750366885,37.34502029737068,63,0.39861982646442873,0.39384800757228433,0.4002174264142285,0.005004106120373227
3,11,1,3,2026-09-16T10:14:38.789000+02:00,7.609741666666666,0.39999999999999997,265.0,63,-11.279610734529566,-31.44698475955745,15.133760177669728,35.81332104680419,63,0.397867740897919,0.3947269021972366,0.4011357495220874,0.00498777931375668
3,11,1,3,2026-09-16T10:14:38.789000+02:00,7.609741666666666,0.39999999999999997,270.0,63,-6.60462783994984,-36.514717621757654,11.225805500031107,39.782180013107606,63,0.40064448570641986,0.3968239370796237,0.4033302838872713,0.004529948630626639
3,11,1,3,2026-09-16T10:14:38.789000+02:00,7.609741666666666,0.39999999999999997,275.0,63,-6.4935998206252785,-37.93418726489989,22.057703019520567,46.53148893671773,63,0.3999552556011323,0.3963270683328105,0.40449915700683126,0.006071718203937581
3,11,1,3,2026-09-16T10:14:38.789000+02:00,7.609741666666666,0.39999999999999997,280.0,63,3.6222079283365245,-30.588007492270155,29.079427342648984,44.19369830408001,63,0.39960154906640905,0.3957325667512114,0.4023489066577849,0.004505681258111991
3,11,1,3,2026-09-16T10:14:38.789000+02:00,7.609741666666666,0.39999999999999997,285.0,63,-8.435982908126213,-39.23802508125131,5.502128928649267,38.224811462945816,63,0.39864950511697106,0.39542144535347534,0.4027087660579015,0.005503455191339916
3,11,1,3,2026-09-16T10:14:38.789000+02:00,7.609741666666666,0.39999999999999997,290.0,63,-5.115733909985188,-31.231227181429716,22.747229103409953,41.14240164239721,63,0.39694392054313227,0.3939983657722126,0.40131666048609715,0.005608843612678683
3,11,1,3,2026-09-16T10:14:38.789000+02:00,7.609741666666666,0.39999999999999997,295.0,63,-11.438117283613481,-41.243449262400716,16.107281869370794,43.313781513874005,63,0.39869249530449186,0.3938545696191298,0.4017270103546864,0.005740534124976342
3,11,1,3,2026-09-16T10:14:38.789000+02:00,7.609741666666666,0.39999999999999997,300.0,63,-9.634498037105041,-36.38456826712858,18.349915111903265,41.62433960168321,63,0.3984531257937546,0.39533813026262987,0.40166680737423155,0.004897384004234517
4,12,1,4,2026-09-16T10:16:27.237500+02:00,9.417216666666667,0.39999999999999997,5.0,63,1392.4279796097871,947.8320647424246,1830.649527621058,663.799335685443,63,0.16919574421639094,0.1465971983801863,0.1822480468476047,0.027835611654713495
4,12,1,4,2026-09-16T10:16:27.237500+02:00,9.417216666666667,0.39999999999999997,10.0,63,1342.191486735842,1151.4371022248029,1531.719027167666,289.24874469417136,63,0.2168656720958415,0.19549939751880574,0.2508413875028108,0.03774645286011394
4,12,1,4,2026-09-16T10:16:27.237500+02:00,9.417216666666667,0.39999999999999997,15.0,63,1143.2666149619706,1040.5909191731034,1346.4852574256843,217.13857339595128,63,0.3254080807370696,0.3024195797398078,0.34358478242805357,0.03252546136633332
4,12,1,4,2026-09-16T10:16:27.237500+02:00,9.417216666666667,0.39999999999999997,20.0,63,957.4989447749905,844.0688535996856,1039.3848769601382,153.59223319110265,63,0.3292146469958481,0.31584916994235207,0.33992563597527226,0.018889473660097272
4,12,1,4,2026-09-16T10:16:27.237500+02:00,9.417216666666667,0.39999999999999997,25.0,63,761.8618976374726,701.2961837064975,876.082163166029,120.71542976814963,63,0.3412696910480726,0.33266896759031417,0.34578144458529914,0.01072143277060411
4,12,1,4,2026-09-16T10:16:27.237500+02:00,9.417216666666667,0.39999999999999997,30.0,63,660.2517149569793,581.8376043636391,726.9639637629018,105.07286009388217,63,0.3526991687919259,0.3460692038311145,0.3586075128120843,0.009768536777166104
4,12,1,4,2026-09-16T10:16:27.237500+02:00,9.417216666666667,0.39999999999999997,35.0,63,554.8573437603025,487.92820760754853,615.9014441266144,93.45073923436941,63,0.36075952988175375,0.35508260958375604,0.36619188769922084,0.008549961476461296
4,12,1,4,2026-09-16T10:16:27.237500+02:00,9.417216666666667,0.39999999999999997,40.0,63,476.3605340978753,429.0023388274183,504.4617512087041,67.28028111123453,63,0.3678650622034106,0.3627637094509472,0.3729377137914941,0.007651870887317174
4,12,1,4,2026-09-16T10:16:27.237500+02:00,9.417216666666667,0.39999999999999997,45.0,63,404.0911507495574,367.22712276682387,444.43456977441167,58.89797760961678,63,0.37415234499056343,0.37043391769946943,0.37886754284112667,0.006565142574852546
4,12,1,4,2026-09-16T10:16:27.237500+02:00,9.417216666666667,0.39999999999999997,50.0,63,350.07162737234984,317.61763740114463,400.7321648069992,62.32166755237795,63,0.37813874971725,0.3752280416634274,0.38105145152298203,0.004791179345823596
4,12,1,4,2026-09-16T10:16:27.237500+02:00,9.417216666666667,0.39999999999999997,55.0,63,313.83344888496146,271.88889340946173,354.2561353064666,62.23758279938084,63,0.3818666734925538,0.37773399146216813,0.38497059756938246,0.00542223494348217
4,12,1,4,2026-09-16T10:16:27.237500+02:00,9.417216666666667,0.39999999999999997,60.0,63,273.5288374150681,233.79278204515018,303.14039993911723,55.285892595274284,63,0.3846663387541598,0.3800050588012198,0.3893851506611823,0.007315188918793637
4,12,1,4,2026-09-16T10:16:27.237500+02:00,9.417216666666667,0.39999999999999997,65.0,63,240.64440556787608,210.50182350902173,270.08651690852713,44.859215724093424,63,0.38517985743945043,0.382555111254805,0.38992208943313117,0.005541780536455735
4,12,1,4,2026-09-16T10:16:27.237500+02:00,9.417216666666667,0.39999999999999997,70.0,63,215.38848269228836,184.102362873983,246.5826817044645,47.035704330563384,63,0.3873772484921208,0.38392639369442144,0.39051279868025807,0.005058248361419067
4,12,1,4,2026-09-16T10:16:27.237500+02:00,9.417216666666667,0.39999999999999997,75.0,63,192.56896251397083,163.3848621009538,213.24711909190484,37.905808650030416,63,0.38972233740454715,0.3858003700712986,0.39183365722452856,0.004593629638921065
4,12,1,4,2026-09-16T10:16:27.237500+02:00,9.417216666666667,0.39999999999999997,80.0,63,172.13955276030308,149.17025349613527,198.2232430427474,38.12711737492616,63,0.3917324121622575,0.3876035978217739,0.3945603671364073,0.005064902716229291
4,12,1,4,2026-09-16T10:16:27.237500+02:00,9.417216666666667,0.39999999999999997,85.0,63,149.1130024670914,117.92974808922892,176.54556597082578,46.013580458096435,63,0.39204639325436963,0.3891172847499401,0.39646335720746984,0.004910815652598054
4,12,1,4,2026-09-16T10:16:27.237500+02:00,9.417216666666667,0.39999999999999997,90.0,63,129.6750212390734,113.47925023601049,172.9522518770783,51.584488468310965,63,0.3927796874717759,0.3903350426326947,0.39552337917148706,0.003729794344977221
4,12,1,4,2026-09-16T10:16:27.237500+02:00,9.417216666666667,0.39999999999999997,95.0,63,127.83674633758903,96.74549749850772,154.26049699975033,40.09439909595063,63,0.39499950000007794,0.39141522289600816,0.3968735330871447,0.004613784138188644
4,12,1,4,2026-09-16T10:16:27.237500+02:00,9.417216666666667,0.39999999999999997,100.0,63,112.52072622384672,86.47817364431378,144.75441129789297,46.14226195508912,63,0.3949235946871259,0.3913482602555103,0.3988661704166484,0.005665762083927843
4,12,1,4,2026-09-16T10:16:27.237500+02:00,9.417216666666667,0.39999999999999997,105.0,63,105.71598810231089,82.15432286274421,135.63472061469975,43.775158908557856,63,0.39599646542311406,0.39253367957108576,0.399083308865113,0.00491607987349476
4,12,1,4,2026-09-16T10:16:27.237500+02:00,9.417216666666667,0.39999999999999997,110.0,63,99.5833776266324,66.45310810958537,130.0186121459883,46.08719649184639,63,0.3950445041385582,0.39158996228863735,0.399905734484017,0.005751192261244109
4,12,1,4,2026-09-16T10:16:27.237500+02:00,9.417216666666667,0.39999999999999997,115.0,63,94.53237946335125,62.246089534053894,125.28176029278987,46.857401104336844,63,0.3957266476921529,0.39146552366529525,0.399475280113419,0.006001905120371545
4,12,1,4,2026-09-16T10:16:27.237500+02:00,9.417216666666667,0.39999999999999997,120.0,63,85.62206316511154,61.726650128458004,104.26118494297054,33.17528754614337,63,0.3951008009861116,0.3912691429841746,0.39853032451521625,0.005640560092584942
4,12,1,4,2026-09-16T10:16:27.237500+02:00,9.417216666666667,0.39999999999999997,125.0,63,72.58981399681358,46.907572901005494,99.68283963885617,40.02924178735256,63,0.39606490853019694,0.3925239814097184,0.40051770014949206,0.006118586445500619
4,12,1,4,2026-09-16T10:16:27.237500+02:00,9.417216666666667,0.39999999999999997,130.0,63,69.43612114976821,39.97144267926684,98.71105496653652,43.82151439738585,63,0.39603942037246326,0.39299748896004466,0.3999375571484303,0.005692700814343775
4,12,1,4,2026-09-16T10:16:27.237500+02:00,9.417216666666667,0.39999999999999997,135.0,63,78.8057449143661,31.55513186868845,100.9727671780473,48.62406028969791,63,0.3983935893149957,0.39321233919981186,0.4010771578193455,0.005979593987894869
4,12,1,4,2026-09-16T10:16:27.237500+02:00,9.417216666666667,0.39999999999999997,140.0,63,53.245547082740714,39.76845148748736,83.32159988707492,29.034867208808613,63,0.398496366229194,0.39446416805216644,0.401894702604366,0.005452771367793637
4,12,1,4,2026-09-16T10:16:27.237500+02:00,9.417216666666667,0.39999999999999997,145.0,63,57.88118578222515,40.40819713788416,88.02146593734635,37.76523468797252,63,0.3967182941920146,0.39224710171495325,0.40080661235484394,0.006624545665003713
4,12,1,4,2026-09-16T10:16:27.237500+02:00,9.417216666666667,0.39999999999999997,150.0,63,46.22787580483559,21.398285271576263,76.75747425514103,44.70486492750586,63,0.39568891152755264,0.3928176534151222,0.3997006980769362,0.004745136486303901
4,12,1,4,2026-09-16T10:16:27.237500+02:00,9.417216666666667,0.39999999999999997,155.0,63,37.64270693942835,15.674015571625084,69.44422724021452,43.195443111498,63,0.3961066602801308,0.39243385261420394,0.3995180755751362,0.005418524349387548
4,12,1,4,2026-09-16T10:16:27.237500+02:00,9.417216666666667,0.39999999999999997,160.0,63,42.822046827413466,7.409263232604872,68.30468603755224,48.696085078122074,63,0.396937972356404,0.39282678038333385,0.40176766606927483,0.0066049846445185145
4,12,1,4,2026-09-16T10:16:27.237500+02:00,9.417216666666667,0.39999999999999997,165.0,63,33.49755732251566,-5.755507804599664,61.11003649226287,45.86082090683386,63,0.39724663572903407,0.39369122773143106,0.40091151652379675,0.005361350565522353
4,12,1,4,2026-09-16T10:16:27.237500+02:00,9.417216666666667,0.39999999999999997,170.0,63,39.430029272390556,6.416634327707682,55.51073333301421,38.09106310583717,63,0.3984965511236366,0.3952127682937753,0.4015931666711846,0.004957027758267349
4,12,1,4,2026-09-16T10:16:27.237500+02:00,9.417216666666667,0.39999999999999997,175.0,63,37.43443407896039,12.298831570282209,60.03126272373311,37.35008715748668,63,0.3968777868516172,0.3940597911483933,0.40101264480087007,0.005130365095123247
4,12,1,4,2026-09-16T10:16:27.237500+02:00,9.417216666666667,0.39999999999999997,180.0,63,23.574968266048906,-3.444608288165712,38.54214404840552,32.387997983840435,63,0.397568183629087,0.39331784020080995,0.40040199774830065,0.00604768381904757
4,12,1,4,2026-09-16T10:16:27.237500+02:00,9.417216666666667,0.39999999999999997,185.0,63,20.700130579215035,0.737541253783005,37.79593181982408,28.991903585016495,63,0.3963748278609075,0.39384275234213395,0.4015296259108824,0.005555964463822406
4,12,1,4,2026-09-16T10:16:27.237500+02:00,9.417216666666667,0.39999999999999997,190.0,63,19.723699733102304,-5.740453636626979,46.021396452184575,38.509560626483136,63,0.39900447239271086,0.39529637934275375,0.40285860047423583,0.006003607525875784
4,12,1,4,2026-09-16T10:16:27.237500+02:00,9.417216666666667,0.39999999999999997,195.0,63,7.318443950962008,-8.822971055359774,35.38905845203804,34.26621184150525,63,0.3997275297240022,0.3955150601979185,0.4021597420858368,0.004541400648379664
4,12,1,4,2026-09-16T10:16:27.237500+02:00,9.417216666666667,0.39999999999999997,200.0,63,18.51707851367695,3.1577035259425448,38.800126731821784,26.913150941443366,63,0.3991853151362725,0.3954977880729563,0.4025610802458807,0.005538036164147068
4,12,1,4,2026-09-16T10:16:27.237500+02:00,9.417216666666667,0.39999999999999997,205.0,63,4.80566888934295,-12.899233025583928,33.1221351823829,35.16145483668986,63,0.39911308863744877,0.3949267437292766,0.40090583894831,0.00395489826312593
4,12,1,4,2026-09-16T10:16:27.237500+02:00,9.417216666666667,0.39999999999999997,210.0,63,16.14665430868348,-7.428921208043606,38.801256500525184,35.35696863735942,63,0.3982473759785115,0.394970540202505,0.4007617133639704,0.004277264854440643
4,12,1,4,2026-09-16T10:16:27.237500+02:00,9.417216666666667,0.39999999999999997,215.0,63,15.211855439290366,-7.162267549828478,36.61650978193222,32.90599021221491,63,0.397606912642202,0.3936138671648768,0.40254447762194057,0.006876442933771421
4,12,1,4,2026-09-16T10:16:27.237500+02:00,9.417216666666667,0.39999999999999997,220.0,63,5.69072969156929,-19.21177328938426,29.96502478500966,36.1460169444961,63,0.39802319371695527,0.39498322357752924,0.40208461615698454,0.005763070720764426
4,12,1,4,2026-09-16T10:16:27.237500+02:00,9.417216666666667,0.39999999999999997,225.0,63,-3.462543366331535,-29.7619771047951,34.76436696961372,47.17812078720828,63,0.3984581228185346,0.39487931025447665,0.4013061783180755,0.005258829517151015
4,12,1,4,2026-09-16T10:16:27.237500+02:00,9.417216666666667,0.39999999999999997,230.0,63,3.9959071711965857,-13.700394379475881,27.077448956044897,34.09975920546668,63,0.3973307310668833,0.3941301860566444,0.401928523137849,0.006179525005325447
4,12,1,4,2026-09-16T10:16:27.237500+02:00,9.417216666666667,0.39999999999999997,235.0,63,2.8216538251225423,-21.811879471774226,19.27424949868087,29.484142764042055,63,0.3994179593765678,0.39483112270638254,0.401473707536453,0.0048495951234430994
4,12,1,4,2026-09-16T10:16:27.237500+02:00,9.417216666666667,0.39999999999999997,240.0,63,-5.01509976273162,-20.00365641779988,22.85885025130375,33.20790807531882,63,0.39753766567452525,0.39531836045758617,0.4026145093244964,0.006022233335736246
4,12,1,4,2026-09-16T10:16:27.237500+02:00,9.417216666666667,0.39999999999999997,245.0,63,0.8664761070560618,-28.208855824043177,17.765118586817053,35.14600300708038,63,0.398589601297368,0.3946318436373203,0.40158252893330976,0.0053275735061195754
4,12,1,4,2026-09-16T10:16:27.237500+02:00,9.417216666666667,0.39999999999999997,250.0,63,7.9038053604000575,-25.152930336166325,27.529186972090727,32.81512172914537,63,0.39860432007641894,0.39512381355645526,0.40128749121808505,0.004309740939826464
4,12,1,4,2026-09-16T10:16:27.237500+02:00,9.417216666666667,0.39999999999999997,255.0,63,0.38061907616818696,-24.377259388644184,15.306741888265687,27.918231738974217,63,0.4000411269700655,0.39526259140227954,0.4019100030805871,0.004897238851939637
4,12,1,4,2026-09-16T10:16:27.237500+02:00,9.417216666666667,0.39999999999999997,260.0,63,-5.790205825901856,-26.866860069735083,13.072214736179955,30.70546542635307,63,0.3986945019545478,0.3943459633616726,0.4025299515961135,0.006175367370413355
4,12,1,4,2026-09-16T10:16:27.237500+02:00,9.417216666666667,0.39999999999999997,265.0,63,-6.648604086728789,-28.385269207075588,21.60191195825154,36.12713137497283,63,0.3988876772871088,0.3952802979747708,0.40099412284951386,0.0042063962045357835
4,12,1,4,2026-09-16T10:16:27.237500+02:00,9.417216666666667,0.39999999999999997,270.0,63,-8.20810856065475,-39.93212672838938,15.61040959362501,41.693014399948176,63,0.39837792126093746,0.3954039679080452,0.4015931181607559,0.00470899908163003
4,12,1,4,2026-09-16T10:16:27.237500+02:00,9.417216666666667,0.39999999999999997,275.0,63,-3.103926535661557,-33.026104842595736,14.569200634482542,31.85631267068953,63,0.39953062471438505,0.3949376972143308,0.403707994713132,0.006523810140008561
4,12,1,4,2026-09-16T10:16:27.237500+02:00,9.417216666666667,0.39999999999999997,280.0,63,-8.810811919689527,-29.70932988321757,10.162057655256485,30.54248840510551,63,0.39902674541089844,0.3954707490696726,0.4032545152340774,0.005736336177871949
4,12,1,4,2026-09-16T10:16:27.237500+02:00,9.417216666666667,0.39999999999999997,285.0,63,-18.99372792963202,-37.543174316660775,2.9535119549157853,30.446427437288897,63,0.3996962602939199,0.3931942842071503,0.4028099443927725,0.00682759134315703
4,12,1,4,2026-09-16T10:16:27.237500+02:00,9.417216666666667,0.39999999999999997,290.0,63,-4.2179632098454265,-35.87494372714345,7.2866127177442905,37.365622736850206,63,0.398800427478806,0.39579290420499247,0.4025204702462778,0.005123554749246105
4,12,1,4,2026-09-16T10:16:27.237500+02:00,9.417216666666667,0.39999999999999997,295.0,63,-4.297809612956867,-43.88405765280694,16.84942693061999,47.73384227975246,63,0.3985503153197807,0.39513993020794336,0.4023072479165355,0.0053475058887714625
4,12,1,4,2026-09-16T10:16:27.237500+02:00,9.417216666666667,0.39999999999999997,300.0,63,-16.448528506226292,-51.94692032453359,13.174006896354385,46.13024386539259,63,0.3984952101250799,0.3943112972390752,0.40286273720870325,0.006369776782255716
5,13,1,5,2026-09-16T10:19:20.220500+02:00,12.300266666666666,0.19999999999999998,5.0,63,694.2964757509758,347.1528558050629,1304.8843493455347,632.7594574914408,63,0.06294005186763255,0.05357995680013637,0.0681540835445879,0.010990947842605485
5,13,1,5,2026-09-16T10:19:20.220500+02:00,12.300266666666666,0.19999999999999998,10.0,63,891.877035744698,647.5809494074358,1065.639755445362,289.60556052100935,63,0.09293104970611873,0.08587052603178527,0.11324428567579059,0.014604773358307427
5,13,1,5,2026-09-16T10:19:20.220500+02:00,12.300266666666666,0.19999999999999998,15.0,63,852.352162389659,744.4658462418317,964.8995511549051,165.00866465483588,63,0.16933180900892103,0.1618200212531611,0.1830922707575481,0.012917520307167788
5,13,1,5,2026-09-16T10:19:20.220500+02:00,12.300266666666666,0.19999999999999998,20.0,63,674.1701546962073,598.4966935119576,740.8714588678157,111.7261080496753,63,0.1700408162258429,0.16614395962532436,0.17554009926936193,0.006943141475161124
5,13,1,5,2026-09-16T10:19:20.220500+02:00,12.300266666666666,0.19999999999999998,25.0,63,533.2271028518139,486.23451485587873,613.7699236360593,100.4590023972911,63,0.17526887349786968,0.17229066899381407,0.17846736325194873,0.004562409103239263
5,13,1,5,2026-09-16T10:19:20.220500+02:00,12.300266666666666,0.19999999999999998,30.0,63,449.5647647237999,396.9693854077448,489.55709400197054,77.44448625343696,63,0.18118917414277463,0.1790261694033791,0.18302456705456566,0.0031020648495882703
5,13,1,5,2026-09-16T10:19:20.220500+02:00,12.300266666666666,0.19999999999999998,35.0,63,362.7592123534651,330.7656172509948,408.4023057553227,52.459212773771064,63,0.18548838037135487,0.18293835662466396,0.18765493840202993,0.0035884196156078874
5,13,1,5,2026-09-16T10:19:20.220500+02:00,12.300266666666666,0.19999999999999998,40.0,63,311.00255920068923,281.6235454421212,347.53694891999413,47.4697374305704,63,0.1875756584881531,0.18588985550049725,0.18973265795966437,0.002556982608607059
5,13,1,5,2026-09-16T10:19:20.220500+02:00,12.300266666666666,0.19999999999999998,45.0,63,266.5620904614681,240.21465567522003,292.75738776969774,39.559280042885824,63,0.1893199087846006,0.18709739401947115,0.19136651633939417,0.0032780805113912658
5,13,1,5,2026-09-16T10:19:20.220500+02:00,12.300266666666666,0.19999999999999998,50.0,63,219.177275015938,202.27062530049156,248.19250325201727,35.88358709039482,63,0.19107956671069515,0.18945693388103912,0.19252918815238035,0.0022814102505839106
5,13,1,5,2026-09-16T10:19:20.220500+02:00,12.300266666666666,0.19999999999999998,55.0,63,191.1425447933031,162.24880905916257,210.5024166375909,34.86992194308068,63,0.1932155091107656,0.19062740864405392,0.19449925935648393,0.0027632583003637224
5,13,1,5,2026-09-16T10:19:20.220500+02:00,12.300266666666666,0.19999999999999998,60.0,63,157.56285328605176,137.83566539207754,176.3286786239947,28.08807624004829,63,0.19443422915753913,0.19252066423472514,0.1959259667323892,0.0027793217864014778
5,13,1,5,2026-09-16T10:19:20.220500+02:00,12.300266666666666,0.19999999999999998,65.0,63,137.74199344445836,120.56979159528346,157.94405136868,29.63681856555015,63,0.19450897550436932,0.1927589298034208,0.19624864638029535,0.0026260828954834618
5,13,1,5,2026-09-16T10:19:20.220500+02:00,12.300266666666666,0.19999999999999998,70.0,63,124.41004488337154,103.16272495478442,144.69543737157642,31.24062635429518,63,0.1947835535540736,0.1929525908783536,0.1964145774979182,0.0026209863797485656
5,13,1,5,2026-09-16T10:19:20.220500+02:00,12.300266666666666,0.19999999999999998,75.0,63,96.78948786739534,79.16434762292714,121.63411844651861,31.21830704485939,63,0.1960393062721246,0.19499622702054753,0.1975693284942162,0.0019770737023422353
5,13,1,5,2026-09-16T10:19:20.220500+02:00,12.300266666666666,0.19999999999999998,80.0,63,84.87935321951036,67.66609840007645,106.36905090129875,27.20811757496588,63,0.197625843000054,0.19572955324042163,0.19883853281814068,0.002430002402055673
5,13,1,5,2026-09-16T10:19:20.220500+02:00,12.300266666666666,0.19999999999999998,85.0,63,78.10348068834608,64.60672711765399,100.15019670722644,21.0660362425981,63,0.19783243530889663,0.19578689035346597,0.1994883802259783,0.0026198871273744656
5,13,1,5,2026-09-16T10:19:20.220500+02:00,12.300266666666666,0.19999999999999998,90.0,63,68.7119394109025,55.515365384698214,92.81095089001323,23.9476140278373,63,0.1975005001712339,0.19608871048325857,0.1988932360833539,0.002087985623198574
5,13,1,5,2026-09-16T10:19:20.220500+02:00,12.300266666666666,0.19999999999999998,95.0,63,64.27415145559713,45.525089060790485,82.58874717341072,27.61803074582741,63,0.19741646141561955,0.19597181596689126,0.19894382362531265,0.0022163377608238155
5,13,1,5,2026-09-16T10:19:20.220500+02:00,12.300266666666666,0.19999999999999998,100.0,63,57.87884151216553,42.57733892626196,74.82431290468156,24.29061114526896,63,0.19775111247906216,0.1964693774826803,0.19922310298072565,0.0020353757942622296
5,13,1,5,2026-09-16T10:19:20.220500+02:00,12.300266666666666,0.19999999999999998,105.0,63,52.85337612157997,34.601821497415386,68.8513387467903,26.045210366055002,63,0.19839992676471893,0.19659197701132314,0.20021490720852192,0.002681252723591953
5,13,1,5,2026-09-16T10:19:20.220500+02:00,12.300266666666666,0.19999999999999998,110.0,63,36.65704023416562,24.594174979692745,50.165924696310285,20.290722895114683,63,0.19789907298086604,0.19615016755769216,0.1990660728366362,0.0024512028294069368
5,13,1,5,2026-09-16T10:19:20.220500+02:00,12.300266666666666,0.19999999999999998,115.0,63,36.349291239365115,17.894703057094773,60.91337200522186,29.563076907170583,63,0.1979444458262224,0.19639498984271847,0.19918394249814053,0.0022081301918417118
5,13,1,5,2026-09-16T10:19:20.220500+02:00,12.300266666666666,0.19999999999999998,120.0,63,30.53708316796547,17.86921265072447,53.118278638304915,26.299097745251217,63,0.19801597491381037,0.19653190322733496,0.1997015965359673,0.0024072151494296673
5,13,1,5,2026-09-16T10:19:20.220500+02:00,12.300266666666666,0.19999999999999998,125.0,63,25.319528853588526,4.348154930800979,39.811848727806016,24.40032332298329,63,0.19900532387194006,0.19754472803571005,0.20059562264168962,0.002352339757550966
5,13,1,5,2026-09-16T10:19:20.220500+02:00,12.300266666666666,0.19999999999999998,130.0,63,18.456918330222138,8.021258939224577,40.82005431870096,25.192805370032673,63,0.19863194347031413,0.19698937102754535,0.20042115992400925,0.002491169376118309
5,13,1,5,2026-09-16T10:19:20.220500+02:00,12.300266666666666,0.19999999999999998,135.0,63,23.788974702685948,-0.9694545243692447,42.24128922544196,32.82198920897249,63,0.19852157763039474,0.1972168917334653,0.2002818677498934,0.0021541526946052053
5,13,1,5,2026-09-16T10:19:20.220500+02:00,12.300266666666666,0.19999999999999998,140.0,63,15.384229899208638,2.0528885887998607,38.05510076037889,29.847826070706233,63,0.19891061036555224,0.1976032991378675,0.200802723789693,0.002179495217840818
5,13,1,5,2026-09-16T10:19:20.220500+02:00,12.300266666666666,0.19999999999999998,145.0,63,15.333362063339033,-2.1899860209547337,37.66754772879377,29.065728993151385,63,0.19894086908599729,0.19709077722184734,0.20064198996472,0.0027127000884339817
5,13,1,5,2026-09-16T10:19:20.220500+02:00,12.300266666666666,0.19999999999999998,150.0,63,19.94233822142364,-0.676194813189437,39.88238866122302,30.3641433040019,63,0.1987959754045833,0.19710692179226372,0.2003003434277152,0.0024056776518807275
5,13,1,5,2026-09-16T10:19:20.220500+02:00,12.300266666666666,0.19999999999999998,155.0,63,18.283385857383006,3.1409264606974423,31.87385374202039,22.647440972152463,63,0.19886038722100602,0.19755648588847008,0.2005592922511613,0.0024412138976197674
5,13,1,5,2026-09-16T10:19:20.220500+02:00,12.300266666666666,0.19999999999999998,160.0,63,6.37672524826119,-12.220736308661078,30.98423149865364,35.21978654033824,63,0.1991968360951085,0.19757022772995064,0.20091085194757127,0.00253971329434617
5,13,1,5,2026-09-16T10:19:20.220500+02:00,12.300266666666666,0.19999999999999998,165.0,63,5.694175486114689,-14.030682259908478,27.27006039786219,30.564765839664684,63,0.19881934533092796,0.19715719339138743,0.20011556849022885,0.0022601608520584544
5,13,1,5,2026-09-16T10:19:20.220500+02:00,12.300266666666666,0.19999999999999998,170.0,63,11.989952806778373,-6.820978546646917,37.38757692198768,30.82552069868511,63,0.19922761473590112,0.19627715007493207,0.20100677316676738,0.0031978748074820004
5,13,1,5,2026-09-16T10:19:20.220500+02:00,12.300266666666666,0.19999999999999998,175.0,63,7.729143118857107,-9.766426777442097,27.993677252375974,28.61980342807557,63,0.19931671316968663,0.19776542087711568,0.20091675962791866,0.0023642965971973147
5,13,1,5,2026-09-16T10:19:20.220500+02:00,12.300266666666666,0.19999999999999998,180.0,63,15.615606529660438,-12.811322898352655,26.44517390119905,30.52188596562662,63,0.19889033021101857,0.19735624686637115,0.20133996395924275,0.0031520816058416487
5,13,1,5,2026-09-16T10:19:20.220500+02:00,12.300266666666666,0.19999999999999998,185.0,63,11.325931251368196,-13.793501442743,36.01262016575897,37.18539326628203,63,0.19925244497505182,0.19778891035754587,0.20055823023943567,0.0020308932491817817
5,13,1,5,2026-09-16T10:19:20.220500+02:00,12.300266666666666,0.19999999999999998,190.0,63,9.45175794933374,-14.083908487946786,23.998363209748483,28.228692076983233,63,0.199105760224811,0.19749749250257992,0.20044882528238683,0.0023104076264482284
5,13,1,5,2026-09-16T10:19:20.220500+02:00,12.300266666666666,0.19999999999999998,195.0,63,2.24437026191348,-11.947148695029796,18.769850138948918,23.089932797313658,63,0.19957146829803127,0.19755228189507817,0.2011771843520677,0.0027578444008418785
5,13,1,5,2026-09-16T10:19:20.220500+02:00,12.300266666666666,0.19999999999999998,200.0,63,5.402666916425542,-13.018423623790374,16.01646258772807,22.455319036518393,63,0.19919912500715262,0.19772794258282841,0.20035888559413567,0.0021352291066071716
5,13,1,5,2026-09-16T10:19:20.220500+02:00,12.300266666666666,0.19999999999999998,205.0,63,7.04543534379031,-6.25874915141061,20.943652223228067,20.825925697932767,63,0.19933123347817872,0.19768798233587276,0.2012215724140085,0.0026471499459647828
5,13,1,5,2026-09-16T10:19:20.220500+02:00,12.300266666666666,0.19999999999999998,210.0,63,3.9554049631806465,-16.32823638353399,20.735958369220974,28.15495041860282,63,0.1998013599359185,0.19821932752324375,0.2012200367380028,0.0022196271024689323
5,13,1,5,2026-09-16T10:19:20.220500+02:00,12.300266666666666,0.19999999999999998,215.0,63,4.930621307936874,-10.641587981405188,20.533517939684028,23.1088183668365,63,0.19939328760240918,0.1978411820633666,0.2002234881671712,0.0017369146935766787
5,13,1,5,2026-09-16T10:19:20.220500+02:00,12.300266666666666,0.19999999999999998,220.0,63,-5.283476318218883,-16.20101030542476,10.616718947822292,21.297562437479435,63,0.19871384522403412,0.1975860589930218,0.2002136141572023,0.0020044072611317782
5,13,1,5,2026-09-16T10:19:20.220500+02:00,12.300266666666666,0.19999999999999998,225.0,63,-3.4613853534103916,-19.22970836755008,15.689648746057918,26.91482593652323,63,0.1994206856811577,0.19768199397645106,0.20089880620568423,0.0025110890747762856
5,13,1,5,2026-09-16T10:19:20.220500+02:00,12.300266666666666,0.19999999999999998,230.0,63,1.6866881857089202,-15.901353278962741,20.63937726719028,26.813739983466196,63,0.20020121596007606,0.19840714418038874,0.2014031802476236,0.002475171286446295
5,13,1,5,2026-09-16T10:19:20.220500+02:00,12.300266666666666,0.19999999999999998,235.0,63,1.350073600536868,-14.255675697186593,16.844201750366956,23.33176021193506,63,0.1996020705596231,0.19752233761803728,0.20129882274166533,0.002719218090551984
5,13,1,5,2026-09-16T10:19:20.220500+02:00,12.300266666666666,0.19999999999999998,240.0,63,-1.0735627103856804,-18.04102222629097,21.46711642982973,26.46894224632528,63,0.1993933439344508,0.19749749583747583,0.20079396320477988,0.00256746735023196
5,13,1,5,2026-09-16T10:19:20.220500+02:00,12.300266666666666,0.19999999999999998,245.0,63,-3.158268410294171,-16.364106539866487,15.04411303105653,23.594190066035765,63,0.19890482861394454,0.1975065210334125,0.2006152103513023,0.0022367575408272695
5,13,1,5,2026-09-16T10:19:20.220500+02:00,12.300266666666666,0.19999999999999998,250.0,63,-6.684445998843247,-22.801556855933548,4.870489368699387,22.29066702019202,63,0.19870413625043684,0.19718325281313387,0.2003840642645589,0.0024055702147061965
5,13,1,5,2026-09-16T10:19:20.220500+02:00,12.300266666666666,0.19999999999999998,255.0,63,-10.61327315327675,-24.392878440968424,-1.047535663881219,18.501870024947856,63,0.19975945088268582,0.1974238875003576,0.20103495947945965,0.0023715924188875775
5,13,1,5,2026-09-16T10:19:20.220500+02:00,12.300266666666666,0.19999999999999998,260.0,63,-1.7238010876145387,-19.053888113086977,17.518673666283902,28.451633922082205,63,0.20011401764647901,0.19836790358851158,0.20169296154106417,0.002505109810051383
5,13,1,5,2026-09-16T10:19:20.220500+02:00,12.300266666666666,0.19999999999999998,265.0,63,-1.7422728059148014,-22.841508301707236,17.938636937547027,32.89744773731022,63,0.19983422038987625,0.19779175581893144,0.201595876349362,0.0028209388116419818
5,13,1,5,2026-09-16T10:19:20.220500+02:00,12.300266666666666,0.19999999999999998,270.0,63,-7.480396294591534,-22.827612146655056,12.476388844126678,24.781091579461027,63,0.1988928629502412,0.19740204309927212,0.20100631926524018,0.00266530070642016
5,13,1,5,2026-09-16T10:19:20.220500+02:00,12.300266666666666,0.19999999999999998,275.0,63,-1.692506494530839,-18.55351355436121,19.333237547105945,29.605998656085255,63,0.19915895684019033,0.1976972514791503,0.20056514528071578,0.0021250516677613573
5,13,1,5,2026-09-16T10:19:20.220500+02:00,12.300266666666666,0.19999999999999998,280.0,63,2.4074806184640094,-17.030458243227326,22.987869837229567,30.302377860441005,63,0.19960344544090391,0.19764078429048126,0.20129534750907152,0.0025954727783036894
5,13,1,5,2026-09-16T10:19:20.220500+02:00,12.300266666666666,0.19999999999999998,285.0,63,-1.6508745178122106,-18.418139019478684,16.63248309535375,25.386560425868737,63,0.20047109534310625,0.19777020279266597,0.20136912805551307,0.0028461406918344817
5,13,1,5,2026-09-16T10:19:20.220500+02:00,12.300266666666666,0.19999999999999998,290.0,63,0.07171206844709285,-17.861713810955916,16.242049153574996,26.261326606206374,63,0.19925022444253482,0.1980948941177968,0.20134062946829795,0.0025011752198609407
5,13,1,5,2026-09-16T10:19:20.220500+02:00,12.300266666666666,0.19999999999999998,295.0,63,-1.8185886818280144,-12.508262443670809,15.268541583982735,17.918720487975506,63,0.19949506399653644,0.19800986294423195,0.2011487381818133,0.0024745864917371896
5,13,1,5,2026-09-16T10:19:20.220500+02:00,12.300266666666666,0.19999999999999998,300.0,63,-1.1962273473546434,-13.657011261266307,16.8621509506413,21.3163642572478,63,0.1987763148440701,0.19750539581214083,0.20039162544212294,0.0021312985663289887
6,14,1,6,2026-09-16T10:24:14.823000+02:00,17.210308333333334,0.09999999999999999,5.0,63,274.79217302340305,-13.602655264524746,756.7710751273971,477.19127447977627,63,0.025646281611623595,0.021735828091924363,0.030490294200876084,0.007153224506649208
6,14,1,6,2026-09-16T10:24:14.823000+02:00,17.210308333333334,0.09999999999999999,10.0,63,689.0106834069157,431.9408531027958,803.7410536271556,297.0443392942705,63,0.04123845382561559,0.03851649814843785,0.056561132129065515,0.01130110279581804
6,14,1,6,2026-09-16T10:24:14.823000+02:00,17.210308333333334,0.09999999999999999,15.0,63,665.3257886460266,573.8424007151359,732.4637625436002,114.77397097144252,63,0.08668369998408987,0.08415858876308734,0.09365811767450653,0.005141152086078659
6,14,1,6,2026-09-16T10:24:14.823000+02:00,17.210308333333334,0.09999999999999999,20.0,63,524.9334143118781,459.9750043189715,586.3124063660897,100.00616747751232,63,0.08776277176500843,0.08530613536900719,0.09001600060988879,0.003563832770076812
6,14,1,6,2026-09-16T10:24:14.823000+02:00,17.210308333333334,0.09999999999999999,25.0,63,406.38876136161906,364.3389538092897,469.02705010104944,76.13920446276175,63,0.089412007346958,0.0881610856681505,0.09082183646331173,0.0020626760359740877
6,14,1,6,2026-09-16T10:24:14.823000+02:00,17.210308333333334,0.09999999999999999,30.0,63,324.81576098519747,284.441725228481,367.23174069639833,62.50172952343649,63,0.09192867087704895,0.09097170369775777,0.0928205207456255,0.0014228580840710033
6,14,1,6,2026-09-16T10:24:14.823000+02:00,17.210308333333334,0.09999999999999999,35.0,63,260.2269689457085,223.8453098329922,297.1494624588426,54.76614162206381,63,0.09387649135575082,0.09274025955323964,0.09445043682074204,0.0011274800171885981
6,14,1,6,2026-09-16T10:24:14.823000+02:00,17.210308333333334,0.09999999999999999,40.0,63,212.27534854169386,182.73722098336498,245.57273909418774,47.96884408942355,63,0.09520075948042943,0.09431641735962935,0.09592204351017972,0.0012288058834495047
6,14,1,6,2026-09-16T10:24:14.823000+02:00,17.210308333333334,0.09999999999999999,45.0,63,176.57971322988553,154.92456092148677,203.90411550238076,38.72220125184224,63,0.0959937141589378,0.09505789718168264,0.09662934503525443,0.0011290479654019637
6,14,1,6,2026-09-16T10:24:14.823000+02:00,17.210308333333334,0.09999999999999999,50.0,63,146.70670810576604,128.17049413467527,166.4378784344196,28.105119314983988,63,0.09654399231576413,0.0957843968798013,0.09730321455862231,0.0011273583412540961
6,14,1,6,2026-09-16T10:24:14.823000+02:00,17.210308333333334,0.09999999999999999,55.0,63,117.78570257954831,94.54338058609957,137.20055179336487,32.40868417307294,63,0.09686915097776008,0.09639743518400996,0.09749888990701673,0.0007632248614709979
6,14,1,6,2026-09-16T10:24:14.823000+02:00,17.210308333333334,0.09999999999999999,60.0,63,92.54370410322936,71.89509097688838,109.28672094409993,27.139526526455274,63,0.09755104409261038,0.09707462161021246,0.0982291498861884,0.0009131356514867092
6,14,1,6,2026-09-16T10:24:14.823000+02:00,17.210308333333334,0.09999999999999999,65.0,63,76.07201533858385,61.5091696530576,95.33701485600585,25.787931121825796,63,0.0981372524821417,0.09770513631878061,0.09867981860008752,0.0007738179085821159
6,14,1,6,2026-09-16T10:24:14.823000+02:00,17.210308333333334,0.09999999999999999,70.0,63,65.91457561290285,56.57333728697699,83.1023682701842,21.216953299271882,63,0.0984347827801004,0.09791844448925847,0.09891590333932274,0.0007371690350099694
6,14,1,6,2026-09-16T10:24:14.823000+02:00,17.210308333333334,0.09999999999999999,75.0,63,52.59655145108511,38.29456935916876,65.90529738742589,20.270078580757513,63,0.09850880135198359,0.09788609420040399,0.09916439509794339,0.0009597409124448118
6,14,1,6,2026-09-16T10:24:14.823000+02:00,17.210308333333334,0.09999999999999999,80.0,63,48.7799668173331,32.78837326318736,69.76118384994697,29.633426700516335,63,0.0988587130921288,0.09819505558654251,0.09954062674128322,0.0009955559172600418
6,14,1,6,2026-09-16T10:24:14.823000+02:00,17.210308333333334,0.09999999999999999,85.0,63,37.884420953516205,21.664359923330192,51.505039540424804,23.937270933220624,63,0.09883948558481187,0.09811256012330832,0.09931884439170377,0.0009215507979181411
6,14,1,6,2026-09-16T10:24:14.823000+02:00,17.210308333333334,0.09999999999999999,90.0,63,31.597935980437875,16.423108710400296,45.125391015643714,21.904706278967847,63,0.0988565450698293,0.09823306297344048,0.09971964607184236,0.0010069167425546045
6,14,1,6,2026-09-16T10:24:14.823000+02:00,17.210308333333334,0.09999999999999999,95.0,63,24.23325624529013,11.035481839837857,32.66227695378152,18.673389521102614,63,0.09911446235045576,0.09853936852944652,0.09983704508333717,0.0010457907863472107
6,14,1,6,2026-09-16T10:24:14.823000+02:00,17.210308333333334,0.09999999999999999,100.0,63,19.29563037139202,3.5967881325102447,34.78806386816765,23.54109272201336,63,0.09951761134870563,0.0987895741965383,0.09991798231086653,0.0008418857594131768
6,14,1,6,2026-09-16T10:24:14.823000+02:00,17.210308333333334,0.09999999999999999,105.0,63,16.228788493419177,3.300040260458906,31.242200059961103,21.760614827242506,63,0.0994618973206828,0.09879914545578486,0.10029393993746546,0.0011308402112156627
6,14,1,6,2026-09-16T10:24:14.823000+02:00,17.210308333333334,0.09999999999999999,110.0,63,10.99846779269345,1.46231612121751,28.8422465254834,21.623474605097933,63,0.09949159411249156,0.09879632776287597,0.09999377342875013,0.0008659921820901604
6,14,1,6,2026-09-16T10:24:14.823000+02:00,17.210308333333334,0.09999999999999999,115.0,63,17.08023867672023,-0.5292683933150559,28.191513874446237,19.29590144244603,63,0.0993134020148731,0.0985515339995526,0.1000493257001168,0.001096738897724094
6,14,1,6,2026-09-16T10:24:14.823000+02:00,17.210308333333334,0.09999999999999999,120.0,63,7.472290204144654,-12.36359556120265,19.38013707040522,24.974930385050307,63,0.09938395326594172,0.0988653641782735,0.10010972687890524,0.0009000442591592562
6,14,1,6,2026-09-16T10:24:14.823000+02:00,17.210308333333334,0.09999999999999999,125.0,63,6.503965448479226,-8.464919109042057,21.085339340740113,21.920199983453934,63,0.09991501242151454,0.09891803862227869,0.10026032427856882,0.0008920369732480536
6,14,1,6,2026-09-16T10:24:14.823000+02:00,17.210308333333334,0.09999999999999999,130.0,63,4.4702123170926065,-10.95334765510301,15.838312185313733,22.613145447898,63,0.09970936310365777,0.09910886857581332,0.10028723369028227,0.0008793917207580773
6,14,1,6,2026-09-16T10:24:14.823000+02:00,17.210308333333334,0.09999999999999999,135.0,63,7.235151753305027,-5.668148439610792,24.045234488830012,21.402249629956682,63,0.09963286088812599,0.09913482553233777,0.10025512399888639,0.0008563484643582931
6,14,1,6,2026-09-16T10:24:14.823000+02:00,17.210308333333334,0.09999999999999999,140.0,63,0.6478658629521976,-9.966551181137035,15.505708279039691,20.39541008759108,63,0.0994414630343124,0.09890038072820541,0.10028889076162709,0.0009679868275701553
6,14,1,6,2026-09-16T10:24:14.823000+02:00,17.210308333333334,0.09999999999999999,145.0,63,5.8838918956294055,-8.32379687588065,22.131180351566456,22.91502143612299,63,0.09965777414271046,0.09904832319498562,0.10029879618435619,0.0009676580436514474
6,14,1,6,2026-09-16T10:24:14.823000+02:00,17.210308333333334,0.09999999999999999,150.0,63,2.4282966068244507,-15.069575193208944,16.05635754506597,21.086596807199978,63,0.09969936624330417,0.09903781518408174,0.10030986659540185,0.0009369944591958871
6,14,1,6,2026-09-16T10:24:14.823000+02:00,17.210308333333334,0.09999999999999999,155.0,63,4.109251216362307,-11.238557764270592,15.538104396608471,21.2290132638442,63,0.09970373166427833,0.09912446507129818,0.10038605100581385,0.0010065945300737882
6,14,1,6,2026-09-16T10:24:14.823000+02:00,17.210308333333334,0.09999999999999999,160.0,63,-0.09947613433214224,-7.723353054252799,15.577999353946792,15.383573560080062,63,0.09963132210507315,0.09910409875100147,0.10002488603101696,0.0007305028139118499
6,14,1,6,2026-09-16T10:24:14.823000+02:00,17.210308333333334,0.09999999999999999,165.0,63,-1.1198832272238208,-18.01440205121756,13.973402986647296,24.148194688622233,63,0.0995058417736998,0.09893195456905085,0.09999189023851882,0.0007867720413505816
6,14,1,6,2026-09-16T10:24:14.823000+02:00,17.210308333333334,0.09999999999999999,170.0,63,-2.742965434932527,-11.966806670468388,7.269863896717503,14.450517550974832,63,0.09962046574902975,0.09889454707601694,0.10031099766061588,0.001027147957679766
6,14,1,6,2026-09-16T10:24:14.823000+02:00,17.210308333333334,0.09999999999999999,175.0,63,1.3628399868859316,-14.543145343760964,11.548015534234649,19.700747753193472,63,0.09965704743106839,0.09896574942357175,0.10019137414839524,0.0009124168866624364
6,14,1,6,2026-09-16T10:24:14.823000+02:00,17.210308333333334,0.09999999999999999,180.0,63,-5.932500194092788,-17.8964118322586,5.979329106847899,17.868889384357512,63,0.09972697278757499,0.09911576163364343,0.10045111303011717,0.0010145744193002207
6,14,1,6,2026-09-16T10:24:14.823000+02:00,17.210308333333334,0.09999999999999999,185.0,63,-0.5044134818406841,-14.671021038874228,15.94184136487016,21.879036979373595,63,0.09967744496471143,0.0991189466920682,0.1003984640415751,0.000873923799460889
6,14,1,6,2026-09-16T10:24:14.823000+02:00,17.210308333333334,0.09999999999999999,190.0,63,-3.8257922486848206,-21.5654627954589,8.662176724651463,25.86347339991799,63,0.09981252928402383,0.0993439453193061,0.1003433143076045,0.0007395001372566931
6,14,1,6,2026-09-16T10:24:14.823000+02:00,17.210308333333334,0.09999999999999999,195.0,63,-7.753433145979854,-17.27054821480447,11.305087018790429,16.05939219983186,63,0.0997972905059401,0.09891930941548405,0.1003420617945529,0.001164936829740385
6,14,1,6,2026-09-16T10:24:14.823000+02:00,17.210308333333334,0.09999999999999999,200.0,63,-2.1702856791897265,-11.524304513572476,14.923241901903516,14.803899637898096,63,0.09970979374639136,0.09894105846415055,0.1002803369048918,0.0009045483611661911
6,14,1,6,2026-09-16T10:24:14.823000+02:00,17.210308333333334,0.09999999999999999,205.0,63,-3.750606141475424,-21.755758211433623,7.85290928031256,24.050500600603616,63,0.09965380612013595,0.09908751588767462,0.10024744337131294,0.0008868771052085523
6,14,1,6,2026-09-16T10:24:14.823000+02:00,17.210308333333334,0.09999999999999999,210.0,63,-2.582142860006112,-17.826422661084273,10.63869294910275,22.565198713744163,63,0.0997482387528692,0.09917953769122576,0.10042550278113477,0.0009466491760423494
6,14,1,6,2026-09-16T10:24:14.823000+02:00,17.210308333333334,0.09999999999999999,215.0,63,-2.6053031184261686,-18.610778705513304,8.5944894572102,21.861868279807226,63,0.09983111617115056,0.09920111982289895,0.10037319541022707,0.0008669733147783726
6,14,1,6,2026-09-16T10:24:14.823000+02:00,17.210308333333334,0.09999999999999999,220.0,63,-2.2200519905736886,-16.61399725494482,10.56871790003681,19.6749947038435,63,0.09959331570630048,0.09910160670506366,0.10035564006003159,0.0009756623430573322
6,14,1,6,2026-09-16T10:24:14.823000+02:00,17.210308333333334,0.09999999999999999,225.0,63,-6.9343508360305295,-18.183302472372116,6.0921365118796045,17.01476751837663,63,0.09969422318456879,0.09933297858328816,0.10046514032455897,0.0007662424961549458
6,14,1,6,2026-09-16T10:24:14.823000+02:00,17.210308333333334,0.09999999999999999,230.0,63,-1.83943291440522,-13.50083486013299,9.635684294244147,17.96842596696451,63,0.09978751090039863,0.09945931936866731,0.10026728819011743,0.0006394781709898303
6,14,1,6,2026-09-16T10:24:14.823000+02:00,17.210308333333334,0.09999999999999999,235.0,63,-2.133285754153982,-12.258343484374299,10.0024072153603,17.838027600014325,63,0.09971740672639459,0.09904791973708,0.10045730586570115,0.001028007711793998
6,14,1,6,2026-09-16T10:24:14.823000+02:00,17.210308333333334,0.09999999999999999,240.0,63,-0.6663375812524602,-9.889034925976686,14.348796882562233,19.63048170960344,63,0.09955104745005362,0.09904190031334642,0.10037686386800815,0.0010198928226449976
6,14,1,6,2026-09-16T10:24:14.823000+02:00,17.210308333333334,0.09999999999999999,245.0,63,-4.939885411304051,-18.213961570560024,5.522944917008617,17.520741657055623,63,0.09971394032985227,0.09915123149070468,0.10015974558211271,0.0007381309831234463
6,14,1,6,2026-09-16T10:24:14.823000+02:00,17.210308333333334,0.09999999999999999,250.0,63,0.7519740489689148,-12.62797555990282,9.951511135273085,16.026771670657677,63,0.09962319336996284,0.09936310636526471,0.10026392888909065,0.000807555666047454
6,14,1,6,2026-09-16T10:24:14.823000+02:00,17.210308333333334,0.09999999999999999,255.0,63,3.1652164878190603,-11.309662582039786,13.605522052609999,18.00272149121981,63,0.09970838190448372,0.09930358410494755,0.10046488575454032,0.0008057717334797442
6,14,1,6,2026-09-16T10:24:14.823000+02:00,17.210308333333334,0.09999999999999999,260.0,63,-4.851961161963763,-16.33404057024753,7.818239503227202,18.464098885901343,63,0.09976792277922912,0.09908641221493572,0.10036793917518028,0.0009662852821470455
6,14,1,6,2026-09-16T10:24:14.823000+02:00,17.210308333333334,0.09999999999999999,265.0,63,4.613664698203555,-9.658251424093558,13.96240186389812,18.56179297392246,63,0.0997468317468053,0.09921419154961372,0.10019015031309422,0.0006873964338983478
6,14,1,6,2026-09-16T10:24:14.823000+02:00,17.210308333333334,0.09999999999999999,270.0,63,-3.546993576909801,-15.234987453491403,5.299688499112641,17.028460603150105,63,0.09979784687353101,0.0990984213187178,0.10028663255117543,0.0010172504366564666
6,14,1,6,2026-09-16T10:24:14.823000+02:00,17.210308333333334,0.09999999999999999,275.0,63,-2.689781573220916,-15.055085909587955,9.246945005520136,18.306230599646803,63,0.099686851261343,0.09926936537040248,0.10059299459910984,0.0008821410189967162
6,14,1,6,2026-09-16T10:24:14.823000+02:00,17.210308333333334,0.09999999999999999,280.0,63,6.697240629409921,-6.594812974339419,13.208733161874889,14.181345841678072,63,0.09994929687243997,0.0992797559680843,0.10054639628935919,0.000990863373943054
6,14,1,6,2026-09-16T10:24:14.823000+02:00,17.210308333333334,0.09999999999999999,285.0,63,0.8537662091433446,-12.245026335783683,14.891438912903407,20.513832239719665,63,0.0999498582602477,0.0994170591641419,0.10034924248219322,0.0006748869621730118
6,14,1,6,2026-09-16T10:24:14.823000+02:00,17.210308333333334,0.09999999999999999,290.0,63,4.541896141322935,-4.872777150323923,16.210246164574748,16.802043143266598,63,0.0999627005314853,0.09917854029452493,0.10041031060578616,0.0009394487807705354
6,14,1,6,2026-09-16T10:24:14.823000+02:00,17.210308333333334,0.09999999999999999,295.0,63,5.583090978354909,-2.419611509917,16.787515605674727,14.58594090316084,63,0.0996954888981716,0.09905877742044067,0.10012180064286291,0.0007912542398867689
6,14,1,6,2026-09-16T10:24:14.823000+02:00,17.210308333333334,0.09999999999999999,300.0,63,0.9243767531033851,-8.965265423550639,16.12695396691876,19.431492294141822,63,0.09963874836091126,0.09900735492038915,0.10013480618509675,0.0008577513440711166
7,15,2,1,2026-09-16T10:28:49.604000+02:00,21.789991666666666,0.19999999999999998,5.0,62,1056.2921339262625,638.8186963588284,1389.1398513480954,601.067754962202,62,0.06025566507804267,0.05209721930610801,0.06951385091276606,0.013303549876701556
7,15,2,1,2026-09-16T10:28:49.604000+02:00,21.789991666666666,0.19999999999999998,10.0,62,939.0970038142965,826.1831675090549,1110.7075918066228,244.4873277452909,62,0.08934425961089891,0.077838966651789,0.10421235623853126,0.018038184772865423
7,15,2,1,2026-09-16T10:28:49.604000+02:00,21.789991666666666,0.19999999999999998,15.0,62,859.5144016952701,735.7073779183806,969.7046410377875,182.1305481085559,62,0.16951047772128677,0.15850166779573796,0.18112464013170576,0.016607262530437716
7,15,2,1,2026-09-16T10:28:49.604000+02:00,21.789991666666666,0.19999999999999998,20.0,62,685.5220988719711,631.6255084517995,770.3450625110729,119.79692527879477,62,0.17017315617114998,0.16562137514007974,0.17543326075456872,0.0073339969635382715
7,15,2,1,2026-09-16T10:28:49.604000+02:00,21.789991666666666,0.19999999999999998,25.0,62,539.2822111944404,503.32714568306454,612.9571750919027,80.4580955258275,62,0.17436865412598568,0.17204437542547804,0.17880896785430925,0.004588653870311021
7,15,2,1,2026-09-16T10:28:49.604000+02:00,21.789991666666666,0.19999999999999998,30.0,62,440.36929480482803,403.11622390803154,490.20754421083194,66.5632994673985,62,0.179658917002892,0.17762245514170438,0.18346962378352014,0.003795492961392089
7,15,2,1,2026-09-16T10:28:49.604000+02:00,21.789991666666666,0.19999999999999998,35.0,62,369.2799831114062,322.86496112085644,402.76711831763294,61.760732637648694,62,0.18462883030845012,0.18294229107707755,0.18691014570776127,0.003203550155363745
7,15,2,1,2026-09-16T10:28:49.604000+02:00,21.789991666666666,0.19999999999999998,40.0,62,297.81411950914946,274.8282903166398,340.4776597874786,47.42426131416002,62,0.18789774001594828,0.18620293814689046,0.19007557380241683,0.0028300100742317674
7,15,2,1,2026-09-16T10:28:49.604000+02:00,21.789991666666666,0.19999999999999998,45.0,62,259.45650905633124,230.00369315721557,291.0798718936491,45.734840339407775,62,0.18997294564044453,0.18827306996275808,0.19165437706502636,0.0025178368746036433
7,15,2,1,2026-09-16T10:28:49.604000+02:00,21.789991666666666,0.19999999999999998,50.0,62,217.9012577539073,199.37406074928026,244.86039874354518,36.44100451545542,62,0.19164049267186578,0.18950599350976896,0.1937957156146764,0.003232127519618256
7,15,2,1,2026-09-16T10:28:49.604000+02:00,21.789991666666666,0.19999999999999998,55.0,62,190.13488996465045,159.889032924199,212.59806697181386,33.945429346317866,62,0.19226192896476596,0.19086729026910565,0.1943824554878646,0.0025748009958802376
7,15,2,1,2026-09-16T10:28:49.604000+02:00,21.789991666666666,0.19999999999999998,60.0,62,161.36148871952943,140.78456647847202,186.2370537779617,34.085228623151394,62,0.19405972014457784,0.19284095584937472,0.196081319447591,0.0020016060655019515
7,15,2,1,2026-09-16T10:28:49.604000+02:00,21.789991666666666,0.19999999999999998,65.0,62,135.7185635745994,116.92183906261857,155.89519464194115,28.36763291883793,62,0.1953992515477531,0.1935077726789623,0.19675829284390212,0.0024219747086355508
7,15,2,1,2026-09-16T10:28:49.604000+02:00,21.789991666666666,0.19999999999999998,70.0,62,126.91356996373193,110.37417274848204,142.19741285259073,24.479257466111385,62,0.19556713898142453,0.19443857047627908,0.19697778908347768,0.0017425602222273854
7,15,2,1,2026-09-16T10:28:49.604000+02:00,21.789991666666666,0.19999999999999998,75.0,62,108.56421973618043,85.23220822979323,119.64976445168702,27.589744266419963,62,0.19589611353589786,0.1946526011341013,0.19744286166763622,0.002030378408195638
7,15,2,1,2026-09-16T10:28:49.604000+02:00,21.789991666666666,0.19999999999999998,80.0,62,92.111595818405,76.6270283362267,117.93755055433655,30.229473699600725,62,0.19686251217354173,0.19493308329733616,0.1981448229668726,0.002265179270252042
7,15,2,1,2026-09-16T10:28:49.604000+02:00,21.789991666666666,0.19999999999999998,85.0,62,81.49258908895803,63.308107420501216,97.19871833597742,23.487911628233558,62,0.19710434487733852,0.19553844708926116,0.19911057313986563,0.0026425451613405616
7,15,2,1,2026-09-16T10:28:49.604000+02:00,21.789991666666666,0.19999999999999998,90.0,62,67.9385421228961,53.59577538078772,91.16525918612953,27.71928419839171,62,0.1974417428601019,0.19598767004619333,0.1988247787530315,0.002149278932242977
7,15,2,1,2026-09-16T10:28:49.604000+02:00,21.789991666666666,0.19999999999999998,95.0,62,64.56968482629182,42.27077618859978,82.39434222377734,29.888968137349924,62,0.19829992394062246,0.19618245930835468,0.19977257305072918,0.0026459143396261936
7,15,2,1,2026-09-16T10:28:49.604000+02:00,21.789991666666666,0.19999999999999998,100.0,62,58.99988275231049,37.7522450762752,75.18148221920009,29.56050160223524,62,0.19766078413286103,0.1959601877632294,0.19904982671525304,0.0024547551650262243
7,15,2,1,2026-09-16T10:28:49.604000+02:00,21.789991666666666,0.19999999999999998,105.0,62,54.15022349407951,26.650558790419737,68.2297894335727,31.927458086696102,62,0.19799563298065898,0.19640442250778373,0.199522304807569,0.002330653190241658
7,15,2,1,2026-09-16T10:28:49.604000+02:00,21.789991666666666,0.19999999999999998,110.0,62,40.66270578253826,22.868135537834416,61.46228425186698,30.021878996918037,62,0.19800105281440394,0.19669478036342397,0.19977510287591044,0.0023703196676227597
7,15,2,1,2026-09-16T10:28:49.604000+02:00,21.789991666666666,0.19999999999999998,115.0,62,38.466364812626466,20.676405436443634,55.227288487445946,25.642185612459308,62,0.19910868613402166,0.19724048587064513,0.20017173531639548,0.002109583335538024
7,15,2,1,2026-09-16T10:28:49.604000+02:00,21.789991666666666,0.19999999999999998,120.0,62,34.12923924879199,16.993168814961436,55.42397415764911,29.057186518244812,62,0.19870877622006797,0.19699243443896164,0.20005414084132972,0.002330933302389299
7,15,2,1,2026-09-16T10:28:49.604000+02:00,21.789991666666666,0.19999999999999998,125.0,62,32.46041553070515,18.495083329232934,53.936202935333384,28.638605247845614,62,0.19942266740865244,0.197381751729159,0.20033654357407896,0.002113185202571153
7,15,2,1,2026-09-16T10:28:49.604000+02:00,21.789991666666666,0.19999999999999998,130.0,62,33.46285930121297,18.842416594977358,48.69321470302121,22.5530759368536,62,0.19845198094465083,0.19633047364836295,0.20042363234671096,0.0031173896979247834
7,15,2,1,2026-09-16T10:28:49.604000+02:00,21.789991666666666,0.19999999999999998,135.0,62,31.07272063234597,8.995938643846928,47.726047960276645,26.553780747108046,62,0.1983790408442785,0.1961644127786072,0.20017146257524834,0.0030267753284525323
7,15,2,1,2026-09-16T10:28:49.604000+02:00,21.789991666666666,0.19999999999999998,140.0,62,22.121337241738992,5.594649924402224,36.89042220406573,24.029919098562196,62,0.1979759633934398,0.19712234490184563,0.19990777545355518,0.0021864493279203263
7,15,2,1,2026-09-16T10:28:49.604000+02:00,21.789991666666666,0.19999999999999998,145.0,62,18.445931329582187,3.895258901834495,30.28402203946294,19.46660437849728,62,0.19922749060125924,0.1969510288869023,0.20121591269763298,0.003163451164713088
7,15,2,1,2026-09-16T10:28:49.604000+02:00,21.789991666666666,0.19999999999999998,150.0,62,18.23476343681124,7.6704163294452,37.38349563254705,22.017977821227017,62,0.20032809196283674,0.197912433491131,0.20171792559872162,0.0032466911253260116
7,15,2,1,2026-09-16T10:28:49.604000+02:00,21.789991666666666,0.19999999999999998,155.0,62,21.442275640463734,5.25341034860021,33.806457269182,20.139763963563038,62,0.19955843835022105,0.1979842351989994,0.20114213824905414,0.002395369882347651
7,15,2,1,2026-09-16T10:28:49.604000+02:00,21.789991666666666,0.19999999999999998,160.0,62,15.536353255118373,3.73703479492604,39.018786403306684,24.14400720092363,62,0.19886543645379173,0.19687643989280917,0.2004983422552968,0.0026699993752973975
7,15,2,1,2026-09-16T10:28:49.604000+02:00,21.789991666666666,0.19999999999999998,165.0,62,17.508830556455734,2.775919375799023,35.90822247651225,23.48699038093894,62,0.19836833654317299,0.19673604914339107,0.1999799285082949,0.00246218045582244
7,15,2,1,2026-09-16T10:28:49.604000+02:00,21.789991666666666,0.19999999999999998,170.0,62,6.032611823320721,-5.94379788112644,24.05306519815541,22.203965087382567,62,0.199193477333464,0.19726299888696522,0.20069017131435565,0.0024831342058928233
7,15,2,1,2026-09-16T10:28:49.604000+02:00,21.789991666666666,0.19999999999999998,175.0,62,4.565056399741018,-14.439354905192985,17.438558943105598,21.83274430285881,62,0.1991027818659976,0.19759506290493783,0.20103417530378503,0.002527235114216672
7,15,2,1,2026-09-16T10:28:49.604000+02:00,21.789991666666666,0.19999999999999998,180.0,62,12.99061719157877,-1.5019356974340692,22.60317653267424,18.72307406265164,62,0.19888103825005032,0.1979281040706491,0.20116167687343595,0.00247414766128331
7,15,2,1,2026-09-16T10:28:49.604000+02:00,21.789991666666666,0.19999999999999998,185.0,62,7.616349835934068,-10.086003038355102,23.98911322848955,25.958571245561707,62,0.19908792240300133,0.19723100599947832,0.20094932296098916,0.0028147933453131356
7,15,2,1,2026-09-16T10:28:49.604000+02:00,21.789991666666666,0.19999999999999998,190.0,62,0.07866014597254634,-13.385125361744095,22.139279380959,21.848991755131404,62,0.1991690739531655,0.19759494242774314,0.20048924325617634,0.0022815253431304194
7,15,2,1,2026-09-16T10:28:49.604000+02:00,21.789991666666666,0.19999999999999998,195.0,62,8.262450435287223,-16.12405187356199,18.645780352154233,21.895326306521962,62,0.19946896654175958,0.19815893615257826,0.20116706510828192,0.002319599977304057
7,15,2,1,2026-09-16T10:28:49.604000+02:00,21.789991666666666,0.19999999999999998,200.0,62,6.846991471041587,-13.227501444459632,25.266323808712933,29.687445291831267,62,0.19947780759883035,0.19785449788282378,0.2014535056176045,0.0026417979164653905
7,15,2,1,2026-09-16T10:28:49.604000+02:00,21.789991666666666,0.19999999999999998,205.0,62,8.378152872622067,-5.688653741577247,19.25890582747818,20.387642297910148,62,0.19942583344442544,0.1978064132667331,0.20077641750396097,0.0021875658491147766
7,15,2,1,2026-09-16T10:28:49.604000+02:00,21.789991666666666,0.19999999999999998,210.0,62,5.622449295559779,-8.35067830996674,18.108088120944267,20.13725147094304,62,0.19972970406684365,0.19783797136098324,0.20152820890249712,0.0027428143934688214
7,15,2,1,2026-09-16T10:28:49.604000+02:00,21.789991666666666,0.19999999999999998,215.0,62,14.533344600258921,-5.334676023645893,24.41774747455146,18.65102833678897,62,0.19955670559994398,0.19778372262822114,0.2008840626081953,0.002501549066944369
7,15,2,1,2026-09-16T10:28:49.604000+02:00,21.789991666666666,0.19999999999999998,220.0,62,4.754222047013055,-10.864879704573386,21.572665070941994,24.635304195216264,62,0.19872610509046798,0.19743276593321943,0.20008267229080673,0.0019396788630085975
7,15,2,1,2026-09-16T10:28:49.604000+02:00,21.789991666666666,0.19999999999999998,225.0,62,1.2644653770391505,-12.88017523976897,10.808426574676929,17.439253146431323,62,0.19879153522942505,0.1971404916915197,0.20070802202566013,0.0025963405986075714
7,15,2,1,2026-09-16T10:28:49.604000+02:00,21.789991666666666,0.19999999999999998,230.0,62,0.4725822486232496,-11.207898666082684,14.049492908820056,19.06012494755077,62,0.199033377979908,0.1981703687479236,0.20126718375415492,0.0020393531820523093
7,15,2,1,2026-09-16T10:28:49.604000+02:00,21.789991666666666,0.19999999999999998,235.0,62,-3.3063810873075865,-14.612308371570983,14.887936629923212,21.681722558992256,62,0.19941679329693981,0.1979290774615887,0.20123857835022033,0.0025626683329505223
7,15,2,1,2026-09-16T10:28:49.604000+02:00,21.789991666666666,0.19999999999999998,240.0,62,1.6803897251873576,-13.504301837841103,16.01501507157678,22.301826674909286,62,0.19895773764305882,0.19779133401753457,0.20049076219439055,0.002051910954608201
7,15,2,1,2026-09-16T10:28:49.604000+02:00,21.789991666666666,0.19999999999999998,245.0,62,2.31373806030124,-11.727069751611506,15.592749896580031,20.87567305179754,62,0.19947094576210392,0.19770678798467411,0.20052638654271965,0.0022317108598927213
7,15,2,1,2026-09-16T10:28:49.604000+02:00,21.789991666666666,0.19999999999999998,250.0,62,-4.916753397102449,-23.377124582924317,15.419817613365034,28.54939082241615,62,0.1990015323211849,0.19729117927803816,0.20052630577979144,0.002532566272344096
7,15,2,1,2026-09-16T10:28:49.604000+02:00,21.789991666666666,0.19999999999999998,255.0,62,-0.6715768836146531,-18.687136947752514,13.790062709251934,23.285509410298552,62,0.19934668125821298,0.19753601974580068,0.20137473387651417,0.00293486265966198
7,15,2,1,2026-09-16T10:28:49.604000+02:00,21.789991666666666,0.19999999999999998,260.0,62,-3.3908312978850064,-22.775579236809698,12.35925301274949,25.384047933249988,62,0.19943626389524466,0.19834655340550156,0.2008203300516594,0.0019423002701643042
7,15,2,1,2026-09-16T10:28:49.604000+02:00,21.789991666666666,0.19999999999999998,265.0,62,-3.00443627922061,-20.554637553383,15.26045667669871,27.43627284224917,62,0.19921137309152562,0.19777363834753023,0.20092818644425475,0.002451089656035112
7,15,2,1,2026-09-16T10:28:49.604000+02:00,21.789991666666666,0.19999999999999998,270.0,62,5.769403959650923,-14.014498323233033,16.21951732899668,21.132072923611258,62,0.1993560369796363,0.19822864688383804,0.2012768861388219,0.002456348743111932
7,15,2,1,2026-09-16T10:28:49.604000+02:00,21.789991666666666,0.19999999999999998,275.0,62,-2.043045478972253,-15.498491881446387,17.570445317116025,24.452687856659995,62,0.19988296651817003,0.1978549844973203,0.20132748571426282,0.0026628510907887376
7,15,2,1,2026-09-16T10:28:49.604000+02:00,21.789991666666666,0.19999999999999998,280.0,62,0.14459627192342955,-19.155652029043658,17.179997253229033,26.060683133104874,62,0.19958924639678977,0.19809834783604544,0.20104151029039424,0.0022430820220713755
7,15,2,1,2026-09-16T10:28:49.604000+02:00,21.789991666666666,0.19999999999999998,285.0,62,-2.378558539657816,-19.174180235779282,12.311244903910941,22.89439805920663,62,0.1991203661209836,0.1972750514384856,0.20027764312283733,0.0023268831813277415
7,15,2,1,2026-09-16T10:28:49.604000+02:00,21.789991666666666,0.19999999999999998,290.0,62,-4.535004552230728,-17.35554918762471,9.480079838516366,20.460588333627037,62,0.19927494870963647,0.19784139335818388,0.20053279749260075,0.002096740887748434
7,15,2,1,2026-09-16T10:28:49.604000+02:00,21.789991666666666,0.19999999999999998,295.0,62,-7.14955765191541,-21.073476769355263,14.260886755330048,27.104351629782826,62,0.1990688205801995,0.19744945983789655,0.20104019929717312,0.0026722704690854207
7,15,2,1,2026-09-16T10:28:49.604000+02:00,21.789991666666666,0.19999999999999998,300.0,62,-7.895148507710216,-22.791191228080027,7.974973727657533,23.470742928665928,62,0.19976079186621248,0.19802955034627676,0.20061314397380164,0.002023977822829682
8,16,2,2,2026-09-16T10:31:34.396000+02:00,24.536524999999997,0.39999999999999997,5.0,62,1773.0304058116901,1163.978283304068,2225.7691003644354,740.5028041156504,63,0.15540764441793423,0.12973563415457445,0.18139871330033308,0.03830178201177555
8,16,2,2,2026-09-16T10:31:34.396000+02:00,24.536524999999997,0.39999999999999997,10.0,63,1359.4869463505568,1171.6061850249953,1628.7485626403118,380.31353718736193,63,0.20606550482772537,0.17550479365958782,0.28805441184502667,0.05426552975334244
8,16,2,2,2026-09-16T10:31:34.396000+02:00,24.536524999999997,0.39999999999999997,15.0,63,1183.8801616838025,995.618272886157,1292.5502407474899,217.64961439474703,63,0.31730907249993845,0.2978977275882943,0.3411218765488234,0.034982366188210434
8,16,2,2,2026-09-16T10:31:34.396000+02:00,24.536524999999997,0.39999999999999997,20.0,63,938.0077514410426,857.3163660723037,1053.733108958349,154.45154754182948,63,0.33189962807675427,0.31409038608492323,0.3410582070138,0.021773092557675136
8,16,2,2,2026-09-16T10:31:34.396000+02:00,24.536524999999997,0.39999999999999997,25.0,63,769.1548935483909,702.5276880816153,873.7157213957153,115.7121357155444,63,0.34038621020447596,0.3306819031792561,0.3482873055407003,0.014228245023638045
8,16,2,2,2026-09-16T10:31:34.396000+02:00,24.536524999999997,0.39999999999999997,30.0,63,660.5860700047449,562.0479685045857,722.5782157784964,140.81750634242067,63,0.3530457008801027,0.3449511003493716,0.3595286834348538,0.0100676777551861
8,16,2,2,2026-09-16T10:31:34.396000+02:00,24.536524999999997,0.39999999999999997,35.0,63,564.8643830273465,486.21484275833075,621.6829648556097,102.63381600867908,63,0.3615814843384553,0.3522237319972841,0.36773825318237097,0.00994412967690052
8,16,2,2,2026-09-16T10:31:34.396000+02:00,24.536524999999997,0.39999999999999997,40.0,63,477.41099303827633,397.8006127312558,534.1474124375854,100.33886337520319,63,0.3689412833466371,0.3634504678544599,0.37411194251464486,0.008039640532753802
8,16,2,2,2026-09-16T10:31:34.396000+02:00,24.536524999999997,0.39999999999999997,45.0,63,397.18343421070915,367.13106418281933,474.44125478035846,85.48186639328138,63,0.37015704741096905,0.36684198419519387,0.37884129997732824,0.010983551114827184
8,16,2,2,2026-09-16T10:31:34.396000+02:00,24.536524999999997,0.39999999999999997,50.0,63,348.3606774037363,316.3016828154497,377.28388597892524,47.3530321483986,63,0.3780088688531658,0.3715792127667019,0.3830426477056984,0.00896478396379701
8,16,2,2,2026-09-16T10:31:34.396000+02:00,24.536524999999997,0.39999999999999997,55.0,63,298.095262450984,255.28708353440442,336.64374732623753,60.06101044315646,63,0.37981173058723555,0.37531934208852324,0.38702519410510594,0.007989541452107184
8,16,2,2,2026-09-16T10:31:34.396000+02:00,24.536524999999997,0.39999999999999997,60.0,63,276.67555394037026,243.57943168238296,330.1009743227975,70.18576945123517,63,0.3853193631731669,0.3789633593717779,0.3898642564707269,0.0077570328077554655
8,16,2,2,2026-09-16T10:31:34.396000+02:00,24.536524999999997,0.39999999999999997,65.0,63,237.81698992236676,188.82993650170485,284.71935176522766,70.30410785360965,63,0.3856542771515166,0.38077210485681956,0.39300030312147893,0.009951505118519399
8,16,2,2,2026-09-16T10:31:34.396000+02:00,24.536524999999997,0.39999999999999997,70.0,63,209.6052249439117,167.9707627332717,245.49001178088366,55.064667620132404,63,0.386977145305307,0.3825339087325722,0.3922778482473285,0.007740783817010483
8,16,2,2,2026-09-16T10:31:34.396000+02:00,24.536524999999997,0.39999999999999997,75.0,63,184.36554249343504,157.59234024920903,212.44423484074002,41.63987518104811,63,0.3888984103675021,0.38302581309974093,0.39609173880031256,0.010536376933188327
8,16,2,2,2026-09-16T10:31:34.396000+02:00,24.536524999999997,0.39999999999999997,80.0,63,168.5139272816388,130.7561533997714,202.15086981793328,51.563886028830815,63,0.39178653207392916,0.38497274402556514,0.3971670545617,0.009808308732841652
8,16,2,2,2026-09-16T10:31:34.396000+02:00,24.536524999999997,0.39999999999999997,85.0,63,150.87609126136624,106.92608336049969,196.96743451839902,68.53233993325642,63,0.3918791166621268,0.3874061407754382,0.3982506955107741,0.009054506297273288
8,16,2,2,2026-09-16T10:31:34.396000+02:00,24.536524999999997,0.39999999999999997,90.0,63,150.00261058834892,103.69837654127386,179.69574241278232,52.07501077738048,63,0.3943151859944047,0.38888634108338815,0.3998289906640107,0.008329856199282977
8,16,2,2,2026-09-16T10:31:34.396000+02:00,24.536524999999997,0.39999999999999997,95.0,63,131.07712068840104,84.59884577256983,163.63708296398303,61.61670399823912,63,0.3938818389719799,0.38956621212088044,0.39709897430474717,0.006261059706731288
8,16,2,2,2026-09-16T10:31:34.396000+02:00,24.536524999999997,0.39999999999999997,100.0,63,120.90815732194548,78.04450676203015,168.801975934674,70.3778913868684,63,0.3956627567533905,0.39024995874010593,0.39882959291734416,0.005368900991964619
8,16,2,2,2026-09-16T10:31:34.396000+02:00,24.536524999999997,0.39999999999999997,105.0,63,103.19858098900741,64.24926829990599,139.78444579486109,56.57048819671628,63,0.3940350268816863,0.3885634698878102,0.4006480641583071,0.008827650706739996
8,16,2,2,2026-09-16T10:31:34.396000+02:00,24.536524999999997,0.39999999999999997,110.0,63,92.85026684089168,58.49199523170638,135.39639590672206,58.91007944906807,63,0.39577660097155565,0.38912218384832536,0.4020166849335231,0.009333240573803152
8,16,2,2,2026-09-16T10:31:34.396000+02:00,24.536524999999997,0.39999999999999997,115.0,63,78.97809113006605,50.88030569167422,134.4917336174918,66.1978992907778,63,0.39629018676388905,0.3909947104491797,0.40157451502555785,0.007896040181780029
8,16,2,2,2026-09-16T10:31:34.396000+02:00,24.536524999999997,0.39999999999999997,120.0,63,92.87455686801442,43.4872546399624,118.11316603822249,61.04381380613069,63,0.39427923479283283,0.3909716399872196,0.39904846186993903,0.006846635001251723
8,16,2,2,2026-09-16T10:31:34.396000+02:00,24.536524999999997,0.39999999999999997,125.0,63,74.04286601466279,44.14956742020986,111.877563023123,54.88108815940783,63,0.3948071295626105,0.3891118791731373,0.4004022385166325,0.008353190418650748
8,16,2,2,2026-09-16T10:31:34.396000+02:00,24.536524999999997,0.39999999999999997,130.0,63,68.4643223553399,24.560634971311487,95.79166202646313,52.83311355041966,63,0.3964434479646276,0.389034325396146,0.40036919358380946,0.00771795007166538
8,16,2,2,2026-09-16T10:31:34.396000+02:00,24.536524999999997,0.39999999999999997,135.0,63,64.38512298648648,24.87120838786985,99.21950737149228,58.52939494234355,63,0.39684794148017,0.39228519126816913,0.40060380405307083,0.00649757555316414
8,16,2,2,2026-09-16T10:31:34.396000+02:00,24.536524999999997,0.39999999999999997,140.0,63,48.0395728975728,13.61943232976985,93.68266629943162,58.417798395164226,63,0.3956390476392948,0.38944881888451466,0.4010863816224404,0.008546565039250966
8,16,2,2,2026-09-16T10:31:34.396000+02:00,24.536524999999997,0.39999999999999997,145.0,63,43.66194512572182,-9.636249178594927,82.77096474315759,69.11033886036147,63,0.39739828950934897,0.39291082807456623,0.4020662455928568,0.0068288713736919405
8,16,2,2,2026-09-16T10:31:34.396000+02:00,24.536524999999997,0.39999999999999997,150.0,63,42.59295797858635,2.0714167955354834,89.4177894441774,68.27673568410331,63,0.39879172105706234,0.39323203645031035,0.4031565319666059,0.007951344071266752
8,16,2,2,2026-09-16T10:31:34.396000+02:00,24.536524999999997,0.39999999999999997,155.0,63,50.90864876401984,12.42029582800425,84.12739329265067,55.23614524140888,63,0.3984699230657456,0.39140473859092184,0.4037925871490615,0.009783058068842436
8,16,2,2,2026-09-16T10:31:34.396000+02:00,24.536524999999997,0.39999999999999997,160.0,63,43.60754676265554,-8.57656850115318,72.93857359554644,63.91676536670756,63,0.39812148004424325,0.39194896324963957,0.4056438584890377,0.010424589320616873
8,16,2,2,2026-09-16T10:31:34.396000+02:00,24.536524999999997,0.39999999999999997,165.0,63,38.17482799871942,7.881252352658745,93.21063481305106,67.89596742762892,63,0.39716598757404525,0.3919711425855233,0.40242850388591617,0.007983065620851392
8,16,2,2,2026-09-16T10:31:34.396000+02:00,24.536524999999997,0.39999999999999997,170.0,63,28.649070199314764,-8.877341174209505,64.84676060079492,56.11086954686655,63,0.39725858100266087,0.3924108847955552,0.40155972956140196,0.006732256461765686
8,16,2,2,2026-09-16T10:31:34.396000+02:00,24.536524999999997,0.39999999999999997,175.0,63,34.08986680947986,11.443907348218497,75.03313652739274,55.26533203067096,63,0.396844571386196,0.3904983091011544,0.40104703971590294,0.007860987748714807
8,16,2,2,2026-09-16T10:31:34.396000+02:00,24.536524999999997,0.39999999999999997,180.0,63,19.579117583287964,-12.135128085162656,59.208734619239436,54.44374694411354,63,0.3977880783614822,0.393610455709522,0.4019775098389876,0.006384080977776699
8,16,2,2,2026-09-16T10:31:34.396000+02:00,24.536524999999997,0.39999999999999997,185.0,63,22.165892494977523,-27.77155060318269,59.68128862364452,66.53239580818034,63,0.39588176786369955,0.39008119396425917,0.40072333497006163,0.008597832713775457
8,16,2,2,2026-09-16T10:31:34.396000+02:00,24.536524999999997,0.39999999999999997,190.0,63,24.52936862244427,-3.1721504432366956,49.81654372479029,39.02926972481619,63,0.3966409724186354,0.39141425228030924,0.40139561161555015,0.007365719232960953
8,16,2,2,2026-09-16T10:31:34.396000+02:00,24.536524999999997,0.39999999999999997,195.0,63,11.300426722889654,-17.2433349111621,40.20574258623897,43.11491772304535,63,0.3977013526912389,0.39225984835800876,0.4049471604446886,0.009442145571216976
8,16,2,2,2026-09-16T10:31:34.396000+02:00,24.536524999999997,0.39999999999999997,200.0,63,3.5134394464190324,-35.7795206380344,48.410899626155356,63.75211335038121,63,0.39751356333694726,0.39308023420819804,0.40314964371308426,0.007813646381282449
8,16,2,2,2026-09-16T10:31:34.396000+02:00,24.536524999999997,0.39999999999999997,205.0,63,15.799561118788452,-15.90715746567614,46.57263884678051,45.874639616240934,63,0.3960105098483324,0.39421759851642624,0.4023866160410673,0.005056871634010487
8,16,2,2,2026-09-16T10:31:34.396000+02:00,24.536524999999997,0.39999999999999997,210.0,63,4.154357231846058,-23.786093792492316,39.86097954429433,50.55537149138577,63,0.39915096468257383,0.3940882451131912,0.4028879763378291,0.0068209159206294315
8,16,2,2,2026-09-16T10:31:34.396000+02:00,24.536524999999997,0.39999999999999997,215.0,63,16.472875021784542,-18.23015962934512,44.22706955326127,42.32247755087424,63,0.3967555389359751,0.3915099385961196,0.40170559064526606,0.007661357634079047
8,16,2,2,2026-09-16T10:31:34.396000+02:00,24.536524999999997,0.39999999999999997,220.0,63,8.118969809957816,-15.33910976161735,43.2691810359934,51.79034536359762,63,0.3972009110243733,0.39302289199664237,0.40223494629319795,0.006723950213963067
8,16,2,2,2026-09-16T10:31:34.396000+02:00,24.536524999999997,0.39999999999999997,225.0,63,-12.478182351943754,-46.47430660326028,27.04735474220805,53.62718684279446,63,0.3984973870824263,0.39303500598954,0.403408350246644,0.007649080549341707
8,16,2,2,2026-09-16T10:31:34.396000+02:00,24.536524999999997,0.39999999999999997,230.0,63,10.930258007227117,-13.368369479661709,55.48874520962509,53.69753663613853,63,0.39987952385043074,0.39420386307749017,0.40368617630626646,0.006357805697350593
8,16,2,2,2026-09-16T10:31:34.396000+02:00,24.536524999999997,0.39999999999999997,235.0,63,4.034036864935583,-15.38421577709969,39.64755211411659,52.20025853445915,63,0.39853783697570566,0.39240403123412326,0.40519822371030206,0.009703547980580486
8,16,2,2,2026-09-16T10:31:34.396000+02:00,24.536524999999997,0.39999999999999997,240.0,63,-5.621305404747016,-37.18164833157991,25.207907705694165,46.281119047189534,63,0.3973616065956102,0.3918500169470197,0.4025122374004162,0.008657389526327629
8,16,2,2,2026-09-16T10:31:34.396000+02:00,24.536524999999997,0.39999999999999997,245.0,63,14.59641393812512,-28.82606258880753,59.02879070900859,66.86521733050175,63,0.398024644591749,0.39364768919021365,0.403359653883495,0.00760107993076086
8,16,2,2,2026-09-16T10:31:34.396000+02:00,24.536524999999997,0.39999999999999997,250.0,63,-9.743266519022885,-30.81879099415286,40.24796769152739,59.14675625381881,63,0.3989321226398833,0.39492560959094203,0.4049593057074348,0.006738091193705599
8,16,2,2,2026-09-16T10:31:34.396000+02:00,24.536524999999997,0.39999999999999997,255.0,63,19.51777114269425,-21.011325368560243,50.792974570902885,51.62736834234902,63,0.3989303781036583,0.39323417296344104,0.40471202522530403,0.008509736074433885
8,16,2,2,2026-09-16T10:31:34.396000+02:00,24.536524999999997,0.39999999999999997,260.0,63,5.40498294226783,-29.975432779189738,32.17465465929432,47.79213210852236,63,0.3985495691360127,0.392796795253334,0.40217982226068355,0.006765858309873926
8,16,2,2,2026-09-16T10:31:34.396000+02:00,24.536524999999997,0.39999999999999997,265.0,63,-5.823759956391495,-44.58512149957892,23.078689118872287,55.491665740804585,63,0.3964574895968778,0.3918859633522792,0.402492854886144,0.008797890550233235
8,16,2,2,2026-09-16T10:31:34.396000+02:00,24.536524999999997,0.39999999999999997,270.0,63,4.340627846815235,-30.126398122178333,35.556800860272446,48.920785668053696,63,0.39674508438686196,0.39167455946210517,0.40126021302020043,0.007156163487015572
8,16,2,2,2026-09-16T10:31:34.396000+02:00,24.536524999999997,0.39999999999999997,275.0,63,-6.721474168096883,-40.34629993504791,19.40439885331036,49.03058159552291,63,0.3962705687139158,0.3922444146080811,0.4022234589581718,0.007541151657513664
8,16,2,2,2026-09-16T10:31:34.396000+02:00,24.536524999999997,0.39999999999999997,280.0,63,-35.338120005624134,-62.55902134278054,0.848569273107989,45.10623562346122,63,0.3974415410763773,0.3910425517540873,0.4024362137869324,0.008819821067876538
8,16,2,2,2026-09-16T10:31:34.396000+02:00,24.536524999999997,0.39999999999999997,285.0,63,-7.399420122776418,-47.57681963667005,27.206440297753595,56.10052645225198,63,0.3980200928011902,0.39413403677389086,0.4024688396636771,0.0065215814822769365
8,16,2,2,2026-09-16T10:31:34.396000+02:00,24.536524999999997,0.39999999999999997,290.0,63,-20.05339448496496,-53.64870504454085,15.430522171829168,52.152228050549596,63,0.3998039822585776,0.3937532170441097,0.40346644405003207,0.008037765285969391
8,16,2,2,2026-09-16T10:31:34.396000+02:00,24.536524999999997,0.39999999999999997,295.0,63,-33.829596344438635,-63.341668612045744,24.66302026005487,64.24263565944906,63,0.40050109091327396,0.3956563408714957,0.40536363553656896,0.0071898090249349665
8,16,2,2,2026-09-16T10:31:34.396000+02:00,24.536524999999997,0.39999999999999997,300.0,63,1.5988204248032885,-53.22242919064819,36.1988625365111,62.86022034535716,63,0.4007263684026295,0.39339730791680133,0.4066307919526392,0.010321446375935994
9,17,2,3,2026-09-16T10:35:52.880000+02:00,28.844591666666666,0.09999999999999999,5.0,63,273.586653328465,-308.17919660040326,908.2203404183144,927.9513359773975,62,0.022020452118716803,0.009127940973668324,0.028550201402837726,0.011881936116120763
9,17,2,3,2026-09-16T10:35:52.880000+02:00,28.844591666666666,0.09999999999999999,10.0,63,512.7826671743895,276.09361008125944,803.4183210749281,420.67044988717413,63,0.03890871025830557,0.03457640721231611,0.04582514464971134,0.007348740163505479
9,17,2,3,2026-09-16T10:35:52.880000+02:00,28.844591666666666,0.09999999999999999,15.0,63,632.2054046051351,526.5709858032056,732.8478697806407,150.52891843972375,63,0.08793895710184241,0.08279510266812003,0.10244320326571031,0.013658955984171531
9,17,2,3,2026-09-16T10:35:52.880000+02:00,28.844591666666666,0.09999999999999999,20.0,63,529.5933430384855,447.22670839215857,584.2363857630876,96.65471169756093,63,0.08803933196214969,0.08576011330038058,0.0907141054492044,0.0039022041516978538
9,17,2,3,2026-09-16T10:35:52.880000+02:00,28.844591666666666,0.09999999999999999,25.0,63,404.541194112549,360.5426344016548,455.67196952576046,68.16869850147089,63,0.08951446574611698,0.08811058687082327,0.09181621523660033,0.0023980801661191787
9,17,2,3,2026-09-16T10:35:52.880000+02:00,28.844591666666666,0.09999999999999999,30.0,63,330.6105706185649,282.25748690580406,358.92299798849115,59.90485902685874,63,0.09202013247352624,0.09032991984706326,0.09310685616174781,0.0019801697350293147
9,17,2,3,2026-09-16T10:35:52.880000+02:00,28.844591666666666,0.09999999999999999,35.0,63,262.92711614678166,237.804294146561,299.97227429688667,51.376956577947375,63,0.09352883849618278,0.09247143472019002,0.09454460949791965,0.0016155904300971461
9,17,2,3,2026-09-16T10:35:52.880000+02:00,28.844591666666666,0.09999999999999999,40.0,63,216.23301304228215,189.26666271610483,241.46580390366717,39.950349519100634,63,0.09497209662936554,0.0941106432526233,0.09552189756971273,0.0009488306461263145
9,17,2,3,2026-09-16T10:35:52.880000+02:00,28.844591666666666,0.09999999999999999,45.0,63,175.96424348450185,157.30256869890275,196.9825169305895,30.015911826949285,63,0.09600226595436703,0.09525236316432432,0.09657905097730145,0.0010114198905874431
9,17,2,3,2026-09-16T10:35:52.880000+02:00,28.844591666666666,0.09999999999999999,50.0,63,148.5657989956083,124.92489460361034,171.35519671587446,34.19749516836772,63,0.0968184622337305,0.09615894422774975,0.0974525985290362,0.0009549708803400365
9,17,2,3,2026-09-16T10:35:52.880000+02:00,28.844591666666666,0.09999999999999999,55.0,63,122.22007298452576,107.1597618946837,142.57021534154234,26.978308250040993,63,0.09701430872933943,0.09633616662521263,0.09793401401653193,0.001109568878782903
9,17,2,3,2026-09-16T10:35:52.880000+02:00,28.844591666666666,0.09999999999999999,60.0,63,103.85686896825045,88.97936857672367,120.64729372833474,23.40039313531771,63,0.09726676805615388,0.0967036104797139,0.09782743920328307,0.0008493072901914058
9,17,2,3,2026-09-16T10:35:52.880000+02:00,28.844591666666666,0.09999999999999999,65.0,63,80.33395479520723,66.19221627175673,93.76597261919713,20.613243197699354,63,0.09776308891517059,0.09719449227625132,0.09828241772414702,0.0008176921985253306
9,17,2,3,2026-09-16T10:35:52.880000+02:00,28.844591666666666,0.09999999999999999,70.0,63,64.32501929146534,49.240968936745475,84.553711512871,25.1173049668171,63,0.09825324910648685,0.09766237281451333,0.09879267367015651,0.0008697896423518878
9,17,2,3,2026-09-16T10:35:52.880000+02:00,28.844591666666666,0.09999999999999999,75.0,63,59.83627876763893,39.06388535773469,77.81370913803865,29.485859633999773,63,0.09856352769022977,0.09792894602698567,0.09909326859761847,0.000909195974674242
9,17,2,3,2026-09-16T10:35:52.880000+02:00,28.844591666666666,0.09999999999999999,80.0,63,44.73785210616628,32.41933431622892,63.58406048735566,26.353870084355155,63,0.09853259491215548,0.09805437951016033,0.09935134012380184,0.0009234160407491758
9,17,2,3,2026-09-16T10:35:52.880000+02:00,28.844591666666666,0.09999999999999999,85.0,63,40.94671551245984,25.9714477617636,59.956655622984066,27.19438261531077,63,0.09873085913512342,0.0978216906840456,0.0993623294991561,0.0010956805495409513
9,17,2,3,2026-09-16T10:35:52.880000+02:00,28.844591666666666,0.09999999999999999,90.0,63,34.95176735328685,16.71463140219811,47.2285966780698,25.398620390443565,63,0.09863383818615362,0.09820973505489144,0.09919229422236528,0.000788221626407835
9,17,2,3,2026-09-16T10:35:52.880000+02:00,28.844591666666666,0.09999999999999999,95.0,63,18.72763915577014,7.255388735203769,37.36097086902251,22.808617373690122,63,0.09907330786215543,0.0983566637335588,0.1001767393646756,0.0013668623692599476
9,17,2,3,2026-09-16T10:35:52.880000+02:00,28.844591666666666,0.09999999999999999,100.0,63,22.38334472616109,8.504206815701917,32.84568078066516,19.232502878683555,63,0.0993100378626303,0.09847229995102162,0.1001107217614317,0.0012296559184387698
9,17,2,3,2026-09-16T10:35:52.880000+02:00,28.844591666666666,0.09999999999999999,105.0,63,22.603169471621595,6.814030469121183,41.119089972376415,24.28889427531458,63,0.09927505747137536,0.09845948568628259,0.09998294161322448,0.0011669230765770674
9,17,2,3,2026-09-16T10:35:52.880000+02:00,28.844591666666666,0.09999999999999999,110.0,63,11.16971248390903,-3.851282655056111,29.602340787007016,25.86343152503637,63,0.09923563286200059,0.09839349934844457,0.10000255733213756,0.0011455517707338115
9,17,2,3,2026-09-16T10:35:52.880000+02:00,28.844591666666666,0.09999999999999999,115.0,63,14.214608604817617,-0.673299780887705,37.518291160969284,26.3574294488996,63,0.0995684338578607,0.09862683612654506,0.10036596224215524,0.0013131785576124162
9,17,2,3,2026-09-16T10:35:52.880000+02:00,28.844591666666666,0.09999999999999999,120.0,63,17.33935112884032,2.1778268852861062,28.9567909498971,20.132938358613767,63,0.09952543651785481,0.09856319669142297,0.10019343377362264,0.0013600566165460526
9,17,2,3,2026-09-16T10:35:52.880000+02:00,28.844591666666666,0.09999999999999999,125.0,63,10.150463403938497,-0.9613908002480755,26.053031184256618,19.90999651351646,63,0.09921763479177081,0.09867367442399674,0.09989541806588037,0.0009894853056355221
9,17,2,3,2026-09-16T10:35:52.880000+02:00,28.844591666666666,0.09999999999999999,130.0,63,5.903578115287724,-15.593632528379416,16.300500561866272,24.710825535872665,63,0.09919949791354363,0.09854373436892182,0.09987628570635264,0.0009894284110453946
9,17,2,3,2026-09-16T10:35:52.880000+02:00,28.844591666666666,0.09999999999999999,135.0,63,3.8373723778962585,-10.434487255966483,13.967048037691075,18.738546829697757,63,0.09948463507174224,0.09890765667383525,0.10037071219457376,0.0010841335469399462
9,17,2,3,2026-09-16T10:35:52.880000+02:00,28.844591666666666,0.09999999999999999,140.0,63,3.1073723302089293,-12.523260123210175,23.345907661438126,28.530568065207397,63,0.09970047144745231,0.09906211385263705,0.1004533790231095,0.0009676731993449753
9,17,2,3,2026-09-16T10:35:52.880000+02:00,28.844591666666666,0.09999999999999999,145.0,63,8.142158312595202,-5.623607308480358,18.477155312120598,18.15535541784796,63,0.09947502919077456,0.0987213189720752,0.10011200466393938,0.0010528397283663359
9,17,2,3,2026-09-16T10:35:52.880000+02:00,28.844591666666666,0.09999999999999999,150.0,63,1.161486959726813,-9.487599861447212,20.51905690028093,18.199952161842912,63,0.09960824971712978,0.09881322722757979,0.10012872769972986,0.0010203101513085368
9,17,2,3,2026-09-16T10:35:52.880000+02:00,28.844591666666666,0.09999999999999999,155.0,63,-3.477597534303868,-15.952814243400033,13.48753183365104,19.702380873395466,63,0.0994803032984333,0.09882341447776381,0.10016438936345277,0.000998616029475153
9,17,2,3,2026-09-16T10:35:52.880000+02:00,28.844591666666666,0.09999999999999999,160.0,63,4.958441862256859,-8.68879689972516,16.87426771998605,19.030037848433217,63,0.0997608694892093,0.09910291741302735,0.10032363740121997,0.0009736538345133471
9,17,2,3,2026-09-16T10:35:52.880000+02:00,28.844591666666666,0.09999999999999999,165.0,63,2.255922146905617,-11.43927529653392,14.634571876083136,19.151851865600644,63,0.09947977588867331,0.0988321778339095,0.10028790865630959,0.001107391694047544
9,17,2,3,2026-09-16T10:35:52.880000+02:00,28.844591666666666,0.09999999999999999,170.0,63,2.8667315963879787,-12.563748209117172,13.65122119666073,22.01965281630855,63,0.09933990677897958,0.09894673624681487,0.09999632163194343,0.0008477013991271932
9,17,2,3,2026-09-16T10:35:52.880000+02:00,28.844591666666666,0.09999999999999999,175.0,63,-5.379506658006049,-17.799223479549443,10.178834720501445,22.19464792725369,63,0.09938409945438335,0.098692064105305,0.10000824722745012,0.0009673458051406208
9,17,2,3,2026-09-16T10:35:52.880000+02:00,28.844591666666666,0.09999999999999999,180.0,63,-4.958385373822205,-22.971657656335946,8.02298183649749,24.197983917367797,63,0.0995473589955224,0.09894758507951755,0.100349745607768,0.0010642361846821132
9,17,2,3,2026-09-16T10:35:52.880000+02:00,28.844591666666666,0.09999999999999999,185.0,63,-8.33647852957604,-18.35974409962249,11.618569589761162,22.23241906630021,63,0.09981277357716277,0.0991143333863389,0.10036860618626088,0.0009139056960311483
9,17,2,3,2026-09-16T10:35:52.880000+02:00,28.844591666666666,0.09999999999999999,190.0,63,-5.498669011996508,-19.19382408910921,7.3213389832630345,19.46402907356362,63,0.0998515536730667,0.09932330735456721,0.10042946392912706,0.0008342854091495173
9,17,2,3,2026-09-16T10:35:52.880000+02:00,28.844591666666666,0.09999999999999999,195.0,63,-4.923729718846075,-16.426582749162314,13.029410624430884,19.131249426117986,63,0.0997255752117549,0.09899244853743532,0.10026900032934856,0.0009404443659198471
9,17,2,3,2026-09-16T10:35:52.880000+02:00,28.844591666666666,0.09999999999999999,200.0,63,-0.5634156523747781,-13.117320751661099,14.115711476945483,18.67669763638071,63,0.09980934924003797,0.09911099206420623,0.10038431730745326,0.0009460635024741099
9,17,2,3,2026-09-16T10:35:52.880000+02:00,28.844591666666666,0.09999999999999999,205.0,63,-1.7942986547041413,-17.422078442144972,12.273369408129584,21.695499393523132,63,0.0996287304431608,0.09920777086383319,0.10013111690058897,0.0006487339414415647
9,17,2,3,2026-09-16T10:35:52.880000+02:00,28.844591666666666,0.09999999999999999,210.0,63,-0.7843701665385393,-15.815730933355939,11.493645415385128,19.27362400788728,63,0.09965029491021159,0.09915099716443714,0.10029651863090702,0.0008348611240242625
9,17,2,3,2026-09-16T10:35:52.880000+02:00,28.844591666666666,0.09999999999999999,215.0,63,-1.8452512232277027,-18.544842579562705,11.688587005152813,21.96990546244126,63,0.09971958540922433,0.09912822915847536,0.10021665082872305,0.0008474457452135556
9,17,2,3,2026-09-16T10:35:52.880000+02:00,28.844591666666666,0.09999999999999999,220.0,63,3.042580095067425,-11.091631344396774,13.541308823931605,19.789983116060814,63,0.09986123838955023,0.09933226853782219,0.10028518609679993,0.0007391544664590106
9,17,2,3,2026-09-16T10:35:52.880000+02:00,28.844591666666666,0.09999999999999999,225.0,63,-0.7288420347661856,-21.08244430843782,9.944577179855731,22.971594394937043,63,0.09958677252481254,0.09918319901499859,0.10003091607408304,0.0006127955721608296
9,17,2,3,2026-09-16T10:35:52.880000+02:00,28.844591666666666,0.09999999999999999,230.0,63,-0.016212180892630434,-10.228572787667517,11.041300148658932,15.646003414182442,63,0.09961824109393672,0.0990192816801186,0.10049994189081517,0.0011225604480420623
9,17,2,3,2026-09-16T10:35:52.880000+02:00,28.844591666666666,0.09999999999999999,235.0,63,-0.46972958264722725,-14.339561023412667,13.68995814107819,20.664623671766954,63,0.09954682492136871,0.09902526560272433,0.10017973765052703,0.0008294641461040119
9,17,2,3,2026-09-16T10:35:52.880000+02:00,28.844591666666666,0.09999999999999999,240.0,63,-2.760307384530101,-15.843509121349367,14.240070766970453,21.393581530422367,63,0.09965680700077564,0.09916957542571127,0.10047199865168693,0.0007680387766950015
9,17,2,3,2026-09-16T10:35:52.880000+02:00,28.844591666666666,0.09999999999999999,245.0,63,-2.66780757193933,-18.272949618984892,9.898863913695209,20.853353742363854,63,0.09955427804144032,0.09905639327678832,0.10011217203812847,0.0008076262754262139
9,17,2,3,2026-09-16T10:35:52.880000+02:00,28.844591666666666,0.09999999999999999,250.0,63,0.2291170930452955,-11.296980928344114,10.280626880675877,15.951187517688869,63,0.09984431651367169,0.09913739944431474,0.10040990883472625,0.001017807043732907
9,17,2,3,2026-09-16T10:35:52.880000+02:00,28.844591666666666,0.09999999999999999,255.0,63,-1.9042251495444689,-15.53927653163884,7.667839044589673,17.08679230680183,63,0.0994736895729491,0.09893742823042284,0.10023312134284817,0.0008763082029481368
9,17,2,3,2026-09-16T10:35:52.880000+02:00,28.844591666666666,0.09999999999999999,260.0,63,-1.6427684273642043,-9.836401826506629,15.132037280396958,18.579003548364607,63,0.09989944808856893,0.09932122574962879,0.10016354939798681,0.0007083377700186058
9,17,2,3,2026-09-16T10:35:52.880000+02:00,28.844591666666666,0.09999999999999999,265.0,63,-1.418339874438139,-9.494547938974076,10.327512281865925,15.714594462693032,63,0.09964956905363334,0.09898746660951167,0.10039535305732256,0.0010261412200684417
9,17,2,3,2026-09-16T10:35:52.880000+02:00,28.844591666666666,0.09999999999999999,270.0,63,0.7635541781769701,-8.554566255654832,13.775015602333507,15.937578182666106,63,0.09973147051195926,0.09903551033216221,0.10021552324199434,0.000966346619766068
9,17,2,3,2026-09-16T10:35:52.880000+02:00,28.844591666666666,0.09999999999999999,275.0,63,-3.250881199752279,-14.898344624103999,14.097776398780645,24.376370893344248,63,0.09965324900582437,0.09904801130197413,0.10013309151244444,0.0007778136998630585
9,17,2,3,2026-09-16T10:35:52.880000+02:00,28.844591666666666,0.09999999999999999,280.0,63,2.737203614545264,-13.54304584331219,11.862656118125397,21.67154696388494,63,0.0998064818469305,0.09918351128178941,0.1005775243134362,0.0009901873955098885
9,17,2,3,2026-09-16T10:35:52.880000+02:00,28.844591666666666,0.09999999999999999,285.0,63,1.347757574695426,-15.096167124062775,19.267315543263727,26.714161525980078,63,0.0999476657744267,0.09917583911797519,0.10086372622010999,0.0011693528757734518
9,17,2,3,2026-09-16T10:35:52.880000+02:00,28.844591666666666,0.09999999999999999,290.0,63,1.5224480604571116,-10.077607444679206,14.86015844192978,18.380014132902154,63,0.099684905650681,0.09890225506232972,0.1005225726617327,0.0011969148520511715
9,17,2,3,2026-09-16T10:35:52.880000+02:00,28.844591666666666,0.09999999999999999,295.0,63,3.9357187435251486,-10.636376923261027,17.858790534435727,20.82760069300886,63,0.09955640834348668,0.0989265154124829,0.10002738481514306,0.0008689490607456076
9,17,2,3,2026-09-16T10:35:52.880000+02:00,28.844591666666666,0.09999999999999999,300.0,63,-1.1880930126907188,-9.226129017160257,16.93099623100469,18.169006627751514,63,0.09949901468444487,0.09904067238936029,0.10015199729186389,0.0009070545639463753
10,18,2,4,2026-09-16T10:42:07.121500+02:00,35.08195,0.09999999999999999,5.0,64,240.32106576496952,-210.78237332228707,585.6182905968416,621.4794125020652,63,0.023381524954127597,0.013940489012932596,0.029144446454910447,0.00919127078861628
10,18,2,4,2026-09-16T10:42:07.121500+02:00,35.08195,0.09999999999999999,10.0,64,658.3798576807869,364.2944056171062,837.5605173585348,340.09742876144094,64,0.038957716974944226,0.036162226514204344,0.0446987858980909,0.0048996935450190205
10,18,2,4,2026-09-16T10:42:07.121500+02:00,35.08195,0.09999999999999999,15.0,64,654.4094550380688,577.2693493062557,780.0752943236798,127.01533751189594,64,0.08675344958437989,0.08335980117890983,0.09384429468333576,0.006097478011237387
10,18,2,4,2026-09-16T10:42:07.121500+02:00,35.08195,0.09999999999999999,20.0,64,517.8769919674476,460.316837023341,583.7542569689217,96.6494982753749,64,0.08811080654699975,0.08499678765208417,0.08969278515781981,0.0031969226890840308
10,18,2,4,2026-09-16T10:42:07.121500+02:00,35.08195,0.09999999999999999,25.0,64,414.93636541763806,364.1188395605989,460.90369537630914,78.00018680854366,64,0.08991181234638573,0.08791960507565859,0.09157749416061686,0.0028961248422136447
10,18,2,4,2026-09-16T10:42:07.121500+02:00,35.08195,0.09999999999999999,30.0,64,343.90549101039835,292.05082336155124,374.3095297914331,74.20703482609103,64,0.0921097031757635,0.09067860724748708,0.09323219130938025,0.0018898187422982725
10,18,2,4,2026-09-16T10:42:07.121500+02:00,35.08195,0.09999999999999999,35.0,64,271.5528719528594,243.03162096022322,299.17399385318834,41.85676610642054,64,0.0933686826635257,0.09234080383483814,0.09446209432894849,0.0016229095119534467
10,18,2,4,2026-09-16T10:42:07.121500+02:00,35.08195,0.09999999999999999,40.0,64,222.8972503034423,195.348087608465,242.12955713901047,37.27806236906229,64,0.09453009209471674,0.09372732789954494,0.09551979860375522,0.0013141462403986667
10,18,2,4,2026-09-16T10:42:07.121500+02:00,35.08195,0.09999999999999999,45.0,64,175.31348258924845,157.11108702578787,199.9102984032856,35.95138251624141,64,0.09566087170276633,0.09519779136926494,0.09667615850018484,0.0010554781332389538
10,18,2,4,2026-09-16T10:42:07.121500+02:00,35.08195,0.09999999999999999,50.0,64,151.81662370692817,128.2888091621366,170.60901273150955,31.20369271278961,64,0.09658170813968933,0.09604419698349131,0.09744251458079214,0.001206514965461328
10,18,2,4,2026-09-16T10:42:07.121500+02:00,35.08195,0.09999999999999999,55.0,64,121.74229379986687,101.45662593054135,137.6254013142698,24.874598179780207,64,0.09706370211231263,0.09655058639061362,0.09786051181391678,0.0009629115036706527
10,18,2,4,2026-09-16T10:42:07.121500+02:00,35.08195,0.09999999999999999,60.0,64,111.42229447987773,86.1574323094232,126.58471547734183,31.32806109745286,64,0.09760041040057832,0.09666667283114865,0.09835063240269093,0.0012697095134970337
10,18,2,4,2026-09-16T10:42:07.121500+02:00,35.08195,0.09999999999999999,65.0,64,87.50894636506041,68.76311087211218,105.73621096210184,27.259581798785035,64,0.09797838661259498,0.0968259219172167,0.0984934321091017,0.001351843927032469
10,18,2,4,2026-09-16T10:42:07.121500+02:00,35.08195,0.09999999999999999,70.0,64,66.98006047705815,50.30648204511809,87.75421915056369,28.573447939248812,64,0.09809389831055759,0.09737837229191576,0.09906585803842619,0.0012694866824061151
10,18,2,4,2026-09-16T10:42:07.121500+02:00,35.08195,0.09999999999999999,75.0,64,60.39043031664569,38.9418420935506,74.37253958336441,29.373551213910567,64,0.09863531032957547,0.09760297357476184,0.09946467952501842,0.0012726971448466429
10,18,2,4,2026-09-16T10:42:07.121500+02:00,35.08195,0.09999999999999999,80.0,64,52.7359507869732,35.528140040478924,66.83399550582014,23.546180519565347,64,0.09873562365510699,0.09770544927707173,0.09938095970494853,0.001202368000741074
10,18,2,4,2026-09-16T10:42:07.121500+02:00,35.08195,0.09999999999999999,85.0,64,45.48921890445786,27.79120857862311,60.44827447425837,23.99905731422067,64,0.0989523819124295,0.09801970430273309,0.09979422071935026,0.0013669892782859187
10,18,2,4,2026-09-16T10:42:07.121500+02:00,35.08195,0.09999999999999999,90.0,64,33.83999021650991,15.031396072089482,49.5993527526208,26.521202092810476,64,0.09906935402403647,0.09817014046993512,0.10000496528462502,0.0013497128723720304
10,18,2,4,2026-09-16T10:42:07.121500+02:00,35.08195,0.09999999999999999,95.0,64,30.669534426326685,18.939901511970568,48.641435991135324,21.769303864219715,64,0.09925750012527358,0.09848960512005399,0.09987882624116894,0.001110676271906362
10,18,2,4,2026-09-16T10:42:07.121500+02:00,35.08195,0.09999999999999999,100.0,64,23.75197477765105,4.167102435030294,43.5823952868967,29.310969210247418,64,0.09924252848196806,0.09836918541586452,0.10002943828186629,0.0012101456357632144
10,18,2,4,2026-09-16T10:42:07.121500+02:00,35.08195,0.09999999999999999,105.0,64,20.12284701600668,9.310303846615492,32.98445168271389,18.482063208131656,64,0.099166214956391,0.09848396046241964,0.09998655667348967,0.0011659272063954463
10,18,2,4,2026-09-16T10:42:07.121500+02:00,35.08195,0.09999999999999999,110.0,64,18.397930281797272,5.162894692297141,39.58564078917323,24.26912933337164,64,0.09945748775109371,0.09873799340376169,0.10012704627749217,0.0010256608260921386
10,18,2,4,2026-09-16T10:42:07.121500+02:00,35.08195,0.09999999999999999,115.0,64,18.40602225013464,4.132114910498451,35.002063243749795,24.065889617897767,64,0.09950769952280547,0.09877650805031701,0.10011653953556153,0.001038739349197318
10,18,2,4,2026-09-16T10:42:07.121500+02:00,35.08195,0.09999999999999999,120.0,64,12.301133474014634,-0.7071645977707682,31.623129822521868,26.971440770216816,64,0.09941469460781335,0.09854512747623838,0.10013144990304068,0.0011017210994722082
10,18,2,4,2026-09-16T10:42:07.121500+02:00,35.08195,0.09999999999999999,125.0,64,17.073290599193935,2.260540076480119,30.77886073154302,20.619231305108062,64,0.09942250011715614,0.098687971781599,0.0999573199457456,0.0009811533665391304
10,18,2,4,2026-09-16T10:42:07.121500+02:00,35.08195,0.09999999999999999,130.0,64,6.306736077086021,-9.454328173135076,26.889723763868975,27.136972158958674,64,0.0993822248669942,0.09863887296782077,0.10014974322715399,0.0011272179003559122
10,18,2,4,2026-09-16T10:42:07.121500+02:00,35.08195,0.09999999999999999,135.0,64,9.915076094588404,-5.09058949528053,22.281842069215813,19.445164441480756,64,0.09967228235129072,0.09876028234670362,0.10000739470258924,0.0010323040446805674
10,18,2,4,2026-09-16T10:42:07.121500+02:00,35.08195,0.09999999999999999,140.0,64,1.9805833917833915,-8.611817284697983,23.787244744358986,24.02043443892521,64,0.09968166954059243,0.09876153858295211,0.10023289144928485,0.0011201582023500657
10,18,2,4,2026-09-16T10:42:07.121500+02:00,35.08195,0.09999999999999999,145.0,64,5.7618768756646155,-5.375736054959269,19.652566671117334,17.69050240837688,64,0.09954147386037239,0.09909245572723785,0.10015886030654864,0.0008921313469336086
10,18,2,4,2026-09-16T10:42:07.121500+02:00,35.08195,0.09999999999999999,150.0,64,7.838476485127355,-6.529413488523115,17.49639603966351,17.629637274671445,64,0.09946265853112793,0.09872285843753935,0.10038291939487369,0.0012977874270321144
10,18,2,4,2026-09-16T10:42:07.121500+02:00,35.08195,0.09999999999999999,155.0,64,4.984426542435611,-14.436735254011468,16.462721225563087,24.754521970007545,64,0.09957877816471093,0.09897387081566139,0.10028865060367556,0.0010246055339688462
10,18,2,4,2026-09-16T10:42:07.121500+02:00,35.08195,0.09999999999999999,160.0,64,3.525612704197169,-13.71139550222576,20.65355586441728,25.842829085560393,64,0.09972032024769453,0.09912841403277853,0.10042671137907433,0.0009873177044423984
10,18,2,4,2026-09-16T10:42:07.121500+02:00,35.08195,0.09999999999999999,165.0,64,7.543493876675341,-9.115630576915803,24.97507649803759,25.733912530507514,64,0.09969907995299743,0.09906098697955043,0.1004761726838167,0.0011557746366612429
10,18,2,4,2026-09-16T10:42:07.121500+02:00,35.08195,0.09999999999999999,170.0,64,2.032072600438996,-9.06998086024469,19.499595988679598,23.31289557984843,64,0.09948364668096939,0.09867394312221259,0.10042425943533016,0.001289540476886292
10,18,2,4,2026-09-16T10:42:07.121500+02:00,35.08195,0.09999999999999999,175.0,64,2.0088982199116847,-9.957287077768731,15.86808159064821,19.30274798483402,64,0.09951181178196222,0.09865743560788649,0.10009044140099099,0.0009655228196170948
10,18,2,4,2026-09-16T10:42:07.121500+02:00,35.08195,0.09999999999999999,180.0,64,-1.9232899964125583,-19.029569841746763,9.481816857898785,21.56512196401167,64,0.09962470789376232,0.09877086986266784,0.10009992884535127,0.0008994867781035962
10,18,2,4,2026-09-16T10:42:07.121500+02:00,35.08195,0.09999999999999999,185.0,64,-2.1194319654287845,-13.744935510606735,11.519954904065969,19.47518872828339,64,0.09958190336632078,0.09886425714478887,0.10040648640123717,0.0011260161283840541
10,18,2,4,2026-09-16T10:42:07.121500+02:00,35.08195,0.09999999999999999,190.0,64,-6.35301422759817,-15.62602158489372,8.243336161035849,19.267698712793898,64,0.09957761146241143,0.0989618420639393,0.1001744978269615,0.0009094194806637682
10,18,2,4,2026-09-16T10:42:07.121500+02:00,35.08195,0.09999999999999999,195.0,64,-4.179240387537194,-13.915876576481676,14.414718886404172,18.643323359421696,64,0.10003586018116511,0.09925068505499304,0.10069432494008465,0.001127052900872643
10,18,2,4,2026-09-16T10:42:07.121500+02:00,35.08195,0.09999999999999999,200.0,64,3.310420010422363,-7.859299534540295,14.444855466567574,16.655418261480865,64,0.09986778032766606,0.09900513271681524,0.10051220336776487,0.0010360309642821377
10,18,2,4,2026-09-16T10:42:07.121500+02:00,35.08195,0.09999999999999999,205.0,64,-0.22962548896170276,-14.916858708729407,15.195071312990791,22.703176433426783,64,0.09961679893254329,0.0989497620925745,0.10021686115714087,0.0009932607520847776
10,18,2,4,2026-09-16T10:42:07.121500+02:00,35.08195,0.09999999999999999,210.0,64,2.276173250913869,-14.015345649759348,13.059187090818146,19.835375482717204,64,0.09948436135383154,0.09878461254215855,0.10033930631700456,0.0010787952042153718
10,18,2,4,2026-09-16T10:42:07.121500+02:00,35.08195,0.09999999999999999,215.0,64,-0.2325205212634347,-11.573746016455196,17.656907928195658,24.14819468862139,64,0.0995158293840088,0.09875847698809742,0.1004230782145648,0.0012886996676576459
10,18,2,4,2026-09-16T10:42:07.121500+02:00,35.08195,0.09999999999999999,220.0,64,-5.138865924186225,-18.974910219666114,14.399113956189161,24.328340409438866,64,0.09960539989983419,0.09891512280825979,0.10016859066704031,0.0009702918029149832
10,18,2,4,2026-09-16T10:42:07.121500+02:00,35.08195,0.09999999999999999,225.0,64,-5.173578067598703,-21.431267456660937,18.003994057038746,25.479208591208625,64,0.09991665563460941,0.0990246464068122,0.10050109331934734,0.0010165971155582888
10,18,2,4,2026-09-16T10:42:07.121500+02:00,35.08195,0.09999999999999999,230.0,64,-5.675082395028708,-13.46612271672108,7.447407048451828,17.076449212185565,64,0.0999322088945836,0.09914430773878277,0.10044733646173568,0.001030393977151105
10,18,2,4,2026-09-16T10:42:07.121500+02:00,35.08195,0.09999999999999999,235.0,64,0.5217271872186756,-14.997813697382513,18.445931329580496,23.58560571625174,64,0.09987544440408049,0.09917502906519512,0.10060119282118923,0.0010596854921352458
10,18,2,4,2026-09-16T10:42:07.121500+02:00,35.08195,0.09999999999999999,240.0,64,-3.7997793242909963,-14.435005295685635,13.768046341644638,22.24604933875752,64,0.09986807451409446,0.09916700041894178,0.10051861637788365,0.0009949674461958713
10,18,2,4,2026-09-16T10:42:07.121500+02:00,35.08195,0.09999999999999999,245.0,64,2.93440474171945,-7.867666884001262,14.765010733941292,17.68026400095172,64,0.09974853932196573,0.09913015863560902,0.10042324167245625,0.0009601716005480049
10,18,2,4,2026-09-16T10:42:07.121500+02:00,35.08195,0.09999999999999999,250.0,64,4.701603069653915,-9.442769227087055,20.053994674588957,21.444292006455857,64,0.0996773920903636,0.09872135883199738,0.10022484339449986,0.001204472956082072
10,18,2,4,2026-09-16T10:42:07.121500+02:00,35.08195,0.09999999999999999,255.0,64,-1.7903020979181758,-14.990307796558215,7.5538524434728425,18.142437018297205,64,0.09963192329902926,0.09920409539740739,0.1002961179692305,0.0008999671044690246
10,18,2,4,2026-09-16T10:42:07.121500+02:00,35.08195,0.09999999999999999,260.0,64,-4.876816073439263,-18.873089815273794,13.480004749664731,23.157707285721997,64,0.09972085229907476,0.09906175727325964,0.1004199900478347,0.0010082047561432155
10,18,2,4,2026-09-16T10:42:07.121500+02:00,35.08195,0.09999999999999999,265.0,64,-1.7896948472397127,-10.344854231463216,14.76790576624415,15.60569884507804,64,0.09971506441521738,0.09885049290929798,0.10028653064887283,0.0010954851172468992
10,18,2,4,2026-09-16T10:42:07.121500+02:00,35.08195,0.09999999999999999,270.0,64,-1.0793810192073172,-20.704748508790665,14.057853197224714,24.959499492880376,64,0.09968703255081818,0.099140212069501,0.10027185370551267,0.0008176052492855131
10,18,2,4,2026-09-16T10:42:07.121500+02:00,35.08195,0.09999999999999999,275.0,64,0.13651842569472383,-14.083025856147263,10.521274675550735,20.51546535992501,64,0.09980167539234837,0.099078680668301,0.10051550264981612,0.0010819519423668014
10,18,2,4,2026-09-16T10:42:07.121500+02:00,35.08195,0.09999999999999999,280.0,64,0.368445818388641,-13.888380830664339,12.59210540357061,19.570370323682837,64,0.09984576234937645,0.09885625871662569,0.10062077456840321,0.0013113915823502952
10,18,2,4,2026-09-16T10:42:07.121500+02:00,35.08195,0.09999999999999999,285.0,64,0.10700321831844906,-17.583776587816434,13.123993448066622,23.048769793229564,64,0.09997040283750816,0.09906192078436203,0.10039449147062643,0.0010959361602025383
10,18,2,4,2026-09-16T10:42:07.121500+02:00,35.08195,0.09999999999999999,290.0,64,2.0899308801620196,-16.011272712747612,13.955199588415308,25.450084614263552,64,0.09979587180859868,0.0992977050003521,0.10070549617654642,0.0010101403214040684
10,18,2,4,2026-09-16T10:42:07.121500+02:00,35.08195,0.09999999999999999,295.0,64,2.969131007239744,-7.130153874436006,21.030997466108207,17.354372770773203,64,0.09981214109768062,0.09903354519674487,0.10048755969765866,0.0011342574298513297
10,18,2,4,2026-09-16T10:42:07.121500+02:00,35.08195,0.09999999999999999,300.0,64,4.072223047110363,-9.653591128193066,15.703813221177384,20.1946828647372,64,0.09955989238964993,0.09891894690010325,0.10028103796195331,0.0010274315583596362
11,19,2,5,2026-09-16T10:45:58.680000+02:00,38.94125833333333,0.39999999999999997,5.0,63,1339.6186079792033,1032.951437322967,1835.4453957668984,515.4538152068894,63,0.15889761088610746,0.14099673747582672,0.1776566780123517,0.027544919934828986
11,19,2,5,2026-09-16T10:45:58.680000+02:00,38.94125833333333,0.39999999999999997,10.0,63,1383.9480486991017,1152.1838652156266,1539.4967644628764,263.4556629624794,63,0.2073426325067138,0.18637165766539526,0.23121127880953357,0.0336630788168439
11,19,2,5,2026-09-16T10:45:58.680000+02:00,38.94125833333333,0.39999999999999997,15.0,63,1165.3827411455632,1081.0413414162758,1319.3714157952834,205.75308746631657,63,0.3204920288888416,0.3051047613009876,0.34289749782091955,0.0254962445994413
11,19,2,5,2026-09-16T10:45:58.680000+02:00,38.94125833333333,0.39999999999999997,20.0,63,958.7322002915982,855.441627885916,1043.873010233288,136.07157528380154,63,0.3251714210456932,0.31714413690664356,0.33628116423003185,0.013892266001233345
11,19,2,5,2026-09-16T10:45:58.680000+02:00,38.94125833333333,0.39999999999999997,25.0,63,788.7050325644368,718.8050142629529,847.0680929428705,101.75046547855965,63,0.3402220621371188,0.330688348322553,0.34882646042643317,0.013316314189997843
11,19,2,5,2026-09-16T10:45:58.680000+02:00,38.94125833333333,0.39999999999999997,30.0,63,666.6608080785928,571.2850845223862,718.9461788624405,92.92587952616437,63,0.3518715459874781,0.34561712758135504,0.35829475031203006,0.009455871831221072
11,19,2,5,2026-09-16T10:45:58.680000+02:00,38.94125833333333,0.39999999999999997,35.0,63,558.3580733088094,511.9780741480623,602.9917748626327,66.44835293006285,63,0.36090465278801637,0.35679737476811824,0.3670003115278814,0.007444510464666079
11,19,2,5,2026-09-16T10:45:58.680000+02:00,38.94125833333333,0.39999999999999997,40.0,63,481.7006683165681,419.55001599373264,512.4199549321731,81.07043185206477,63,0.3676474688013866,0.36352753707736707,0.3735392159831903,0.0072534098538074515
11,19,2,5,2026-09-16T10:45:58.680000+02:00,38.94125833333333,0.39999999999999997,45.0,63,411.0590557160781,367.9952807524686,444.85393991710475,54.08186425715824,63,0.3722088797467626,0.3689834646149123,0.3769000623766087,0.006191383060975218
11,19,2,5,2026-09-16T10:45:58.680000+02:00,38.94125833333333,0.39999999999999997,50.0,63,359.00047187732383,312.0385429795789,394.0864557525721,61.89965254206758,63,0.3765816977603786,0.3723970893189217,0.380945911421811,0.006372607271619426
11,19,2,5,2026-09-16T10:45:58.680000+02:00,38.94125833333333,0.39999999999999997,55.0,63,306.2073124276335,271.47015876166256,344.1814370161985,56.05257971809979,63,0.3799531068123875,0.37529578534454666,0.38475951013857534,0.007336202486450299
11,19,2,5,2026-09-16T10:45:58.680000+02:00,38.94125833333333,0.39999999999999997,60.0,63,253.5066527905305,211.91438744096413,300.9319139556441,66.9869057230335,63,0.3841107848672982,0.37919674788231894,0.38838581455837595,0.007243040757163914
11,19,2,5,2026-09-16T10:45:58.680000+02:00,38.94125833333333,0.39999999999999997,65.0,63,236.9921457920296,201.3607095867921,273.8180440810229,53.04240418561763,63,0.38677285359229124,0.38283130955778455,0.39122477583329485,0.006333359331496425
11,19,2,5,2026-09-16T10:45:58.680000+02:00,38.94125833333333,0.39999999999999997,70.0,63,219.59147646681345,187.1530349373885,242.15243495525363,41.785516003223066,63,0.38893961416531564,0.3847782321463086,0.39280013699516514,0.006086851453477673
11,19,2,5,2026-09-16T10:45:58.680000+02:00,38.94125833333333,0.39999999999999997,75.0,63,188.6864841205931,156.24225252656294,223.94077528842604,51.515939294676976,63,0.3909890722367719,0.38552898907359345,0.3947330167255475,0.006436430644237239
11,19,2,5,2026-09-16T10:45:58.680000+02:00,38.94125833333333,0.39999999999999997,80.0,63,174.1757066501833,149.14072416664976,209.1170518871832,43.86267740146826,63,0.3928207722673733,0.3871300836864688,0.39595041821484744,0.006594811393490622
11,19,2,5,2026-09-16T10:45:58.680000+02:00,38.94125833333333,0.39999999999999997,85.0,63,154.94715629555432,121.15112820371542,178.62856289557163,38.20776838800783,63,0.3924099489481044,0.38820388433257247,0.3957963623170012,0.005923561803624573
11,19,2,5,2026-09-16T10:45:58.680000+02:00,38.94125833333333,0.39999999999999997,90.0,63,136.89048677272234,108.43527076079718,178.02405190661025,58.15536854106096,63,0.3910760879773273,0.3875341565778826,0.3955870870805001,0.005919293811214991
11,19,2,5,2026-09-16T10:45:58.680000+02:00,38.94125833333333,0.39999999999999997,95.0,63,135.62836566574111,96.59569016843986,158.96385121089236,45.020434000511074,63,0.3946272838706242,0.3908050180108394,0.39745876858147544,0.005540098755352307
11,19,2,5,2026-09-16T10:45:58.680000+02:00,38.94125833333333,0.39999999999999997,100.0,63,112.78800125484862,90.71756009319827,144.45482488197376,45.85236218168053,63,0.39368438613301104,0.3895870921691812,0.39855888692611996,0.006882932653501465
11,19,2,5,2026-09-16T10:45:58.680000+02:00,38.94125833333333,0.39999999999999997,105.0,63,109.79168518818216,81.89227301199459,146.48165818005253,53.984002669634016,63,0.39399603684067686,0.38969150764421157,0.39925317056309606,0.0074328642757817585
11,19,2,5,2026-09-16T10:45:58.680000+02:00,38.94125833333333,0.39999999999999997,110.0,63,84.489470039975,58.45787621686398,121.76077964027607,47.07008360457193,63,0.39414231147185297,0.3893930968759911,0.3984692211405135,0.006733733063498161
11,19,2,5,2026-09-16T10:45:58.680000+02:00,38.94125833333333,0.39999999999999997,115.0,63,79.14583353830088,59.06290972384957,111.43445361554862,46.36001131544062,63,0.3954831841795903,0.3921422807141206,0.39837528911045017,0.004710453155627122
11,19,2,5,2026-09-16T10:45:58.680000+02:00,38.94125833333333,0.39999999999999997,120.0,63,77.80039198944662,48.65216173276146,122.72274944698528,60.054101088455674,63,0.3973329622479333,0.39228121655838144,0.40180887671193166,0.007071034215052198
11,19,2,5,2026-09-16T10:45:58.680000+02:00,38.94125833333333,0.39999999999999997,125.0,63,69.73576405411987,48.01528287045062,112.89273081365107,39.7736794130744,63,0.3968751178642991,0.3938018654495863,0.400117441411857,0.004802443662877052
11,19,2,5,2026-09-16T10:45:58.680000+02:00,38.94125833333333,0.39999999999999997,130.0,63,67.73550856478879,34.28596641216813,99.16222809823067,49.30842140435565,63,0.39671582066302946,0.3915718786548805,0.40182711419598005,0.0076266824035241395
11,19,2,5,2026-09-16T10:45:58.680000+02:00,38.94125833333333,0.39999999999999997,135.0,63,71.66775326954938,46.73344729959601,100.79402364706415,42.785571815515176,63,0.3972760200442334,0.392079788049454,0.4009737341609342,0.0065530468780764664
11,19,2,5,2026-09-16T10:45:58.680000+02:00,38.94125833333333,0.39999999999999997,140.0,63,57.06094545935524,21.5336174401328,85.72619959534643,50.33410464136708,63,0.3975103367129047,0.3931730890792442,0.4006732125484303,0.00538350163603639
11,19,2,5,2026-09-16T10:45:58.680000+02:00,38.94125833333333,0.39999999999999997,145.0,63,53.11596261246207,32.07979645453641,84.03194195932323,43.83524935704056,63,0.3960726256890058,0.3922440590169278,0.40103846873583415,0.006367168391402173
11,19,2,5,2026-09-16T10:45:58.680000+02:00,38.94125833333333,0.39999999999999997,150.0,63,44.79216573658058,14.707441957449682,77.68176627559158,46.69274908800878,63,0.3964847903246547,0.3935756558599357,0.3997944242734905,0.0046831245180890425
11,19,2,5,2026-09-16T10:45:58.680000+02:00,38.94125833333333,0.39999999999999997,155.0,63,33.13778247892552,6.9638519212972945,74.74851954679384,43.01198927540536,63,0.3966819144548297,0.39345468891607766,0.39993319558367024,0.004869303522517986
11,19,2,5,2026-09-16T10:45:58.680000+02:00,38.94125833333333,0.39999999999999997,160.0,63,36.521637455064926,13.54885003002573,85.51678284406445,53.044121055574486,63,0.39815320738458426,0.39416733982904995,0.4010962743085284,0.00582507280211415
11,19,2,5,2026-09-16T10:45:58.680000+02:00,38.94125833333333,0.39999999999999997,165.0,63,35.28838193846087,16.610523216181388,70.76711578132719,39.36891685208353,63,0.3967910051588032,0.3928096226814448,0.40184005358747665,0.006585019027846016
11,19,2,5,2026-09-16T10:45:58.680000+02:00,38.94125833333333,0.39999999999999997,170.0,63,28.566936014578502,3.5562435581683136,64.47772165383591,40.747856551389205,63,0.39645415980904347,0.3923946772229931,0.40049154524705993,0.0064563144931750515
11,19,2,5,2026-09-16T10:45:58.680000+02:00,38.94125833333333,0.39999999999999997,175.0,63,33.477871102858465,12.924087937058369,54.62627978146563,31.12911355686951,63,0.39617878509581056,0.39334706033734623,0.40043839487302424,0.00586986305082265
11,19,2,5,2026-09-16T10:45:58.680000+02:00,38.94125833333333,0.39999999999999997,180.0,63,16.050567480458277,-8.673742731752546,50.124871726050245,46.67038790369014,63,0.396502829912794,0.3927580897046185,0.4002369895900054,0.005642640418567518
11,19,2,5,2026-09-16T10:45:58.680000+02:00,38.94125833333333,0.39999999999999997,185.0,63,27.577795270553196,-16.091648694938172,50.10864542304924,56.19834616490376,63,0.3961878321639767,0.39406549858470175,0.40169519733580544,0.00530712068205645
11,19,2,5,2026-09-16T10:45:58.680000+02:00,38.94125833333333,0.39999999999999997,190.0,63,8.313346515375564,-16.42887053078728,47.67109883496684,51.527915509492736,63,0.3982888981002556,0.39478799881034576,0.4019738765420079,0.00540952412218018
11,19,2,5,2026-09-16T10:45:58.680000+02:00,38.94125833333333,0.39999999999999997,195.0,63,18.042716879345853,-13.8415024905282,50.49621257674288,47.41303884712488,63,0.3989355835165707,0.3963326219831242,0.40159457164955636,0.0039058299832257473
11,19,2,5,2026-09-16T10:45:58.680000+02:00,38.94125833333333,0.39999999999999997,200.0,63,10.433922371615981,-17.400683447325086,35.83041671812077,39.69131153003795,63,0.3990727556111346,0.39482594749524846,0.4022169962529176,0.004970991791513389
11,19,2,5,2026-09-16T10:45:58.680000+02:00,38.94125833333333,0.39999999999999997,205.0,63,8.785363879646061,-18.393863114464317,36.47016236851883,41.957077374252755,63,0.3987527517577963,0.39582141155097106,0.401214629957539,0.004003433689276343
11,19,2,5,2026-09-16T10:45:58.680000+02:00,38.94125833333333,0.39999999999999997,210.0,63,11.470513401183528,-12.47061290163061,39.33457793906396,40.05315234211499,63,0.3965259593145081,0.39399506265695505,0.4003694713741229,0.004874691616227956
11,19,2,5,2026-09-16T10:45:58.680000+02:00,38.94125833333333,0.39999999999999997,215.0,63,6.361699324504493,-15.862616334545422,25.19113064044963,29.80842181145563,63,0.3973472414452752,0.39399291922534563,0.40302154494598613,0.00660010205520609
11,19,2,5,2026-09-16T10:45:58.680000+02:00,38.94125833333333,0.39999999999999997,220.0,63,13.891833686262663,-24.02674864842221,42.18400995218064,54.60831521068419,63,0.3992754127213401,0.3954223519160095,0.40247656780006796,0.005097639930091017
11,19,2,5,2026-09-16T10:45:58.680000+02:00,38.94125833333333,0.39999999999999997,225.0,63,0.39564499992206403,-27.245177242169646,31.186686050298817,45.372099217477384,63,0.3991812770437314,0.39436979630364355,0.404182807803224,0.007346401204425439
11,19,2,5,2026-09-16T10:45:58.680000+02:00,38.94125833333333,0.39999999999999997,230.0,63,12.623894270461209,-13.812029649478763,43.05456734867775,42.394418589538695,63,0.3986783487823421,0.3955295636500426,0.40270336575013427,0.005231993042785165
11,19,2,5,2026-09-16T10:45:58.680000+02:00,38.94125833333333,0.39999999999999997,235.0,63,19.325710463119922,-22.30527770875834,52.845227664807084,51.01331514615687,63,0.40009893778356853,0.3953648261324183,0.40361834040557076,0.0060543579639483975
11,19,2,5,2026-09-16T10:45:58.680000+02:00,38.94125833333333,0.39999999999999997,240.0,63,-0.7033939947222962,-32.765820255447174,33.23146854865194,51.0081645362862,63,0.3993969951142531,0.39417217700352913,0.401920988881282,0.005921728831878603
11,19,2,5,2026-09-16T10:45:58.680000+02:00,38.94125833333333,0.39999999999999997,245.0,63,1.3685735630536127,-23.802884979846645,33.111176425958796,45.548685573747086,63,0.39861298101104314,0.39502825352097026,0.40248611464854955,0.005661955596227203
11,19,2,5,2026-09-16T10:45:58.680000+02:00,38.94125833333333,0.39999999999999997,250.0,63,18.952067708697335,-14.765893365739966,39.459530357658444,43.12861080781633,63,0.39808968842080783,0.39350326242654365,0.4014659431710741,0.006297112390942343
11,19,2,5,2026-09-16T10:45:58.680000+02:00,38.94125833333333,0.39999999999999997,255.0,63,0.8121342324224612,-15.357652090461496,30.24036354013174,37.6245351012789,63,0.3961912605785259,0.3926014511728667,0.4004421038757249,0.00578257440875302
11,19,2,5,2026-09-16T10:45:58.680000+02:00,38.94125833333333,0.39999999999999997,260.0,63,-16.10959789521083,-39.652777294370125,16.567154220079917,39.71530583454857,63,0.3967636256475379,0.3934978439108292,0.4006852559735673,0.0055805424845513365
11,19,2,5,2026-09-16T10:45:58.680000+02:00,38.94125833333333,0.39999999999999997,265.0,63,-3.594415618234148,-33.20256059195469,22.543616538843132,42.041162127247766,63,0.3974590393678068,0.39388016669994097,0.40130898369177337,0.0055893106717852786
11,19,2,5,2026-09-16T10:45:58.680000+02:00,38.94125833333333,0.39999999999999997,270.0,63,-12.754636753660849,-35.06745566851275,15.040059985833794,39.93828955452834,63,0.396706309464316,0.39494286507911947,0.4014639863789301,0.005649733737933258
11,19,2,5,2026-09-16T10:45:58.680000+02:00,38.94125833333333,0.39999999999999997,275.0,63,-19.951630569009552,-40.320272888542604,1.3963658731593722,31.28861496332855,63,0.3979890426536423,0.3952506238849659,0.40250837688285485,0.005354050845705405
11,19,2,5,2026-09-16T10:45:58.680000+02:00,38.94125833333333,0.39999999999999997,280.0,63,-1.6509027620301022,-28.133641472614826,20.563569787193476,32.97805687551778,63,0.39813119575957695,0.39470337071888073,0.4027132574556961,0.006145690878812589
11,19,2,5,2026-09-16T10:45:58.680000+02:00,38.94125833333333,0.39999999999999997,285.0,63,-23.327379454703205,-41.504920106688346,1.5895563214352653,32.80310363944841,63,0.3986079872687358,0.3948221594815384,0.40240655197047237,0.006038319273287579
11,19,2,5,2026-09-16T10:45:58.680000+02:00,38.94125833333333,0.39999999999999997,290.0,63,-11.182422381822592,-45.723490567211385,21.402931445367813,50.71663164267998,63,0.3986450496236641,0.39397297868701014,0.40359231592669653,0.007307852826203129
11,19,2,5,2026-09-16T10:45:58.680000+02:00,38.94125833333333,0.39999999999999997,295.0,63,-7.805458994770885,-38.21592333530488,14.690100007851544,44.1269078752791,63,0.39931185604390507,0.3956834292351382,0.40286229972528764,0.005268965843489049
11,19,2,5,2026-09-16T10:45:58.680000+02:00,38.94125833333333,0.39999999999999997,300.0,63,-22.154284121551576,-44.044272977054675,1.8949610461753188,34.384466494125306,63,0.3986398437705186,0.3947162463203867,0.4020566978885561,0.005414072929943042
12,20,2,6,2026-09-16T10:48:38.733500+02:00,41.60881666666667,0.19999999999999998,5.0,61,929.364653685373,411.32282846410055,1244.3272781451396,688.2458888726281,63,0.06406236632720272,0.053834867030166975,0.07116688208429839,0.0125720390571537
12,20,2,6,2026-09-16T10:48:38.733500+02:00,41.60881666666667,0.19999999999999998,10.0,63,980.6366360643966,836.6162354930902,1149.1510858640606,247.6209294776964,63,0.09251007691564087,0.08299583729293658,0.10834679360438748,0.01670664248016602
12,20,2,6,2026-09-16T10:48:38.733500+02:00,41.60881666666667,0.19999999999999998,15.0,63,844.4934630447419,751.9497165751861,944.8426402648504,142.31838568352535,63,0.16534289575441732,0.15874586069021812,0.17518277114537592,0.01194639924169465
12,20,2,6,2026-09-16T10:48:38.733500+02:00,41.60881666666667,0.19999999999999998,20.0,63,664.8884834251669,602.3352380248825,726.2964540466205,91.81443654108212,63,0.16946402072563949,0.1652060942014296,0.17296629154414506,0.0062658075100879606
12,20,2,6,2026-09-16T10:48:38.733500+02:00,41.60881666666667,0.19999999999999998,25.0,63,546.4757592152447,484.9006251920181,586.8966521289323,66.83251305157277,63,0.17488433656312646,0.17325795916782055,0.1786832071650909,0.005165599462969219
12,20,2,6,2026-09-16T10:48:38.733500+02:00,41.60881666666667,0.19999999999999998,30.0,63,448.207771289956,398.79728055926716,484.67095733672954,59.81047305411748,63,0.18096711930481552,0.17934868525339126,0.18327314622412313,0.003126566612216913
12,20,2,6,2026-09-16T10:48:38.733500+02:00,41.60881666666667,0.19999999999999998,35.0,63,366.09448727536125,344.15999965505233,409.8570947925554,59.160574963225606,63,0.18543413636571968,0.18323103595786006,0.18681346102677945,0.0024444679808959973
12,20,2,6,2026-09-16T10:48:38.733500+02:00,41.60881666666667,0.19999999999999998,40.0,63,318.1521309747141,287.60575545916447,340.9097539501947,40.98109961622451,63,0.18778694080066385,0.18609991977058601,0.18994930652261097,0.002938175398802927
12,20,2,6,2026-09-16T10:48:38.733500+02:00,41.60881666666667,0.19999999999999998,45.0,63,258.312321679876,225.84440730940156,296.93719304158594,48.8470021347942,63,0.18990925507416564,0.18791685197896998,0.19165588434318426,0.002842363324888986
12,20,2,6,2026-09-16T10:48:38.733500+02:00,41.60881666666667,0.19999999999999998,50.0,63,223.92976004357075,190.95918333274346,241.9464781206289,35.497668224045505,63,0.1914417872818899,0.18950791724682953,0.19332753873717667,0.0028580193811556767
12,20,2,6,2026-09-16T10:48:38.733500+02:00,41.60881666666667,0.19999999999999998,55.0,63,197.53895626122065,170.67843701833343,211.3555755960549,29.40705111549944,63,0.1932285789656697,0.19188878046188385,0.19492567305127226,0.0023647564326773492
12,20,2,6,2026-09-16T10:48:38.733500+02:00,41.60881666666667,0.19999999999999998,60.0,63,171.16778221009085,143.21576517865282,193.80628519790952,36.31238583077699,63,0.19511100040438897,0.19265911905910116,0.19639072697754933,0.002605553167708531
12,20,2,6,2026-09-16T10:48:38.733500+02:00,41.60881666666667,0.19999999999999998,65.0,63,144.70523811507803,121.53868123530067,162.21178088990993,29.091398292745204,63,0.19481808975508494,0.19315089386819234,0.1963387779596248,0.0023300625763691273
12,20,2,6,2026-09-16T10:48:38.733500+02:00,41.60881666666667,0.19999999999999998,70.0,63,123.44751019231182,106.85725220224762,139.8064197961421,24.372937153432172,63,0.19535977662357915,0.1939683575070164,0.19707263644226047,0.002255492534864221
12,20,2,6,2026-09-16T10:48:38.733500+02:00,41.60881666666667,0.19999999999999998,75.0,63,99.01993373004086,85.77363575877916,126.66367924865276,31.67625069962964,63,0.19578448911002724,0.1943929294334123,0.19746920416658556,0.0022609082026876027
12,20,2,6,2026-09-16T10:48:38.733500+02:00,41.60881666666667,0.19999999999999998,80.0,63,96.83806792164027,70.32868079176365,121.46520390325453,37.823398892114,63,0.19672543701072753,0.19496574579241258,0.19842056357932092,0.002631325002666449
12,20,2,6,2026-09-16T10:48:38.733500+02:00,41.60881666666667,0.19999999999999998,85.0,63,82.6847210247638,60.963110072389625,104.82461471745363,33.5818507268452,63,0.1970515729606513,0.19539968938038438,0.19905171986762799,0.002794990952833856
12,20,2,6,2026-09-16T10:48:38.733500+02:00,41.60881666666667,0.19999999999999998,90.0,63,69.17121863304183,56.53861102145584,87.00974394136261,23.98881890678967,63,0.19824503425892365,0.1956118111681796,0.19948871951750324,0.003081864264876319
12,20,2,6,2026-09-16T10:48:38.733500+02:00,41.60881666666667,0.19999999999999998,95.0,63,65.73412330675671,49.5134409037833,85.71117367159002,28.14632419394427,63,0.19765243225744686,0.19637214542679582,0.1997573215155094,0.002495127632664634
12,20,2,6,2026-09-16T10:48:38.733500+02:00,41.60881666666667,0.19999999999999998,100.0,63,64.7299283947588,42.92905004573332,85.8592439822766,32.5458243952167,63,0.1984163742509461,0.19639486895788322,0.1998744834351608,0.0024513152081968733
12,20,2,6,2026-09-16T10:48:38.733500+02:00,41.60881666666667,0.19999999999999998,105.0,63,57.37098223577874,36.758818272231395,72.39252813698599,27.969654087919697,63,0.19806717420857728,0.1962048530518916,0.2003526400265303,0.003032221500523655
12,20,2,6,2026-09-16T10:48:38.733500+02:00,41.60881666666667,0.19999999999999998,110.0,63,54.98205806826923,37.45584319588853,65.5669457828724,24.024621926622977,63,0.1978253311530619,0.1964649607851744,0.19905495171137164,0.0019524151432344296
12,20,2,6,2026-09-16T10:48:38.733500+02:00,41.60881666666667,0.19999999999999998,115.0,63,48.22121146085684,31.063456528978797,64.81439272744404,25.0985031470529,63,0.1976463223299215,0.19636701730259815,0.19924201595163837,0.0021744003700159163
12,20,2,6,2026-09-16T10:48:38.733500+02:00,41.60881666666667,0.19999999999999998,120.0,63,35.81016561411252,15.053377134425258,53.16804494968888,27.97137095787489,63,0.1980047297508826,0.19616230647760863,0.19983671841944983,0.002788377268837245
12,20,2,6,2026-09-16T10:48:38.733500+02:00,41.60881666666667,0.19999999999999998,125.0,63,31.06462866400945,18.373033003995495,49.70780348709041,22.496440165720454,63,0.19875688941541475,0.19681487652811314,0.2007034152953529,0.002935820269834623
12,20,2,6,2026-09-16T10:48:38.733500+02:00,41.60881666666667,0.19999999999999998,130.0,63,34.52138196573273,2.7742176616893897,45.302369283028106,28.510007500612204,63,0.19841230398393744,0.19698673529215038,0.2000587473175644,0.0022845662812488433
12,20,2,6,2026-09-16T10:48:38.733500+02:00,41.60881666666667,0.19999999999999998,135.0,63,27.19025636107688,14.39915632251628,42.53858785973682,20.22221559635688,63,0.19868145962990635,0.19712421355055593,0.20050704424856958,0.002600808701563061
12,20,2,6,2026-09-16T10:48:38.733500+02:00,41.60881666666667,0.19999999999999998,140.0,63,28.043994326002334,11.61625356391944,50.5308964759369,27.49454173358054,63,0.19934321293689958,0.19792085951748323,0.2002641234118386,0.0018790264767014754
12,20,2,6,2026-09-16T10:48:38.733500+02:00,41.60881666666667,0.19999999999999998,145.0,63,26.76679080683399,2.588526053181349,53.51160761238695,37.058512389001336,63,0.1994537441357443,0.19791806626822156,0.20032483027410825,0.0017870042710754672
12,20,2,6,2026-09-16T10:48:38.733500+02:00,41.60881666666667,0.19999999999999998,150.0,63,18.17696164552569,8.293137777693586,34.87309308520564,20.429663736969758,63,0.1987440438447709,0.19674710571349946,0.20056084958805756,0.0029466538086726237
12,20,2,6,2026-09-16T10:48:38.733500+02:00,41.60881666666667,0.19999999999999998,155.0,63,20.889846988730316,11.007181133819357,35.234040063825866,19.169020565164505,63,0.19858423861663554,0.19612610609444048,0.2009774260629517,0.003698106173809961
12,20,2,6,2026-09-16T10:48:38.733500+02:00,41.60881666666667,0.19999999999999998,160.0,63,21.83851376895701,1.6844004040850873,39.689169968726276,28.832485928313172,63,0.1994749431843974,0.19736169880880666,0.20055802216086993,0.0021600390208128123
12,20,2,6,2026-09-16T10:48:38.733500+02:00,41.60881666666667,0.19999999999999998,165.0,63,18.935827283584555,-3.9015856065732444,37.294427492393154,31.87352324513022,63,0.199132645912095,0.19732502977394598,0.20104075972932917,0.0027774453724340215
12,20,2,6,2026-09-16T10:48:38.733500+02:00,41.60881666666667,0.19999999999999998,170.0,63,13.206939654057392,-5.8688659718746825,33.9296373631224,30.750062170347803,63,0.1992322821158923,0.197814395053654,0.20043836170595108,0.002029816927287046
12,20,2,6,2026-09-16T10:48:38.733500+02:00,41.60881666666667,0.19999999999999998,175.0,63,13.788911757386106,-7.0697112488041105,40.69278587426531,39.69817900986216,63,0.1989880892575766,0.19729377397411801,0.20024613865539165,0.0023877148156891655
12,20,2,6,2026-09-16T10:48:38.733500+02:00,41.60881666666667,0.19999999999999998,180.0,63,19.802388123291756,2.497141887186012,34.379059353326156,24.83950703286095,63,0.19877340198402874,0.19718567166102768,0.20083598075628778,0.0024880627898620075
12,20,2,6,2026-09-16T10:48:38.733500+02:00,41.60881666666667,0.19999999999999998,185.0,63,12.153034919111855,-0.29848489143108203,26.00906905958732,20.537784669361205,63,0.198965325448993,0.19710305466810518,0.20019700683965858,0.0025787695010571466
12,20,2,6,2026-09-16T10:48:38.733500+02:00,41.60881666666667,0.19999999999999998,190.0,63,9.031794678070474,-2.5925649762952787,18.125458314760575,16.573950688295287,63,0.19827250528702467,0.19681138750814386,0.20045806215748474,0.002483114956390673
12,20,2,6,2026-09-16T10:48:38.733500+02:00,41.60881666666667,0.19999999999999998,195.0,63,4.332550000583993,-8.540684222713434,25.227593925351073,23.41927870484175,63,0.19883421505616541,0.19732205059740487,0.20059773667144826,0.002442207510513259
12,20,2,6,2026-09-16T10:48:38.733500+02:00,41.60881666666667,0.19999999999999998,200.0,63,-2.223554273553884,-17.141528628878724,26.6389716001551,32.557800610037454,63,0.1990842892746681,0.1976256774277222,0.2002741346586427,0.0019174870196999078
12,20,2,6,2026-09-16T10:48:38.733500+02:00,41.60881666666667,0.19999999999999998,205.0,63,5.846891970594225,-14.52234347751003,16.173217995321117,28.247577646506492,63,0.1992618310932329,0.19720736854837861,0.20067890713240366,0.0024948665051172476
12,20,2,6,2026-09-16T10:48:38.733500+02:00,41.60881666666667,0.19999999999999998,210.0,63,3.2450628909309236,-6.670620454335378,16.41035644616243,17.280589237512828,63,0.1991001984388824,0.196841360346479,0.2008847683373177,0.003272123954078661
12,20,2,6,2026-09-16T10:48:38.733500+02:00,41.60881666666667,0.19999999999999998,215.0,63,6.807082391595447,-11.910685410127645,23.545467180781998,28.305867475275754,63,0.19920721975948086,0.1978636144783823,0.20100461686771748,0.0022742923387701103
12,20,2,6,2026-09-16T10:48:38.733500+02:00,41.60881666666667,0.19999999999999998,220.0,63,4.051407058749921,-11.122855326935182,27.390945649125136,27.022863119158522,63,0.20000131139991453,0.19765150367158846,0.20097674143159627,0.0025824059920554966
12,20,2,6,2026-09-16T10:48:38.733500+02:00,41.60881666666667,0.19999999999999998,225.0,63,-2.709411304441195,-16.31551236351261,12.894615096007804,22.788056809083237,63,0.1989813684161072,0.1970118718242925,0.20038576566576852,0.0025303145460743456
12,20,2,6,2026-09-16T10:48:38.733500+02:00,41.60881666666667,0.19999999999999998,230.0,63,6.066688471836843,-17.4220643200349,20.85571385177841,28.23547580705673,63,0.19901922267018168,0.1973444365274743,0.2008670913382663,0.002576320406054044
12,20,2,6,2026-09-16T10:48:38.733500+02:00,41.60881666666667,0.19999999999999998,235.0,63,1.1961991031375976,-14.03185439493871,17.148476706403894,23.640545554866303,63,0.20007248645646472,0.19853846204061015,0.20122604297710878,0.0019899847871482886
12,20,2,6,2026-09-16T10:48:38.733500+02:00,41.60881666666667,0.19999999999999998,240.0,63,3.08655634184736,-13.163584780065431,20.910098092738004,25.50322383316633,63,0.199930278493857,0.19829866540277313,0.20120153031202434,0.0023439727170060207
12,20,2,6,2026-09-16T10:48:38.733500+02:00,41.60881666666667,0.19999999999999998,245.0,63,1.2529134920467317,-17.26529479033192,22.297778868988797,29.636860440429277,63,0.19934207733032042,0.19763580181881008,0.2012063665092559,0.0026876978078925425
12,20,2,6,2026-09-16T10:48:38.733500+02:00,41.60881666666667,0.19999999999999998,250.0,63,6.705290231421017,-10.723722166140742,24.350088451327103,27.022904994035965,63,0.1988209517484845,0.1972861922455713,0.20112902730408747,0.0029113786803534
12,20,2,6,2026-09-16T10:48:38.733500+02:00,41.60881666666667,0.19999999999999998,255.0,63,-4.452842123277704,-20.665404313693614,7.098633327610867,20.590923888261475,63,0.19899613834633245,0.19782187701883625,0.20016221202479034,0.0017796172826967378
12,20,2,6,2026-09-16T10:48:38.733500+02:00,41.60881666666667,0.19999999999999998,260.0,63,-0.6617337737857765,-20.671180256189825,14.016828471182858,25.693628898841,63,0.19868683650132932,0.19712524576248625,0.20100041014620545,0.00282597439948103
12,20,2,6,2026-09-16T10:48:38.733500+02:00,41.60881666666667,0.19999999999999998,265.0,63,-1.706430893799073,-19.20947138565134,12.00903177575597,23.86009553492895,63,0.19871744040671932,0.19692894668921213,0.20053417685702918,0.0026535413980437574
12,20,2,6,2026-09-16T10:48:38.733500+02:00,41.60881666666667,0.19999999999999998,270.0,63,-5.9614222728978525,-21.45730156421846,10.649665827635726,24.782850324293687,63,0.19899408340185137,0.19721684858383065,0.20041488456487114,0.0022661042585699525
12,20,2,6,2026-09-16T10:48:38.733500+02:00,41.60881666666667,0.19999999999999998,275.0,63,-3.2415888521686194,-24.4206707510715,17.62683489752392,31.134138542107824,63,0.1997093039989898,0.19816787102235708,0.20096759978408013,0.0020216381171677296
12,20,2,6,2026-09-16T10:48:38.733500+02:00,41.60881666666667,0.19999999999999998,280.0,63,-7.656244793273236,-17.846659642983298,8.702636566341411,21.259875048190732,63,0.1998450262549314,0.19839934062048586,0.20170068755171888,0.002493548382322784
12,20,2,6,2026-09-16T10:48:38.733500+02:00,41.60881666666667,0.19999999999999998,285.0,63,-9.265459090148926,-24.76885134334295,5.688413665728552,22.604561098120246,63,0.19905894038123365,0.1974628733873977,0.20044863679753494,0.0023407196432833678
12,20,2,6,2026-09-16T10:48:38.733500+02:00,41.60881666666667,0.19999999999999998,290.0,63,0.5483897286200552,-12.688107499139885,20.786289564956842,27.964461603171582,63,0.19902603365927576,0.19700044260703992,0.20076105267476474,0.002984277003003292
12,20,2,6,2026-09-16T10:48:38.733500+02:00,41.60881666666667,0.19999999999999998,295.0,63,-7.920045785511425,-17.5869540622937,12.272225517317953,27.11720721701741,63,0.19950563299418528,0.19730440324515586,0.20095439824008451,0.002601702344925491
12,20,2,6,2026-09-16T10:48:38.733500+02:00,41.60881666666667,0.19999999999999998,300.0,63,-7.283760051767282,-24.02152346816925,6.462347593867289,22.98193748955247,63,0.1990115608513752,0.19724506981850629,0.20103145708409564,0.0029602721280568437
13,21,3,1,2026-09-16T10:51:18.852000+02:00,44.277458333333335,0.39999999999999997,5.0,63,1410.6859174271258,1043.2627515460485,1776.4912262807493,556.8260680490924,63,0.16311445848862452,0.14731015601655922,0.17410158305632026,0.021533557172427976
13,21,3,1,2026-09-16T10:51:18.852000+02:00,44.277458333333335,0.39999999999999997,10.0,63,1342.2852292940058,1236.5501622227162,1542.5804398945293,247.60212765793048,63,0.20895138749167222,0.19356173057883602,0.25374376505039686,0.02896465847751991
13,21,3,1,2026-09-16T10:51:18.852000+02:00,44.277458333333335,0.39999999999999997,15.0,63,1168.0077022394303,1022.1426859397882,1286.0554829139437,201.6194089841775,63,0.31938794483904787,0.3052747051697467,0.33429584020458253,0.02123695022548525
13,21,3,1,2026-09-16T10:51:18.852000+02:00,44.277458333333335,0.39999999999999997,20.0,63,929.5613746608451,855.2669091559403,1025.0296827622933,127.60878826860943,63,0.3251649794494734,0.31616299654158986,0.3353189390044358,0.013846604213659183
13,21,3,1,2026-09-16T10:51:18.852000+02:00,44.277458333333335,0.39999999999999997,25.0,63,782.0310086818811,699.0304466939803,836.6538285466917,94.39744645337902,63,0.3399101173590657,0.3344974310300908,0.3485806314186949,0.010892015172378752
13,21,3,1,2026-09-16T10:51:18.852000+02:00,44.277458333333335,0.39999999999999997,30.0,63,636.3296535010352,583.7441314169178,685.5683629003731,73.15314885942423,63,0.3529886280734602,0.3471624771790514,0.3581200018074806,0.00841598232094477
13,21,3,1,2026-09-16T10:51:18.852000+02:00,44.277458333333335,0.39999999999999997,35.0,63,544.5657157568778,510.0761085359245,604.9278030011783,85.96384622744388,63,0.36142899182725824,0.3570764719690783,0.3667398148778416,0.007788197987223936
13,21,3,1,2026-09-16T10:51:18.852000+02:00,44.277458333333335,0.39999999999999997,40.0,63,463.3687024049401,415.8890569988714,505.03676111239776,63.89959666714204,63,0.3692514682397794,0.3644339850812317,0.3738471476205848,0.006958935611482012
13,21,3,1,2026-09-16T10:51:18.852000+02:00,44.277458333333335,0.39999999999999997,45.0,63,404.2403931952746,354.47591768560017,445.08069861798265,64.65769944018042,63,0.3741758665230455,0.3702901400626568,0.377047820320408,0.005521905183270927
13,21,3,1,2026-09-16T10:51:18.852000+02:00,44.277458333333335,0.39999999999999997,50.0,63,351.68903249232517,313.55984714922096,378.1862463644213,55.49861697039128,63,0.3791455704632071,0.37425289345918156,0.38185450120866227,0.0062724117593990604
13,21,3,1,2026-09-16T10:51:18.852000+02:00,44.277458333333335,0.39999999999999997,55.0,63,293.9674547836695,263.08043988194026,326.8663194260474,47.92763921046578,63,0.3820169030017212,0.3781371577633321,0.3866699750843285,0.006482250321032714
13,21,3,1,2026-09-16T10:51:18.852000+02:00,44.277458333333335,0.39999999999999997,60.0,63,271.82819658587266,252.5938702887464,312.6291578134854,46.96548016184918,63,0.38485272450898883,0.3810450994415371,0.38959977934863815,0.006539092977627238
13,21,3,1,2026-09-16T10:51:18.852000+02:00,44.277458333333335,0.39999999999999997,65.0,63,236.99677784371306,211.84672841774105,269.43689990408393,45.215989676054726,63,0.38889137968271903,0.3847994770109183,0.3912148663454099,0.004773944785337699
13,21,3,1,2026-09-16T10:51:18.852000+02:00,44.277458333333335,0.39999999999999997,70.0,63,216.14164299839462,186.57866052859134,244.72011677585772,42.77007811102572,63,0.38753733020173325,0.3849201997561741,0.39159328354893524,0.005130299410867999
13,21,3,1,2026-09-16T10:51:18.852000+02:00,44.277458333333335,0.39999999999999997,75.0,63,191.5705859107971,175.17757141423164,231.7005351391465,36.6485992181415,63,0.38915386811032804,0.385760568864931,0.39220492602702467,0.004638232443998457
13,21,3,1,2026-09-16T10:51:18.852000+02:00,44.277458333333335,0.39999999999999997,80.0,63,162.4437365268206,128.70671060551803,184.75017224849955,39.42716480597699,63,0.3902186447369653,0.3877311643232947,0.3936976095002172,0.004530798899326567
13,21,3,1,2026-09-16T10:51:18.852000+02:00,44.277458333333335,0.39999999999999997,85.0,63,154.90552431883458,122.04539662087299,187.55852304714026,49.3495425335644,63,0.39219433857923075,0.38896666424724813,0.3960513351951005,0.005268859706408964
13,21,3,1,2026-09-16T10:51:18.852000+02:00,44.277458333333335,0.39999999999999997,90.0,63,142.7050108699637,118.19527197874143,167.91345521579302,37.50104608903535,63,0.39328922141411476,0.3908907432196431,0.3959826984280364,0.0036911299485333027
13,21,3,1,2026-09-16T10:51:18.852000+02:00,44.277458333333335,0.39999999999999997,95.0,63,131.43692377620903,101.45805932458327,153.80993111873462,40.663813673271626,63,0.39224439943119255,0.38972347583663847,0.3958566475434223,0.004546343021970254
13,21,3,1,2026-09-16T10:51:18.852000+02:00,44.277458333333335,0.39999999999999997,100.0,63,120.99842584134537,93.49756781949169,153.89782712385704,47.46295370050022,63,0.3932977430398521,0.3909367327923159,0.3970144777025517,0.004908924468403865
13,21,3,1,2026-09-16T10:51:18.852000+02:00,44.277458333333335,0.39999999999999997,105.0,63,98.05158073015923,78.86010091110681,125.6161153405545,33.820118776927195,63,0.394497076948182,0.3915115767863576,0.39758418036569604,0.004459693825792688
13,21,3,1,2026-09-16T10:51:18.852000+02:00,44.277458333333335,0.39999999999999997,110.0,63,91.52798555045804,71.24722511393674,115.79126539903972,34.83901828386088,63,0.39473271000005833,0.3911094174525587,0.3976472849211555,0.004928883265780541
13,21,3,1,2026-09-16T10:51:18.852000+02:00,44.277458333333335,0.39999999999999997,115.0,63,94.36347904219416,61.78219238233725,123.68062384214421,43.857526791602616,63,0.3957623637713327,0.3925232602525176,0.4008120426274888,0.006394350796793099
13,21,3,1,2026-09-16T10:51:18.852000+02:00,44.277458333333335,0.39999999999999997,120.0,63,73.34291781448547,50.976307787243485,107.1233550982169,36.86643232824389,63,0.3967924902915965,0.3925022256302162,0.40011427353852635,0.005212737359112725
13,21,3,1,2026-09-16T10:51:18.852000+02:00,44.277458333333335,0.39999999999999997,125.0,63,73.1404350186231,52.817491843138804,102.98573256529221,36.9451989718668,63,0.3959816177950644,0.39259131024645166,0.40003569389519034,0.005673987338879023
13,21,3,1,2026-09-16T10:51:18.852000+02:00,44.277458333333335,0.39999999999999997,130.0,63,73.19367536876993,51.26785872325891,92.94689030924721,32.25085776169332,63,0.3964939003523064,0.3933340443430336,0.398349626430316,0.0042118244456188685
13,21,3,1,2026-09-16T10:51:18.852000+02:00,44.277458333333335,0.39999999999999997,135.0,63,61.81111446114401,37.78149902463739,87.70099292252468,38.39633095909995,63,0.3960749816469967,0.39277032832786635,0.3993424969177128,0.004952164977663046
13,21,3,1,2026-09-16T10:51:18.852000+02:00,44.277458333333335,0.39999999999999997,140.0,63,52.824425798555595,24.86256565728952,83.1029613987543,43.977665813687295,63,0.39832554414945237,0.3944565726165844,0.40138815733297556,0.0047321617325946546
13,21,3,1,2026-09-16T10:51:18.852000+02:00,44.277458333333335,0.39999999999999997,145.0,63,54.44753625048276,21.777732212714362,74.36965161211603,38.28657690650483,63,0.396930946958989,0.3914817262672454,0.4016037466659499,0.007383490981812685
13,21,3,1,2026-09-16T10:51:18.852000+02:00,44.277458333333335,0.39999999999999997,150.0,63,49.36767249683005,23.455777667842668,81.96748736342413,44.3189460611591,63,0.3967717691568297,0.3928820189789162,0.3994745399185654,0.005430773122943653
13,21,3,1,2026-09-16T10:51:18.852000+02:00,44.277458333333335,0.39999999999999997,155.0,63,39.6891982129453,14.356917095118623,62.41846399397189,37.01219877504783,63,0.3963674933578943,0.3935049818397503,0.3994983804138522,0.004627989855385463
13,21,3,1,2026-09-16T10:51:18.852000+02:00,44.277458333333335,0.39999999999999997,160.0,63,37.71667854528251,15.229804639566403,59.69807981099884,32.95912943111791,63,0.397879798214313,0.3950600828681386,0.4011285783242139,0.004480671895400234
13,21,3,1,2026-09-16T10:51:18.852000+02:00,44.277458333333335,0.39999999999999997,165.0,63,39.248390709104264,12.723398649012369,63.2334932586972,36.93326463191846,63,0.39826487793359155,0.3955672164900004,0.402698322373617,0.005308892882778008
13,21,3,1,2026-09-16T10:51:18.852000+02:00,44.277458333333335,0.39999999999999997,170.0,63,31.20692303220038,15.770045911412177,61.877078831313355,33.71388221400073,63,0.3994331102328416,0.3975743094314382,0.4019223852174007,0.00355526100040589
13,21,3,1,2026-09-16T10:51:18.852000+02:00,44.277458333333335,0.39999999999999997,175.0,63,39.75859425555123,5.251080200649822,66.56009720579544,44.510984247037456,63,0.39734806949756446,0.392879518813213,0.4004940515553753,0.0053994410937906155
13,21,3,1,2026-09-16T10:51:18.852000+02:00,44.277458333333335,0.39999999999999997,180.0,63,33.72198587544285,-4.842711180703558,57.16852768413313,51.52104802966852,63,0.3966192759701566,0.3926356916424478,0.4009508444002854,0.0062953295821947695
13,21,3,1,2026-09-16T10:51:18.852000+02:00,44.277458333333335,0.39999999999999997,185.0,63,21.140881594621412,-9.176405072102568,47.17652846295306,44.766630371067166,63,0.3959992659526901,0.3927161825496387,0.4002056309223394,0.005314651858537532
13,21,3,1,2026-09-16T10:51:18.852000+02:00,44.277458333333335,0.39999999999999997,190.0,63,17.555701835536272,-8.44177297273179,34.87885490559234,33.15987759140968,63,0.39645238018224216,0.3940619676655305,0.402103409190664,0.005487386961761856
13,21,3,1,2026-09-16T10:51:18.852000+02:00,44.277458333333335,0.39999999999999997,195.0,63,11.622043628524594,-6.394702692754272,41.59805541417434,37.821723897034595,63,0.397831617749471,0.3951563166764497,0.40312001379930756,0.005690668119096624
13,21,3,1,2026-09-16T10:51:18.852000+02:00,44.277458333333335,0.39999999999999997,200.0,63,12.793980948757337,-12.67135867811183,47.854474417633156,41.72559305424679,63,0.3990527693658257,0.39552034105301237,0.40293759238520654,0.005740413824253038
13,21,3,1,2026-09-16T10:51:18.852000+02:00,44.277458333333335,0.39999999999999997,205.0,63,24.29225841582253,-10.210680075827828,48.53356426312489,43.418510581225554,63,0.398792798053485,0.39586567030213415,0.4027053738541683,0.005140306832309571
13,21,3,1,2026-09-16T10:51:18.852000+02:00,44.277458333333335,0.39999999999999997,210.0,63,18.3099919103486,-10.413120505364487,39.70594703397335,36.998463815397734,63,0.39771302353010723,0.39328615225925523,0.4017101493274021,0.006053492760304396
13,21,3,1,2026-09-16T10:51:18.852000+02:00,44.277458333333335,0.39999999999999997,215.0,63,8.73099376079485,-15.479695354643614,39.46591355083143,44.799125275610685,63,0.39609888080188455,0.3944180982984775,0.4011706985372335,0.004818505732670184
13,21,3,1,2026-09-16T10:51:18.852000+02:00,44.277458333333335,0.39999999999999997,220.0,63,9.205298906691997,-17.92820069914948,32.146325709057365,39.692986525117384,63,0.39673390369605976,0.3943367250140518,0.4008250084532475,0.005220580182196283
13,21,3,1,2026-09-16T10:51:18.852000+02:00,44.277458333333335,0.39999999999999997,225.0,63,1.0226666302981826,-25.87256475600041,31.90278994293525,48.06151319220382,63,0.39989512476025235,0.39468440277345473,0.4022079910661808,0.005205476832284238
13,21,3,1,2026-09-16T10:51:18.852000+02:00,44.277458333333335,0.39999999999999997,230.0,63,7.137935156380517,-12.553919221396395,22.172247443934868,27.179056410332787,63,0.3994281664889076,0.39444898000150175,0.4029759599951448,0.00605981422787784
13,21,3,1,2026-09-16T10:51:18.852000+02:00,44.277458333333335,0.39999999999999997,235.0,63,9.397359586265202,-27.66165235256279,35.19757677892442,44.64653322385665,63,0.3997473034849773,0.39554016154540184,0.4030252520307934,0.005690093364859997
13,21,3,1,2026-09-16T10:51:18.852000+02:00,44.277458333333335,0.39999999999999997,240.0,63,-6.354779491196648,-30.666639394026078,27.093068008369137,47.24842870567596,63,0.398458751434315,0.39623519851944156,0.40100338297883453,0.003682063718154712
13,21,3,1,2026-09-16T10:51:18.852000+02:00,44.277458333333335,0.39999999999999997,245.0,63,6.148822656571975,-18.163065490473656,30.51277901873322,37.25917679953988,63,0.39853499035402945,0.3944607640927821,0.4024698878313927,0.00603008983608403
13,21,3,1,2026-09-16T10:51:18.852000+02:00,44.277458333333335,0.39999999999999997,250.0,63,-6.519019616452404,-36.75938315658302,13.844990651400014,37.16139896176721,63,0.3996865235191931,0.3952830060905612,0.402983282463487,0.005613134011037262
13,21,3,1,2026-09-16T10:51:18.852000+02:00,44.277458333333335,0.39999999999999997,255.0,63,-3.5597317190389997,-21.97383181540432,17.538938892401525,30.875226177674115,63,0.3991169257390555,0.3962891588465779,0.40384800413284894,0.005475641984327789
13,21,3,1,2026-09-16T10:51:18.852000+02:00,44.277458333333335,0.39999999999999997,260.0,63,0.3898549353197276,-28.066547333743927,24.697125152789727,42.12001252062391,63,0.39849435711463754,0.3938035351462441,0.40235673739159783,0.0069339638993177405
13,21,3,1,2026-09-16T10:51:18.852000+02:00,44.277458333333335,0.39999999999999997,265.0,63,-2.8945239064909196,-27.138738908203948,20.54391181175474,36.31749456577193,63,0.3983921636937447,0.3956375883589812,0.402232364950026,0.005173452853557403
13,21,3,1,2026-09-16T10:51:18.852000+02:00,44.277458333333335,0.39999999999999997,270.0,63,-10.160885520224282,-37.22561045625005,20.0458956451988,43.876454236004186,63,0.3970470620310321,0.39474847177415395,0.4016904813785198,0.004916541612074686
13,21,3,1,2026-09-16T10:51:18.852000+02:00,44.277458333333335,0.39999999999999997,275.0,63,-6.49938988522987,-26.69393484757357,20.796697559136497,37.92804420971258,63,0.3977308156570537,0.3941972055444861,0.40263314798330274,0.005604914361890854
13,21,3,1,2026-09-16T10:51:18.852000+02:00,44.277458333333335,0.39999999999999997,280.0,63,-18.824799264261124,-39.9251927729716,14.273031768892267,40.71012728722013,63,0.3974051365155521,0.39437979284520985,0.40165703226660593,0.0057397137895538975
13,21,3,1,2026-09-16T10:51:18.852000+02:00,44.277458333333335,0.39999999999999997,285.0,63,-18.58531654336132,-39.46128149914742,22.799269074309294,42.634612883959754,63,0.39794752236053893,0.3930121514693704,0.40141960595916726,0.006515614821645745
13,21,3,1,2026-09-16T10:51:18.852000+02:00,44.277458333333335,0.39999999999999997,290.0,63,0.9683247556637374,-34.5375800245198,23.765291926241943,39.11502947288981,63,0.39818223353832094,0.39377466418509444,0.40116952997543054,0.005759895130398055
13,21,3,1,2026-09-16T10:51:18.852000+02:00,44.277458333333335,0.39999999999999997,295.0,63,-34.54798801870115,-54.4862873170086,6.520784880050321,50.380418255320585,63,0.39900639030331003,0.3956617117248795,0.4025176314559097,0.005221597975564063
13,21,3,1,2026-09-16T10:51:18.852000+02:00,44.277458333333335,0.39999999999999997,300.0,63,-9.504941811045352,-35.70951734475141,15.694859804202217,37.494178609209506,63,0.3988126348243046,0.39672431251920515,0.40263698955778227,0.005154971617788473
14,22,3,2,2026-09-16T10:55:38.156000+02:00,48.59919166666667,0.09999999999999999,5.0,63,263.2927092991966,-34.778234880446874,771.4577010964865,523.2528016720282,63,0.026029436417767823,0.021124182158276335,0.0299417800378716,0.006728723310464001
14,22,3,2,2026-09-16T10:55:38.156000+02:00,48.59919166666667,0.09999999999999999,10.0,63,714.1902056739376,485.63405691214086,857.4077361161884,259.4473159871684,63,0.04331715608034459,0.039499410396621366,0.05451410805873586,0.011353997367861076
14,22,3,2,2026-09-16T10:55:38.156000+02:00,48.59919166666667,0.09999999999999999,15.0,63,639.1130928997658,526.1232584660595,705.0115269423168,132.07009578832174,63,0.08667140636131679,0.0835139754720434,0.09027662813589413,0.0047761121814707775
14,22,3,2,2026-09-16T10:55:38.156000+02:00,48.59919166666667,0.09999999999999999,20.0,63,516.4777169398798,469.2323855628898,572.8277978089577,78.26443821978992,63,0.08786588219514113,0.08618415096512151,0.09004207327780005,0.0027488227721260477
14,22,3,2,2026-09-16T10:55:38.156000+02:00,48.59919166666667,0.09999999999999999,25.0,63,430.39295700229627,377.523933584175,477.0152915499174,73.3708144700268,63,0.089855807410102,0.08864565523497586,0.09129359471790238,0.002067329700438432
14,22,3,2,2026-09-16T10:55:38.156000+02:00,48.59919166666667,0.09999999999999999,30.0,63,334.81588041893286,303.4857137433046,375.6549854623936,53.29277407514769,63,0.09158036997414107,0.09054867709820644,0.09285137804764032,0.0016119244396575402
14,22,3,2,2026-09-16T10:55:38.156000+02:00,48.59919166666667,0.09999999999999999,35.0,63,262.3741508549162,228.56364760156245,300.9903371197182,54.64269448470101,63,0.09376781298205011,0.09291918060878138,0.09473173256822123,0.0012899780090313141
14,22,3,2,2026-09-16T10:55:38.156000+02:00,48.59919166666667,0.09999999999999999,40.0,63,223.86731207848942,199.7179694036447,247.94783771719273,35.80808668717915,63,0.09504234913310207,0.0941762321139325,0.0960542264908372,0.0013652312073815776
14,22,3,2,2026-09-16T10:55:38.156000+02:00,48.59919166666667,0.09999999999999999,45.0,63,188.48174178732305,165.2827464236504,213.06605953507912,36.32607891555637,63,0.09582074242018711,0.09519603923668378,0.09662017114873903,0.0010224897252114977
14,22,3,2,2026-09-16T10:55:38.156000+02:00,48.59919166666667,0.09999999999999999,50.0,63,154.39992457985542,127.50820959864654,175.9827575691295,35.72236881398045,63,0.09628867321200353,0.09578213833865082,0.09717575972277487,0.001094998787735017
14,22,3,2,2026-09-16T10:55:38.156000+02:00,48.59919166666667,0.09999999999999999,55.0,63,128.68009043044236,112.3507101560973,145.41500118086716,25.8513715604657,63,0.09720821011795756,0.09660650401209507,0.09797753244862524,0.0010703842985260604
14,22,3,2,2026-09-16T10:55:38.156000+02:00,48.59919166666667,0.09999999999999999,60.0,63,109.66904879543276,90.46939227539214,131.26457756050866,29.76202444775387,63,0.0977650585793118,0.09716355280255162,0.09813792074731642,0.0006601852152644408
14,22,3,2,2026-09-16T10:55:38.156000+02:00,48.59919166666667,0.09999999999999999,65.0,63,88.30837069956874,76.76786812721315,106.05840687419536,20.491512930283484,63,0.09788912649553173,0.09715998576156405,0.09859970738860589,0.0011166343419204234
14,22,3,2,2026-09-16T10:55:38.156000+02:00,48.59919166666667,0.09999999999999999,70.0,63,81.95477746551,63.0506966824892,98.18701175347472,24.499859905591126,63,0.09805981808590879,0.09726890549858078,0.09906204192218082,0.001266469559008283
14,22,3,2,2026-09-16T10:55:38.156000+02:00,48.59919166666667,0.09999999999999999,75.0,63,60.4633568864497,38.24541029846439,83.44135536963293,34.11864477498826,63,0.09829905540804931,0.09795680434461579,0.09936591614458193,0.0009779900667934312
14,22,3,2,2026-09-16T10:55:38.156000+02:00,48.59919166666667,0.09999999999999999,80.0,63,58.64239569034363,37.131317135844036,79.45937259770514,31.477177534414,63,0.09904314984310285,0.09809300807554447,0.09962519056493702,0.0011572961052687093
14,22,3,2,2026-09-16T10:55:38.156000+02:00,48.59919166666667,0.09999999999999999,85.0,63,50.74322238162842,37.65767637474898,70.2898873589121,25.29058320780868,63,0.09889324674262248,0.09818861407399773,0.0996194496980202,0.0010645389339263391
14,22,3,2,2026-09-16T10:55:38.156000+02:00,48.59919166666667,0.09999999999999999,90.0,63,45.969893121420164,28.293870918972292,60.91681779976796,24.22365321696455,63,0.09887945445799047,0.0982083255027476,0.09930748579281849,0.0008287189516233351
14,22,3,2,2026-09-16T10:55:38.156000+02:00,48.59919166666667,0.09999999999999999,95.0,63,38.32175441859381,18.461550381906427,51.68317582073034,25.56327240676992,63,0.09897413201252271,0.09823657108240516,0.09953204037273675,0.0008648224568026982
14,22,3,2,2026-09-16T10:55:38.156000+02:00,48.59919166666667,0.09999999999999999,100.0,63,31.245052725935434,13.864083742485994,48.4444678787562,25.760544952277165,63,0.09912911813304853,0.09849848965726013,0.09986054065920805,0.0010613408385713222
14,22,3,2,2026-09-16T10:55:38.156000+02:00,48.59919166666667,0.09999999999999999,105.0,63,29.794373222365707,10.91113667192268,42.51371882615351,22.331830024271536,63,0.0993264568916325,0.0987559605826981,0.09988217132250929,0.0008391110280013097
14,22,3,2,2026-09-16T10:55:38.156000+02:00,48.59919166666667,0.09999999999999999,110.0,63,30.773091850100723,9.600986272941462,44.65972860032831,26.97315764017369,63,0.09947100115701721,0.09879844587874032,0.10017953273566725,0.0010178867499098952
14,22,3,2,2026-09-16T10:55:38.156000+02:00,48.59919166666667,0.09999999999999999,115.0,63,18.34933610544283,2.1899860209547337,35.82465489773294,24.42959386200108,63,0.09924385685336941,0.09862981229692151,0.09995000351333358,0.0009680860495005331
14,22,3,2,2026-09-16T10:55:38.156000+02:00,48.59919166666667,0.09999999999999999,120.0,63,19.252840381751685,4.384025087133471,35.51573376790431,22.839562907784856,63,0.09923721212354546,0.09850776836700928,0.10001262298854666,0.0011583699334151052
14,22,3,2,2026-09-16T10:55:38.156000+02:00,48.59919166666667,0.09999999999999999,125.0,63,14.6716000453379,0.03588427844031028,27.540159850621663,21.014530143902345,63,0.09900142328667089,0.09835081666801454,0.09978875496910222,0.0011112668642830163
14,22,3,2,2026-09-16T10:55:38.156000+02:00,48.59919166666667,0.09999999999999999,130.0,63,12.365911587046629,-6.600024032484284,29.24773463523519,27.967979092838586,63,0.09912550144774301,0.09853725528182584,0.09998134002458015,0.0011412888070153155
14,22,3,2,2026-09-16T10:55:38.156000+02:00,48.59919166666667,0.09999999999999999,135.0,63,8.417454701391154,-5.582554338222865,23.27819214978038,21.75207235233551,63,0.09951864193140775,0.09887638319743633,0.10014999269083837,0.0009494647800686485
14,22,3,2,2026-09-16T10:55:38.156000+02:00,48.59919166666667,0.09999999999999999,140.0,63,9.806900741240991,1.3900109242020273,28.255698858906456,21.807012190947557,63,0.09962995649148844,0.0990568943813335,0.1002958958311464,0.0009229188407974993
14,22,3,2,2026-09-16T10:55:38.156000+02:00,48.59919166666667,0.09999999999999999,145.0,63,12.50933572393856,-2.450298852321109,27.924846094122515,23.095041532303117,63,0.09957869557503171,0.09889413658656178,0.10037463168279193,0.0011342746265469235
14,22,3,2,2026-09-16T10:55:38.156000+02:00,48.59919166666667,0.09999999999999999,150.0,63,11.675283978671425,-5.675675523597663,26.643603651839108,23.67647419932192,63,0.09943266346845234,0.09882323503126553,0.1003149296185627,0.0010732097032404146
14,22,3,2,2026-09-16T10:55:38.156000+02:00,48.59919166666667,0.09999999999999999,155.0,63,8.838575985576128,-2.6648560512023796,22.53319442255622,18.13818671827908,63,0.09942906747562495,0.09874620735504949,0.1000808763285102,0.0009835687355535287
14,22,3,2,2026-09-16T10:55:38.156000+02:00,48.59919166666667,0.09999999999999999,160.0,63,3.1571386415912004,-7.962821653042251,16.186535143912575,19.129532556162776,63,0.09924820013144708,0.09873127440578731,0.09995067740918342,0.0009602022619273043
14,22,3,2,2026-09-16T10:55:38.156000+02:00,48.59919166666667,0.09999999999999999,165.0,63,-0.17008667829500157,-9.949774115892497,17.205162851096265,22.841237902860946,63,0.09943968931757854,0.09887231251585754,0.10006562215220643,0.0009207190272962919
14,22,3,2,2026-09-16T10:55:38.156000+02:00,48.59919166666667,0.09999999999999999,170.0,63,2.7672554620547083,-11.823340167248496,14.347088107397846,19.143351265571095,63,0.09980856180693715,0.09895494169012894,0.10037265188841762,0.0010175222752346292
14,22,3,2,2026-09-16T10:55:38.156000+02:00,48.59919166666667,0.09999999999999999,175.0,63,-1.4495779790866195,-13.793515564851665,14.426920388400767,22.786339939133033,63,0.09963301722855616,0.09899318746250044,0.1002744682842946,0.0010244493816289712
14,22,3,2,2026-09-16T10:55:38.156000+02:00,48.59919166666667,0.09999999999999999,180.0,63,10.162100021581209,-5.188618113462934,24.52881786020159,22.12764812406932,63,0.0999162704117066,0.09880643733994343,0.10035968667412654,0.000829849663276385
14,22,3,2,2026-09-16T10:55:38.156000+02:00,48.59919166666667,0.09999999999999999,185.0,63,0.3771167931871461,-18.149169335422748,12.806690846668642,20.307849719802338,63,0.09960329839487304,0.09899430923177338,0.10027611211444494,0.0009734566799772535
14,22,3,2,2026-09-16T10:55:38.156000+02:00,48.59919166666667,0.09999999999999999,190.0,63,3.9935346569207706,-5.367347522335731,14.86826453237666,14.596242122902167,63,0.09966380158212608,0.09915674293790748,0.10048746051035647,0.0010473557074107656
14,22,3,2,2026-09-16T10:55:38.156000+02:00,48.59919166666667,0.09999999999999999,195.0,63,-3.1860607203973936,-13.423911733541878,16.39822555470888,21.218670169228776,63,0.09953403970889292,0.09899630210830657,0.10016482075379429,0.000814884855260751
14,22,3,2,2026-09-16T10:55:38.156000+02:00,48.59919166666667,0.09999999999999999,200.0,63,0.23832470797640795,-8.928251376405948,15.579750495437453,19.083218942210937,63,0.09974660542196989,0.0991661584563222,0.10019756600369381,0.0008189213976512086
14,22,3,2,2026-09-16T10:55:38.156000+02:00,48.59919166666667,0.09999999999999999,205.0,63,2.095127816197657,-8.19476316784624,16.61399725494369,17.92717921312845,63,0.0994643065163031,0.09912310109982028,0.10023135767858861,0.0007364521801815334
14,22,3,2,2026-09-16T10:55:38.156000+02:00,48.59919166666667,0.09999999999999999,210.0,63,4.875093176165929,-11.104934370879855,17.225399832996132,21.05569314798352,63,0.09960557157811466,0.09893353505465245,0.10004259339248317,0.0009174356404934701
14,22,3,2,2026-09-16T10:55:38.156000+02:00,48.59919166666667,0.09999999999999999,215.0,63,4.246885288650774,-12.73321351462307,18.928342565923394,23.501646587888235,63,0.09919928644851785,0.09866766655423073,0.10002305289493377,0.0010373554960982948
14,22,3,2,2026-09-16T10:55:38.156000+02:00,48.59919166666667,0.09999999999999999,220.0,63,-4.095355061310837,-14.754892242992483,8.737913594104949,18.561792973923296,63,0.09957397900460858,0.09866119663654421,0.10019318695572615,0.0010906969195554597
14,22,3,2,2026-09-16T10:55:38.156000+02:00,48.59919166666667,0.09999999999999999,225.0,63,3.838530390815147,-14.846897781772975,17.5742441643807,25.096744402216896,63,0.09963085494681019,0.09914834153577784,0.10026341100971864,0.0007832833696069148
14,22,3,2,2026-09-16T10:55:38.156000+02:00,48.59919166666667,0.09999999999999999,230.0,63,-3.560917976176907,-13.346381356271738,13.140466887972774,16.62022242737135,63,0.09970535766826184,0.09881160256566772,0.10051982043841601,0.001231900154357757
14,22,3,2,2026-09-16T10:55:38.156000+02:00,48.59919166666667,0.09999999999999999,235.0,63,1.5756884106005589,-15.954000500540198,13.539006920198826,21.055735022852605,63,0.09983802367408373,0.09921026222538118,0.1004711721315798,0.0009454707398344423
14,22,3,2,2026-09-16T10:55:38.156000+02:00,48.59919166666667,0.09999999999999999,240.0,63,-3.5077058702490955,-15.446691986395525,10.779829304372539,19.193014869680145,63,0.099703693706296,0.0991892108973313,0.10022167962404241,0.0008156454777573214
14,22,3,2,2026-09-16T10:55:38.156000+02:00,48.59919166666667,0.09999999999999999,245.0,63,0.8561104792023961,-9.562221084306675,15.607514561321938,17.5585127961013,63,0.09975360838737977,0.0990342868907448,0.10026282954344767,0.0008558167131195531
14,22,3,2,2026-09-16T10:55:38.156000+02:00,48.59919166666667,0.09999999999999999,250.0,63,1.7885368343196963,-15.897879240199451,13.316852026788212,25.20306471489656,63,0.0994716649841998,0.09895709739386373,0.1000733030807952,0.0008426650092584844
14,22,3,2,2026-09-16T10:55:38.156000+02:00,48.59919166666667,0.09999999999999999,255.0,63,-0.32737872602389384,-10.142992808386845,16.21602210707096,18.5720941936663,63,0.09937840238819076,0.09883710598856638,0.0999827966162847,0.0008282775079809007
14,22,3,2,2026-09-16T10:55:38.156000+02:00,48.59919166666667,0.09999999999999999,260.0,63,-3.7170802552025473,-18.607290544641774,9.551813090126455,21.01461389365222,63,0.09933990091534385,0.09876252194126547,0.10019570645103051,0.0012447286747823093
14,22,3,2,2026-09-16T10:55:38.156000+02:00,48.59919166666667,0.09999999999999999,265.0,63,-3.3202489981403205,-18.073969106103277,10.296245933000115,22.093436349565575,63,0.09964385122317035,0.09914408256838156,0.10018285035300711,0.0007563100958529462
14,22,3,2,2026-09-16T10:55:38.156000+02:00,48.59919166666667,0.09999999999999999,270.0,63,-1.7700651160171783,-16.566561091510962,10.879333682922574,19.283967102499364,63,0.09965060886994637,0.09895784280312753,0.10036312299600197,0.0010399174497252091
14,22,3,2,2026-09-16T10:55:38.156000+02:00,48.59919166666667,0.09999999999999999,275.0,63,-7.003775122853227,-19.842268958522542,7.3808919160415005,20.330210904115983,63,0.09961032642384023,0.09879697641963237,0.10026080059542464,0.0011338061430097956
14,22,3,2,2026-09-16T10:55:38.156000+02:00,48.59919166666667,0.09999999999999999,280.0,63,0.0948723268654586,-13.98731326380771,10.483688683000508,19.75560384205063,63,0.09956346014561784,0.09918820833337755,0.10025088203563963,0.0008978423998219098
14,22,3,2,2026-09-16T10:55:38.156000+02:00,48.59919166666667,0.09999999999999999,285.0,63,-7.531320618896076,-20.63360132469407,7.4856073527361175,20.92026979579166,63,0.09991461427854231,0.09914614349246587,0.10034054831961214,0.0009103236833653463
14,22,3,2,2026-09-16T10:55:38.156000+02:00,48.59919166666667,0.09999999999999999,290.0,63,-0.688368070970956,-12.619883591564605,13.454542587513023,19.131291300993762,63,0.09971953820684834,0.09902491315694334,0.10026275194898596,0.0009837598178660527
14,22,3,2,2026-09-16T10:55:38.156000+02:00,48.59919166666667,0.09999999999999999,295.0,63,-3.3642252449213825,-17.231175775491785,8.515222060560037,18.283995039962154,63,0.09967492002535058,0.09909696117593644,0.10047764974183779,0.0009486425363192634
14,22,3,2,2026-09-16T10:55:38.156000+02:00,48.59919166666667,0.09999999999999999,300.0,63,2.216606196028149,-16.39127747718258,16.521426831811013,24.105356689460773,63,0.09996325981698069,0.09911463705634709,0.10061942827934553,0.001158583470216382
15,23,3,3,2026-09-16T11:00:30.198500+02:00,53.46656666666667,0.19999999999999998,5.0,64,850.8881092490609,446.39259309739975,1170.661881976386,578.7951150765568,64,0.06483309410349572,0.05065734970364852,0.07054472317887528,0.016016029382655422
15,23,3,3,2026-09-16T11:00:30.198500+02:00,53.46656666666667,0.19999999999999998,10.0,64,953.9241730100871,665.2882097145311,1144.6016414555913,304.46682874038476,64,0.09545309683902814,0.08592135364946049,0.11977375744993811,0.021008493105021765
15,23,3,3,2026-09-16T11:00:30.198500+02:00,53.46656666666667,0.19999999999999998,15.0,64,810.2549045517881,692.9209399882864,932.35008866721,181.26273315780074,64,0.16671199823033972,0.161271058882414,0.17670061687389466,0.012680594166781932
15,23,3,3,2026-09-16T11:00:30.198500+02:00,53.46656666666667,0.19999999999999998,20.0,64,675.9980357256213,602.128469169001,738.4925825807101,107.825714507252,64,0.17077930642421846,0.1661092284413896,0.17649218363185812,0.007485230674857662
15,23,3,3,2026-09-16T11:00:30.198500+02:00,53.46656666666667,0.19999999999999998,25.0,64,548.8854993711147,487.32458631144186,610.6925749091436,92.13515622395022,64,0.17546465298006744,0.1734920661641127,0.18049554418360886,0.006140523810132799
15,23,3,3,2026-09-16T11:00:30.198500+02:00,53.46656666666667,0.19999999999999998,30.0,64,445.3525915785593,395.6022381776778,476.09731211209703,65.97154464320387,64,0.18083963417674964,0.17761460809669632,0.183475589715768,0.004578075317700658
15,23,3,3,2026-09-16T11:00:30.198500+02:00,53.46656666666667,0.19999999999999998,35.0,64,372.9131780403816,331.18382938076746,395.5201463592698,50.111958418929554,64,0.18509034998727558,0.18232180527687422,0.18775165445219558,0.004079708763250174
15,23,3,3,2026-09-16T11:00:30.198500+02:00,53.46656666666667,0.19999999999999998,40.0,64,312.9878028883728,274.1413768228764,347.85047385728956,54.96251385771348,64,0.18814308582484454,0.186279126230538,0.1903095850362857,0.003146375185260743
15,23,3,3,2026-09-16T11:00:30.198500+02:00,53.46656666666667,0.19999999999999998,45.0,64,260.32184127257676,233.3528712952168,297.3929982249633,48.650650836589065,64,0.19042340364989124,0.18864145669263155,0.19223078703980634,0.002716177366374184
15,23,3,3,2026-09-16T11:00:30.198500+02:00,53.46656666666667,0.19999999999999998,50.0,64,225.10166911958333,201.91748784803144,246.8210487787695,33.745560558441575,64,0.1922320017700751,0.19011035223994718,0.19424197007972277,0.0030334831638609504
15,23,3,3,2026-09-16T11:00:30.198500+02:00,53.46656666666667,0.19999999999999998,55.0,64,196.82110122709415,160.91378962659735,215.20024910419693,39.88517127306424,64,0.19306346788087964,0.19138999710982943,0.1958105256537844,0.0028869558561575217
15,23,3,3,2026-09-16T11:00:30.198500+02:00,53.46656666666667,0.19999999999999998,60.0,64,171.76648901233813,140.35511315009973,191.64405618178506,42.21266068596465,64,0.1937188425411976,0.19180329116431882,0.195776956435108,0.0029190290290347963
15,23,3,3,2026-09-16T11:00:30.198500+02:00,53.46656666666667,0.19999999999999998,65.0,64,145.38897413436382,120.84802538270841,168.13993147449338,35.02854397712092,64,0.19501784773053538,0.19295193552389497,0.1964433458098373,0.002633129397845009
15,23,3,3,2026-09-16T11:00:30.198500+02:00,53.46656666666667,0.19999999999999998,70.0,64,123.34283712194404,96.85050243843249,144.47821815518918,36.96846046603383,64,0.19599421195506966,0.1939953606282906,0.19741835321640802,0.0026985180309397846
15,23,3,3,2026-09-16T11:00:30.198500+02:00,53.46656666666667,0.19999999999999998,75.0,64,110.4996829903734,96.48437264588387,132.82838221656164,27.082911692764615,64,0.1967797934349005,0.1947273416462091,0.19839553310499142,0.0027033334864472887
15,23,3,3,2026-09-16T11:00:30.198500+02:00,53.46656666666667,0.19999999999999998,80.0,64,92.39101586296715,75.2766581714065,120.11832189930473,32.51841728822768,64,0.19660302881883568,0.19567620601107233,0.19865136865647054,0.0018660606549510655
15,23,3,3,2026-09-16T11:00:30.198500+02:00,53.46656666666667,0.19999999999999998,85.0,64,88.79715100697737,73.36489887681898,105.51932361527157,24.881486597046464,64,0.19690533246358397,0.19490691160733825,0.19963867115542305,0.0036233665202569402
15,23,3,3,2026-09-16T11:00:30.198500+02:00,53.46656666666667,0.19999999999999998,90.0,64,74.04166563541594,58.3474130818919,100.19505558580336,29.670276592266582,64,0.197668311224388,0.1964377793749816,0.19931121076575647,0.0022697048003562873
15,23,3,3,2026-09-16T11:00:30.198500+02:00,53.46656666666667,0.19999999999999998,95.0,64,78.67963448285174,50.877961421614884,88.99497350693925,28.61203563839547,64,0.19789285461144127,0.19549156332803788,0.19988877058498195,0.00309155894864095
15,23,3,3,2026-09-16T11:00:30.198500+02:00,53.46656666666667,0.19999999999999998,100.0,64,68.98318275447531,43.350114841481385,87.0320356900904,32.10668256021813,64,0.19798699090260544,0.19563314920286068,0.20073406130958366,0.0036695636374051827
15,23,3,3,2026-09-16T11:00:30.198500+02:00,53.46656666666667,0.19999999999999998,105.0,64,61.05911216795833,42.88593524759006,92.24668085005582,34.58347684702647,64,0.1981226858296197,0.19655818348165188,0.1999124492842303,0.0024803946983279154
15,23,3,3,2026-09-16T11:00:30.198500+02:00,53.46656666666667,0.19999999999999998,110.0,64,57.62318897669936,37.42686462864825,72.88770575967712,26.2373113642495,64,0.19820438127935755,0.1965164193033231,0.19974589243141688,0.0025263346448410693
15,23,3,3,2026-09-16T11:00:30.198500+02:00,53.46656666666667,0.19999999999999998,115.0,64,49.28205015122199,29.451050635516896,62.62123629306482,24.127696936335703,64,0.19803791371254678,0.1958194042009442,0.2000334691825889,0.0032000857534226212
15,23,3,3,2026-09-16T11:00:30.198500+02:00,53.46656666666667,0.19999999999999998,120.0,64,46.04972540242139,19.986865230445968,66.39669028495986,34.243892532066965,64,0.19853532528454101,0.1963690151055471,0.20086713882363608,0.0033367829032707294
15,23,3,3,2026-09-16T11:00:30.198500+02:00,53.46656666666667,0.19999999999999998,125.0,64,37.946939529138305,19.461664004464147,57.58527111459371,28.210644005001363,64,0.19847719605466888,0.1966752032269305,0.20051646669794004,0.0029881196944737615
15,23,3,3,2026-09-16T11:00:30.198500+02:00,53.46656666666667,0.19999999999999998,130.0,64,41.928922301067225,14.823737523354044,65.60913558288874,39.75561040365882,64,0.19841203034691324,0.19662407818064614,0.20113042213180943,0.003482776747321742
15,23,3,3,2026-09-16T11:00:30.198500+02:00,53.46656666666667,0.19999999999999998,135.0,64,26.53311227264659,14.087050657153377,46.3409374078255,23.67484107911742,64,0.19784776400093912,0.1962812982682018,0.2000072137373578,0.002794193684826913
15,23,3,3,2026-09-16T11:00:30.198500+02:00,53.46656666666667,0.19999999999999998,140.0,64,29.84353228307008,10.30839094656008,43.55404515349604,23.981009242239644,64,0.1984841738338708,0.19614379906568072,0.20030943821913416,0.0029700953192471555
15,23,3,3,2026-09-16T11:00:30.198500+02:00,53.46656666666667,0.19999999999999998,145.0,64,20.495939008188277,-2.0410189563594057,41.23621874269871,33.317662127911,64,0.19894149884914641,0.19719377878029543,0.2005240383815674,0.0025338663746526254
15,23,3,3,2026-09-16T11:00:30.198500+02:00,53.46656666666667,0.19999999999999998,150.0,64,18.51938041741043,0.8933999074672991,39.64753799200934,27.702094561389547,64,0.19870706755439946,0.1968815180687204,0.2008656934433973,0.003069688641136884
15,23,3,3,2026-09-16T11:00:30.198500+02:00,53.46656666666667,0.19999999999999998,155.0,64,17.487449683744792,2.299884271575478,34.348421438300825,25.317969377356473,64,0.1986612171249535,0.19692711890707731,0.200853843892714,0.0028234143476492508
15,23,3,3,2026-09-16T11:00:30.198500+02:00,53.46656666666667,0.19999999999999998,160.0,64,22.7535840523661,-1.2219578295735007,43.50802826199656,32.10239038532675,64,0.19913474363755498,0.1967954264946783,0.20132791100463793,0.003349619137468486
15,23,3,3,2026-09-16T11:00:30.198500+02:00,53.46656666666667,0.19999999999999998,165.0,64,18.329085001435146,7.332601365026577,28.805246600447656,16.528495509321896,64,0.19959214260054794,0.19660801567004943,0.20075808770168102,0.0030338080947261968
15,23,3,3,2026-09-16T11:00:30.198500+02:00,53.46656666666667,0.19999999999999998,170.0,64,11.347862886322947,-4.258486601024221,29.55836454022877,24.080420200214306,64,0.19881166392192268,0.19642173636879134,0.20099379139212228,0.0034687246871677726
15,23,3,3,2026-09-16T11:00:30.198500+02:00,53.46656666666667,0.19999999999999998,175.0,64,13.131781791065887,-2.382011395258111,31.17483760102192,25.578724236378577,64,0.19904371074493038,0.1969095325881563,0.2009407282451372,0.0031113288850132636
15,23,3,3,2026-09-16T11:00:30.198500+02:00,53.46656666666667,0.19999999999999998,180.0,64,8.555145262116532,-6.210712798354173,29.415222845511806,27.572617441730625,64,0.19976226547389253,0.19724664110489595,0.20145423449687627,0.0030285737089839303
15,23,3,3,2026-09-16T11:00:30.198500+02:00,53.46656666666667,0.19999999999999998,185.0,64,10.101318465340816,-7.608229623378807,36.95661252797482,29.581941539255112,64,0.19936007857279198,0.19792515762111226,0.20163172347940536,0.003057870326744525
15,23,3,3,2026-09-16T11:00:30.198500+02:00,53.46656666666667,0.19999999999999998,190.0,64,14.149844613897386,-6.536714618768547,22.90687248224976,22.04886054300935,64,0.19953684210412864,0.19752156082537223,0.20109216302236402,0.002666636491375591
15,23,3,3,2026-09-16T11:00:30.198500+02:00,53.46656666666667,0.19999999999999998,195.0,64,12.578223370629214,-3.4724005982699215,33.63059464839276,25.503244770603388,64,0.19925168700398388,0.19766020098911485,0.20079128918601588,0.002366877470409644
15,23,3,3,2026-09-16T11:00:30.198500+02:00,53.46656666666667,0.19999999999999998,200.0,64,9.238853037182764,-9.172931033340264,34.28508378036805,31.567334144575117,64,0.19837550079829874,0.19632267666540928,0.20061601467076629,0.003147708804178146
15,23,3,3,2026-09-16T11:00:30.198500+02:00,53.46656666666667,0.19999999999999998,205.0,64,8.202290251833112,-8.22775241398341,24.645063998724925,24.384913368250412,64,0.19814619761376434,0.19613601046569745,0.20023372305915577,0.003080265279338542
15,23,3,3,2026-09-16T11:00:30.198500+02:00,53.46656666666667,0.19999999999999998,210.0,64,-1.7341808375768681,-21.82807046950527,18.802549881857352,29.854651675657593,64,0.19861988631534871,0.19640021318012593,0.20066638080862964,0.0031873075038939876
15,23,3,3,2026-09-16T11:00:30.198500+02:00,53.46656666666667,0.19999999999999998,215.0,64,2.5758020331577125,-13.053404087268872,14.178187686244419,19.06952585743495,64,0.1993500174921744,0.19781383322556645,0.2011734235979627,0.0024945893045709
15,23,3,3,2026-09-16T11:00:30.198500+02:00,53.46656666666667,0.19999999999999998,220.0,64,-0.9671667427437213,-17.26096636398855,18.311997249796903,28.143769826445162,64,0.19944515891721815,0.19704469398954988,0.2016574712972009,0.003423489664984276
15,23,3,3,2026-09-16T11:00:30.198500+02:00,53.46656666666667,0.19999999999999998,225.0,64,0.3933289740814677,-20.41321875593725,16.688018288179446,25.69446639638155,64,0.19892808001778498,0.19747187662329435,0.20126290230902139,0.002406553293254726
15,23,3,3,2026-09-16T11:00:30.198500+02:00,53.46656666666667,0.19999999999999998,230.0,64,-1.9233182406304494,-20.325555765611057,14.668719135140606,26.462011954187826,64,0.19939966024726755,0.19790962033977375,0.2014139045569322,0.002596268747107525
15,23,3,3,2026-09-16T11:00:30.198500+02:00,53.46656666666667,0.19999999999999998,235.0,64,-5.392823806597512,-20.68476572484787,12.070653597470454,26.731372100423894,64,0.199370696723668,0.19710561780989305,0.20162609929708603,0.003365645070010326
15,23,3,3,2026-09-16T11:00:30.198500+02:00,53.46656666666667,0.19999999999999998,240.0,64,-2.3663994039880616,-13.229266708058955,15.994213205326414,25.35484020654877,64,0.19997940683142948,0.19784866633026504,0.2013829437529005,0.002524021684143035
15,23,3,3,2026-09-16T11:00:30.198500+02:00,53.46656666666667,0.19999999999999998,245.0,64,0.32739284813058434,-18.098591002783145,18.081206686857605,27.26732865103058,64,0.19974444823239806,0.19739803824890284,0.2013864283045187,0.0030606971850711466
15,23,3,3,2026-09-16T11:00:30.198500+02:00,53.46656666666667,0.19999999999999998,250.0,64,-2.9760790847643515,-19.90561367751149,15.1444576750808,25.697921073734893,64,0.1990306925809604,0.19726514190137462,0.20137830278131336,0.0030878686016965816
15,23,3,3,2026-09-16T11:00:30.198500+02:00,53.46656666666667,0.19999999999999998,255.0,64,-8.053640934686523,-31.8241297969627,14.304305178812829,34.30907077810667,64,0.19892791181094505,0.19701858642487896,0.2007491958313684,0.0028285491071795735
15,23,3,3,2026-09-16T11:00:30.198500+02:00,53.46656666666667,0.19999999999999998,260.0,64,-7.758644204125001,-24.0695456991173,17.101322985146417,28.634334010394618,64,0.19862735443171792,0.19687079526237017,0.20059087467585957,0.0027329972429526927
15,23,3,3,2026-09-16T11:00:30.198500+02:00,53.46656666666667,0.19999999999999998,265.0,64,-2.0245737606705805,-19.44284629449584,10.602561533755326,22.457894341455397,64,0.19958395888533534,0.19774551141952076,0.20122810746417977,0.0027159710631728486
15,23,3,3,2026-09-16T11:00:30.198500+02:00,53.46656666666667,0.19999999999999998,270.0,64,-5.068890875121413,-26.47352403460027,8.026717134273316,26.678986629310966,64,0.19988340327029736,0.1976260192501966,0.20202948613960123,0.0033791560506296727
15,23,3,3,2026-09-16T11:00:30.198500+02:00,53.46656666666667,0.19999999999999998,275.0,64,-4.158989283528943,-26.616701034589315,10.616733069928983,27.142101831388945,64,0.19968373053124316,0.19755253090525438,0.20139401986841,0.003057877194058828
15,23,3,3,2026-09-16T11:00:30.198500+02:00,53.46656666666667,0.19999999999999998,280.0,64,-4.128330185342161,-19.031575181195908,13.056871064975578,23.64739209725179,64,0.19923314363355615,0.19683644906064687,0.20097122363622533,0.003109928529603931
15,23,3,3,2026-09-16T11:00:30.198500+02:00,53.46656666666667,0.19999999999999998,285.0,64,-4.912714473987391,-21.17382847443231,18.89044588697862,31.109327677489514,64,0.19891734619860738,0.1970971981696774,0.20134516504826874,0.0029873334366683855
15,23,3,3,2026-09-16T11:00:30.198500+02:00,53.46656666666667,0.19999999999999998,290.0,64,-8.027599766072555,-30.082421875402062,4.402249668530848,22.710923285670667,64,0.19922885695376677,0.19721001203091093,0.20193442077344845,0.0034950370890813446
15,23,3,3,2026-09-16T11:00:30.198500+02:00,53.46656666666667,0.19999999999999998,295.0,64,-7.803736097499243,-23.6036008416258,10.376339473015147,25.55724242448126,64,0.19914316732425086,0.1971808308450237,0.2009045069567529,0.0027279572262041162
15,23,3,3,2026-09-16T11:00:30.198500+02:00,53.46656666666667,0.19999999999999998,300.0,64,-2.725609363226571,-16.679361435489323,16.433806207808267,25.408021300327324,64,0.19991347961881362,0.19817466239891582,0.20215724408006164,0.002874043845860744
16,24,3,4,2026-09-16T11:03:59.641000+02:00,56.957274999999996,0.19999999999999998,5.0,64,875.396139365121,475.0468743548585,1257.4587774940296,592.1264218527582,64,0.06530920535364307,0.05164038134710916,0.07325299787990117,0.012839025912514058
16,24,3,4,2026-09-16T11:03:59.641000+02:00,56.957274999999996,0.19999999999999998,10.0,64,975.556729944417,643.3817544801752,1173.2128220370164,349.40231955291733,64,0.11456538347667068,0.08772087871967806,0.16542723158859224,0.057171243330564725
16,24,3,4,2026-09-16T11:03:59.641000+02:00,56.957274999999996,0.19999999999999998,15.0,64,783.0901385970824,677.8056938952437,912.1875797086622,190.85999434042586,64,0.16675500823682882,0.1598899180103102,0.17523036997707325,0.010766950891695862
16,24,3,4,2026-09-16T11:03:59.641000+02:00,56.957274999999996,0.19999999999999998,20.0,64,663.1445018440888,576.8922254520149,736.890570559319,116.27480843767057,64,0.17101881270960123,0.16433394043516691,0.17825320485192386,0.010497159229858218
16,24,3,4,2026-09-16T11:03:59.641000+02:00,56.957274999999996,0.19999999999999998,25.0,64,543.5100881246589,478.7908360441469,591.3113151310905,79.91776305057907,64,0.17674830168726113,0.1739942471667122,0.18029435954742512,0.004852779446809273
16,24,3,4,2026-09-16T11:03:59.641000+02:00,56.957274999999996,0.19999999999999998,30.0,64,447.1272322578253,401.0760240339815,482.0862018865958,64.70489242654945,64,0.18181609488307518,0.1794525125840578,0.18476598133968103,0.004000891943353263
16,24,3,4,2026-09-16T11:03:59.641000+02:00,56.957274999999996,0.19999999999999998,35.0,64,369.2817201307882,331.69228178572376,396.34902235166584,48.182405962079095,64,0.18531394628871073,0.18282048834196013,0.1883807655030085,0.003966260207924155
16,24,3,4,2026-09-16T11:03:59.641000+02:00,56.957274999999996,0.19999999999999998,40.0,64,295.8225491167252,265.7675735597623,341.5179861148202,53.09298903702455,64,0.18752195511932152,0.18537495685343094,0.18956509180719977,0.0031034178027198444
16,24,3,4,2026-09-16T11:03:59.641000+02:00,56.957274999999996,0.19999999999999998,45.0,64,261.3740372323568,233.50558071864333,290.2622794661771,42.9502028944028,64,0.18969481567139052,0.18782186675142135,0.19201962077582918,0.0030554191060882074
16,24,3,4,2026-09-16T11:03:59.641000+02:00,56.957274999999996,0.19999999999999998,50.0,64,229.00732189348895,202.1661781838652,249.0471591540146,37.45301560513169,64,0.19221464122624687,0.19070899536970526,0.19356529497714214,0.0022427920960053065
16,24,3,4,2026-09-16T11:03:59.641000+02:00,56.957274999999996,0.19999999999999998,55.0,64,192.19820066973992,169.9149110843718,212.86474887424708,32.37254615423093,64,0.1941675488357461,0.1925554854200724,0.19562408181414234,0.0023687031108391527
16,24,3,4,2026-09-16T11:03:59.641000+02:00,56.957274999999996,0.19999999999999998,60.0,64,164.75289902387476,134.55939970176934,186.65846456537753,40.63468969632323,64,0.19473955536609433,0.1925799698215443,0.1961783434009809,0.0028247201224060625
16,24,3,4,2026-09-16T11:03:59.641000+02:00,56.957274999999996,0.19999999999999998,65.0,64,142.71022192811,119.30558747725772,177.2128144280943,43.75378178385496,64,0.19505622836250458,0.19359118852083124,0.19619040525675274,0.0020387088082345337
16,24,3,4,2026-09-16T11:03:59.641000+02:00,56.957274999999996,0.19999999999999998,70.0,64,131.22122268651668,107.44262773379393,145.9361705447904,26.863319837823713,64,0.19594553954645683,0.19416770543509645,0.19772721108407298,0.0026425082389305186
16,24,3,4,2026-09-16T11:03:59.641000+02:00,56.957274999999996,0.19999999999999998,75.0,64,113.00144280713448,88.6519616064847,130.85131522986853,31.39238090851076,64,0.19679040414795762,0.19518812899846183,0.19826483740073875,0.0023654489144673612
16,24,3,4,2026-09-16T11:03:59.641000+02:00,56.957274999999996,0.19999999999999998,80.0,64,92.27762945147515,75.92219388640802,121.95428077494651,32.46691118953022,64,0.19712938855379986,0.19602865154825175,0.19866597626995097,0.0021023786830323505
16,24,3,4,2026-09-16T11:03:59.641000+02:00,56.957274999999996,0.19999999999999998,85.0,64,90.51105249632921,72.97328573895808,113.06770374158774,31.539026727730207,64,0.1969450771468472,0.1956008425722633,0.19809121342390268,0.0019813447454731623
16,24,3,4,2026-09-16T11:03:59.641000+02:00,56.957274999999996,0.19999999999999998,90.0,64,80.74062916209806,61.4420684531311,97.46018211921046,27.82047483863987,64,0.19788320221092165,0.1957281154692025,0.19883500897040146,0.0023549164778059076
16,24,3,4,2026-09-16T11:03:59.641000+02:00,56.957274999999996,0.19999999999999998,95.0,64,70.18233337834758,52.54187770689467,89.2359108050444,27.927653586298806,64,0.19696823038515135,0.19586402451325852,0.1991955589240884,0.0022556973345144193
16,24,3,4,2026-09-16T11:03:59.641000+02:00,56.957274999999996,0.19999999999999998,100.0,64,62.70593364054598,38.78507256384847,76.9096258552695,28.08977217256645,64,0.19805010390661004,0.1963266377888226,0.19971414051025033,0.002487345537022876
16,24,3,4,2026-09-16T11:03:59.641000+02:00,56.957274999999996,0.19999999999999998,105.0,64,47.989241701837784,36.50630790597154,64.32270326562362,18.339709563802764,64,0.1981169889239393,0.1962632991826493,0.20015400058290556,0.0029290420026380952
16,24,3,4,2026-09-16T11:03:59.641000+02:00,56.957274999999996,0.19999999999999998,110.0,64,49.13629586637826,35.12731222662819,68.7885377289921,26.685037549037514,64,0.19868356260907527,0.1968768026482324,0.20097612258171732,0.0033428687529115223
16,24,3,4,2026-09-16T11:03:59.641000+02:00,56.957274999999996,0.19999999999999998,115.0,64,50.522818629707345,28.382670739059037,71.62897395880621,33.350261719648124,64,0.19924908055100024,0.1973834726184312,0.2010641514718797,0.0027186900091681174
16,24,3,4,2026-09-16T11:03:59.641000+02:00,56.957274999999996,0.19999999999999998,120.0,64,44.87664419137758,29.18355671182972,64.35275511313418,28.193517180311613,64,0.19841463205282558,0.19675798688795815,0.20007849178799478,0.002501813659956502
16,24,3,4,2026-09-16T11:03:59.641000+02:00,56.957274999999996,0.19999999999999998,125.0,64,35.909655870554175,17.531983753820754,60.12669993495167,31.363194119246174,64,0.19796318603806137,0.19582893604770646,0.19989387219153615,0.0030072410443865946
16,24,3,4,2026-09-16T11:03:59.641000+02:00,56.957274999999996,0.19999999999999998,130.0,64,37.26203137482523,17.611808973768632,52.36050746367722,25.85141343534316,64,0.19769442202980292,0.1960712118468308,0.1995340296015899,0.0024887288902081845
16,24,3,4,2026-09-16T11:03:59.641000+02:00,56.957274999999996,0.19999999999999998,135.0,64,32.67789600610632,12.72803070069638,50.288568150117236,28.1068989972562,64,0.1989903385166814,0.19768731207400192,0.20135556166491914,0.002923484628373074
16,24,3,4,2026-09-16T11:03:59.641000+02:00,56.957274999999996,0.19999999999999998,140.0,64,22.389163034983575,7.1232481632359805,39.93332710763665,25.182504150294694,64,0.19914823321131273,0.19760720237642412,0.20162831057647052,0.003183646775150565
16,24,3,4,2026-09-16T11:03:59.641000+02:00,56.957274999999996,0.19999999999999998,145.0,64,34.43462985142479,17.46834247054817,50.20785323731451,24.666228791875213,64,0.19879289115917778,0.1972019326663744,0.2004757991326258,0.00243050058351951
16,24,3,4,2026-09-16T11:03:59.641000+02:00,56.957274999999996,0.19999999999999998,150.0,64,31.28559730027934,15.893536691746288,45.713082573033134,23.038510448368193,64,0.19877651617100822,0.19738542861804106,0.20052850469305772,0.002344155455463312
16,24,3,4,2026-09-16T11:03:59.641000+02:00,56.957274999999996,0.19999999999999998,155.0,64,19.742185573511932,7.803474838486286,37.91569436343677,21.89015475921425,64,0.1989409635595346,0.19750867818531603,0.2010237102351367,0.002330637934970028
16,24,3,4,2026-09-16T11:03:59.641000+02:00,56.957274999999996,0.19999999999999998,160.0,64,19.983998442361283,-2.1382214311775067,36.03632412536639,29.137732844135773,64,0.19891360969185573,0.19741327582334572,0.20070239173101495,0.002465120354664092
16,24,3,4,2026-09-16T11:03:59.641000+02:00,56.957274999999996,0.19999999999999998,165.0,64,19.87873224342399,-1.524749964189326,39.00113376731639,31.87172262542429,64,0.19924864160273867,0.19762626426400878,0.2006777665754855,0.0022797121771633197
16,24,3,4,2026-09-16T11:03:59.641000+02:00,56.957274999999996,0.19999999999999998,170.0,64,17.22600708367347,1.5363442155068905,43.74727090704485,26.052936280859317,64,0.19949155943827648,0.1972116755814424,0.20105529029302455,0.0029135586039858285
16,24,3,4,2026-09-16T11:03:59.641000+02:00,56.957274999999996,0.19999999999999998,175.0,64,22.677211688018797,3.5163486008285822,36.400462700575076,26.429412362446524,64,0.19910955850152337,0.1974865514626447,0.2004086400764858,0.0021515283543254884
16,24,3,4,2026-09-16T11:03:59.641000+02:00,56.957274999999996,0.19999999999999998,180.0,64,9.902931081027031,-3.37634907531821,26.981672814214527,21.75383109717068,64,0.198586351805426,0.1967169047145474,0.2001597800806991,0.00269335481343105
16,24,3,4,2026-09-16T11:03:59.641000+02:00,56.957274999999996,0.19999999999999998,185.0,64,8.709598765976093,-4.315730569014026,24.186956911615408,22.328417221798986,64,0.19848952275528367,0.1969986943778871,0.20027023998091428,0.002375602822922199
16,24,3,4,2026-09-16T11:03:59.641000+02:00,56.957274999999996,0.19999999999999998,190.0,64,6.104295647549923,-8.449864941069162,21.830958440751687,23.029926098585424,64,0.19834797289473097,0.19731231331083057,0.20015976118188364,0.0022531477932660757
16,24,3,4,2026-09-16T11:03:59.641000+02:00,56.957274999999996,0.19999999999999998,195.0,64,3.3104341325307445,-8.257535941427397,21.795963855165933,20.30447879220222,64,0.1989050505749994,0.19727709778450755,0.20070480748018915,0.0025576939102963845
16,24,3,4,2026-09-16T11:03:59.641000+02:00,56.957274999999996,0.19999999999999998,200.0,64,7.332890868256017,-14.736116899352144,19.767358232434486,29.02021100186057,64,0.19910808851977324,0.19757487663764284,0.20138421503268694,0.0027415651906995795
16,24,3,4,2026-09-16T11:03:59.641000+02:00,56.957274999999996,0.19999999999999998,205.0,64,-0.811555225963017,-17.959996627095396,24.69253546743058,29.0571446433682,64,0.19905721210189817,0.19722612019854696,0.20125072132092686,0.0029863373846012032
16,24,3,4,2026-09-16T11:03:59.641000+02:00,56.957274999999996,0.19999999999999998,210.0,64,10.579140016324848,-10.646770795331456,20.957520134061788,24.633692012451736,64,0.19881957765654493,0.1977614270335542,0.200098595777098,0.0016864043375661463
16,24,3,4,2026-09-16T11:03:59.641000+02:00,56.957274999999996,0.19999999999999998,215.0,64,4.8785954591466885,-11.140776282993329,13.272925207389305,19.717037080342674,64,0.1993282723484538,0.19759333365546505,0.20075996000140217,0.0023651798321658994
16,24,3,4,2026-09-16T11:03:59.641000+02:00,56.957274999999996,0.19999999999999998,220.0,64,-3.408159125372789,-16.93880575716681,17.21095291569973,23.12510769398487,64,0.19930955506916903,0.1977511474525489,0.20139268719465261,0.0026170070170903345
16,24,3,4,2026-09-16T11:03:59.641000+02:00,56.957274999999996,0.19999999999999998,225.0,64,4.501436299632704,-17.4533024246845,17.83366024184086,26.937124308519447,64,0.19937073824461377,0.19747452981662106,0.20187079370585057,0.0032871330557291928
16,24,3,4,2026-09-16T11:03:59.641000+02:00,56.957274999999996,0.19999999999999998,230.0,64,1.0180487007231178,-13.689696882065796,19.51316027417338,27.14813181367761,64,0.1987926108466511,0.19757587610778463,0.2013091909548877,0.002732720622452471
16,24,3,4,2026-09-16T11:03:59.641000+02:00,56.957274999999996,0.19999999999999998,235.0,64,-2.6619751410084658,-21.500945941440705,11.09797923229824,27.070914540505132,64,0.19949326759294322,0.19739615266696742,0.201228856436706,0.002837651471122337
16,24,3,4,2026-09-16T11:03:59.641000+02:00,56.957274999999996,0.19999999999999998,240.0,64,-6.228075931113757,-20.165912386766664,13.196863529434577,22.20406977457451,64,0.19964573057387772,0.19783718741888268,0.20080712540692336,0.0020299432499082362
16,24,3,4,2026-09-16T11:03:59.641000+02:00,56.957274999999996,0.19999999999999998,245.0,64,5.457037035275625,-16.242035031466195,22.204050432934128,27.331606587210228,64,0.19895394314027942,0.19761667734979854,0.20107104573826837,0.0021303943997999434
16,24,3,4,2026-09-16T11:03:59.641000+02:00,56.957274999999996,0.19999999999999998,250.0,64,-1.764218562977932,-11.55175789306382,15.25782996446469,21.542865466891637,64,0.19911392524243454,0.19783316455572303,0.20077046108179625,0.00232266729422839
16,24,3,4,2026-09-16T11:03:59.641000+02:00,56.957274999999996,0.19999999999999998,255.0,64,-2.336898318719605,-18.525452924191402,15.641386439260884,25.283673853105356,64,0.1987005241874527,0.19763870015283652,0.20048840439682564,0.0022084414802523013
16,24,3,4,2026-09-16T11:03:59.641000+02:00,56.957274999999996,0.19999999999999998,260.0,64,-9.872836867191875,-24.63351917478811,2.9914298170236977,21.933934943108202,64,0.19880982992822055,0.19780910465160495,0.2010293503859,0.0024377508246590973
16,24,3,4,2026-09-16T11:03:59.641000+02:00,56.957274999999996,0.19999999999999998,265.0,64,-7.163425562749552,-24.71537091734855,15.77383063656903,30.387237298663326,64,0.19967989888189658,0.1979607130854616,0.20105703107250264,0.002373477971290426
16,24,3,4,2026-09-16T11:03:59.641000+02:00,56.957274999999996,0.19999999999999998,270.0,64,-2.1205758562409827,-17.535768478976763,11.042465222635958,22.48107208586837,64,0.19932900242897672,0.1979505659067487,0.20149116301348602,0.002623173018761787
16,24,3,4,2026-09-16T11:03:59.641000+02:00,56.957274999999996,0.19999999999999998,275.0,64,-5.713819339445605,-22.44122418904471,9.324468321734109,23.887460767039684,64,0.19917012179043064,0.19812967738579132,0.20092839370400498,0.0019695149152392155
16,24,3,4,2026-09-16T11:03:59.641000+02:00,56.957274999999996,0.19999999999999998,280.0,64,-0.8803722621072504,-24.25290715967523,13.126274168637389,25.149862683680112,64,0.19904699356230798,0.19786763931570717,0.20086650546144344,0.0022151614795675617
16,24,3,4,2026-09-16T11:03:59.641000+02:00,56.957274999999996,0.19999999999999998,285.0,64,-4.122568364953205,-18.360584365094894,14.267841893912228,24.368603103664157,64,0.1993753807953521,0.19788099246932717,0.20112747091539498,0.0024419210516400274
16,24,3,4,2026-09-16T11:03:59.641000+02:00,56.957274999999996,0.19999999999999998,290.0,64,-5.843996938291929,-25.004860025480454,19.009339920902775,30.300640053044972,64,0.19904964761205388,0.19809890364320987,0.2009813471884608,0.0018436326698350282
16,24,3,4,2026-09-16T11:03:59.641000+02:00,56.957274999999996,0.19999999999999998,295.0,64,-0.44945023442052034,-22.21707807829615,17.17333867893359,28.498826908452045,64,0.19958160547106224,0.19796065817532824,0.20156072935658703,0.0025963194483018055
16,24,3,4,2026-09-16T11:03:59.641000+02:00,56.957274999999996,0.19999999999999998,300.0,64,-6.228654937574328,-22.892658579751522,17.732969606151226,28.139477651552937,64,0.19922380036766257,0.19762613705984838,0.20094303098128166,0.002589485137226124
17,25,3,5,2026-09-16T11:09:52.261500+02:00,62.83428333333333,0.09999999999999999,5.0,63,244.51301605041974,-67.74533755251014,573.4652133114051,481.161850316039,61,0.025758505015859908,0.02012323014749144,0.03045691778841305,0.008254095415087473
17,25,3,5,2026-09-16T11:09:52.261500+02:00,62.83428333333333,0.09999999999999999,10.0,63,677.305319336517,328.06254677340064,795.0933803082337,260.6496274553303,63,0.0643390021948852,0.04105834692683165,0.09262995220661213,0.03650315502457781
17,25,3,5,2026-09-16T11:09:52.261500+02:00,62.83428333333333,0.09999999999999999,15.0,63,599.905204398678,523.3305267197431,701.4547043776907,139.50372395171425,63,0.08753035205298673,0.08489220847941864,0.09657621646111395,0.006265673664627528
17,25,3,5,2026-09-16T11:09:52.261500+02:00,62.83428333333333,0.09999999999999999,20.0,63,486.69379407801887,430.3842436611732,597.9448862330107,116.71214965296078,63,0.08858410017759244,0.08635976978269233,0.0910213608320859,0.0035754991956109517
17,25,3,5,2026-09-16T11:09:52.261500+02:00,62.83428333333333,0.09999999999999999,25.0,63,407.8683629439983,348.07603217892085,451.32324971060956,72.34525685764602,63,0.09072749580185455,0.08880732293262905,0.09243841831172672,0.002785494222222416
17,25,3,5,2026-09-16T11:09:52.261500+02:00,62.83428333333333,0.09999999999999999,30.0,63,315.91004849442425,286.28576195035237,368.33135869750436,59.89459968199501,63,0.09275718643188056,0.09144395386469648,0.09402134068070504,0.001925316696730953
17,25,3,5,2026-09-16T11:09:52.261500+02:00,62.83428333333333,0.09999999999999999,35.0,63,265.36354708827037,239.86814149178502,309.5501003114081,59.85682854295335,63,0.09421857146312455,0.09295024950673514,0.0953281152597404,0.001749847722773042
17,25,3,5,2026-09-16T11:09:52.261500+02:00,62.83428333333333,0.09999999999999999,40.0,63,220.96934237745634,193.05953632919469,255.13611819141556,47.53497848892626,63,0.09510824264726837,0.09395698164675118,0.09620604882830466,0.0016777578628284196
17,25,3,5,2026-09-16T11:09:52.261500+02:00,62.83428333333333,0.09999999999999999,45.0,63,177.15696854887716,154.75683263536285,207.57782676148128,39.76513693817066,63,0.09601574112152687,0.09510219245031029,0.09691396074682311,0.0013737638609302185
17,25,3,5,2026-09-16T11:09:52.261500+02:00,62.83428333333333,0.09999999999999999,50.0,63,154.58153489892382,131.6133654034597,182.47518525472358,39.65362414074633,63,0.09683625289946855,0.09634929689681432,0.09787202593732816,0.0013010007211991456
17,25,3,5,2026-09-16T11:09:52.261500+02:00,62.83428333333333,0.09999999999999999,55.0,63,130.35641298829847,114.30697527654121,157.6079593015344,32.96432191586435,63,0.09755187689854267,0.09653025253991077,0.09863188966520538,0.0015833971597249354
17,25,3,5,2026-09-16T11:09:52.261500+02:00,62.83428333333333,0.09999999999999999,60.0,63,117.60991056930237,85.39877850299683,134.60565666911893,40.52315596145922,63,0.09770170318155484,0.09656428358386612,0.09859249589891114,0.001497928745388083
17,25,3,5,2026-09-16T11:09:52.261500+02:00,62.83428333333333,0.09999999999999999,65.0,63,94.1575504517885,79.60915168355555,109.40296002156907,22.23752780129009,63,0.09793883511327167,0.09681603083590115,0.098633876357946,0.0012005923655568967
17,25,3,5,2026-09-16T11:09:52.261500+02:00,62.83428333333333,0.09999999999999999,70.0,63,84.64221476867186,60.53624108992577,98.78682008020678,28.98331923523126,63,0.09833982192770632,0.09761125376969992,0.09924098573793261,0.0011897535494099156
17,25,3,5,2026-09-16T11:09:52.261500+02:00,62.83428333333333,0.09999999999999999,75.0,63,70.89496323222454,55.02658507729015,93.29511326784551,27.979955307657665,63,0.09845851426837657,0.09790240270405304,0.09926301468374338,0.0009273911160179873
17,25,3,5,2026-09-16T11:09:52.261500+02:00,62.83428333333333,0.09999999999999999,80.0,63,64.61192405368949,42.322844403718214,77.17163333969103,24.247731271226723,63,0.09869372594213138,0.09782162618112983,0.0996653360516487,0.0014188600061970115
17,25,3,5,2026-09-16T11:09:52.261500+02:00,62.83428333333333,0.09999999999999999,85.0,63,55.99546059519827,40.76449794271241,74.95679240726136,25.467211438952496,63,0.09875372313647585,0.09792441107115847,0.09958512375509357,0.0012852258973664076
17,25,3,5,2026-09-16T11:09:52.261500+02:00,62.83428333333333,0.09999999999999999,90.0,63,47.36510098165557,31.82932673299805,60.91453001814413,20.97851774968849,63,0.09907505977365082,0.09834591215648228,0.09969407796586802,0.0010350431722959137
17,25,3,5,2026-09-16T11:09:52.261500+02:00,62.83428333333333,0.09999999999999999,95.0,63,42.188077119513025,25.886997551186184,57.65558509427012,23.722829688152874,63,0.09910386542763287,0.09831884581917297,0.09963839614971735,0.0010044543519713378
17,25,3,5,2026-09-16T11:09:52.261500+02:00,62.83428333333333,0.09999999999999999,100.0,63,35.24214615427444,19.730068804167324,49.7910815626383,22.417631647230113,63,0.09914889906424948,0.09813112425947731,0.10003689791588447,0.0013528672622511524
17,25,3,5,2026-09-16T11:09:52.261500+02:00,62.83428333333333,0.09999999999999999,105.0,63,31.74830819485667,4.415813954024069,49.2543143295537,27.240696229262618,63,0.0991378243205965,0.09857062923769927,0.10002945859360958,0.001217558157810569
17,25,3,5,2026-09-16T11:09:52.261500+02:00,62.83428333333333,0.09999999999999999,110.0,63,26.698552777149196,7.1188844316185556,51.38063788407357,32.605831093947856,63,0.09963297995370578,0.0987210218425824,0.10027364748754145,0.0012426708865674223
17,25,3,5,2026-09-16T11:09:52.261500+02:00,62.83428333333333,0.09999999999999999,115.0,63,22.714225735161794,1.1817804300602104,42.58197097794499,32.501143901470186,63,0.09918717850393584,0.09868256866275846,0.10013571234217397,0.0010015078275808897
17,25,3,5,2026-09-16T11:09:52.261500+02:00,62.83428333333333,0.09999999999999999,120.0,63,19.827807919116626,3.3624741034295935,36.6471830022295,25.342047431632857,63,0.09948631089446205,0.09879371541988417,0.10022504955176698,0.001169380106918121
17,25,3,5,2026-09-16T11:09:52.261500+02:00,62.83428333333333,0.09999999999999999,125.0,63,20.15984694104186,8.49557820722912,49.16058589349931,23.2923559526878,63,0.09963367481177615,0.0986669562907045,0.10013290480836393,0.001214473400179115
17,25,3,5,2026-09-16T11:09:52.261500+02:00,62.83428333333333,0.09999999999999999,130.0,63,20.11708519561885,4.7807998557610425,38.35008336883048,24.75362166015417,63,0.09948053513216984,0.09877119464670397,0.10025466905727827,0.0011533809261521572
17,25,3,5,2026-09-16T11:09:52.261500+02:00,62.83428333333333,0.09999999999999999,135.0,63,14.087311916168025,-3.511137542686818,31.580000902271347,26.09847520958343,63,0.09955988317224318,0.09855201420000759,0.10017337991346228,0.0013178599169189923
17,25,3,5,2026-09-16T11:09:52.261500+02:00,62.83428333333333,0.09999999999999999,140.0,63,9.973456892335651,-2.16915591048591,29.58672173468277,21.41757583493299,63,0.09954911935101665,0.09873537349564526,0.10021573916019623,0.0011855035755630621
17,25,3,5,2026-09-16T11:09:52.261500+02:00,62.83428333333333,0.09999999999999999,145.0,63,15.605184413371834,4.2278204417826855,31.31509838554723,20.41768752215067,63,0.09976863901716648,0.09899387456699263,0.10038468942392459,0.0010184219902760645
17,25,3,5,2026-09-16T11:09:52.261500+02:00,62.83428333333333,0.09999999999999999,150.0,63,14.377775449805902,-0.428620123953388,28.298531214873627,21.367912230827283,63,0.09954940057042883,0.09861960287489985,0.1004163414897963,0.001329355465233942
17,25,3,5,2026-09-16T11:09:52.261500+02:00,62.83428333333333,0.09999999999999999,155.0,63,9.480651783922605,-9.787228643692746,27.343509485690156,27.51346917798208,63,0.09936243561184979,0.09894744803509306,0.09994904544308342,0.0007561857737246216
17,25,3,5,2026-09-16T11:09:52.261500+02:00,62.83428333333333,0.09999999999999999,160.0,63,12.238671386827182,0.04510601548262358,27.416393689167336,20.810473868324124,63,0.09968810748560565,0.09866302243205044,0.10028659070817883,0.0011451429761077919
17,25,3,5,2026-09-16T11:09:52.261500+02:00,62.83428333333333,0.09999999999999999,165.0,63,6.095610550643036,-4.20237240173936,20.21132202759021,17.98031843202872,63,0.09976206336444197,0.09918500863796503,0.10041215825345232,0.0009228077752084984
17,25,3,5,2026-09-16T11:09:52.261500+02:00,62.83428333333333,0.09999999999999999,170.0,63,8.478772897765843,-8.186092193047735,28.95505393051595,26.877096672351232,63,0.09950617937625793,0.0989899422130581,0.10009984351856344,0.0008120219859996579
17,25,3,5,2026-09-16T11:09:52.261500+02:00,62.83428333333333,0.09999999999999999,175.0,63,6.156928747018853,-10.021500306447408,22.31223990839133,24.13626034868141,63,0.09929139089778224,0.09842828413934596,0.10002425521597,0.0012555980773856668
17,25,3,5,2026-09-16T11:09:52.261500+02:00,62.83428333333333,0.09999999999999999,180.0,63,-1.1510648434365187,-11.074261150580746,17.894688934984984,23.32673522669798,63,0.09944969613332376,0.09870069602112777,0.10040116236322535,0.0011426485983933206
17,25,3,5,2026-09-16T11:09:52.261500+02:00,62.83428333333333,0.09999999999999999,185.0,63,8.882552232353806,-13.774436595875192,25.076600338143745,30.201124407879202,63,0.09991350012672132,0.09913660524010054,0.10079254079488682,0.0012590771096297434
17,25,3,5,2026-09-16T11:09:52.261500+02:00,62.83428333333333,0.09999999999999999,190.0,63,13.179203832390233,-3.514597459339612,26.42841095806261,20.9442641003073,63,0.09964664023588471,0.0989536064376886,0.10051061516325814,0.0011993276362982387
17,25,3,5,2026-09-16T11:09:52.261500+02:00,62.83428333333333,0.09999999999999999,195.0,63,3.53541344769949,-12.947262317586244,20.515017977166437,24.741645445335063,63,0.09951376255031391,0.09899850318935728,0.10039945794432399,0.0010709957642615385
17,25,3,5,2026-09-16T11:09:52.261500+02:00,62.83428333333333,0.09999999999999999,200.0,63,3.7228138313713566,-10.04289530126955,20.421289541112053,23.710937223085327,63,0.0995282596200768,0.09895822023699521,0.10014741046968537,0.0009118487393250514
17,25,3,5,2026-09-16T11:09:52.261500+02:00,62.83428333333333,0.09999999999999999,205.0,63,1.615032605697046,-10.427002538309267,15.954593629108587,21.177465290270156,63,0.09954348126543143,0.09885331999765357,0.10038176286424588,0.0011513884380708903
17,25,3,5,2026-09-16T11:09:52.261500+02:00,62.83428333333333,0.09999999999999999,210.0,63,5.587751274256249,-12.936854323406022,21.042535228991397,27.350534031609264,63,0.09961214203882264,0.09900221335156875,0.10032849113442069,0.0009967265564799403
17,25,3,5,2026-09-16T11:09:52.261500+02:00,62.83428333333333,0.09999999999999999,215.0,63,1.5860822826729617,-11.770692945671179,17.927085052555732,23.215222429266873,63,0.09952294482452018,0.0987454997654205,0.10018517197149118,0.0011288193171240428
17,25,3,5,2026-09-16T11:09:52.261500+02:00,62.83428333333333,0.09999999999999999,220.0,63,-1.7735109105649736,-11.82332604514011,12.226512251156864,19.122748826093456,63,0.09956245090912083,0.09883935218266116,0.10035932170864605,0.0011936899682933213
17,25,3,5,2026-09-16T11:09:52.261500+02:00,62.83428333333333,0.09999999999999999,225.0,63,-5.013941749810195,-17.12304278846952,10.465767726941799,21.779584146518147,63,0.0997786398679369,0.09917097240389763,0.10049101942141694,0.0009371135046656751
17,25,3,5,2026-09-16T11:09:52.261500+02:00,62.83428333333333,0.09999999999999999,230.0,63,-0.64554983710991,-9.58245806620598,18.786048197734154,20.150107058179298,63,0.10003061313745254,0.09923608930936226,0.10059039255364563,0.0009347383219299398
17,25,3,5,2026-09-16T11:09:52.261500+02:00,62.83428333333333,0.09999999999999999,235.0,63,2.7302555370184005,-13.577193102373041,14.987412764257046,23.662864864299156,63,0.09992513168357042,0.0990794165822425,0.10045624633198616,0.0010450284297466824
17,25,3,5,2026-09-16T11:09:52.261500+02:00,62.83428333333333,0.09999999999999999,240.0,63,0.6524696704177536,-9.448269788461364,13.873347845855145,18.45890640115407,63,0.09949989113328356,0.09892823756666298,0.10003006746985693,0.0008191859354054104
17,25,3,5,2026-09-16T11:09:52.261500+02:00,62.83428333333333,0.09999999999999999,245.0,63,-2.0060173097177714,-14.723089253991814,15.821563364287368,25.15155861619661,63,0.09953159836758498,0.09887737811045215,0.10035557580835483,0.0010239044226311462
17,25,3,5,2026-09-16T11:09:52.261500+02:00,62.83428333333333,0.09999999999999999,250.0,63,3.344539025264194,-14.52354385675632,20.052843722722848,25.400337260398775,63,0.09949981516268967,0.09884809905417535,0.10025941379180275,0.001056769760781984
17,25,3,5,2026-09-16T11:09:52.261500+02:00,62.83428333333333,0.09999999999999999,255.0,63,-6.951721029845432,-19.223932425055,13.213887731583126,25.045280178394393,63,0.09989800444907211,0.09935709712668442,0.10047027008209057,0.0008221350439059658
17,25,3,5,2026-09-16T11:09:52.261500+02:00,62.83428333333333,0.09999999999999999,260.0,63,-0.09947613433214224,-15.05392789666681,11.686821741553207,18.80366226342047,63,0.09972182051492201,0.09883638695583964,0.10031650232437472,0.001222678342278443
17,25,3,5,2026-09-16T11:09:52.261500+02:00,62.83428333333333,0.09999999999999999,265.0,63,0.6177857712248604,-13.358540491942621,17.642468071955978,23.146547631004733,63,0.09970085643310457,0.09901207988728393,0.10027429926458967,0.0009102655757489433
17,25,3,5,2026-09-16T11:09:52.261500+02:00,62.83428333333333,0.09999999999999999,270.0,63,-0.7253679960038817,-13.511242854313211,12.608840102488593,19.27358213300816,63,0.09945745761415722,0.09879745085102554,0.10029246480179767,0.0010990792155539202
17,25,3,5,2026-09-16T11:09:52.261500+02:00,62.83428333333333,0.09999999999999999,275.0,63,-1.3003355333710787,-13.812029649478202,10.802410556332589,18.086680619587497,63,0.09960613384604135,0.09869738558219736,0.10030910298967369,0.0012038837139048265
17,25,3,5,2026-09-16T11:09:52.261500+02:00,62.83428333333333,0.09999999999999999,280.0,63,-4.034093353371929,-18.307675884506313,7.364722101474015,20.78639581405359,63,0.09984327057972019,0.09887449328583757,0.10033375953902024,0.0009348114801729403
17,25,3,5,2026-09-16T11:09:52.261500+02:00,62.83428333333333,0.09999999999999999,285.0,63,-1.7816170010095973,-18.61888479596047,12.219013411389577,23.553068936829952,63,0.0996601422938479,0.09896084845497927,0.10042007748444856,0.0011331668493868845
17,25,3,5,2026-09-16T11:09:52.261500+02:00,62.83428333333333,0.09999999999999999,290.0,63,-2.4502988523233644,-21.047167280674845,16.170337085128327,28.040045756142057,63,0.09954286942469344,0.09864637418623762,0.10050852911684721,0.0013549286054844003
17,25,3,5,2026-09-16T11:09:52.261500+02:00,62.83428333333333,0.09999999999999999,295.0,63,-6.985246916119437,-20.01292052116748,7.685166872077737,21.381563440724154,63,0.09960863900899355,0.09881909463743264,0.10020224386224835,0.0009414886530370392
17,25,3,5,2026-09-16T11:09:52.261500+02:00,62.83428333333333,0.09999999999999999,300.0,63,-1.1569113964791482,-18.525735366366654,12.951315362810812,23.007690538905788,63,0.09961148408811955,0.0989645982017274,0.10036005665553303,0.0010859080894880823
18,26,3,6,2026-09-16T11:13:39.466500+02:00,66.62103333333333,0.39999999999999997,5.0,64,1273.5206567836337,885.3421358169098,1691.8059390802605,616.6708994397815,64,0.16833901650182836,0.1444528024777368,0.18350874580950172,0.025295880995518383
18,26,3,6,2026-09-16T11:13:39.466500+02:00,66.62103333333333,0.39999999999999997,10.0,64,1307.5868549387787,1095.723059952562,1515.8865121080105,315.34709427912685,64,0.25544258413603815,0.21364070894607784,0.356007227102567,0.08016183683741335
18,26,3,6,2026-09-16T11:13:39.466500+02:00,66.62103333333333,0.39999999999999997,15.0,64,1123.604798309596,989.2464197654286,1259.1935090938503,201.653746383306,64,0.3178419571695168,0.3034901816195933,0.3433462189702474,0.028592167158861745
18,26,3,6,2026-09-16T11:13:39.466500+02:00,66.62103333333333,0.39999999999999997,20.0,64,893.9739005802777,820.2613789344819,992.016866824071,127.55307374477118,64,0.329724330181375,0.3167065843886229,0.343316610150514,0.019884149234706446
18,26,3,6,2026-09-16T11:13:39.466500+02:00,66.62103333333333,0.39999999999999997,25.0,64,750.0992966601402,677.8427008813336,803.6783161588457,94.94717983850893,64,0.34115005330307735,0.33345346942635434,0.3489887715055246,0.011716665949042802
18,26,3,6,2026-09-16T11:13:39.466500+02:00,66.62103333333333,0.39999999999999997,30.0,64,612.2746041465948,545.8802228264213,691.1396195515609,106.67480445059962,64,0.35304963035467485,0.34523498127804,0.36030957280119214,0.011626957877719479
18,26,3,6,2026-09-16T11:13:39.466500+02:00,66.62103333333333,0.39999999999999997,35.0,64,521.4500408350781,469.3700620015051,573.7223557293485,77.36557304774708,64,0.36442930012066543,0.3586588176126136,0.3694461238894242,0.008280788508638528
18,26,3,6,2026-09-16T11:13:39.466500+02:00,66.62103333333333,0.39999999999999997,40.0,64,449.30562402746244,405.67003781779994,510.1302032736531,87.8411597752565,64,0.3715946123533888,0.36744041967610797,0.37851974398213484,0.007746457089430525
18,26,3,6,2026-09-16T11:13:39.466500+02:00,66.62103333333333,0.39999999999999997,45.0,64,405.6391033384913,357.76293030069763,437.9728294312208,64.05652276866495,64,0.37772668258060027,0.3720487829674978,0.38323429366938727,0.008265207564513807
18,26,3,6,2026-09-16T11:13:39.466500+02:00,66.62103333333333,0.39999999999999997,50.0,64,343.4774498929056,295.64235806958953,397.3928297788243,77.38701298476607,64,0.37747869896816977,0.37365856896168753,0.38779315881245635,0.008632929042869822
18,26,3,6,2026-09-16T11:13:39.466500+02:00,66.62103333333333,0.39999999999999997,55.0,64,323.0365023763553,274.71779893744986,360.55189144396707,61.010292967098124,64,0.3822793745855499,0.3770276972482838,0.3877501029544055,0.008073085513825715
18,26,3,6,2026-09-16T11:13:39.466500+02:00,66.62103333333333,0.39999999999999997,60.0,64,260.1644927364126,219.45062255372005,303.73879605497086,63.306983407968914,64,0.3860742773416984,0.38277483084695135,0.39107696881241816,0.005683630154746986
18,26,3,6,2026-09-16T11:13:39.466500+02:00,66.62103333333333,0.39999999999999997,65.0,64,251.4635790673429,214.97956997115475,281.5879436058564,51.142834140689075,64,0.3887710483127423,0.3838341735484287,0.392723664932533,0.0067820217498261596
18,26,3,6,2026-09-16T11:13:39.466500+02:00,66.62103333333333,0.39999999999999997,70.0,64,243.0143072548438,186.83782240809302,273.98435309521614,54.038921570806494,64,0.38938139732806876,0.3865046890533981,0.3949860901016289,0.006287803894423261
18,26,3,6,2026-09-16T11:13:39.466500+02:00,66.62103333333333,0.39999999999999997,75.0,64,198.84102881397177,166.13622312956318,244.31664812766317,56.16317126822882,64,0.3900385828659239,0.3858451377543837,0.3932424407067266,0.0055677411618010215
18,26,3,6,2026-09-16T11:13:39.466500+02:00,66.62103333333333,0.39999999999999997,80.0,64,199.13428852515273,171.03475900632466,221.99804620926062,34.852753243514336,64,0.3908106339381301,0.3868169402945382,0.39446421668202797,0.005688488838465418
18,26,3,6,2026-09-16T11:13:39.466500+02:00,66.62103333333333,0.39999999999999997,85.0,64,153.1377469844418,123.87122288345876,207.51534349113015,57.56962276171709,64,0.39176089364934097,0.3848552515078239,0.39549037512390056,0.006425956252579525
18,26,3,6,2026-09-16T11:13:39.466500+02:00,66.62103333333333,0.39999999999999997,90.0,64,150.91540721224314,116.35846577656994,179.0904264636201,49.437040089033616,64,0.3916390025306412,0.38525205878134894,0.3964209508797538,0.0073232531508688045
18,26,3,6,2026-09-16T11:13:39.466500+02:00,66.62103333333333,0.39999999999999997,95.0,64,129.45984266740584,95.5160196460017,177.65128472293128,55.46765049885273,64,0.3941227604302902,0.387260642011539,0.3970475736143835,0.007046825609685688
18,26,3,6,2026-09-16T11:13:39.466500+02:00,66.62103333333333,0.39999999999999997,100.0,64,119.74377532991696,78.41093311885956,147.00688058919835,49.10857355392058,64,0.39324634709060774,0.38711900387910647,0.3972639906279335,0.007209860478767813
18,26,3,6,2026-09-16T11:13:39.466500+02:00,66.62103333333333,0.39999999999999997,105.0,64,106.15792537485376,74.6577143872588,130.600548944044,42.23238375302677,64,0.39206928823790654,0.38794652958117215,0.3989693578623402,0.008440830702778138
18,26,3,6,2026-09-16T11:13:39.466500+02:00,66.62103333333333,0.39999999999999997,110.0,64,96.8663968718775,63.23783580715093,123.95453626427955,44.52390264659071,64,0.39385209579495506,0.3892526321313179,0.3993970605560219,0.007473417251797265
18,26,3,6,2026-09-16T11:13:39.466500+02:00,66.62103333333333,0.39999999999999997,115.0,64,84.11293225324731,47.18493111768527,118.78326716146697,54.187326134860285,64,0.3959642819710659,0.39210456106477376,0.39993546156022886,0.005897688037407469
18,26,3,6,2026-09-16T11:13:39.466500+02:00,66.62103333333333,0.39999999999999997,120.0,64,78.20124804751552,52.429352744038226,117.19687419240145,40.56264397046013,64,0.39557876175631446,0.39127005569242834,0.4012091798985999,0.00760909294964053
18,26,3,6,2026-09-16T11:13:39.466500+02:00,66.62103333333333,0.39999999999999997,125.0,64,65.41016213106161,34.00196374330215,101.182755874732,49.799844023281054,64,0.39739548346686093,0.391422720009975,0.4019840164051295,0.007833513078808304
18,26,3,6,2026-09-16T11:13:39.466500+02:00,66.62103333333333,0.39999999999999997,130.0,64,72.06399139804378,22.268263661612806,96.43980327053666,63.228070202280804,64,0.39666351679470013,0.39352914957464763,0.4012950373758082,0.005950438140072227
18,26,3,6,2026-09-16T11:13:39.466500+02:00,66.62103333333333,0.39999999999999997,135.0,64,71.86211585285818,42.83328096495856,101.69610865143889,43.470812302587774,64,0.39829105839936785,0.3928445386769428,0.4030606984705371,0.008023766837282885
18,26,3,6,2026-09-16T11:13:39.466500+02:00,66.62103333333333,0.39999999999999997,140.0,64,62.23857657217569,25.780848720449363,90.18625811621645,50.03911707040668,64,0.3976166387384573,0.3944331816457134,0.40266084618900483,0.005810199641437282
18,26,3,6,2026-09-16T11:13:39.466500+02:00,66.62103333333333,0.39999999999999997,145.0,64,60.397957400631995,21.891415188491678,90.2429654440711,51.48759000295461,64,0.39785735847518827,0.3933912081569166,0.4030986835636407,0.007256023584785509
18,26,3,6,2026-09-16T11:13:39.466500+02:00,66.62103333333333,0.39999999999999997,150.0,64,62.262287592837296,36.401345332374035,96.47279957772889,42.67923056539428,64,0.39680680318601125,0.3926830600718024,0.4040558226765806,0.008513938977043596
18,26,3,6,2026-09-16T11:13:39.466500+02:00,66.62103333333333,0.39999999999999997,155.0,64,51.703426924738025,10.617855777578608,76.65189030875696,46.29820399700352,64,0.3977635886775097,0.39365222491961827,0.4016472957909428,0.005820918872448265
18,26,3,6,2026-09-16T11:13:39.466500+02:00,66.62103333333333,0.39999999999999997,160.0,64,53.73434151225645,19.40814827319344,83.65361772583448,47.45428560096261,64,0.3974661588704459,0.3916319868054896,0.4019411940055139,0.00787451006744415
18,26,3,6,2026-09-16T11:13:39.466500+02:00,66.62103333333333,0.39999999999999997,165.0,64,41.359137577626726,11.318658365339813,69.29844471115092,42.86098846897336,64,0.396463010483606,0.3929865193948466,0.3997817166247424,0.005066355915657035
18,26,3,6,2026-09-16T11:13:39.466500+02:00,66.62103333333333,0.39999999999999997,170.0,64,38.95455199146445,14.841354854071831,70.76018888696346,44.93553268740831,64,0.3957894420931318,0.3921314270035674,0.39907269624756486,0.005327654754379346
18,26,3,6,2026-09-16T11:13:39.466500+02:00,66.62103333333333,0.39999999999999997,175.0,64,36.47421541374227,-0.3808944572898083,77.01026000252138,57.14859181101575,64,0.39649590734922047,0.39307596713971005,0.40018966679185175,0.0055008506545919066
18,26,3,6,2026-09-16T11:13:39.466500+02:00,66.62103333333333,0.39999999999999997,180.0,64,22.47999643873397,-3.0801872707813507,64.7973120368583,47.90883739069656,64,0.3965785077073729,0.39190678299497583,0.4016825961622711,0.007436289055716311
18,26,3,6,2026-09-16T11:13:39.466500+02:00,66.62103333333333,0.39999999999999997,185.0,64,23.455805912060562,-3.0793258221460937,50.01032730163598,39.749643233682974,64,0.39662512307667286,0.39177887992974714,0.4013257805332658,0.007161527386396649
18,26,3,6,2026-09-16T11:13:39.466500+02:00,66.62103333333333,0.39999999999999997,190.0,64,29.555455385816963,-11.896217309669794,55.94890706356449,45.3420749306756,64,0.39622800743380243,0.39275293884603735,0.40159108259428716,0.007115366054873053
18,26,3,6,2026-09-16T11:13:39.466500+02:00,66.62103333333333,0.39999999999999997,195.0,64,9.569734046184037,-11.283084773292925,43.914384881439204,46.291399329492144,64,0.39755406403157323,0.39083904401483904,0.40309455162880004,0.008878854343113175
18,26,3,6,2026-09-16T11:13:39.466500+02:00,66.62103333333333,0.39999999999999997,200.0,64,27.71605071562907,-9.822809296794954,57.564801117897076,52.00987440621988,64,0.39773266614497893,0.39311227824275546,0.40259922498120715,0.00727957539222585
18,26,3,6,2026-09-16T11:13:39.466500+02:00,66.62103333333333,0.39999999999999997,205.0,64,9.604446189593691,-15.186972283597536,36.564152063585055,38.76508112587864,64,0.39881748770138287,0.3947685329920778,0.4025068322348664,0.005860997381374979
18,26,3,6,2026-09-16T11:13:39.466500+02:00,66.62103333333333,0.39999999999999997,210.0,64,3.5539416544349725,-27.364932724728497,30.5287158185062,44.64741259627464,64,0.3989396506018804,0.39554345970453225,0.40340342086329817,0.00633952188562103
18,26,3,6,2026-09-16T11:13:39.466500+02:00,66.62103333333333,0.39999999999999997,215.0,64,25.257080888508895,0.06363422221782333,49.26067633956552,37.07651858610659,64,0.39859166526439016,0.3941808605904629,0.40373787129580274,0.007018797099772335
18,26,3,6,2026-09-16T11:13:39.466500+02:00,66.62103333333333,0.39999999999999997,220.0,64,12.21263021821434,-10.347452699481035,34.317197455762695,34.2935980110568,64,0.398193012902903,0.3946417389932095,0.40401088546476877,0.007275494370103518
18,26,3,6,2026-09-16T11:13:39.466500+02:00,66.62103333333333,0.39999999999999997,225.0,64,9.029478652227624,-23.599547796401794,33.94584248296027,39.887704703125515,64,0.3990247891092342,0.39494875960801645,0.40380640093431963,0.006614397868373754
18,26,3,6,2026-09-16T11:13:39.466500+02:00,66.62103333333333,0.39999999999999997,230.0,64,19.202509186017224,-16.09107674953151,46.43352195306768,41.80787718753002,64,0.3994352980162054,0.39614496532895727,0.4044494652593507,0.006154997981055033
18,26,3,6,2026-09-16T11:13:39.466500+02:00,66.62103333333333,0.39999999999999997,235.0,64,15.299214804278465,-12.181985242134528,41.94626425066396,40.12098964283991,64,0.3977719466139287,0.39358345360182895,0.400967274311266,0.004970994060597059
18,26,3,6,2026-09-16T11:13:39.466500+02:00,66.62103333333333,0.39999999999999997,240.0,64,6.5543390105405255,-23.314951998966865,30.922348417926333,42.666374978160526,64,0.39836724552377323,0.3918424679688703,0.40056775591342614,0.007509374128755915
18,26,3,6,2026-09-16T11:13:39.466500+02:00,66.62103333333333,0.39999999999999997,245.0,64,-2.0372412922589977,-31.12071461907727,27.80278870783117,44.99466001372064,64,0.3967945033007477,0.3921681205632262,0.39970512072998327,0.005130651229813662
18,26,3,6,2026-09-16T11:13:39.466500+02:00,66.62103333333333,0.39999999999999997,250.0,64,-4.25905854643173,-35.53627437514313,21.734935162019553,45.97750525156977,64,0.3969971671312343,0.392526698246446,0.40237979279548847,0.00735890281934537
18,26,3,6,2026-09-16T11:13:39.466500+02:00,66.62103333333333,0.39999999999999997,255.0,64,-5.265541240054047,-42.39024216792862,26.809898543920244,51.28001623771191,64,0.39812611540555126,0.3909375761355549,0.40312367893211765,0.009544664354684537
18,26,3,6,2026-09-16T11:13:39.466500+02:00,66.62103333333333,0.39999999999999997,260.0,64,-11.178962465167546,-41.70994488213247,14.588886854140505,41.054066589385535,64,0.397488200634103,0.3939038904377405,0.40116861114811775,0.005381942240412242
18,26,3,6,2026-09-16T11:13:39.466500+02:00,66.62103333333333,0.39999999999999997,265.0,64,-11.440419187347247,-39.470552663569634,21.344190533847243,44.246000025440985,64,0.39590644498894806,0.39212714447462105,0.4023215692482665,0.006904425839350949
18,26,3,6,2026-09-16T11:13:39.466500+02:00,66.62103333333333,0.39999999999999997,270.0,64,-29.7903201771417,-55.8410141523926,14.734337513644158,59.81315304624895,64,0.39855278547334694,0.39352287645500345,0.40373405667881723,0.007508208683654246
18,26,3,6,2026-09-16T11:13:39.466500+02:00,66.62103333333333,0.39999999999999997,275.0,64,-29.109493312267126,-59.812313549018555,10.525624285057523,51.19513586205296,64,0.3987897115116862,0.3935319471709202,0.40281468719744673,0.007489592409662861
18,26,3,6,2026-09-16T11:13:39.466500+02:00,66.62103333333333,0.39999999999999997,280.0,64,-12.93336616253534,-37.880438518835234,14.001774303210526,38.30975465092199,64,0.3987227478735542,0.3943668917749459,0.402997473466547,0.006483089730370415
18,26,3,6,2026-09-16T11:13:39.466500+02:00,66.62103333333333,0.39999999999999997,285.0,64,-28.890826579728888,-50.38803722339517,-0.593749942059755,35.703504181897614,64,0.40033371557785996,0.3948944335264964,0.4054340636758878,0.007958941245079853
18,26,3,6,2026-09-16T11:13:39.466500+02:00,66.62103333333333,0.39999999999999997,290.0,64,-14.318759157161736,-44.766463498580734,13.95170436648733,43.44072520347149,64,0.3996851118309303,0.39580171095720373,0.4060384287402955,0.007394262488248774
18,26,3,6,2026-09-16T11:13:39.466500+02:00,66.62103333333333,0.39999999999999997,295.0,64,-13.656997139156939,-48.84101669364233,19.79078681092,50.74408062454728,64,0.39964655841557717,0.3961778029204163,0.40419440521985556,0.006624019655144668
18,26,3,6,2026-09-16T11:13:39.466500+02:00,66.62103333333333,0.39999999999999997,300.0,64,-7.382643057531034,-48.14973240720622,19.75434470918141,46.2802606122111,64,0.3991460000665461,0.3926614622050668,0.401835798671265,0.007041315747963127
