acquisition_order,source,speed_um_per_s,distance_nm,available_pixels,map_median_force_pN,map_force_q25_pN,map_force_q75_pN,map_force_spatial_mad_pN
1,raw/keeper_6e87fc8bc37b4a89aeda/12-09-26_99.7wt_glycerol_D3/map-data-2026.09.12-15.05.27.700.jpk-force-map,0.1,5.0,64,1571.106444812192,690.2706530370982,3166.413487583183,1600.6033015719845
1,raw/keeper_6e87fc8bc37b4a89aeda/12-09-26_99.7wt_glycerol_D3/map-data-2026.09.12-15.05.27.700.jpk-force-map,0.1,10.0,64,797.5476501427823,445.73768042597675,1340.337744378651,663.2648378933274
1,raw/keeper_6e87fc8bc37b4a89aeda/12-09-26_99.7wt_glycerol_D3/map-data-2026.09.12-15.05.27.700.jpk-force-map,0.1,15.0,64,885.3258242723703,579.8500077556123,1033.9583049387802,292.9068603138495
1,raw/keeper_6e87fc8bc37b4a89aeda/12-09-26_99.7wt_glycerol_D3/map-data-2026.09.12-15.05.27.700.jpk-force-map,0.1,20.0,64,758.1496310516037,544.9779397649273,860.7163622686128,224.44735631441074
1,raw/keeper_6e87fc8bc37b4a89aeda/12-09-26_99.7wt_glycerol_D3/map-data-2026.09.12-15.05.27.700.jpk-force-map,0.1,25.0,64,599.8231783002876,465.67661398100915,725.343611721185,189.21146062059853
1,raw/keeper_6e87fc8bc37b4a89aeda/12-09-26_99.7wt_glycerol_D3/map-data-2026.09.12-15.05.27.700.jpk-force-map,0.1,30.0,64,517.0639994005332,386.53002978105746,605.247980848929,150.02659554305671
1,raw/keeper_6e87fc8bc37b4a89aeda/12-09-26_99.7wt_glycerol_D3/map-data-2026.09.12-15.05.27.700.jpk-force-map,0.1,35.0,64,441.58155177058893,342.36404805964474,488.92035724910687,120.16234263649197
1,raw/keeper_6e87fc8bc37b4a89aeda/12-09-26_99.7wt_glycerol_D3/map-data-2026.09.12-15.05.27.700.jpk-force-map,0.1,40.0,64,378.6201005885938,294.978795254504,426.0315219517492,86.96992953835085
1,raw/keeper_6e87fc8bc37b4a89aeda/12-09-26_99.7wt_glycerol_D3/map-data-2026.09.12-15.05.27.700.jpk-force-map,0.1,45.0,64,322.20392019117196,247.93823181279265,367.6833249512651,84.88117704709036
1,raw/keeper_6e87fc8bc37b4a89aeda/12-09-26_99.7wt_glycerol_D3/map-data-2026.09.12-15.05.27.700.jpk-force-map,0.1,50.0,64,275.8467214297426,209.57406543281854,314.9088319968408,73.60374109305023
1,raw/keeper_6e87fc8bc37b4a89aeda/12-09-26_99.7wt_glycerol_D3/map-data-2026.09.12-15.05.27.700.jpk-force-map,0.1,55.0,64,244.63746459935248,200.26009659637407,267.4910072480099,52.19481407860074
1,raw/keeper_6e87fc8bc37b4a89aeda/12-09-26_99.7wt_glycerol_D3/map-data-2026.09.12-15.05.27.700.jpk-force-map,0.1,60.0,64,212.14696733486952,152.26308437068388,243.95409991907,64.09200300910982
1,raw/keeper_6e87fc8bc37b4a89aeda/12-09-26_99.7wt_glycerol_D3/map-data-2026.09.12-15.05.27.700.jpk-force-map,0.1,65.0,64,180.70902762616214,154.6161256528198,218.1340086836677,46.65921222837799
1,raw/keeper_6e87fc8bc37b4a89aeda/12-09-26_99.7wt_glycerol_D3/map-data-2026.09.12-15.05.27.700.jpk-force-map,0.1,70.0,64,155.36633240167924,129.84959431428834,196.05542481025662,42.99095058572025
1,raw/keeper_6e87fc8bc37b4a89aeda/12-09-26_99.7wt_glycerol_D3/map-data-2026.09.12-15.05.27.700.jpk-force-map,0.1,75.0,64,143.83677555412442,123.75605629506825,169.94900365784295,34.1130401663513
1,raw/keeper_6e87fc8bc37b4a89aeda/12-09-26_99.7wt_glycerol_D3/map-data-2026.09.12-15.05.27.700.jpk-force-map,0.1,80.0,64,133.09099974021774,100.71519183494303,154.630075590046,42.11161418190734
1,raw/keeper_6e87fc8bc37b4a89aeda/12-09-26_99.7wt_glycerol_D3/map-data-2026.09.12-15.05.27.700.jpk-force-map,0.1,85.0,64,119.74337838965647,97.162663046561,141.72393164718665,33.43089677490858
1,raw/keeper_6e87fc8bc37b4a89aeda/12-09-26_99.7wt_glycerol_D3/map-data-2026.09.12-15.05.27.700.jpk-force-map,0.1,90.0,64,107.5976385666354,85.49160214454822,134.21407737652237,37.2048536756899
1,raw/keeper_6e87fc8bc37b4a89aeda/12-09-26_99.7wt_glycerol_D3/map-data-2026.09.12-15.05.27.700.jpk-force-map,0.1,95.0,64,94.15846454016501,78.32037348787549,121.88138022970418,37.29436181433881
1,raw/keeper_6e87fc8bc37b4a89aeda/12-09-26_99.7wt_glycerol_D3/map-data-2026.09.12-15.05.27.700.jpk-force-map,0.1,100.0,64,84.0879021368057,63.91961471478941,108.30475293220809,35.40992565054155
1,raw/keeper_6e87fc8bc37b4a89aeda/12-09-26_99.7wt_glycerol_D3/map-data-2026.09.12-15.05.27.700.jpk-force-map,0.1,105.0,64,77.94852150914751,51.01109331825823,103.28981676962127,41.30270034491934
1,raw/keeper_6e87fc8bc37b4a89aeda/12-09-26_99.7wt_glycerol_D3/map-data-2026.09.12-15.05.27.700.jpk-force-map,0.1,110.0,64,81.21534166631915,54.692907540309086,107.96986331684516,39.769369925866904
1,raw/keeper_6e87fc8bc37b4a89aeda/12-09-26_99.7wt_glycerol_D3/map-data-2026.09.12-15.05.27.700.jpk-force-map,0.1,115.0,64,72.04663773439444,49.81810860341446,93.59591095520001,32.32317215123887
1,raw/keeper_6e87fc8bc37b4a89aeda/12-09-26_99.7wt_glycerol_D3/map-data-2026.09.12-15.05.27.700.jpk-force-map,0.1,120.0,64,74.59684199511457,52.5929035399639,92.74353168510723,31.609882678618078
1,raw/keeper_6e87fc8bc37b4a89aeda/12-09-26_99.7wt_glycerol_D3/map-data-2026.09.12-15.05.27.700.jpk-force-map,0.1,125.0,64,61.378911984948104,41.93502724144614,76.3442455928093,27.93454684717784
1,raw/keeper_6e87fc8bc37b4a89aeda/12-09-26_99.7wt_glycerol_D3/map-data-2026.09.12-15.05.27.700.jpk-force-map,0.1,130.0,64,61.055213797846825,35.421384046142315,74.23681101426234,30.405551164359732
1,raw/keeper_6e87fc8bc37b4a89aeda/12-09-26_99.7wt_glycerol_D3/map-data-2026.09.12-15.05.27.700.jpk-force-map,0.1,135.0,64,57.1138097997393,27.82810351787023,78.82728471633511,39.48269333800359
1,raw/keeper_6e87fc8bc37b4a89aeda/12-09-26_99.7wt_glycerol_D3/map-data-2026.09.12-15.05.27.700.jpk-force-map,0.1,140.0,64,50.47907385955244,27.405977091973888,73.83718341824071,34.37969778248168
1,raw/keeper_6e87fc8bc37b4a89aeda/12-09-26_99.7wt_glycerol_D3/map-data-2026.09.12-15.05.27.700.jpk-force-map,0.1,145.0,64,44.26979443716475,23.407986382941623,69.55682245371185,37.106208043195
1,raw/keeper_6e87fc8bc37b4a89aeda/12-09-26_99.7wt_glycerol_D3/map-data-2026.09.12-15.05.27.700.jpk-force-map,0.1,150.0,64,47.274663932229814,23.280722199083243,68.05433800331637,34.406815506155816
1,raw/keeper_6e87fc8bc37b4a89aeda/12-09-26_99.7wt_glycerol_D3/map-data-2026.09.12-15.05.27.700.jpk-force-map,0.1,155.0,64,47.235961968617,19.15202124093915,67.54301978756168,34.84956638407692
1,raw/keeper_6e87fc8bc37b4a89aeda/12-09-26_99.7wt_glycerol_D3/map-data-2026.09.12-15.05.27.700.jpk-force-map,0.1,160.0,64,40.87064868779463,24.267092107327063,63.77472258175144,27.988880547147705
1,raw/keeper_6e87fc8bc37b4a89aeda/12-09-26_99.7wt_glycerol_D3/map-data-2026.09.12-15.05.27.700.jpk-force-map,0.1,165.0,64,31.760295918474768,13.562702211700794,51.80574271155015,28.98393397653099
1,raw/keeper_6e87fc8bc37b4a89aeda/12-09-26_99.7wt_glycerol_D3/map-data-2026.09.12-15.05.27.700.jpk-force-map,0.1,170.0,64,39.470651543438365,22.997424156788377,56.08135705254351,24.510737728077626
1,raw/keeper_6e87fc8bc37b4a89aeda/12-09-26_99.7wt_glycerol_D3/map-data-2026.09.12-15.05.27.700.jpk-force-map,0.1,175.0,64,32.807386159185626,2.349048485374456,51.341600797758446,33.50434060985775
1,raw/keeper_6e87fc8bc37b4a89aeda/12-09-26_99.7wt_glycerol_D3/map-data-2026.09.12-15.05.27.700.jpk-force-map,0.1,180.0,64,29.64707924005485,14.969119309353768,43.64817728187562,21.126229657778563
1,raw/keeper_6e87fc8bc37b4a89aeda/12-09-26_99.7wt_glycerol_D3/map-data-2026.09.12-15.05.27.700.jpk-force-map,0.1,185.0,64,26.27101218730814,12.930572900626451,45.20930282825246,22.484473904411093
1,raw/keeper_6e87fc8bc37b4a89aeda/12-09-26_99.7wt_glycerol_D3/map-data-2026.09.12-15.05.27.700.jpk-force-map,0.1,190.0,64,28.392363567839624,11.691455643968911,51.068773492196144,31.114861405788634
1,raw/keeper_6e87fc8bc37b4a89aeda/12-09-26_99.7wt_glycerol_D3/map-data-2026.09.12-15.05.27.700.jpk-force-map,0.1,195.0,64,22.330999869397942,3.8175527442600816,47.832810529898936,35.70269390096933
1,raw/keeper_6e87fc8bc37b4a89aeda/12-09-26_99.7wt_glycerol_D3/map-data-2026.09.12-15.05.27.700.jpk-force-map,0.1,200.0,64,24.26573356237126,6.346376489551736,44.313185037637666,28.873252397838797
1,raw/keeper_6e87fc8bc37b4a89aeda/12-09-26_99.7wt_glycerol_D3/map-data-2026.09.12-15.05.27.700.jpk-force-map,0.1,205.0,64,25.68334208828685,6.2588083265911365,39.22668503437028,26.299647780124893
1,raw/keeper_6e87fc8bc37b4a89aeda/12-09-26_99.7wt_glycerol_D3/map-data-2026.09.12-15.05.27.700.jpk-force-map,0.1,210.0,64,18.351656018261462,2.8704978016211173,41.931953947674,33.170330821345146
1,raw/keeper_6e87fc8bc37b4a89aeda/12-09-26_99.7wt_glycerol_D3/map-data-2026.09.12-15.05.27.700.jpk-force-map,0.1,215.0,64,17.065660676824244,-2.7934997811203033,34.892413029775966,27.601495021726016
1,raw/keeper_6e87fc8bc37b4a89aeda/12-09-26_99.7wt_glycerol_D3/map-data-2026.09.12-15.05.27.700.jpk-force-map,0.1,220.0,64,17.506773596855986,4.8588443174768985,35.1359984835503,21.5055339050391
1,raw/keeper_6e87fc8bc37b4a89aeda/12-09-26_99.7wt_glycerol_D3/map-data-2026.09.12-15.05.27.700.jpk-force-map,0.1,225.0,64,17.098928460614513,1.3456801975654937,35.71658592441939,26.269484225169258
1,raw/keeper_6e87fc8bc37b4a89aeda/12-09-26_99.7wt_glycerol_D3/map-data-2026.09.12-15.05.27.700.jpk-force-map,0.1,230.0,64,13.928482157182962,-0.26362399186961,29.471006843524584,21.631321824363905
1,raw/keeper_6e87fc8bc37b4a89aeda/12-09-26_99.7wt_glycerol_D3/map-data-2026.09.12-15.05.27.700.jpk-force-map,0.1,235.0,64,9.159194117235764,-7.99978368717902,29.645381058860593,27.24633635632492
1,raw/keeper_6e87fc8bc37b4a89aeda/12-09-26_99.7wt_glycerol_D3/map-data-2026.09.12-15.05.27.700.jpk-force-map,0.1,240.0,64,13.136533286180725,-2.3561311435276475,31.631027052426525,26.411311885037545
1,raw/keeper_6e87fc8bc37b4a89aeda/12-09-26_99.7wt_glycerol_D3/map-data-2026.09.12-15.05.27.700.jpk-force-map,0.1,245.0,64,7.928865983735309,-8.186094873741416,32.069074962495925,26.0007878671341
1,raw/keeper_6e87fc8bc37b4a89aeda/12-09-26_99.7wt_glycerol_D3/map-data-2026.09.12-15.05.27.700.jpk-force-map,0.1,250.0,64,11.995786281642687,-2.8508320350084757,23.892481619633998,18.699512709966424
1,raw/keeper_6e87fc8bc37b4a89aeda/12-09-26_99.7wt_glycerol_D3/map-data-2026.09.12-15.05.27.700.jpk-force-map,0.1,255.0,64,12.729400557660995,-2.43075999416743,22.495209848999146,19.7015175123558
1,raw/keeper_6e87fc8bc37b4a89aeda/12-09-26_99.7wt_glycerol_D3/map-data-2026.09.12-15.05.27.700.jpk-force-map,0.1,260.0,64,13.15691146051544,-6.992058114937778,27.414103510275652,26.876120476601294
1,raw/keeper_6e87fc8bc37b4a89aeda/12-09-26_99.7wt_glycerol_D3/map-data-2026.09.12-15.05.27.700.jpk-force-map,0.1,265.0,64,14.060791181759836,-6.5136431953028335,29.252844404801632,25.761321664145175
1,raw/keeper_6e87fc8bc37b4a89aeda/12-09-26_99.7wt_glycerol_D3/map-data-2026.09.12-15.05.27.700.jpk-force-map,0.1,270.0,64,8.53489300727788,-9.34750170217706,27.62486022222739,27.13467225141276
1,raw/keeper_6e87fc8bc37b4a89aeda/12-09-26_99.7wt_glycerol_D3/map-data-2026.09.12-15.05.27.700.jpk-force-map,0.1,275.0,64,3.772364556865848,-13.898279383352723,21.530220456185802,26.36601742629108
1,raw/keeper_6e87fc8bc37b4a89aeda/12-09-26_99.7wt_glycerol_D3/map-data-2026.09.12-15.05.27.700.jpk-force-map,0.1,280.0,64,9.738746081765091,-8.644123335232338,22.94545981223871,24.658657050509923
1,raw/keeper_6e87fc8bc37b4a89aeda/12-09-26_99.7wt_glycerol_D3/map-data-2026.09.12-15.05.27.700.jpk-force-map,0.1,285.0,64,8.874164758504783,-8.281077047282702,18.41610406554485,22.89698753791171
1,raw/keeper_6e87fc8bc37b4a89aeda/12-09-26_99.7wt_glycerol_D3/map-data-2026.09.12-15.05.27.700.jpk-force-map,0.1,290.0,64,8.91487140430779,-1.6048972021405343,30.064459042417667,26.1517530208474
1,raw/keeper_6e87fc8bc37b4a89aeda/12-09-26_99.7wt_glycerol_D3/map-data-2026.09.12-15.05.27.700.jpk-force-map,0.1,295.0,64,-0.696270857360965,-13.267839969663164,13.014024009667324,20.25693958456432
1,raw/keeper_6e87fc8bc37b4a89aeda/12-09-26_99.7wt_glycerol_D3/map-data-2026.09.12-15.05.27.700.jpk-force-map,0.1,300.0,64,-2.105048841064837,-13.847019162711849,11.027756730298723,18.10992328845313
2,raw/keeper_6e87fc8bc37b4a89aeda/12-09-26_99.7wt_glycerol_D3/map-data-2026.09.12-15.11.30.037.jpk-force-map,0.3,5.0,64,2090.3229924243715,1460.243659418147,3066.2791979739145,1328.772439262909
2,raw/keeper_6e87fc8bc37b4a89aeda/12-09-26_99.7wt_glycerol_D3/map-data-2026.09.12-15.11.30.037.jpk-force-map,0.3,10.0,64,1391.0780482087794,1054.6145336627424,1888.9269037308027,636.3464933524175
2,raw/keeper_6e87fc8bc37b4a89aeda/12-09-26_99.7wt_glycerol_D3/map-data-2026.09.12-15.11.30.037.jpk-force-map,0.3,15.0,64,1443.2944028493455,992.0321082395452,1616.1712117112656,422.27611227450257
2,raw/keeper_6e87fc8bc37b4a89aeda/12-09-26_99.7wt_glycerol_D3/map-data-2026.09.12-15.11.30.037.jpk-force-map,0.3,20.0,64,1200.6988810211087,833.0403080962299,1355.6183432543162,388.1634159923277
2,raw/keeper_6e87fc8bc37b4a89aeda/12-09-26_99.7wt_glycerol_D3/map-data-2026.09.12-15.11.30.037.jpk-force-map,0.3,25.0,64,1006.4135657336893,729.4376035124767,1102.282446656751,241.7301890308038
2,raw/keeper_6e87fc8bc37b4a89aeda/12-09-26_99.7wt_glycerol_D3/map-data-2026.09.12-15.11.30.037.jpk-force-map,0.3,30.0,64,858.908155500344,601.0975928743599,931.3016612403816,180.09322428779993
2,raw/keeper_6e87fc8bc37b4a89aeda/12-09-26_99.7wt_glycerol_D3/map-data-2026.09.12-15.11.30.037.jpk-force-map,0.3,35.0,64,737.2708163340037,563.0801619590566,807.4558995591902,180.91709708648924
2,raw/keeper_6e87fc8bc37b4a89aeda/12-09-26_99.7wt_glycerol_D3/map-data-2026.09.12-15.11.30.037.jpk-force-map,0.3,40.0,64,642.0360031337195,500.661971366893,706.3637612019353,138.06242288749246
2,raw/keeper_6e87fc8bc37b4a89aeda/12-09-26_99.7wt_glycerol_D3/map-data-2026.09.12-15.11.30.037.jpk-force-map,0.3,45.0,64,546.9747523353228,443.18608448505825,628.2202967754728,130.69986265734784
2,raw/keeper_6e87fc8bc37b4a89aeda/12-09-26_99.7wt_glycerol_D3/map-data-2026.09.12-15.11.30.037.jpk-force-map,0.3,50.0,64,485.8337016909536,403.5649575201674,542.4273710165363,93.7852226639147
2,raw/keeper_6e87fc8bc37b4a89aeda/12-09-26_99.7wt_glycerol_D3/map-data-2026.09.12-15.11.30.037.jpk-force-map,0.3,55.0,64,425.9211236064862,354.98684425734507,483.9838025034084,93.38987867610965
2,raw/keeper_6e87fc8bc37b4a89aeda/12-09-26_99.7wt_glycerol_D3/map-data-2026.09.12-15.11.30.037.jpk-force-map,0.3,60.0,64,388.7991312093204,331.42874694062186,438.24209916115683,80.09718319207074
2,raw/keeper_6e87fc8bc37b4a89aeda/12-09-26_99.7wt_glycerol_D3/map-data-2026.09.12-15.11.30.037.jpk-force-map,0.3,65.0,64,339.0324816380038,295.90302001484145,385.39911565982493,67.1590814208569
2,raw/keeper_6e87fc8bc37b4a89aeda/12-09-26_99.7wt_glycerol_D3/map-data-2026.09.12-15.11.30.037.jpk-force-map,0.3,70.0,64,314.0273516997411,285.3024925378328,350.93556379404777,54.291549595399864
2,raw/keeper_6e87fc8bc37b4a89aeda/12-09-26_99.7wt_glycerol_D3/map-data-2026.09.12-15.11.30.037.jpk-force-map,0.3,75.0,64,288.0881889692687,252.27178312585608,324.3818914178715,54.14171434683816
2,raw/keeper_6e87fc8bc37b4a89aeda/12-09-26_99.7wt_glycerol_D3/map-data-2026.09.12-15.11.30.037.jpk-force-map,0.3,80.0,64,271.45815732978855,229.47882826869403,299.02155996039716,51.21481786354075
2,raw/keeper_6e87fc8bc37b4a89aeda/12-09-26_99.7wt_glycerol_D3/map-data-2026.09.12-15.11.30.037.jpk-force-map,0.3,85.0,64,233.57880925512453,191.6254747920212,276.50766183444784,63.43405432583506
2,raw/keeper_6e87fc8bc37b4a89aeda/12-09-26_99.7wt_glycerol_D3/map-data-2026.09.12-15.11.30.037.jpk-force-map,0.3,90.0,64,209.82478324761038,187.08084369838903,246.87313256761124,48.55973725902781
2,raw/keeper_6e87fc8bc37b4a89aeda/12-09-26_99.7wt_glycerol_D3/map-data-2026.09.12-15.11.30.037.jpk-force-map,0.3,95.0,64,206.65362453645741,181.37337267706724,243.5340444458507,45.45345605109923
2,raw/keeper_6e87fc8bc37b4a89aeda/12-09-26_99.7wt_glycerol_D3/map-data-2026.09.12-15.11.30.037.jpk-force-map,0.3,100.0,64,188.37869317294434,163.5103206656074,229.19299538032504,44.747560088285965
2,raw/keeper_6e87fc8bc37b4a89aeda/12-09-26_99.7wt_glycerol_D3/map-data-2026.09.12-15.11.30.037.jpk-force-map,0.3,105.0,64,178.59582751536448,154.14485137801097,204.696673663174,39.56127087245549
2,raw/keeper_6e87fc8bc37b4a89aeda/12-09-26_99.7wt_glycerol_D3/map-data-2026.09.12-15.11.30.037.jpk-force-map,0.3,110.0,64,158.81302722449567,137.4388323429363,175.33780476516085,27.833887035930974
2,raw/keeper_6e87fc8bc37b4a89aeda/12-09-26_99.7wt_glycerol_D3/map-data-2026.09.12-15.11.30.037.jpk-force-map,0.3,115.0,64,147.82561265232863,123.945689289724,171.38404960529084,36.20071187877023
2,raw/keeper_6e87fc8bc37b4a89aeda/12-09-26_99.7wt_glycerol_D3/map-data-2026.09.12-15.11.30.037.jpk-force-map,0.3,120.0,64,131.422275776597,108.94094959433829,161.11552897752026,40.90529305205352
2,raw/keeper_6e87fc8bc37b4a89aeda/12-09-26_99.7wt_glycerol_D3/map-data-2026.09.12-15.11.30.037.jpk-force-map,0.3,125.0,64,136.6156783570093,107.73875328199193,165.9627511085793,43.77124834655132
2,raw/keeper_6e87fc8bc37b4a89aeda/12-09-26_99.7wt_glycerol_D3/map-data-2026.09.12-15.11.30.037.jpk-force-map,0.3,130.0,64,121.80160713261802,102.36828424776357,152.86909482660542,33.39066232619704
2,raw/keeper_6e87fc8bc37b4a89aeda/12-09-26_99.7wt_glycerol_D3/map-data-2026.09.12-15.11.30.037.jpk-force-map,0.3,135.0,64,127.7537073678634,97.33743488481242,141.64281657276513,42.697985830050214
2,raw/keeper_6e87fc8bc37b4a89aeda/12-09-26_99.7wt_glycerol_D3/map-data-2026.09.12-15.11.30.037.jpk-force-map,0.3,140.0,64,105.05149337316124,85.66084039724782,135.38842351728067,36.31849220940386
2,raw/keeper_6e87fc8bc37b4a89aeda/12-09-26_99.7wt_glycerol_D3/map-data-2026.09.12-15.11.30.037.jpk-force-map,0.3,145.0,64,108.95144518250166,75.29409862595037,128.44827176021855,38.578327078735114
2,raw/keeper_6e87fc8bc37b4a89aeda/12-09-26_99.7wt_glycerol_D3/map-data-2026.09.12-15.11.30.037.jpk-force-map,0.3,150.0,64,101.26449960658994,78.63186133799769,127.26275075882049,36.01560393890889
2,raw/keeper_6e87fc8bc37b4a89aeda/12-09-26_99.7wt_glycerol_D3/map-data-2026.09.12-15.11.30.037.jpk-force-map,0.3,155.0,64,85.2253521846851,63.766604447260384,114.48268641488858,39.563285051206236
2,raw/keeper_6e87fc8bc37b4a89aeda/12-09-26_99.7wt_glycerol_D3/map-data-2026.09.12-15.11.30.037.jpk-force-map,0.3,160.0,64,87.82091859282434,65.59440242784667,106.42774911603712,31.9952540252883
2,raw/keeper_6e87fc8bc37b4a89aeda/12-09-26_99.7wt_glycerol_D3/map-data-2026.09.12-15.11.30.037.jpk-force-map,0.3,165.0,64,83.17042039838367,66.42024865225207,104.34131399762629,25.806665249201707
2,raw/keeper_6e87fc8bc37b4a89aeda/12-09-26_99.7wt_glycerol_D3/map-data-2026.09.12-15.11.30.037.jpk-force-map,0.3,170.0,64,88.60064055922601,61.35966869268046,107.11552078361501,38.67677620598606
2,raw/keeper_6e87fc8bc37b4a89aeda/12-09-26_99.7wt_glycerol_D3/map-data-2026.09.12-15.11.30.037.jpk-force-map,0.3,175.0,64,71.3089809587529,48.287492331864954,98.60301063286154,38.054001961390895
2,raw/keeper_6e87fc8bc37b4a89aeda/12-09-26_99.7wt_glycerol_D3/map-data-2026.09.12-15.11.30.037.jpk-force-map,0.3,180.0,64,70.4023344447313,49.54461030918513,100.19027988582198,36.08352106387135
2,raw/keeper_6e87fc8bc37b4a89aeda/12-09-26_99.7wt_glycerol_D3/map-data-2026.09.12-15.11.30.037.jpk-force-map,0.3,185.0,64,68.49738933505293,49.73426815527177,92.91250485586369,32.726793922445076
2,raw/keeper_6e87fc8bc37b4a89aeda/12-09-26_99.7wt_glycerol_D3/map-data-2026.09.12-15.11.30.037.jpk-force-map,0.3,190.0,64,63.14397666706529,36.0507465644407,87.69140121245415,39.554073867892704
2,raw/keeper_6e87fc8bc37b4a89aeda/12-09-26_99.7wt_glycerol_D3/map-data-2026.09.12-15.11.30.037.jpk-force-map,0.3,195.0,64,51.12372000860104,25.240738082328576,77.52268393605476,39.34789074060945
2,raw/keeper_6e87fc8bc37b4a89aeda/12-09-26_99.7wt_glycerol_D3/map-data-2026.09.12-15.11.30.037.jpk-force-map,0.3,200.0,64,56.1702174899747,27.05515770862556,76.99879917946137,37.38288742676727
2,raw/keeper_6e87fc8bc37b4a89aeda/12-09-26_99.7wt_glycerol_D3/map-data-2026.09.12-15.11.30.037.jpk-force-map,0.3,205.0,64,54.603732318072474,22.671000595965943,71.31883869349078,35.76508431594459
2,raw/keeper_6e87fc8bc37b4a89aeda/12-09-26_99.7wt_glycerol_D3/map-data-2026.09.12-15.11.30.037.jpk-force-map,0.3,210.0,64,52.474179964942735,29.422836484275955,79.08721412863042,39.54503462666783
2,raw/keeper_6e87fc8bc37b4a89aeda/12-09-26_99.7wt_glycerol_D3/map-data-2026.09.12-15.11.30.037.jpk-force-map,0.3,215.0,64,40.14450640903191,21.648993734070746,71.7972618969365,33.514362377304785
2,raw/keeper_6e87fc8bc37b4a89aeda/12-09-26_99.7wt_glycerol_D3/map-data-2026.09.12-15.11.30.037.jpk-force-map,0.3,220.0,64,28.404988095354376,6.898749271158778,56.353712180896125,39.34467296723903
2,raw/keeper_6e87fc8bc37b4a89aeda/12-09-26_99.7wt_glycerol_D3/map-data-2026.09.12-15.11.30.037.jpk-force-map,0.3,225.0,64,34.13995308440411,16.00771864409178,58.89825859890582,33.032899966311916
2,raw/keeper_6e87fc8bc37b4a89aeda/12-09-26_99.7wt_glycerol_D3/map-data-2026.09.12-15.11.30.037.jpk-force-map,0.3,230.0,64,35.595070705190295,12.82946899097475,54.6450602496789,31.882509141534577
2,raw/keeper_6e87fc8bc37b4a89aeda/12-09-26_99.7wt_glycerol_D3/map-data-2026.09.12-15.11.30.037.jpk-force-map,0.3,235.0,64,29.972003431140532,1.9601732756483665,58.013986657598174,41.663090962443064
2,raw/keeper_6e87fc8bc37b4a89aeda/12-09-26_99.7wt_glycerol_D3/map-data-2026.09.12-15.11.30.037.jpk-force-map,0.3,240.0,64,24.66665343286398,-0.6877965190101978,48.27760974569453,36.72584758024671
2,raw/keeper_6e87fc8bc37b4a89aeda/12-09-26_99.7wt_glycerol_D3/map-data-2026.09.12-15.11.30.037.jpk-force-map,0.3,245.0,64,24.819357199396165,8.270548323876724,52.35033699490583,36.32062920393172
2,raw/keeper_6e87fc8bc37b4a89aeda/12-09-26_99.7wt_glycerol_D3/map-data-2026.09.12-15.11.30.037.jpk-force-map,0.3,250.0,64,31.74304902458809,11.028767355204781,54.74515353442479,33.787111655997435
2,raw/keeper_6e87fc8bc37b4a89aeda/12-09-26_99.7wt_glycerol_D3/map-data-2026.09.12-15.11.30.037.jpk-force-map,0.3,255.0,64,22.586190941970344,-0.08111507442128495,51.465717133548935,40.72396783813869
2,raw/keeper_6e87fc8bc37b4a89aeda/12-09-26_99.7wt_glycerol_D3/map-data-2026.09.12-15.11.30.037.jpk-force-map,0.3,260.0,64,20.40716767131157,0.9822611381345541,37.75003778956229,27.99330191513806
2,raw/keeper_6e87fc8bc37b4a89aeda/12-09-26_99.7wt_glycerol_D3/map-data-2026.09.12-15.11.30.037.jpk-force-map,0.3,265.0,64,16.74873864688006,-5.047474971036384,37.247243615022626,31.357569945302757
2,raw/keeper_6e87fc8bc37b4a89aeda/12-09-26_99.7wt_glycerol_D3/map-data-2026.09.12-15.11.30.037.jpk-force-map,0.3,270.0,64,16.120345334434173,-5.578840008696819,40.40018622643633,35.53470648049208
2,raw/keeper_6e87fc8bc37b4a89aeda/12-09-26_99.7wt_glycerol_D3/map-data-2026.09.12-15.11.30.037.jpk-force-map,0.3,275.0,64,8.084286840178768,-9.887341078188676,35.14009068603897,35.91801452209979
2,raw/keeper_6e87fc8bc37b4a89aeda/12-09-26_99.7wt_glycerol_D3/map-data-2026.09.12-15.11.30.037.jpk-force-map,0.3,280.0,64,-7.143709837511255,-27.666594060558374,24.93011174851819,34.17145135013591
2,raw/keeper_6e87fc8bc37b4a89aeda/12-09-26_99.7wt_glycerol_D3/map-data-2026.09.12-15.11.30.037.jpk-force-map,0.3,285.0,64,8.09851842696969,-10.428878635394216,30.017638944313305,29.07803542525818
2,raw/keeper_6e87fc8bc37b4a89aeda/12-09-26_99.7wt_glycerol_D3/map-data-2026.09.12-15.11.30.037.jpk-force-map,0.3,290.0,64,4.55009840869776,-12.792837980038819,29.93653215370232,35.91894792200896
2,raw/keeper_6e87fc8bc37b4a89aeda/12-09-26_99.7wt_glycerol_D3/map-data-2026.09.12-15.11.30.037.jpk-force-map,0.3,295.0,64,10.653477595034147,-16.27003379386978,28.50236429018858,32.929832965824716
2,raw/keeper_6e87fc8bc37b4a89aeda/12-09-26_99.7wt_glycerol_D3/map-data-2026.09.12-15.11.30.037.jpk-force-map,0.3,300.0,64,10.43157087387393,-11.626974461442678,44.26947965235917,41.93291722563108
3,raw/keeper_6e87fc8bc37b4a89aeda/12-09-26_99.7wt_glycerol_D3/map-data-2026.09.12-15.13.54.693.jpk-force-map,0.9,5.0,64,3400.943733916807,2655.667037010947,4489.48062980817,1405.6178045507036
3,raw/keeper_6e87fc8bc37b4a89aeda/12-09-26_99.7wt_glycerol_D3/map-data-2026.09.12-15.13.54.693.jpk-force-map,0.9,10.0,64,2817.826616070648,2102.8141340185402,3406.902767701613,1031.533252397409
3,raw/keeper_6e87fc8bc37b4a89aeda/12-09-26_99.7wt_glycerol_D3/map-data-2026.09.12-15.13.54.693.jpk-force-map,0.9,15.0,64,2558.3649077273585,1792.3474789445352,2874.828784953518,675.8124837446813
3,raw/keeper_6e87fc8bc37b4a89aeda/12-09-26_99.7wt_glycerol_D3/map-data-2026.09.12-15.13.54.693.jpk-force-map,0.9,20.0,64,2132.5969849160474,1570.0335587849463,2378.2167272211555,537.5451058876808
3,raw/keeper_6e87fc8bc37b4a89aeda/12-09-26_99.7wt_glycerol_D3/map-data-2026.09.12-15.13.54.693.jpk-force-map,0.9,25.0,64,1793.268373612968,1334.8603230644128,1995.939216516847,469.9504705934642
3,raw/keeper_6e87fc8bc37b4a89aeda/12-09-26_99.7wt_glycerol_D3/map-data-2026.09.12-15.13.54.693.jpk-force-map,0.9,30.0,64,1553.9392743189896,1241.568187731569,1753.4818023806806,366.0332901691862
3,raw/keeper_6e87fc8bc37b4a89aeda/12-09-26_99.7wt_glycerol_D3/map-data-2026.09.12-15.13.54.693.jpk-force-map,0.9,35.0,64,1376.6969717699283,1102.1564995987956,1538.8423109590285,306.2660728229882
3,raw/keeper_6e87fc8bc37b4a89aeda/12-09-26_99.7wt_glycerol_D3/map-data-2026.09.12-15.13.54.693.jpk-force-map,0.9,40.0,64,1250.3894852101548,987.9157004564873,1326.6763074271594,193.1793681972232
3,raw/keeper_6e87fc8bc37b4a89aeda/12-09-26_99.7wt_glycerol_D3/map-data-2026.09.12-15.13.54.693.jpk-force-map,0.9,45.0,64,1074.7970692391714,914.0042029724143,1192.43677390034,209.11832611295108
3,raw/keeper_6e87fc8bc37b4a89aeda/12-09-26_99.7wt_glycerol_D3/map-data-2026.09.12-15.13.54.693.jpk-force-map,0.9,50.0,64,969.1952160504045,789.2693316044647,1046.805733231363,164.56483951628618
3,raw/keeper_6e87fc8bc37b4a89aeda/12-09-26_99.7wt_glycerol_D3/map-data-2026.09.12-15.13.54.693.jpk-force-map,0.9,55.0,64,877.84211370829,730.4080436527352,969.4313543583561,176.3716114713926
3,raw/keeper_6e87fc8bc37b4a89aeda/12-09-26_99.7wt_glycerol_D3/map-data-2026.09.12-15.13.54.693.jpk-force-map,0.9,60.0,64,794.4437062716885,686.0942373292949,886.9663584281624,151.10720244305128
3,raw/keeper_6e87fc8bc37b4a89aeda/12-09-26_99.7wt_glycerol_D3/map-data-2026.09.12-15.13.54.693.jpk-force-map,0.9,65.0,64,737.8510310033898,614.1282921949758,810.9993824262822,123.45532838939036
3,raw/keeper_6e87fc8bc37b4a89aeda/12-09-26_99.7wt_glycerol_D3/map-data-2026.09.12-15.13.54.693.jpk-force-map,0.9,70.0,64,688.5383508263185,595.2907244083913,734.1601211571847,113.07857422129361
3,raw/keeper_6e87fc8bc37b4a89aeda/12-09-26_99.7wt_glycerol_D3/map-data-2026.09.12-15.13.54.693.jpk-force-map,0.9,75.0,64,616.2631461869566,528.8385748011149,664.6483709175171,101.58365608843982
3,raw/keeper_6e87fc8bc37b4a89aeda/12-09-26_99.7wt_glycerol_D3/map-data-2026.09.12-15.13.54.693.jpk-force-map,0.9,80.0,64,569.6759391374981,487.07284379904405,629.4840169499239,95.78235458515246
3,raw/keeper_6e87fc8bc37b4a89aeda/12-09-26_99.7wt_glycerol_D3/map-data-2026.09.12-15.13.54.693.jpk-force-map,0.9,85.0,64,535.0328770937476,454.1521268256069,576.6696954336304,82.37607907007234
3,raw/keeper_6e87fc8bc37b4a89aeda/12-09-26_99.7wt_glycerol_D3/map-data-2026.09.12-15.13.54.693.jpk-force-map,0.9,90.0,64,489.1894237046096,420.6138600479362,549.0871406326728,95.22695707609923
3,raw/keeper_6e87fc8bc37b4a89aeda/12-09-26_99.7wt_glycerol_D3/map-data-2026.09.12-15.13.54.693.jpk-force-map,0.9,95.0,64,465.8194517289925,405.57996133887025,518.0272574769114,82.5751880085708
3,raw/keeper_6e87fc8bc37b4a89aeda/12-09-26_99.7wt_glycerol_D3/map-data-2026.09.12-15.13.54.693.jpk-force-map,0.9,100.0,64,436.187995755927,393.79791394103387,466.6154679510506,52.428065803247044
3,raw/keeper_6e87fc8bc37b4a89aeda/12-09-26_99.7wt_glycerol_D3/map-data-2026.09.12-15.13.54.693.jpk-force-map,0.9,105.0,64,414.7276078239837,354.008170009246,438.6137109093755,45.00896118913668
3,raw/keeper_6e87fc8bc37b4a89aeda/12-09-26_99.7wt_glycerol_D3/map-data-2026.09.12-15.13.54.693.jpk-force-map,0.9,110.0,64,372.1301490919059,348.6625689747541,413.82775403474113,52.33730494366753
3,raw/keeper_6e87fc8bc37b4a89aeda/12-09-26_99.7wt_glycerol_D3/map-data-2026.09.12-15.13.54.693.jpk-force-map,0.9,115.0,64,362.7935488846165,313.5867275245414,390.871392727615,60.119895132894875
3,raw/keeper_6e87fc8bc37b4a89aeda/12-09-26_99.7wt_glycerol_D3/map-data-2026.09.12-15.13.54.693.jpk-force-map,0.9,120.0,64,325.1562040558822,293.65446243712597,383.63473853399597,63.59902047818589
3,raw/keeper_6e87fc8bc37b4a89aeda/12-09-26_99.7wt_glycerol_D3/map-data-2026.09.12-15.13.54.693.jpk-force-map,0.9,125.0,64,305.66018929161453,270.09075698055574,347.040689960669,59.70600596268714
3,raw/keeper_6e87fc8bc37b4a89aeda/12-09-26_99.7wt_glycerol_D3/map-data-2026.09.12-15.13.54.693.jpk-force-map,0.9,130.0,64,289.98418756338697,257.1191460816965,342.25157876170516,56.33193723347753
3,raw/keeper_6e87fc8bc37b4a89aeda/12-09-26_99.7wt_glycerol_D3/map-data-2026.09.12-15.13.54.693.jpk-force-map,0.9,135.0,64,262.1842655695342,233.14518489996965,310.1920384653295,58.70935592819706
3,raw/keeper_6e87fc8bc37b4a89aeda/12-09-26_99.7wt_glycerol_D3/map-data-2026.09.12-15.13.54.693.jpk-force-map,0.9,140.0,64,251.48464714887405,224.27508749252155,300.30992447169564,56.652903986420796
3,raw/keeper_6e87fc8bc37b4a89aeda/12-09-26_99.7wt_glycerol_D3/map-data-2026.09.12-15.13.54.693.jpk-force-map,0.9,145.0,64,254.21467637237436,195.41109344601418,287.65659414773756,59.708388588771186
3,raw/keeper_6e87fc8bc37b4a89aeda/12-09-26_99.7wt_glycerol_D3/map-data-2026.09.12-15.13.54.693.jpk-force-map,0.9,150.0,64,226.16907312063813,197.1975303597505,270.1206781048218,49.167429726144945
3,raw/keeper_6e87fc8bc37b4a89aeda/12-09-26_99.7wt_glycerol_D3/map-data-2026.09.12-15.13.54.693.jpk-force-map,0.9,155.0,64,208.70782734741647,174.3864422409549,249.70699935829543,55.00889198867857
3,raw/keeper_6e87fc8bc37b4a89aeda/12-09-26_99.7wt_glycerol_D3/map-data-2026.09.12-15.13.54.693.jpk-force-map,0.9,160.0,64,190.02157164716547,156.83756203428646,241.91658070286982,65.65353193067797
3,raw/keeper_6e87fc8bc37b4a89aeda/12-09-26_99.7wt_glycerol_D3/map-data-2026.09.12-15.13.54.693.jpk-force-map,0.9,165.0,64,196.48740068708037,142.60511372710081,235.14235367422594,73.15602845771653
3,raw/keeper_6e87fc8bc37b4a89aeda/12-09-26_99.7wt_glycerol_D3/map-data-2026.09.12-15.13.54.693.jpk-force-map,0.9,170.0,64,181.27837393590403,122.67030550979946,219.03690263143918,67.0217488184455
3,raw/keeper_6e87fc8bc37b4a89aeda/12-09-26_99.7wt_glycerol_D3/map-data-2026.09.12-15.13.54.693.jpk-force-map,0.9,175.0,64,164.97952904840264,126.13021301068977,198.73291810626665,54.152276503704535
3,raw/keeper_6e87fc8bc37b4a89aeda/12-09-26_99.7wt_glycerol_D3/map-data-2026.09.12-15.13.54.693.jpk-force-map,0.9,180.0,64,157.635616073778,131.44331665578704,194.87228126253058,44.64223327749376
3,raw/keeper_6e87fc8bc37b4a89aeda/12-09-26_99.7wt_glycerol_D3/map-data-2026.09.12-15.13.54.693.jpk-force-map,0.9,185.0,64,143.01429255686546,114.20525331057337,175.48118924464958,45.54546963161012
3,raw/keeper_6e87fc8bc37b4a89aeda/12-09-26_99.7wt_glycerol_D3/map-data-2026.09.12-15.13.54.693.jpk-force-map,0.9,190.0,64,140.51026225701372,108.98306448796177,167.7573889949128,43.60362937340568
3,raw/keeper_6e87fc8bc37b4a89aeda/12-09-26_99.7wt_glycerol_D3/map-data-2026.09.12-15.13.54.693.jpk-force-map,0.9,195.0,64,121.17665988542475,84.23991834705076,159.426957003451,55.14873003294971
3,raw/keeper_6e87fc8bc37b4a89aeda/12-09-26_99.7wt_glycerol_D3/map-data-2026.09.12-15.13.54.693.jpk-force-map,0.9,200.0,64,116.31237310431436,83.18334314308323,151.0215316736788,49.54970611522161
3,raw/keeper_6e87fc8bc37b4a89aeda/12-09-26_99.7wt_glycerol_D3/map-data-2026.09.12-15.13.54.693.jpk-force-map,0.9,205.0,64,114.84792791267455,85.05088684743033,136.87489536158427,38.97462902960286
3,raw/keeper_6e87fc8bc37b4a89aeda/12-09-26_99.7wt_glycerol_D3/map-data-2026.09.12-15.13.54.693.jpk-force-map,0.9,210.0,64,103.29196227659315,60.13159375569148,122.439187191135,50.71097841788443
3,raw/keeper_6e87fc8bc37b4a89aeda/12-09-26_99.7wt_glycerol_D3/map-data-2026.09.12-15.13.54.693.jpk-force-map,0.9,215.0,64,91.92175281175722,55.40915066528028,124.55807827988738,52.74613410384101
3,raw/keeper_6e87fc8bc37b4a89aeda/12-09-26_99.7wt_glycerol_D3/map-data-2026.09.12-15.13.54.693.jpk-force-map,0.9,220.0,64,81.5166238616535,57.771047341058136,122.84663470446188,54.82375948565978
3,raw/keeper_6e87fc8bc37b4a89aeda/12-09-26_99.7wt_glycerol_D3/map-data-2026.09.12-15.13.54.693.jpk-force-map,0.9,225.0,64,70.96462294775284,52.68386806531417,111.72360586724646,50.19868924673728
3,raw/keeper_6e87fc8bc37b4a89aeda/12-09-26_99.7wt_glycerol_D3/map-data-2026.09.12-15.13.54.693.jpk-force-map,0.9,230.0,64,78.76215739657383,50.47873422331308,107.42768790621562,42.611695464771984
3,raw/keeper_6e87fc8bc37b4a89aeda/12-09-26_99.7wt_glycerol_D3/map-data-2026.09.12-15.13.54.693.jpk-force-map,0.9,235.0,64,70.7857920422575,32.633682932515484,100.72704596806194,50.95629065188286
3,raw/keeper_6e87fc8bc37b4a89aeda/12-09-26_99.7wt_glycerol_D3/map-data-2026.09.12-15.13.54.693.jpk-force-map,0.9,240.0,64,56.45692017846805,20.03233352072928,96.32853301145097,55.65040792092166
3,raw/keeper_6e87fc8bc37b4a89aeda/12-09-26_99.7wt_glycerol_D3/map-data-2026.09.12-15.13.54.693.jpk-force-map,0.9,245.0,64,48.47989211929524,19.777912842552283,77.44574390222918,43.00961858390304
3,raw/keeper_6e87fc8bc37b4a89aeda/12-09-26_99.7wt_glycerol_D3/map-data-2026.09.12-15.13.54.693.jpk-force-map,0.9,250.0,64,46.13426484774086,19.933134887539474,79.22489106254447,47.97476571074906
3,raw/keeper_6e87fc8bc37b4a89aeda/12-09-26_99.7wt_glycerol_D3/map-data-2026.09.12-15.13.54.693.jpk-force-map,0.9,255.0,64,44.391947509818436,14.155823058166057,75.15743231694155,45.478068332912926
3,raw/keeper_6e87fc8bc37b4a89aeda/12-09-26_99.7wt_glycerol_D3/map-data-2026.09.12-15.13.54.693.jpk-force-map,0.9,260.0,64,24.91241752885339,-0.2598962770526936,63.77984197676726,42.563330611587496
3,raw/keeper_6e87fc8bc37b4a89aeda/12-09-26_99.7wt_glycerol_D3/map-data-2026.09.12-15.13.54.693.jpk-force-map,0.9,265.0,64,18.77031981128293,-19.954904742071683,60.93579438272609,61.806204884412566
3,raw/keeper_6e87fc8bc37b4a89aeda/12-09-26_99.7wt_glycerol_D3/map-data-2026.09.12-15.13.54.693.jpk-force-map,0.9,270.0,64,2.661505541349996,-29.246076531455998,50.985653735583846,55.93347372492568
3,raw/keeper_6e87fc8bc37b4a89aeda/12-09-26_99.7wt_glycerol_D3/map-data-2026.09.12-15.13.54.693.jpk-force-map,0.9,275.0,64,18.272943248944802,-21.459012819366087,66.68322650688704,61.94402874993417
3,raw/keeper_6e87fc8bc37b4a89aeda/12-09-26_99.7wt_glycerol_D3/map-data-2026.09.12-15.13.54.693.jpk-force-map,0.9,280.0,64,20.08617000650031,-2.365616106784719,52.085520134294086,43.456766266659464
3,raw/keeper_6e87fc8bc37b4a89aeda/12-09-26_99.7wt_glycerol_D3/map-data-2026.09.12-15.13.54.693.jpk-force-map,0.9,285.0,64,3.4331093732605327,-20.22532145871931,35.62667344302923,39.61548175664775
3,raw/keeper_6e87fc8bc37b4a89aeda/12-09-26_99.7wt_glycerol_D3/map-data-2026.09.12-15.13.54.693.jpk-force-map,0.9,290.0,64,7.894256222610169,-15.540172084101183,32.32490388849333,35.478309475460186
3,raw/keeper_6e87fc8bc37b4a89aeda/12-09-26_99.7wt_glycerol_D3/map-data-2026.09.12-15.13.54.693.jpk-force-map,0.9,295.0,64,0.491329380524038,-26.145827239936203,25.514352349908535,40.41729684169651
3,raw/keeper_6e87fc8bc37b4a89aeda/12-09-26_99.7wt_glycerol_D3/map-data-2026.09.12-15.13.54.693.jpk-force-map,0.9,300.0,64,-15.498777882008655,-40.00402954709938,20.006082124605598,49.02255623499415
4,raw/keeper_6e87fc8bc37b4a89aeda/12-09-26_99.7wt_glycerol_D3/map-data-2026.09.12-15.15.21.190.jpk-force-map,2.7,5.0,64,5652.651396328498,4310.498693875855,6318.040720978318,1162.7020993827566
4,raw/keeper_6e87fc8bc37b4a89aeda/12-09-26_99.7wt_glycerol_D3/map-data-2026.09.12-15.15.21.190.jpk-force-map,2.7,10.0,64,4822.395036779647,3730.063103541519,5190.122125102865,729.7646196573555
4,raw/keeper_6e87fc8bc37b4a89aeda/12-09-26_99.7wt_glycerol_D3/map-data-2026.09.12-15.15.21.190.jpk-force-map,2.7,15.0,64,4106.0330722608605,3237.7184674613627,4357.616255338069,547.0978153149974
4,raw/keeper_6e87fc8bc37b4a89aeda/12-09-26_99.7wt_glycerol_D3/map-data-2026.09.12-15.15.21.190.jpk-force-map,2.7,20.0,64,3552.5030422976315,2880.8613789773817,3756.8723397617505,491.9879933203626
4,raw/keeper_6e87fc8bc37b4a89aeda/12-09-26_99.7wt_glycerol_D3/map-data-2026.09.12-15.15.21.190.jpk-force-map,2.7,25.0,64,3153.350208035063,2599.299540569037,3312.7687486868385,386.56344573239835
4,raw/keeper_6e87fc8bc37b4a89aeda/12-09-26_99.7wt_glycerol_D3/map-data-2026.09.12-15.15.21.190.jpk-force-map,2.7,30.0,64,2799.616232160146,2378.3118916385324,2947.8120483128737,296.9088369871551
4,raw/keeper_6e87fc8bc37b4a89aeda/12-09-26_99.7wt_glycerol_D3/map-data-2026.09.12-15.15.21.190.jpk-force-map,2.7,35.0,64,2521.4075312165187,2162.8465705600947,2637.785487250183,270.44021926033173
4,raw/keeper_6e87fc8bc37b4a89aeda/12-09-26_99.7wt_glycerol_D3/map-data-2026.09.12-15.15.21.190.jpk-force-map,2.7,40.0,64,2253.1286175971313,1965.6515584787994,2369.556707253181,209.46628777379036
4,raw/keeper_6e87fc8bc37b4a89aeda/12-09-26_99.7wt_glycerol_D3/map-data-2026.09.12-15.15.21.190.jpk-force-map,2.7,45.0,64,2035.8252100452137,1832.6056723716797,2147.50885480962,185.52057631172514
4,raw/keeper_6e87fc8bc37b4a89aeda/12-09-26_99.7wt_glycerol_D3/map-data-2026.09.12-15.15.21.190.jpk-force-map,2.7,50.0,64,1845.3006951149162,1686.5029018183066,1953.1584122024396,204.60794124706686
4,raw/keeper_6e87fc8bc37b4a89aeda/12-09-26_99.7wt_glycerol_D3/map-data-2026.09.12-15.15.21.190.jpk-force-map,2.7,55.0,64,1719.3795157835516,1539.1835211219595,1798.5435208374154,174.81961305415908
4,raw/keeper_6e87fc8bc37b4a89aeda/12-09-26_99.7wt_glycerol_D3/map-data-2026.09.12-15.15.21.190.jpk-force-map,2.7,60.0,64,1565.3720431222687,1385.218850910589,1653.8832847963677,165.38954746226295
4,raw/keeper_6e87fc8bc37b4a89aeda/12-09-26_99.7wt_glycerol_D3/map-data-2026.09.12-15.15.21.190.jpk-force-map,2.7,65.0,64,1421.966787835379,1285.3359583885906,1507.3046010341918,144.57219948492218
4,raw/keeper_6e87fc8bc37b4a89aeda/12-09-26_99.7wt_glycerol_D3/map-data-2026.09.12-15.15.21.190.jpk-force-map,2.7,70.0,64,1326.0207763508442,1200.3431907570655,1391.7588863267974,159.83910946611755
4,raw/keeper_6e87fc8bc37b4a89aeda/12-09-26_99.7wt_glycerol_D3/map-data-2026.09.12-15.15.21.190.jpk-force-map,2.7,75.0,64,1229.0110904365679,1125.1208879184942,1307.7125772035401,145.30526229772053
4,raw/keeper_6e87fc8bc37b4a89aeda/12-09-26_99.7wt_glycerol_D3/map-data-2026.09.12-15.15.21.190.jpk-force-map,2.7,80.0,64,1129.0461219181063,1040.035184214671,1220.5308705799416,136.8413393011809
4,raw/keeper_6e87fc8bc37b4a89aeda/12-09-26_99.7wt_glycerol_D3/map-data-2026.09.12-15.15.21.190.jpk-force-map,2.7,85.0,64,1050.0875056668574,966.1436424305862,1131.6366931883915,125.33273949071243
4,raw/keeper_6e87fc8bc37b4a89aeda/12-09-26_99.7wt_glycerol_D3/map-data-2026.09.12-15.15.21.190.jpk-force-map,2.7,90.0,64,978.4787335986981,890.4400501900659,1072.1867742155987,138.38314400888132
4,raw/keeper_6e87fc8bc37b4a89aeda/12-09-26_99.7wt_glycerol_D3/map-data-2026.09.12-15.15.21.190.jpk-force-map,2.7,95.0,64,907.8663879849781,821.1359005304716,992.461888906533,127.64042338696196
4,raw/keeper_6e87fc8bc37b4a89aeda/12-09-26_99.7wt_glycerol_D3/map-data-2026.09.12-15.15.21.190.jpk-force-map,2.7,100.0,64,838.1897816284741,771.6226113095615,912.3463142331957,107.83586343727596
4,raw/keeper_6e87fc8bc37b4a89aeda/12-09-26_99.7wt_glycerol_D3/map-data-2026.09.12-15.15.21.190.jpk-force-map,2.7,105.0,64,794.9483891550683,721.3603330599651,847.2805100502342,98.70667193712185
4,raw/keeper_6e87fc8bc37b4a89aeda/12-09-26_99.7wt_glycerol_D3/map-data-2026.09.12-15.15.21.190.jpk-force-map,2.7,110.0,64,756.5016331823673,672.4412747161541,797.9673079930886,89.92647375033943
4,raw/keeper_6e87fc8bc37b4a89aeda/12-09-26_99.7wt_glycerol_D3/map-data-2026.09.12-15.15.21.190.jpk-force-map,2.7,115.0,64,713.457594215193,641.0995597525937,749.9498927416328,78.76863580043869
4,raw/keeper_6e87fc8bc37b4a89aeda/12-09-26_99.7wt_glycerol_D3/map-data-2026.09.12-15.15.21.190.jpk-force-map,2.7,120.0,64,652.958853685253,601.3366885027328,707.4389087095026,80.5853513445155
4,raw/keeper_6e87fc8bc37b4a89aeda/12-09-26_99.7wt_glycerol_D3/map-data-2026.09.12-15.15.21.190.jpk-force-map,2.7,125.0,64,604.2708556734317,558.3753302502031,654.3290622463151,74.44065692731162
4,raw/keeper_6e87fc8bc37b4a89aeda/12-09-26_99.7wt_glycerol_D3/map-data-2026.09.12-15.15.21.190.jpk-force-map,2.7,130.0,64,559.5675197192186,511.3562218782169,615.0555322624084,80.42952268601178
4,raw/keeper_6e87fc8bc37b4a89aeda/12-09-26_99.7wt_glycerol_D3/map-data-2026.09.12-15.15.21.190.jpk-force-map,2.7,135.0,64,529.6474392135763,462.7283808997337,577.3847871089124,75.95848799524096
4,raw/keeper_6e87fc8bc37b4a89aeda/12-09-26_99.7wt_glycerol_D3/map-data-2026.09.12-15.15.21.190.jpk-force-map,2.7,140.0,64,480.1884338042148,437.88423853870927,527.3091265468746,70.01398329537858
4,raw/keeper_6e87fc8bc37b4a89aeda/12-09-26_99.7wt_glycerol_D3/map-data-2026.09.12-15.15.21.190.jpk-force-map,2.7,145.0,64,448.6059415987082,414.1278764965767,505.34763433777573,65.77055080348865
4,raw/keeper_6e87fc8bc37b4a89aeda/12-09-26_99.7wt_glycerol_D3/map-data-2026.09.12-15.15.21.190.jpk-force-map,2.7,150.0,64,419.884760448752,379.99786398501817,479.55362053847267,73.17629306100588
4,raw/keeper_6e87fc8bc37b4a89aeda/12-09-26_99.7wt_glycerol_D3/map-data-2026.09.12-15.15.21.190.jpk-force-map,2.7,155.0,64,381.0553918272161,347.67102996863053,433.0573200276883,58.47286186702432
4,raw/keeper_6e87fc8bc37b4a89aeda/12-09-26_99.7wt_glycerol_D3/map-data-2026.09.12-15.15.21.190.jpk-force-map,2.7,160.0,64,348.58794012411465,317.7327913499231,395.2847419891984,54.507484295417115
4,raw/keeper_6e87fc8bc37b4a89aeda/12-09-26_99.7wt_glycerol_D3/map-data-2026.09.12-15.15.21.190.jpk-force-map,2.7,165.0,64,330.56304730291515,295.7513434408357,362.22082278010686,51.6391709379925
4,raw/keeper_6e87fc8bc37b4a89aeda/12-09-26_99.7wt_glycerol_D3/map-data-2026.09.12-15.15.21.190.jpk-force-map,2.7,170.0,64,310.1346399409563,274.78054528916874,357.62147711676835,67.45624647611848
4,raw/keeper_6e87fc8bc37b4a89aeda/12-09-26_99.7wt_glycerol_D3/map-data-2026.09.12-15.15.21.190.jpk-force-map,2.7,175.0,64,292.28032734978996,231.12054700941695,326.1320369569096,73.28478851885824
4,raw/keeper_6e87fc8bc37b4a89aeda/12-09-26_99.7wt_glycerol_D3/map-data-2026.09.12-15.15.21.190.jpk-force-map,2.7,180.0,64,247.6594981501973,204.54956975267731,289.90636944562584,64.3831255281185
4,raw/keeper_6e87fc8bc37b4a89aeda/12-09-26_99.7wt_glycerol_D3/map-data-2026.09.12-15.15.21.190.jpk-force-map,2.7,185.0,64,217.86408899566197,174.66532501214357,271.1652997699415,69.44448653506599
4,raw/keeper_6e87fc8bc37b4a89aeda/12-09-26_99.7wt_glycerol_D3/map-data-2026.09.12-15.15.21.190.jpk-force-map,2.7,190.0,64,191.29318629321864,152.97995706526814,226.30033010125646,53.86636137366146
4,raw/keeper_6e87fc8bc37b4a89aeda/12-09-26_99.7wt_glycerol_D3/map-data-2026.09.12-15.15.21.190.jpk-force-map,2.7,195.0,64,176.61793516861835,131.33739985211545,213.56397942641408,64.41503306711532
4,raw/keeper_6e87fc8bc37b4a89aeda/12-09-26_99.7wt_glycerol_D3/map-data-2026.09.12-15.15.21.190.jpk-force-map,2.7,200.0,64,156.22388905346293,116.9943295367776,200.58415927114683,62.335737390722905
4,raw/keeper_6e87fc8bc37b4a89aeda/12-09-26_99.7wt_glycerol_D3/map-data-2026.09.12-15.15.21.190.jpk-force-map,2.7,205.0,64,130.43824190297204,99.05544752212647,201.2485126058622,76.40175469942953
4,raw/keeper_6e87fc8bc37b4a89aeda/12-09-26_99.7wt_glycerol_D3/map-data-2026.09.12-15.15.21.190.jpk-force-map,2.7,210.0,64,125.75028431652454,73.32556698530021,181.14847550024223,81.97304681459639
4,raw/keeper_6e87fc8bc37b4a89aeda/12-09-26_99.7wt_glycerol_D3/map-data-2026.09.12-15.15.21.190.jpk-force-map,2.7,215.0,64,105.73721065568334,68.9523362189606,170.1386697877399,78.2148594596468
4,raw/keeper_6e87fc8bc37b4a89aeda/12-09-26_99.7wt_glycerol_D3/map-data-2026.09.12-15.15.21.190.jpk-force-map,2.7,220.0,64,81.60900491863381,47.285987901463336,130.4556627568844,54.63931475099612
4,raw/keeper_6e87fc8bc37b4a89aeda/12-09-26_99.7wt_glycerol_D3/map-data-2026.09.12-15.15.21.190.jpk-force-map,2.7,225.0,64,44.97207934109811,16.06533254754375,80.0243699174772,48.124625522466005
4,raw/keeper_6e87fc8bc37b4a89aeda/12-09-26_99.7wt_glycerol_D3/map-data-2026.09.12-15.15.21.190.jpk-force-map,2.7,230.0,64,16.399360646593745,1.0569231240166892,42.17714646072567,28.67885958519687
4,raw/keeper_6e87fc8bc37b4a89aeda/12-09-26_99.7wt_glycerol_D3/map-data-2026.09.12-15.15.21.190.jpk-force-map,2.7,235.0,64,0.1472530190888759,-32.18506487998523,26.75619498028905,46.328518465854955
4,raw/keeper_6e87fc8bc37b4a89aeda/12-09-26_99.7wt_glycerol_D3/map-data-2026.09.12-15.15.21.190.jpk-force-map,2.7,240.0,64,-12.166764134590021,-43.59346271217108,11.73053866287399,40.70171361925384
4,raw/keeper_6e87fc8bc37b4a89aeda/12-09-26_99.7wt_glycerol_D3/map-data-2026.09.12-15.15.21.190.jpk-force-map,2.7,245.0,64,-20.915942757180204,-56.1207217210128,-3.965957213037204,33.57677735543435
4,raw/keeper_6e87fc8bc37b4a89aeda/12-09-26_99.7wt_glycerol_D3/map-data-2026.09.12-15.15.21.190.jpk-force-map,2.7,250.0,64,-40.0313329871826,-86.50714763409381,-11.521082509203069,48.21690929768738
4,raw/keeper_6e87fc8bc37b4a89aeda/12-09-26_99.7wt_glycerol_D3/map-data-2026.09.12-15.15.21.190.jpk-force-map,2.7,255.0,64,-51.823635742672536,-101.46378324071593,-19.508854670859876,56.29865415777283
4,raw/keeper_6e87fc8bc37b4a89aeda/12-09-26_99.7wt_glycerol_D3/map-data-2026.09.12-15.15.21.190.jpk-force-map,2.7,260.0,64,-79.04717018768322,-131.29746360070752,-38.41373670323231,71.4663781170503
4,raw/keeper_6e87fc8bc37b4a89aeda/12-09-26_99.7wt_glycerol_D3/map-data-2026.09.12-15.15.21.190.jpk-force-map,2.7,265.0,64,-95.51339775428681,-154.99134914250442,-67.8943113481206,64.19927030918642
4,raw/keeper_6e87fc8bc37b4a89aeda/12-09-26_99.7wt_glycerol_D3/map-data-2026.09.12-15.15.21.190.jpk-force-map,2.7,270.0,64,-117.76323284639895,-164.01171487613777,-75.51024809867017,64.55877665311324
4,raw/keeper_6e87fc8bc37b4a89aeda/12-09-26_99.7wt_glycerol_D3/map-data-2026.09.12-15.15.21.190.jpk-force-map,2.7,275.0,64,-143.16578688703464,-178.21515327823525,-99.9414756313027,58.64418987665053
4,raw/keeper_6e87fc8bc37b4a89aeda/12-09-26_99.7wt_glycerol_D3/map-data-2026.09.12-15.15.21.190.jpk-force-map,2.7,280.0,64,-159.7067841290597,-194.60170715347923,-100.81560818830684,68.41499556166961
4,raw/keeper_6e87fc8bc37b4a89aeda/12-09-26_99.7wt_glycerol_D3/map-data-2026.09.12-15.15.21.190.jpk-force-map,2.7,285.0,64,-160.70867789856408,-227.43728312049222,-114.91427295260954,83.74294498428719
4,raw/keeper_6e87fc8bc37b4a89aeda/12-09-26_99.7wt_glycerol_D3/map-data-2026.09.12-15.15.21.190.jpk-force-map,2.7,290.0,64,-186.2607215871793,-262.87264195529383,-124.46679068591983,96.4530515461324
4,raw/keeper_6e87fc8bc37b4a89aeda/12-09-26_99.7wt_glycerol_D3/map-data-2026.09.12-15.15.21.190.jpk-force-map,2.7,295.0,64,-208.3178255394333,-284.6458514308828,-155.40688165507908,97.87199135001124
4,raw/keeper_6e87fc8bc37b4a89aeda/12-09-26_99.7wt_glycerol_D3/map-data-2026.09.12-15.15.21.190.jpk-force-map,2.7,300.0,64,-240.66332298133864,-300.6210561179581,-176.42840157969232,94.84620360266251
5,raw/keeper_6e87fc8bc37b4a89aeda/12-09-26_99.7wt_glycerol_D3/map-data-2026.09.12-15.16.54.635.jpk-force-map,2.7,5.0,64,5649.988366565978,4249.821312968066,6266.034642588683,1112.748501301617
5,raw/keeper_6e87fc8bc37b4a89aeda/12-09-26_99.7wt_glycerol_D3/map-data-2026.09.12-15.16.54.635.jpk-force-map,2.7,10.0,64,4808.27223299095,3730.747536833383,5158.542292000595,688.5867492686982
5,raw/keeper_6e87fc8bc37b4a89aeda/12-09-26_99.7wt_glycerol_D3/map-data-2026.09.12-15.16.54.635.jpk-force-map,2.7,15.0,64,4140.617518060064,3286.935734706736,4325.062088704508,481.76586421615156
5,raw/keeper_6e87fc8bc37b4a89aeda/12-09-26_99.7wt_glycerol_D3/map-data-2026.09.12-15.16.54.635.jpk-force-map,2.7,20.0,64,3572.112710944769,2855.5370903802846,3743.202130254722,413.40851838044614
5,raw/keeper_6e87fc8bc37b4a89aeda/12-09-26_99.7wt_glycerol_D3/map-data-2026.09.12-15.16.54.635.jpk-force-map,2.7,25.0,64,3153.342189306301,2573.3638404714393,3299.177666139662,309.7636942243724
5,raw/keeper_6e87fc8bc37b4a89aeda/12-09-26_99.7wt_glycerol_D3/map-data-2026.09.12-15.16.54.635.jpk-force-map,2.7,30.0,64,2810.498955932626,2375.7790833802924,2909.4443033266743,252.00942747155645
5,raw/keeper_6e87fc8bc37b4a89aeda/12-09-26_99.7wt_glycerol_D3/map-data-2026.09.12-15.16.54.635.jpk-force-map,2.7,35.0,64,2518.857509199634,2154.4260935462726,2609.3251798669426,252.4620281748349
5,raw/keeper_6e87fc8bc37b4a89aeda/12-09-26_99.7wt_glycerol_D3/map-data-2026.09.12-15.16.54.635.jpk-force-map,2.7,40.0,64,2248.1258917715218,1985.5737587362082,2373.2047897980424,251.21694638559833
5,raw/keeper_6e87fc8bc37b4a89aeda/12-09-26_99.7wt_glycerol_D3/map-data-2026.09.12-15.16.54.635.jpk-force-map,2.7,45.0,64,2037.5533786344517,1822.4556019531774,2122.236986166663,203.84093215336313
5,raw/keeper_6e87fc8bc37b4a89aeda/12-09-26_99.7wt_glycerol_D3/map-data-2026.09.12-15.16.54.635.jpk-force-map,2.7,50.0,64,1841.810791935463,1674.254823797838,1938.653227711609,190.50267201586814
5,raw/keeper_6e87fc8bc37b4a89aeda/12-09-26_99.7wt_glycerol_D3/map-data-2026.09.12-15.16.54.635.jpk-force-map,2.7,55.0,64,1685.1527483629604,1541.7789052862638,1756.4385015164967,162.4176021517753
5,raw/keeper_6e87fc8bc37b4a89aeda/12-09-26_99.7wt_glycerol_D3/map-data-2026.09.12-15.16.54.635.jpk-force-map,2.7,60.0,64,1559.9116698904613,1424.161136155842,1602.7441900350987,142.61458968088576
5,raw/keeper_6e87fc8bc37b4a89aeda/12-09-26_99.7wt_glycerol_D3/map-data-2026.09.12-15.16.54.635.jpk-force-map,2.7,65.0,64,1433.4936441606437,1287.2823888222792,1481.4434883681802,150.01541930730207
5,raw/keeper_6e87fc8bc37b4a89aeda/12-09-26_99.7wt_glycerol_D3/map-data-2026.09.12-15.16.54.635.jpk-force-map,2.7,70.0,64,1315.6378645810507,1185.1764859947803,1394.5008276700912,153.8572933330459
5,raw/keeper_6e87fc8bc37b4a89aeda/12-09-26_99.7wt_glycerol_D3/map-data-2026.09.12-15.16.54.635.jpk-force-map,2.7,75.0,64,1214.6191787733146,1111.1060470347136,1294.0958065593686,130.30412565905652
5,raw/keeper_6e87fc8bc37b4a89aeda/12-09-26_99.7wt_glycerol_D3/map-data-2026.09.12-15.16.54.635.jpk-force-map,2.7,80.0,64,1126.2217235230573,1061.1110376536972,1211.469524834752,108.78164317672199
5,raw/keeper_6e87fc8bc37b4a89aeda/12-09-26_99.7wt_glycerol_D3/map-data-2026.09.12-15.16.54.635.jpk-force-map,2.7,85.0,64,1030.9539738914114,974.3092431566436,1124.973875129916,102.28608864632756
5,raw/keeper_6e87fc8bc37b4a89aeda/12-09-26_99.7wt_glycerol_D3/map-data-2026.09.12-15.16.54.635.jpk-force-map,2.7,90.0,64,974.4564961757326,888.7129170771652,1044.0866634894255,113.73330513119743
5,raw/keeper_6e87fc8bc37b4a89aeda/12-09-26_99.7wt_glycerol_D3/map-data-2026.09.12-15.16.54.635.jpk-force-map,2.7,95.0,64,909.3141661494801,809.1685442871678,976.9256267810846,118.00874341470568
5,raw/keeper_6e87fc8bc37b4a89aeda/12-09-26_99.7wt_glycerol_D3/map-data-2026.09.12-15.16.54.635.jpk-force-map,2.7,100.0,64,858.6909042808003,754.1502817976159,898.9640251348346,112.22733806737439
5,raw/keeper_6e87fc8bc37b4a89aeda/12-09-26_99.7wt_glycerol_D3/map-data-2026.09.12-15.16.54.635.jpk-force-map,2.7,105.0,64,787.6850610909798,716.684502972389,836.815588554463,82.13437761993241
5,raw/keeper_6e87fc8bc37b4a89aeda/12-09-26_99.7wt_glycerol_D3/map-data-2026.09.12-15.16.54.635.jpk-force-map,2.7,110.0,64,726.7049317533617,667.154944347255,781.3058392919835,91.15819318298358
5,raw/keeper_6e87fc8bc37b4a89aeda/12-09-26_99.7wt_glycerol_D3/map-data-2026.09.12-15.16.54.635.jpk-force-map,2.7,115.0,64,682.4274333722408,630.6976449210432,740.1450832694959,82.56467497801577
5,raw/keeper_6e87fc8bc37b4a89aeda/12-09-26_99.7wt_glycerol_D3/map-data-2026.09.12-15.16.54.635.jpk-force-map,2.7,120.0,64,649.9124657309362,568.5251190191422,703.577642296153,86.3610826029261
5,raw/keeper_6e87fc8bc37b4a89aeda/12-09-26_99.7wt_glycerol_D3/map-data-2026.09.12-15.16.54.635.jpk-force-map,2.7,125.0,64,609.8708773861006,548.7407530880505,645.194752696437,67.3811569097495
5,raw/keeper_6e87fc8bc37b4a89aeda/12-09-26_99.7wt_glycerol_D3/map-data-2026.09.12-15.16.54.635.jpk-force-map,2.7,130.0,64,564.3104818087464,514.4363829287772,616.9632524486742,76.68059564068687
5,raw/keeper_6e87fc8bc37b4a89aeda/12-09-26_99.7wt_glycerol_D3/map-data-2026.09.12-15.16.54.635.jpk-force-map,2.7,135.0,64,524.7354873856705,480.81725787481713,573.9396993453735,68.98987165303694
5,raw/keeper_6e87fc8bc37b4a89aeda/12-09-26_99.7wt_glycerol_D3/map-data-2026.09.12-15.16.54.635.jpk-force-map,2.7,140.0,64,489.5925139335061,456.30722645095005,528.2294993352326,52.54253010788558
5,raw/keeper_6e87fc8bc37b4a89aeda/12-09-26_99.7wt_glycerol_D3/map-data-2026.09.12-15.16.54.635.jpk-force-map,2.7,145.0,64,455.747812430243,411.9540471752298,474.9336399026687,49.204863975129435
5,raw/keeper_6e87fc8bc37b4a89aeda/12-09-26_99.7wt_glycerol_D3/map-data-2026.09.12-15.16.54.635.jpk-force-map,2.7,150.0,64,423.5296205912492,371.94434321779727,450.7939693716031,43.34122118317804
5,raw/keeper_6e87fc8bc37b4a89aeda/12-09-26_99.7wt_glycerol_D3/map-data-2026.09.12-15.16.54.635.jpk-force-map,2.7,155.0,64,390.95100014848856,334.90605872780344,436.3984708183147,73.94315477577558
5,raw/keeper_6e87fc8bc37b4a89aeda/12-09-26_99.7wt_glycerol_D3/map-data-2026.09.12-15.16.54.635.jpk-force-map,2.7,160.0,64,368.47632586622626,316.54026224466804,403.1729758814259,59.117325377928246
5,raw/keeper_6e87fc8bc37b4a89aeda/12-09-26_99.7wt_glycerol_D3/map-data-2026.09.12-15.16.54.635.jpk-force-map,2.7,165.0,64,340.24771666839973,288.25114809345376,379.43159925285846,65.30156647549059
5,raw/keeper_6e87fc8bc37b4a89aeda/12-09-26_99.7wt_glycerol_D3/map-data-2026.09.12-15.16.54.635.jpk-force-map,2.7,170.0,64,294.9347253815555,245.17866252031916,349.1538403686031,78.24728282491039
5,raw/keeper_6e87fc8bc37b4a89aeda/12-09-26_99.7wt_glycerol_D3/map-data-2026.09.12-15.16.54.635.jpk-force-map,2.7,175.0,64,272.9367512701125,221.83641645913127,322.57003977289264,75.2107364154523
5,raw/keeper_6e87fc8bc37b4a89aeda/12-09-26_99.7wt_glycerol_D3/map-data-2026.09.12-15.16.54.635.jpk-force-map,2.7,180.0,64,254.67414621692768,196.39288240693844,291.4589129641113,72.08716274605075
5,raw/keeper_6e87fc8bc37b4a89aeda/12-09-26_99.7wt_glycerol_D3/map-data-2026.09.12-15.16.54.635.jpk-force-map,2.7,185.0,64,229.46579783445506,187.760116176183,264.60273238861583,61.77220947719769
5,raw/keeper_6e87fc8bc37b4a89aeda/12-09-26_99.7wt_glycerol_D3/map-data-2026.09.12-15.16.54.635.jpk-force-map,2.7,190.0,64,197.28826293840032,158.61849849771448,240.04064549827925,63.38421568332192
5,raw/keeper_6e87fc8bc37b4a89aeda/12-09-26_99.7wt_glycerol_D3/map-data-2026.09.12-15.16.54.635.jpk-force-map,2.7,195.0,64,177.7150264907425,116.39513665706653,217.48949507559033,75.09668968445678
5,raw/keeper_6e87fc8bc37b4a89aeda/12-09-26_99.7wt_glycerol_D3/map-data-2026.09.12-15.16.54.635.jpk-force-map,2.7,200.0,64,154.94445449010465,103.94069234431979,200.245177453295,73.45997294389782
5,raw/keeper_6e87fc8bc37b4a89aeda/12-09-26_99.7wt_glycerol_D3/map-data-2026.09.12-15.16.54.635.jpk-force-map,2.7,205.0,64,125.55107523669497,67.87752834763222,178.28024746275352,84.47384623940204
5,raw/keeper_6e87fc8bc37b4a89aeda/12-09-26_99.7wt_glycerol_D3/map-data-2026.09.12-15.16.54.635.jpk-force-map,2.7,210.0,64,102.51520591442446,62.85135933772879,147.34153160617183,61.919858604919455
5,raw/keeper_6e87fc8bc37b4a89aeda/12-09-26_99.7wt_glycerol_D3/map-data-2026.09.12-15.16.54.635.jpk-force-map,2.7,215.0,64,82.42393308053008,42.20359666830661,123.6795470193988,62.00037662865503
5,raw/keeper_6e87fc8bc37b4a89aeda/12-09-26_99.7wt_glycerol_D3/map-data-2026.09.12-15.16.54.635.jpk-force-map,2.7,220.0,64,68.4725710381808,27.5751656418093,99.2256798321102,57.13112406088869
5,raw/keeper_6e87fc8bc37b4a89aeda/12-09-26_99.7wt_glycerol_D3/map-data-2026.09.12-15.16.54.635.jpk-force-map,2.7,225.0,64,39.44548532651699,3.6934364084703,79.702386479192,55.10156877438688
5,raw/keeper_6e87fc8bc37b4a89aeda/12-09-26_99.7wt_glycerol_D3/map-data-2026.09.12-15.16.54.635.jpk-force-map,2.7,230.0,64,25.244896555302113,0.6982755395517779,56.58619732832734,39.030583897835804
5,raw/keeper_6e87fc8bc37b4a89aeda/12-09-26_99.7wt_glycerol_D3/map-data-2026.09.12-15.16.54.635.jpk-force-map,2.7,235.0,64,1.1045964546229168,-17.732863642422494,36.8510703680652,41.78249246133795
5,raw/keeper_6e87fc8bc37b4a89aeda/12-09-26_99.7wt_glycerol_D3/map-data-2026.09.12-15.16.54.635.jpk-force-map,2.7,240.0,64,-9.996720514734962,-55.990276553844055,18.606275507895717,51.39810812989553
5,raw/keeper_6e87fc8bc37b4a89aeda/12-09-26_99.7wt_glycerol_D3/map-data-2026.09.12-15.16.54.635.jpk-force-map,2.7,245.0,64,-31.313334628085535,-71.42449869903085,-5.949209185308936,45.8449681866444
5,raw/keeper_6e87fc8bc37b4a89aeda/12-09-26_99.7wt_glycerol_D3/map-data-2026.09.12-15.16.54.635.jpk-force-map,2.7,250.0,64,-48.84000593825468,-85.40308134335643,-19.014451996564645,50.9769237025045
5,raw/keeper_6e87fc8bc37b4a89aeda/12-09-26_99.7wt_glycerol_D3/map-data-2026.09.12-15.16.54.635.jpk-force-map,2.7,255.0,64,-74.58025780608347,-115.23492269737139,-24.9374512048035,65.45786183394954
5,raw/keeper_6e87fc8bc37b4a89aeda/12-09-26_99.7wt_glycerol_D3/map-data-2026.09.12-15.16.54.635.jpk-force-map,2.7,260.0,64,-82.89233287302329,-142.63988088062882,-38.75490544710978,80.86507655937146
5,raw/keeper_6e87fc8bc37b4a89aeda/12-09-26_99.7wt_glycerol_D3/map-data-2026.09.12-15.16.54.635.jpk-force-map,2.7,265.0,64,-105.82379304517028,-154.68464933496938,-60.46638396532666,69.57464669607094
5,raw/keeper_6e87fc8bc37b4a89aeda/12-09-26_99.7wt_glycerol_D3/map-data-2026.09.12-15.16.54.635.jpk-force-map,2.7,270.0,64,-120.80410378278624,-179.71628746748664,-79.21191861498087,77.95215651155465
5,raw/keeper_6e87fc8bc37b4a89aeda/12-09-26_99.7wt_glycerol_D3/map-data-2026.09.12-15.16.54.635.jpk-force-map,2.7,275.0,64,-140.67535860436072,-196.83610769869927,-101.99993632096353,76.09464156618877
5,raw/keeper_6e87fc8bc37b4a89aeda/12-09-26_99.7wt_glycerol_D3/map-data-2026.09.12-15.16.54.635.jpk-force-map,2.7,280.0,64,-164.86955317748541,-235.4273747491462,-127.3007983013874,92.30067467168841
5,raw/keeper_6e87fc8bc37b4a89aeda/12-09-26_99.7wt_glycerol_D3/map-data-2026.09.12-15.16.54.635.jpk-force-map,2.7,285.0,64,-186.979176489608,-264.78023788439845,-140.4372736008935,85.2287456974427
5,raw/keeper_6e87fc8bc37b4a89aeda/12-09-26_99.7wt_glycerol_D3/map-data-2026.09.12-15.16.54.635.jpk-force-map,2.7,290.0,64,-202.02994932107924,-285.20502522107904,-168.18663949801456,79.71731399223306
5,raw/keeper_6e87fc8bc37b4a89aeda/12-09-26_99.7wt_glycerol_D3/map-data-2026.09.12-15.16.54.635.jpk-force-map,2.7,295.0,64,-214.15247790650545,-297.62274740097143,-178.7288406638512,80.18032947344496
5,raw/keeper_6e87fc8bc37b4a89aeda/12-09-26_99.7wt_glycerol_D3/map-data-2026.09.12-15.16.54.635.jpk-force-map,2.7,300.0,64,-239.51838436858344,-309.21319854101665,-183.95628970626038,89.21040864114778
6,raw/keeper_6e87fc8bc37b4a89aeda/12-09-26_99.7wt_glycerol_D3/map-data-2026.09.12-15.18.09.797.jpk-force-map,0.9,5.0,64,3243.0946440411676,2288.629054048829,4399.419719097899,1446.79727154447
6,raw/keeper_6e87fc8bc37b4a89aeda/12-09-26_99.7wt_glycerol_D3/map-data-2026.09.12-15.18.09.797.jpk-force-map,0.9,10.0,64,2700.1138150638208,1996.5099545067867,3322.2639341662616,981.5976345460973
6,raw/keeper_6e87fc8bc37b4a89aeda/12-09-26_99.7wt_glycerol_D3/map-data-2026.09.12-15.18.09.797.jpk-force-map,0.9,15.0,64,2381.6757649219217,1787.0202679698075,2703.624783973896,636.0562796701636
6,raw/keeper_6e87fc8bc37b4a89aeda/12-09-26_99.7wt_glycerol_D3/map-data-2026.09.12-15.18.09.797.jpk-force-map,0.9,20.0,64,2027.5280955404064,1549.7663378116822,2278.591212697756,448.5156294499608
6,raw/keeper_6e87fc8bc37b4a89aeda/12-09-26_99.7wt_glycerol_D3/map-data-2026.09.12-15.18.09.797.jpk-force-map,0.9,25.0,64,1758.9037470146282,1348.49714053049,1932.1889477442955,419.48389557282223
6,raw/keeper_6e87fc8bc37b4a89aeda/12-09-26_99.7wt_glycerol_D3/map-data-2026.09.12-15.18.09.797.jpk-force-map,0.9,30.0,64,1515.8858336785527,1203.9639118751686,1673.3610668932743,319.8244433969366
6,raw/keeper_6e87fc8bc37b4a89aeda/12-09-26_99.7wt_glycerol_D3/map-data-2026.09.12-15.18.09.797.jpk-force-map,0.9,35.0,64,1323.8743084562552,1083.4804412695228,1464.5668891030714,270.7599087291897
6,raw/keeper_6e87fc8bc37b4a89aeda/12-09-26_99.7wt_glycerol_D3/map-data-2026.09.12-15.18.09.797.jpk-force-map,0.9,40.0,64,1208.3887590660102,968.0985472026262,1300.9498812393963,201.09467311562676
6,raw/keeper_6e87fc8bc37b4a89aeda/12-09-26_99.7wt_glycerol_D3/map-data-2026.09.12-15.18.09.797.jpk-force-map,0.9,45.0,64,1077.4392735015795,892.4946754753698,1167.4205353719233,181.91021002658738
6,raw/keeper_6e87fc8bc37b4a89aeda/12-09-26_99.7wt_glycerol_D3/map-data-2026.09.12-15.18.09.797.jpk-force-map,0.9,50.0,64,949.7714361154831,822.5405366088227,1037.0900824138419,135.2343685419348
6,raw/keeper_6e87fc8bc37b4a89aeda/12-09-26_99.7wt_glycerol_D3/map-data-2026.09.12-15.18.09.797.jpk-force-map,0.9,55.0,64,865.3001095163938,723.6279351184901,933.0780333241113,163.3465561297025
6,raw/keeper_6e87fc8bc37b4a89aeda/12-09-26_99.7wt_glycerol_D3/map-data-2026.09.12-15.18.09.797.jpk-force-map,0.9,60.0,64,796.9947223458577,684.3267040715872,856.5239256709062,127.2789765537513
6,raw/keeper_6e87fc8bc37b4a89aeda/12-09-26_99.7wt_glycerol_D3/map-data-2026.09.12-15.18.09.797.jpk-force-map,0.9,65.0,64,715.7685951580013,651.0937537050636,786.385066109452,102.41858230710541
6,raw/keeper_6e87fc8bc37b4a89aeda/12-09-26_99.7wt_glycerol_D3/map-data-2026.09.12-15.18.09.797.jpk-force-map,0.9,70.0,64,647.3218199063551,578.9870003563847,729.6617220110958,114.50866569777067
6,raw/keeper_6e87fc8bc37b4a89aeda/12-09-26_99.7wt_glycerol_D3/map-data-2026.09.12-15.18.09.797.jpk-force-map,0.9,75.0,64,613.3969476830907,546.8430728803596,676.9836774647074,96.01486941513382
6,raw/keeper_6e87fc8bc37b4a89aeda/12-09-26_99.7wt_glycerol_D3/map-data-2026.09.12-15.18.09.797.jpk-force-map,0.9,80.0,64,547.8825254475994,491.6218653123507,612.559371582727,93.73951063152401
6,raw/keeper_6e87fc8bc37b4a89aeda/12-09-26_99.7wt_glycerol_D3/map-data-2026.09.12-15.18.09.797.jpk-force-map,0.9,85.0,64,518.5080498502191,461.7475280094193,582.2837085025799,90.15537779646193
6,raw/keeper_6e87fc8bc37b4a89aeda/12-09-26_99.7wt_glycerol_D3/map-data-2026.09.12-15.18.09.797.jpk-force-map,0.9,90.0,64,475.8842651677213,449.3962916942437,513.46642324954,54.959863930295455
6,raw/keeper_6e87fc8bc37b4a89aeda/12-09-26_99.7wt_glycerol_D3/map-data-2026.09.12-15.18.09.797.jpk-force-map,0.9,95.0,64,453.3209209756745,405.5879883514432,490.0095375320079,64.06834869036156
6,raw/keeper_6e87fc8bc37b4a89aeda/12-09-26_99.7wt_glycerol_D3/map-data-2026.09.12-15.18.09.797.jpk-force-map,0.9,100.0,64,426.4716822335496,381.96733998008824,460.2866614240038,57.564884823897266
6,raw/keeper_6e87fc8bc37b4a89aeda/12-09-26_99.7wt_glycerol_D3/map-data-2026.09.12-15.18.09.797.jpk-force-map,0.9,105.0,64,405.07827719496595,351.09034679706764,438.14143429347223,71.553896640104
6,raw/keeper_6e87fc8bc37b4a89aeda/12-09-26_99.7wt_glycerol_D3/map-data-2026.09.12-15.18.09.797.jpk-force-map,0.9,110.0,64,371.4244512579629,318.65015711499564,406.1461763681665,63.83455657629426
6,raw/keeper_6e87fc8bc37b4a89aeda/12-09-26_99.7wt_glycerol_D3/map-data-2026.09.12-15.18.09.797.jpk-force-map,0.9,115.0,64,329.7548124600677,309.03586700525864,366.87967933954803,42.713214986460436
6,raw/keeper_6e87fc8bc37b4a89aeda/12-09-26_99.7wt_glycerol_D3/map-data-2026.09.12-15.18.09.797.jpk-force-map,0.9,120.0,64,328.1272756032711,285.22958671981905,355.89342450088054,49.63503851743468
6,raw/keeper_6e87fc8bc37b4a89aeda/12-09-26_99.7wt_glycerol_D3/map-data-2026.09.12-15.18.09.797.jpk-force-map,0.9,125.0,64,302.5984597198724,264.262623972508,334.05266054899346,47.70931168923986
6,raw/keeper_6e87fc8bc37b4a89aeda/12-09-26_99.7wt_glycerol_D3/map-data-2026.09.12-15.18.09.797.jpk-force-map,0.9,130.0,64,272.6873257297906,229.4421227034612,317.11062746312666,65.68212344368106
6,raw/keeper_6e87fc8bc37b4a89aeda/12-09-26_99.7wt_glycerol_D3/map-data-2026.09.12-15.18.09.797.jpk-force-map,0.9,135.0,64,267.7754401723708,229.57328856216088,306.0024183632629,59.13621444450925
6,raw/keeper_6e87fc8bc37b4a89aeda/12-09-26_99.7wt_glycerol_D3/map-data-2026.09.12-15.18.09.797.jpk-force-map,0.9,140.0,64,253.89787031577947,202.29156034694788,294.4153221665531,63.58224384297813
6,raw/keeper_6e87fc8bc37b4a89aeda/12-09-26_99.7wt_glycerol_D3/map-data-2026.09.12-15.18.09.797.jpk-force-map,0.9,145.0,64,251.50076744450553,219.74571517820766,277.1669703284436,45.46173383450291
6,raw/keeper_6e87fc8bc37b4a89aeda/12-09-26_99.7wt_glycerol_D3/map-data-2026.09.12-15.18.09.797.jpk-force-map,0.9,150.0,64,236.60261554146007,197.47983434475972,267.4335093179077,51.199686959750906
6,raw/keeper_6e87fc8bc37b4a89aeda/12-09-26_99.7wt_glycerol_D3/map-data-2026.09.12-15.18.09.797.jpk-force-map,0.9,155.0,64,211.25423762283344,176.34034467189989,244.3530482426137,50.954988804641324
6,raw/keeper_6e87fc8bc37b4a89aeda/12-09-26_99.7wt_glycerol_D3/map-data-2026.09.12-15.18.09.797.jpk-force-map,0.9,160.0,64,192.4905448601141,169.52850914265568,245.4220822978805,57.87661583037113
6,raw/keeper_6e87fc8bc37b4a89aeda/12-09-26_99.7wt_glycerol_D3/map-data-2026.09.12-15.18.09.797.jpk-force-map,0.9,165.0,64,188.6139533969603,148.20610464562293,210.2597081610454,50.70631141834009
6,raw/keeper_6e87fc8bc37b4a89aeda/12-09-26_99.7wt_glycerol_D3/map-data-2026.09.12-15.18.09.797.jpk-force-map,0.9,170.0,64,183.32255333591013,136.20680602824083,209.16294819134953,60.33482274353669
6,raw/keeper_6e87fc8bc37b4a89aeda/12-09-26_99.7wt_glycerol_D3/map-data-2026.09.12-15.18.09.797.jpk-force-map,0.9,175.0,64,174.8941238638102,129.26144375424568,221.260401681772,68.17530829028196
6,raw/keeper_6e87fc8bc37b4a89aeda/12-09-26_99.7wt_glycerol_D3/map-data-2026.09.12-15.18.09.797.jpk-force-map,0.9,180.0,64,166.4417376111528,122.30557760827692,209.5107108485476,64.63052563033372
6,raw/keeper_6e87fc8bc37b4a89aeda/12-09-26_99.7wt_glycerol_D3/map-data-2026.09.12-15.18.09.797.jpk-force-map,0.9,185.0,64,150.7990865048219,110.69711746375961,177.14117378797687,52.146596604350414
6,raw/keeper_6e87fc8bc37b4a89aeda/12-09-26_99.7wt_glycerol_D3/map-data-2026.09.12-15.18.09.797.jpk-force-map,0.9,190.0,64,131.91153420444482,108.3514073540981,164.7985526359344,47.62520744480075
6,raw/keeper_6e87fc8bc37b4a89aeda/12-09-26_99.7wt_glycerol_D3/map-data-2026.09.12-15.18.09.797.jpk-force-map,0.9,195.0,64,117.01472427873291,91.52855345284209,157.93177059028483,50.783611668704026
6,raw/keeper_6e87fc8bc37b4a89aeda/12-09-26_99.7wt_glycerol_D3/map-data-2026.09.12-15.18.09.797.jpk-force-map,0.9,200.0,64,110.24178124074808,75.99535633735493,159.8001012566491,62.171287064637156
6,raw/keeper_6e87fc8bc37b4a89aeda/12-09-26_99.7wt_glycerol_D3/map-data-2026.09.12-15.18.09.797.jpk-force-map,0.9,205.0,64,115.8225182420961,80.4715962898088,141.34049061728237,46.404222111111814
6,raw/keeper_6e87fc8bc37b4a89aeda/12-09-26_99.7wt_glycerol_D3/map-data-2026.09.12-15.18.09.797.jpk-force-map,0.9,210.0,64,110.14749490730578,70.3478104026724,146.38609344709937,57.296384971105006
6,raw/keeper_6e87fc8bc37b4a89aeda/12-09-26_99.7wt_glycerol_D3/map-data-2026.09.12-15.18.09.797.jpk-force-map,0.9,215.0,64,98.93348497711906,60.908946552231214,120.96608541730852,51.26126679059464
6,raw/keeper_6e87fc8bc37b4a89aeda/12-09-26_99.7wt_glycerol_D3/map-data-2026.09.12-15.18.09.797.jpk-force-map,0.9,220.0,64,91.78816808033099,46.586867413220446,118.73673799661803,51.662407683096866
6,raw/keeper_6e87fc8bc37b4a89aeda/12-09-26_99.7wt_glycerol_D3/map-data-2026.09.12-15.18.09.797.jpk-force-map,0.9,225.0,64,80.56335606098654,39.623090228027934,111.52460388268452,52.11493469690905
6,raw/keeper_6e87fc8bc37b4a89aeda/12-09-26_99.7wt_glycerol_D3/map-data-2026.09.12-15.18.09.797.jpk-force-map,0.9,230.0,64,69.75170738435398,33.372333765442484,96.34933366013118,49.81683043130448
6,raw/keeper_6e87fc8bc37b4a89aeda/12-09-26_99.7wt_glycerol_D3/map-data-2026.09.12-15.18.09.797.jpk-force-map,0.9,235.0,64,62.108053003185475,36.09172657599754,97.30904626552666,43.30000420824575
6,raw/keeper_6e87fc8bc37b4a89aeda/12-09-26_99.7wt_glycerol_D3/map-data-2026.09.12-15.18.09.797.jpk-force-map,0.9,240.0,64,51.47094421810351,24.92054394715532,97.76609723735422,43.54634809477446
6,raw/keeper_6e87fc8bc37b4a89aeda/12-09-26_99.7wt_glycerol_D3/map-data-2026.09.12-15.18.09.797.jpk-force-map,0.9,245.0,64,42.265841221942466,7.3253655224573855,88.45566558808075,56.30187193114301
6,raw/keeper_6e87fc8bc37b4a89aeda/12-09-26_99.7wt_glycerol_D3/map-data-2026.09.12-15.18.09.797.jpk-force-map,0.9,250.0,64,36.0859693275573,12.271280974252486,85.54710367627008,49.49746028346856
6,raw/keeper_6e87fc8bc37b4a89aeda/12-09-26_99.7wt_glycerol_D3/map-data-2026.09.12-15.18.09.797.jpk-force-map,0.9,255.0,64,33.81135088136554,15.14621061460122,81.48531105718882,52.13534667912986
6,raw/keeper_6e87fc8bc37b4a89aeda/12-09-26_99.7wt_glycerol_D3/map-data-2026.09.12-15.18.09.797.jpk-force-map,0.9,260.0,64,39.91998200368864,7.518916759575097,80.36751849211309,55.283164183012225
6,raw/keeper_6e87fc8bc37b4a89aeda/12-09-26_99.7wt_glycerol_D3/map-data-2026.09.12-15.18.09.797.jpk-force-map,0.9,265.0,64,25.741892062348306,-1.872886762251401,57.807139904299184,46.54268461867679
6,raw/keeper_6e87fc8bc37b4a89aeda/12-09-26_99.7wt_glycerol_D3/map-data-2026.09.12-15.18.09.797.jpk-force-map,0.9,270.0,64,24.91293112511771,-7.510964301298865,57.25075775831085,48.01276491231062
6,raw/keeper_6e87fc8bc37b4a89aeda/12-09-26_99.7wt_glycerol_D3/map-data-2026.09.12-15.18.09.797.jpk-force-map,0.9,275.0,64,23.499563910283104,-5.407746182399679,50.20183956669392,41.54511412656719
6,raw/keeper_6e87fc8bc37b4a89aeda/12-09-26_99.7wt_glycerol_D3/map-data-2026.09.12-15.18.09.797.jpk-force-map,0.9,280.0,64,19.915523505980474,-7.804302322166864,44.74296570462484,39.777131883005524
6,raw/keeper_6e87fc8bc37b4a89aeda/12-09-26_99.7wt_glycerol_D3/map-data-2026.09.12-15.18.09.797.jpk-force-map,0.9,285.0,64,22.505042732305466,-12.481772604261764,37.936498084716675,38.29341903806755
6,raw/keeper_6e87fc8bc37b4a89aeda/12-09-26_99.7wt_glycerol_D3/map-data-2026.09.12-15.18.09.797.jpk-force-map,0.9,290.0,64,5.804797513292387,-27.547605403594833,45.63379842400933,51.315010974833164
6,raw/keeper_6e87fc8bc37b4a89aeda/12-09-26_99.7wt_glycerol_D3/map-data-2026.09.12-15.18.09.797.jpk-force-map,0.9,295.0,64,-1.8345161510670738,-25.85163598656568,30.024522791009154,46.902190962603115
6,raw/keeper_6e87fc8bc37b4a89aeda/12-09-26_99.7wt_glycerol_D3/map-data-2026.09.12-15.18.09.797.jpk-force-map,0.9,300.0,64,-11.062946358173221,-50.785748815655445,23.716724007909882,57.79798916960991
7,raw/keeper_6e87fc8bc37b4a89aeda/12-09-26_99.7wt_glycerol_D3/map-data-2026.09.12-15.19.36.626.jpk-force-map,0.3,5.0,64,1397.9952123911357,1189.875668144733,2545.775429016314,911.0161195428482
7,raw/keeper_6e87fc8bc37b4a89aeda/12-09-26_99.7wt_glycerol_D3/map-data-2026.09.12-15.19.36.626.jpk-force-map,0.3,10.0,64,1231.8876105685724,941.2790224894998,1859.8593267524147,679.6625618643627
7,raw/keeper_6e87fc8bc37b4a89aeda/12-09-26_99.7wt_glycerol_D3/map-data-2026.09.12-15.19.36.626.jpk-force-map,0.3,15.0,64,1243.132121489774,836.0322714142152,1546.8039311302907,515.8959266492686
7,raw/keeper_6e87fc8bc37b4a89aeda/12-09-26_99.7wt_glycerol_D3/map-data-2026.09.12-15.19.36.626.jpk-force-map,0.3,20.0,64,1099.2039258007112,783.1710138264698,1283.558178057042,309.47655093655584
7,raw/keeper_6e87fc8bc37b4a89aeda/12-09-26_99.7wt_glycerol_D3/map-data-2026.09.12-15.19.36.626.jpk-force-map,0.3,25.0,64,923.0615973398985,675.4212762114824,1064.286984407438,258.4990131551647
7,raw/keeper_6e87fc8bc37b4a89aeda/12-09-26_99.7wt_glycerol_D3/map-data-2026.09.12-15.19.36.626.jpk-force-map,0.3,30.0,64,790.9791184177499,582.7421428707951,886.252666716889,199.82070505552065
7,raw/keeper_6e87fc8bc37b4a89aeda/12-09-26_99.7wt_glycerol_D3/map-data-2026.09.12-15.19.36.626.jpk-force-map,0.3,35.0,64,688.1508341615477,526.4291539033236,788.7462338098885,181.50803748155633
7,raw/keeper_6e87fc8bc37b4a89aeda/12-09-26_99.7wt_glycerol_D3/map-data-2026.09.12-15.19.36.626.jpk-force-map,0.3,40.0,64,591.8587250657653,454.951000962357,661.4446982493478,149.2409921406379
7,raw/keeper_6e87fc8bc37b4a89aeda/12-09-26_99.7wt_glycerol_D3/map-data-2026.09.12-15.19.36.626.jpk-force-map,0.3,45.0,64,515.8071630727774,412.74816640463547,577.5749502674532,116.64246701622311
7,raw/keeper_6e87fc8bc37b4a89aeda/12-09-26_99.7wt_glycerol_D3/map-data-2026.09.12-15.19.36.626.jpk-force-map,0.3,50.0,64,444.8592568550266,357.757745802863,506.91108763496084,102.34818430343748
7,raw/keeper_6e87fc8bc37b4a89aeda/12-09-26_99.7wt_glycerol_D3/map-data-2026.09.12-15.19.36.626.jpk-force-map,0.3,55.0,64,415.0548846173095,330.75980437477557,470.0116812314325,87.6848401792342
7,raw/keeper_6e87fc8bc37b4a89aeda/12-09-26_99.7wt_glycerol_D3/map-data-2026.09.12-15.19.36.626.jpk-force-map,0.3,60.0,64,368.7047767978431,302.7492582099428,418.34685442378094,76.17955639475979
7,raw/keeper_6e87fc8bc37b4a89aeda/12-09-26_99.7wt_glycerol_D3/map-data-2026.09.12-15.19.36.626.jpk-force-map,0.3,65.0,64,324.91494635291457,273.7162081545715,365.3410029201827,68.45741613121982
7,raw/keeper_6e87fc8bc37b4a89aeda/12-09-26_99.7wt_glycerol_D3/map-data-2026.09.12-15.19.36.626.jpk-force-map,0.3,70.0,64,293.462874463145,241.47404296739808,337.95062424376545,72.44568656375735
7,raw/keeper_6e87fc8bc37b4a89aeda/12-09-26_99.7wt_glycerol_D3/map-data-2026.09.12-15.19.36.626.jpk-force-map,0.3,75.0,64,246.06748227370383,219.00639335661242,309.8394049274374,62.34399061097301
7,raw/keeper_6e87fc8bc37b4a89aeda/12-09-26_99.7wt_glycerol_D3/map-data-2026.09.12-15.19.36.626.jpk-force-map,0.3,80.0,64,238.1617115542135,208.76930150665692,269.28376470931414,46.52841342532978
7,raw/keeper_6e87fc8bc37b4a89aeda/12-09-26_99.7wt_glycerol_D3/map-data-2026.09.12-15.19.36.626.jpk-force-map,0.3,85.0,64,206.9489589557054,186.76856888624945,242.26308422084125,40.04020327843187
7,raw/keeper_6e87fc8bc37b4a89aeda/12-09-26_99.7wt_glycerol_D3/map-data-2026.09.12-15.19.36.626.jpk-force-map,0.3,90.0,64,199.95316484213964,172.8802217919308,229.20945531219522,41.14873848623412
7,raw/keeper_6e87fc8bc37b4a89aeda/12-09-26_99.7wt_glycerol_D3/map-data-2026.09.12-15.19.36.626.jpk-force-map,0.3,95.0,64,190.47625344913132,154.37703002444616,224.7052740662342,52.13743454734888
7,raw/keeper_6e87fc8bc37b4a89aeda/12-09-26_99.7wt_glycerol_D3/map-data-2026.09.12-15.19.36.626.jpk-force-map,0.3,100.0,64,176.5612573357755,140.31039875613797,199.96050429842398,44.01243397042297
7,raw/keeper_6e87fc8bc37b4a89aeda/12-09-26_99.7wt_glycerol_D3/map-data-2026.09.12-15.19.36.626.jpk-force-map,0.3,105.0,64,161.3689638822235,134.58538262374486,172.6494016904512,30.173453908022022
7,raw/keeper_6e87fc8bc37b4a89aeda/12-09-26_99.7wt_glycerol_D3/map-data-2026.09.12-15.19.36.626.jpk-force-map,0.3,110.0,64,146.38099890351617,107.88531874479261,169.1950112074901,38.3487598274144
7,raw/keeper_6e87fc8bc37b4a89aeda/12-09-26_99.7wt_glycerol_D3/map-data-2026.09.12-15.19.36.626.jpk-force-map,0.3,115.0,64,143.73365867847141,113.19598694954206,160.63351060022956,32.81291234563637
7,raw/keeper_6e87fc8bc37b4a89aeda/12-09-26_99.7wt_glycerol_D3/map-data-2026.09.12-15.19.36.626.jpk-force-map,0.3,120.0,64,133.27215011270985,107.03930972513045,155.23314529316707,36.701751124699285
7,raw/keeper_6e87fc8bc37b4a89aeda/12-09-26_99.7wt_glycerol_D3/map-data-2026.09.12-15.19.36.626.jpk-force-map,0.3,125.0,64,116.57400898161535,105.93562448968521,144.4382381979693,30.86306449873811
7,raw/keeper_6e87fc8bc37b4a89aeda/12-09-26_99.7wt_glycerol_D3/map-data-2026.09.12-15.19.36.626.jpk-force-map,0.3,130.0,64,110.31411547582218,81.27404074897325,136.63346369859335,40.32012499853182
7,raw/keeper_6e87fc8bc37b4a89aeda/12-09-26_99.7wt_glycerol_D3/map-data-2026.09.12-15.19.36.626.jpk-force-map,0.3,135.0,64,102.99838402521567,80.59939063755252,135.3802639637362,39.29151829873112
7,raw/keeper_6e87fc8bc37b4a89aeda/12-09-26_99.7wt_glycerol_D3/map-data-2026.09.12-15.19.36.626.jpk-force-map,0.3,140.0,64,106.72001852532458,81.81539606234313,122.82127795989429,28.681242211279958
7,raw/keeper_6e87fc8bc37b4a89aeda/12-09-26_99.7wt_glycerol_D3/map-data-2026.09.12-15.19.36.626.jpk-force-map,0.3,145.0,64,94.46418685803596,71.44693954222983,115.55754398908162,32.70593980342457
7,raw/keeper_6e87fc8bc37b4a89aeda/12-09-26_99.7wt_glycerol_D3/map-data-2026.09.12-15.19.36.626.jpk-force-map,0.3,150.0,64,86.06600986263051,62.28123434978126,114.1437211646576,38.53133776225947
7,raw/keeper_6e87fc8bc37b4a89aeda/12-09-26_99.7wt_glycerol_D3/map-data-2026.09.12-15.19.36.626.jpk-force-map,0.3,155.0,64,84.84777609275889,62.832521952186326,104.31827672005596,32.268863014423296
7,raw/keeper_6e87fc8bc37b4a89aeda/12-09-26_99.7wt_glycerol_D3/map-data-2026.09.12-15.19.36.626.jpk-force-map,0.3,160.0,64,75.28607161337632,52.496629091953665,97.2775015143632,34.11225414537456
7,raw/keeper_6e87fc8bc37b4a89aeda/12-09-26_99.7wt_glycerol_D3/map-data-2026.09.12-15.19.36.626.jpk-force-map,0.3,165.0,64,86.1515484919677,66.47859981485635,105.45744980056,29.23663972033321
7,raw/keeper_6e87fc8bc37b4a89aeda/12-09-26_99.7wt_glycerol_D3/map-data-2026.09.12-15.19.36.626.jpk-force-map,0.3,170.0,64,75.35900228282134,39.40455501782451,103.05713281073272,45.516534234428235
7,raw/keeper_6e87fc8bc37b4a89aeda/12-09-26_99.7wt_glycerol_D3/map-data-2026.09.12-15.19.36.626.jpk-force-map,0.3,175.0,64,74.57768982476526,53.47496370381314,102.39707877377356,33.75476198020141
7,raw/keeper_6e87fc8bc37b4a89aeda/12-09-26_99.7wt_glycerol_D3/map-data-2026.09.12-15.19.36.626.jpk-force-map,0.3,180.0,64,54.203110664766385,32.99914809319101,88.56028183347226,39.02429573002689
7,raw/keeper_6e87fc8bc37b4a89aeda/12-09-26_99.7wt_glycerol_D3/map-data-2026.09.12-15.19.36.626.jpk-force-map,0.3,185.0,64,54.56567649169438,33.80223040577964,76.40711143224807,31.08914378197665
7,raw/keeper_6e87fc8bc37b4a89aeda/12-09-26_99.7wt_glycerol_D3/map-data-2026.09.12-15.19.36.626.jpk-force-map,0.3,190.0,64,56.683581806973905,36.871589367181734,68.98979561096806,24.152557794547377
7,raw/keeper_6e87fc8bc37b4a89aeda/12-09-26_99.7wt_glycerol_D3/map-data-2026.09.12-15.19.36.626.jpk-force-map,0.3,195.0,64,53.98736709877072,28.294150708122913,69.10752512870428,29.260465981171592
7,raw/keeper_6e87fc8bc37b4a89aeda/12-09-26_99.7wt_glycerol_D3/map-data-2026.09.12-15.19.36.626.jpk-force-map,0.3,200.0,64,47.552751457590446,22.5827283090963,72.10908109948812,36.741322368214384
7,raw/keeper_6e87fc8bc37b4a89aeda/12-09-26_99.7wt_glycerol_D3/map-data-2026.09.12-15.19.36.626.jpk-force-map,0.3,205.0,64,38.90650746681878,19.36154366509618,58.68957283962857,29.3468545990712
7,raw/keeper_6e87fc8bc37b4a89aeda/12-09-26_99.7wt_glycerol_D3/map-data-2026.09.12-15.19.36.626.jpk-force-map,0.3,210.0,64,39.403569244351004,13.274856357330657,66.11899130834985,38.85483452021968
7,raw/keeper_6e87fc8bc37b4a89aeda/12-09-26_99.7wt_glycerol_D3/map-data-2026.09.12-15.19.36.626.jpk-force-map,0.3,215.0,64,40.77806881935722,10.141546377287076,63.32351169647175,40.619820058809914
7,raw/keeper_6e87fc8bc37b4a89aeda/12-09-26_99.7wt_glycerol_D3/map-data-2026.09.12-15.19.36.626.jpk-force-map,0.3,220.0,64,30.64034127880589,5.411241950516738,55.40180292518562,37.89765747662257
7,raw/keeper_6e87fc8bc37b4a89aeda/12-09-26_99.7wt_glycerol_D3/map-data-2026.09.12-15.19.36.626.jpk-force-map,0.3,225.0,64,32.22949095679543,16.05027257968161,54.12898712657896,31.252488766065554
7,raw/keeper_6e87fc8bc37b4a89aeda/12-09-26_99.7wt_glycerol_D3/map-data-2026.09.12-15.19.36.626.jpk-force-map,0.3,230.0,64,25.98474025697117,2.4201401488435366,60.86249094179951,42.08120499539744
7,raw/keeper_6e87fc8bc37b4a89aeda/12-09-26_99.7wt_glycerol_D3/map-data-2026.09.12-15.19.36.626.jpk-force-map,0.3,235.0,64,22.01908126111828,-0.7731197692701178,49.54969656895851,38.13874484787164
7,raw/keeper_6e87fc8bc37b4a89aeda/12-09-26_99.7wt_glycerol_D3/map-data-2026.09.12-15.19.36.626.jpk-force-map,0.3,240.0,64,22.54733986976455,-0.403388446082135,47.03996700734078,35.37686364323705
7,raw/keeper_6e87fc8bc37b4a89aeda/12-09-26_99.7wt_glycerol_D3/map-data-2026.09.12-15.19.36.626.jpk-force-map,0.3,245.0,64,24.85136584395918,7.0792203711740616,48.01038229616819,29.81023852761407
7,raw/keeper_6e87fc8bc37b4a89aeda/12-09-26_99.7wt_glycerol_D3/map-data-2026.09.12-15.19.36.626.jpk-force-map,0.3,250.0,64,16.035767627137933,7.082765842155558,38.409487108340194,19.792966140289366
7,raw/keeper_6e87fc8bc37b4a89aeda/12-09-26_99.7wt_glycerol_D3/map-data-2026.09.12-15.19.36.626.jpk-force-map,0.3,255.0,64,17.57282870341637,3.538214363483148,42.03829322569132,30.55012989764472
7,raw/keeper_6e87fc8bc37b4a89aeda/12-09-26_99.7wt_glycerol_D3/map-data-2026.09.12-15.19.36.626.jpk-force-map,0.3,260.0,64,19.688646498397095,-3.71264656549522,46.31516670591243,37.888790177484644
7,raw/keeper_6e87fc8bc37b4a89aeda/12-09-26_99.7wt_glycerol_D3/map-data-2026.09.12-15.19.36.626.jpk-force-map,0.3,265.0,64,10.6523841320213,-7.302949530690456,35.723660298760635,34.05882928215882
7,raw/keeper_6e87fc8bc37b4a89aeda/12-09-26_99.7wt_glycerol_D3/map-data-2026.09.12-15.19.36.626.jpk-force-map,0.3,270.0,64,13.959115689169575,-6.112143458062576,32.63395629826866,28.626957637621146
7,raw/keeper_6e87fc8bc37b4a89aeda/12-09-26_99.7wt_glycerol_D3/map-data-2026.09.12-15.19.36.626.jpk-force-map,0.3,275.0,64,15.335752487338048,-7.9403970482370445,40.05572880970866,36.27319775065763
7,raw/keeper_6e87fc8bc37b4a89aeda/12-09-26_99.7wt_glycerol_D3/map-data-2026.09.12-15.19.36.626.jpk-force-map,0.3,280.0,64,2.1610639690503546,-10.493517210324065,22.23382248601967,27.565534562072173
7,raw/keeper_6e87fc8bc37b4a89aeda/12-09-26_99.7wt_glycerol_D3/map-data-2026.09.12-15.19.36.626.jpk-force-map,0.3,285.0,64,11.361080705439921,-19.364186200711295,41.99863034003639,45.50159983588206
7,raw/keeper_6e87fc8bc37b4a89aeda/12-09-26_99.7wt_glycerol_D3/map-data-2026.09.12-15.19.36.626.jpk-force-map,0.3,290.0,64,10.750199368823498,-9.625083915085165,29.61796164542732,29.188397682928812
7,raw/keeper_6e87fc8bc37b4a89aeda/12-09-26_99.7wt_glycerol_D3/map-data-2026.09.12-15.19.36.626.jpk-force-map,0.3,295.0,64,3.013269279120089,-20.09632595842482,32.31874073332952,41.53008147539944
7,raw/keeper_6e87fc8bc37b4a89aeda/12-09-26_99.7wt_glycerol_D3/map-data-2026.09.12-15.19.36.626.jpk-force-map,0.3,300.0,64,4.224064186977973,-15.815973277706755,19.960562584782714,29.28871360999883
8,raw/keeper_6e87fc8bc37b4a89aeda/12-09-26_99.7wt_glycerol_D3/map-data-2026.09.12-15.22.15.764.jpk-force-map,0.1,5.0,64,823.6456963625744,374.4163980083285,1406.9387457804814,839.3443688826438
8,raw/keeper_6e87fc8bc37b4a89aeda/12-09-26_99.7wt_glycerol_D3/map-data-2026.09.12-15.22.15.764.jpk-force-map,0.1,10.0,64,683.5003193994854,429.90827080730594,1074.146624422629,435.85776871986724
8,raw/keeper_6e87fc8bc37b4a89aeda/12-09-26_99.7wt_glycerol_D3/map-data-2026.09.12-15.22.15.764.jpk-force-map,0.1,15.0,64,775.0266693586806,543.3940917257888,1015.5825181799348,348.3115384271298
8,raw/keeper_6e87fc8bc37b4a89aeda/12-09-26_99.7wt_glycerol_D3/map-data-2026.09.12-15.22.15.764.jpk-force-map,0.1,20.0,64,679.0351134828907,460.0594282125603,784.6167873087811,265.6745249561599
8,raw/keeper_6e87fc8bc37b4a89aeda/12-09-26_99.7wt_glycerol_D3/map-data-2026.09.12-15.22.15.764.jpk-force-map,0.1,25.0,64,550.7252641995503,385.0295748642833,669.936126101857,215.53827525070864
8,raw/keeper_6e87fc8bc37b4a89aeda/12-09-26_99.7wt_glycerol_D3/map-data-2026.09.12-15.22.15.764.jpk-force-map,0.1,30.0,64,458.7316410461171,319.8730215350512,554.9437119628697,166.33825021721415
8,raw/keeper_6e87fc8bc37b4a89aeda/12-09-26_99.7wt_glycerol_D3/map-data-2026.09.12-15.22.15.764.jpk-force-map,0.1,35.0,64,395.1599546647406,286.9413947829159,467.595326784079,144.5687360799956
8,raw/keeper_6e87fc8bc37b4a89aeda/12-09-26_99.7wt_glycerol_D3/map-data-2026.09.12-15.22.15.764.jpk-force-map,0.1,40.0,64,318.0362687550934,238.44554804420358,394.0410437852203,114.88747868192146
8,raw/keeper_6e87fc8bc37b4a89aeda/12-09-26_99.7wt_glycerol_D3/map-data-2026.09.12-15.22.15.764.jpk-force-map,0.1,45.0,64,272.62758288698745,202.62533993167764,332.5870556238541,95.7280454483373
8,raw/keeper_6e87fc8bc37b4a89aeda/12-09-26_99.7wt_glycerol_D3/map-data-2026.09.12-15.22.15.764.jpk-force-map,0.1,50.0,64,236.58866560423286,177.0971287664594,279.6950153955283,70.68725938768537
8,raw/keeper_6e87fc8bc37b4a89aeda/12-09-26_99.7wt_glycerol_D3/map-data-2026.09.12-15.22.15.764.jpk-force-map,0.1,55.0,64,197.32259104996075,156.32669942812083,232.79397617751815,57.257894506433686
8,raw/keeper_6e87fc8bc37b4a89aeda/12-09-26_99.7wt_glycerol_D3/map-data-2026.09.12-15.22.15.764.jpk-force-map,0.1,60.0,64,171.44958283177664,129.85373621964015,206.73277634774124,57.066400146140595
8,raw/keeper_6e87fc8bc37b4a89aeda/12-09-26_99.7wt_glycerol_D3/map-data-2026.09.12-15.22.15.764.jpk-force-map,0.1,65.0,64,146.86318295702193,117.96144786894305,184.387702283956,54.03584714662419
8,raw/keeper_6e87fc8bc37b4a89aeda/12-09-26_99.7wt_glycerol_D3/map-data-2026.09.12-15.22.15.764.jpk-force-map,0.1,70.0,64,130.98977801969846,96.44099402557887,154.88486075589427,46.2134892086397
8,raw/keeper_6e87fc8bc37b4a89aeda/12-09-26_99.7wt_glycerol_D3/map-data-2026.09.12-15.22.15.764.jpk-force-map,0.1,75.0,64,115.4964674527547,81.10570543164037,133.9642210780433,47.37579316383552
8,raw/keeper_6e87fc8bc37b4a89aeda/12-09-26_99.7wt_glycerol_D3/map-data-2026.09.12-15.22.15.764.jpk-force-map,0.1,80.0,64,96.26480565569898,78.37144318087039,111.55179134941778,25.36182650306183
8,raw/keeper_6e87fc8bc37b4a89aeda/12-09-26_99.7wt_glycerol_D3/map-data-2026.09.12-15.22.15.764.jpk-force-map,0.1,85.0,64,86.87581862951197,67.76310407036686,106.67072156781975,29.26776123835501
8,raw/keeper_6e87fc8bc37b4a89aeda/12-09-26_99.7wt_glycerol_D3/map-data-2026.09.12-15.22.15.764.jpk-force-map,0.1,90.0,64,76.01667058229805,52.986301710335766,94.22958933887529,32.845409400364545
8,raw/keeper_6e87fc8bc37b4a89aeda/12-09-26_99.7wt_glycerol_D3/map-data-2026.09.12-15.22.15.764.jpk-force-map,0.1,95.0,64,68.7015355660615,48.27861208678863,89.09435567723202,30.870408882232567
8,raw/keeper_6e87fc8bc37b4a89aeda/12-09-26_99.7wt_glycerol_D3/map-data-2026.09.12-15.22.15.764.jpk-force-map,0.1,100.0,64,60.91385885197988,35.61278977628798,82.91791328047937,35.63497328125155
8,raw/keeper_6e87fc8bc37b4a89aeda/12-09-26_99.7wt_glycerol_D3/map-data-2026.09.12-15.22.15.764.jpk-force-map,0.1,105.0,64,52.88388067478174,34.97336242798342,79.24055574858833,31.74586430747664
8,raw/keeper_6e87fc8bc37b4a89aeda/12-09-26_99.7wt_glycerol_D3/map-data-2026.09.12-15.22.15.764.jpk-force-map,0.1,110.0,64,42.31619022340615,26.432182008380384,66.23672082608755,30.28968675985621
8,raw/keeper_6e87fc8bc37b4a89aeda/12-09-26_99.7wt_glycerol_D3/map-data-2026.09.12-15.22.15.764.jpk-force-map,0.1,115.0,64,43.204943706304206,17.95938444614529,58.956816856777984,32.34697384892
8,raw/keeper_6e87fc8bc37b4a89aeda/12-09-26_99.7wt_glycerol_D3/map-data-2026.09.12-15.22.15.764.jpk-force-map,0.1,120.0,64,41.50639802414597,21.583841562877243,54.11326445386184,22.633621384619072
8,raw/keeper_6e87fc8bc37b4a89aeda/12-09-26_99.7wt_glycerol_D3/map-data-2026.09.12-15.22.15.764.jpk-force-map,0.1,125.0,64,39.75768558435954,25.401477145244446,49.83459338671727,19.372199286540628
8,raw/keeper_6e87fc8bc37b4a89aeda/12-09-26_99.7wt_glycerol_D3/map-data-2026.09.12-15.22.15.764.jpk-force-map,0.1,130.0,64,35.399738448770876,20.62650641115284,50.244642016606356,22.280845345302552
8,raw/keeper_6e87fc8bc37b4a89aeda/12-09-26_99.7wt_glycerol_D3/map-data-2026.09.12-15.22.15.764.jpk-force-map,0.1,135.0,64,28.463869421843818,8.751862577257782,49.91635459837402,31.265580927947674
8,raw/keeper_6e87fc8bc37b4a89aeda/12-09-26_99.7wt_glycerol_D3/map-data-2026.09.12-15.22.15.764.jpk-force-map,0.1,140.0,64,30.136569614601946,12.7697924186576,43.150328542326314,24.54203118818491
8,raw/keeper_6e87fc8bc37b4a89aeda/12-09-26_99.7wt_glycerol_D3/map-data-2026.09.12-15.22.15.764.jpk-force-map,0.1,145.0,64,22.77590677473205,3.007379489707795,44.63555781502515,30.191851711493353
8,raw/keeper_6e87fc8bc37b4a89aeda/12-09-26_99.7wt_glycerol_D3/map-data-2026.09.12-15.22.15.764.jpk-force-map,0.1,150.0,64,20.40653810169811,7.573382814959177,36.5974780709583,21.398880683848382
8,raw/keeper_6e87fc8bc37b4a89aeda/12-09-26_99.7wt_glycerol_D3/map-data-2026.09.12-15.22.15.764.jpk-force-map,0.1,155.0,64,21.730638972377527,2.9492851252346006,36.119253678969486,25.03948421340949
8,raw/keeper_6e87fc8bc37b4a89aeda/12-09-26_99.7wt_glycerol_D3/map-data-2026.09.12-15.22.15.764.jpk-force-map,0.1,160.0,64,22.345248023810285,3.0228702157259737,43.29580882592528,30.0825456695095
8,raw/keeper_6e87fc8bc37b4a89aeda/12-09-26_99.7wt_glycerol_D3/map-data-2026.09.12-15.22.15.764.jpk-force-map,0.1,165.0,64,20.589958238323863,6.4792570970676655,31.115583498939976,17.25060585637464
8,raw/keeper_6e87fc8bc37b4a89aeda/12-09-26_99.7wt_glycerol_D3/map-data-2026.09.12-15.22.15.764.jpk-force-map,0.1,170.0,64,12.716577218689485,-9.683874119657355,36.509918191808985,34.684305473859624
8,raw/keeper_6e87fc8bc37b4a89aeda/12-09-26_99.7wt_glycerol_D3/map-data-2026.09.12-15.22.15.764.jpk-force-map,0.1,175.0,64,15.500302103178864,-1.850205688542509,30.85980427580726,24.612380065543
8,raw/keeper_6e87fc8bc37b4a89aeda/12-09-26_99.7wt_glycerol_D3/map-data-2026.09.12-15.22.15.764.jpk-force-map,0.1,180.0,64,13.779704916924207,-6.118811925679332,29.8804590390414,27.28961663631894
8,raw/keeper_6e87fc8bc37b4a89aeda/12-09-26_99.7wt_glycerol_D3/map-data-2026.09.12-15.22.15.764.jpk-force-map,0.1,185.0,64,7.244142758496016,-7.7406743721429905,21.96545187061522,22.011068208423374
8,raw/keeper_6e87fc8bc37b4a89aeda/12-09-26_99.7wt_glycerol_D3/map-data-2026.09.12-15.22.15.764.jpk-force-map,0.1,190.0,64,7.3242472080126495,-9.156195377760607,25.551762039051656,24.96635969948189
8,raw/keeper_6e87fc8bc37b4a89aeda/12-09-26_99.7wt_glycerol_D3/map-data-2026.09.12-15.22.15.764.jpk-force-map,0.1,195.0,64,8.943732200803488,-4.155142881912997,20.52604035492556,17.446718089901754
8,raw/keeper_6e87fc8bc37b4a89aeda/12-09-26_99.7wt_glycerol_D3/map-data-2026.09.12-15.22.15.764.jpk-force-map,0.1,200.0,64,14.151432638492084,0.41087701095898194,27.252014186215607,20.427014873260347
8,raw/keeper_6e87fc8bc37b4a89aeda/12-09-26_99.7wt_glycerol_D3/map-data-2026.09.12-15.22.15.764.jpk-force-map,0.1,205.0,64,8.247726425384982,-2.7897057958171105,25.018168656311715,20.140092653843283
8,raw/keeper_6e87fc8bc37b4a89aeda/12-09-26_99.7wt_glycerol_D3/map-data-2026.09.12-15.22.15.764.jpk-force-map,0.1,210.0,64,13.167614143945297,-3.2112606387748883,24.174868442750196,21.790638450948883
8,raw/keeper_6e87fc8bc37b4a89aeda/12-09-26_99.7wt_glycerol_D3/map-data-2026.09.12-15.22.15.764.jpk-force-map,0.1,215.0,64,4.297591290793285,-16.299872080029346,20.014738706792116,28.07887994890661
8,raw/keeper_6e87fc8bc37b4a89aeda/12-09-26_99.7wt_glycerol_D3/map-data-2026.09.12-15.22.15.764.jpk-force-map,0.1,220.0,64,1.7537655643167103,-12.78769373359062,21.579070087910843,26.069466449917552
8,raw/keeper_6e87fc8bc37b4a89aeda/12-09-26_99.7wt_glycerol_D3/map-data-2026.09.12-15.22.15.764.jpk-force-map,0.1,225.0,64,4.05315260451617,-12.424655729452107,20.95570504856302,25.933362005280152
8,raw/keeper_6e87fc8bc37b4a89aeda/12-09-26_99.7wt_glycerol_D3/map-data-2026.09.12-15.22.15.764.jpk-force-map,0.1,230.0,64,1.6949339406907122,-13.740398235129323,22.084672474280108,29.77076553672402
8,raw/keeper_6e87fc8bc37b4a89aeda/12-09-26_99.7wt_glycerol_D3/map-data-2026.09.12-15.22.15.764.jpk-force-map,0.1,235.0,64,0.27396218762978614,-15.078780395464928,15.567889714719595,22.896987537911222
8,raw/keeper_6e87fc8bc37b4a89aeda/12-09-26_99.7wt_glycerol_D3/map-data-2026.09.12-15.22.15.764.jpk-force-map,0.1,240.0,64,7.145499140623594,-15.219141284046746,20.196096174553272,29.136274666953618
8,raw/keeper_6e87fc8bc37b4a89aeda/12-09-26_99.7wt_glycerol_D3/map-data-2026.09.12-15.22.15.764.jpk-force-map,0.1,245.0,64,4.441663326572495,-13.98481206997637,27.08820182952759,31.74348168139157
8,raw/keeper_6e87fc8bc37b4a89aeda/12-09-26_99.7wt_glycerol_D3/map-data-2026.09.12-15.22.15.764.jpk-force-map,0.1,250.0,64,3.9991918615849533,-9.560345934426607,16.964134292826472,19.674424351836944
8,raw/keeper_6e87fc8bc37b4a89aeda/12-09-26_99.7wt_glycerol_D3/map-data-2026.09.12-15.22.15.764.jpk-force-map,0.1,255.0,64,6.027267533579872,-14.682408337049957,26.258172280715705,30.80887817770038
8,raw/keeper_6e87fc8bc37b4a89aeda/12-09-26_99.7wt_glycerol_D3/map-data-2026.09.12-15.22.15.764.jpk-force-map,0.1,260.0,64,1.2633308353485933,-22.94405984822943,15.570929873248726,25.943089014858714
8,raw/keeper_6e87fc8bc37b4a89aeda/12-09-26_99.7wt_glycerol_D3/map-data-2026.09.12-15.22.15.764.jpk-force-map,0.1,265.0,64,-0.36732073427363826,-17.92503976696294,8.499156647896712,20.773576434235988
8,raw/keeper_6e87fc8bc37b4a89aeda/12-09-26_99.7wt_glycerol_D3/map-data-2026.09.12-15.22.15.764.jpk-force-map,0.1,270.0,64,-3.3922039160010957,-14.275010526586444,13.485397690203547,18.74244910578311
8,raw/keeper_6e87fc8bc37b4a89aeda/12-09-26_99.7wt_glycerol_D3/map-data-2026.09.12-15.22.15.764.jpk-force-map,0.1,275.0,64,1.5957932941755604,-13.441824845896283,17.83209541085552,23.604283600588158
8,raw/keeper_6e87fc8bc37b4a89aeda/12-09-26_99.7wt_glycerol_D3/map-data-2026.09.12-15.22.15.764.jpk-force-map,0.1,280.0,64,5.304405643857184,-15.446473901217722,19.70575256750257,25.053829096224543
8,raw/keeper_6e87fc8bc37b4a89aeda/12-09-26_99.7wt_glycerol_D3/map-data-2026.09.12-15.22.15.764.jpk-force-map,0.1,285.0,64,1.5536949681735726,-13.8509622566072,15.246163074565336,22.432915841013195
8,raw/keeper_6e87fc8bc37b4a89aeda/12-09-26_99.7wt_glycerol_D3/map-data-2026.09.12-15.22.15.764.jpk-force-map,0.1,290.0,64,-1.9154158464097597,-10.580290127457785,14.743973618208155,19.69223263957716
8,raw/keeper_6e87fc8bc37b4a89aeda/12-09-26_99.7wt_glycerol_D3/map-data-2026.09.12-15.22.15.764.jpk-force-map,0.1,295.0,64,-0.18814190872788067,-16.95299256742895,10.034088784824192,21.703390122606685
8,raw/keeper_6e87fc8bc37b4a89aeda/12-09-26_99.7wt_glycerol_D3/map-data-2026.09.12-15.22.15.764.jpk-force-map,0.1,300.0,64,-1.4187682594126492,-19.53641490907492,19.036760298792192,27.74663870758927
9,raw/keeper_6e87fc8bc37b4a89aeda/12-09-26_99.7wt_glycerol_D3/map-data-2026.09.12-15.28.13.596.jpk-force-map,0.3,5.0,64,1434.2074435614545,1008.4626077305774,2171.115313013238,839.9293158677668
9,raw/keeper_6e87fc8bc37b4a89aeda/12-09-26_99.7wt_glycerol_D3/map-data-2026.09.12-15.28.13.596.jpk-force-map,0.3,10.0,64,1182.2621336992859,940.2523849774178,1839.6332266154877,571.6938608821321
9,raw/keeper_6e87fc8bc37b4a89aeda/12-09-26_99.7wt_glycerol_D3/map-data-2026.09.12-15.28.13.596.jpk-force-map,0.3,15.0,64,1234.358605031332,936.4740146577909,1512.017517742292,428.5798776867394
9,raw/keeper_6e87fc8bc37b4a89aeda/12-09-26_99.7wt_glycerol_D3/map-data-2026.09.12-15.28.13.596.jpk-force-map,0.3,20.0,64,1088.3541384595935,807.4016240314519,1283.3027301863356,394.36183003061103
9,raw/keeper_6e87fc8bc37b4a89aeda/12-09-26_99.7wt_glycerol_D3/map-data-2026.09.12-15.28.13.596.jpk-force-map,0.3,25.0,64,889.9273817131659,641.575796030015,1078.4404631471707,326.484300874482
9,raw/keeper_6e87fc8bc37b4a89aeda/12-09-26_99.7wt_glycerol_D3/map-data-2026.09.12-15.28.13.596.jpk-force-map,0.3,30.0,64,798.4501547514514,599.9524471663352,920.4207019195827,222.49542059929493
9,raw/keeper_6e87fc8bc37b4a89aeda/12-09-26_99.7wt_glycerol_D3/map-data-2026.09.12-15.28.13.596.jpk-force-map,0.3,35.0,64,674.1570590083892,518.9345169929238,786.5283677508339,201.7319887482797
9,raw/keeper_6e87fc8bc37b4a89aeda/12-09-26_99.7wt_glycerol_D3/map-data-2026.09.12-15.28.13.596.jpk-force-map,0.3,40.0,64,559.7373875415319,464.30370489765767,644.2059142126025,133.25877850806947
9,raw/keeper_6e87fc8bc37b4a89aeda/12-09-26_99.7wt_glycerol_D3/map-data-2026.09.12-15.28.13.596.jpk-force-map,0.3,45.0,64,505.20362028867294,405.6505145546442,577.8379364058994,129.85850089193858
9,raw/keeper_6e87fc8bc37b4a89aeda/12-09-26_99.7wt_glycerol_D3/map-data-2026.09.12-15.28.13.596.jpk-force-map,0.3,50.0,64,428.5993955807041,364.10273889602644,507.0359246622813,102.66414017266008
9,raw/keeper_6e87fc8bc37b4a89aeda/12-09-26_99.7wt_glycerol_D3/map-data-2026.09.12-15.28.13.596.jpk-force-map,0.3,55.0,64,389.4147508856586,316.9148561647383,436.93413515373084,84.85010465538106
9,raw/keeper_6e87fc8bc37b4a89aeda/12-09-26_99.7wt_glycerol_D3/map-data-2026.09.12-15.28.13.596.jpk-force-map,0.3,60.0,64,332.0919736770817,293.65168736053863,383.5710194620534,70.73800686695265
9,raw/keeper_6e87fc8bc37b4a89aeda/12-09-26_99.7wt_glycerol_D3/map-data-2026.09.12-15.28.13.596.jpk-force-map,0.3,65.0,64,304.2169837906213,266.98694565043246,342.8491065954637,57.379948826121336
9,raw/keeper_6e87fc8bc37b4a89aeda/12-09-26_99.7wt_glycerol_D3/map-data-2026.09.12-15.28.13.596.jpk-force-map,0.3,70.0,64,277.3110672156537,232.27259313175637,314.6092562665118,61.130300534466706
9,raw/keeper_6e87fc8bc37b4a89aeda/12-09-26_99.7wt_glycerol_D3/map-data-2026.09.12-15.28.13.596.jpk-force-map,0.3,75.0,64,247.80191342383404,207.77165733204401,280.08199361260455,54.097476103778966
9,raw/keeper_6e87fc8bc37b4a89aeda/12-09-26_99.7wt_glycerol_D3/map-data-2026.09.12-15.28.13.596.jpk-force-map,0.3,80.0,64,235.3553221636355,194.531858061616,263.9607784780459,46.845229004990976
9,raw/keeper_6e87fc8bc37b4a89aeda/12-09-26_99.7wt_glycerol_D3/map-data-2026.09.12-15.28.13.596.jpk-force-map,0.3,85.0,64,210.00368042359077,169.6512586496793,243.42739038302614,59.21051798990055
9,raw/keeper_6e87fc8bc37b4a89aeda/12-09-26_99.7wt_glycerol_D3/map-data-2026.09.12-15.28.13.596.jpk-force-map,0.3,90.0,64,193.96082185448984,147.94952189285178,226.7164921834442,60.47141845127966
9,raw/keeper_6e87fc8bc37b4a89aeda/12-09-26_99.7wt_glycerol_D3/map-data-2026.09.12-15.28.13.596.jpk-force-map,0.3,95.0,64,183.9835517272893,155.7880032179862,207.20530976177685,41.2084269541022
9,raw/keeper_6e87fc8bc37b4a89aeda/12-09-26_99.7wt_glycerol_D3/map-data-2026.09.12-15.28.13.596.jpk-force-map,0.3,100.0,64,172.86841736167565,137.4196801725866,196.2817799377662,42.55620729649053
9,raw/keeper_6e87fc8bc37b4a89aeda/12-09-26_99.7wt_glycerol_D3/map-data-2026.09.12-15.28.13.596.jpk-force-map,0.3,105.0,64,157.01288888785393,127.75974626586586,180.35820824281274,36.18007882814896
9,raw/keeper_6e87fc8bc37b4a89aeda/12-09-26_99.7wt_glycerol_D3/map-data-2026.09.12-15.28.13.596.jpk-force-map,0.3,110.0,64,134.0775187570519,104.93391296401619,167.91739079867585,45.73883079171955
9,raw/keeper_6e87fc8bc37b4a89aeda/12-09-26_99.7wt_glycerol_D3/map-data-2026.09.12-15.28.13.596.jpk-force-map,0.3,115.0,64,128.81090385763267,108.68220476697236,157.53228381904466,38.40994664776874
9,raw/keeper_6e87fc8bc37b4a89aeda/12-09-26_99.7wt_glycerol_D3/map-data-2026.09.12-15.28.13.596.jpk-force-map,0.3,120.0,64,120.52891559117231,93.69079372301408,140.71275172588247,36.77657049635777
9,raw/keeper_6e87fc8bc37b4a89aeda/12-09-26_99.7wt_glycerol_D3/map-data-2026.09.12-15.28.13.596.jpk-force-map,0.3,125.0,64,111.33474722514072,85.93064411190375,141.7410874191577,40.008836128856316
9,raw/keeper_6e87fc8bc37b4a89aeda/12-09-26_99.7wt_glycerol_D3/map-data-2026.09.12-15.28.13.596.jpk-force-map,0.3,130.0,64,115.5692821488496,89.68313580688773,148.5089441973699,43.70306102687834
9,raw/keeper_6e87fc8bc37b4a89aeda/12-09-26_99.7wt_glycerol_D3/map-data-2026.09.12-15.28.13.596.jpk-force-map,0.3,135.0,64,93.99394805956672,76.68773380368316,117.49796037619936,32.74894988871004
9,raw/keeper_6e87fc8bc37b4a89aeda/12-09-26_99.7wt_glycerol_D3/map-data-2026.09.12-15.28.13.596.jpk-force-map,0.3,140.0,64,84.7504578845981,66.57322578453842,117.89409220410293,33.526128128786915
9,raw/keeper_6e87fc8bc37b4a89aeda/12-09-26_99.7wt_glycerol_D3/map-data-2026.09.12-15.28.13.596.jpk-force-map,0.3,145.0,64,84.72860519195943,63.63883495094956,107.62223320061855,32.80168698357159
9,raw/keeper_6e87fc8bc37b4a89aeda/12-09-26_99.7wt_glycerol_D3/map-data-2026.09.12-15.28.13.596.jpk-force-map,0.3,150.0,64,81.57320228876728,64.73059978279183,109.06503279488608,32.463845342798294
9,raw/keeper_6e87fc8bc37b4a89aeda/12-09-26_99.7wt_glycerol_D3/map-data-2026.09.12-15.28.13.596.jpk-force-map,0.3,155.0,64,79.85878482529876,61.14547419928549,102.48686699800386,31.24096864613549
9,raw/keeper_6e87fc8bc37b4a89aeda/12-09-26_99.7wt_glycerol_D3/map-data-2026.09.12-15.28.13.596.jpk-force-map,0.3,160.0,64,80.61953686518564,53.92608346717558,103.02920808484708,36.01973054903295
9,raw/keeper_6e87fc8bc37b4a89aeda/12-09-26_99.7wt_glycerol_D3/map-data-2026.09.12-15.28.13.596.jpk-force-map,0.3,165.0,64,76.84168842563312,52.07063412645847,99.70289359919312,36.29731876935934
9,raw/keeper_6e87fc8bc37b4a89aeda/12-09-26_99.7wt_glycerol_D3/map-data-2026.09.12-15.28.13.596.jpk-force-map,0.3,170.0,64,70.88531374406526,42.4420875784986,89.73280553587287,31.78413370374774
9,raw/keeper_6e87fc8bc37b4a89aeda/12-09-26_99.7wt_glycerol_D3/map-data-2026.09.12-15.28.13.596.jpk-force-map,0.3,175.0,64,51.78998690358968,35.74079121929916,83.91703197339785,35.80492575416775
9,raw/keeper_6e87fc8bc37b4a89aeda/12-09-26_99.7wt_glycerol_D3/map-data-2026.09.12-15.28.13.596.jpk-force-map,0.3,180.0,64,58.35331639549956,39.567017113365694,87.94386691130556,32.37109486762417
9,raw/keeper_6e87fc8bc37b4a89aeda/12-09-26_99.7wt_glycerol_D3/map-data-2026.09.12-15.28.13.596.jpk-force-map,0.3,185.0,64,56.459455024543495,37.207506175071785,75.69805865497057,28.79548544751893
9,raw/keeper_6e87fc8bc37b4a89aeda/12-09-26_99.7wt_glycerol_D3/map-data-2026.09.12-15.28.13.596.jpk-force-map,0.3,190.0,64,53.64062335028757,31.541586748246303,75.20115426984329,33.39636097827217
9,raw/keeper_6e87fc8bc37b4a89aeda/12-09-26_99.7wt_glycerol_D3/map-data-2026.09.12-15.28.13.596.jpk-force-map,0.3,195.0,64,41.03176880600276,15.493824163208737,78.420748422187,41.08052660340291
9,raw/keeper_6e87fc8bc37b4a89aeda/12-09-26_99.7wt_glycerol_D3/map-data-2026.09.12-15.28.13.596.jpk-force-map,0.3,200.0,64,49.10903097470357,28.91789680276449,69.08324527952901,29.67523942497794
9,raw/keeper_6e87fc8bc37b4a89aeda/12-09-26_99.7wt_glycerol_D3/map-data-2026.09.12-15.28.13.596.jpk-force-map,0.3,205.0,64,34.210663692579935,9.82531190363258,60.58778321120464,37.72949811405445
9,raw/keeper_6e87fc8bc37b4a89aeda/12-09-26_99.7wt_glycerol_D3/map-data-2026.09.12-15.28.13.596.jpk-force-map,0.3,210.0,64,31.839041823035597,15.149606976990558,59.149100670857976,30.929606086991225
9,raw/keeper_6e87fc8bc37b4a89aeda/12-09-26_99.7wt_glycerol_D3/map-data-2026.09.12-15.28.13.596.jpk-force-map,0.3,215.0,64,28.15233186885675,7.112496438776115,59.470537377636894,37.49162851617432
9,raw/keeper_6e87fc8bc37b4a89aeda/12-09-26_99.7wt_glycerol_D3/map-data-2026.09.12-15.28.13.596.jpk-force-map,0.3,220.0,64,36.373964290522075,19.087308111713142,57.312886338596314,29.309322097463347
9,raw/keeper_6e87fc8bc37b4a89aeda/12-09-26_99.7wt_glycerol_D3/map-data-2026.09.12-15.28.13.596.jpk-force-map,0.3,225.0,64,29.385045739838667,3.8644639642840977,49.03265424000559,34.03144136377711
9,raw/keeper_6e87fc8bc37b4a89aeda/12-09-26_99.7wt_glycerol_D3/map-data-2026.09.12-15.28.13.596.jpk-force-map,0.3,230.0,64,27.68217590849447,6.045591322860616,48.21704680563092,31.76853610000515
9,raw/keeper_6e87fc8bc37b4a89aeda/12-09-26_99.7wt_glycerol_D3/map-data-2026.09.12-15.28.13.596.jpk-force-map,0.3,235.0,64,33.788222481877696,7.934739205523533,60.22453811179939,39.57807207081802
9,raw/keeper_6e87fc8bc37b4a89aeda/12-09-26_99.7wt_glycerol_D3/map-data-2026.09.12-15.28.13.596.jpk-force-map,0.3,240.0,64,33.71935087967749,8.099156280395105,56.343846162347454,35.59896369528373
9,raw/keeper_6e87fc8bc37b4a89aeda/12-09-26_99.7wt_glycerol_D3/map-data-2026.09.12-15.28.13.596.jpk-force-map,0.3,245.0,64,20.46879922295613,-2.5995426372781085,42.93856120546902,34.500523944395596
9,raw/keeper_6e87fc8bc37b4a89aeda/12-09-26_99.7wt_glycerol_D3/map-data-2026.09.12-15.28.13.596.jpk-force-map,0.3,250.0,64,16.860139333238294,-7.287326263702206,39.833639844711946,34.315538820310174
9,raw/keeper_6e87fc8bc37b4a89aeda/12-09-26_99.7wt_glycerol_D3/map-data-2026.09.12-15.28.13.596.jpk-force-map,0.3,255.0,64,16.893357414164782,-0.6179805623902113,45.0515376533782,30.83167278600676
9,raw/keeper_6e87fc8bc37b4a89aeda/12-09-26_99.7wt_glycerol_D3/map-data-2026.09.12-15.28.13.596.jpk-force-map,0.3,260.0,64,9.97089159295793,-11.259405212849,40.135344514393026,35.2071076755621
9,raw/keeper_6e87fc8bc37b4a89aeda/12-09-26_99.7wt_glycerol_D3/map-data-2026.09.12-15.28.13.596.jpk-force-map,0.3,265.0,64,17.818808178485455,-10.955339657118014,36.582235859262155,40.34719359589489
9,raw/keeper_6e87fc8bc37b4a89aeda/12-09-26_99.7wt_glycerol_D3/map-data-2026.09.12-15.28.13.596.jpk-force-map,0.3,270.0,64,9.224006652190482,-13.35666727185069,31.47417309673061,33.40741439824803
9,raw/keeper_6e87fc8bc37b4a89aeda/12-09-26_99.7wt_glycerol_D3/map-data-2026.09.12-15.28.13.596.jpk-force-map,0.3,275.0,64,9.311583098961382,-7.073587379894754,28.93407508507004,25.110103285478086
9,raw/keeper_6e87fc8bc37b4a89aeda/12-09-26_99.7wt_glycerol_D3/map-data-2026.09.12-15.28.13.596.jpk-force-map,0.3,280.0,64,3.783299186996639,-15.393059889795325,21.506711001404206,28.450938065295745
9,raw/keeper_6e87fc8bc37b4a89aeda/12-09-26_99.7wt_glycerol_D3/map-data-2026.09.12-15.28.13.596.jpk-force-map,0.3,285.0,64,8.802576066393305,-14.210115153525594,26.993161669311075,30.010968634375224
9,raw/keeper_6e87fc8bc37b4a89aeda/12-09-26_99.7wt_glycerol_D3/map-data-2026.09.12-15.28.13.596.jpk-force-map,0.3,290.0,64,11.32420118018213,-13.635284961096573,29.97646012129954,30.982072987144235
9,raw/keeper_6e87fc8bc37b4a89aeda/12-09-26_99.7wt_glycerol_D3/map-data-2026.09.12-15.28.13.596.jpk-force-map,0.3,295.0,64,11.694023625287366,-14.102947494436064,45.19489728143567,40.35561875823094
9,raw/keeper_6e87fc8bc37b4a89aeda/12-09-26_99.7wt_glycerol_D3/map-data-2026.09.12-15.28.13.596.jpk-force-map,0.3,300.0,64,2.126421072683357,-16.938943224473697,23.219753352295328,29.778797688572183
10,raw/keeper_6e87fc8bc37b4a89aeda/12-09-26_99.7wt_glycerol_D3/map-data-2026.09.12-15.30.45.054.jpk-force-map,0.9,5.0,64,2870.6497267100995,2184.6555578141183,3968.029018945913,1289.0056975946811
10,raw/keeper_6e87fc8bc37b4a89aeda/12-09-26_99.7wt_glycerol_D3/map-data-2026.09.12-15.30.45.054.jpk-force-map,0.9,10.0,64,2460.7516965003724,1881.7923723555523,3187.301190829669,993.0198211755106
10,raw/keeper_6e87fc8bc37b4a89aeda/12-09-26_99.7wt_glycerol_D3/map-data-2026.09.12-15.30.45.054.jpk-force-map,0.9,15.0,64,2258.572539180878,1618.5681737577574,2655.435048892159,791.3357305804589
10,raw/keeper_6e87fc8bc37b4a89aeda/12-09-26_99.7wt_glycerol_D3/map-data-2026.09.12-15.30.45.054.jpk-force-map,0.9,20.0,64,1978.6077035030721,1440.8805749642588,2225.3709264702507,623.5822250326917
10,raw/keeper_6e87fc8bc37b4a89aeda/12-09-26_99.7wt_glycerol_D3/map-data-2026.09.12-15.30.45.054.jpk-force-map,0.9,25.0,64,1688.42412461602,1270.3620510366504,1905.7707405245744,451.49676138060613
10,raw/keeper_6e87fc8bc37b4a89aeda/12-09-26_99.7wt_glycerol_D3/map-data-2026.09.12-15.30.45.054.jpk-force-map,0.9,30.0,64,1421.8507813502688,1143.3630733782916,1655.0718376724835,372.9436918328516
10,raw/keeper_6e87fc8bc37b4a89aeda/12-09-26_99.7wt_glycerol_D3/map-data-2026.09.12-15.30.45.054.jpk-force-map,0.9,35.0,64,1220.967742188893,1008.2020984515334,1406.1661478912863,297.9456723440476
10,raw/keeper_6e87fc8bc37b4a89aeda/12-09-26_99.7wt_glycerol_D3/map-data-2026.09.12-15.30.45.054.jpk-force-map,0.9,40.0,64,1117.727205809155,898.1932331163731,1262.6288072427085,263.86986992143505
10,raw/keeper_6e87fc8bc37b4a89aeda/12-09-26_99.7wt_glycerol_D3/map-data-2026.09.12-15.30.45.054.jpk-force-map,0.9,45.0,64,996.6441695523158,830.8839410478478,1118.8540774307628,210.6232123979297
10,raw/keeper_6e87fc8bc37b4a89aeda/12-09-26_99.7wt_glycerol_D3/map-data-2026.09.12-15.30.45.054.jpk-force-map,0.9,50.0,64,883.9254460727204,768.0764527716116,1014.8304475736658,192.23233573684712
10,raw/keeper_6e87fc8bc37b4a89aeda/12-09-26_99.7wt_glycerol_D3/map-data-2026.09.12-15.30.45.054.jpk-force-map,0.9,55.0,64,813.6192535350299,688.3253077826124,898.8770948252986,147.8322706094471
10,raw/keeper_6e87fc8bc37b4a89aeda/12-09-26_99.7wt_glycerol_D3/map-data-2026.09.12-15.30.45.054.jpk-force-map,0.9,60.0,64,750.316128296703,645.3646370863709,798.4084871836052,133.81191620681858
10,raw/keeper_6e87fc8bc37b4a89aeda/12-09-26_99.7wt_glycerol_D3/map-data-2026.09.12-15.30.45.054.jpk-force-map,0.9,65.0,64,693.0554133979261,587.7271413414965,757.0000286534222,106.19786941263004
10,raw/keeper_6e87fc8bc37b4a89aeda/12-09-26_99.7wt_glycerol_D3/map-data-2026.09.12-15.30.45.054.jpk-force-map,0.9,70.0,64,638.0088948300589,542.3371354665285,697.5463488305694,93.8484727893313
10,raw/keeper_6e87fc8bc37b4a89aeda/12-09-26_99.7wt_glycerol_D3/map-data-2026.09.12-15.30.45.054.jpk-force-map,0.9,75.0,64,572.889693203295,500.0472960449737,648.8524693131471,109.65233334979725
10,raw/keeper_6e87fc8bc37b4a89aeda/12-09-26_99.7wt_glycerol_D3/map-data-2026.09.12-15.30.45.054.jpk-force-map,0.9,80.0,64,534.507401845498,461.89047344694177,596.5826178230515,105.62309157388499
10,raw/keeper_6e87fc8bc37b4a89aeda/12-09-26_99.7wt_glycerol_D3/map-data-2026.09.12-15.30.45.054.jpk-force-map,0.9,85.0,64,491.1872303322899,440.4234170473815,528.0951939122749,62.29791013124974
10,raw/keeper_6e87fc8bc37b4a89aeda/12-09-26_99.7wt_glycerol_D3/map-data-2026.09.12-15.30.45.054.jpk-force-map,0.9,90.0,64,461.4680156686178,405.60350392889404,506.7286615556184,79.90861184728153
10,raw/keeper_6e87fc8bc37b4a89aeda/12-09-26_99.7wt_glycerol_D3/map-data-2026.09.12-15.30.45.054.jpk-force-map,0.9,95.0,64,424.40064671923835,377.5278718633533,468.86899581518776,70.41431360374688
10,raw/keeper_6e87fc8bc37b4a89aeda/12-09-26_99.7wt_glycerol_D3/map-data-2026.09.12-15.30.45.054.jpk-force-map,0.9,100.0,64,391.6674338011054,349.2856689321605,456.4969588513325,72.96934847590191
10,raw/keeper_6e87fc8bc37b4a89aeda/12-09-26_99.7wt_glycerol_D3/map-data-2026.09.12-15.30.45.054.jpk-force-map,0.9,105.0,64,376.93525632934177,329.42687296188524,424.56059053632714,70.79347047207413
10,raw/keeper_6e87fc8bc37b4a89aeda/12-09-26_99.7wt_glycerol_D3/map-data-2026.09.12-15.30.45.054.jpk-force-map,0.9,110.0,64,336.8573020555119,296.68339640228794,387.11960515654073,61.76317023597255
10,raw/keeper_6e87fc8bc37b4a89aeda/12-09-26_99.7wt_glycerol_D3/map-data-2026.09.12-15.30.45.054.jpk-force-map,0.9,115.0,64,321.14067651958743,275.29994022036044,360.2872488206326,64.78917905172072
10,raw/keeper_6e87fc8bc37b4a89aeda/12-09-26_99.7wt_glycerol_D3/map-data-2026.09.12-15.30.45.054.jpk-force-map,0.9,120.0,64,304.86433046195947,283.28260127081387,331.40481501149486,36.2513611054145
10,raw/keeper_6e87fc8bc37b4a89aeda/12-09-26_99.7wt_glycerol_D3/map-data-2026.09.12-15.30.45.054.jpk-force-map,0.9,125.0,64,293.8947426504296,248.74089993484682,339.8369390631701,67.4409190670862
10,raw/keeper_6e87fc8bc37b4a89aeda/12-09-26_99.7wt_glycerol_D3/map-data-2026.09.12-15.30.45.054.jpk-force-map,0.9,130.0,64,278.86809227573235,221.39960283685508,323.3135780541361,69.5321524370509
10,raw/keeper_6e87fc8bc37b4a89aeda/12-09-26_99.7wt_glycerol_D3/map-data-2026.09.12-15.30.45.054.jpk-force-map,0.9,135.0,64,254.33724363556297,226.3885195500204,284.7997480661573,44.46530486841246
10,raw/keeper_6e87fc8bc37b4a89aeda/12-09-26_99.7wt_glycerol_D3/map-data-2026.09.12-15.30.45.054.jpk-force-map,0.9,140.0,64,260.1443440482317,195.04400465844108,282.82158235365813,55.802306474546825
10,raw/keeper_6e87fc8bc37b4a89aeda/12-09-26_99.7wt_glycerol_D3/map-data-2026.09.12-15.30.45.054.jpk-force-map,0.9,145.0,64,231.87101884021848,190.46555904951128,259.1887567805655,55.76506873080429
10,raw/keeper_6e87fc8bc37b4a89aeda/12-09-26_99.7wt_glycerol_D3/map-data-2026.09.12-15.30.45.054.jpk-force-map,0.9,150.0,64,219.0493366313077,179.49825756973564,247.79085453654397,51.00320627889192
10,raw/keeper_6e87fc8bc37b4a89aeda/12-09-26_99.7wt_glycerol_D3/map-data-2026.09.12-15.30.45.054.jpk-force-map,0.9,155.0,64,199.00359162104598,167.16824437758555,248.59744090106062,56.272936533962586
10,raw/keeper_6e87fc8bc37b4a89aeda/12-09-26_99.7wt_glycerol_D3/map-data-2026.09.12-15.30.45.054.jpk-force-map,0.9,160.0,64,194.24798843638274,163.18467578299135,219.61913855063816,43.32869397387049
10,raw/keeper_6e87fc8bc37b4a89aeda/12-09-26_99.7wt_glycerol_D3/map-data-2026.09.12-15.30.45.054.jpk-force-map,0.9,165.0,64,175.91886438323883,147.49676193496867,220.89351998946535,52.07086839593704
10,raw/keeper_6e87fc8bc37b4a89aeda/12-09-26_99.7wt_glycerol_D3/map-data-2026.09.12-15.30.45.054.jpk-force-map,0.9,170.0,64,169.42268346090134,131.8128905865724,198.03368164467275,46.34384587488851
10,raw/keeper_6e87fc8bc37b4a89aeda/12-09-26_99.7wt_glycerol_D3/map-data-2026.09.12-15.30.45.054.jpk-force-map,0.9,175.0,64,157.12823266810787,123.83109105243402,193.48024486026173,52.92203086039001
10,raw/keeper_6e87fc8bc37b4a89aeda/12-09-26_99.7wt_glycerol_D3/map-data-2026.09.12-15.30.45.054.jpk-force-map,0.9,180.0,64,145.8189754824369,116.3734165053981,181.73267468257762,50.020581806192844
10,raw/keeper_6e87fc8bc37b4a89aeda/12-09-26_99.7wt_glycerol_D3/map-data-2026.09.12-15.30.45.054.jpk-force-map,0.9,185.0,64,136.02022147592652,107.16497513352344,167.45203116471137,44.89958145768652
10,raw/keeper_6e87fc8bc37b4a89aeda/12-09-26_99.7wt_glycerol_D3/map-data-2026.09.12-15.30.45.054.jpk-force-map,0.9,190.0,64,131.93595487840196,99.38351127746917,165.00279827267218,49.13434315568389
10,raw/keeper_6e87fc8bc37b4a89aeda/12-09-26_99.7wt_glycerol_D3/map-data-2026.09.12-15.30.45.054.jpk-force-map,0.9,195.0,64,120.65204615348804,86.87325893200413,148.77006647840662,47.24305387150316
10,raw/keeper_6e87fc8bc37b4a89aeda/12-09-26_99.7wt_glycerol_D3/map-data-2026.09.12-15.30.45.054.jpk-force-map,0.9,200.0,64,113.41612093521154,90.18668380820138,161.6217443658814,48.97880925504615
10,raw/keeper_6e87fc8bc37b4a89aeda/12-09-26_99.7wt_glycerol_D3/map-data-2026.09.12-15.30.45.054.jpk-force-map,0.9,205.0,64,103.44438439356244,76.1354769954265,124.35407287365936,36.437353318875644
10,raw/keeper_6e87fc8bc37b4a89aeda/12-09-26_99.7wt_glycerol_D3/map-data-2026.09.12-15.30.45.054.jpk-force-map,0.9,210.0,64,101.45814196562542,55.46498354943063,124.96787839545411,48.41304609437025
10,raw/keeper_6e87fc8bc37b4a89aeda/12-09-26_99.7wt_glycerol_D3/map-data-2026.09.12-15.30.45.054.jpk-force-map,0.9,215.0,64,101.34576378960298,69.01487898978249,121.50815313839948,36.272018719191514
10,raw/keeper_6e87fc8bc37b4a89aeda/12-09-26_99.7wt_glycerol_D3/map-data-2026.09.12-15.30.45.054.jpk-force-map,0.9,220.0,64,76.98693676253166,41.32833751304627,113.87352811090012,53.81642447852643
10,raw/keeper_6e87fc8bc37b4a89aeda/12-09-26_99.7wt_glycerol_D3/map-data-2026.09.12-15.30.45.054.jpk-force-map,0.9,225.0,64,76.07081356906511,46.5471382570799,107.31064594476621,46.545165497381234
10,raw/keeper_6e87fc8bc37b4a89aeda/12-09-26_99.7wt_glycerol_D3/map-data-2026.09.12-15.30.45.054.jpk-force-map,0.9,230.0,64,66.4585115738973,37.89924578797758,99.562201358182,46.134027400592394
10,raw/keeper_6e87fc8bc37b4a89aeda/12-09-26_99.7wt_glycerol_D3/map-data-2026.09.12-15.30.45.054.jpk-force-map,0.9,235.0,64,55.994252782982954,34.53138799163844,83.12710435220907,39.88201655699953
10,raw/keeper_6e87fc8bc37b4a89aeda/12-09-26_99.7wt_glycerol_D3/map-data-2026.09.12-15.30.45.054.jpk-force-map,0.9,240.0,64,43.423586606046975,19.828245276394384,75.34450561408813,43.303909749971325
10,raw/keeper_6e87fc8bc37b4a89aeda/12-09-26_99.7wt_glycerol_D3/map-data-2026.09.12-15.30.45.054.jpk-force-map,0.9,245.0,64,49.8430263060158,17.975836094205913,78.76240591089454,44.859592640527765
10,raw/keeper_6e87fc8bc37b4a89aeda/12-09-26_99.7wt_glycerol_D3/map-data-2026.09.12-15.30.45.054.jpk-force-map,0.9,250.0,64,45.69948075908792,15.272331632581814,74.94692411931118,43.66427580434051
10,raw/keeper_6e87fc8bc37b4a89aeda/12-09-26_99.7wt_glycerol_D3/map-data-2026.09.12-15.30.45.054.jpk-force-map,0.9,255.0,64,26.42113140490012,-8.25055948864573,61.0680619882484,51.87308586783629
10,raw/keeper_6e87fc8bc37b4a89aeda/12-09-26_99.7wt_glycerol_D3/map-data-2026.09.12-15.30.45.054.jpk-force-map,0.9,260.0,64,22.884225883508005,-7.221080629494695,45.621993993754835,43.130297366883816
10,raw/keeper_6e87fc8bc37b4a89aeda/12-09-26_99.7wt_glycerol_D3/map-data-2026.09.12-15.30.45.054.jpk-force-map,0.9,265.0,64,24.417393568755532,-0.27552782785347474,49.845395475877,37.65109252169293
10,raw/keeper_6e87fc8bc37b4a89aeda/12-09-26_99.7wt_glycerol_D3/map-data-2026.09.12-15.30.45.054.jpk-force-map,0.9,270.0,64,33.01373588384114,4.412396623351488,62.65085798342973,44.04345723582366
10,raw/keeper_6e87fc8bc37b4a89aeda/12-09-26_99.7wt_glycerol_D3/map-data-2026.09.12-15.30.45.054.jpk-force-map,0.9,275.0,64,12.71510270038454,-11.366796534826019,48.62417125034019,43.800675006841736
10,raw/keeper_6e87fc8bc37b4a89aeda/12-09-26_99.7wt_glycerol_D3/map-data-2026.09.12-15.30.45.054.jpk-force-map,0.9,280.0,64,9.07474895091125,-15.564932394297589,46.19578870984558,45.06732324661049
10,raw/keeper_6e87fc8bc37b4a89aeda/12-09-26_99.7wt_glycerol_D3/map-data-2026.09.12-15.30.45.054.jpk-force-map,0.9,285.0,64,-0.09889213219395238,-29.396137762373897,33.12031539236936,44.788506868507426
10,raw/keeper_6e87fc8bc37b4a89aeda/12-09-26_99.7wt_glycerol_D3/map-data-2026.09.12-15.30.45.054.jpk-force-map,0.9,290.0,64,-2.679613951551563,-32.35585220528676,27.109772872601717,44.13360401651374
10,raw/keeper_6e87fc8bc37b4a89aeda/12-09-26_99.7wt_glycerol_D3/map-data-2026.09.12-15.30.45.054.jpk-force-map,0.9,295.0,64,-3.486937575219694,-25.24172385580192,13.461490612508925,31.11857044226805
10,raw/keeper_6e87fc8bc37b4a89aeda/12-09-26_99.7wt_glycerol_D3/map-data-2026.09.12-15.30.45.054.jpk-force-map,0.9,300.0,64,-12.37202039623335,-33.112420920769026,22.51065915596335,46.43770169206094
11,raw/keeper_6e87fc8bc37b4a89aeda/12-09-26_99.7wt_glycerol_D3/map-data-2026.09.12-15.32.03.517.jpk-force-map,2.7,5.0,64,5187.688440923521,4009.6723069419572,6415.045138388987,1798.654108457811
11,raw/keeper_6e87fc8bc37b4a89aeda/12-09-26_99.7wt_glycerol_D3/map-data-2026.09.12-15.32.03.517.jpk-force-map,2.7,10.0,64,4383.069382043058,3534.197510537375,5220.884254966653,1245.3357722645756
11,raw/keeper_6e87fc8bc37b4a89aeda/12-09-26_99.7wt_glycerol_D3/map-data-2026.09.12-15.32.03.517.jpk-force-map,2.7,15.0,64,3843.6471456035288,3169.353387150889,4374.939310581114,848.9415867477313
11,raw/keeper_6e87fc8bc37b4a89aeda/12-09-26_99.7wt_glycerol_D3/map-data-2026.09.12-15.32.03.517.jpk-force-map,2.7,20.0,64,3407.3645487293525,2786.909645217167,3698.946799351048,599.7815590038646
11,raw/keeper_6e87fc8bc37b4a89aeda/12-09-26_99.7wt_glycerol_D3/map-data-2026.09.12-15.32.03.517.jpk-force-map,2.7,25.0,64,2997.8236998695957,2469.8162480803053,3240.879934113992,483.8548869021238
11,raw/keeper_6e87fc8bc37b4a89aeda/12-09-26_99.7wt_glycerol_D3/map-data-2026.09.12-15.32.03.517.jpk-force-map,2.7,30.0,64,2628.6274611502567,2197.108254242806,2873.9013129393857,468.1085532518421
11,raw/keeper_6e87fc8bc37b4a89aeda/12-09-26_99.7wt_glycerol_D3/map-data-2026.09.12-15.32.03.517.jpk-force-map,2.7,35.0,64,2334.895594785905,1967.554266959588,2560.7120757877037,386.929338496756
11,raw/keeper_6e87fc8bc37b4a89aeda/12-09-26_99.7wt_glycerol_D3/map-data-2026.09.12-15.32.03.517.jpk-force-map,2.7,40.0,64,2126.085313267692,1810.6051468465398,2294.7184335950747,338.9557272543151
11,raw/keeper_6e87fc8bc37b4a89aeda/12-09-26_99.7wt_glycerol_D3/map-data-2026.09.12-15.32.03.517.jpk-force-map,2.7,45.0,64,1924.814260412902,1680.2800949330385,2089.328827450254,298.06544229027395
11,raw/keeper_6e87fc8bc37b4a89aeda/12-09-26_99.7wt_glycerol_D3/map-data-2026.09.12-15.32.03.517.jpk-force-map,2.7,50.0,64,1747.4607228536966,1523.2874930976013,1881.7802531404918,237.7079723173647
11,raw/keeper_6e87fc8bc37b4a89aeda/12-09-26_99.7wt_glycerol_D3/map-data-2026.09.12-15.32.03.517.jpk-force-map,2.7,55.0,64,1614.939450478513,1398.6921128181098,1717.4786628763604,208.8583251119624
11,raw/keeper_6e87fc8bc37b4a89aeda/12-09-26_99.7wt_glycerol_D3/map-data-2026.09.12-15.32.03.517.jpk-force-map,2.7,60.0,64,1449.8507573726426,1312.8481339338005,1571.7481833436827,192.41307143503016
11,raw/keeper_6e87fc8bc37b4a89aeda/12-09-26_99.7wt_glycerol_D3/map-data-2026.09.12-15.32.03.517.jpk-force-map,2.7,65.0,64,1323.7252164311901,1188.0406135459698,1437.7675520366317,193.46444817997826
11,raw/keeper_6e87fc8bc37b4a89aeda/12-09-26_99.7wt_glycerol_D3/map-data-2026.09.12-15.32.03.517.jpk-force-map,2.7,70.0,64,1238.2894223193605,1115.8245553150402,1344.5654037394743,164.97406168694832
11,raw/keeper_6e87fc8bc37b4a89aeda/12-09-26_99.7wt_glycerol_D3/map-data-2026.09.12-15.32.03.517.jpk-force-map,2.7,75.0,64,1134.6501198599137,1026.2104733541876,1240.4736726745734,161.3832476735894
11,raw/keeper_6e87fc8bc37b4a89aeda/12-09-26_99.7wt_glycerol_D3/map-data-2026.09.12-15.32.03.517.jpk-force-map,2.7,80.0,64,1066.6402493524618,985.3366436830826,1155.369728019579,127.90263507194493
11,raw/keeper_6e87fc8bc37b4a89aeda/12-09-26_99.7wt_glycerol_D3/map-data-2026.09.12-15.32.03.517.jpk-force-map,2.7,85.0,64,992.1656929709716,916.4456739338232,1057.269254763125,101.09818988309904
11,raw/keeper_6e87fc8bc37b4a89aeda/12-09-26_99.7wt_glycerol_D3/map-data-2026.09.12-15.32.03.517.jpk-force-map,2.7,90.0,64,930.122883260897,863.8702740858785,987.1931947706241,92.06076633190122
11,raw/keeper_6e87fc8bc37b4a89aeda/12-09-26_99.7wt_glycerol_D3/map-data-2026.09.12-15.32.03.517.jpk-force-map,2.7,95.0,64,863.998060149811,809.7690708604028,925.8356881525376,88.85625706512113
11,raw/keeper_6e87fc8bc37b4a89aeda/12-09-26_99.7wt_glycerol_D3/map-data-2026.09.12-15.32.03.517.jpk-force-map,2.7,100.0,64,798.3674160501307,731.1008104581681,859.054165947827,95.54143915598928
11,raw/keeper_6e87fc8bc37b4a89aeda/12-09-26_99.7wt_glycerol_D3/map-data-2026.09.12-15.32.03.517.jpk-force-map,2.7,105.0,64,742.9192983392956,676.5460768804146,810.5005313456381,101.44831310162414
11,raw/keeper_6e87fc8bc37b4a89aeda/12-09-26_99.7wt_glycerol_D3/map-data-2026.09.12-15.32.03.517.jpk-force-map,2.7,110.0,64,697.8312290807082,631.3249364866653,746.0095407874837,85.35640041658603
11,raw/keeper_6e87fc8bc37b4a89aeda/12-09-26_99.7wt_glycerol_D3/map-data-2026.09.12-15.32.03.517.jpk-force-map,2.7,115.0,64,648.3534856915326,588.6381451399475,686.8382063686945,80.14014415104323
11,raw/keeper_6e87fc8bc37b4a89aeda/12-09-26_99.7wt_glycerol_D3/map-data-2026.09.12-15.32.03.517.jpk-force-map,2.7,120.0,64,601.2141957938406,541.6795500051594,650.8090639825713,84.66281059467808
11,raw/keeper_6e87fc8bc37b4a89aeda/12-09-26_99.7wt_glycerol_D3/map-data-2026.09.12-15.32.03.517.jpk-force-map,2.7,125.0,64,558.3917321953988,498.0703811878919,596.3383033939332,70.65306747522747
11,raw/keeper_6e87fc8bc37b4a89aeda/12-09-26_99.7wt_glycerol_D3/map-data-2026.09.12-15.32.03.517.jpk-force-map,2.7,130.0,64,513.3885222936716,458.68997347827235,562.7516591617465,73.80422556825816
11,raw/keeper_6e87fc8bc37b4a89aeda/12-09-26_99.7wt_glycerol_D3/map-data-2026.09.12-15.32.03.517.jpk-force-map,2.7,135.0,64,471.16446461292475,421.184390942609,510.3321523474553,66.65266284387354
11,raw/keeper_6e87fc8bc37b4a89aeda/12-09-26_99.7wt_glycerol_D3/map-data-2026.09.12-15.32.03.517.jpk-force-map,2.7,140.0,64,439.65016473713985,383.13450405696426,477.1307053130428,67.21491347331349
11,raw/keeper_6e87fc8bc37b4a89aeda/12-09-26_99.7wt_glycerol_D3/map-data-2026.09.12-15.32.03.517.jpk-force-map,2.7,145.0,64,413.52552748498675,375.96913205446003,449.4126936394397,53.905564169842705
11,raw/keeper_6e87fc8bc37b4a89aeda/12-09-26_99.7wt_glycerol_D3/map-data-2026.09.12-15.32.03.517.jpk-force-map,2.7,150.0,64,375.993519593175,346.7369309059341,430.60251213104465,69.2431177862612
11,raw/keeper_6e87fc8bc37b4a89aeda/12-09-26_99.7wt_glycerol_D3/map-data-2026.09.12-15.32.03.517.jpk-force-map,2.7,155.0,64,362.37758561388483,318.7104963921692,384.57553091574175,56.760269539120145
11,raw/keeper_6e87fc8bc37b4a89aeda/12-09-26_99.7wt_glycerol_D3/map-data-2026.09.12-15.32.03.517.jpk-force-map,2.7,160.0,64,317.693981696771,282.7619720518261,364.86043420976415,62.232965148102465
11,raw/keeper_6e87fc8bc37b4a89aeda/12-09-26_99.7wt_glycerol_D3/map-data-2026.09.12-15.32.03.517.jpk-force-map,2.7,165.0,64,300.79673089157495,241.13005772788023,329.5578731443711,59.87185638863651
11,raw/keeper_6e87fc8bc37b4a89aeda/12-09-26_99.7wt_glycerol_D3/map-data-2026.09.12-15.32.03.517.jpk-force-map,2.7,170.0,64,273.68255931548913,237.37070703763203,311.5180446124713,55.41595260165569
11,raw/keeper_6e87fc8bc37b4a89aeda/12-09-26_99.7wt_glycerol_D3/map-data-2026.09.12-15.32.03.517.jpk-force-map,2.7,175.0,64,246.1195377401724,201.61361327886607,283.1031242280822,56.99300543750048
11,raw/keeper_6e87fc8bc37b4a89aeda/12-09-26_99.7wt_glycerol_D3/map-data-2026.09.12-15.32.03.517.jpk-force-map,2.7,180.0,64,214.4187361501796,179.2771046753495,270.23178057399457,75.12729537621236
11,raw/keeper_6e87fc8bc37b4a89aeda/12-09-26_99.7wt_glycerol_D3/map-data-2026.09.12-15.32.03.517.jpk-force-map,2.7,185.0,64,201.14344903469276,158.64334992982873,248.8509337924393,66.49779214843466
11,raw/keeper_6e87fc8bc37b4a89aeda/12-09-26_99.7wt_glycerol_D3/map-data-2026.09.12-15.32.03.517.jpk-force-map,2.7,190.0,64,181.2819525421287,132.23796604907852,226.61437764888635,70.16421155442787
11,raw/keeper_6e87fc8bc37b4a89aeda/12-09-26_99.7wt_glycerol_D3/map-data-2026.09.12-15.32.03.517.jpk-force-map,2.7,195.0,64,152.90610689283457,106.30389786218974,192.60260825132866,66.3364859062532
11,raw/keeper_6e87fc8bc37b4a89aeda/12-09-26_99.7wt_glycerol_D3/map-data-2026.09.12-15.32.03.517.jpk-force-map,2.7,200.0,64,136.47685825721828,79.67595283923283,160.98123183837396,63.90350535378817
11,raw/keeper_6e87fc8bc37b4a89aeda/12-09-26_99.7wt_glycerol_D3/map-data-2026.09.12-15.32.03.517.jpk-force-map,2.7,205.0,64,110.1858489508692,61.21162871157516,145.1840628109666,61.025366734161665
11,raw/keeper_6e87fc8bc37b4a89aeda/12-09-26_99.7wt_glycerol_D3/map-data-2026.09.12-15.32.03.517.jpk-force-map,2.7,210.0,64,89.79321108353352,42.62047944202621,126.05321499018862,58.860271955600986
11,raw/keeper_6e87fc8bc37b4a89aeda/12-09-26_99.7wt_glycerol_D3/map-data-2026.09.12-15.32.03.517.jpk-force-map,2.7,215.0,64,67.0054584594935,21.62888892548962,107.46728452138395,60.935342769247754
11,raw/keeper_6e87fc8bc37b4a89aeda/12-09-26_99.7wt_glycerol_D3/map-data-2026.09.12-15.32.03.517.jpk-force-map,2.7,220.0,64,52.83276956273254,11.12924169524401,82.42586320842429,50.27557192345804
11,raw/keeper_6e87fc8bc37b4a89aeda/12-09-26_99.7wt_glycerol_D3/map-data-2026.09.12-15.32.03.517.jpk-force-map,2.7,225.0,64,32.627494925918796,-5.0142734577312345,67.34745558444256,55.8100193053722
11,raw/keeper_6e87fc8bc37b4a89aeda/12-09-26_99.7wt_glycerol_D3/map-data-2026.09.12-15.32.03.517.jpk-force-map,2.7,230.0,64,10.390300928942168,-16.362671648982,44.3681398378536,46.61128951199367
11,raw/keeper_6e87fc8bc37b4a89aeda/12-09-26_99.7wt_glycerol_D3/map-data-2026.09.12-15.32.03.517.jpk-force-map,2.7,235.0,64,-4.711533311713286,-30.67178662424056,21.372181915558375,39.29598879303422
11,raw/keeper_6e87fc8bc37b4a89aeda/12-09-26_99.7wt_glycerol_D3/map-data-2026.09.12-15.32.03.517.jpk-force-map,2.7,240.0,64,-16.07047679399129,-36.7956433906393,1.6977504363305314,29.796851607866163
11,raw/keeper_6e87fc8bc37b4a89aeda/12-09-26_99.7wt_glycerol_D3/map-data-2026.09.12-15.32.03.517.jpk-force-map,2.7,245.0,64,-28.276522758942985,-46.736058844014565,-7.699686076775522,31.042498349679818
11,raw/keeper_6e87fc8bc37b4a89aeda/12-09-26_99.7wt_glycerol_D3/map-data-2026.09.12-15.32.03.517.jpk-force-map,2.7,250.0,64,-41.69225360111977,-69.2066160723554,-13.12437265206652,41.50844133540292
11,raw/keeper_6e87fc8bc37b4a89aeda/12-09-26_99.7wt_glycerol_D3/map-data-2026.09.12-15.32.03.517.jpk-force-map,2.7,255.0,64,-54.50561886408447,-88.24814784611449,-31.641820857774302,38.394029723003605
11,raw/keeper_6e87fc8bc37b4a89aeda/12-09-26_99.7wt_glycerol_D3/map-data-2026.09.12-15.32.03.517.jpk-force-map,2.7,260.0,64,-69.969671011619,-112.49264171783886,-35.133173704100436,57.86647124714914
11,raw/keeper_6e87fc8bc37b4a89aeda/12-09-26_99.7wt_glycerol_D3/map-data-2026.09.12-15.32.03.517.jpk-force-map,2.7,265.0,64,-82.02867933656051,-136.50267889518528,-42.96998998328367,63.56635148136855
11,raw/keeper_6e87fc8bc37b4a89aeda/12-09-26_99.7wt_glycerol_D3/map-data-2026.09.12-15.32.03.517.jpk-force-map,2.7,270.0,64,-107.46315918365326,-165.35379989985722,-51.24670146232462,85.48715009332274
11,raw/keeper_6e87fc8bc37b4a89aeda/12-09-26_99.7wt_glycerol_D3/map-data-2026.09.12-15.32.03.517.jpk-force-map,2.7,275.0,64,-129.88412123730538,-196.93855358568626,-75.97135813774305,86.5861547967894
11,raw/keeper_6e87fc8bc37b4a89aeda/12-09-26_99.7wt_glycerol_D3/map-data-2026.09.12-15.32.03.517.jpk-force-map,2.7,280.0,64,-149.16820298850138,-200.13409155174384,-96.41732717839639,76.55505335291637
11,raw/keeper_6e87fc8bc37b4a89aeda/12-09-26_99.7wt_glycerol_D3/map-data-2026.09.12-15.32.03.517.jpk-force-map,2.7,285.0,64,-173.07446886914832,-203.9617174098209,-130.3110605572203,51.40665610801117
11,raw/keeper_6e87fc8bc37b4a89aeda/12-09-26_99.7wt_glycerol_D3/map-data-2026.09.12-15.32.03.517.jpk-force-map,2.7,290.0,64,-188.23969082931666,-235.82401188950462,-152.04342256222463,62.00261187580671
11,raw/keeper_6e87fc8bc37b4a89aeda/12-09-26_99.7wt_glycerol_D3/map-data-2026.09.12-15.32.03.517.jpk-force-map,2.7,295.0,64,-212.17413823398158,-262.88967347010333,-158.31767191196914,77.47767003672524
11,raw/keeper_6e87fc8bc37b4a89aeda/12-09-26_99.7wt_glycerol_D3/map-data-2026.09.12-15.32.03.517.jpk-force-map,2.7,300.0,64,-247.74548410531344,-281.2474098054221,-172.60797435311775,57.69966285813534
12,raw/keeper_6e87fc8bc37b4a89aeda/12-09-26_99.7wt_glycerol_D3/map-data-2026.09.12-15.33.10.264.jpk-force-map,0.1,5.0,64,721.967122194093,171.43658553278073,1087.838280715572,767.3377978497975
12,raw/keeper_6e87fc8bc37b4a89aeda/12-09-26_99.7wt_glycerol_D3/map-data-2026.09.12-15.33.10.264.jpk-force-map,0.1,10.0,64,672.462373582019,437.5733885420117,1052.5150763939027,400.13092923703795
12,raw/keeper_6e87fc8bc37b4a89aeda/12-09-26_99.7wt_glycerol_D3/map-data-2026.09.12-15.33.10.264.jpk-force-map,0.1,15.0,64,758.6004691654027,472.60433173820337,934.6560247090827,385.3273049317656
12,raw/keeper_6e87fc8bc37b4a89aeda/12-09-26_99.7wt_glycerol_D3/map-data-2026.09.12-15.33.10.264.jpk-force-map,0.1,20.0,64,661.0904576521766,405.6223495982486,805.4665921212929,293.57497814350216
12,raw/keeper_6e87fc8bc37b4a89aeda/12-09-26_99.7wt_glycerol_D3/map-data-2026.09.12-15.33.10.264.jpk-force-map,0.1,25.0,64,541.8329081927375,354.20372592855483,659.5542415245912,214.4974115363156
12,raw/keeper_6e87fc8bc37b4a89aeda/12-09-26_99.7wt_glycerol_D3/map-data-2026.09.12-15.33.10.264.jpk-force-map,0.1,30.0,64,455.715737515194,298.1526876231897,556.7424751869344,180.1428172987561
12,raw/keeper_6e87fc8bc37b4a89aeda/12-09-26_99.7wt_glycerol_D3/map-data-2026.09.12-15.33.10.264.jpk-force-map,0.1,35.0,64,374.06912409596055,259.56416251408626,447.8934841752304,136.639552978732
12,raw/keeper_6e87fc8bc37b4a89aeda/12-09-26_99.7wt_glycerol_D3/map-data-2026.09.12-15.33.10.264.jpk-force-map,0.1,40.0,64,315.8787668246457,233.3526529390722,378.2526887324034,105.26302027738303
12,raw/keeper_6e87fc8bc37b4a89aeda/12-09-26_99.7wt_glycerol_D3/map-data-2026.09.12-15.33.10.264.jpk-force-map,0.1,45.0,64,258.73609622841076,193.43050057697914,315.1186940572368,87.74877807300678
12,raw/keeper_6e87fc8bc37b4a89aeda/12-09-26_99.7wt_glycerol_D3/map-data-2026.09.12-15.33.10.264.jpk-force-map,0.1,50.0,64,219.27652842369778,173.9855389380844,252.96399491597253,60.87732459595351
12,raw/keeper_6e87fc8bc37b4a89aeda/12-09-26_99.7wt_glycerol_D3/map-data-2026.09.12-15.33.10.264.jpk-force-map,0.1,55.0,64,182.40402783733856,152.50027472259524,230.66156590969547,64.14053980438196
12,raw/keeper_6e87fc8bc37b4a89aeda/12-09-26_99.7wt_glycerol_D3/map-data-2026.09.12-15.33.10.264.jpk-force-map,0.1,60.0,64,164.4270651448771,125.8192553244523,199.77887346490928,54.48844784990272
12,raw/keeper_6e87fc8bc37b4a89aeda/12-09-26_99.7wt_glycerol_D3/map-data-2026.09.12-15.33.10.264.jpk-force-map,0.1,65.0,64,142.34066963797022,108.81312211135223,175.83301096909406,49.824813456842115
12,raw/keeper_6e87fc8bc37b4a89aeda/12-09-26_99.7wt_glycerol_D3/map-data-2026.09.12-15.33.10.264.jpk-force-map,0.1,70.0,64,124.67816039986386,95.11988361056432,155.573253709274,44.65537456568765
12,raw/keeper_6e87fc8bc37b4a89aeda/12-09-26_99.7wt_glycerol_D3/map-data-2026.09.12-15.33.10.264.jpk-force-map,0.1,75.0,64,95.854657620082,77.40386923911716,137.61432487271713,45.327668131773486
12,raw/keeper_6e87fc8bc37b4a89aeda/12-09-26_99.7wt_glycerol_D3/map-data-2026.09.12-15.33.10.264.jpk-force-map,0.1,80.0,64,87.44364071808278,56.47704983848025,108.2517531113198,36.306333447432884
12,raw/keeper_6e87fc8bc37b4a89aeda/12-09-26_99.7wt_glycerol_D3/map-data-2026.09.12-15.33.10.264.jpk-force-map,0.1,85.0,64,79.13835837592264,52.668692124102726,99.99942917099462,34.927775471193755
12,raw/keeper_6e87fc8bc37b4a89aeda/12-09-26_99.7wt_glycerol_D3/map-data-2026.09.12-15.33.10.264.jpk-force-map,0.1,90.0,64,70.28009853397032,43.826825943535795,91.99856030461139,38.351388085052236
12,raw/keeper_6e87fc8bc37b4a89aeda/12-09-26_99.7wt_glycerol_D3/map-data-2026.09.12-15.33.10.264.jpk-force-map,0.1,95.0,64,61.75441712419577,46.16017660762567,75.14315931109583,21.82293900043386
12,raw/keeper_6e87fc8bc37b4a89aeda/12-09-26_99.7wt_glycerol_D3/map-data-2026.09.12-15.33.10.264.jpk-force-map,0.1,100.0,64,57.11646061916389,27.83315664240051,78.65699441967763,38.96834086179391
12,raw/keeper_6e87fc8bc37b4a89aeda/12-09-26_99.7wt_glycerol_D3/map-data-2026.09.12-15.33.10.264.jpk-force-map,0.1,105.0,64,51.570764137097555,35.697582862662244,69.12695066480734,25.518760503563204
12,raw/keeper_6e87fc8bc37b4a89aeda/12-09-26_99.7wt_glycerol_D3/map-data-2026.09.12-15.33.10.264.jpk-force-map,0.1,110.0,64,44.227315055871486,23.205877969365442,58.26762037375958,26.681310090312763
12,raw/keeper_6e87fc8bc37b4a89aeda/12-09-26_99.7wt_glycerol_D3/map-data-2026.09.12-15.33.10.264.jpk-force-map,0.1,115.0,64,34.705455705979176,19.225043032302757,55.294693252771495,25.67029060985576
12,raw/keeper_6e87fc8bc37b4a89aeda/12-09-26_99.7wt_glycerol_D3/map-data-2026.09.12-15.33.10.264.jpk-force-map,0.1,120.0,64,30.741950500908803,7.856283234339363,46.16704388670052,29.513098035507483
12,raw/keeper_6e87fc8bc37b4a89aeda/12-09-26_99.7wt_glycerol_D3/map-data-2026.09.12-15.33.10.264.jpk-force-map,0.1,125.0,64,25.378133366677588,6.197309315917477,39.05914496286526,27.057470253670672
12,raw/keeper_6e87fc8bc37b4a89aeda/12-09-26_99.7wt_glycerol_D3/map-data-2026.09.12-15.33.10.264.jpk-force-map,0.1,130.0,64,24.074510076062424,6.45986469620745,36.90997654598831,24.83226943359302
12,raw/keeper_6e87fc8bc37b4a89aeda/12-09-26_99.7wt_glycerol_D3/map-data-2026.09.12-15.33.10.264.jpk-force-map,0.1,135.0,64,25.66414021507343,6.604930789269805,38.923182777767884,25.76783090035577
12,raw/keeper_6e87fc8bc37b4a89aeda/12-09-26_99.7wt_glycerol_D3/map-data-2026.09.12-15.33.10.264.jpk-force-map,0.1,140.0,64,24.515175670313887,5.21653097990197,43.78409804792001,28.58949882548061
12,raw/keeper_6e87fc8bc37b4a89aeda/12-09-26_99.7wt_glycerol_D3/map-data-2026.09.12-15.33.10.264.jpk-force-map,0.1,145.0,64,20.479601312114866,10.277699090032407,37.84265079324172,24.04892584148337
12,raw/keeper_6e87fc8bc37b4a89aeda/12-09-26_99.7wt_glycerol_D3/map-data-2026.09.12-15.33.10.264.jpk-force-map,0.1,150.0,64,24.10989851539236,9.108820264340348,42.298181218933635,23.165880401190567
12,raw/keeper_6e87fc8bc37b4a89aeda/12-09-26_99.7wt_glycerol_D3/map-data-2026.09.12-15.33.10.264.jpk-force-map,0.1,155.0,64,26.17182183792756,11.179532710032305,42.93477550397613,24.45414421779811
12,raw/keeper_6e87fc8bc37b4a89aeda/12-09-26_99.7wt_glycerol_D3/map-data-2026.09.12-15.33.10.264.jpk-force-map,0.1,160.0,64,13.92654374547946,-4.369204834336819,29.677248878641578,27.141918382288086
12,raw/keeper_6e87fc8bc37b4a89aeda/12-09-26_99.7wt_glycerol_D3/map-data-2026.09.12-15.33.10.264.jpk-force-map,0.1,165.0,64,11.397164984870006,-0.030509274826342636,28.57514585104013,21.62058772541157
12,raw/keeper_6e87fc8bc37b4a89aeda/12-09-26_99.7wt_glycerol_D3/map-data-2026.09.12-15.33.10.264.jpk-force-map,0.1,170.0,64,12.221602961455073,-5.270624263803589,33.21548809355811,31.158141685784113
12,raw/keeper_6e87fc8bc37b4a89aeda/12-09-26_99.7wt_glycerol_D3/map-data-2026.09.12-15.33.10.264.jpk-force-map,0.1,175.0,64,7.307629883739436,-6.1942111707152625,22.81474956312705,21.93170465299766
12,raw/keeper_6e87fc8bc37b4a89aeda/12-09-26_99.7wt_glycerol_D3/map-data-2026.09.12-15.33.10.264.jpk-force-map,0.1,180.0,64,12.401030301322692,-4.607546635936069,23.03549655078988,20.48972460925669
12,raw/keeper_6e87fc8bc37b4a89aeda/12-09-26_99.7wt_glycerol_D3/map-data-2026.09.12-15.33.10.264.jpk-force-map,0.1,185.0,64,13.666962253232754,-2.5724628600844506,25.946717565837247,19.757325001655623
12,raw/keeper_6e87fc8bc37b4a89aeda/12-09-26_99.7wt_glycerol_D3/map-data-2026.09.12-15.33.10.264.jpk-force-map,0.1,190.0,64,15.158362964905455,-2.0999957165345533,28.460381937537555,24.639031089262915
12,raw/keeper_6e87fc8bc37b4a89aeda/12-09-26_99.7wt_glycerol_D3/map-data-2026.09.12-15.33.10.264.jpk-force-map,0.1,195.0,64,11.692863891787333,-0.5706137327792588,22.30721704886392,17.79342702981103
12,raw/keeper_6e87fc8bc37b4a89aeda/12-09-26_99.7wt_glycerol_D3/map-data-2026.09.12-15.33.10.264.jpk-force-map,0.1,200.0,64,4.1922709214923195,-6.335955455685596,24.49957725475852,23.804301375840843
12,raw/keeper_6e87fc8bc37b4a89aeda/12-09-26_99.7wt_glycerol_D3/map-data-2026.09.12-15.33.10.264.jpk-force-map,0.1,205.0,64,9.340692409776956,-9.616634428165213,24.155575447617366,24.615180265270247
12,raw/keeper_6e87fc8bc37b4a89aeda/12-09-26_99.7wt_glycerol_D3/map-data-2026.09.12-15.33.10.264.jpk-force-map,0.1,210.0,64,6.593068372341237,-9.069894637837066,21.664749542032045,22.657005508657036
12,raw/keeper_6e87fc8bc37b4a89aeda/12-09-26_99.7wt_glycerol_D3/map-data-2026.09.12-15.33.10.264.jpk-force-map,0.1,215.0,64,2.372698764937745,-16.59755910151693,16.348879104157504,21.684697561268106
12,raw/keeper_6e87fc8bc37b4a89aeda/12-09-26_99.7wt_glycerol_D3/map-data-2026.09.12-15.33.10.264.jpk-force-map,0.1,220.0,64,6.067924476520094,-9.699770752400347,22.834473316414925,24.466057348219508
12,raw/keeper_6e87fc8bc37b4a89aeda/12-09-26_99.7wt_glycerol_D3/map-data-2026.09.12-15.33.10.264.jpk-force-map,0.1,225.0,64,-2.616590719707693,-16.481287534463583,12.755709940458338,21.981248537641147
12,raw/keeper_6e87fc8bc37b4a89aeda/12-09-26_99.7wt_glycerol_D3/map-data-2026.09.12-15.33.10.264.jpk-force-map,0.1,230.0,64,-0.234332437217872,-20.979115097616233,16.78238748596226,29.030996982473695
12,raw/keeper_6e87fc8bc37b4a89aeda/12-09-26_99.7wt_glycerol_D3/map-data-2026.09.12-15.33.10.264.jpk-force-map,0.1,235.0,64,4.361939932348786,-20.797235749779468,18.180222555724548,27.66263271577178
12,raw/keeper_6e87fc8bc37b4a89aeda/12-09-26_99.7wt_glycerol_D3/map-data-2026.09.12-15.33.10.264.jpk-force-map,0.1,240.0,64,1.875388473083662,-18.223157546608213,17.506897854017247,26.11940334505481
12,raw/keeper_6e87fc8bc37b4a89aeda/12-09-26_99.7wt_glycerol_D3/map-data-2026.09.12-15.33.10.264.jpk-force-map,0.1,245.0,64,-4.177890226108579,-19.91949145130738,14.756664416206286,27.034651082205592
12,raw/keeper_6e87fc8bc37b4a89aeda/12-09-26_99.7wt_glycerol_D3/map-data-2026.09.12-15.33.10.264.jpk-force-map,0.1,250.0,64,-5.274136599540584,-19.039477388703965,8.778735259186364,20.983493161157128
12,raw/keeper_6e87fc8bc37b4a89aeda/12-09-26_99.7wt_glycerol_D3/map-data-2026.09.12-15.33.10.264.jpk-force-map,0.1,255.0,64,2.7754742090263536,-15.761457519458071,17.896899661999445,24.996007428172273
12,raw/keeper_6e87fc8bc37b4a89aeda/12-09-26_99.7wt_glycerol_D3/map-data-2026.09.12-15.33.10.264.jpk-force-map,0.1,260.0,64,-0.9015271190044576,-17.68394774021221,16.02109699837902,25.305994450604757
12,raw/keeper_6e87fc8bc37b4a89aeda/12-09-26_99.7wt_glycerol_D3/map-data-2026.09.12-15.33.10.264.jpk-force-map,0.1,265.0,64,6.004735568462311,-5.237629845766245,18.977970094220666,18.636287147705314
12,raw/keeper_6e87fc8bc37b4a89aeda/12-09-26_99.7wt_glycerol_D3/map-data-2026.09.12-15.33.10.264.jpk-force-map,0.1,270.0,64,1.6174803106003157,-11.828942050237826,13.847657016135447,19.0062573958742
12,raw/keeper_6e87fc8bc37b4a89aeda/12-09-26_99.7wt_glycerol_D3/map-data-2026.09.12-15.33.10.264.jpk-force-map,0.1,275.0,64,-0.7986587576726374,-13.732702574983598,14.519490631917202,21.650775843522002
12,raw/keeper_6e87fc8bc37b4a89aeda/12-09-26_99.7wt_glycerol_D3/map-data-2026.09.12-15.33.10.264.jpk-force-map,0.1,280.0,64,-5.407721330966303,-16.30621747902907,17.493768014050957,21.932638052907066
12,raw/keeper_6e87fc8bc37b4a89aeda/12-09-26_99.7wt_glycerol_D3/map-data-2026.09.12-15.33.10.264.jpk-force-map,0.1,285.0,64,3.187063627705424,-9.740601655364284,19.074169987937054,20.936528407837006
12,raw/keeper_6e87fc8bc37b4a89aeda/12-09-26_99.7wt_glycerol_D3/map-data-2026.09.12-15.33.10.264.jpk-force-map,0.1,290.0,64,3.284978270237491,-16.848475727765496,16.774501298171558,25.734965398292033
12,raw/keeper_6e87fc8bc37b4a89aeda/12-09-26_99.7wt_glycerol_D3/map-data-2026.09.12-15.33.10.264.jpk-force-map,0.1,295.0,64,0.33400324761926337,-16.84522019015818,9.852872141845394,24.138507669601555
12,raw/keeper_6e87fc8bc37b4a89aeda/12-09-26_99.7wt_glycerol_D3/map-data-2026.09.12-15.33.10.264.jpk-force-map,0.1,300.0,64,-2.9407196649659997,-19.83674446617762,16.41117336065705,26.661561313290346
13,raw/keeper_6e87fc8bc37b4a89aeda/12-09-26_99.7wt_glycerol_D3/map-data-2026.09.12-15.39.14.852.jpk-force-map,0.1,5.0,64,882.2687004993809,425.19170922249344,1797.3782123341377,1035.8874401574571
13,raw/keeper_6e87fc8bc37b4a89aeda/12-09-26_99.7wt_glycerol_D3/map-data-2026.09.12-15.39.14.852.jpk-force-map,0.1,10.0,64,670.0259226098988,447.18680885162496,988.3919118824747,388.74787171434
13,raw/keeper_6e87fc8bc37b4a89aeda/12-09-26_99.7wt_glycerol_D3/map-data-2026.09.12-15.39.14.852.jpk-force-map,0.1,15.0,64,719.763462870396,491.06595534357075,1016.2250602410647,407.2069111319404
13,raw/keeper_6e87fc8bc37b4a89aeda/12-09-26_99.7wt_glycerol_D3/map-data-2026.09.12-15.39.14.852.jpk-force-map,0.1,20.0,64,582.4450191484331,432.6663158786098,826.8727128093101,308.7507096914729
13,raw/keeper_6e87fc8bc37b4a89aeda/12-09-26_99.7wt_glycerol_D3/map-data-2026.09.12-15.39.14.852.jpk-force-map,0.1,25.0,64,497.1835495490763,327.61360478527615,665.882410198212,250.1217980975455
13,raw/keeper_6e87fc8bc37b4a89aeda/12-09-26_99.7wt_glycerol_D3/map-data-2026.09.12-15.39.14.852.jpk-force-map,0.1,30.0,64,413.07878157367685,310.07497993626055,550.635302015296,182.7131550167901
13,raw/keeper_6e87fc8bc37b4a89aeda/12-09-26_99.7wt_glycerol_D3/map-data-2026.09.12-15.39.14.852.jpk-force-map,0.1,35.0,64,352.23442389350896,264.30539328717725,457.51902369990455,146.41082536370837
13,raw/keeper_6e87fc8bc37b4a89aeda/12-09-26_99.7wt_glycerol_D3/map-data-2026.09.12-15.39.14.852.jpk-force-map,0.1,40.0,64,299.5813964554483,208.2438593936508,380.3938218528966,127.99447671036552
13,raw/keeper_6e87fc8bc37b4a89aeda/12-09-26_99.7wt_glycerol_D3/map-data-2026.09.12-15.39.14.852.jpk-force-map,0.1,45.0,64,254.37445451324925,178.74942593345259,333.4374384955662,114.61983853957457
13,raw/keeper_6e87fc8bc37b4a89aeda/12-09-26_99.7wt_glycerol_D3/map-data-2026.09.12-15.39.14.852.jpk-force-map,0.1,50.0,64,217.18436919208884,150.24779890241498,282.2505047274788,98.95247543423093
13,raw/keeper_6e87fc8bc37b4a89aeda/12-09-26_99.7wt_glycerol_D3/map-data-2026.09.12-15.39.14.852.jpk-force-map,0.1,55.0,64,186.92620980395915,133.77880454303667,234.16653734082072,74.21003346030886
13,raw/keeper_6e87fc8bc37b4a89aeda/12-09-26_99.7wt_glycerol_D3/map-data-2026.09.12-15.39.14.852.jpk-force-map,0.1,60.0,64,146.46418493061475,107.6451710724586,203.6654055009104,67.56149959744778
13,raw/keeper_6e87fc8bc37b4a89aeda/12-09-26_99.7wt_glycerol_D3/map-data-2026.09.12-15.39.14.852.jpk-force-map,0.1,65.0,64,142.17318755314108,101.51579728813144,176.28242426745228,57.552652372457175
13,raw/keeper_6e87fc8bc37b4a89aeda/12-09-26_99.7wt_glycerol_D3/map-data-2026.09.12-15.39.14.852.jpk-force-map,0.1,70.0,64,118.29207132179357,87.25022202193813,148.14097732586188,45.41639024944759
13,raw/keeper_6e87fc8bc37b4a89aeda/12-09-26_99.7wt_glycerol_D3/map-data-2026.09.12-15.39.14.852.jpk-force-map,0.1,75.0,64,113.43355007293536,79.31926851790567,139.86249311133068,43.36806871213843
13,raw/keeper_6e87fc8bc37b4a89aeda/12-09-26_99.7wt_glycerol_D3/map-data-2026.09.12-15.39.14.852.jpk-force-map,0.1,80.0,64,88.32720853548113,63.4993024434373,117.07129442203706,41.400191509107344
13,raw/keeper_6e87fc8bc37b4a89aeda/12-09-26_99.7wt_glycerol_D3/map-data-2026.09.12-15.39.14.852.jpk-force-map,0.1,85.0,64,75.43420271640134,55.50615408863384,101.08898222537846,36.41080054777731
13,raw/keeper_6e87fc8bc37b4a89aeda/12-09-26_99.7wt_glycerol_D3/map-data-2026.09.12-15.39.14.852.jpk-force-map,0.1,90.0,64,80.15027555637994,59.83784154428697,98.03897424578112,27.210277644049462
13,raw/keeper_6e87fc8bc37b4a89aeda/12-09-26_99.7wt_glycerol_D3/map-data-2026.09.12-15.39.14.852.jpk-force-map,0.1,95.0,64,70.95647167801837,53.946411938645525,91.1062696345443,25.8328250098141
13,raw/keeper_6e87fc8bc37b4a89aeda/12-09-26_99.7wt_glycerol_D3/map-data-2026.09.12-15.39.14.852.jpk-force-map,0.1,100.0,64,58.689672245359425,44.91213768683999,67.73329891945048,15.453811031409417
13,raw/keeper_6e87fc8bc37b4a89aeda/12-09-26_99.7wt_glycerol_D3/map-data-2026.09.12-15.39.14.852.jpk-force-map,0.1,105.0,64,47.78738211199364,33.735935068709836,61.62200869389134,20.54865161930679
13,raw/keeper_6e87fc8bc37b4a89aeda/12-09-26_99.7wt_glycerol_D3/map-data-2026.09.12-15.39.14.852.jpk-force-map,0.1,110.0,64,44.51492896354301,28.071448741134994,59.78900848018384,23.736064929856326
13,raw/keeper_6e87fc8bc37b4a89aeda/12-09-26_99.7wt_glycerol_D3/map-data-2026.09.12-15.39.14.852.jpk-force-map,0.1,115.0,64,41.5648485924807,19.72560886176052,59.844957337683006,30.218404482588717
13,raw/keeper_6e87fc8bc37b4a89aeda/12-09-26_99.7wt_glycerol_D3/map-data-2026.09.12-15.39.14.852.jpk-force-map,0.1,120.0,64,36.68889820589666,17.542551375291293,59.595390972580766,29.695798786131416
13,raw/keeper_6e87fc8bc37b4a89aeda/12-09-26_99.7wt_glycerol_D3/map-data-2026.09.12-15.39.14.852.jpk-force-map,0.1,125.0,64,35.236696486477854,15.449737722637153,52.48573588087652,26.919867456549024
13,raw/keeper_6e87fc8bc37b4a89aeda/12-09-26_99.7wt_glycerol_D3/map-data-2026.09.12-15.39.14.852.jpk-force-map,0.1,130.0,64,28.405186906810144,10.757116350762447,43.18725777044871,23.547935721866327
13,raw/keeper_6e87fc8bc37b4a89aeda/12-09-26_99.7wt_glycerol_D3/map-data-2026.09.12-15.39.14.852.jpk-force-map,0.1,135.0,64,34.47345930337965,10.504335867105876,45.79299669813621,24.528030189550623
13,raw/keeper_6e87fc8bc37b4a89aeda/12-09-26_99.7wt_glycerol_D3/map-data-2026.09.12-15.39.14.852.jpk-force-map,0.1,140.0,64,20.649817054477175,2.422633575864672,39.09605762336491,27.56492048318727
13,raw/keeper_6e87fc8bc37b4a89aeda/12-09-26_99.7wt_glycerol_D3/map-data-2026.09.12-15.39.14.852.jpk-force-map,0.1,145.0,64,23.80850034670903,6.098963915232014,38.44625066024819,23.686742113609863
13,raw/keeper_6e87fc8bc37b4a89aeda/12-09-26_99.7wt_glycerol_D3/map-data-2026.09.12-15.39.14.852.jpk-force-map,0.1,150.0,64,19.92592797222717,-0.3681822505857185,34.66204025407503,29.737531587329638
13,raw/keeper_6e87fc8bc37b4a89aeda/12-09-26_99.7wt_glycerol_D3/map-data-2026.09.12-15.39.14.852.jpk-force-map,0.1,155.0,64,12.896617560549306,-4.841406895944588,29.876747891845824,26.47517608934522
13,raw/keeper_6e87fc8bc37b4a89aeda/12-09-26_99.7wt_glycerol_D3/map-data-2026.09.12-15.39.14.852.jpk-force-map,0.1,160.0,64,13.934015742733724,-3.3427827013361733,35.252303185846,27.039907597486188
13,raw/keeper_6e87fc8bc37b4a89aeda/12-09-26_99.7wt_glycerol_D3/map-data-2026.09.12-15.39.14.852.jpk-force-map,0.1,165.0,64,17.514046782654482,-2.175568921592711,33.06395234433509,24.004564782647297
13,raw/keeper_6e87fc8bc37b4a89aeda/12-09-26_99.7wt_glycerol_D3/map-data-2026.09.12-15.39.14.852.jpk-force-map,0.1,170.0,64,12.382457997721078,-0.33458311436795707,35.734263576462936,25.159106780703485
13,raw/keeper_6e87fc8bc37b4a89aeda/12-09-26_99.7wt_glycerol_D3/map-data-2026.09.12-15.39.14.852.jpk-force-map,0.1,175.0,64,18.47359371183564,-6.093281221088269,33.50240616112914,31.482891164676783
13,raw/keeper_6e87fc8bc37b4a89aeda/12-09-26_99.7wt_glycerol_D3/map-data-2026.09.12-15.39.14.852.jpk-force-map,0.1,180.0,64,14.9224566036531,-2.2819579024756282,32.432336629523746,26.611992865487167
13,raw/keeper_6e87fc8bc37b4a89aeda/12-09-26_99.7wt_glycerol_D3/map-data-2026.09.12-15.39.14.852.jpk-force-map,0.1,185.0,64,7.616268102977415,-6.376786358649532,26.23389243153763,25.74076230298778
13,raw/keeper_6e87fc8bc37b4a89aeda/12-09-26_99.7wt_glycerol_D3/map-data-2026.09.12-15.39.14.852.jpk-force-map,0.1,190.0,64,11.01688837065545,-8.830517359901028,24.459632719539375,24.732469332793652
13,raw/keeper_6e87fc8bc37b4a89aeda/12-09-26_99.7wt_glycerol_D3/map-data-2026.09.12-15.39.14.852.jpk-force-map,0.1,195.0,64,5.1913813306003584,-9.7939576801131,13.997312340328532,18.651516304114313
13,raw/keeper_6e87fc8bc37b4a89aeda/12-09-26_99.7wt_glycerol_D3/map-data-2026.09.12-15.39.14.852.jpk-force-map,0.1,200.0,64,5.468193149112482,-9.973774359083777,30.11937242358004,31.979287974212124
13,raw/keeper_6e87fc8bc37b4a89aeda/12-09-26_99.7wt_glycerol_D3/map-data-2026.09.12-15.39.14.852.jpk-force-map,0.1,205.0,64,2.2946155652355396,-14.871685127844824,20.29005943937787,25.79249230847802
13,raw/keeper_6e87fc8bc37b4a89aeda/12-09-26_99.7wt_glycerol_D3/map-data-2026.09.12-15.39.14.852.jpk-force-map,0.1,210.0,64,8.16225406653216,-3.878082549080667,23.160872025807535,21.712134605962824
13,raw/keeper_6e87fc8bc37b4a89aeda/12-09-26_99.7wt_glycerol_D3/map-data-2026.09.12-15.39.14.852.jpk-force-map,0.1,215.0,64,2.8182352398849835,-10.146036202688602,17.19188110053504,20.95622805855083
13,raw/keeper_6e87fc8bc37b4a89aeda/12-09-26_99.7wt_glycerol_D3/map-data-2026.09.12-15.39.14.852.jpk-force-map,0.1,220.0,64,3.3609739496438698,-9.689846747175615,22.755868236636612,24.763418908726056
13,raw/keeper_6e87fc8bc37b4a89aeda/12-09-26_99.7wt_glycerol_D3/map-data-2026.09.12-15.39.14.852.jpk-force-map,0.1,225.0,64,5.298789220200128,-9.637145143471653,24.9676871138763,23.978061137862973
13,raw/keeper_6e87fc8bc37b4a89aeda/12-09-26_99.7wt_glycerol_D3/map-data-2026.09.12-15.39.14.852.jpk-force-map,0.1,230.0,64,10.487817948558563,-10.668231061897538,22.605666180937682,26.215003146265754
13,raw/keeper_6e87fc8bc37b4a89aeda/12-09-26_99.7wt_glycerol_D3/map-data-2026.09.12-15.39.14.852.jpk-force-map,0.1,235.0,64,4.810806499199171,-9.62832288507172,21.690288530434728,22.956012800582442
13,raw/keeper_6e87fc8bc37b4a89aeda/12-09-26_99.7wt_glycerol_D3/map-data-2026.09.12-15.39.14.852.jpk-force-map,0.1,240.0,64,0.5836110317748135,-16.130493002545737,20.701251235142095,27.617583888580057
13,raw/keeper_6e87fc8bc37b4a89aeda/12-09-26_99.7wt_glycerol_D3/map-data-2026.09.12-15.39.14.852.jpk-force-map,0.1,245.0,64,2.25549941108563,-11.757154546670247,19.51636808717035,23.453048252162873
13,raw/keeper_6e87fc8bc37b4a89aeda/12-09-26_99.7wt_glycerol_D3/map-data-2026.09.12-15.39.14.852.jpk-force-map,0.1,250.0,64,2.0018822625470483,-13.646799457975398,21.668460689227125,27.320050385986075
13,raw/keeper_6e87fc8bc37b4a89aeda/12-09-26_99.7wt_glycerol_D3/map-data-2026.09.12-15.39.14.852.jpk-force-map,0.1,255.0,64,4.687245178727394,-11.494069002495026,14.925157125942786,20.641254715548257
13,raw/keeper_6e87fc8bc37b4a89aeda/12-09-26_99.7wt_glycerol_D3/map-data-2026.09.12-15.39.14.852.jpk-force-map,0.1,260.0,64,1.451688123153502,-14.81851963073999,16.482165618397914,22.733937311687622
13,raw/keeper_6e87fc8bc37b4a89aeda/12-09-26_99.7wt_glycerol_D3/map-data-2026.09.12-15.39.14.852.jpk-force-map,0.1,265.0,64,3.918126490027032,-13.367088305718482,23.291159800571968,28.063184092541437
13,raw/keeper_6e87fc8bc37b4a89aeda/12-09-26_99.7wt_glycerol_D3/map-data-2026.09.12-15.39.14.852.jpk-force-map,0.1,270.0,64,-0.4119870415932537,-12.525362016191444,14.580418059652798,20.372435541734262
13,raw/keeper_6e87fc8bc37b4a89aeda/12-09-26_99.7wt_glycerol_D3/map-data-2026.09.12-15.39.14.852.jpk-force-map,0.1,275.0,64,-2.117491124742429,-15.668670555755092,15.342536928305272,23.220091285386008
13,raw/keeper_6e87fc8bc37b4a89aeda/12-09-26_99.7wt_glycerol_D3/map-data-2026.09.12-15.39.14.852.jpk-force-map,0.1,280.0,64,-4.013224636918618,-16.162518214732984,13.343479445209498,19.889450215102595
13,raw/keeper_6e87fc8bc37b4a89aeda/12-09-26_99.7wt_glycerol_D3/map-data-2026.09.12-15.39.14.852.jpk-force-map,0.1,285.0,64,-5.658074658086774,-22.154678958546306,9.754361064944696,24.532181362831437
13,raw/keeper_6e87fc8bc37b4a89aeda/12-09-26_99.7wt_glycerol_D3/map-data-2026.09.12-15.39.14.852.jpk-force-map,0.1,290.0,64,-2.166580986982172,-16.997070724187758,15.589510460656836,24.91271376786619
13,raw/keeper_6e87fc8bc37b4a89aeda/12-09-26_99.7wt_glycerol_D3/map-data-2026.09.12-15.39.14.852.jpk-force-map,0.1,295.0,64,-1.6726173546521634,-15.627756814682547,17.832120262288235,23.579990639797533
13,raw/keeper_6e87fc8bc37b4a89aeda/12-09-26_99.7wt_glycerol_D3/map-data-2026.09.12-15.39.14.852.jpk-force-map,0.1,300.0,64,-0.42326959177279727,-9.418104620813377,11.575457442668654,15.442340037790887
14,raw/keeper_6e87fc8bc37b4a89aeda/12-09-26_99.7wt_glycerol_D3/map-data-2026.09.12-15.45.19.105.jpk-force-map,2.7,5.0,64,4906.468939276361,3616.9454565898113,6237.055031396168,1947.414596150522
14,raw/keeper_6e87fc8bc37b4a89aeda/12-09-26_99.7wt_glycerol_D3/map-data-2026.09.12-15.45.19.105.jpk-force-map,2.7,10.0,64,4126.938229496502,3177.4311297806094,5155.778895587576,1513.0233706298968
14,raw/keeper_6e87fc8bc37b4a89aeda/12-09-26_99.7wt_glycerol_D3/map-data-2026.09.12-15.45.19.105.jpk-force-map,2.7,15.0,64,3538.5320807591524,2859.2152680094364,4296.876770701424,1122.7331046921254
14,raw/keeper_6e87fc8bc37b4a89aeda/12-09-26_99.7wt_glycerol_D3/map-data-2026.09.12-15.45.19.105.jpk-force-map,2.7,20.0,64,3075.7954326163367,2505.5313926216622,3681.5341795466616,893.2303562175534
14,raw/keeper_6e87fc8bc37b4a89aeda/12-09-26_99.7wt_glycerol_D3/map-data-2026.09.12-15.45.19.105.jpk-force-map,2.7,25.0,64,2755.2141949688894,2238.3589144628736,3215.0917604012348,720.5266133783296
14,raw/keeper_6e87fc8bc37b4a89aeda/12-09-26_99.7wt_glycerol_D3/map-data-2026.09.12-15.45.19.105.jpk-force-map,2.7,30.0,64,2494.589920063664,1976.205829156832,2872.8580415354095,593.8406896510162
14,raw/keeper_6e87fc8bc37b4a89aeda/12-09-26_99.7wt_glycerol_D3/map-data-2026.09.12-15.45.19.105.jpk-force-map,2.7,35.0,64,2239.5336913617875,1823.1945095842343,2541.881408415437,523.9517082539869
14,raw/keeper_6e87fc8bc37b4a89aeda/12-09-26_99.7wt_glycerol_D3/map-data-2026.09.12-15.45.19.105.jpk-force-map,2.7,40.0,64,2010.8952971081512,1688.8486616308323,2271.6676782649674,412.70237678607464
14,raw/keeper_6e87fc8bc37b4a89aeda/12-09-26_99.7wt_glycerol_D3/map-data-2026.09.12-15.45.19.105.jpk-force-map,2.7,45.0,64,1819.989014477711,1526.23741607626,2057.1222329462466,378.78436807440835
14,raw/keeper_6e87fc8bc37b4a89aeda/12-09-26_99.7wt_glycerol_D3/map-data-2026.09.12-15.45.19.105.jpk-force-map,2.7,50.0,64,1700.9189276545208,1416.6061682520794,1852.1047852811503,306.0426709237002
14,raw/keeper_6e87fc8bc37b4a89aeda/12-09-26_99.7wt_glycerol_D3/map-data-2026.09.12-15.45.19.105.jpk-force-map,2.7,55.0,64,1525.2034970945717,1281.9598084977363,1680.4121637271046,274.9110083195464
14,raw/keeper_6e87fc8bc37b4a89aeda/12-09-26_99.7wt_glycerol_D3/map-data-2026.09.12-15.45.19.105.jpk-force-map,2.7,60.0,64,1416.8719460347327,1166.0471789627927,1526.3395885974937,213.3816056344851
14,raw/keeper_6e87fc8bc37b4a89aeda/12-09-26_99.7wt_glycerol_D3/map-data-2026.09.12-15.45.19.105.jpk-force-map,2.7,65.0,64,1298.7764164057203,1093.529705995559,1415.2960007510064,192.53512575472226
14,raw/keeper_6e87fc8bc37b4a89aeda/12-09-26_99.7wt_glycerol_D3/map-data-2026.09.12-15.45.19.105.jpk-force-map,2.7,70.0,64,1196.439875720577,1048.8116000068576,1312.7181360924114,194.0988162339729
14,raw/keeper_6e87fc8bc37b4a89aeda/12-09-26_99.7wt_glycerol_D3/map-data-2026.09.12-15.45.19.105.jpk-force-map,2.7,75.0,64,1119.0531622534315,947.6798981696772,1221.538629287426,184.0199885789576
14,raw/keeper_6e87fc8bc37b4a89aeda/12-09-26_99.7wt_glycerol_D3/map-data-2026.09.12-15.45.19.105.jpk-force-map,2.7,80.0,64,1014.9773195374617,904.4565892550415,1139.2800245009419,182.25915421364783
14,raw/keeper_6e87fc8bc37b4a89aeda/12-09-26_99.7wt_glycerol_D3/map-data-2026.09.12-15.45.19.105.jpk-force-map,2.7,85.0,64,955.5544803418646,834.3940401578,1050.7296501050735,154.52526378376618
14,raw/keeper_6e87fc8bc37b4a89aeda/12-09-26_99.7wt_glycerol_D3/map-data-2026.09.12-15.45.19.105.jpk-force-map,2.7,90.0,64,890.5483692988425,773.2137408183104,970.3521744724933,130.91962920962362
14,raw/keeper_6e87fc8bc37b4a89aeda/12-09-26_99.7wt_glycerol_D3/map-data-2026.09.12-15.45.19.105.jpk-force-map,2.7,95.0,64,823.6641361252036,710.0745604776423,903.7384491374197,137.9245498956636
14,raw/keeper_6e87fc8bc37b4a89aeda/12-09-26_99.7wt_glycerol_D3/map-data-2026.09.12-15.45.19.105.jpk-force-map,2.7,100.0,64,768.8752772054986,670.938168979955,842.0282095757109,125.11727149065024
14,raw/keeper_6e87fc8bc37b4a89aeda/12-09-26_99.7wt_glycerol_D3/map-data-2026.09.12-15.45.19.105.jpk-force-map,2.7,105.0,64,699.9236699618809,637.501196639583,788.5018116912322,119.73064517854614
14,raw/keeper_6e87fc8bc37b4a89aeda/12-09-26_99.7wt_glycerol_D3/map-data-2026.09.12-15.45.19.105.jpk-force-map,2.7,110.0,64,671.0264909696888,586.7469014531744,734.0381337607452,105.12608068545833
14,raw/keeper_6e87fc8bc37b4a89aeda/12-09-26_99.7wt_glycerol_D3/map-data-2026.09.12-15.45.19.105.jpk-force-map,2.7,115.0,64,625.9109028919397,548.162899304715,684.4625005804719,100.11760415230677
14,raw/keeper_6e87fc8bc37b4a89aeda/12-09-26_99.7wt_glycerol_D3/map-data-2026.09.12-15.45.19.105.jpk-force-map,2.7,120.0,64,574.5930766309048,500.07229658568235,640.0714228707768,108.02104506660508
14,raw/keeper_6e87fc8bc37b4a89aeda/12-09-26_99.7wt_glycerol_D3/map-data-2026.09.12-15.45.19.105.jpk-force-map,2.7,125.0,64,526.7833447976295,456.22825688349974,584.3765221552337,90.98686517335832
14,raw/keeper_6e87fc8bc37b4a89aeda/12-09-26_99.7wt_glycerol_D3/map-data-2026.09.12-15.45.19.105.jpk-force-map,2.7,130.0,64,482.9949391681421,419.15666319066287,553.79331431886,103.21612340309672
14,raw/keeper_6e87fc8bc37b4a89aeda/12-09-26_99.7wt_glycerol_D3/map-data-2026.09.12-15.45.19.105.jpk-force-map,2.7,135.0,64,442.4888278542238,378.6812516792156,505.60604781271115,93.91845321935334
14,raw/keeper_6e87fc8bc37b4a89aeda/12-09-26_99.7wt_glycerol_D3/map-data-2026.09.12-15.45.19.105.jpk-force-map,2.7,140.0,64,401.93708931094295,344.01068738392524,447.2496415558192,69.49675692997383
14,raw/keeper_6e87fc8bc37b4a89aeda/12-09-26_99.7wt_glycerol_D3/map-data-2026.09.12-15.45.19.105.jpk-force-map,2.7,145.0,64,391.1172396617118,311.05664464002416,419.07433039606724,81.65193268272158
14,raw/keeper_6e87fc8bc37b4a89aeda/12-09-26_99.7wt_glycerol_D3/map-data-2026.09.12-15.45.19.105.jpk-force-map,2.7,150.0,64,359.6950723285885,288.8339721632117,397.04654284989783,77.77687383389534
14,raw/keeper_6e87fc8bc37b4a89aeda/12-09-26_99.7wt_glycerol_D3/map-data-2026.09.12-15.45.19.105.jpk-force-map,2.7,155.0,64,325.89894709129715,269.19097774560817,383.3938204672676,85.72831115404138
14,raw/keeper_6e87fc8bc37b4a89aeda/12-09-26_99.7wt_glycerol_D3/map-data-2026.09.12-15.45.19.105.jpk-force-map,2.7,160.0,64,298.9005169183788,241.0498207373933,361.47950456013405,88.9720723433147
14,raw/keeper_6e87fc8bc37b4a89aeda/12-09-26_99.7wt_glycerol_D3/map-data-2026.09.12-15.45.19.105.jpk-force-map,2.7,165.0,64,272.21900877540327,213.45721767404976,334.4356873883635,91.00700696087006
14,raw/keeper_6e87fc8bc37b4a89aeda/12-09-26_99.7wt_glycerol_D3/map-data-2026.09.12-15.45.19.105.jpk-force-map,2.7,170.0,64,239.1661401697946,181.2371371262164,306.29041332622586,92.48720727457253
14,raw/keeper_6e87fc8bc37b4a89aeda/12-09-26_99.7wt_glycerol_D3/map-data-2026.09.12-15.45.19.105.jpk-force-map,2.7,175.0,64,211.44627292259304,166.0632917191034,275.6070459346199,83.68193010602029
14,raw/keeper_6e87fc8bc37b4a89aeda/12-09-26_99.7wt_glycerol_D3/map-data-2026.09.12-15.45.19.105.jpk-force-map,2.7,180.0,64,196.31773167622293,136.47414116730755,236.52750622979966,82.16891341656557
14,raw/keeper_6e87fc8bc37b4a89aeda/12-09-26_99.7wt_glycerol_D3/map-data-2026.09.12-15.45.19.105.jpk-force-map,2.7,185.0,64,174.66234284028982,121.81176308454056,224.5227982840288,76.53265175509887
14,raw/keeper_6e87fc8bc37b4a89aeda/12-09-26_99.7wt_glycerol_D3/map-data-2026.09.12-15.45.19.105.jpk-force-map,2.7,190.0,64,158.45475241151325,107.71796091712244,199.0144599806908,74.33960410557648
14,raw/keeper_6e87fc8bc37b4a89aeda/12-09-26_99.7wt_glycerol_D3/map-data-2026.09.12-15.45.19.105.jpk-force-map,2.7,195.0,64,142.198933636811,102.22436960438847,182.892300491713,60.68153168344691
14,raw/keeper_6e87fc8bc37b4a89aeda/12-09-26_99.7wt_glycerol_D3/map-data-2026.09.12-15.45.19.105.jpk-force-map,2.7,200.0,64,132.30067449611312,86.96918545996495,172.60022070629788,62.244264199635516
14,raw/keeper_6e87fc8bc37b4a89aeda/12-09-26_99.7wt_glycerol_D3/map-data-2026.09.12-15.45.19.105.jpk-force-map,2.7,205.0,64,120.63986895175324,59.40642068278134,159.02708089310883,62.52637204057139
14,raw/keeper_6e87fc8bc37b4a89aeda/12-09-26_99.7wt_glycerol_D3/map-data-2026.09.12-15.45.19.105.jpk-force-map,2.7,210.0,64,101.43572597385798,52.24876919185301,128.87446553717058,52.57930115167361
14,raw/keeper_6e87fc8bc37b4a89aeda/12-09-26_99.7wt_glycerol_D3/map-data-2026.09.12-15.45.19.105.jpk-force-map,2.7,215.0,64,56.79589371250965,22.5651003599162,111.09233807248685,57.799438395784826
14,raw/keeper_6e87fc8bc37b4a89aeda/12-09-26_99.7wt_glycerol_D3/map-data-2026.09.12-15.45.19.105.jpk-force-map,2.7,220.0,64,36.445685523603956,8.143093612372382,93.1938147835888,67.24173643912326
14,raw/keeper_6e87fc8bc37b4a89aeda/12-09-26_99.7wt_glycerol_D3/map-data-2026.09.12-15.45.19.105.jpk-force-map,2.7,225.0,64,24.230411393527355,-12.776518872951078,48.90770123933417,50.692531488102816
14,raw/keeper_6e87fc8bc37b4a89aeda/12-09-26_99.7wt_glycerol_D3/map-data-2026.09.12-15.45.19.105.jpk-force-map,2.7,230.0,64,1.3090409028174448,-16.173295452459662,21.12061086826305,29.563722698996955
14,raw/keeper_6e87fc8bc37b4a89aeda/12-09-26_99.7wt_glycerol_D3/map-data-2026.09.12-15.45.19.105.jpk-force-map,2.7,235.0,64,-14.610471724889063,-44.31383117487222,12.992585507562776,41.67075466695934
14,raw/keeper_6e87fc8bc37b4a89aeda/12-09-26_99.7wt_glycerol_D3/map-data-2026.09.12-15.45.19.105.jpk-force-map,2.7,240.0,64,-23.905619743412736,-59.07162218933702,0.0,46.105558703363236
14,raw/keeper_6e87fc8bc37b4a89aeda/12-09-26_99.7wt_glycerol_D3/map-data-2026.09.12-15.45.19.105.jpk-force-map,2.7,245.0,64,-30.56187702380911,-69.43866217781911,-3.0863656247780398,49.98218959414291
14,raw/keeper_6e87fc8bc37b4a89aeda/12-09-26_99.7wt_glycerol_D3/map-data-2026.09.12-15.45.19.105.jpk-force-map,2.7,250.0,64,-41.00704991486083,-95.6312349615622,-7.680972948394117,57.466779580824806
14,raw/keeper_6e87fc8bc37b4a89aeda/12-09-26_99.7wt_glycerol_D3/map-data-2026.09.12-15.45.19.105.jpk-force-map,2.7,255.0,64,-54.43633307134899,-108.31465208599943,-17.113739914155286,63.60634029852435
14,raw/keeper_6e87fc8bc37b4a89aeda/12-09-26_99.7wt_glycerol_D3/map-data-2026.09.12-15.45.19.105.jpk-force-map,2.7,260.0,64,-62.36054355347019,-143.05781569830862,-34.84787097961562,76.64583877565202
14,raw/keeper_6e87fc8bc37b4a89aeda/12-09-26_99.7wt_glycerol_D3/map-data-2026.09.12-15.45.19.105.jpk-force-map,2.7,265.0,64,-77.73219807640083,-146.49326938999826,-42.08363052168019,70.15202822929817
14,raw/keeper_6e87fc8bc37b4a89aeda/12-09-26_99.7wt_glycerol_D3/map-data-2026.09.12-15.45.19.105.jpk-force-map,2.7,270.0,64,-114.63493457183382,-178.2108456966687,-59.39897353695814,84.62267439858748
14,raw/keeper_6e87fc8bc37b4a89aeda/12-09-26_99.7wt_glycerol_D3/map-data-2026.09.12-15.45.19.105.jpk-force-map,2.7,275.0,64,-131.75059633007135,-213.09713699033344,-87.49986294133718,87.76776539220917
14,raw/keeper_6e87fc8bc37b4a89aeda/12-09-26_99.7wt_glycerol_D3/map-data-2026.09.12-15.45.19.105.jpk-force-map,2.7,280.0,64,-154.16677034113582,-219.81186140668612,-95.95723604804029,90.18765378278864
14,raw/keeper_6e87fc8bc37b4a89aeda/12-09-26_99.7wt_glycerol_D3/map-data-2026.09.12-15.45.19.105.jpk-force-map,2.7,285.0,64,-173.866136090586,-214.25583501266945,-118.28747380685306,74.49852772167209
14,raw/keeper_6e87fc8bc37b4a89aeda/12-09-26_99.7wt_glycerol_D3/map-data-2026.09.12-15.45.19.105.jpk-force-map,2.7,290.0,64,-197.0301559644592,-239.64076110412572,-137.83081398167673,82.53470792830178
14,raw/keeper_6e87fc8bc37b4a89aeda/12-09-26_99.7wt_glycerol_D3/map-data-2026.09.12-15.45.19.105.jpk-force-map,2.7,295.0,64,-215.02446495653652,-257.5814986923765,-162.40526031758478,69.52006736454544
14,raw/keeper_6e87fc8bc37b4a89aeda/12-09-26_99.7wt_glycerol_D3/map-data-2026.09.12-15.45.19.105.jpk-force-map,2.7,300.0,64,-235.3955814836602,-280.2385327834925,-172.60524897939547,84.44832512083671
15,raw/keeper_6e87fc8bc37b4a89aeda/12-09-26_99.7wt_glycerol_D3/map-data-2026.09.12-15.46.27.970.jpk-force-map,0.9,5.0,64,2729.629330822261,1969.259133189314,4158.081108151718,1397.0850310292883
15,raw/keeper_6e87fc8bc37b4a89aeda/12-09-26_99.7wt_glycerol_D3/map-data-2026.09.12-15.46.27.970.jpk-force-map,0.9,10.0,64,2274.0666284260283,1694.1465561994755,3290.678799425141,1139.47557255063
15,raw/keeper_6e87fc8bc37b4a89aeda/12-09-26_99.7wt_glycerol_D3/map-data-2026.09.12-15.46.27.970.jpk-force-map,0.9,15.0,64,1966.376574159307,1484.9902102052577,2679.6428537662714,952.105660824321
15,raw/keeper_6e87fc8bc37b4a89aeda/12-09-26_99.7wt_glycerol_D3/map-data-2026.09.12-15.46.27.970.jpk-force-map,0.9,20.0,64,1726.4727606462486,1316.8966476043213,2178.93624094349,658.300697855856
15,raw/keeper_6e87fc8bc37b4a89aeda/12-09-26_99.7wt_glycerol_D3/map-data-2026.09.12-15.46.27.970.jpk-force-map,0.9,25.0,64,1475.9661498920493,1174.7461991115656,1832.6313853201086,520.3031462620437
15,raw/keeper_6e87fc8bc37b4a89aeda/12-09-26_99.7wt_glycerol_D3/map-data-2026.09.12-15.46.27.970.jpk-force-map,0.9,30.0,64,1316.517654980765,1077.5304368383865,1602.2321511278128,410.0175502002515
15,raw/keeper_6e87fc8bc37b4a89aeda/12-09-26_99.7wt_glycerol_D3/map-data-2026.09.12-15.46.27.970.jpk-force-map,0.9,35.0,64,1209.7744252178466,967.4602298849542,1421.710138812123,342.26448255304723
15,raw/keeper_6e87fc8bc37b4a89aeda/12-09-26_99.7wt_glycerol_D3/map-data-2026.09.12-15.46.27.970.jpk-force-map,0.9,40.0,64,1040.8717165548862,856.6459876216413,1262.756336508508,316.63491765501203
15,raw/keeper_6e87fc8bc37b4a89aeda/12-09-26_99.7wt_glycerol_D3/map-data-2026.09.12-15.46.27.970.jpk-force-map,0.9,45.0,64,955.1656382673793,773.8481316097079,1113.8672068188419,246.35378548039813
15,raw/keeper_6e87fc8bc37b4a89aeda/12-09-26_99.7wt_glycerol_D3/map-data-2026.09.12-15.46.27.970.jpk-force-map,0.9,50.0,64,855.5544878717419,702.7793397423393,992.7652172031096,212.8493957442281
15,raw/keeper_6e87fc8bc37b4a89aeda/12-09-26_99.7wt_glycerol_D3/map-data-2026.09.12-15.46.27.970.jpk-force-map,0.9,55.0,64,762.0620251446248,659.402349571508,877.4529485651865,169.7977250381005
15,raw/keeper_6e87fc8bc37b4a89aeda/12-09-26_99.7wt_glycerol_D3/map-data-2026.09.12-15.46.27.970.jpk-force-map,0.9,60.0,64,717.0571253455133,568.0939052529021,812.5348115918505,164.4456345226346
15,raw/keeper_6e87fc8bc37b4a89aeda/12-09-26_99.7wt_glycerol_D3/map-data-2026.09.12-15.46.27.970.jpk-force-map,0.9,65.0,64,645.0013257164796,541.797884241078,732.1793626119361,148.83486492756748
15,raw/keeper_6e87fc8bc37b4a89aeda/12-09-26_99.7wt_glycerol_D3/map-data-2026.09.12-15.46.27.970.jpk-force-map,0.9,70.0,64,600.8991127698725,499.4895884892726,676.2130676900811,130.10194632612178
15,raw/keeper_6e87fc8bc37b4a89aeda/12-09-26_99.7wt_glycerol_D3/map-data-2026.09.12-15.46.27.970.jpk-force-map,0.9,75.0,64,571.8792836763869,464.39584572412656,627.1599441538241,111.6355133987125
15,raw/keeper_6e87fc8bc37b4a89aeda/12-09-26_99.7wt_glycerol_D3/map-data-2026.09.12-15.46.27.970.jpk-force-map,0.9,80.0,64,523.9455928997236,455.9464250757005,568.8897972177983,72.4771028396433
15,raw/keeper_6e87fc8bc37b4a89aeda/12-09-26_99.7wt_glycerol_D3/map-data-2026.09.12-15.46.27.970.jpk-force-map,0.9,85.0,64,481.206414734106,419.61316743098405,540.4238237080369,89.61258118617883
15,raw/keeper_6e87fc8bc37b4a89aeda/12-09-26_99.7wt_glycerol_D3/map-data-2026.09.12-15.46.27.970.jpk-force-map,0.9,90.0,64,439.377411985874,349.365094109197,503.09600346629117,110.35361143937855
15,raw/keeper_6e87fc8bc37b4a89aeda/12-09-26_99.7wt_glycerol_D3/map-data-2026.09.12-15.46.27.970.jpk-force-map,0.9,95.0,64,409.2474362845927,352.0423223232651,456.2306840400372,74.90720950291296
15,raw/keeper_6e87fc8bc37b4a89aeda/12-09-26_99.7wt_glycerol_D3/map-data-2026.09.12-15.46.27.970.jpk-force-map,0.9,100.0,64,383.001905099013,330.7734975138724,422.75756114974996,71.08277531757831
15,raw/keeper_6e87fc8bc37b4a89aeda/12-09-26_99.7wt_glycerol_D3/map-data-2026.09.12-15.46.27.970.jpk-force-map,0.9,105.0,64,366.11918409779366,308.71148126186984,416.1336024472911,79.73372218010977
15,raw/keeper_6e87fc8bc37b4a89aeda/12-09-26_99.7wt_glycerol_D3/map-data-2026.09.12-15.46.27.970.jpk-force-map,0.9,110.0,64,328.4374049084379,270.5327811197657,373.9673574814522,78.17521452666736
15,raw/keeper_6e87fc8bc37b4a89aeda/12-09-26_99.7wt_glycerol_D3/map-data-2026.09.12-15.46.27.970.jpk-force-map,0.9,115.0,64,297.7309588202095,255.5099661494215,357.70656013651717,68.92080005976709
15,raw/keeper_6e87fc8bc37b4a89aeda/12-09-26_99.7wt_glycerol_D3/map-data-2026.09.12-15.46.27.970.jpk-force-map,0.9,120.0,64,283.61652168032333,244.75911235955218,337.44589994133037,75.85664915252816
15,raw/keeper_6e87fc8bc37b4a89aeda/12-09-26_99.7wt_glycerol_D3/map-data-2026.09.12-15.46.27.970.jpk-force-map,0.9,125.0,64,272.401998153873,212.4344652691912,313.0032158984943,68.52373665108031
15,raw/keeper_6e87fc8bc37b4a89aeda/12-09-26_99.7wt_glycerol_D3/map-data-2026.09.12-15.46.27.970.jpk-force-map,0.9,130.0,64,254.06319860982524,223.3561063843608,297.4113031327324,59.550152741024846
15,raw/keeper_6e87fc8bc37b4a89aeda/12-09-26_99.7wt_glycerol_D3/map-data-2026.09.12-15.46.27.970.jpk-force-map,0.9,135.0,64,248.40277134949787,193.9834035224715,276.3772746539539,65.94686513368352
15,raw/keeper_6e87fc8bc37b4a89aeda/12-09-26_99.7wt_glycerol_D3/map-data-2026.09.12-15.46.27.970.jpk-force-map,0.9,140.0,64,218.2860166101022,174.77353643137886,255.1003896967434,62.02287647909342
15,raw/keeper_6e87fc8bc37b4a89aeda/12-09-26_99.7wt_glycerol_D3/map-data-2026.09.12-15.46.27.970.jpk-force-map,0.9,145.0,64,206.4166412798133,179.36594026134833,237.93228313293258,43.114994521005535
15,raw/keeper_6e87fc8bc37b4a89aeda/12-09-26_99.7wt_glycerol_D3/map-data-2026.09.12-15.46.27.970.jpk-force-map,0.9,150.0,64,180.94794929451206,149.03694600788387,216.1996063431227,52.83726341075157
15,raw/keeper_6e87fc8bc37b4a89aeda/12-09-26_99.7wt_glycerol_D3/map-data-2026.09.12-15.46.27.970.jpk-force-map,0.9,155.0,64,182.85927293843218,141.5843908558636,242.47997923652616,67.38847673009091
15,raw/keeper_6e87fc8bc37b4a89aeda/12-09-26_99.7wt_glycerol_D3/map-data-2026.09.12-15.46.27.970.jpk-force-map,0.9,160.0,64,168.7528213920676,138.76848336678648,226.10503098007774,61.16026758417765
15,raw/keeper_6e87fc8bc37b4a89aeda/12-09-26_99.7wt_glycerol_D3/map-data-2026.09.12-15.46.27.970.jpk-force-map,0.9,165.0,64,175.61163441181742,114.01168550583466,212.26397616107502,85.04936097281178
15,raw/keeper_6e87fc8bc37b4a89aeda/12-09-26_99.7wt_glycerol_D3/map-data-2026.09.12-15.46.27.970.jpk-force-map,0.9,170.0,64,158.06867712980448,135.9377809917932,212.49651101136794,76.34877197301275
15,raw/keeper_6e87fc8bc37b4a89aeda/12-09-26_99.7wt_glycerol_D3/map-data-2026.09.12-15.46.27.970.jpk-force-map,0.9,175.0,64,143.69031778086344,108.86524384830783,174.5738634581509,49.89157611349713
15,raw/keeper_6e87fc8bc37b4a89aeda/12-09-26_99.7wt_glycerol_D3/map-data-2026.09.12-15.46.27.970.jpk-force-map,0.9,180.0,64,135.6806349398924,97.91051719318284,175.7488805875758,60.798427740481
15,raw/keeper_6e87fc8bc37b4a89aeda/12-09-26_99.7wt_glycerol_D3/map-data-2026.09.12-15.46.27.970.jpk-force-map,0.9,185.0,64,124.65267939813674,96.94833601219605,164.6737487438558,51.37361866386073
15,raw/keeper_6e87fc8bc37b4a89aeda/12-09-26_99.7wt_glycerol_D3/map-data-2026.09.12-15.46.27.970.jpk-force-map,0.9,190.0,64,111.35073497980179,91.90169770604068,140.58998565123676,34.86292874066907
15,raw/keeper_6e87fc8bc37b4a89aeda/12-09-26_99.7wt_glycerol_D3/map-data-2026.09.12-15.46.27.970.jpk-force-map,0.9,195.0,64,111.6326661933289,80.08303586488846,163.431549909617,64.29003116876434
15,raw/keeper_6e87fc8bc37b4a89aeda/12-09-26_99.7wt_glycerol_D3/map-data-2026.09.12-15.46.27.970.jpk-force-map,0.9,200.0,64,110.51014357234075,74.59320540221466,155.83103761459574,58.27873924909234
15,raw/keeper_6e87fc8bc37b4a89aeda/12-09-26_99.7wt_glycerol_D3/map-data-2026.09.12-15.46.27.970.jpk-force-map,0.9,205.0,64,98.34901242903054,48.17525498062603,139.52719758924033,68.00609271202855
15,raw/keeper_6e87fc8bc37b4a89aeda/12-09-26_99.7wt_glycerol_D3/map-data-2026.09.12-15.46.27.970.jpk-force-map,0.9,210.0,64,89.46522188248633,59.8520151444048,125.44823172679472,53.153685979929726
15,raw/keeper_6e87fc8bc37b4a89aeda/12-09-26_99.7wt_glycerol_D3/map-data-2026.09.12-15.46.27.970.jpk-force-map,0.9,215.0,64,86.14753912758864,40.87414445591235,116.42426253550353,56.745261451107744
15,raw/keeper_6e87fc8bc37b4a89aeda/12-09-26_99.7wt_glycerol_D3/map-data-2026.09.12-15.46.27.970.jpk-force-map,0.9,220.0,64,77.35538409506148,32.16751976891258,110.73984535937558,56.15449299813028
15,raw/keeper_6e87fc8bc37b4a89aeda/12-09-26_99.7wt_glycerol_D3/map-data-2026.09.12-15.46.27.970.jpk-force-map,0.9,225.0,64,89.5375726851833,49.102569602354045,109.77153415846871,41.05606170052387
15,raw/keeper_6e87fc8bc37b4a89aeda/12-09-26_99.7wt_glycerol_D3/map-data-2026.09.12-15.46.27.970.jpk-force-map,0.9,230.0,64,76.82444153174612,40.396549633536004,113.95791529055006,54.81182179208704
15,raw/keeper_6e87fc8bc37b4a89aeda/12-09-26_99.7wt_glycerol_D3/map-data-2026.09.12-15.46.27.970.jpk-force-map,0.9,235.0,64,71.76589938960788,46.2987481930973,97.33164450113043,38.12530880181515
15,raw/keeper_6e87fc8bc37b4a89aeda/12-09-26_99.7wt_glycerol_D3/map-data-2026.09.12-15.46.27.970.jpk-force-map,0.9,240.0,64,57.49991821669124,21.32248733513896,97.24295802372228,57.50748072948565
15,raw/keeper_6e87fc8bc37b4a89aeda/12-09-26_99.7wt_glycerol_D3/map-data-2026.09.12-15.46.27.970.jpk-force-map,0.9,245.0,64,42.03477260614271,20.985833268097096,73.76488231840915,41.840166750455474
15,raw/keeper_6e87fc8bc37b4a89aeda/12-09-26_99.7wt_glycerol_D3/map-data-2026.09.12-15.46.27.970.jpk-force-map,0.9,250.0,64,41.422251075008745,18.701083721413042,73.23034458124754,42.98596426515701
15,raw/keeper_6e87fc8bc37b4a89aeda/12-09-26_99.7wt_glycerol_D3/map-data-2026.09.12-15.46.27.970.jpk-force-map,0.9,255.0,64,26.17632823095167,4.430546452605211,62.88641642463135,46.478918666991945
15,raw/keeper_6e87fc8bc37b4a89aeda/12-09-26_99.7wt_glycerol_D3/map-data-2026.09.12-15.46.27.970.jpk-force-map,0.9,260.0,64,27.785491595604583,1.6805863805514731,58.91945687049988,43.58098214403443
15,raw/keeper_6e87fc8bc37b4a89aeda/12-09-26_99.7wt_glycerol_D3/map-data-2026.09.12-15.46.27.970.jpk-force-map,0.9,265.0,64,19.019894460197285,-8.386703917579604,51.24706594999562,42.86766810825787
15,raw/keeper_6e87fc8bc37b4a89aeda/12-09-26_99.7wt_glycerol_D3/map-data-2026.09.12-15.46.27.970.jpk-force-map,0.9,270.0,64,12.957288190151257,-19.24531351709714,50.40002973780928,52.988523322335524
15,raw/keeper_6e87fc8bc37b4a89aeda/12-09-26_99.7wt_glycerol_D3/map-data-2026.09.12-15.46.27.970.jpk-force-map,0.9,275.0,64,8.405251369748171,-16.07760087119614,41.96209873482901,46.04999684561719
15,raw/keeper_6e87fc8bc37b4a89aeda/12-09-26_99.7wt_glycerol_D3/map-data-2026.09.12-15.46.27.970.jpk-force-map,0.9,280.0,64,-0.5767189012689111,-25.541978858608783,40.74574538998666,47.19117648708123
15,raw/keeper_6e87fc8bc37b4a89aeda/12-09-26_99.7wt_glycerol_D3/map-data-2026.09.12-15.46.27.970.jpk-force-map,0.9,285.0,64,3.5880332010612617,-21.412515789879336,29.349707003373833,38.760880450426626
15,raw/keeper_6e87fc8bc37b4a89aeda/12-09-26_99.7wt_glycerol_D3/map-data-2026.09.12-15.46.27.970.jpk-force-map,0.9,290.0,64,-12.086643117452624,-34.46312110761882,10.52634595214634,33.38093531661604
15,raw/keeper_6e87fc8bc37b4a89aeda/12-09-26_99.7wt_glycerol_D3/map-data-2026.09.12-15.46.27.970.jpk-force-map,0.9,295.0,64,-10.881829120923463,-50.09898777298286,19.267779211728012,57.62838058086883
15,raw/keeper_6e87fc8bc37b4a89aeda/12-09-26_99.7wt_glycerol_D3/map-data-2026.09.12-15.46.27.970.jpk-force-map,0.9,300.0,64,-14.973020984195806,-36.67433526667676,36.399644103706294,44.030193131851654
16,raw/keeper_6e87fc8bc37b4a89aeda/12-09-26_99.7wt_glycerol_D3/map-data-2026.09.12-15.47.59.314.jpk-force-map,0.3,5.0,64,1714.7896219482286,1056.9656779522265,2499.5729304198,1104.7457024233124
16,raw/keeper_6e87fc8bc37b4a89aeda/12-09-26_99.7wt_glycerol_D3/map-data-2026.09.12-15.47.59.314.jpk-force-map,0.3,10.0,64,1290.829773364212,876.9870173482852,1894.1167608402332,715.7497919647113
16,raw/keeper_6e87fc8bc37b4a89aeda/12-09-26_99.7wt_glycerol_D3/map-data-2026.09.12-15.47.59.314.jpk-force-map,0.3,15.0,64,1109.7673086705204,790.3317303273581,1542.9901640875219,541.7049253982431
16,raw/keeper_6e87fc8bc37b4a89aeda/12-09-26_99.7wt_glycerol_D3/map-data-2026.09.12-15.47.59.314.jpk-force-map,0.3,20.0,64,971.0736198305852,703.4232237808072,1243.691154455191,405.90302514843836
16,raw/keeper_6e87fc8bc37b4a89aeda/12-09-26_99.7wt_glycerol_D3/map-data-2026.09.12-15.47.59.314.jpk-force-map,0.3,25.0,64,821.0683709056046,607.0301184649124,1059.5631082177758,344.37880528918754
16,raw/keeper_6e87fc8bc37b4a89aeda/12-09-26_99.7wt_glycerol_D3/map-data-2026.09.12-15.47.59.314.jpk-force-map,0.3,30.0,64,672.5516233585536,523.7177632539084,909.4303383108013,292.10020628716984
16,raw/keeper_6e87fc8bc37b4a89aeda/12-09-26_99.7wt_glycerol_D3/map-data-2026.09.12-15.47.59.314.jpk-force-map,0.3,35.0,64,602.2971549349014,465.93931846989074,739.8086694329606,206.41709133924982
16,raw/keeper_6e87fc8bc37b4a89aeda/12-09-26_99.7wt_glycerol_D3/map-data-2026.09.12-15.47.59.314.jpk-force-map,0.3,40.0,64,518.6264255051904,424.9040538957683,650.6895700131552,162.62904179433747
16,raw/keeper_6e87fc8bc37b4a89aeda/12-09-26_99.7wt_glycerol_D3/map-data-2026.09.12-15.47.59.314.jpk-force-map,0.3,45.0,64,467.01298317534145,372.38139707058065,575.0292523997564,151.51232256674254
16,raw/keeper_6e87fc8bc37b4a89aeda/12-09-26_99.7wt_glycerol_D3/map-data-2026.09.12-15.47.59.314.jpk-force-map,0.3,50.0,64,416.9912419371804,336.53508667052773,497.6130568503112,121.04742681869443
16,raw/keeper_6e87fc8bc37b4a89aeda/12-09-26_99.7wt_glycerol_D3/map-data-2026.09.12-15.47.59.314.jpk-force-map,0.3,55.0,64,390.82089461755714,315.5152069404339,448.59703650219905,98.98099325777163
16,raw/keeper_6e87fc8bc37b4a89aeda/12-09-26_99.7wt_glycerol_D3/map-data-2026.09.12-15.47.59.314.jpk-force-map,0.3,60.0,64,334.94940790922317,287.67862080039913,377.67416396039874,69.16481044652424
16,raw/keeper_6e87fc8bc37b4a89aeda/12-09-26_99.7wt_glycerol_D3/map-data-2026.09.12-15.47.59.314.jpk-force-map,0.3,65.0,64,299.3782442817282,255.95858420195333,350.8290836912463,65.05323297336908
16,raw/keeper_6e87fc8bc37b4a89aeda/12-09-26_99.7wt_glycerol_D3/map-data-2026.09.12-15.47.59.314.jpk-force-map,0.3,70.0,64,266.15423214695346,228.47527773704934,313.166017630274,65.2936817025731
16,raw/keeper_6e87fc8bc37b4a89aeda/12-09-26_99.7wt_glycerol_D3/map-data-2026.09.12-15.47.59.314.jpk-force-map,0.3,75.0,64,242.41998787940574,209.0941759948762,281.4958992751349,57.12712026654027
16,raw/keeper_6e87fc8bc37b4a89aeda/12-09-26_99.7wt_glycerol_D3/map-data-2026.09.12-15.47.59.314.jpk-force-map,0.3,80.0,64,223.83625262043515,176.46644912225747,266.35793105218346,67.84979735357469
16,raw/keeper_6e87fc8bc37b4a89aeda/12-09-26_99.7wt_glycerol_D3/map-data-2026.09.12-15.47.59.314.jpk-force-map,0.3,85.0,64,197.31119252643174,175.68236987142762,230.90901161926,34.77604885965897
16,raw/keeper_6e87fc8bc37b4a89aeda/12-09-26_99.7wt_glycerol_D3/map-data-2026.09.12-15.47.59.314.jpk-force-map,0.3,90.0,64,186.14647126993952,143.57924016312487,216.84109636029103,56.35760573098043
16,raw/keeper_6e87fc8bc37b4a89aeda/12-09-26_99.7wt_glycerol_D3/map-data-2026.09.12-15.47.59.314.jpk-force-map,0.3,95.0,64,174.62002913521215,150.3057193068648,199.46992046086507,36.862492414300725
16,raw/keeper_6e87fc8bc37b4a89aeda/12-09-26_99.7wt_glycerol_D3/map-data-2026.09.12-15.47.59.314.jpk-force-map,0.3,100.0,64,161.92235557254878,137.0518127068109,192.52678653194897,43.60719103095247
16,raw/keeper_6e87fc8bc37b4a89aeda/12-09-26_99.7wt_glycerol_D3/map-data-2026.09.12-15.47.59.314.jpk-force-map,0.3,105.0,64,143.0822032370214,127.90053791260505,170.02826315866696,28.944976811900812
16,raw/keeper_6e87fc8bc37b4a89aeda/12-09-26_99.7wt_glycerol_D3/map-data-2026.09.12-15.47.59.314.jpk-force-map,0.3,110.0,64,138.44355089189003,109.10285667456209,166.93739942467593,44.02631215328333
16,raw/keeper_6e87fc8bc37b4a89aeda/12-09-26_99.7wt_glycerol_D3/map-data-2026.09.12-15.47.59.314.jpk-force-map,0.3,115.0,64,119.02454243193444,98.48645741624365,147.79628796243435,37.058899405698554
16,raw/keeper_6e87fc8bc37b4a89aeda/12-09-26_99.7wt_glycerol_D3/map-data-2026.09.12-15.47.59.314.jpk-force-map,0.3,120.0,64,110.03612735618842,87.04344153912326,142.7154706533132,43.74371304923108
16,raw/keeper_6e87fc8bc37b4a89aeda/12-09-26_99.7wt_glycerol_D3/map-data-2026.09.12-15.47.59.314.jpk-force-map,0.3,125.0,64,109.64986983064549,77.7475976805034,129.77174306128856,43.003944494984644
16,raw/keeper_6e87fc8bc37b4a89aeda/12-09-26_99.7wt_glycerol_D3/map-data-2026.09.12-15.47.59.314.jpk-force-map,0.3,130.0,64,91.82279440908003,67.86793569483325,123.86403576760625,42.53115287787843
16,raw/keeper_6e87fc8bc37b4a89aeda/12-09-26_99.7wt_glycerol_D3/map-data-2026.09.12-15.47.59.314.jpk-force-map,0.3,135.0,64,96.70189264372641,68.25379559746665,116.4246104555556,35.10295989623577
16,raw/keeper_6e87fc8bc37b4a89aeda/12-09-26_99.7wt_glycerol_D3/map-data-2026.09.12-15.47.59.314.jpk-force-map,0.3,140.0,64,86.50215249624189,62.03180052565041,103.11719043834313,30.294402885718707
16,raw/keeper_6e87fc8bc37b4a89aeda/12-09-26_99.7wt_glycerol_D3/map-data-2026.09.12-15.47.59.314.jpk-force-map,0.3,145.0,64,83.00000584456228,60.85184624504504,100.4622622426956,32.00684783468764
16,raw/keeper_6e87fc8bc37b4a89aeda/12-09-26_99.7wt_glycerol_D3/map-data-2026.09.12-15.47.59.314.jpk-force-map,0.3,150.0,64,84.2887017082925,52.619063814169586,106.80272409139872,37.13325207739986
16,raw/keeper_6e87fc8bc37b4a89aeda/12-09-26_99.7wt_glycerol_D3/map-data-2026.09.12-15.47.59.314.jpk-force-map,0.3,155.0,64,76.76633888346346,58.146751291765696,103.58029687579737,32.98050675562523
16,raw/keeper_6e87fc8bc37b4a89aeda/12-09-26_99.7wt_glycerol_D3/map-data-2026.09.12-15.47.59.314.jpk-force-map,0.3,160.0,64,66.54289046973744,44.05295740815805,91.82962855290805,34.59526403516543
16,raw/keeper_6e87fc8bc37b4a89aeda/12-09-26_99.7wt_glycerol_D3/map-data-2026.09.12-15.47.59.314.jpk-force-map,0.3,165.0,64,68.96081884112422,40.08479670147258,92.6268956303837,40.88770583271205
16,raw/keeper_6e87fc8bc37b4a89aeda/12-09-26_99.7wt_glycerol_D3/map-data-2026.09.12-15.47.59.314.jpk-force-map,0.3,170.0,64,53.71933611960621,33.77209390243377,84.62205053486525,41.8674809793743
16,raw/keeper_6e87fc8bc37b4a89aeda/12-09-26_99.7wt_glycerol_D3/map-data-2026.09.12-15.47.59.314.jpk-force-map,0.3,175.0,64,53.4061915073428,35.665110324699015,87.80893191873385,34.67411176432831
16,raw/keeper_6e87fc8bc37b4a89aeda/12-09-26_99.7wt_glycerol_D3/map-data-2026.09.12-15.47.59.314.jpk-force-map,0.3,180.0,64,52.081212552730705,28.002908491364597,73.55658589823537,32.92091654037133
16,raw/keeper_6e87fc8bc37b4a89aeda/12-09-26_99.7wt_glycerol_D3/map-data-2026.09.12-15.47.59.314.jpk-force-map,0.3,185.0,64,52.78888193362101,31.354463748236263,79.8988287662458,37.88866736170337
16,raw/keeper_6e87fc8bc37b4a89aeda/12-09-26_99.7wt_glycerol_D3/map-data-2026.09.12-15.47.59.314.jpk-force-map,0.3,190.0,64,55.53393798973812,25.430139130281397,70.45132490124034,32.521838952936044
16,raw/keeper_6e87fc8bc37b4a89aeda/12-09-26_99.7wt_glycerol_D3/map-data-2026.09.12-15.47.59.314.jpk-force-map,0.3,195.0,64,48.246967929898105,16.65168552066073,78.89180731791302,47.076613929825605
16,raw/keeper_6e87fc8bc37b4a89aeda/12-09-26_99.7wt_glycerol_D3/map-data-2026.09.12-15.47.59.314.jpk-force-map,0.3,200.0,64,45.026040084032466,16.944029484245508,77.26494973359613,45.714464141460645
16,raw/keeper_6e87fc8bc37b4a89aeda/12-09-26_99.7wt_glycerol_D3/map-data-2026.09.12-15.47.59.314.jpk-force-map,0.3,205.0,64,49.56096255151729,33.86943696202793,70.6806704844146,29.312318802437726
16,raw/keeper_6e87fc8bc37b4a89aeda/12-09-26_99.7wt_glycerol_D3/map-data-2026.09.12-15.47.59.314.jpk-force-map,0.3,210.0,64,34.34578921279795,17.780727500673983,67.45377001102841,31.9415344042053
16,raw/keeper_6e87fc8bc37b4a89aeda/12-09-26_99.7wt_glycerol_D3/map-data-2026.09.12-15.47.59.314.jpk-force-map,0.3,215.0,64,33.424447218585215,17.46848582378093,60.12089935607324,25.89185027247746
16,raw/keeper_6e87fc8bc37b4a89aeda/12-09-26_99.7wt_glycerol_D3/map-data-2026.09.12-15.47.59.314.jpk-force-map,0.3,220.0,64,32.213188417327785,7.2760022944667035,55.958135368308035,36.0520556616732
16,raw/keeper_6e87fc8bc37b4a89aeda/12-09-26_99.7wt_glycerol_D3/map-data-2026.09.12-15.47.59.314.jpk-force-map,0.3,225.0,64,35.21100010567338,14.48086322260055,64.89382398891605,40.673588806203966
16,raw/keeper_6e87fc8bc37b4a89aeda/12-09-26_99.7wt_glycerol_D3/map-data-2026.09.12-15.47.59.314.jpk-force-map,0.3,230.0,64,24.97466208249081,9.059904362129611,57.34659316435011,30.041598889285574
16,raw/keeper_6e87fc8bc37b4a89aeda/12-09-26_99.7wt_glycerol_D3/map-data-2026.09.12-15.47.59.314.jpk-force-map,0.3,235.0,64,32.50800924031409,8.396487098021819,60.4153556913859,38.83746836928135
16,raw/keeper_6e87fc8bc37b4a89aeda/12-09-26_99.7wt_glycerol_D3/map-data-2026.09.12-15.47.59.314.jpk-force-map,0.3,240.0,64,30.550561338386387,9.726328649519221,46.20109863250472,27.360505903097067
16,raw/keeper_6e87fc8bc37b4a89aeda/12-09-26_99.7wt_glycerol_D3/map-data-2026.09.12-15.47.59.314.jpk-force-map,0.3,245.0,64,26.72933886598437,0.7391395777589356,46.68185787057393,36.78143400114804
16,raw/keeper_6e87fc8bc37b4a89aeda/12-09-26_99.7wt_glycerol_D3/map-data-2026.09.12-15.47.59.314.jpk-force-map,0.3,250.0,64,13.154857075459816,-5.887834431795502,35.534010736486614,30.610063997069087
16,raw/keeper_6e87fc8bc37b4a89aeda/12-09-26_99.7wt_glycerol_D3/map-data-2026.09.12-15.47.59.314.jpk-force-map,0.3,255.0,64,21.740430436630866,-1.068371350410641,41.23738127150547,32.333292171305814
16,raw/keeper_6e87fc8bc37b4a89aeda/12-09-26_99.7wt_glycerol_D3/map-data-2026.09.12-15.47.59.314.jpk-force-map,0.3,260.0,64,20.60563120817837,-0.7543155189670757,33.44349998320566,24.567699685685845
16,raw/keeper_6e87fc8bc37b4a89aeda/12-09-26_99.7wt_glycerol_D3/map-data-2026.09.12-15.47.59.314.jpk-force-map,0.3,265.0,64,22.205549840084785,-1.0172022516914885,43.60053708651009,32.24164703812757
16,raw/keeper_6e87fc8bc37b4a89aeda/12-09-26_99.7wt_glycerol_D3/map-data-2026.09.12-15.47.59.314.jpk-force-map,0.3,270.0,64,12.887555071638307,-9.921586351644136,35.71129256937788,33.885364278006406
16,raw/keeper_6e87fc8bc37b4a89aeda/12-09-26_99.7wt_glycerol_D3/map-data-2026.09.12-15.47.59.314.jpk-force-map,0.3,275.0,64,11.832495805028465,-7.060175890366071,38.28395424092108,33.45455109365901
16,raw/keeper_6e87fc8bc37b4a89aeda/12-09-26_99.7wt_glycerol_D3/map-data-2026.09.12-15.47.59.314.jpk-force-map,0.3,280.0,64,12.50012124497109,-4.621496573160794,31.07509223221797,28.082883743259178
16,raw/keeper_6e87fc8bc37b4a89aeda/12-09-26_99.7wt_glycerol_D3/map-data-2026.09.12-15.47.59.314.jpk-force-map,0.3,285.0,64,0.18356924521609175,-15.171733035383472,21.138967792784662,29.175870473625455
16,raw/keeper_6e87fc8bc37b4a89aeda/12-09-26_99.7wt_glycerol_D3/map-data-2026.09.12-15.47.59.314.jpk-force-map,0.3,290.0,64,5.714321732773886,-11.692731350818585,35.053698824198996,33.031696371692476
16,raw/keeper_6e87fc8bc37b4a89aeda/12-09-26_99.7wt_glycerol_D3/map-data-2026.09.12-15.47.59.314.jpk-force-map,0.3,295.0,64,7.6088955114507035,-13.120926586812576,32.891881028372595,36.319008035670336
16,raw/keeper_6e87fc8bc37b4a89aeda/12-09-26_99.7wt_glycerol_D3/map-data-2026.09.12-15.47.59.314.jpk-force-map,0.3,300.0,64,-0.12637781611291993,-21.320863708242022,26.045941050460346,34.668044664917154
17,raw/keeper_6e87fc8bc37b4a89aeda/12-09-26_99.7wt_glycerol_D3/map-data-2026.09.12-15.50.26.125.jpk-force-map,0.9,5.0,64,2687.2936239408377,2044.661476369743,4009.744160716015,1123.4228135354604
17,raw/keeper_6e87fc8bc37b4a89aeda/12-09-26_99.7wt_glycerol_D3/map-data-2026.09.12-15.50.26.125.jpk-force-map,0.9,10.0,64,2289.6506964230603,1725.665635834041,3202.141952492154,1116.0074670841445
17,raw/keeper_6e87fc8bc37b4a89aeda/12-09-26_99.7wt_glycerol_D3/map-data-2026.09.12-15.50.26.125.jpk-force-map,0.9,15.0,64,2035.7264007511296,1497.2064701088125,2640.1835096244495,841.988199561935
17,raw/keeper_6e87fc8bc37b4a89aeda/12-09-26_99.7wt_glycerol_D3/map-data-2026.09.12-15.50.26.125.jpk-force-map,0.9,20.0,64,1711.571974491404,1278.8726559109423,2199.8845071300416,672.2272210044647
17,raw/keeper_6e87fc8bc37b4a89aeda/12-09-26_99.7wt_glycerol_D3/map-data-2026.09.12-15.50.26.125.jpk-force-map,0.9,25.0,64,1519.4758384265651,1174.4318781981874,1857.4790068816283,507.6795756970281
17,raw/keeper_6e87fc8bc37b4a89aeda/12-09-26_99.7wt_glycerol_D3/map-data-2026.09.12-15.50.26.125.jpk-force-map,0.9,30.0,64,1322.2141499529052,1016.7109223065247,1590.8619996496523,443.8520933095204
17,raw/keeper_6e87fc8bc37b4a89aeda/12-09-26_99.7wt_glycerol_D3/map-data-2026.09.12-15.50.26.125.jpk-force-map,0.9,35.0,64,1175.175283938458,914.7422987900283,1378.9454465095407,371.0931773868032
17,raw/keeper_6e87fc8bc37b4a89aeda/12-09-26_99.7wt_glycerol_D3/map-data-2026.09.12-15.50.26.125.jpk-force-map,0.9,40.0,64,1061.8889703169896,842.7679952907063,1227.5842040426671,297.0687185663159
17,raw/keeper_6e87fc8bc37b4a89aeda/12-09-26_99.7wt_glycerol_D3/map-data-2026.09.12-15.50.26.125.jpk-force-map,0.9,45.0,64,923.3366198553027,760.7268653866593,1098.719778484071,252.46035788026484
17,raw/keeper_6e87fc8bc37b4a89aeda/12-09-26_99.7wt_glycerol_D3/map-data-2026.09.12-15.50.26.125.jpk-force-map,0.9,50.0,64,859.5421983716949,672.8318149718356,981.0564483947719,253.01555888407324
17,raw/keeper_6e87fc8bc37b4a89aeda/12-09-26_99.7wt_glycerol_D3/map-data-2026.09.12-15.50.26.125.jpk-force-map,0.9,55.0,64,773.5463855209769,614.7390078553813,888.8400901391094,200.25466232377065
17,raw/keeper_6e87fc8bc37b4a89aeda/12-09-26_99.7wt_glycerol_D3/map-data-2026.09.12-15.50.26.125.jpk-force-map,0.9,60.0,64,691.659922646595,564.2241313659611,802.0228711865233,186.6897088241519
17,raw/keeper_6e87fc8bc37b4a89aeda/12-09-26_99.7wt_glycerol_D3/map-data-2026.09.12-15.50.26.125.jpk-force-map,0.9,65.0,64,633.8817015254683,516.2256777572095,696.2841694449103,141.3954711470131
17,raw/keeper_6e87fc8bc37b4a89aeda/12-09-26_99.7wt_glycerol_D3/map-data-2026.09.12-15.50.26.125.jpk-force-map,0.9,70.0,64,594.2842911106261,487.4364948051766,672.7566725249269,125.42750414464047
17,raw/keeper_6e87fc8bc37b4a89aeda/12-09-26_99.7wt_glycerol_D3/map-data-2026.09.12-15.50.26.125.jpk-force-map,0.9,75.0,64,542.2991044915829,461.87467621993113,613.7029350829055,117.17811574825238
17,raw/keeper_6e87fc8bc37b4a89aeda/12-09-26_99.7wt_glycerol_D3/map-data-2026.09.12-15.50.26.125.jpk-force-map,0.9,80.0,64,489.0949219920916,423.25989971470096,560.5327990454136,108.54915290989979
17,raw/keeper_6e87fc8bc37b4a89aeda/12-09-26_99.7wt_glycerol_D3/map-data-2026.09.12-15.50.26.125.jpk-force-map,0.9,85.0,64,472.4474115120239,382.3135121456322,545.0515000039894,124.26372640011428
17,raw/keeper_6e87fc8bc37b4a89aeda/12-09-26_99.7wt_glycerol_D3/map-data-2026.09.12-15.50.26.125.jpk-force-map,0.9,90.0,64,434.5151795898207,380.9912419971166,494.77643155066204,84.74843775475995
17,raw/keeper_6e87fc8bc37b4a89aeda/12-09-26_99.7wt_glycerol_D3/map-data-2026.09.12-15.50.26.125.jpk-force-map,0.9,95.0,64,398.6089855221772,357.0751432331639,440.6488278204701,61.660226051266214
17,raw/keeper_6e87fc8bc37b4a89aeda/12-09-26_99.7wt_glycerol_D3/map-data-2026.09.12-15.50.26.125.jpk-force-map,0.9,100.0,64,379.630079357347,332.24254022045295,422.3292135820161,67.57493564350624
17,raw/keeper_6e87fc8bc37b4a89aeda/12-09-26_99.7wt_glycerol_D3/map-data-2026.09.12-15.50.26.125.jpk-force-map,0.9,105.0,64,361.2311227799599,314.4493041656124,406.2361551200435,67.81742311462338
17,raw/keeper_6e87fc8bc37b4a89aeda/12-09-26_99.7wt_glycerol_D3/map-data-2026.09.12-15.50.26.125.jpk-force-map,0.9,110.0,64,316.99868832907475,267.17431716476517,360.08515697467703,70.1438978248328
17,raw/keeper_6e87fc8bc37b4a89aeda/12-09-26_99.7wt_glycerol_D3/map-data-2026.09.12-15.50.26.125.jpk-force-map,0.9,115.0,64,316.05754802727864,261.77850795358756,355.48554622939275,70.0733524422276
17,raw/keeper_6e87fc8bc37b4a89aeda/12-09-26_99.7wt_glycerol_D3/map-data-2026.09.12-15.50.26.125.jpk-force-map,0.9,120.0,64,286.0928509171768,247.03135335207458,320.7449008955447,54.89464875244529
17,raw/keeper_6e87fc8bc37b4a89aeda/12-09-26_99.7wt_glycerol_D3/map-data-2026.09.12-15.50.26.125.jpk-force-map,0.9,125.0,64,272.16430248951076,223.93754705773713,295.23637206455874,52.83979341576828
17,raw/keeper_6e87fc8bc37b4a89aeda/12-09-26_99.7wt_glycerol_D3/map-data-2026.09.12-15.50.26.125.jpk-force-map,0.9,130.0,64,246.22479183898503,212.76638928032514,290.7406982921926,58.44888822724883
17,raw/keeper_6e87fc8bc37b4a89aeda/12-09-26_99.7wt_glycerol_D3/map-data-2026.09.12-15.50.26.125.jpk-force-map,0.9,135.0,64,236.7186551618153,213.0756736367965,271.22462013839737,43.8395093556901
17,raw/keeper_6e87fc8bc37b4a89aeda/12-09-26_99.7wt_glycerol_D3/map-data-2026.09.12-15.50.26.125.jpk-force-map,0.9,140.0,64,212.82536172872904,177.16653053254703,262.0978902753183,57.08732795462427
17,raw/keeper_6e87fc8bc37b4a89aeda/12-09-26_99.7wt_glycerol_D3/map-data-2026.09.12-15.50.26.125.jpk-force-map,0.9,145.0,64,189.67724677141126,160.56216213862982,235.248659817001,54.53533891375848
17,raw/keeper_6e87fc8bc37b4a89aeda/12-09-26_99.7wt_glycerol_D3/map-data-2026.09.12-15.50.26.125.jpk-force-map,0.9,150.0,64,189.89931916878373,154.332330581887,213.66121479646503,46.80676310347126
17,raw/keeper_6e87fc8bc37b4a89aeda/12-09-26_99.7wt_glycerol_D3/map-data-2026.09.12-15.50.26.125.jpk-force-map,0.9,155.0,64,188.6554718562146,134.0086885739083,211.32681208841942,61.94329185526724
17,raw/keeper_6e87fc8bc37b4a89aeda/12-09-26_99.7wt_glycerol_D3/map-data-2026.09.12-15.50.26.125.jpk-force-map,0.9,160.0,64,173.95787101033193,129.81630167906752,219.45456408336577,67.10717947328068
17,raw/keeper_6e87fc8bc37b4a89aeda/12-09-26_99.7wt_glycerol_D3/map-data-2026.09.12-15.50.26.125.jpk-force-map,0.9,165.0,64,171.90454628330787,139.13636740018887,202.34703702723883,45.31167751753859
17,raw/keeper_6e87fc8bc37b4a89aeda/12-09-26_99.7wt_glycerol_D3/map-data-2026.09.12-15.50.26.125.jpk-force-map,0.9,170.0,64,145.30287750790453,114.96724792207013,197.2642978740318,57.227927456725205
17,raw/keeper_6e87fc8bc37b4a89aeda/12-09-26_99.7wt_glycerol_D3/map-data-2026.09.12-15.50.26.125.jpk-force-map,0.9,175.0,64,135.93050780599071,100.78239839118984,163.13399542909747,48.65408433931272
17,raw/keeper_6e87fc8bc37b4a89aeda/12-09-26_99.7wt_glycerol_D3/map-data-2026.09.12-15.50.26.125.jpk-force-map,0.9,180.0,64,136.69203852408634,106.15236211296599,182.14104169889453,51.252301238839266
17,raw/keeper_6e87fc8bc37b4a89aeda/12-09-26_99.7wt_glycerol_D3/map-data-2026.09.12-15.50.26.125.jpk-force-map,0.9,185.0,64,132.17512506107306,86.4469160464605,167.41363570209614,56.18620403189054
17,raw/keeper_6e87fc8bc37b4a89aeda/12-09-26_99.7wt_glycerol_D3/map-data-2026.09.12-15.50.26.125.jpk-force-map,0.9,190.0,64,114.89186524465661,72.59259056270469,137.59167693424877,46.884480927486464
17,raw/keeper_6e87fc8bc37b4a89aeda/12-09-26_99.7wt_glycerol_D3/map-data-2026.09.12-15.50.26.125.jpk-force-map,0.9,195.0,64,114.7048002313162,74.09758500774718,143.62432894479005,53.799353085446555
17,raw/keeper_6e87fc8bc37b4a89aeda/12-09-26_99.7wt_glycerol_D3/map-data-2026.09.12-15.50.26.125.jpk-force-map,0.9,200.0,64,105.99684185079234,71.24300869029979,144.5427964566864,53.54475597867757
17,raw/keeper_6e87fc8bc37b4a89aeda/12-09-26_99.7wt_glycerol_D3/map-data-2026.09.12-15.50.26.125.jpk-force-map,0.9,205.0,64,85.075995077675,47.73560001127963,127.31027498083573,57.03235561261177
17,raw/keeper_6e87fc8bc37b4a89aeda/12-09-26_99.7wt_glycerol_D3/map-data-2026.09.12-15.50.26.125.jpk-force-map,0.9,210.0,64,73.60064748737457,38.6440846275002,107.56788311858278,51.21277912163572
17,raw/keeper_6e87fc8bc37b4a89aeda/12-09-26_99.7wt_glycerol_D3/map-data-2026.09.12-15.50.26.125.jpk-force-map,0.9,215.0,64,78.87074158729092,55.27143231231556,111.11943441730506,45.21359683762146
17,raw/keeper_6e87fc8bc37b4a89aeda/12-09-26_99.7wt_glycerol_D3/map-data-2026.09.12-15.50.26.125.jpk-force-map,0.9,220.0,64,64.97078887417915,42.90535969216346,107.40465062864544,52.46137344211001
17,raw/keeper_6e87fc8bc37b4a89aeda/12-09-26_99.7wt_glycerol_D3/map-data-2026.09.12-15.50.26.125.jpk-force-map,0.9,225.0,64,76.42246133348655,30.060656773302856,113.17343013299195,60.78243712624807
17,raw/keeper_6e87fc8bc37b4a89aeda/12-09-26_99.7wt_glycerol_D3/map-data-2026.09.12-15.50.26.125.jpk-force-map,0.9,230.0,64,72.93920177022008,42.40843873941706,99.18813760199444,42.900214289295626
17,raw/keeper_6e87fc8bc37b4a89aeda/12-09-26_99.7wt_glycerol_D3/map-data-2026.09.12-15.50.26.125.jpk-force-map,0.9,235.0,64,50.927360559652485,17.282158069596946,87.8884233662586,50.41744870964032
17,raw/keeper_6e87fc8bc37b4a89aeda/12-09-26_99.7wt_glycerol_D3/map-data-2026.09.12-15.50.26.125.jpk-force-map,0.9,240.0,64,46.54220938971254,12.344244778943505,67.88582872595565,47.78079047175227
17,raw/keeper_6e87fc8bc37b4a89aeda/12-09-26_99.7wt_glycerol_D3/map-data-2026.09.12-15.50.26.125.jpk-force-map,0.9,245.0,64,54.7251067125179,16.050313998734264,89.8894109772471,53.487720331603995
17,raw/keeper_6e87fc8bc37b4a89aeda/12-09-26_99.7wt_glycerol_D3/map-data-2026.09.12-15.50.26.125.jpk-force-map,0.9,250.0,64,49.96499713483216,18.116296388511977,80.25629176578138,46.17627602805884
17,raw/keeper_6e87fc8bc37b4a89aeda/12-09-26_99.7wt_glycerol_D3/map-data-2026.09.12-15.50.26.125.jpk-force-map,0.9,255.0,64,36.41940927604913,0.15350729617002457,78.04815090049227,60.78130722109056
17,raw/keeper_6e87fc8bc37b4a89aeda/12-09-26_99.7wt_glycerol_D3/map-data-2026.09.12-15.50.26.125.jpk-force-map,0.9,260.0,64,37.65681178389066,3.0699802472017907,70.03092150797147,50.69398071428336
17,raw/keeper_6e87fc8bc37b4a89aeda/12-09-26_99.7wt_glycerol_D3/map-data-2026.09.12-15.50.26.125.jpk-force-map,0.9,265.0,64,27.25302481112216,-14.658700070815403,55.8204832858267,55.0218858979364
17,raw/keeper_6e87fc8bc37b4a89aeda/12-09-26_99.7wt_glycerol_D3/map-data-2026.09.12-15.50.26.125.jpk-force-map,0.9,270.0,64,5.236163611272424,-21.28906215894756,36.78098932950644,45.68260572877461
17,raw/keeper_6e87fc8bc37b4a89aeda/12-09-26_99.7wt_glycerol_D3/map-data-2026.09.12-15.50.26.125.jpk-force-map,0.9,275.0,64,19.86762651248477,-10.575162448630845,36.67735885758744,42.872138602562686
17,raw/keeper_6e87fc8bc37b4a89aeda/12-09-26_99.7wt_glycerol_D3/map-data-2026.09.12-15.50.26.125.jpk-force-map,0.9,280.0,64,17.334221819879954,-11.391722521234353,48.66172176426641,45.69469080128344
17,raw/keeper_6e87fc8bc37b4a89aeda/12-09-26_99.7wt_glycerol_D3/map-data-2026.09.12-15.50.26.125.jpk-force-map,0.9,285.0,64,10.672944550186887,-25.678023881812123,35.803723329223295,42.497501354847735
17,raw/keeper_6e87fc8bc37b4a89aeda/12-09-26_99.7wt_glycerol_D3/map-data-2026.09.12-15.50.26.125.jpk-force-map,0.9,290.0,64,-3.5999784560984387,-31.924712993344848,39.1505236787523,47.7690984097318
17,raw/keeper_6e87fc8bc37b4a89aeda/12-09-26_99.7wt_glycerol_D3/map-data-2026.09.12-15.50.26.125.jpk-force-map,0.9,295.0,64,-15.92787927651471,-32.46364943399157,5.353586628009056,30.74501397338633
17,raw/keeper_6e87fc8bc37b4a89aeda/12-09-26_99.7wt_glycerol_D3/map-data-2026.09.12-15.50.26.125.jpk-force-map,0.9,300.0,64,-9.799814334278908,-45.26385172174448,21.414296809182698,52.524599004368675
18,raw/keeper_6e87fc8bc37b4a89aeda/12-09-26_99.7wt_glycerol_D3/map-data-2026.09.12-15.52.06.579.jpk-force-map,2.7,5.0,64,5025.356715993563,3526.908991404932,6318.460884141078,2148.5674348183793
18,raw/keeper_6e87fc8bc37b4a89aeda/12-09-26_99.7wt_glycerol_D3/map-data-2026.09.12-15.52.06.579.jpk-force-map,2.7,10.0,64,4387.053663045375,3036.176799078468,5097.896679506859,1518.489237681648
18,raw/keeper_6e87fc8bc37b4a89aeda/12-09-26_99.7wt_glycerol_D3/map-data-2026.09.12-15.52.06.579.jpk-force-map,2.7,15.0,64,3714.9904365983566,2707.788351491296,4317.323700664119,1134.1525156849639
18,raw/keeper_6e87fc8bc37b4a89aeda/12-09-26_99.7wt_glycerol_D3/map-data-2026.09.12-15.52.06.579.jpk-force-map,2.7,20.0,64,3285.906752876227,2411.083955628871,3700.9762832708625,810.9495821908308
18,raw/keeper_6e87fc8bc37b4a89aeda/12-09-26_99.7wt_glycerol_D3/map-data-2026.09.12-15.52.06.579.jpk-force-map,2.7,25.0,64,2833.6323588421355,2155.091764006889,3227.179563252189,646.7920489190748
18,raw/keeper_6e87fc8bc37b4a89aeda/12-09-26_99.7wt_glycerol_D3/map-data-2026.09.12-15.52.06.579.jpk-force-map,2.7,30.0,64,2521.8085836279815,1939.6151686620838,2822.6354261714687,500.0581198078966
18,raw/keeper_6e87fc8bc37b4a89aeda/12-09-26_99.7wt_glycerol_D3/map-data-2026.09.12-15.52.06.579.jpk-force-map,2.7,35.0,64,2254.319166871628,1787.9377994110955,2484.720090961306,454.09060603845046
18,raw/keeper_6e87fc8bc37b4a89aeda/12-09-26_99.7wt_glycerol_D3/map-data-2026.09.12-15.52.06.579.jpk-force-map,2.7,40.0,64,2047.7985471998459,1640.3530468388199,2246.6878636522206,371.1899807826394
18,raw/keeper_6e87fc8bc37b4a89aeda/12-09-26_99.7wt_glycerol_D3/map-data-2026.09.12-15.52.06.579.jpk-force-map,2.7,45.0,64,1841.7380600774754,1492.9377478983213,2051.2856173160367,342.8819757192098
18,raw/keeper_6e87fc8bc37b4a89aeda/12-09-26_99.7wt_glycerol_D3/map-data-2026.09.12-15.52.06.579.jpk-force-map,2.7,50.0,64,1670.4093380438803,1355.596631386459,1839.371242818137,311.56881595905526
18,raw/keeper_6e87fc8bc37b4a89aeda/12-09-26_99.7wt_glycerol_D3/map-data-2026.09.12-15.52.06.579.jpk-force-map,2.7,55.0,64,1524.5331379970944,1295.9892951588422,1697.9660142201974,286.94864937321825
18,raw/keeper_6e87fc8bc37b4a89aeda/12-09-26_99.7wt_glycerol_D3/map-data-2026.09.12-15.52.06.579.jpk-force-map,2.7,60.0,64,1408.80101269741,1158.9258436979965,1555.9399802804169,274.9474109160017
18,raw/keeper_6e87fc8bc37b4a89aeda/12-09-26_99.7wt_glycerol_D3/map-data-2026.09.12-15.52.06.579.jpk-force-map,2.7,65.0,64,1269.4195521898973,1100.0813553143767,1430.672758101333,240.42777683662678
18,raw/keeper_6e87fc8bc37b4a89aeda/12-09-26_99.7wt_glycerol_D3/map-data-2026.09.12-15.52.06.579.jpk-force-map,2.7,70.0,64,1186.5439194792557,998.659339047234,1305.2156709808935,186.80864362309214
18,raw/keeper_6e87fc8bc37b4a89aeda/12-09-26_99.7wt_glycerol_D3/map-data-2026.09.12-15.52.06.579.jpk-force-map,2.7,75.0,64,1089.6096493776377,918.2479826288707,1184.7520898047503,155.40506688753015
18,raw/keeper_6e87fc8bc37b4a89aeda/12-09-26_99.7wt_glycerol_D3/map-data-2026.09.12-15.52.06.579.jpk-force-map,2.7,80.0,64,1000.3517547094698,877.9652939734713,1115.325406017211,172.66758587432417
18,raw/keeper_6e87fc8bc37b4a89aeda/12-09-26_99.7wt_glycerol_D3/map-data-2026.09.12-15.52.06.579.jpk-force-map,2.7,85.0,64,943.7486915425463,796.1363870158672,1032.9799703269202,148.5334013200966
18,raw/keeper_6e87fc8bc37b4a89aeda/12-09-26_99.7wt_glycerol_D3/map-data-2026.09.12-15.52.06.579.jpk-force-map,2.7,90.0,64,872.7378283634398,764.6320359967392,966.7121520754467,146.92466201365207
18,raw/keeper_6e87fc8bc37b4a89aeda/12-09-26_99.7wt_glycerol_D3/map-data-2026.09.12-15.52.06.579.jpk-force-map,2.7,95.0,64,798.555541391237,723.0135414461355,899.5514135842928,143.57928305006823
18,raw/keeper_6e87fc8bc37b4a89aeda/12-09-26_99.7wt_glycerol_D3/map-data-2026.09.12-15.52.06.579.jpk-force-map,2.7,100.0,64,751.5659730882248,670.4441307933295,834.3544435426306,123.42349453985882
18,raw/keeper_6e87fc8bc37b4a89aeda/12-09-26_99.7wt_glycerol_D3/map-data-2026.09.12-15.52.06.579.jpk-force-map,2.7,105.0,64,703.4876801118991,611.9546368336538,761.0346006705287,117.40316337896006
18,raw/keeper_6e87fc8bc37b4a89aeda/12-09-26_99.7wt_glycerol_D3/map-data-2026.09.12-15.52.06.579.jpk-force-map,2.7,110.0,64,653.6403627919385,568.2306212647746,703.3547663691398,95.40113441176202
18,raw/keeper_6e87fc8bc37b4a89aeda/12-09-26_99.7wt_glycerol_D3/map-data-2026.09.12-15.52.06.579.jpk-force-map,2.7,115.0,64,619.9249053032916,545.6040798808615,664.361825621427,91.90410252611069
18,raw/keeper_6e87fc8bc37b4a89aeda/12-09-26_99.7wt_glycerol_D3/map-data-2026.09.12-15.52.06.579.jpk-force-map,2.7,120.0,64,553.1078206992267,487.70364770040544,628.2286054376082,107.62228680018507
18,raw/keeper_6e87fc8bc37b4a89aeda/12-09-26_99.7wt_glycerol_D3/map-data-2026.09.12-15.52.06.579.jpk-force-map,2.7,125.0,64,516.6173363273305,452.6649922764462,568.3599978203634,92.49064611634006
18,raw/keeper_6e87fc8bc37b4a89aeda/12-09-26_99.7wt_glycerol_D3/map-data-2026.09.12-15.52.06.579.jpk-force-map,2.7,130.0,64,465.4540362711818,421.41053897485057,522.4797808793172,84.83084714146707
18,raw/keeper_6e87fc8bc37b4a89aeda/12-09-26_99.7wt_glycerol_D3/map-data-2026.09.12-15.52.06.579.jpk-force-map,2.7,135.0,64,428.1715367577982,375.2420288536556,493.4749371993947,92.82875795182483
18,raw/keeper_6e87fc8bc37b4a89aeda/12-09-26_99.7wt_glycerol_D3/map-data-2026.09.12-15.52.06.579.jpk-force-map,2.7,140.0,64,402.7791552367076,346.4994174854053,465.13798404136116,92.62964901332677
18,raw/keeper_6e87fc8bc37b4a89aeda/12-09-26_99.7wt_glycerol_D3/map-data-2026.09.12-15.52.06.579.jpk-force-map,2.7,145.0,64,383.71903459172717,307.13570165435635,424.4776944426028,74.2784172852221
18,raw/keeper_6e87fc8bc37b4a89aeda/12-09-26_99.7wt_glycerol_D3/map-data-2026.09.12-15.52.06.579.jpk-force-map,2.7,150.0,64,345.18206792045254,292.29665474069,383.8086571397445,66.34920962080561
18,raw/keeper_6e87fc8bc37b4a89aeda/12-09-26_99.7wt_glycerol_D3/map-data-2026.09.12-15.52.06.579.jpk-force-map,2.7,155.0,64,313.2348560972323,266.7124698665392,357.64816755485737,68.33604957988538
18,raw/keeper_6e87fc8bc37b4a89aeda/12-09-26_99.7wt_glycerol_D3/map-data-2026.09.12-15.52.06.579.jpk-force-map,2.7,160.0,64,288.2248552782763,244.6108238641263,334.367677302476,68.43327054936334
18,raw/keeper_6e87fc8bc37b4a89aeda/12-09-26_99.7wt_glycerol_D3/map-data-2026.09.12-15.52.06.579.jpk-force-map,2.7,165.0,64,267.13175494536364,231.13040474415592,310.7152605170667,62.825109137786335
18,raw/keeper_6e87fc8bc37b4a89aeda/12-09-26_99.7wt_glycerol_D3/map-data-2026.09.12-15.52.06.579.jpk-force-map,2.7,170.0,64,248.55019004480081,195.78379037343456,288.4252655106588,70.18317431047481
18,raw/keeper_6e87fc8bc37b4a89aeda/12-09-26_99.7wt_glycerol_D3/map-data-2026.09.12-15.52.06.579.jpk-force-map,2.7,175.0,64,215.7852832669091,161.83871393586276,260.00589671992134,77.69751027846617
18,raw/keeper_6e87fc8bc37b4a89aeda/12-09-26_99.7wt_glycerol_D3/map-data-2026.09.12-15.52.06.579.jpk-force-map,2.7,180.0,64,190.5206381068879,151.04919131762216,238.24618985578087,71.10348205766488
18,raw/keeper_6e87fc8bc37b4a89aeda/12-09-26_99.7wt_glycerol_D3/map-data-2026.09.12-15.52.06.579.jpk-force-map,2.7,185.0,64,176.4008164900453,101.44077909838958,208.7001316872714,90.00974284749064
18,raw/keeper_6e87fc8bc37b4a89aeda/12-09-26_99.7wt_glycerol_D3/map-data-2026.09.12-15.52.06.579.jpk-force-map,2.7,190.0,64,151.6633033404135,101.71605012810909,200.96019457428156,73.21547129402968
18,raw/keeper_6e87fc8bc37b4a89aeda/12-09-26_99.7wt_glycerol_D3/map-data-2026.09.12-15.52.06.579.jpk-force-map,2.7,195.0,64,134.81148095312227,77.75528505683603,186.0494347113438,82.89976554537282
18,raw/keeper_6e87fc8bc37b4a89aeda/12-09-26_99.7wt_glycerol_D3/map-data-2026.09.12-15.52.06.579.jpk-force-map,2.7,200.0,64,119.61777925175033,60.21950983870149,169.74079835958875,82.19598201393454
18,raw/keeper_6e87fc8bc37b4a89aeda/12-09-26_99.7wt_glycerol_D3/map-data-2026.09.12-15.52.06.579.jpk-force-map,2.7,205.0,64,87.52927875314987,32.070383804587294,143.66801776244546,83.42578552044665
18,raw/keeper_6e87fc8bc37b4a89aeda/12-09-26_99.7wt_glycerol_D3/map-data-2026.09.12-15.52.06.579.jpk-force-map,2.7,210.0,64,56.46190703251264,22.06085651850423,109.75026961638788,59.28590231413876
18,raw/keeper_6e87fc8bc37b4a89aeda/12-09-26_99.7wt_glycerol_D3/map-data-2026.09.12-15.52.06.579.jpk-force-map,2.7,215.0,64,42.22435589793169,11.453950507250847,92.20686500859664,53.703876100014426
18,raw/keeper_6e87fc8bc37b4a89aeda/12-09-26_99.7wt_glycerol_D3/map-data-2026.09.12-15.52.06.579.jpk-force-map,2.7,220.0,64,29.66724203531121,-1.1545726846048097,73.27717296316145,54.93584116421756
18,raw/keeper_6e87fc8bc37b4a89aeda/12-09-26_99.7wt_glycerol_D3/map-data-2026.09.12-15.52.06.579.jpk-force-map,2.7,225.0,64,13.139150970364776,-15.218387457273675,58.16252366734743,56.357139031018846
18,raw/keeper_6e87fc8bc37b4a89aeda/12-09-26_99.7wt_glycerol_D3/map-data-2026.09.12-15.52.06.579.jpk-force-map,2.7,230.0,64,0.034328111560761765,-36.9898821840452,43.228776229702675,60.21409483424242
18,raw/keeper_6e87fc8bc37b4a89aeda/12-09-26_99.7wt_glycerol_D3/map-data-2026.09.12-15.52.06.579.jpk-force-map,2.7,235.0,64,-0.6559949697143292,-41.254520475855784,19.401744998446986,40.02222304860472
18,raw/keeper_6e87fc8bc37b4a89aeda/12-09-26_99.7wt_glycerol_D3/map-data-2026.09.12-15.52.06.579.jpk-force-map,2.7,240.0,64,-24.804529178234468,-68.07415287852001,-4.024184118480801,39.01039298401225
18,raw/keeper_6e87fc8bc37b4a89aeda/12-09-26_99.7wt_glycerol_D3/map-data-2026.09.12-15.52.06.579.jpk-force-map,2.7,245.0,64,-35.8858158933092,-72.56466583682052,-11.309331739966783,47.66357509369713
18,raw/keeper_6e87fc8bc37b4a89aeda/12-09-26_99.7wt_glycerol_D3/map-data-2026.09.12-15.52.06.579.jpk-force-map,2.7,250.0,64,-55.34970603966241,-104.60752253843685,-11.752010300219567,71.07869783376378
18,raw/keeper_6e87fc8bc37b4a89aeda/12-09-26_99.7wt_glycerol_D3/map-data-2026.09.12-15.52.06.579.jpk-force-map,2.7,255.0,64,-74.07189691075052,-118.47662634048731,-30.96160402556093,65.58893083170899
18,raw/keeper_6e87fc8bc37b4a89aeda/12-09-26_99.7wt_glycerol_D3/map-data-2026.09.12-15.52.06.579.jpk-force-map,2.7,260.0,64,-96.63827297751457,-136.55805616974712,-39.14529659419598,72.6857422824769
18,raw/keeper_6e87fc8bc37b4a89aeda/12-09-26_99.7wt_glycerol_D3/map-data-2026.09.12-15.52.06.579.jpk-force-map,2.7,265.0,64,-107.34344155134745,-151.87217962733564,-64.50440204768519,65.11041599937529
18,raw/keeper_6e87fc8bc37b4a89aeda/12-09-26_99.7wt_glycerol_D3/map-data-2026.09.12-15.52.06.579.jpk-force-map,2.7,270.0,64,-120.27397303292042,-154.83129763587556,-86.11908423781726,52.189164552832274
18,raw/keeper_6e87fc8bc37b4a89aeda/12-09-26_99.7wt_glycerol_D3/map-data-2026.09.12-15.52.06.579.jpk-force-map,2.7,275.0,64,-126.41186257465307,-177.81339674286068,-89.03204485311237,65.59838764657702
18,raw/keeper_6e87fc8bc37b4a89aeda/12-09-26_99.7wt_glycerol_D3/map-data-2026.09.12-15.52.06.579.jpk-force-map,2.7,280.0,64,-154.01651858257213,-206.30656600316868,-104.36200695676601,74.93484305285679
18,raw/keeper_6e87fc8bc37b4a89aeda/12-09-26_99.7wt_glycerol_D3/map-data-2026.09.12-15.52.06.579.jpk-force-map,2.7,285.0,64,-180.6104834140183,-219.93853743998338,-118.61121341300796,80.89614895108144
18,raw/keeper_6e87fc8bc37b4a89aeda/12-09-26_99.7wt_glycerol_D3/map-data-2026.09.12-15.52.06.579.jpk-force-map,2.7,290.0,64,-198.7354281009101,-248.18568580616733,-139.40493682704846,75.57368160114828
18,raw/keeper_6e87fc8bc37b4a89aeda/12-09-26_99.7wt_glycerol_D3/map-data-2026.09.12-15.52.06.579.jpk-force-map,2.7,295.0,64,-214.46886977256563,-267.623316272587,-166.90509256292762,77.43900762996331
18,raw/keeper_6e87fc8bc37b4a89aeda/12-09-26_99.7wt_glycerol_D3/map-data-2026.09.12-15.52.06.579.jpk-force-map,2.7,300.0,64,-228.56947294857252,-297.5801437625171,-179.99948610405204,81.14025759045968
19,raw/keeper_6e87fc8bc37b4a89aeda/12-09-26_99.7wt_glycerol_D3/map-data-2026.09.12-15.53.31.481.jpk-force-map,0.1,5.0,64,1222.1347157381233,481.89199947566,2244.900407829766,1200.5216214617265
19,raw/keeper_6e87fc8bc37b4a89aeda/12-09-26_99.7wt_glycerol_D3/map-data-2026.09.12-15.53.31.481.jpk-force-map,0.1,10.0,64,990.6377275188477,543.590815662408,1175.4013739840207,567.2707489077497
19,raw/keeper_6e87fc8bc37b4a89aeda/12-09-26_99.7wt_glycerol_D3/map-data-2026.09.12-15.53.31.481.jpk-force-map,0.1,15.0,64,921.7699027366975,491.93301352623587,1073.3855990169889,318.7716911152799
19,raw/keeper_6e87fc8bc37b4a89aeda/12-09-26_99.7wt_glycerol_D3/map-data-2026.09.12-15.53.31.481.jpk-force-map,0.1,20.0,64,750.6057303189449,443.03859123545806,841.913785298445,233.2260315855519
19,raw/keeper_6e87fc8bc37b4a89aeda/12-09-26_99.7wt_glycerol_D3/map-data-2026.09.12-15.53.31.481.jpk-force-map,0.1,25.0,64,600.6042422440235,390.30333040853355,687.0379953152723,207.30733378410446
19,raw/keeper_6e87fc8bc37b4a89aeda/12-09-26_99.7wt_glycerol_D3/map-data-2026.09.12-15.53.31.481.jpk-force-map,0.1,30.0,64,512.1804941785904,313.6616297409346,573.3310463538392,161.37926844239595
19,raw/keeper_6e87fc8bc37b4a89aeda/12-09-26_99.7wt_glycerol_D3/map-data-2026.09.12-15.53.31.481.jpk-force-map,0.1,35.0,64,424.01124134562804,251.72386703440728,474.9942111265427,122.07247186094347
19,raw/keeper_6e87fc8bc37b4a89aeda/12-09-26_99.7wt_glycerol_D3/map-data-2026.09.12-15.53.31.481.jpk-force-map,0.1,40.0,64,357.01630332572745,253.87560343260384,390.2116037725981,107.62786263648962
19,raw/keeper_6e87fc8bc37b4a89aeda/12-09-26_99.7wt_glycerol_D3/map-data-2026.09.12-15.53.31.481.jpk-force-map,0.1,45.0,64,299.08100458601626,229.7638990464774,352.84038464656754,89.3057136844966
19,raw/keeper_6e87fc8bc37b4a89aeda/12-09-26_99.7wt_glycerol_D3/map-data-2026.09.12-15.53.31.481.jpk-force-map,0.1,50.0,64,259.17866709912784,182.89798318585744,296.8227798012079,68.3178237185049
19,raw/keeper_6e87fc8bc37b4a89aeda/12-09-26_99.7wt_glycerol_D3/map-data-2026.09.12-15.53.31.481.jpk-force-map,0.1,55.0,64,221.6472390740666,161.29783908351158,252.08997004850636,54.991231079868356
19,raw/keeper_6e87fc8bc37b4a89aeda/12-09-26_99.7wt_glycerol_D3/map-data-2026.09.12-15.53.31.481.jpk-force-map,0.1,60.0,64,189.4380600211212,135.25266842744952,225.13807004031622,61.13884851257667
19,raw/keeper_6e87fc8bc37b4a89aeda/12-09-26_99.7wt_glycerol_D3/map-data-2026.09.12-15.53.31.481.jpk-force-map,0.1,65.0,64,166.46751683006624,130.62195197297427,185.7330594129028,46.3376313965442
19,raw/keeper_6e87fc8bc37b4a89aeda/12-09-26_99.7wt_glycerol_D3/map-data-2026.09.12-15.53.31.481.jpk-force-map,0.1,70.0,64,143.25674312857365,110.09737785254205,161.62366620996858,32.15594618858066
19,raw/keeper_6e87fc8bc37b4a89aeda/12-09-26_99.7wt_glycerol_D3/map-data-2026.09.12-15.53.31.481.jpk-force-map,0.1,75.0,64,121.38025938492862,80.93568850073615,151.81627218888815,48.100627319544124
19,raw/keeper_6e87fc8bc37b4a89aeda/12-09-26_99.7wt_glycerol_D3/map-data-2026.09.12-15.53.31.481.jpk-force-map,0.1,80.0,64,110.65827467536545,76.93920544524968,135.69319319692374,39.414481455176336
19,raw/keeper_6e87fc8bc37b4a89aeda/12-09-26_99.7wt_glycerol_D3/map-data-2026.09.12-15.53.31.481.jpk-force-map,0.1,85.0,64,95.15793943694274,66.67541487339068,112.89661831448049,36.78637119540561
19,raw/keeper_6e87fc8bc37b4a89aeda/12-09-26_99.7wt_glycerol_D3/map-data-2026.09.12-15.53.31.481.jpk-force-map,0.1,90.0,64,86.65520418282053,69.69374556085052,100.04658062152424,22.82440341339877
19,raw/keeper_6e87fc8bc37b4a89aeda/12-09-26_99.7wt_glycerol_D3/map-data-2026.09.12-15.53.31.481.jpk-force-map,0.1,95.0,64,69.62968685267086,57.38417681352182,94.24462445530719,27.987480447280664
19,raw/keeper_6e87fc8bc37b4a89aeda/12-09-26_99.7wt_glycerol_D3/map-data-2026.09.12-15.53.31.481.jpk-force-map,0.1,100.0,64,62.86870563734513,52.1654092047327,77.44112153585345,20.02946020146017
19,raw/keeper_6e87fc8bc37b4a89aeda/12-09-26_99.7wt_glycerol_D3/map-data-2026.09.12-15.53.31.481.jpk-force-map,0.1,105.0,64,59.40923717842016,41.78571155349035,80.76016283570958,30.265934188483676
19,raw/keeper_6e87fc8bc37b4a89aeda/12-09-26_99.7wt_glycerol_D3/map-data-2026.09.12-15.53.31.481.jpk-force-map,0.1,110.0,64,61.09214302596774,40.07748209661448,74.91372260600644,28.430182198894645
19,raw/keeper_6e87fc8bc37b4a89aeda/12-09-26_99.7wt_glycerol_D3/map-data-2026.09.12-15.53.31.481.jpk-force-map,0.1,115.0,64,49.61280263890718,29.015413822379394,60.249927991609425,25.022191751933562
19,raw/keeper_6e87fc8bc37b4a89aeda/12-09-26_99.7wt_glycerol_D3/map-data-2026.09.12-15.53.31.481.jpk-force-map,0.1,120.0,64,40.973384508154396,25.610245742626915,60.16935964869654,25.858297002062013
19,raw/keeper_6e87fc8bc37b4a89aeda/12-09-26_99.7wt_glycerol_D3/map-data-2026.09.12-15.53.31.481.jpk-force-map,0.1,125.0,64,31.509147345525264,17.28998627071043,49.673249605619986,23.92127112233926
19,raw/keeper_6e87fc8bc37b4a89aeda/12-09-26_99.7wt_glycerol_D3/map-data-2026.09.12-15.53.31.481.jpk-force-map,0.1,130.0,64,36.00649444765479,18.458914799267255,58.14759624045487,29.87599409489045
19,raw/keeper_6e87fc8bc37b4a89aeda/12-09-26_99.7wt_glycerol_D3/map-data-2026.09.12-15.53.31.481.jpk-force-map,0.1,135.0,64,34.75938331366754,15.57036657412096,51.14960691705528,26.087520369210065
19,raw/keeper_6e87fc8bc37b4a89aeda/12-09-26_99.7wt_glycerol_D3/map-data-2026.09.12-15.53.31.481.jpk-force-map,0.1,140.0,64,25.797691811257952,13.193177983780696,51.5237120922935,26.787545737859826
19,raw/keeper_6e87fc8bc37b4a89aeda/12-09-26_99.7wt_glycerol_D3/map-data-2026.09.12-15.53.31.481.jpk-force-map,0.1,145.0,64,31.22492980024127,15.511476963820392,40.37461410279171,18.118078256079635
19,raw/keeper_6e87fc8bc37b4a89aeda/12-09-26_99.7wt_glycerol_D3/map-data-2026.09.12-15.53.31.481.jpk-force-map,0.1,150.0,64,25.848421868012586,18.396587407525523,41.609191831184276,19.727947467675758
19,raw/keeper_6e87fc8bc37b4a89aeda/12-09-26_99.7wt_glycerol_D3/map-data-2026.09.12-15.53.31.481.jpk-force-map,0.1,155.0,64,24.209486487687787,10.638649573873273,35.77892988378321,19.209075370855118
19,raw/keeper_6e87fc8bc37b4a89aeda/12-09-26_99.7wt_glycerol_D3/map-data-2026.09.12-15.53.31.481.jpk-force-map,0.1,160.0,64,28.201935327357177,10.72910878677068,39.36298685570991,21.94902167762838
19,raw/keeper_6e87fc8bc37b4a89aeda/12-09-26_99.7wt_glycerol_D3/map-data-2026.09.12-15.53.31.481.jpk-force-map,0.1,165.0,64,24.45253349376658,2.4099676292999184,32.85158857310503,23.44732503693443
19,raw/keeper_6e87fc8bc37b4a89aeda/12-09-26_99.7wt_glycerol_D3/map-data-2026.09.12-15.53.31.481.jpk-force-map,0.1,170.0,64,19.72605618754146,7.424075410816828,33.12567501789443,19.36230033487218
19,raw/keeper_6e87fc8bc37b4a89aeda/12-09-26_99.7wt_glycerol_D3/map-data-2026.09.12-15.53.31.481.jpk-force-map,0.1,175.0,64,22.168537773854272,1.0824621124215237,37.48679485298412,28.002807856315673
19,raw/keeper_6e87fc8bc37b4a89aeda/12-09-26_99.7wt_glycerol_D3/map-data-2026.09.12-15.53.31.481.jpk-force-map,0.1,180.0,64,20.51961211781739,5.363021888402846,42.87143748732801,25.4873933539847
19,raw/keeper_6e87fc8bc37b4a89aeda/12-09-26_99.7wt_glycerol_D3/map-data-2026.09.12-15.53.31.481.jpk-force-map,0.1,185.0,64,15.625437347687111,5.685518922950775,33.71184574717674,20.68325771145308
19,raw/keeper_6e87fc8bc37b4a89aeda/12-09-26_99.7wt_glycerol_D3/map-data-2026.09.12-15.53.31.481.jpk-force-map,0.1,190.0,64,12.190074777913864,-7.514319244632908,27.2472592788698,27.910303012700226
19,raw/keeper_6e87fc8bc37b4a89aeda/12-09-26_99.7wt_glycerol_D3/map-data-2026.09.12-15.53.31.481.jpk-force-map,0.1,195.0,64,8.724791083873761,-4.340675390266961,27.869862207632274,22.792373058629213
19,raw/keeper_6e87fc8bc37b4a89aeda/12-09-26_99.7wt_glycerol_D3/map-data-2026.09.12-15.53.31.481.jpk-force-map,0.1,200.0,64,12.20081059658756,-5.346445983180631,26.633428905642827,24.847179268983894
19,raw/keeper_6e87fc8bc37b4a89aeda/12-09-26_99.7wt_glycerol_D3/map-data-2026.09.12-15.53.31.481.jpk-force-map,0.1,205.0,64,16.026456623905734,0.415308849684613,30.351211433773138,22.77311554471629
19,raw/keeper_6e87fc8bc37b4a89aeda/12-09-26_99.7wt_glycerol_D3/map-data-2026.09.12-15.53.31.481.jpk-force-map,0.1,210.0,64,13.934877259043159,-0.13587106318128261,27.702206162781426,20.72442556007647
19,raw/keeper_6e87fc8bc37b4a89aeda/12-09-26_99.7wt_glycerol_D3/map-data-2026.09.12-15.53.31.481.jpk-force-map,0.1,215.0,64,11.700286186178154,-12.19752192373409,30.255773650646567,31.051537590906406
19,raw/keeper_6e87fc8bc37b4a89aeda/12-09-26_99.7wt_glycerol_D3/map-data-2026.09.12-15.53.31.481.jpk-force-map,0.1,220.0,64,12.179222985892345,-11.518075485917864,30.824200457397488,30.879325307681043
19,raw/keeper_6e87fc8bc37b4a89aeda/12-09-26_99.7wt_glycerol_D3/map-data-2026.09.12-15.53.31.481.jpk-force-map,0.1,225.0,64,10.218743209244817,-12.265598280109234,23.141860680237436,22.32987340368127
19,raw/keeper_6e87fc8bc37b4a89aeda/12-09-26_99.7wt_glycerol_D3/map-data-2026.09.12-15.53.31.481.jpk-force-map,0.1,230.0,64,5.721230430902039,-4.995096435950114,25.536470124490403,24.879086807983427
19,raw/keeper_6e87fc8bc37b4a89aeda/12-09-26_99.7wt_glycerol_D3/map-data-2026.09.12-15.53.31.481.jpk-force-map,0.1,235.0,64,6.288555490832126,-8.72487392198237,20.783012446799837,21.83937175146671
19,raw/keeper_6e87fc8bc37b4a89aeda/12-09-26_99.7wt_glycerol_D3/map-data-2026.09.12-15.53.31.481.jpk-force-map,0.1,240.0,64,6.86524125685918,-9.606801544859222,24.352796412877506,24.655955103403294
19,raw/keeper_6e87fc8bc37b4a89aeda/12-09-26_99.7wt_glycerol_D3/map-data-2026.09.12-15.53.31.481.jpk-force-map,0.1,245.0,64,-1.72833426545039,-17.324968803318356,15.67371539647359,25.46302670373069
19,raw/keeper_6e87fc8bc37b4a89aeda/12-09-26_99.7wt_glycerol_D3/map-data-2026.09.12-15.53.31.481.jpk-force-map,0.1,250.0,64,2.1739038756427913,-16.21574998232186,20.079915729417344,27.29661713563755
19,raw/keeper_6e87fc8bc37b4a89aeda/12-09-26_99.7wt_glycerol_D3/map-data-2026.09.12-15.53.31.481.jpk-force-map,0.1,255.0,64,0.5380832081411335,-13.754107941845959,21.233941682517962,24.73878206375564
19,raw/keeper_6e87fc8bc37b4a89aeda/12-09-26_99.7wt_glycerol_D3/map-data-2026.09.12-15.53.31.481.jpk-force-map,0.1,260.0,64,8.087252444409918,-10.636628324060498,24.248113897002455,26.985647586983138
19,raw/keeper_6e87fc8bc37b4a89aeda/12-09-26_99.7wt_glycerol_D3/map-data-2026.09.12-15.53.31.481.jpk-force-map,0.1,265.0,64,6.164845061766702,-9.329351872922182,17.473920003602153,20.281404487448274
19,raw/keeper_6e87fc8bc37b4a89aeda/12-09-26_99.7wt_glycerol_D3/map-data-2026.09.12-15.53.31.481.jpk-force-map,0.1,270.0,64,5.160582122401818,-10.946558817771226,18.790482606539953,22.904282795098084
19,raw/keeper_6e87fc8bc37b4a89aeda/12-09-26_99.7wt_glycerol_D3/map-data-2026.09.12-15.53.31.481.jpk-force-map,0.1,275.0,64,6.657201634819048,-8.090052372430131,18.956804957871025,18.930946761099843
19,raw/keeper_6e87fc8bc37b4a89aeda/12-09-26_99.7wt_glycerol_D3/map-data-2026.09.12-15.53.31.481.jpk-force-map,0.1,280.0,64,-0.9383569413994651,-17.018931700644163,19.273644149709245,27.095272949984135
19,raw/keeper_6e87fc8bc37b4a89aeda/12-09-26_99.7wt_glycerol_D3/map-data-2026.09.12-15.53.31.481.jpk-force-map,0.1,285.0,64,1.3437832049146414,-10.854741059920002,15.349155693056598,19.31636723408455
19,raw/keeper_6e87fc8bc37b4a89aeda/12-09-26_99.7wt_glycerol_D3/map-data-2026.09.12-15.53.31.481.jpk-force-map,0.1,290.0,64,3.084493483556926,-10.822840104895338,18.47584690834538,22.087508748344955
19,raw/keeper_6e87fc8bc37b4a89aeda/12-09-26_99.7wt_glycerol_D3/map-data-2026.09.12-15.53.31.481.jpk-force-map,0.1,295.0,64,-3.037921899776986,-18.18277396942257,6.145775729522028,17.525492129597847
19,raw/keeper_6e87fc8bc37b4a89aeda/12-09-26_99.7wt_glycerol_D3/map-data-2026.09.12-15.53.31.481.jpk-force-map,0.1,300.0,64,-0.35146552058429015,-14.158134241349705,17.2830858563934,23.93686872608087
20,raw/keeper_6e87fc8bc37b4a89aeda/12-09-26_99.7wt_glycerol_D3/map-data-2026.09.12-15.59.37.465.jpk-force-map,0.3,5.0,64,1791.2387737198057,1265.113469993134,2950.0296410061765,993.0992338572496
20,raw/keeper_6e87fc8bc37b4a89aeda/12-09-26_99.7wt_glycerol_D3/map-data-2026.09.12-15.59.37.465.jpk-force-map,0.3,10.0,64,1404.95845112863,850.4873968369593,1779.248554158954,696.7062722619407
20,raw/keeper_6e87fc8bc37b4a89aeda/12-09-26_99.7wt_glycerol_D3/map-data-2026.09.12-15.59.37.465.jpk-force-map,0.3,15.0,64,1340.508250054389,770.0912329274261,1581.9492406170757,512.2418379473339
20,raw/keeper_6e87fc8bc37b4a89aeda/12-09-26_99.7wt_glycerol_D3/map-data-2026.09.12-15.59.37.465.jpk-force-map,0.3,20.0,64,1124.401339553052,641.7073595116306,1315.6880064872457,382.92018938204166
20,raw/keeper_6e87fc8bc37b4a89aeda/12-09-26_99.7wt_glycerol_D3/map-data-2026.09.12-15.59.37.465.jpk-force-map,0.3,25.0,64,945.2523688616873,575.0600764593903,1075.6919196067481,283.5013578774496
20,raw/keeper_6e87fc8bc37b4a89aeda/12-09-26_99.7wt_glycerol_D3/map-data-2026.09.12-15.59.37.465.jpk-force-map,0.3,30.0,64,771.463255643033,509.1721703344582,895.7813105077505,259.5117029301968
20,raw/keeper_6e87fc8bc37b4a89aeda/12-09-26_99.7wt_glycerol_D3/map-data-2026.09.12-15.59.37.465.jpk-force-map,0.3,35.0,64,667.7893102872197,461.72141743807896,777.9240398422291,233.26260612409462
20,raw/keeper_6e87fc8bc37b4a89aeda/12-09-26_99.7wt_glycerol_D3/map-data-2026.09.12-15.59.37.465.jpk-force-map,0.3,40.0,64,572.5764160500572,393.01486188272673,672.4560530344523,176.66270942724606
20,raw/keeper_6e87fc8bc37b4a89aeda/12-09-26_99.7wt_glycerol_D3/map-data-2026.09.12-15.59.37.465.jpk-force-map,0.3,45.0,64,497.94749913989426,360.62882347123303,576.5892927669277,151.4408683473905
20,raw/keeper_6e87fc8bc37b4a89aeda/12-09-26_99.7wt_glycerol_D3/map-data-2026.09.12-15.59.37.465.jpk-force-map,0.3,50.0,64,450.84908156422256,337.69761181340994,507.0386997388655,135.04086000289306
20,raw/keeper_6e87fc8bc37b4a89aeda/12-09-26_99.7wt_glycerol_D3/map-data-2026.09.12-15.59.37.465.jpk-force-map,0.3,55.0,64,406.0022203057359,296.1168251691299,455.10346449838124,105.0457591669689
20,raw/keeper_6e87fc8bc37b4a89aeda/12-09-26_99.7wt_glycerol_D3/map-data-2026.09.12-15.59.37.465.jpk-force-map,0.3,60.0,64,359.5207643837372,250.76579462353243,398.7013582953447,83.95686550554618
20,raw/keeper_6e87fc8bc37b4a89aeda/12-09-26_99.7wt_glycerol_D3/map-data-2026.09.12-15.59.37.465.jpk-force-map,0.3,65.0,64,312.5883875098249,234.0868636494608,358.7961214747138,86.94232055156473
20,raw/keeper_6e87fc8bc37b4a89aeda/12-09-26_99.7wt_glycerol_D3/map-data-2026.09.12-15.59.37.465.jpk-force-map,0.3,70.0,64,271.02425132506926,195.28458308892965,314.6062658108465,83.13267338584308
20,raw/keeper_6e87fc8bc37b4a89aeda/12-09-26_99.7wt_glycerol_D3/map-data-2026.09.12-15.59.37.465.jpk-force-map,0.3,75.0,64,250.80656753982146,203.80268481190728,295.4271482250949,69.98178099851964
20,raw/keeper_6e87fc8bc37b4a89aeda/12-09-26_99.7wt_glycerol_D3/map-data-2026.09.12-15.59.37.465.jpk-force-map,0.3,80.0,64,228.36338830585618,181.58929020308545,266.42487252648857,61.20819030056397
20,raw/keeper_6e87fc8bc37b4a89aeda/12-09-26_99.7wt_glycerol_D3/map-data-2026.09.12-15.59.37.465.jpk-force-map,0.3,85.0,64,214.96695874262647,170.82543083041105,245.93681344364316,53.467357475686384
20,raw/keeper_6e87fc8bc37b4a89aeda/12-09-26_99.7wt_glycerol_D3/map-data-2026.09.12-15.59.37.465.jpk-force-map,0.3,90.0,64,195.06762180276166,164.1292952852816,224.8559980020046,45.395536130427345
20,raw/keeper_6e87fc8bc37b4a89aeda/12-09-26_99.7wt_glycerol_D3/map-data-2026.09.12-15.59.37.465.jpk-force-map,0.3,95.0,64,174.2660950390368,147.93022061390752,204.49073812905104,44.41716108362531
20,raw/keeper_6e87fc8bc37b4a89aeda/12-09-26_99.7wt_glycerol_D3/map-data-2026.09.12-15.59.37.465.jpk-force-map,0.3,100.0,64,160.68394243980023,135.76759838467208,181.98606816822738,34.74448520483826
20,raw/keeper_6e87fc8bc37b4a89aeda/12-09-26_99.7wt_glycerol_D3/map-data-2026.09.12-15.59.37.465.jpk-force-map,0.3,105.0,64,151.65395920193745,123.19877949752251,178.63818263949778,41.83041517772214
20,raw/keeper_6e87fc8bc37b4a89aeda/12-09-26_99.7wt_glycerol_D3/map-data-2026.09.12-15.59.37.465.jpk-force-map,0.3,110.0,64,133.5986150925845,111.42941461387726,169.0321846242761,40.10686768246733
20,raw/keeper_6e87fc8bc37b4a89aeda/12-09-26_99.7wt_glycerol_D3/map-data-2026.09.12-15.59.37.465.jpk-force-map,0.3,115.0,64,123.1776806316579,101.60644702867118,147.00365153514576,34.14224575824618
20,raw/keeper_6e87fc8bc37b4a89aeda/12-09-26_99.7wt_glycerol_D3/map-data-2026.09.12-15.59.37.465.jpk-force-map,0.3,120.0,64,125.43008189753934,97.27858669356526,143.55409879763076,33.08335268771444
20,raw/keeper_6e87fc8bc37b4a89aeda/12-09-26_99.7wt_glycerol_D3/map-data-2026.09.12-15.59.37.465.jpk-force-map,0.3,125.0,64,118.09050963972689,95.77864537305402,147.99983775907066,39.00213976377099
20,raw/keeper_6e87fc8bc37b4a89aeda/12-09-26_99.7wt_glycerol_D3/map-data-2026.09.12-15.59.37.465.jpk-force-map,0.3,130.0,64,118.85482371821254,90.49849472694187,138.4924419426687,38.34180845440045
20,raw/keeper_6e87fc8bc37b4a89aeda/12-09-26_99.7wt_glycerol_D3/map-data-2026.09.12-15.59.37.465.jpk-force-map,0.3,135.0,64,116.89343272239412,84.57069919230267,129.87376647392327,34.674332832725355
20,raw/keeper_6e87fc8bc37b4a89aeda/12-09-26_99.7wt_glycerol_D3/map-data-2026.09.12-15.59.37.465.jpk-force-map,0.3,140.0,64,95.20084957639435,75.20961204056974,126.00192991811248,39.184742261764
20,raw/keeper_6e87fc8bc37b4a89aeda/12-09-26_99.7wt_glycerol_D3/map-data-2026.09.12-15.59.37.465.jpk-force-map,0.3,145.0,64,89.84587955199547,63.01163450724225,112.58949603260176,36.29176749621785
20,raw/keeper_6e87fc8bc37b4a89aeda/12-09-26_99.7wt_glycerol_D3/map-data-2026.09.12-15.59.37.465.jpk-force-map,0.3,150.0,64,85.71618453656541,59.375961110820754,98.2914565122537,34.19746373181246
20,raw/keeper_6e87fc8bc37b4a89aeda/12-09-26_99.7wt_glycerol_D3/map-data-2026.09.12-15.59.37.465.jpk-force-map,0.3,155.0,64,87.3828872503729,64.72211716062588,101.95278487043134,27.029861266888506
20,raw/keeper_6e87fc8bc37b4a89aeda/12-09-26_99.7wt_glycerol_D3/map-data-2026.09.12-15.59.37.465.jpk-force-map,0.3,160.0,64,69.42991447371601,43.94082774645285,96.94684492626885,39.72392808818877
20,raw/keeper_6e87fc8bc37b4a89aeda/12-09-26_99.7wt_glycerol_D3/map-data-2026.09.12-15.59.37.465.jpk-force-map,0.3,165.0,64,71.30253615402263,54.26541320507738,97.30718240811619,31.357864703172478
20,raw/keeper_6e87fc8bc37b4a89aeda/12-09-26_99.7wt_glycerol_D3/map-data-2026.09.12-15.59.37.465.jpk-force-map,0.3,170.0,64,76.10370029756311,38.71119177802061,92.5694308355233,42.19399900546271
20,raw/keeper_6e87fc8bc37b4a89aeda/12-09-26_99.7wt_glycerol_D3/map-data-2026.09.12-15.59.37.465.jpk-force-map,0.3,175.0,64,66.19995727417857,38.75339779356029,87.61519843777799,35.06493613151354
20,raw/keeper_6e87fc8bc37b4a89aeda/12-09-26_99.7wt_glycerol_D3/map-data-2026.09.12-15.59.37.465.jpk-force-map,0.3,180.0,64,57.49882475367559,27.52001203013611,81.32318031407397,43.26799841662657
20,raw/keeper_6e87fc8bc37b4a89aeda/12-09-26_99.7wt_glycerol_D3/map-data-2026.09.12-15.59.37.465.jpk-force-map,0.3,185.0,64,54.836209181691814,23.158544274996345,85.94318580131286,46.97887713407944
20,raw/keeper_6e87fc8bc37b4a89aeda/12-09-26_99.7wt_glycerol_D3/map-data-2026.09.12-15.59.37.465.jpk-force-map,0.3,190.0,64,40.78555738423407,19.834424999178875,63.03555815256045,33.20548069686744
20,raw/keeper_6e87fc8bc37b4a89aeda/12-09-26_99.7wt_glycerol_D3/map-data-2026.09.12-15.59.37.465.jpk-force-map,0.3,195.0,64,42.38497898749941,21.18148030932077,63.01170077773456,31.853278986489816
20,raw/keeper_6e87fc8bc37b4a89aeda/12-09-26_99.7wt_glycerol_D3/map-data-2026.09.12-15.59.37.465.jpk-force-map,0.3,200.0,64,39.69749541578138,20.27113093191869,69.86657070358774,35.28180423145204
20,raw/keeper_6e87fc8bc37b4a89aeda/12-09-26_99.7wt_glycerol_D3/map-data-2026.09.12-15.59.37.465.jpk-force-map,0.3,205.0,64,42.182605491980766,11.927005801361224,63.035516733507464,41.714722715309975
20,raw/keeper_6e87fc8bc37b4a89aeda/12-09-26_99.7wt_glycerol_D3/map-data-2026.09.12-15.59.37.465.jpk-force-map,0.3,210.0,64,23.600874915204674,3.5918271863669347,48.42405923514474,32.65946631321541
20,raw/keeper_6e87fc8bc37b4a89aeda/12-09-26_99.7wt_glycerol_D3/map-data-2026.09.12-15.59.37.465.jpk-force-map,0.3,215.0,64,36.704637446236205,19.738746985538924,58.04689823752682,27.210081138804306
20,raw/keeper_6e87fc8bc37b4a89aeda/12-09-26_99.7wt_glycerol_D3/map-data-2026.09.12-15.59.37.465.jpk-force-map,0.3,220.0,64,33.86103717797126,11.568532176920566,58.073356728914504,36.18177368587542
20,raw/keeper_6e87fc8bc37b4a89aeda/12-09-26_99.7wt_glycerol_D3/map-data-2026.09.12-15.59.37.465.jpk-force-map,0.3,225.0,64,33.68581801394774,12.236356428320944,49.06042157348894,24.79154372176661
20,raw/keeper_6e87fc8bc37b4a89aeda/12-09-26_99.7wt_glycerol_D3/map-data-2026.09.12-15.59.37.465.jpk-force-map,0.3,230.0,64,30.811335699372997,12.120979512825173,56.434587024808906,31.898131308437346
20,raw/keeper_6e87fc8bc37b4a89aeda/12-09-26_99.7wt_glycerol_D3/map-data-2026.09.12-15.59.37.465.jpk-force-map,0.3,235.0,64,25.073537647059865,-3.085247310333634,44.042743469556164,38.98693517050795
20,raw/keeper_6e87fc8bc37b4a89aeda/12-09-26_99.7wt_glycerol_D3/map-data-2026.09.12-15.59.37.465.jpk-force-map,0.3,240.0,64,23.093855997203548,-0.3156463230963314,41.83460260427235,28.851563131534665
20,raw/keeper_6e87fc8bc37b4a89aeda/12-09-26_99.7wt_glycerol_D3/map-data-2026.09.12-15.59.37.465.jpk-force-map,0.3,245.0,64,19.41251395236254,-3.790265871800025,47.180841492188065,35.55079534734956
20,raw/keeper_6e87fc8bc37b4a89aeda/12-09-26_99.7wt_glycerol_D3/map-data-2026.09.12-15.59.37.465.jpk-force-map,0.3,250.0,64,19.869929411862582,0.20121376201860486,48.707440115545396,34.165703571749496
20,raw/keeper_6e87fc8bc37b4a89aeda/12-09-26_99.7wt_glycerol_D3/map-data-2026.09.12-15.59.37.465.jpk-force-map,0.3,255.0,64,18.143450720006427,-6.980966092403043,38.07786959820273,36.786592263804586
20,raw/keeper_6e87fc8bc37b4a89aeda/12-09-26_99.7wt_glycerol_D3/map-data-2026.09.12-15.59.37.465.jpk-force-map,0.3,260.0,64,20.78515795377156,-12.332813120168993,38.590397250321246,30.892908732673142
20,raw/keeper_6e87fc8bc37b4a89aeda/12-09-26_99.7wt_glycerol_D3/map-data-2026.09.12-15.59.37.465.jpk-force-map,0.3,265.0,64,11.701694434000707,-3.4884120935279466,39.01415558692928,31.685610887033643
20,raw/keeper_6e87fc8bc37b4a89aeda/12-09-26_99.7wt_glycerol_D3/map-data-2026.09.12-15.59.37.465.jpk-force-map,0.3,270.0,64,13.137162855797826,-9.711641453139048,32.46430385503543,33.64513661719747
20,raw/keeper_6e87fc8bc37b4a89aeda/12-09-26_99.7wt_glycerol_D3/map-data-2026.09.12-15.59.37.465.jpk-force-map,0.3,275.0,64,6.311849566534544,-11.208451493204889,34.93976329176235,31.5261960078197
20,raw/keeper_6e87fc8bc37b4a89aeda/12-09-26_99.7wt_glycerol_D3/map-data-2026.09.12-15.59.37.465.jpk-force-map,0.3,280.0,64,2.9075844221458045,-11.999016967818608,35.18165884815422,34.58234381536829
20,raw/keeper_6e87fc8bc37b4a89aeda/12-09-26_99.7wt_glycerol_D3/map-data-2026.09.12-15.59.37.465.jpk-force-map,0.3,285.0,64,7.65695818116313,-7.126744593189123,27.993696893857965,22.50098034491566
20,raw/keeper_6e87fc8bc37b4a89aeda/12-09-26_99.7wt_glycerol_D3/map-data-2026.09.12-15.59.37.465.jpk-force-map,0.3,290.0,64,12.411799255237586,-12.444180671286363,41.45602417125056,43.278978147136606
20,raw/keeper_6e87fc8bc37b4a89aeda/12-09-26_99.7wt_glycerol_D3/map-data-2026.09.12-15.59.37.465.jpk-force-map,0.3,295.0,64,4.599453352877482,-13.537436589051527,24.374831349351012,29.05295644348785
20,raw/keeper_6e87fc8bc37b4a89aeda/12-09-26_99.7wt_glycerol_D3/map-data-2026.09.12-15.59.37.465.jpk-force-map,0.3,300.0,64,0.2401145370898331,-15.066114448896867,29.93358311709441,32.98097345558386
21,raw/keeper_6e87fc8bc37b4a89aeda/12-09-26_99.7wt_glycerol_D3/map-data-2026.09.12-16.02.09.306.jpk-force-map,0.3,5.0,64,1927.0872220969563,1363.4768216984942,2919.5676998747053,1163.035863539713
21,raw/keeper_6e87fc8bc37b4a89aeda/12-09-26_99.7wt_glycerol_D3/map-data-2026.09.12-16.02.09.306.jpk-force-map,0.3,10.0,64,1575.499813522354,862.1261094581704,1760.6564853864172,758.4705478399203
21,raw/keeper_6e87fc8bc37b4a89aeda/12-09-26_99.7wt_glycerol_D3/map-data-2026.09.12-16.02.09.306.jpk-force-map,0.3,15.0,64,1320.610569876666,764.2352580315995,1598.3741899549318,565.2941517845022
21,raw/keeper_6e87fc8bc37b4a89aeda/12-09-26_99.7wt_glycerol_D3/map-data-2026.09.12-16.02.09.306.jpk-force-map,0.3,20.0,64,1087.461276206585,664.7920039113288,1332.0826619293575,440.06570745205585
21,raw/keeper_6e87fc8bc37b4a89aeda/12-09-26_99.7wt_glycerol_D3/map-data-2026.09.12-16.02.09.306.jpk-force-map,0.3,25.0,64,935.3829042469968,576.9253006967388,1068.6042580324665,335.76150994968776
21,raw/keeper_6e87fc8bc37b4a89aeda/12-09-26_99.7wt_glycerol_D3/map-data-2026.09.12-16.02.09.306.jpk-force-map,0.3,30.0,64,794.7695913848178,509.2332551545978,923.2313491888603,250.76930743973222
21,raw/keeper_6e87fc8bc37b4a89aeda/12-09-26_99.7wt_glycerol_D3/map-data-2026.09.12-16.02.09.306.jpk-force-map,0.3,35.0,64,665.3409140600634,473.0616974948409,774.9096688162855,224.38390968375222
21,raw/keeper_6e87fc8bc37b4a89aeda/12-09-26_99.7wt_glycerol_D3/map-data-2026.09.12-16.02.09.306.jpk-force-map,0.3,40.0,64,565.1143593671611,388.728022978233,673.6910532371885,192.13739914083544
21,raw/keeper_6e87fc8bc37b4a89aeda/12-09-26_99.7wt_glycerol_D3/map-data-2026.09.12-16.02.09.306.jpk-force-map,0.3,45.0,64,484.34127378675316,371.2587501924342,582.8644119167961,157.1366465346429
21,raw/keeper_6e87fc8bc37b4a89aeda/12-09-26_99.7wt_glycerol_D3/map-data-2026.09.12-16.02.09.306.jpk-force-map,0.3,50.0,64,445.00225199541507,312.6046237788095,501.0639598489629,116.71745832996857
21,raw/keeper_6e87fc8bc37b4a89aeda/12-09-26_99.7wt_glycerol_D3/map-data-2026.09.12-16.02.09.306.jpk-force-map,0.3,55.0,64,378.3715862674479,299.77506366592047,435.16170616389877,96.16517136364916
21,raw/keeper_6e87fc8bc37b4a89aeda/12-09-26_99.7wt_glycerol_D3/map-data-2026.09.12-16.02.09.306.jpk-force-map,0.3,60.0,64,328.1472561546923,263.67134213202195,383.55957123565884,87.02055420183633
21,raw/keeper_6e87fc8bc37b4a89aeda/12-09-26_99.7wt_glycerol_D3/map-data-2026.09.12-16.02.09.306.jpk-force-map,0.3,65.0,64,299.3036071472743,226.2894286063667,355.3105672958793,85.33213201895441
21,raw/keeper_6e87fc8bc37b4a89aeda/12-09-26_99.7wt_glycerol_D3/map-data-2026.09.12-16.02.09.306.jpk-force-map,0.3,70.0,64,279.1114043637523,218.10142017235614,311.3516642744666,62.66726630053372
21,raw/keeper_6e87fc8bc37b4a89aeda/12-09-26_99.7wt_glycerol_D3/map-data-2026.09.12-16.02.09.306.jpk-force-map,0.3,75.0,64,235.71606555220916,203.87390073254159,282.51301868871445,59.53146017969264
21,raw/keeper_6e87fc8bc37b4a89aeda/12-09-26_99.7wt_glycerol_D3/map-data-2026.09.12-16.02.09.306.jpk-force-map,0.3,80.0,64,227.93849508718546,190.93177191598215,253.05168733609457,46.673458858571884
21,raw/keeper_6e87fc8bc37b4a89aeda/12-09-26_99.7wt_glycerol_D3/map-data-2026.09.12-16.02.09.306.jpk-force-map,0.3,85.0,64,216.17805186766668,166.3523138745942,250.4996937722606,61.898218464926615
21,raw/keeper_6e87fc8bc37b4a89aeda/12-09-26_99.7wt_glycerol_D3/map-data-2026.09.12-16.02.09.306.jpk-force-map,0.3,90.0,64,191.33753781573432,151.87179028823323,227.67917867688087,56.561086911153375
21,raw/keeper_6e87fc8bc37b4a89aeda/12-09-26_99.7wt_glycerol_D3/map-data-2026.09.12-16.02.09.306.jpk-force-map,0.3,95.0,64,175.1680363485711,137.3252861496041,205.03495964092667,53.53935208446531
21,raw/keeper_6e87fc8bc37b4a89aeda/12-09-26_99.7wt_glycerol_D3/map-data-2026.09.12-16.02.09.306.jpk-force-map,0.3,100.0,64,153.88101200706183,131.99865504162779,192.5071456167651,40.91755006664857
21,raw/keeper_6e87fc8bc37b4a89aeda/12-09-26_99.7wt_glycerol_D3/map-data-2026.09.12-16.02.09.306.jpk-force-map,0.3,105.0,64,137.6210678946307,126.96744119100704,170.19712035607478,35.120104978778066
21,raw/keeper_6e87fc8bc37b4a89aeda/12-09-26_99.7wt_glycerol_D3/map-data-2026.09.12-16.02.09.306.jpk-force-map,0.3,110.0,64,137.80510103325264,106.77075686589099,164.6840123853195,45.44554671503338
21,raw/keeper_6e87fc8bc37b4a89aeda/12-09-26_99.7wt_glycerol_D3/map-data-2026.09.12-16.02.09.306.jpk-force-map,0.3,115.0,64,128.62266254317657,108.8452135940235,156.44835547213296,36.46434822677679
21,raw/keeper_6e87fc8bc37b4a89aeda/12-09-26_99.7wt_glycerol_D3/map-data-2026.09.12-16.02.09.306.jpk-force-map,0.3,120.0,64,126.11246908816162,95.84656433702573,156.45447720824188,44.90967691459722
21,raw/keeper_6e87fc8bc37b4a89aeda/12-09-26_99.7wt_glycerol_D3/map-data-2026.09.12-16.02.09.306.jpk-force-map,0.3,125.0,64,111.09367176601026,85.57370299244458,142.30235701345978,45.80618296410326
21,raw/keeper_6e87fc8bc37b4a89aeda/12-09-26_99.7wt_glycerol_D3/map-data-2026.09.12-16.02.09.306.jpk-force-map,0.3,130.0,64,112.57284557308472,90.84759107766067,129.00044573037064,28.369167320627728
21,raw/keeper_6e87fc8bc37b4a89aeda/12-09-26_99.7wt_glycerol_D3/map-data-2026.09.12-16.02.09.306.jpk-force-map,0.3,135.0,64,102.74912416110655,80.47689792866203,119.53215778430751,30.54821397150994
21,raw/keeper_6e87fc8bc37b4a89aeda/12-09-26_99.7wt_glycerol_D3/map-data-2026.09.12-16.02.09.306.jpk-force-map,0.3,140.0,64,101.48198277283367,71.12126152436926,128.85639854602383,42.529703651708644
21,raw/keeper_6e87fc8bc37b4a89aeda/12-09-26_99.7wt_glycerol_D3/map-data-2026.09.12-16.02.09.306.jpk-force-map,0.3,145.0,64,91.50519310665331,68.25416836894877,110.73102310097464,29.979847116361295
21,raw/keeper_6e87fc8bc37b4a89aeda/12-09-26_99.7wt_glycerol_D3/map-data-2026.09.12-16.02.09.306.jpk-force-map,0.3,150.0,64,90.81672559897973,71.91026135876227,115.76423334997807,33.81174850097029
21,raw/keeper_6e87fc8bc37b4a89aeda/12-09-26_99.7wt_glycerol_D3/map-data-2026.09.12-16.02.09.306.jpk-force-map,0.3,155.0,64,80.25299480912142,49.01567242806071,103.68880651222129,36.55179306035682
21,raw/keeper_6e87fc8bc37b4a89aeda/12-09-26_99.7wt_glycerol_D3/map-data-2026.09.12-16.02.09.306.jpk-force-map,0.3,160.0,64,74.45777338100287,54.946209904040934,101.71130350458054,35.22341761081218
21,raw/keeper_6e87fc8bc37b4a89aeda/12-09-26_99.7wt_glycerol_D3/map-data-2026.09.12-16.02.09.306.jpk-force-map,0.3,165.0,64,68.05844677342729,44.01206023470081,91.14741532231677,35.72941861416489
21,raw/keeper_6e87fc8bc37b4a89aeda/12-09-26_99.7wt_glycerol_D3/map-data-2026.09.12-16.02.09.306.jpk-force-map,0.3,170.0,64,63.70855150184124,34.734150826257654,93.5922329432506,43.86574280576883
21,raw/keeper_6e87fc8bc37b4a89aeda/12-09-26_99.7wt_glycerol_D3/map-data-2026.09.12-16.02.09.306.jpk-force-map,0.3,175.0,64,59.2018271259925,26.77866895873022,84.77091061323196,45.471681912481166
21,raw/keeper_6e87fc8bc37b4a89aeda/12-09-26_99.7wt_glycerol_D3/map-data-2026.09.12-16.02.09.306.jpk-force-map,0.3,180.0,64,61.36033968134715,28.65477812334741,86.48575055104538,42.14646929956482
21,raw/keeper_6e87fc8bc37b4a89aeda/12-09-26_99.7wt_glycerol_D3/map-data-2026.09.12-16.02.09.306.jpk-force-map,0.3,185.0,64,45.59056521593837,27.271920183338487,71.41744917612381,32.62318653254002
21,raw/keeper_6e87fc8bc37b4a89aeda/12-09-26_99.7wt_glycerol_D3/map-data-2026.09.12-16.02.09.306.jpk-force-map,0.3,190.0,64,55.3850779113734,25.47560068343401,71.6999436887777,31.397755267705698
21,raw/keeper_6e87fc8bc37b4a89aeda/12-09-26_99.7wt_glycerol_D3/map-data-2026.09.12-16.02.09.306.jpk-force-map,0.3,195.0,64,45.67911915237809,23.813089577837786,69.2942090867493,33.704530327201304
21,raw/keeper_6e87fc8bc37b4a89aeda/12-09-26_99.7wt_glycerol_D3/map-data-2026.09.12-16.02.09.306.jpk-force-map,0.3,200.0,64,41.177630144893484,14.3989529023528,68.87868485798732,41.61349795148779
21,raw/keeper_6e87fc8bc37b4a89aeda/12-09-26_99.7wt_glycerol_D3/map-data-2026.09.12-16.02.09.306.jpk-force-map,0.3,205.0,64,44.41340257954606,14.403020253407757,64.14500063644279,31.466335597863125
21,raw/keeper_6e87fc8bc37b4a89aeda/12-09-26_99.7wt_glycerol_D3/map-data-2026.09.12-16.02.09.306.jpk-force-map,0.3,210.0,64,32.62532456751336,4.122537802977388,61.573639523182806,43.094803607180275
21,raw/keeper_6e87fc8bc37b4a89aeda/12-09-26_99.7wt_glycerol_D3/map-data-2026.09.12-16.02.09.306.jpk-force-map,0.3,215.0,64,40.06145292290407,19.39022221775406,56.703040478319984,28.56962723268131
21,raw/keeper_6e87fc8bc37b4a89aeda/12-09-26_99.7wt_glycerol_D3/map-data-2026.09.12-16.02.09.306.jpk-force-map,0.3,220.0,64,29.689558621351086,10.052097789297049,58.2187873096558,35.22985315755891
21,raw/keeper_6e87fc8bc37b4a89aeda/12-09-26_99.7wt_glycerol_D3/map-data-2026.09.12-16.02.09.306.jpk-force-map,0.3,225.0,64,30.647051165476952,15.929991648249205,49.252208358926204,25.84746465049249
21,raw/keeper_6e87fc8bc37b4a89aeda/12-09-26_99.7wt_glycerol_D3/map-data-2026.09.12-16.02.09.306.jpk-force-map,0.3,230.0,64,21.512476533652926,-0.9721880243178285,49.82051919232996,38.55737470709203
21,raw/keeper_6e87fc8bc37b4a89aeda/12-09-26_99.7wt_glycerol_D3/map-data-2026.09.12-16.02.09.306.jpk-force-map,0.3,235.0,64,14.478792269926975,-10.519321280669041,46.43004659276746,39.736037723854345
21,raw/keeper_6e87fc8bc37b4a89aeda/12-09-26_99.7wt_glycerol_D3/map-data-2026.09.12-16.02.09.306.jpk-force-map,0.3,240.0,64,23.53102582334192,2.8960450738332746,48.27456130335575,33.166007705977385
21,raw/keeper_6e87fc8bc37b4a89aeda/12-09-26_99.7wt_glycerol_D3/map-data-2026.09.12-16.02.09.306.jpk-force-map,0.3,245.0,64,21.473940246253363,4.612657747142908,44.06533342135259,27.670640304469064
21,raw/keeper_6e87fc8bc37b4a89aeda/12-09-26_99.7wt_glycerol_D3/map-data-2026.09.12-16.02.09.306.jpk-force-map,0.3,250.0,64,25.674594384185394,1.2517914870390396,45.7852016322626,35.882176878223326
21,raw/keeper_6e87fc8bc37b4a89aeda/12-09-26_99.7wt_glycerol_D3/map-data-2026.09.12-16.02.09.306.jpk-force-map,0.3,255.0,64,23.46195540968264,-0.9381995489966781,42.151673742809514,28.648425835532677
21,raw/keeper_6e87fc8bc37b4a89aeda/12-09-26_99.7wt_glycerol_D3/map-data-2026.09.12-16.02.09.306.jpk-force-map,0.3,260.0,64,19.199404638174173,-7.398992032003891,44.954791028158944,39.722454298860285
21,raw/keeper_6e87fc8bc37b4a89aeda/12-09-26_99.7wt_glycerol_D3/map-data-2026.09.12-16.02.09.306.jpk-force-map,0.3,265.0,64,15.229007302596576,-1.134550714129974,37.66308262859323,27.035633608430455
21,raw/keeper_6e87fc8bc37b4a89aeda/12-09-26_99.7wt_glycerol_D3/map-data-2026.09.12-16.02.09.306.jpk-force-map,0.3,270.0,64,17.527814476046018,-4.052937225439142,34.61530299408415,27.576023029477124
21,raw/keeper_6e87fc8bc37b4a89aeda/12-09-26_99.7wt_glycerol_D3/map-data-2026.09.12-16.02.09.306.jpk-force-map,0.3,275.0,64,16.472357586524637,2.078085037217015,31.71472667579141,22.809223383306215
21,raw/keeper_6e87fc8bc37b4a89aeda/12-09-26_99.7wt_glycerol_D3/map-data-2026.09.12-16.02.09.306.jpk-force-map,0.3,280.0,64,17.551804391845945,-9.91958995326143,34.021320631298046,27.23027205262468
21,raw/keeper_6e87fc8bc37b4a89aeda/12-09-26_99.7wt_glycerol_D3/map-data-2026.09.12-16.02.09.306.jpk-force-map,0.3,285.0,64,4.049656836401426,-14.046269661593906,32.54671948773472,36.216702493010004
21,raw/keeper_6e87fc8bc37b4a89aeda/12-09-26_99.7wt_glycerol_D3/map-data-2026.09.12-16.02.09.306.jpk-force-map,0.3,290.0,64,2.7867898944523835,-15.02472024680318,25.116613462726054,30.477472083670353
21,raw/keeper_6e87fc8bc37b4a89aeda/12-09-26_99.7wt_glycerol_D3/map-data-2026.09.12-16.02.09.306.jpk-force-map,0.3,295.0,64,6.929043166907183,-14.680097153862668,31.757819059073235,35.00750747395552
21,raw/keeper_6e87fc8bc37b4a89aeda/12-09-26_99.7wt_glycerol_D3/map-data-2026.09.12-16.02.09.306.jpk-force-map,0.3,300.0,64,3.318030674949077,-11.108209099863615,17.51407163408852,21.991098362998546
22,raw/keeper_6e87fc8bc37b4a89aeda/12-09-26_99.7wt_glycerol_D3/map-data-2026.09.12-16.05.09.289.jpk-force-map,0.1,5.0,64,874.1645987839947,258.5084488264331,1613.1214605298026,928.7819621490305
22,raw/keeper_6e87fc8bc37b4a89aeda/12-09-26_99.7wt_glycerol_D3/map-data-2026.09.12-16.05.09.289.jpk-force-map,0.1,10.0,64,666.3769205620481,436.75483207102525,1048.9033183589827,462.89227242314354
22,raw/keeper_6e87fc8bc37b4a89aeda/12-09-26_99.7wt_glycerol_D3/map-data-2026.09.12-16.05.09.289.jpk-force-map,0.1,15.0,64,769.1663040431804,466.65530479672975,987.5706383215784,388.21060181404727
22,raw/keeper_6e87fc8bc37b4a89aeda/12-09-26_99.7wt_glycerol_D3/map-data-2026.09.12-16.05.09.289.jpk-force-map,0.1,20.0,64,650.024943312686,392.0894028345978,812.9452826960857,272.3084437414968
22,raw/keeper_6e87fc8bc37b4a89aeda/12-09-26_99.7wt_glycerol_D3/map-data-2026.09.12-16.05.09.289.jpk-force-map,0.1,25.0,64,516.3148446956334,341.49493549192744,670.3220688425948,235.4090820307846
22,raw/keeper_6e87fc8bc37b4a89aeda/12-09-26_99.7wt_glycerol_D3/map-data-2026.09.12-16.05.09.289.jpk-force-map,0.1,30.0,64,450.68713306494317,302.93175884358044,542.5654041543106,175.98331710921832
22,raw/keeper_6e87fc8bc37b4a89aeda/12-09-26_99.7wt_glycerol_D3/map-data-2026.09.12-16.05.09.289.jpk-force-map,0.1,35.0,64,385.7421068420582,246.7894080928172,481.0622018735479,164.51632728416976
22,raw/keeper_6e87fc8bc37b4a89aeda/12-09-26_99.7wt_glycerol_D3/map-data-2026.09.12-16.05.09.289.jpk-force-map,0.1,40.0,64,336.8007567636405,208.50085633695613,396.5754176836832,131.5969827857443
22,raw/keeper_6e87fc8bc37b4a89aeda/12-09-26_99.7wt_glycerol_D3/map-data-2026.09.12-16.05.09.289.jpk-force-map,0.1,45.0,64,280.3961405659628,180.58302258153134,340.2028101305689,104.18656455066679
22,raw/keeper_6e87fc8bc37b4a89aeda/12-09-26_99.7wt_glycerol_D3/map-data-2026.09.12-16.05.09.289.jpk-force-map,0.1,50.0,64,231.70860644754094,175.1277853123611,288.944353940854,85.14496077402539
22,raw/keeper_6e87fc8bc37b4a89aeda/12-09-26_99.7wt_glycerol_D3/map-data-2026.09.12-16.05.09.289.jpk-force-map,0.1,55.0,64,212.8287746587402,140.4440166228074,241.68713571396825,67.51888252264872
22,raw/keeper_6e87fc8bc37b4a89aeda/12-09-26_99.7wt_glycerol_D3/map-data-2026.09.12-16.05.09.289.jpk-force-map,0.1,60.0,64,186.57820691625201,123.71832353730821,217.81838721200347,68.5893202762667
22,raw/keeper_6e87fc8bc37b4a89aeda/12-09-26_99.7wt_glycerol_D3/map-data-2026.09.12-16.05.09.289.jpk-force-map,0.1,65.0,64,154.43117301121254,109.598568190951,199.8917155343309,66.72588561042505
22,raw/keeper_6e87fc8bc37b4a89aeda/12-09-26_99.7wt_glycerol_D3/map-data-2026.09.12-16.05.09.289.jpk-force-map,0.1,70.0,64,136.19961568054924,99.45084209087788,160.45218626771094,42.49288348160888
22,raw/keeper_6e87fc8bc37b4a89aeda/12-09-26_99.7wt_glycerol_D3/map-data-2026.09.12-16.05.09.289.jpk-force-map,0.1,75.0,64,116.04570067010522,95.37453623544177,135.9107343498403,30.00814387149392
22,raw/keeper_6e87fc8bc37b4a89aeda/12-09-26_99.7wt_glycerol_D3/map-data-2026.09.12-16.05.09.289.jpk-force-map,0.1,80.0,64,102.05673012715575,80.53854604792502,129.65476737032122,40.064029539268276
22,raw/keeper_6e87fc8bc37b4a89aeda/12-09-26_99.7wt_glycerol_D3/map-data-2026.09.12-16.05.09.289.jpk-force-map,0.1,85.0,64,94.38124934525953,75.6167199176592,123.28321638003786,37.90595982318076
22,raw/keeper_6e87fc8bc37b4a89aeda/12-09-26_99.7wt_glycerol_D3/map-data-2026.09.12-16.05.09.289.jpk-force-map,0.1,90.0,64,82.57118609961893,52.11568977288117,102.17953762085462,42.03448587363219
22,raw/keeper_6e87fc8bc37b4a89aeda/12-09-26_99.7wt_glycerol_D3/map-data-2026.09.12-16.05.09.289.jpk-force-map,0.1,95.0,64,71.47717545130267,48.926787139198424,91.65060711976709,31.32720988510232
22,raw/keeper_6e87fc8bc37b4a89aeda/12-09-26_99.7wt_glycerol_D3/map-data-2026.09.12-16.05.09.289.jpk-force-map,0.1,100.0,64,63.92681334629198,40.80866921610118,90.30518372033393,36.08715641088579
22,raw/keeper_6e87fc8bc37b4a89aeda/12-09-26_99.7wt_glycerol_D3/map-data-2026.09.12-16.05.09.289.jpk-force-map,0.1,105.0,64,54.66509878777362,46.05751534156097,75.1578630750981,26.597156719564435
22,raw/keeper_6e87fc8bc37b4a89aeda/12-09-26_99.7wt_glycerol_D3/map-data-2026.09.12-16.05.09.289.jpk-force-map,0.1,110.0,64,57.70714602528141,33.11995918850947,79.41489682868112,35.59215970121117
22,raw/keeper_6e87fc8bc37b4a89aeda/12-09-26_99.7wt_glycerol_D3/map-data-2026.09.12-16.05.09.289.jpk-force-map,0.1,115.0,64,43.997306767841366,27.64796377028341,69.20568000174605,30.032215763885624
22,raw/keeper_6e87fc8bc37b4a89aeda/12-09-26_99.7wt_glycerol_D3/map-data-2026.09.12-16.05.09.289.jpk-force-map,0.1,120.0,64,41.15867678600105,17.571702105160533,60.218598619524315,32.130154875304406
22,raw/keeper_6e87fc8bc37b4a89aeda/12-09-26_99.7wt_glycerol_D3/map-data-2026.09.12-16.05.09.289.jpk-force-map,0.1,125.0,64,38.63660434643447,19.339260214300413,62.0799377496535,32.201682784125964
22,raw/keeper_6e87fc8bc37b4a89aeda/12-09-26_99.7wt_glycerol_D3/map-data-2026.09.12-16.05.09.289.jpk-force-map,0.1,130.0,64,40.1966281459867,19.28513379515495,60.62552425277704,30.949747874504467
22,raw/keeper_6e87fc8bc37b4a89aeda/12-09-26_99.7wt_glycerol_D3/map-data-2026.09.12-16.05.09.289.jpk-force-map,0.1,135.0,64,41.774594679525364,21.195720179924397,60.7657608841988,30.012049413218637
22,raw/keeper_6e87fc8bc37b4a89aeda/12-09-26_99.7wt_glycerol_D3/map-data-2026.09.12-16.05.09.289.jpk-force-map,0.1,140.0,64,36.01262446757725,14.324382038387427,60.24026078451742,34.13676817456694
22,raw/keeper_6e87fc8bc37b4a89aeda/12-09-26_99.7wt_glycerol_D3/map-data-2026.09.12-16.05.09.289.jpk-force-map,0.1,145.0,64,19.900264726662606,8.970886532293598,40.016927440367084,23.086148398431526
22,raw/keeper_6e87fc8bc37b4a89aeda/12-09-26_99.7wt_glycerol_D3/map-data-2026.09.12-16.05.09.289.jpk-force-map,0.1,150.0,64,31.80574090400124,6.785625552174221,46.12169002309114,25.183669936206723
22,raw/keeper_6e87fc8bc37b4a89aeda/12-09-26_99.7wt_glycerol_D3/map-data-2026.09.12-16.05.09.289.jpk-force-map,0.1,155.0,64,25.72015534305882,0.5146897267115336,49.831279862435764,37.370974296349075
22,raw/keeper_6e87fc8bc37b4a89aeda/12-09-26_99.7wt_glycerol_D3/map-data-2026.09.12-16.05.09.289.jpk-force-map,0.1,160.0,64,27.262335814352802,5.121921577840675,46.42195330970857,32.370554478201605
22,raw/keeper_6e87fc8bc37b4a89aeda/12-09-26_99.7wt_glycerol_D3/map-data-2026.09.12-16.05.09.289.jpk-force-map,0.1,165.0,64,29.94501477586438,10.189998386099916,49.268452911718505,30.152403283756488
22,raw/keeper_6e87fc8bc37b4a89aeda/12-09-26_99.7wt_glycerol_D3/map-data-2026.09.12-16.05.09.289.jpk-force-map,0.1,170.0,64,28.434263082384273,17.77191352608526,49.69172250349175,22.393148092255633
22,raw/keeper_6e87fc8bc37b4a89aeda/12-09-26_99.7wt_glycerol_D3/map-data-2026.09.12-16.05.09.289.jpk-force-map,0.1,175.0,64,17.915662493245847,4.283856732645188,38.23334844132407,26.516712385295765
22,raw/keeper_6e87fc8bc37b4a89aeda/12-09-26_99.7wt_glycerol_D3/map-data-2026.09.12-16.05.09.289.jpk-force-map,0.1,180.0,64,21.286593583356204,1.5475732320628108,33.85868457573275,23.08270955666121
22,raw/keeper_6e87fc8bc37b4a89aeda/12-09-26_99.7wt_glycerol_D3/map-data-2026.09.12-16.05.09.289.jpk-force-map,0.1,185.0,64,12.200280432701529,1.0545291027229438,32.9411945534995,25.301523956304912
22,raw/keeper_6e87fc8bc37b4a89aeda/12-09-26_99.7wt_glycerol_D3/map-data-2026.09.12-16.05.09.289.jpk-force-map,0.1,190.0,64,16.65708656524187,-2.3319341324589886,33.57320789122332,25.817644979711286
22,raw/keeper_6e87fc8bc37b4a89aeda/12-09-26_99.7wt_glycerol_D3/map-data-2026.09.12-16.05.09.289.jpk-force-map,0.1,195.0,64,19.89536071072536,4.1349800866581425,31.172004533650806,19.81851182201144
22,raw/keeper_6e87fc8bc37b4a89aeda/12-09-26_99.7wt_glycerol_D3/map-data-2026.09.12-16.05.09.289.jpk-force-map,0.1,200.0,64,18.96126164802904,0.5371719889643669,44.51902116603069,28.724473364963647
22,raw/keeper_6e87fc8bc37b4a89aeda/12-09-26_99.7wt_glycerol_D3/map-data-2026.09.12-16.05.09.289.jpk-force-map,0.1,205.0,64,13.033383275284837,-4.946619575705303,26.765994728352418,21.616706746840205
22,raw/keeper_6e87fc8bc37b4a89aeda/12-09-26_99.7wt_glycerol_D3/map-data-2026.09.12-16.05.09.289.jpk-force-map,0.1,210.0,64,3.65001267275556,-12.589586400585013,22.06590964303308,24.772114265772085
22,raw/keeper_6e87fc8bc37b4a89aeda/12-09-26_99.7wt_glycerol_D3/map-data-2026.09.12-16.05.09.289.jpk-force-map,0.1,215.0,64,4.265880863415758,-10.492423747311307,28.198116490622148,27.363674550157494
22,raw/keeper_6e87fc8bc37b4a89aeda/12-09-26_99.7wt_glycerol_D3/map-data-2026.09.12-16.05.09.289.jpk-force-map,0.1,220.0,64,5.548148490035388,-9.569781194819727,23.239427402719983,24.079728038484156
22,raw/keeper_6e87fc8bc37b4a89aeda/12-09-26_99.7wt_glycerol_D3/map-data-2026.09.12-16.05.09.289.jpk-force-map,0.1,225.0,64,13.027866257355354,-4.686938677730774,31.4042743020031,26.526685026429433
22,raw/keeper_6e87fc8bc37b4a89aeda/12-09-26_99.7wt_glycerol_D3/map-data-2026.09.12-16.05.09.289.jpk-force-map,0.1,230.0,64,9.162789291081403,-6.065074845637317,29.171348275088093,23.29775998308056
22,raw/keeper_6e87fc8bc37b4a89aeda/12-09-26_99.7wt_glycerol_D3/map-data-2026.09.12-16.05.09.289.jpk-force-map,0.1,235.0,64,10.113770759994248,-3.0821823003726565,23.252358431230203,19.58648825514043
22,raw/keeper_6e87fc8bc37b4a89aeda/12-09-26_99.7wt_glycerol_D3/map-data-2026.09.12-16.05.09.289.jpk-force-map,0.1,240.0,64,8.737713828574602,-4.764044387771198,27.574420098845977,22.117500361213434
22,raw/keeper_6e87fc8bc37b4a89aeda/12-09-26_99.7wt_glycerol_D3/map-data-2026.09.12-16.05.09.289.jpk-force-map,0.1,245.0,64,-0.024735458764639062,-11.732998954653695,13.472947122714459,18.93183103470329
22,raw/keeper_6e87fc8bc37b4a89aeda/12-09-26_99.7wt_glycerol_D3/map-data-2026.09.12-16.05.09.289.jpk-force-map,0.1,250.0,64,9.147050050742294,-6.134435192668761,22.135493652953524,22.886941207310983
22,raw/keeper_6e87fc8bc37b4a89aeda/12-09-26_99.7wt_glycerol_D3/map-data-2026.09.12-16.05.09.289.jpk-force-map,0.1,255.0,64,8.746826020349886,-7.5398333816049234,29.62927733085028,26.338875139462022
22,raw/keeper_6e87fc8bc37b4a89aeda/12-09-26_99.7wt_glycerol_D3/map-data-2026.09.12-16.05.09.289.jpk-force-map,0.1,260.0,64,10.575245286738028,-10.477131832750274,27.472777741497886,30.208259899367942
22,raw/keeper_6e87fc8bc37b4a89aeda/12-09-26_99.7wt_glycerol_D3/map-data-2026.09.12-16.05.09.289.jpk-force-map,0.1,265.0,64,3.1132714419477967,-15.813927176463,17.85391496825221,24.66740153386732
22,raw/keeper_6e87fc8bc37b4a89aeda/12-09-26_99.7wt_glycerol_D3/map-data-2026.09.12-16.05.09.289.jpk-force-map,0.1,270.0,64,5.181159108190731,-9.303224733960224,25.76823458038949,27.660127273909954
22,raw/keeper_6e87fc8bc37b4a89aeda/12-09-26_99.7wt_glycerol_D3/map-data-2026.09.12-16.05.09.289.jpk-force-map,0.1,275.0,64,2.1085611768036094,-9.415404098524782,16.697246479538887,20.19128226990851
22,raw/keeper_6e87fc8bc37b4a89aeda/12-09-26_99.7wt_glycerol_D3/map-data-2026.09.12-16.05.09.289.jpk-force-map,0.1,280.0,64,2.9192811628624433,-13.034112250626865,18.251107123926587,23.468670419062885
22,raw/keeper_6e87fc8bc37b4a89aeda/12-09-26_99.7wt_glycerol_D3/map-data-2026.09.12-16.05.09.289.jpk-force-map,0.1,285.0,64,5.258596170659342,-9.072735984909475,16.180394678233323,20.00408646182848
22,raw/keeper_6e87fc8bc37b4a89aeda/12-09-26_99.7wt_glycerol_D3/map-data-2026.09.12-16.05.09.289.jpk-force-map,0.1,290.0,64,5.837253483633514,-16.850977438598893,21.77761646288413,28.585102020645728
22,raw/keeper_6e87fc8bc37b4a89aeda/12-09-26_99.7wt_glycerol_D3/map-data-2026.09.12-16.05.09.289.jpk-force-map,0.1,295.0,64,1.1667581701518959,-15.559547917339575,18.84535456864713,26.429488620108415
22,raw/keeper_6e87fc8bc37b4a89aeda/12-09-26_99.7wt_glycerol_D3/map-data-2026.09.12-16.05.09.289.jpk-force-map,0.1,300.0,64,3.0863987600214253,-10.474373323785523,25.63549479765561,25.654889511355517
23,raw/keeper_6e87fc8bc37b4a89aeda/12-09-26_99.7wt_glycerol_D3/map-data-2026.09.12-16.11.08.194.jpk-force-map,2.7,5.0,64,5064.427739940978,3279.085051328434,6280.963336901799,2199.6134055509974
23,raw/keeper_6e87fc8bc37b4a89aeda/12-09-26_99.7wt_glycerol_D3/map-data-2026.09.12-16.11.08.194.jpk-force-map,2.7,10.0,64,4338.563134513134,2758.390406804573,5166.902852211593,1522.13662064213
23,raw/keeper_6e87fc8bc37b4a89aeda/12-09-26_99.7wt_glycerol_D3/map-data-2026.09.12-16.11.08.194.jpk-force-map,2.7,15.0,64,3696.2056366859606,2447.929749209518,4248.400324647384,1108.3702662123326
23,raw/keeper_6e87fc8bc37b4a89aeda/12-09-26_99.7wt_glycerol_D3/map-data-2026.09.12-16.11.08.194.jpk-force-map,2.7,20.0,64,3220.7253563986915,2253.7899224895073,3646.6765336704143,845.6772170709941
23,raw/keeper_6e87fc8bc37b4a89aeda/12-09-26_99.7wt_glycerol_D3/map-data-2026.09.12-16.11.08.194.jpk-force-map,2.7,25.0,64,2828.7752624087175,2041.6767033994483,3161.495082666737,691.1621224336068
23,raw/keeper_6e87fc8bc37b4a89aeda/12-09-26_99.7wt_glycerol_D3/map-data-2026.09.12-16.11.08.194.jpk-force-map,2.7,30.0,64,2542.7540830217567,1839.0633832771043,2774.280354511874,587.674035772794
23,raw/keeper_6e87fc8bc37b4a89aeda/12-09-26_99.7wt_glycerol_D3/map-data-2026.09.12-16.11.08.194.jpk-force-map,2.7,35.0,64,2255.556204891798,1665.2380035351857,2485.4834026987005,473.56152464695526
23,raw/keeper_6e87fc8bc37b4a89aeda/12-09-26_99.7wt_glycerol_D3/map-data-2026.09.12-16.11.08.194.jpk-force-map,2.7,40.0,64,2005.1450236369178,1500.1913342010214,2261.84828928599,442.3544285922582
23,raw/keeper_6e87fc8bc37b4a89aeda/12-09-26_99.7wt_glycerol_D3/map-data-2026.09.12-16.11.08.194.jpk-force-map,2.7,45.0,64,1782.1805261198158,1339.2983497980854,2022.397194311762,397.81941348853087
23,raw/keeper_6e87fc8bc37b4a89aeda/12-09-26_99.7wt_glycerol_D3/map-data-2026.09.12-16.11.08.194.jpk-force-map,2.7,50.0,64,1649.0939333668937,1311.8520471156007,1818.6502429782736,310.4668391137707
23,raw/keeper_6e87fc8bc37b4a89aeda/12-09-26_99.7wt_glycerol_D3/map-data-2026.09.12-16.11.08.194.jpk-force-map,2.7,55.0,64,1516.5513053277132,1233.4035479275535,1653.5135120541263,276.48774183436984
23,raw/keeper_6e87fc8bc37b4a89aeda/12-09-26_99.7wt_glycerol_D3/map-data-2026.09.12-16.11.08.194.jpk-force-map,2.7,60.0,64,1384.6049791183086,1121.952230918174,1521.8893266754108,238.4475934926824
23,raw/keeper_6e87fc8bc37b4a89aeda/12-09-26_99.7wt_glycerol_D3/map-data-2026.09.12-16.11.08.194.jpk-force-map,2.7,65.0,64,1299.968440198522,1047.685308252001,1397.8520847097773,215.8651617241288
23,raw/keeper_6e87fc8bc37b4a89aeda/12-09-26_99.7wt_glycerol_D3/map-data-2026.09.12-16.11.08.194.jpk-force-map,2.7,70.0,64,1197.0301303685385,977.104151185584,1289.3281421463191,181.26488680524128
23,raw/keeper_6e87fc8bc37b4a89aeda/12-09-26_99.7wt_glycerol_D3/map-data-2026.09.12-16.11.08.194.jpk-force-map,2.7,75.0,64,1084.3129642453564,923.2679139293127,1183.089653253455,155.75811312156142
23,raw/keeper_6e87fc8bc37b4a89aeda/12-09-26_99.7wt_glycerol_D3/map-data-2026.09.12-16.11.08.194.jpk-force-map,2.7,80.0,64,985.2753186324351,839.5289756022577,1086.8896684165206,162.74886086687403
23,raw/keeper_6e87fc8bc37b4a89aeda/12-09-26_99.7wt_glycerol_D3/map-data-2026.09.12-16.11.08.194.jpk-force-map,2.7,85.0,64,923.1597936319934,785.8011982795442,1018.0063529083538,171.06316968325063
23,raw/keeper_6e87fc8bc37b4a89aeda/12-09-26_99.7wt_glycerol_D3/map-data-2026.09.12-16.11.08.194.jpk-force-map,2.7,90.0,64,848.8466058830329,731.9090287333938,937.5748668299775,155.32388565859844
23,raw/keeper_6e87fc8bc37b4a89aeda/12-09-26_99.7wt_glycerol_D3/map-data-2026.09.12-16.11.08.194.jpk-force-map,2.7,95.0,64,781.9447613278357,691.4616165021298,854.4646034649315,116.38676456744712
23,raw/keeper_6e87fc8bc37b4a89aeda/12-09-26_99.7wt_glycerol_D3/map-data-2026.09.12-16.11.08.194.jpk-force-map,2.7,100.0,64,732.8212668196398,618.366372589667,771.5895340534173,104.52079540758086
23,raw/keeper_6e87fc8bc37b4a89aeda/12-09-26_99.7wt_glycerol_D3/map-data-2026.09.12-16.11.08.194.jpk-force-map,2.7,105.0,64,682.1119361577372,583.1961122650401,753.044144554202,121.41081414118737
23,raw/keeper_6e87fc8bc37b4a89aeda/12-09-26_99.7wt_glycerol_D3/map-data-2026.09.12-16.11.08.194.jpk-force-map,2.7,110.0,64,633.6373953801572,533.1682161555254,711.7266008465042,136.82775587618835
23,raw/keeper_6e87fc8bc37b4a89aeda/12-09-26_99.7wt_glycerol_D3/map-data-2026.09.12-16.11.08.194.jpk-force-map,2.7,115.0,64,564.2075803121709,503.1830331815537,657.3976093942682,121.27782921730127
23,raw/keeper_6e87fc8bc37b4a89aeda/12-09-26_99.7wt_glycerol_D3/map-data-2026.09.12-16.11.08.194.jpk-force-map,2.7,120.0,64,513.6137094038711,461.78588205298263,605.7092399965943,113.74212330402233
23,raw/keeper_6e87fc8bc37b4a89aeda/12-09-26_99.7wt_glycerol_D3/map-data-2026.09.12-16.11.08.194.jpk-force-map,2.7,125.0,64,493.5918549036834,440.71795622080083,567.0707469413192,91.91798070896905
23,raw/keeper_6e87fc8bc37b4a89aeda/12-09-26_99.7wt_glycerol_D3/map-data-2026.09.12-16.11.08.194.jpk-force-map,2.7,130.0,64,481.76767604460167,404.7357747575642,526.0525221658174,94.35808457652857
23,raw/keeper_6e87fc8bc37b4a89aeda/12-09-26_99.7wt_glycerol_D3/map-data-2026.09.12-16.11.08.194.jpk-force-map,2.7,135.0,64,441.6546812514914,371.6189302818798,486.65989583540824,90.3172244280651
23,raw/keeper_6e87fc8bc37b4a89aeda/12-09-26_99.7wt_glycerol_D3/map-data-2026.09.12-16.11.08.194.jpk-force-map,2.7,140.0,64,385.93768761279887,327.30012882058486,448.4374820242152,91.31996612511873
23,raw/keeper_6e87fc8bc37b4a89aeda/12-09-26_99.7wt_glycerol_D3/map-data-2026.09.12-16.11.08.194.jpk-force-map,2.7,145.0,64,339.6379950652828,290.80200677521975,411.9844736119483,94.61160090446535
23,raw/keeper_6e87fc8bc37b4a89aeda/12-09-26_99.7wt_glycerol_D3/map-data-2026.09.12-16.11.08.194.jpk-force-map,2.7,150.0,64,311.37840441541994,249.05238778496877,395.44953183554884,99.01545536493633
23,raw/keeper_6e87fc8bc37b4a89aeda/12-09-26_99.7wt_glycerol_D3/map-data-2026.09.12-16.11.08.194.jpk-force-map,2.7,155.0,64,285.23902198021176,224.43344081795473,362.67549629826175,104.56992171858558
23,raw/keeper_6e87fc8bc37b4a89aeda/12-09-26_99.7wt_glycerol_D3/map-data-2026.09.12-16.11.08.194.jpk-force-map,2.7,160.0,64,268.77691975134036,203.84297726717782,337.1071749216121,100.96323990677202
23,raw/keeper_6e87fc8bc37b4a89aeda/12-09-26_99.7wt_glycerol_D3/map-data-2026.09.12-16.11.08.194.jpk-force-map,2.7,165.0,64,249.68971104535478,195.2014136294543,306.3500733309221,85.63511854206634
23,raw/keeper_6e87fc8bc37b4a89aeda/12-09-26_99.7wt_glycerol_D3/map-data-2026.09.12-16.11.08.194.jpk-force-map,2.7,170.0,64,220.26110902882812,177.2920136971012,271.9680921491552,72.79256744575507
23,raw/keeper_6e87fc8bc37b4a89aeda/12-09-26_99.7wt_glycerol_D3/map-data-2026.09.12-16.11.08.194.jpk-force-map,2.7,175.0,64,209.11689848764104,152.89870944987513,243.78418239389217,71.2545945903138
23,raw/keeper_6e87fc8bc37b4a89aeda/12-09-26_99.7wt_glycerol_D3/map-data-2026.09.12-16.11.08.194.jpk-force-map,2.7,180.0,64,174.1202337001444,124.4571151950177,218.9753622017131,72.18413808397149
23,raw/keeper_6e87fc8bc37b4a89aeda/12-09-26_99.7wt_glycerol_D3/map-data-2026.09.12-16.11.08.194.jpk-force-map,2.7,185.0,64,153.48814400057637,114.58725295741499,209.73164836385567,72.34126858971854
23,raw/keeper_6e87fc8bc37b4a89aeda/12-09-26_99.7wt_glycerol_D3/map-data-2026.09.12-16.11.08.194.jpk-force-map,2.7,190.0,64,134.24405648746364,87.76589752212297,196.65078228561154,78.99024458937608
23,raw/keeper_6e87fc8bc37b4a89aeda/12-09-26_99.7wt_glycerol_D3/map-data-2026.09.12-16.11.08.194.jpk-force-map,2.7,195.0,64,109.19797138907691,60.2179276308577,169.9215262577348,78.6708990046957
23,raw/keeper_6e87fc8bc37b4a89aeda/12-09-26_99.7wt_glycerol_D3/map-data-2026.09.12-16.11.08.194.jpk-force-map,2.7,200.0,64,89.73996274832288,39.140806768793965,155.5199142521461,85.11907120812626
23,raw/keeper_6e87fc8bc37b4a89aeda/12-09-26_99.7wt_glycerol_D3/map-data-2026.09.12-16.11.08.194.jpk-force-map,2.7,205.0,64,72.93666692414166,25.37619495497359,128.97358133225305,78.13689600408374
23,raw/keeper_6e87fc8bc37b4a89aeda/12-09-26_99.7wt_glycerol_D3/map-data-2026.09.12-16.11.08.194.jpk-force-map,2.7,210.0,64,68.4718751980813,22.42198924617944,101.04542594869032,66.78326514167776
23,raw/keeper_6e87fc8bc37b4a89aeda/12-09-26_99.7wt_glycerol_D3/map-data-2026.09.12-16.11.08.194.jpk-force-map,2.7,215.0,64,46.802718668755034,10.579884220733302,84.57822917623464,56.0513523081792
23,raw/keeper_6e87fc8bc37b4a89aeda/12-09-26_99.7wt_glycerol_D3/map-data-2026.09.12-16.11.08.194.jpk-force-map,2.7,220.0,64,27.26354525071585,-4.248103805642996,71.20943440551193,51.59758551572719
23,raw/keeper_6e87fc8bc37b4a89aeda/12-09-26_99.7wt_glycerol_D3/map-data-2026.09.12-16.11.08.194.jpk-force-map,2.7,225.0,64,17.810855720208394,-28.670600201792915,61.29425972335537,65.24627481245696
23,raw/keeper_6e87fc8bc37b4a89aeda/12-09-26_99.7wt_glycerol_D3/map-data-2026.09.12-16.11.08.194.jpk-force-map,2.7,230.0,64,6.1781985646218045,-24.17254897575294,44.967614367128135,54.801210508909136
23,raw/keeper_6e87fc8bc37b4a89aeda/12-09-26_99.7wt_glycerol_D3/map-data-2026.09.12-16.11.08.194.jpk-force-map,2.7,235.0,64,2.0959863521535063,-35.06436837238617,22.761567498401618,46.095782567474615
23,raw/keeper_6e87fc8bc37b4a89aeda/12-09-26_99.7wt_glycerol_D3/map-data-2026.09.12-16.11.08.194.jpk-force-map,2.7,240.0,64,-21.00297247244476,-59.37403098292573,17.453583248320086,57.072418119237796
23,raw/keeper_6e87fc8bc37b4a89aeda/12-09-26_99.7wt_glycerol_D3/map-data-2026.09.12-16.11.08.194.jpk-force-map,2.7,245.0,64,-36.145463656039944,-71.4544529585389,-10.514466967596512,46.17787263316175
23,raw/keeper_6e87fc8bc37b4a89aeda/12-09-26_99.7wt_glycerol_D3/map-data-2026.09.12-16.11.08.194.jpk-force-map,2.7,250.0,64,-54.69919495263474,-107.04519123073129,-24.42428569926226,53.64779841600555
23,raw/keeper_6e87fc8bc37b4a89aeda/12-09-26_99.7wt_glycerol_D3/map-data-2026.09.12-16.11.08.194.jpk-force-map,2.7,255.0,64,-71.00468345632113,-120.80338309125494,-33.11090498340945,67.26973843639333
23,raw/keeper_6e87fc8bc37b4a89aeda/12-09-26_99.7wt_glycerol_D3/map-data-2026.09.12-16.11.08.194.jpk-force-map,2.7,260.0,64,-88.204392757971,-139.5825997152353,-50.40725322074169,72.08057982037627
23,raw/keeper_6e87fc8bc37b4a89aeda/12-09-26_99.7wt_glycerol_D3/map-data-2026.09.12-16.11.08.194.jpk-force-map,2.7,265.0,64,-107.7782753428645,-156.23022616865188,-80.92660944420207,50.63311321494468
23,raw/keeper_6e87fc8bc37b4a89aeda/12-09-26_99.7wt_glycerol_D3/map-data-2026.09.12-16.11.08.194.jpk-force-map,2.7,270.0,64,-127.53176751145884,-161.8129844198118,-89.15507600969889,57.680257965288284
23,raw/keeper_6e87fc8bc37b4a89aeda/12-09-26_99.7wt_glycerol_D3/map-data-2026.09.12-16.11.08.194.jpk-force-map,2.7,275.0,64,-136.66611019658063,-190.55307750960793,-99.11628382794234,68.00840164864728
23,raw/keeper_6e87fc8bc37b4a89aeda/12-09-26_99.7wt_glycerol_D3/map-data-2026.09.12-16.11.08.194.jpk-force-map,2.7,280.0,64,-156.68488311918566,-216.2123468439861,-109.40346788123131,77.10276259429928
23,raw/keeper_6e87fc8bc37b4a89aeda/12-09-26_99.7wt_glycerol_D3/map-data-2026.09.12-16.11.08.194.jpk-force-map,2.7,285.0,64,-165.96187302464415,-240.52826373160812,-127.86795768510365,97.73257087938184
23,raw/keeper_6e87fc8bc37b4a89aeda/12-09-26_99.7wt_glycerol_D3/map-data-2026.09.12-16.11.08.194.jpk-force-map,2.7,290.0,64,-188.3881201495257,-266.0715679999295,-134.86303939094896,96.27428090038882
23,raw/keeper_6e87fc8bc37b4a89aeda/12-09-26_99.7wt_glycerol_D3/map-data-2026.09.12-16.11.08.194.jpk-force-map,2.7,295.0,64,-215.68927390084102,-295.6622096376526,-147.86626959526816,114.22034337848925
23,raw/keeper_6e87fc8bc37b4a89aeda/12-09-26_99.7wt_glycerol_D3/map-data-2026.09.12-16.11.08.194.jpk-force-map,2.7,300.0,64,-240.43810273589617,-302.89952653612795,-177.20410589790117,92.80466149627594
24,raw/keeper_6e87fc8bc37b4a89aeda/12-09-26_99.7wt_glycerol_D3/map-data-2026.09.12-16.12.04.675.jpk-force-map,0.9,5.0,64,2859.84210396547,1995.8561464630989,3711.235981640233,1285.9355979148074
24,raw/keeper_6e87fc8bc37b4a89aeda/12-09-26_99.7wt_glycerol_D3/map-data-2026.09.12-16.12.04.675.jpk-force-map,0.9,10.0,64,2440.1505219823543,1524.9326910388202,2926.965615011318,1153.3081907557578
24,raw/keeper_6e87fc8bc37b4a89aeda/12-09-26_99.7wt_glycerol_D3/map-data-2026.09.12-16.12.04.675.jpk-force-map,0.9,15.0,64,2038.5847130672014,1262.6538574862798,2448.2321083002435,855.0860846596921
24,raw/keeper_6e87fc8bc37b4a89aeda/12-09-26_99.7wt_glycerol_D3/map-data-2026.09.12-16.12.04.675.jpk-force-map,0.9,20.0,64,1750.3249001077506,1180.859320059291,2032.4866106682841,536.5804370816539
24,raw/keeper_6e87fc8bc37b4a89aeda/12-09-26_99.7wt_glycerol_D3/map-data-2026.09.12-16.12.04.675.jpk-force-map,0.9,25.0,64,1524.5049730406986,1014.518504113955,1727.3856697211622,441.6636389700779
24,raw/keeper_6e87fc8bc37b4a89aeda/12-09-26_99.7wt_glycerol_D3/map-data-2026.09.12-16.12.04.675.jpk-force-map,0.9,30.0,64,1363.1294649480183,944.1799798630828,1528.7365340763643,372.6206617748462
24,raw/keeper_6e87fc8bc37b4a89aeda/12-09-26_99.7wt_glycerol_D3/map-data-2026.09.12-16.12.04.675.jpk-force-map,0.9,35.0,64,1177.602987206471,830.7337638435807,1333.8931715970043,309.4158062529988
24,raw/keeper_6e87fc8bc37b4a89aeda/12-09-26_99.7wt_glycerol_D3/map-data-2026.09.12-16.12.04.675.jpk-force-map,0.9,40.0,64,1036.0072806651838,789.3823724853428,1179.3688057153627,292.0547644494882
24,raw/keeper_6e87fc8bc37b4a89aeda/12-09-26_99.7wt_glycerol_D3/map-data-2026.09.12-16.12.04.675.jpk-force-map,0.9,45.0,64,910.1413543512202,720.2170926284043,1062.187634828138,238.59885340426354
24,raw/keeper_6e87fc8bc37b4a89aeda/12-09-26_99.7wt_glycerol_D3/map-data-2026.09.12-16.12.04.675.jpk-force-map,0.9,50.0,64,837.291882818558,643.0538018197775,958.9344325018321,210.16140051133962
24,raw/keeper_6e87fc8bc37b4a89aeda/12-09-26_99.7wt_glycerol_D3/map-data-2026.09.12-16.12.04.675.jpk-force-map,0.9,55.0,64,770.249644239535,611.2561127797812,849.1549873041414,158.56695907951686
24,raw/keeper_6e87fc8bc37b4a89aeda/12-09-26_99.7wt_glycerol_D3/map-data-2026.09.12-16.12.04.675.jpk-force-map,0.9,60.0,64,703.3759812083549,530.2902380728376,786.9170027300509,170.83392175295202
24,raw/keeper_6e87fc8bc37b4a89aeda/12-09-26_99.7wt_glycerol_D3/map-data-2026.09.12-16.12.04.675.jpk-force-map,0.9,65.0,64,620.8193911831977,503.4421756318327,710.4849404599594,147.33469476844493
24,raw/keeper_6e87fc8bc37b4a89aeda/12-09-26_99.7wt_glycerol_D3/map-data-2026.09.12-16.12.04.675.jpk-force-map,0.9,70.0,64,586.0804688819715,461.72206357531275,653.909719180816,124.78068257080689
24,raw/keeper_6e87fc8bc37b4a89aeda/12-09-26_99.7wt_glycerol_D3/map-data-2026.09.12-16.12.04.675.jpk-force-map,0.9,75.0,64,545.0897712094426,458.0676687666945,598.0689405587616,119.76186494918842
24,raw/keeper_6e87fc8bc37b4a89aeda/12-09-26_99.7wt_glycerol_D3/map-data-2026.09.12-16.12.04.675.jpk-force-map,0.9,80.0,64,475.56699521772697,417.33926967632283,557.7035546210964,115.33801608013782
24,raw/keeper_6e87fc8bc37b4a89aeda/12-09-26_99.7wt_glycerol_D3/map-data-2026.09.12-16.12.04.675.jpk-force-map,0.9,85.0,64,431.36067133818176,362.1312996378199,518.7916212582661,117.50377406389734
24,raw/keeper_6e87fc8bc37b4a89aeda/12-09-26_99.7wt_glycerol_D3/map-data-2026.09.12-16.12.04.675.jpk-force-map,0.9,90.0,64,424.31373297732404,352.3039250653232,474.85246684157244,75.7316472541814
24,raw/keeper_6e87fc8bc37b4a89aeda/12-09-26_99.7wt_glycerol_D3/map-data-2026.09.12-16.12.04.675.jpk-force-map,0.9,95.0,64,378.8172552833681,323.228246520065,447.0809334670054,95.55526821253721
24,raw/keeper_6e87fc8bc37b4a89aeda/12-09-26_99.7wt_glycerol_D3/map-data-2026.09.12-16.12.04.675.jpk-force-map,0.9,100.0,64,362.4270399637925,296.7100702727579,403.4226416522586,79.09736451052046
24,raw/keeper_6e87fc8bc37b4a89aeda/12-09-26_99.7wt_glycerol_D3/map-data-2026.09.12-16.12.04.675.jpk-force-map,0.9,105.0,64,338.8570967977611,284.77746461536094,373.90226329693377,61.09048365939749
24,raw/keeper_6e87fc8bc37b4a89aeda/12-09-26_99.7wt_glycerol_D3/map-data-2026.09.12-16.12.04.675.jpk-force-map,0.9,110.0,64,319.08103952880657,264.24889769817025,359.85702082786645,73.62985172734867
24,raw/keeper_6e87fc8bc37b4a89aeda/12-09-26_99.7wt_glycerol_D3/map-data-2026.09.12-16.12.04.675.jpk-force-map,0.9,115.0,64,279.4215668041629,220.94217909354654,327.1517243518079,76.66944396808908
24,raw/keeper_6e87fc8bc37b4a89aeda/12-09-26_99.7wt_glycerol_D3/map-data-2026.09.12-16.12.04.675.jpk-force-map,0.9,120.0,64,261.9580181315645,213.42216058714763,313.01555049263396,75.77929977585488
24,raw/keeper_6e87fc8bc37b4a89aeda/12-09-26_99.7wt_glycerol_D3/map-data-2026.09.12-16.12.04.675.jpk-force-map,0.9,125.0,64,247.44032508656943,208.84275405617606,313.68664684926307,81.88363692856952
24,raw/keeper_6e87fc8bc37b4a89aeda/12-09-26_99.7wt_glycerol_D3/map-data-2026.09.12-16.12.04.675.jpk-force-map,0.9,130.0,64,254.7066518901334,181.39863001590606,294.00234106767505,78.75537169646744
24,raw/keeper_6e87fc8bc37b4a89aeda/12-09-26_99.7wt_glycerol_D3/map-data-2026.09.12-16.12.04.675.jpk-force-map,0.9,135.0,64,223.4361942662559,176.16808282829317,275.74599029157224,75.21110486278465
24,raw/keeper_6e87fc8bc37b4a89aeda/12-09-26_99.7wt_glycerol_D3/map-data-2026.09.12-16.12.04.675.jpk-force-map,0.9,140.0,64,204.39098448054423,169.53027359433565,253.9397449788923,59.87195464125848
24,raw/keeper_6e87fc8bc37b4a89aeda/12-09-26_99.7wt_glycerol_D3/map-data-2026.09.12-16.12.04.675.jpk-force-map,0.9,145.0,64,195.4938404311448,161.01309137434473,234.57216241579215,55.90704376960538
24,raw/keeper_6e87fc8bc37b4a89aeda/12-09-26_99.7wt_glycerol_D3/map-data-2026.09.12-16.12.04.675.jpk-force-map,0.9,150.0,64,179.88800257958678,142.88378940302167,224.64207687436647,61.306835933058316
24,raw/keeper_6e87fc8bc37b4a89aeda/12-09-26_99.7wt_glycerol_D3/map-data-2026.09.12-16.12.04.675.jpk-force-map,0.9,155.0,64,167.06723158985167,130.38679943849496,209.6988527572759,60.70766688090007
24,raw/keeper_6e87fc8bc37b4a89aeda/12-09-26_99.7wt_glycerol_D3/map-data-2026.09.12-16.12.04.675.jpk-force-map,0.9,160.0,64,154.56750796779247,119.06300416503775,195.24321373827053,55.07614590844212
24,raw/keeper_6e87fc8bc37b4a89aeda/12-09-26_99.7wt_glycerol_D3/map-data-2026.09.12-16.12.04.675.jpk-force-map,0.9,165.0,64,154.13197833617602,123.09865307753455,186.66992526837583,47.945510992546396
24,raw/keeper_6e87fc8bc37b4a89aeda/12-09-26_99.7wt_glycerol_D3/map-data-2026.09.12-16.12.04.675.jpk-force-map,0.9,170.0,64,140.0148738092445,94.50196931866084,179.64316627039517,64.79753052459141
24,raw/keeper_6e87fc8bc37b4a89aeda/12-09-26_99.7wt_glycerol_D3/map-data-2026.09.12-16.12.04.675.jpk-force-map,0.9,175.0,64,129.84830203981778,94.37576546257304,166.99145957333468,53.899153186256655
24,raw/keeper_6e87fc8bc37b4a89aeda/12-09-26_99.7wt_glycerol_D3/map-data-2026.09.12-16.12.04.675.jpk-force-map,0.9,180.0,64,125.7963920069074,80.37791467454795,152.07893525871617,54.20083786213124
24,raw/keeper_6e87fc8bc37b4a89aeda/12-09-26_99.7wt_glycerol_D3/map-data-2026.09.12-16.12.04.675.jpk-force-map,0.9,185.0,64,112.51754285281746,87.40305832944122,141.71837321020405,41.19410663444487
24,raw/keeper_6e87fc8bc37b4a89aeda/12-09-26_99.7wt_glycerol_D3/map-data-2026.09.12-16.12.04.675.jpk-force-map,0.9,190.0,64,121.87210236171546,69.50839529633211,153.57889314684763,63.30340290172078
24,raw/keeper_6e87fc8bc37b4a89aeda/12-09-26_99.7wt_glycerol_D3/map-data-2026.09.12-16.12.04.675.jpk-force-map,0.9,195.0,64,99.11357502184205,64.83579589493124,140.65275208494737,53.673958176615116
24,raw/keeper_6e87fc8bc37b4a89aeda/12-09-26_99.7wt_glycerol_D3/map-data-2026.09.12-16.12.04.675.jpk-force-map,0.9,200.0,64,97.4470545518688,60.827392435842754,136.5159247085019,57.34678856619469
24,raw/keeper_6e87fc8bc37b4a89aeda/12-09-26_99.7wt_glycerol_D3/map-data-2026.09.12-16.12.04.675.jpk-force-map,0.9,205.0,64,91.81277099812465,61.012237387909884,122.6134537169321,45.74639624361527
24,raw/keeper_6e87fc8bc37b4a89aeda/12-09-26_99.7wt_glycerol_D3/map-data-2026.09.12-16.12.04.675.jpk-force-map,0.9,210.0,64,66.09279789890137,40.46316803922488,116.27675271828392,62.75564453402797
24,raw/keeper_6e87fc8bc37b4a89aeda/12-09-26_99.7wt_glycerol_D3/map-data-2026.09.12-16.12.04.675.jpk-force-map,0.9,215.0,64,59.815690634463564,30.96376610015316,112.87382126742081,55.37328640054868
24,raw/keeper_6e87fc8bc37b4a89aeda/12-09-26_99.7wt_glycerol_D3/map-data-2026.09.12-16.12.04.675.jpk-force-map,0.9,220.0,64,78.43252800100778,31.264567834466398,102.03837320263385,52.62130414758039
24,raw/keeper_6e87fc8bc37b4a89aeda/12-09-26_99.7wt_glycerol_D3/map-data-2026.09.12-16.12.04.675.jpk-force-map,0.9,225.0,64,49.06139906315169,10.719151646302084,99.2265330646129,61.13997841773386
24,raw/keeper_6e87fc8bc37b4a89aeda/12-09-26_99.7wt_glycerol_D3/map-data-2026.09.12-16.12.04.675.jpk-force-map,0.9,230.0,64,57.604111987734896,19.83303331898229,83.7368176715149,43.85672812769727
24,raw/keeper_6e87fc8bc37b4a89aeda/12-09-26_99.7wt_glycerol_D3/map-data-2026.09.12-16.12.04.675.jpk-force-map,0.9,235.0,64,67.60485843447259,37.26610585199773,96.45239254910955,43.99806452445547
24,raw/keeper_6e87fc8bc37b4a89aeda/12-09-26_99.7wt_glycerol_D3/map-data-2026.09.12-16.12.04.675.jpk-force-map,0.9,240.0,64,55.83745681396185,20.871011367917003,100.66362511330561,62.98872431658567
24,raw/keeper_6e87fc8bc37b4a89aeda/12-09-26_99.7wt_glycerol_D3/map-data-2026.09.12-16.12.04.675.jpk-force-map,0.9,245.0,64,38.28836951202547,-1.7629771618201362,76.18546150921969,58.48639616570621
24,raw/keeper_6e87fc8bc37b4a89aeda/12-09-26_99.7wt_glycerol_D3/map-data-2026.09.12-16.12.04.675.jpk-force-map,0.9,250.0,64,31.007893959777693,-13.876492961199421,62.667930917292,50.63967157746324
24,raw/keeper_6e87fc8bc37b4a89aeda/12-09-26_99.7wt_glycerol_D3/map-data-2026.09.12-16.12.04.675.jpk-force-map,0.9,255.0,64,29.049302891974087,0.3406220123713235,66.95427279314858,50.13529174238686
24,raw/keeper_6e87fc8bc37b4a89aeda/12-09-26_99.7wt_glycerol_D3/map-data-2026.09.12-16.12.04.675.jpk-force-map,0.9,260.0,64,27.51315303487318,-11.808124833935675,56.85371471122858,54.77365064843597
24,raw/keeper_6e87fc8bc37b4a89aeda/12-09-26_99.7wt_glycerol_D3/map-data-2026.09.12-16.12.04.675.jpk-force-map,0.9,265.0,64,21.89252120117062,-9.478717263741665,61.61693071792922,48.44161304421857
24,raw/keeper_6e87fc8bc37b4a89aeda/12-09-26_99.7wt_glycerol_D3/map-data-2026.09.12-16.12.04.675.jpk-force-map,0.9,270.0,64,38.13889643166776,4.692530249956541,62.98884574399655,42.73232512144149
24,raw/keeper_6e87fc8bc37b4a89aeda/12-09-26_99.7wt_glycerol_D3/map-data-2026.09.12-16.12.04.675.jpk-force-map,0.9,275.0,64,3.231398582598413,-19.945022155900727,29.91278246841189,40.097828441238924
24,raw/keeper_6e87fc8bc37b4a89aeda/12-09-26_99.7wt_glycerol_D3/map-data-2026.09.12-16.12.04.675.jpk-force-map,0.9,280.0,64,16.276925924376524,-17.28048473983283,39.68937728128805,38.10592847212184
24,raw/keeper_6e87fc8bc37b4a89aeda/12-09-26_99.7wt_glycerol_D3/map-data-2026.09.12-16.12.04.675.jpk-force-map,0.9,285.0,64,-0.8826731658408631,-30.76695104161743,25.700895483170104,45.50720023533757
24,raw/keeper_6e87fc8bc37b4a89aeda/12-09-26_99.7wt_glycerol_D3/map-data-2026.09.12-16.12.04.675.jpk-force-map,0.9,290.0,64,2.8619737604064905,-40.533431321622956,18.544851051519387,44.65323757115789
24,raw/keeper_6e87fc8bc37b4a89aeda/12-09-26_99.7wt_glycerol_D3/map-data-2026.09.12-16.12.04.675.jpk-force-map,0.9,295.0,64,-3.544791709183001,-33.86144308469746,43.250272718481156,56.70993963349656
24,raw/keeper_6e87fc8bc37b4a89aeda/12-09-26_99.7wt_glycerol_D3/map-data-2026.09.12-16.12.04.675.jpk-force-map,0.9,300.0,64,-12.232885511635775,-34.71195021357146,29.750966510104018,48.70716531834978
25,raw/keeper_6e87fc8bc37b4a89aeda/12-09-26_99.7wt_glycerol_D3/map-data-2026.09.12-16.13.33.010.jpk-force-map,2.7,5.0,64,5140.356204506891,3065.6934082999232,5923.98699467891,2028.2367608772327
25,raw/keeper_6e87fc8bc37b4a89aeda/12-09-26_99.7wt_glycerol_D3/map-data-2026.09.12-16.13.33.010.jpk-force-map,2.7,10.0,64,4328.6885008005665,2661.8540909692124,4962.77930227584,1511.7460128543298
25,raw/keeper_6e87fc8bc37b4a89aeda/12-09-26_99.7wt_glycerol_D3/map-data-2026.09.12-16.13.33.010.jpk-force-map,2.7,15.0,64,3761.093090424447,2406.1262605982533,4148.187429958338,1117.7115359970894
25,raw/keeper_6e87fc8bc37b4a89aeda/12-09-26_99.7wt_glycerol_D3/map-data-2026.09.12-16.13.33.010.jpk-force-map,2.7,20.0,64,3283.537881231836,2165.8641308531605,3549.4655511560118,845.0453544588629
25,raw/keeper_6e87fc8bc37b4a89aeda/12-09-26_99.7wt_glycerol_D3/map-data-2026.09.12-16.13.33.010.jpk-force-map,2.7,25.0,64,2847.9758433480074,1989.720195333071,3097.195804339725,680.0467296164126
25,raw/keeper_6e87fc8bc37b4a89aeda/12-09-26_99.7wt_glycerol_D3/map-data-2026.09.12-16.13.33.010.jpk-force-map,2.7,30.0,64,2492.2348823831494,1785.6139916969369,2752.14416501882,592.8882041701172
25,raw/keeper_6e87fc8bc37b4a89aeda/12-09-26_99.7wt_glycerol_D3/map-data-2026.09.12-16.13.33.010.jpk-force-map,2.7,35.0,64,2239.65912482348,1669.412795616092,2429.595431207061,464.82352596132694
25,raw/keeper_6e87fc8bc37b4a89aeda/12-09-26_99.7wt_glycerol_D3/map-data-2026.09.12-16.13.33.010.jpk-force-map,2.7,40.0,64,2003.8933067041783,1517.2805540354907,2209.6847853577206,401.3199824685757
25,raw/keeper_6e87fc8bc37b4a89aeda/12-09-26_99.7wt_glycerol_D3/map-data-2026.09.12-16.13.33.010.jpk-force-map,2.7,45.0,64,1803.549808701627,1433.6659474233034,2004.3658152667804,345.53843186043
25,raw/keeper_6e87fc8bc37b4a89aeda/12-09-26_99.7wt_glycerol_D3/map-data-2026.09.12-16.13.33.010.jpk-force-map,2.7,50.0,64,1665.000075924122,1296.3750225205015,1812.8227395398408,283.7706437512228
25,raw/keeper_6e87fc8bc37b4a89aeda/12-09-26_99.7wt_glycerol_D3/map-data-2026.09.12-16.13.33.010.jpk-force-map,2.7,55.0,64,1515.1781477300408,1176.9852965774553,1640.940849478812,284.2460636259623
25,raw/keeper_6e87fc8bc37b4a89aeda/12-09-26_99.7wt_glycerol_D3/map-data-2026.09.12-16.13.33.010.jpk-force-map,2.7,60.0,64,1372.5530451677082,1115.2555403577267,1496.353742918665,248.3818669775664
25,raw/keeper_6e87fc8bc37b4a89aeda/12-09-26_99.7wt_glycerol_D3/map-data-2026.09.12-16.13.33.010.jpk-force-map,2.7,65.0,64,1251.0172986558514,1071.3455118194713,1378.7898434092576,221.44812133816004
25,raw/keeper_6e87fc8bc37b4a89aeda/12-09-26_99.7wt_glycerol_D3/map-data-2026.09.12-16.13.33.010.jpk-force-map,2.7,70.0,64,1152.957225544205,1006.2462410412627,1284.6309895299892,197.37222515193432
25,raw/keeper_6e87fc8bc37b4a89aeda/12-09-26_99.7wt_glycerol_D3/map-data-2026.09.12-16.13.33.010.jpk-force-map,2.7,75.0,64,1068.5063433899345,949.3017357647091,1170.9024695254782,153.87406996825374
25,raw/keeper_6e87fc8bc37b4a89aeda/12-09-26_99.7wt_glycerol_D3/map-data-2026.09.12-16.13.33.010.jpk-force-map,2.7,80.0,64,995.7198288186298,847.4455235594744,1075.935910967248,142.83754944337662
25,raw/keeper_6e87fc8bc37b4a89aeda/12-09-26_99.7wt_glycerol_D3/map-data-2026.09.12-16.13.33.010.jpk-force-map,2.7,85.0,64,928.2470805972771,749.4548604977233,1000.0569835893493,132.56238848643687
25,raw/keeper_6e87fc8bc37b4a89aeda/12-09-26_99.7wt_glycerol_D3/map-data-2026.09.12-16.13.33.010.jpk-force-map,2.7,90.0,64,865.9365381252235,714.7508958776714,928.4993971875354,132.95699557957514
25,raw/keeper_6e87fc8bc37b4a89aeda/12-09-26_99.7wt_glycerol_D3/map-data-2026.09.12-16.13.33.010.jpk-force-map,2.7,95.0,64,783.4662985428527,658.3939695782216,862.8371254985843,146.20017174212146
25,raw/keeper_6e87fc8bc37b4a89aeda/12-09-26_99.7wt_glycerol_D3/map-data-2026.09.12-16.13.33.010.jpk-force-map,2.7,100.0,64,712.634697027398,593.4820537467234,790.350426888118,158.65762168647498
25,raw/keeper_6e87fc8bc37b4a89aeda/12-09-26_99.7wt_glycerol_D3/map-data-2026.09.12-16.13.33.010.jpk-force-map,2.7,105.0,64,635.6594404379595,561.155476528468,747.1477115268933,140.5670787277116
25,raw/keeper_6e87fc8bc37b4a89aeda/12-09-26_99.7wt_glycerol_D3/map-data-2026.09.12-16.13.33.010.jpk-force-map,2.7,110.0,64,610.7999233242665,536.1826286005225,694.4335827010751,117.76655070145638
25,raw/keeper_6e87fc8bc37b4a89aeda/12-09-26_99.7wt_glycerol_D3/map-data-2026.09.12-16.13.33.010.jpk-force-map,2.7,115.0,64,574.2106959287703,503.6921727550929,636.5935146492238,100.10507694300158
25,raw/keeper_6e87fc8bc37b4a89aeda/12-09-26_99.7wt_glycerol_D3/map-data-2026.09.12-16.13.33.010.jpk-force-map,2.7,120.0,64,529.4310329427233,480.180895536473,594.0227463552374,90.05859896378435
25,raw/keeper_6e87fc8bc37b4a89aeda/12-09-26_99.7wt_glycerol_D3/map-data-2026.09.12-16.13.33.010.jpk-force-map,2.7,125.0,64,493.1637475664587,436.18015927100043,539.825641453232,76.98277157967124
25,raw/keeper_6e87fc8bc37b4a89aeda/12-09-26_99.7wt_glycerol_D3/map-data-2026.09.12-16.13.33.010.jpk-force-map,2.7,130.0,64,461.7250126119236,413.0769342838883,522.6102757493503,83.72056794962543
25,raw/keeper_6e87fc8bc37b4a89aeda/12-09-26_99.7wt_glycerol_D3/map-data-2026.09.12-16.13.33.010.jpk-force-map,2.7,135.0,64,421.3740073696415,362.2131436875832,479.2605475995466,88.62209650372095
25,raw/keeper_6e87fc8bc37b4a89aeda/12-09-26_99.7wt_glycerol_D3/map-data-2026.09.12-16.13.33.010.jpk-force-map,2.7,140.0,64,381.09623101399114,316.9343562551395,443.4616040291005,94.18034558331706
25,raw/keeper_6e87fc8bc37b4a89aeda/12-09-26_99.7wt_glycerol_D3/map-data-2026.09.12-16.13.33.010.jpk-force-map,2.7,145.0,64,353.0700450145474,297.87009370480627,408.16492446930806,82.462467687972
25,raw/keeper_6e87fc8bc37b4a89aeda/12-09-26_99.7wt_glycerol_D3/map-data-2026.09.12-16.13.33.010.jpk-force-map,2.7,150.0,64,335.19280283535045,276.4236060072262,376.5231615982093,78.42551308123215
25,raw/keeper_6e87fc8bc37b4a89aeda/12-09-26_99.7wt_glycerol_D3/map-data-2026.09.12-16.13.33.010.jpk-force-map,2.7,155.0,64,300.03543212018076,254.63227983762545,345.2190054323843,67.62956410133995
25,raw/keeper_6e87fc8bc37b4a89aeda/12-09-26_99.7wt_glycerol_D3/map-data-2026.09.12-16.13.33.010.jpk-force-map,2.7,160.0,64,279.9672214152889,231.65878760996227,324.8362584350303,70.81140157559277
25,raw/keeper_6e87fc8bc37b4a89aeda/12-09-26_99.7wt_glycerol_D3/map-data-2026.09.12-16.13.33.010.jpk-force-map,2.7,165.0,64,259.7621455899316,206.49689483792193,316.6319308939277,81.79255674796835
25,raw/keeper_6e87fc8bc37b4a89aeda/12-09-26_99.7wt_glycerol_D3/map-data-2026.09.12-16.13.33.010.jpk-force-map,2.7,170.0,64,239.4975920037142,173.60397833321073,281.6019900388315,76.03957097155309
25,raw/keeper_6e87fc8bc37b4a89aeda/12-09-26_99.7wt_glycerol_D3/map-data-2026.09.12-16.13.33.010.jpk-force-map,2.7,175.0,64,216.6257918362632,165.17226018826142,256.03699875408387,66.51621451506044
25,raw/keeper_6e87fc8bc37b4a89aeda/12-09-26_99.7wt_glycerol_D3/map-data-2026.09.12-16.13.33.010.jpk-force-map,2.7,180.0,64,184.4407021048466,141.23128514076043,225.81938861935555,63.01350854048733
25,raw/keeper_6e87fc8bc37b4a89aeda/12-09-26_99.7wt_glycerol_D3/map-data-2026.09.12-16.13.33.010.jpk-force-map,2.7,185.0,64,162.2971980069408,106.60776460646306,210.68394695867053,76.09117816126303
25,raw/keeper_6e87fc8bc37b4a89aeda/12-09-26_99.7wt_glycerol_D3/map-data-2026.09.12-16.13.33.010.jpk-force-map,2.7,190.0,64,140.73042937792653,87.68748296999078,182.2204585921203,70.31679787640549
25,raw/keeper_6e87fc8bc37b4a89aeda/12-09-26_99.7wt_glycerol_D3/map-data-2026.09.12-16.13.33.010.jpk-force-map,2.7,195.0,64,118.52194706885246,77.40444082205457,160.89108741028394,62.482060108047385
25,raw/keeper_6e87fc8bc37b4a89aeda/12-09-26_99.7wt_glycerol_D3/map-data-2026.09.12-16.13.33.010.jpk-force-map,2.7,200.0,64,106.88123804926124,45.90570622658465,141.0336251335328,73.5195631591458
25,raw/keeper_6e87fc8bc37b4a89aeda/12-09-26_99.7wt_glycerol_D3/map-data-2026.09.12-16.13.33.010.jpk-force-map,2.7,205.0,64,87.16199115412039,34.108350346565416,140.0332224499555,79.71645428179009
25,raw/keeper_6e87fc8bc37b4a89aeda/12-09-26_99.7wt_glycerol_D3/map-data-2026.09.12-16.13.33.010.jpk-force-map,2.7,210.0,64,84.12388701050824,27.376511577297777,119.79921127380666,71.94764402280023
25,raw/keeper_6e87fc8bc37b4a89aeda/12-09-26_99.7wt_glycerol_D3/map-data-2026.09.12-16.13.33.010.jpk-force-map,2.7,215.0,64,50.76998472388393,9.554646672662265,108.38827031173481,68.88248153718202
25,raw/keeper_6e87fc8bc37b4a89aeda/12-09-26_99.7wt_glycerol_D3/map-data-2026.09.12-16.13.33.010.jpk-force-map,2.7,220.0,64,33.03706309478542,-9.119365555366262,79.47683488132101,66.8622848129286
25,raw/keeper_6e87fc8bc37b4a89aeda/12-09-26_99.7wt_glycerol_D3/map-data-2026.09.12-16.13.33.010.jpk-force-map,2.7,225.0,64,14.391812257525036,-15.852521450537052,60.765272139367255,49.90523322795654
25,raw/keeper_6e87fc8bc37b4a89aeda/12-09-26_99.7wt_glycerol_D3/map-data-2026.09.12-16.13.33.010.jpk-force-map,2.7,230.0,64,-4.798944082270603,-28.459064811634406,38.218594974458696,46.05294442427856
25,raw/keeper_6e87fc8bc37b4a89aeda/12-09-26_99.7wt_glycerol_D3/map-data-2026.09.12-16.13.33.010.jpk-force-map,2.7,235.0,64,-19.334662699359615,-61.15570470550682,9.336318557725566,58.47890440327768
25,raw/keeper_6e87fc8bc37b4a89aeda/12-09-26_99.7wt_glycerol_D3/map-data-2026.09.12-16.13.33.010.jpk-force-map,2.7,240.0,64,-30.882443930463996,-71.54308973308079,0.7523522558330065,53.88802607681401
25,raw/keeper_6e87fc8bc37b4a89aeda/12-09-26_99.7wt_glycerol_D3/map-data-2026.09.12-16.13.33.010.jpk-force-map,2.7,245.0,64,-39.23756167782683,-81.47148537712272,-13.045502490346575,53.14629247012226
25,raw/keeper_6e87fc8bc37b4a89aeda/12-09-26_99.7wt_glycerol_D3/map-data-2026.09.12-16.13.33.010.jpk-force-map,2.7,250.0,64,-46.87970840544621,-91.77193181135004,-12.405834911530949,54.95824276203311
25,raw/keeper_6e87fc8bc37b4a89aeda/12-09-26_99.7wt_glycerol_D3/map-data-2026.09.12-16.13.33.010.jpk-force-map,2.7,255.0,64,-59.987944194259995,-107.10745235198847,-13.30295504324034,69.88969372853849
25,raw/keeper_6e87fc8bc37b4a89aeda/12-09-26_99.7wt_glycerol_D3/map-data-2026.09.12-16.13.33.010.jpk-force-map,2.7,260.0,64,-80.38233822946415,-122.04841498875666,-26.491792310212002,73.33789406105338
25,raw/keeper_6e87fc8bc37b4a89aeda/12-09-26_99.7wt_glycerol_D3/map-data-2026.09.12-16.13.33.010.jpk-force-map,2.7,265.0,64,-100.59281509940084,-153.81806332951692,-47.653573717679265,78.74139526098642
25,raw/keeper_6e87fc8bc37b4a89aeda/12-09-26_99.7wt_glycerol_D3/map-data-2026.09.12-16.13.33.010.jpk-force-map,2.7,270.0,64,-126.50364719726312,-173.13108043150527,-77.0267487567794,73.42244044229045
25,raw/keeper_6e87fc8bc37b4a89aeda/12-09-26_99.7wt_glycerol_D3/map-data-2026.09.12-16.13.33.010.jpk-force-map,2.7,275.0,64,-148.24071440674766,-205.3439209287835,-108.3821485756239,73.93512262392696
25,raw/keeper_6e87fc8bc37b4a89aeda/12-09-26_99.7wt_glycerol_D3/map-data-2026.09.12-16.13.33.010.jpk-force-map,2.7,280.0,64,-160.03459108627058,-228.4257239814121,-108.68927914131558,80.399064373189
25,raw/keeper_6e87fc8bc37b4a89aeda/12-09-26_99.7wt_glycerol_D3/map-data-2026.09.12-16.13.33.010.jpk-force-map,2.7,285.0,64,-181.4758931183498,-252.28669398512505,-112.46085673616435,105.53670295598539
25,raw/keeper_6e87fc8bc37b4a89aeda/12-09-26_99.7wt_glycerol_D3/map-data-2026.09.12-16.13.33.010.jpk-force-map,2.7,290.0,64,-194.14137579261214,-270.00147406877966,-129.8847839421612,103.71266759156865
25,raw/keeper_6e87fc8bc37b4a89aeda/12-09-26_99.7wt_glycerol_D3/map-data-2026.09.12-16.13.33.010.jpk-force-map,2.7,295.0,64,-221.64712310071513,-295.4690808748798,-152.3937863359846,108.365076622564
25,raw/keeper_6e87fc8bc37b4a89aeda/12-09-26_99.7wt_glycerol_D3/map-data-2026.09.12-16.13.33.010.jpk-force-map,2.7,300.0,64,-242.2209610434082,-328.6679267927309,-174.14113375455375,105.30922357288222
26,raw/keeper_6e87fc8bc37b4a89aeda/12-09-26_99.7wt_glycerol_D3/map-data-2026.09.12-16.14.59.227.jpk-force-map,0.1,5.0,64,1002.6052163031218,394.4958995472107,1558.2482061466385,916.0684167454153
26,raw/keeper_6e87fc8bc37b4a89aeda/12-09-26_99.7wt_glycerol_D3/map-data-2026.09.12-16.14.59.227.jpk-force-map,0.1,10.0,64,699.433732261555,408.369344066071,924.2535879974574,409.71571814544205
26,raw/keeper_6e87fc8bc37b4a89aeda/12-09-26_99.7wt_glycerol_D3/map-data-2026.09.12-16.14.59.227.jpk-force-map,0.1,15.0,64,708.1024750822007,412.7445298117369,957.3736300240737,406.3361472694001
26,raw/keeper_6e87fc8bc37b4a89aeda/12-09-26_99.7wt_glycerol_D3/map-data-2026.09.12-16.14.59.227.jpk-force-map,0.1,20.0,64,601.0789377326521,330.8459642899166,769.1398124165466,332.4188329332124
26,raw/keeper_6e87fc8bc37b4a89aeda/12-09-26_99.7wt_glycerol_D3/map-data-2026.09.12-16.14.59.227.jpk-force-map,0.1,25.0,64,493.015136002414,284.2373270221642,634.6038013046028,247.29590530967232
26,raw/keeper_6e87fc8bc37b4a89aeda/12-09-26_99.7wt_glycerol_D3/map-data-2026.09.12-16.14.59.227.jpk-force-map,0.1,30.0,64,425.6837592945502,275.73745796654646,540.1945609629711,209.59588298221874
26,raw/keeper_6e87fc8bc37b4a89aeda/12-09-26_99.7wt_glycerol_D3/map-data-2026.09.12-16.14.59.227.jpk-force-map,0.1,35.0,64,363.8487572598168,219.80854788240333,449.37805902688234,161.34235001967826
26,raw/keeper_6e87fc8bc37b4a89aeda/12-09-26_99.7wt_glycerol_D3/map-data-2026.09.12-16.14.59.227.jpk-force-map,0.1,40.0,64,324.1365994990906,197.92870919542167,370.9452825115538,135.61286220506386
26,raw/keeper_6e87fc8bc37b4a89aeda/12-09-26_99.7wt_glycerol_D3/map-data-2026.09.12-16.14.59.227.jpk-force-map,0.1,45.0,64,254.15219987203915,163.53487388053665,328.8325095438148,111.89264051050485
26,raw/keeper_6e87fc8bc37b4a89aeda/12-09-26_99.7wt_glycerol_D3/map-data-2026.09.12-16.14.59.227.jpk-force-map,0.1,50.0,64,233.69266194945092,128.17106231879285,277.6553755237891,86.01985124669321
26,raw/keeper_6e87fc8bc37b4a89aeda/12-09-26_99.7wt_glycerol_D3/map-data-2026.09.12-16.14.59.227.jpk-force-map,0.1,55.0,64,193.1976012390129,128.09850442082862,251.62929076759073,90.73079427724952
26,raw/keeper_6e87fc8bc37b4a89aeda/12-09-26_99.7wt_glycerol_D3/map-data-2026.09.12-16.14.59.227.jpk-force-map,0.1,60.0,64,180.3621513367089,128.54364327286325,218.47149113178202,64.73329787295339
26,raw/keeper_6e87fc8bc37b4a89aeda/12-09-26_99.7wt_glycerol_D3/map-data-2026.09.12-16.14.59.227.jpk-force-map,0.1,65.0,64,154.3158292309583,108.24341959775049,177.17971835918686,58.057597160108386
26,raw/keeper_6e87fc8bc37b4a89aeda/12-09-26_99.7wt_glycerol_D3/map-data-2026.09.12-16.14.59.227.jpk-force-map,0.1,70.0,64,136.96204105019922,91.06032762037401,157.2112447351806,31.73780759247219
26,raw/keeper_6e87fc8bc37b4a89aeda/12-09-26_99.7wt_glycerol_D3/map-data-2026.09.12-16.14.59.227.jpk-force-map,0.1,75.0,64,122.17189347112264,92.21731089389462,147.69303854580895,40.655829644776034
26,raw/keeper_6e87fc8bc37b4a89aeda/12-09-26_99.7wt_glycerol_D3/map-data-2026.09.12-16.14.59.227.jpk-force-map,0.1,80.0,64,103.80794427777508,70.36653181486543,135.78386778889603,50.248847210272025
26,raw/keeper_6e87fc8bc37b4a89aeda/12-09-26_99.7wt_glycerol_D3/map-data-2026.09.12-16.14.59.227.jpk-force-map,0.1,85.0,64,90.97360440610572,72.2465343705122,110.07802687073513,28.44899757600962
26,raw/keeper_6e87fc8bc37b4a89aeda/12-09-26_99.7wt_glycerol_D3/map-data-2026.09.12-16.14.59.227.jpk-force-map,0.1,90.0,64,87.35303239659488,50.417732241283225,103.45564209230986,32.5235338106674
26,raw/keeper_6e87fc8bc37b4a89aeda/12-09-26_99.7wt_glycerol_D3/map-data-2026.09.12-16.14.59.227.jpk-force-map,0.1,95.0,64,64.46270962840785,44.06761146929307,95.78982851750635,37.81939926319223
26,raw/keeper_6e87fc8bc37b4a89aeda/12-09-26_99.7wt_glycerol_D3/map-data-2026.09.12-16.14.59.227.jpk-force-map,0.1,100.0,64,67.56458254682616,53.8105657268972,86.95473021028654,25.6293438296333
26,raw/keeper_6e87fc8bc37b4a89aeda/12-09-26_99.7wt_glycerol_D3/map-data-2026.09.12-16.14.59.227.jpk-force-map,0.1,105.0,64,60.75270559852791,41.942971415911956,86.61945125581917,33.3139270284082
26,raw/keeper_6e87fc8bc37b4a89aeda/12-09-26_99.7wt_glycerol_D3/map-data-2026.09.12-16.14.59.227.jpk-force-map,0.1,110.0,64,57.78751555673952,41.28699301381917,82.0582276893449,26.81940415054587
26,raw/keeper_6e87fc8bc37b4a89aeda/12-09-26_99.7wt_glycerol_D3/map-data-2026.09.12-16.14.59.227.jpk-force-map,0.1,115.0,64,46.60167058294968,29.476010265190013,64.47111769627334,26.049545730805004
26,raw/keeper_6e87fc8bc37b4a89aeda/12-09-26_99.7wt_glycerol_D3/map-data-2026.09.12-16.14.59.227.jpk-force-map,0.1,120.0,64,43.7676132646182,29.50338825956939,66.40143611814119,27.881097420805844
26,raw/keeper_6e87fc8bc37b4a89aeda/12-09-26_99.7wt_glycerol_D3/map-data-2026.09.12-16.14.59.227.jpk-force-map,0.1,125.0,64,44.15753223449344,24.07391364169115,63.1044711738143,28.136333169626027
26,raw/keeper_6e87fc8bc37b4a89aeda/12-09-26_99.7wt_glycerol_D3/map-data-2026.09.12-16.14.59.227.jpk-force-map,0.1,130.0,64,42.0809631346322,15.446034859251878,56.989196435305836,32.78518054307414
26,raw/keeper_6e87fc8bc37b4a89aeda/12-09-26_99.7wt_glycerol_D3/map-data-2026.09.12-16.14.59.227.jpk-force-map,0.1,135.0,64,32.80448682543769,15.572437526796357,54.36342725333635,28.42291150486576
26,raw/keeper_6e87fc8bc37b4a89aeda/12-09-26_99.7wt_glycerol_D3/map-data-2026.09.12-16.14.59.227.jpk-force-map,0.1,140.0,64,31.10191521127765,18.187495741524444,55.349324984370064,30.356719611221283
26,raw/keeper_6e87fc8bc37b4a89aeda/12-09-26_99.7wt_glycerol_D3/map-data-2026.09.12-16.14.59.227.jpk-force-map,0.1,145.0,64,40.01710140039184,19.742201334603912,59.275486770781356,29.189453898615344
26,raw/keeper_6e87fc8bc37b4a89aeda/12-09-26_99.7wt_glycerol_D3/map-data-2026.09.12-16.14.59.227.jpk-force-map,0.1,150.0,64,26.775562529716385,10.01915307412381,44.5848857449451,26.81380375109211
26,raw/keeper_6e87fc8bc37b4a89aeda/12-09-26_99.7wt_glycerol_D3/map-data-2026.09.12-16.14.59.227.jpk-force-map,0.1,155.0,64,26.39616399943616,11.54315886473138,46.92444098325185,28.760654893017964
26,raw/keeper_6e87fc8bc37b4a89aeda/12-09-26_99.7wt_glycerol_D3/map-data-2026.09.12-16.14.59.227.jpk-force-map,0.1,160.0,64,23.376897241366255,7.988194636002797,43.50050178844124,27.430461769966893
26,raw/keeper_6e87fc8bc37b4a89aeda/12-09-26_99.7wt_glycerol_D3/map-data-2026.09.12-16.14.59.227.jpk-force-map,0.1,165.0,64,26.302258721285966,14.816606070467383,39.00793444508825,18.70110931507424
26,raw/keeper_6e87fc8bc37b4a89aeda/12-09-26_99.7wt_glycerol_D3/map-data-2026.09.12-16.14.59.227.jpk-force-map,0.1,170.0,64,19.819712951368963,-1.7827340503514182,32.3721878799965,24.961225999981362
26,raw/keeper_6e87fc8bc37b4a89aeda/12-09-26_99.7wt_glycerol_D3/map-data-2026.09.12-16.14.59.227.jpk-force-map,0.1,175.0,64,18.50933007121747,-5.157459125763913,32.921379678293874,31.296505940725773
26,raw/keeper_6e87fc8bc37b4a89aeda/12-09-26_99.7wt_glycerol_D3/map-data-2026.09.12-16.14.59.227.jpk-force-map,0.1,180.0,64,18.746545274560532,-6.111489037016149,40.53198165474979,33.27133451676762
26,raw/keeper_6e87fc8bc37b4a89aeda/12-09-26_99.7wt_glycerol_D3/map-data-2026.09.12-16.14.59.227.jpk-force-map,0.1,185.0,64,20.17608248789022,-2.8056686990462127,35.701617078475834,26.745542741952065
26,raw/keeper_6e87fc8bc37b4a89aeda/12-09-26_99.7wt_glycerol_D3/map-data-2026.09.12-16.14.59.227.jpk-force-map,0.1,190.0,64,16.70660718563572,-2.093501208942091,30.40409528131463,24.254863337212363
26,raw/keeper_6e87fc8bc37b4a89aeda/12-09-26_99.7wt_glycerol_D3/map-data-2026.09.12-16.14.59.227.jpk-force-map,0.1,195.0,64,16.350701542513512,1.1098401067989183,27.155806008688756,20.59411802014021
26,raw/keeper_6e87fc8bc37b4a89aeda/12-09-26_99.7wt_glycerol_D3/map-data-2026.09.12-16.14.59.227.jpk-force-map,0.1,200.0,64,15.55862013054071,-1.0069634616559724,33.92299179823384,26.168357713967445
26,raw/keeper_6e87fc8bc37b4a89aeda/12-09-26_99.7wt_glycerol_D3/map-data-2026.09.12-16.14.59.227.jpk-force-map,0.1,205.0,64,11.654791497789306,-2.0777785362243852,32.594906414605845,28.212356135903832
26,raw/keeper_6e87fc8bc37b4a89aeda/12-09-26_99.7wt_glycerol_D3/map-data-2026.09.12-16.14.59.227.jpk-force-map,0.1,210.0,64,7.3693111382462,-2.1762813293153624,16.78885714212366,14.36460702698779
26,raw/keeper_6e87fc8bc37b4a89aeda/12-09-26_99.7wt_glycerol_D3/map-data-2026.09.12-16.14.59.227.jpk-force-map,0.1,215.0,64,9.634138120185536,-3.3830088861180396,25.25863939726184,20.868169146074873
26,raw/keeper_6e87fc8bc37b4a89aeda/12-09-26_99.7wt_glycerol_D3/map-data-2026.09.12-16.14.59.227.jpk-force-map,0.1,220.0,64,8.542215895941311,-6.059251326711987,26.8111000776398,25.00833813223487
26,raw/keeper_6e87fc8bc37b4a89aeda/12-09-26_99.7wt_glycerol_D3/map-data-2026.09.12-16.14.59.227.jpk-force-map,0.1,225.0,64,4.257895269896171,-8.730598035179264,23.585375905374132,22.94591734367103
26,raw/keeper_6e87fc8bc37b4a89aeda/12-09-26_99.7wt_glycerol_D3/map-data-2026.09.12-16.14.59.227.jpk-force-map,0.1,230.0,64,14.427614887390744,-0.4814550781638256,28.749876270237674,21.55908158403246
26,raw/keeper_6e87fc8bc37b4a89aeda/12-09-26_99.7wt_glycerol_D3/map-data-2026.09.12-16.14.59.227.jpk-force-map,0.1,235.0,64,6.198510468470326,-6.636608081405074,26.42506621498525,27.096746739318007
26,raw/keeper_6e87fc8bc37b4a89aeda/12-09-26_99.7wt_glycerol_D3/map-data-2026.09.12-16.14.59.227.jpk-force-map,0.1,240.0,64,6.501996157452286,-6.920370017098745,22.51090767028488,21.959117134536605
26,raw/keeper_6e87fc8bc37b4a89aeda/12-09-26_99.7wt_glycerol_D3/map-data-2026.09.12-16.14.59.227.jpk-force-map,0.1,245.0,64,3.773342046529056,-18.57449881003149,17.342778996333045,28.39355853404216
26,raw/keeper_6e87fc8bc37b4a89aeda/12-09-26_99.7wt_glycerol_D3/map-data-2026.09.12-16.14.59.227.jpk-force-map,0.1,250.0,64,5.287456967155153,-11.43360546816018,21.5738015843032,25.2251571058497
26,raw/keeper_6e87fc8bc37b4a89aeda/12-09-26_99.7wt_glycerol_D3/map-data-2026.09.12-16.14.59.227.jpk-force-map,0.1,255.0,64,1.3609638283154548,-14.831682605949954,26.12185389175663,30.132187806778262
26,raw/keeper_6e87fc8bc37b4a89aeda/12-09-26_99.7wt_glycerol_D3/map-data-2026.09.12-16.14.59.227.jpk-force-map,0.1,260.0,64,4.290003320188554,-10.87593933151216,22.19105317135066,25.16225086460929
26,raw/keeper_6e87fc8bc37b4a89aeda/12-09-26_99.7wt_glycerol_D3/map-data-2026.09.12-16.14.59.227.jpk-force-map,0.1,265.0,64,0.06207887742202278,-11.67152479541315,17.091812667220044,22.040298363470338
26,raw/keeper_6e87fc8bc37b4a89aeda/12-09-26_99.7wt_glycerol_D3/map-data-2026.09.12-16.14.59.227.jpk-force-map,0.1,270.0,64,7.210245405092616,-11.54509727643629,23.586311975984607,26.31730868893099
26,raw/keeper_6e87fc8bc37b4a89aeda/12-09-26_99.7wt_glycerol_D3/map-data-2026.09.12-16.14.59.227.jpk-force-map,0.1,275.0,64,-2.856672121555669,-16.517926829211962,12.600206245908751,22.842211701142418
26,raw/keeper_6e87fc8bc37b4a89aeda/12-09-26_99.7wt_glycerol_D3/map-data-2026.09.12-16.14.59.227.jpk-force-map,0.1,280.0,64,-0.025116514057108956,-13.643146297455303,16.44513698454846,22.496165966431057
26,raw/keeper_6e87fc8bc37b4a89aeda/12-09-26_99.7wt_glycerol_D3/map-data-2026.09.12-16.14.59.227.jpk-force-map,0.1,285.0,64,5.923769602634424,-18.489896251303776,15.866313995360313,24.20463168421128
26,raw/keeper_6e87fc8bc37b4a89aeda/12-09-26_99.7wt_glycerol_D3/map-data-2026.09.12-16.14.59.227.jpk-force-map,0.1,290.0,64,6.3516284255384505,-9.208126587069122,16.547914223963772,19.75855315943107
26,raw/keeper_6e87fc8bc37b4a89aeda/12-09-26_99.7wt_glycerol_D3/map-data-2026.09.12-16.14.59.227.jpk-force-map,0.1,295.0,64,6.072033246629604,-11.184917186990992,21.760328149943035,25.43134023313209
26,raw/keeper_6e87fc8bc37b4a89aeda/12-09-26_99.7wt_glycerol_D3/map-data-2026.09.12-16.14.59.227.jpk-force-map,0.1,300.0,64,-2.0743987414571317,-13.8382714586075,18.777535010406936,27.714460973879945
27,raw/keeper_6e87fc8bc37b4a89aeda/12-09-26_99.7wt_glycerol_D3/map-data-2026.09.12-16.21.01.539.jpk-force-map,0.3,5.0,64,1643.9722851548058,1090.5139598570386,2414.9919675860283,927.4433684267977
27,raw/keeper_6e87fc8bc37b4a89aeda/12-09-26_99.7wt_glycerol_D3/map-data-2026.09.12-16.21.01.539.jpk-force-map,0.3,10.0,64,1104.4518689908034,691.5824358812595,1656.8551764410163,644.1819925785969
27,raw/keeper_6e87fc8bc37b4a89aeda/12-09-26_99.7wt_glycerol_D3/map-data-2026.09.12-16.21.01.539.jpk-force-map,0.3,15.0,64,1100.048261490609,637.2809632481843,1419.6837530375105,595.3282589113674
27,raw/keeper_6e87fc8bc37b4a89aeda/12-09-26_99.7wt_glycerol_D3/map-data-2026.09.12-16.21.01.539.jpk-force-map,0.3,20.0,64,925.5384070377738,538.3789898869859,1200.3039503457567,509.628416454553
27,raw/keeper_6e87fc8bc37b4a89aeda/12-09-26_99.7wt_glycerol_D3/map-data-2026.09.12-16.21.01.539.jpk-force-map,0.3,25.0,64,775.7570032456597,521.6805339710849,959.3362470238801,328.3534587555564
27,raw/keeper_6e87fc8bc37b4a89aeda/12-09-26_99.7wt_glycerol_D3/map-data-2026.09.12-16.21.01.539.jpk-force-map,0.3,30.0,64,679.0271444569923,444.6959415269818,852.6914372159442,293.96649027904704
27,raw/keeper_6e87fc8bc37b4a89aeda/12-09-26_99.7wt_glycerol_D3/map-data-2026.09.12-16.21.01.539.jpk-force-map,0.3,35.0,64,592.1492217395618,398.40318252902557,726.6943698947133,242.28543916092408
27,raw/keeper_6e87fc8bc37b4a89aeda/12-09-26_99.7wt_glycerol_D3/map-data-2026.09.12-16.21.01.539.jpk-force-map,0.3,40.0,64,503.2316922856339,362.85845254148836,628.3908770055058,204.26636600665748
27,raw/keeper_6e87fc8bc37b4a89aeda/12-09-26_99.7wt_glycerol_D3/map-data-2026.09.12-16.21.01.539.jpk-force-map,0.3,45.0,64,453.4071388774907,314.7805820395088,553.0424697165749,170.24457796299458
27,raw/keeper_6e87fc8bc37b4a89aeda/12-09-26_99.7wt_glycerol_D3/map-data-2026.09.12-16.21.01.539.jpk-force-map,0.3,50.0,64,412.77524618182997,299.43546056226324,485.26402402878347,134.28006538752936
27,raw/keeper_6e87fc8bc37b4a89aeda/12-09-26_99.7wt_glycerol_D3/map-data-2026.09.12-16.21.01.539.jpk-force-map,0.3,55.0,64,353.53031010492805,277.2215357895567,417.3406530727104,107.82269758592658
27,raw/keeper_6e87fc8bc37b4a89aeda/12-09-26_99.7wt_glycerol_D3/map-data-2026.09.12-16.21.01.539.jpk-force-map,0.3,60.0,64,328.7311654036521,237.51689144513955,381.39241038193086,102.22035764220496
27,raw/keeper_6e87fc8bc37b4a89aeda/12-09-26_99.7wt_glycerol_D3/map-data-2026.09.12-16.21.01.539.jpk-force-map,0.3,65.0,64,307.0730263425632,210.26516719229986,350.08599273578386,89.47011488426963
27,raw/keeper_6e87fc8bc37b4a89aeda/12-09-26_99.7wt_glycerol_D3/map-data-2026.09.12-16.21.01.539.jpk-force-map,0.3,70.0,64,260.2392268160436,196.67722420938102,303.85923085771265,83.97487029853647
27,raw/keeper_6e87fc8bc37b4a89aeda/12-09-26_99.7wt_glycerol_D3/map-data-2026.09.12-16.21.01.539.jpk-force-map,0.3,75.0,64,238.66385959151754,185.68947828478605,275.0047797611379,65.23556527665718
27,raw/keeper_6e87fc8bc37b4a89aeda/12-09-26_99.7wt_glycerol_D3/map-data-2026.09.12-16.21.01.539.jpk-force-map,0.3,80.0,64,208.8352157884348,164.68303489565648,248.10317905154716,65.90247951168921
27,raw/keeper_6e87fc8bc37b4a89aeda/12-09-26_99.7wt_glycerol_D3/map-data-2026.09.12-16.21.01.539.jpk-force-map,0.3,85.0,64,192.27655746198712,155.61237814723353,230.54744813342597,54.52013432050034
27,raw/keeper_6e87fc8bc37b4a89aeda/12-09-26_99.7wt_glycerol_D3/map-data-2026.09.12-16.21.01.539.jpk-force-map,0.3,90.0,64,184.33291315995504,134.25316867923885,218.27821326041698,65.57018914406012
27,raw/keeper_6e87fc8bc37b4a89aeda/12-09-26_99.7wt_glycerol_D3/map-data-2026.09.12-16.21.01.539.jpk-force-map,0.3,95.0,64,167.02387412462286,128.13105151308807,200.16579369531058,56.869968591591956
27,raw/keeper_6e87fc8bc37b4a89aeda/12-09-26_99.7wt_glycerol_D3/map-data-2026.09.12-16.21.01.539.jpk-force-map,0.3,100.0,64,156.48504446974266,129.94631608807705,189.7053537411305,45.13180152980205
27,raw/keeper_6e87fc8bc37b4a89aeda/12-09-26_99.7wt_glycerol_D3/map-data-2026.09.12-16.21.01.539.jpk-force-map,0.3,105.0,64,138.40246319079478,115.5520932416371,162.67658825341073,34.69614491481129
27,raw/keeper_6e87fc8bc37b4a89aeda/12-09-26_99.7wt_glycerol_D3/map-data-2026.09.12-16.21.01.539.jpk-force-map,0.3,110.0,64,137.77501423276954,96.794265416897,162.0507712060939,48.12236571216003
27,raw/keeper_6e87fc8bc37b4a89aeda/12-09-26_99.7wt_glycerol_D3/map-data-2026.09.12-16.21.01.539.jpk-force-map,0.3,115.0,64,125.14796844017721,99.96021361111673,147.4767730997384,35.14899124964548
27,raw/keeper_6e87fc8bc37b4a89aeda/12-09-26_99.7wt_glycerol_D3/map-data-2026.09.12-16.21.01.539.jpk-force-map,0.3,120.0,64,114.02822827581187,98.84155124591706,135.9623093552885,25.058397843147535
27,raw/keeper_6e87fc8bc37b4a89aeda/12-09-26_99.7wt_glycerol_D3/map-data-2026.09.12-16.21.01.539.jpk-force-map,0.3,125.0,64,113.95027761707941,87.48822418729759,130.59507100723556,31.842004498111802
27,raw/keeper_6e87fc8bc37b4a89aeda/12-09-26_99.7wt_glycerol_D3/map-data-2026.09.12-16.21.01.539.jpk-force-map,0.3,130.0,64,95.63116040726604,76.46752526371893,121.01152211902411,37.179209741345716
27,raw/keeper_6e87fc8bc37b4a89aeda/12-09-26_99.7wt_glycerol_D3/map-data-2026.09.12-16.21.01.539.jpk-force-map,0.3,135.0,64,90.52283256279205,65.79427421253223,113.03124680605536,35.65506594245155
27,raw/keeper_6e87fc8bc37b4a89aeda/12-09-26_99.7wt_glycerol_D3/map-data-2026.09.12-16.21.01.539.jpk-force-map,0.3,140.0,64,88.74825806598523,65.1189034095791,112.29457580388643,35.44588611019711
27,raw/keeper_6e87fc8bc37b4a89aeda/12-09-26_99.7wt_glycerol_D3/map-data-2026.09.12-16.21.01.539.jpk-force-map,0.3,145.0,64,87.60060236331887,64.59481984152781,109.35354135411319,32.94867290609448
27,raw/keeper_6e87fc8bc37b4a89aeda/12-09-26_99.7wt_glycerol_D3/map-data-2026.09.12-16.21.01.539.jpk-force-map,0.3,150.0,64,84.30278418648928,66.95916024146433,102.96718719410063,28.151955336525127
27,raw/keeper_6e87fc8bc37b4a89aeda/12-09-26_99.7wt_glycerol_D3/map-data-2026.09.12-16.21.01.539.jpk-force-map,0.3,155.0,64,73.26876489529678,50.81634921239879,96.784565074562,34.82738585465888
27,raw/keeper_6e87fc8bc37b4a89aeda/12-09-26_99.7wt_glycerol_D3/map-data-2026.09.12-16.21.01.539.jpk-force-map,0.3,160.0,64,78.75529840131011,43.144339347187795,98.15988474682848,37.4479797888477
27,raw/keeper_6e87fc8bc37b4a89aeda/12-09-26_99.7wt_glycerol_D3/map-data-2026.09.12-16.21.01.539.jpk-force-map,0.3,165.0,64,62.19629215481285,38.131722651597414,89.05959680751488,37.203871149469194
27,raw/keeper_6e87fc8bc37b4a89aeda/12-09-26_99.7wt_glycerol_D3/map-data-2026.09.12-16.21.01.539.jpk-force-map,0.3,170.0,64,69.35875653976024,45.19010923884933,94.98186704041264,38.56882113755602
27,raw/keeper_6e87fc8bc37b4a89aeda/12-09-26_99.7wt_glycerol_D3/map-data-2026.09.12-16.21.01.539.jpk-force-map,0.3,175.0,64,54.97766353328731,30.372094920561956,82.4850344682884,38.82179707606925
27,raw/keeper_6e87fc8bc37b4a89aeda/12-09-26_99.7wt_glycerol_D3/map-data-2026.09.12-16.21.01.539.jpk-force-map,0.3,180.0,64,59.05821898361499,39.325370071297094,76.61814150995339,28.79511700018657
27,raw/keeper_6e87fc8bc37b4a89aeda/12-09-26_99.7wt_glycerol_D3/map-data-2026.09.12-16.21.01.539.jpk-force-map,0.3,185.0,64,46.39502264110737,28.91786366752065,77.1100259057944,40.91050044101966
27,raw/keeper_6e87fc8bc37b4a89aeda/12-09-26_99.7wt_glycerol_D3/map-data-2026.09.12-16.21.01.539.jpk-force-map,0.3,190.0,64,54.82229237970796,33.5503031546246,75.62672676099017,31.19857263973861
27,raw/keeper_6e87fc8bc37b4a89aeda/12-09-26_99.7wt_glycerol_D3/map-data-2026.09.12-16.21.01.539.jpk-force-map,0.3,195.0,64,41.23833390973878,17.988261810263154,67.83112244006396,39.19166907161703
27,raw/keeper_6e87fc8bc37b4a89aeda/12-09-26_99.7wt_glycerol_D3/map-data-2026.09.12-16.21.01.539.jpk-force-map,0.3,200.0,64,48.779898607780744,32.409962056810464,68.68307923581085,28.200762326507306
27,raw/keeper_6e87fc8bc37b4a89aeda/12-09-26_99.7wt_glycerol_D3/map-data-2026.09.12-16.21.01.539.jpk-force-map,0.3,205.0,64,45.273808862210245,26.827576577132064,72.34609749137326,31.712679484393046
27,raw/keeper_6e87fc8bc37b4a89aeda/12-09-26_99.7wt_glycerol_D3/map-data-2026.09.12-16.21.01.539.jpk-force-map,0.3,210.0,64,41.92353759599838,15.65363543932501,68.27213595436675,39.01027016823634
27,raw/keeper_6e87fc8bc37b4a89aeda/12-09-26_99.7wt_glycerol_D3/map-data-2026.09.12-16.21.01.539.jpk-force-map,0.3,215.0,64,31.71326044129263,13.384500875818905,43.534738778084424,25.5873899600361
27,raw/keeper_6e87fc8bc37b4a89aeda/12-09-26_99.7wt_glycerol_D3/map-data-2026.09.12-16.21.01.539.jpk-force-map,0.3,220.0,64,26.638432327308838,9.000608845102576,59.32329264235889,30.85601487310842
27,raw/keeper_6e87fc8bc37b4a89aeda/12-09-26_99.7wt_glycerol_D3/map-data-2026.09.12-16.21.01.539.jpk-force-map,0.3,225.0,64,35.149269148299936,15.605440228644,67.05247736905446,39.82434226788112
27,raw/keeper_6e87fc8bc37b4a89aeda/12-09-26_99.7wt_glycerol_D3/map-data-2026.09.12-16.21.01.539.jpk-force-map,0.3,230.0,64,41.19691485621469,11.60380464290119,56.343771608050794,32.75093950430353
27,raw/keeper_6e87fc8bc37b4a89aeda/12-09-26_99.7wt_glycerol_D3/map-data-2026.09.12-16.21.01.539.jpk-force-map,0.3,235.0,64,30.04475185675055,8.144858064052006,56.549085856369686,35.24338745623995
27,raw/keeper_6e87fc8bc37b4a89aeda/12-09-26_99.7wt_glycerol_D3/map-data-2026.09.12-16.21.01.539.jpk-force-map,0.3,240.0,64,18.233363201396998,-4.318797846198307,37.54653769578779,32.4753654627286
27,raw/keeper_6e87fc8bc37b4a89aeda/12-09-26_99.7wt_glycerol_D3/map-data-2026.09.12-16.21.01.539.jpk-force-map,0.3,245.0,64,24.63040347721899,-5.319705842228734,45.52782363366301,32.952210000487426
27,raw/keeper_6e87fc8bc37b4a89aeda/12-09-26_99.7wt_glycerol_D3/map-data-2026.09.12-16.21.01.539.jpk-force-map,0.3,250.0,64,15.02550720882125,-4.400641895962014,37.31049050975424,33.14476057646704
27,raw/keeper_6e87fc8bc37b4a89aeda/12-09-26_99.7wt_glycerol_D3/map-data-2026.09.12-16.21.01.539.jpk-force-map,0.3,255.0,64,19.028857543380234,2.0075732405014235,33.08941677844063,21.23403734727596
27,raw/keeper_6e87fc8bc37b4a89aeda/12-09-26_99.7wt_glycerol_D3/map-data-2026.09.12-16.21.01.539.jpk-force-map,0.3,260.0,64,4.639132806153339,-17.956990424852123,36.846116649263834,42.2371810328339
27,raw/keeper_6e87fc8bc37b4a89aeda/12-09-26_99.7wt_glycerol_D3/map-data-2026.09.12-16.21.01.539.jpk-force-map,0.3,265.0,64,10.703445541205742,-7.709303581004154,39.07091625787691,31.636386323404853
27,raw/keeper_6e87fc8bc37b4a89aeda/12-09-26_99.7wt_glycerol_D3/map-data-2026.09.12-16.21.01.539.jpk-force-map,0.3,270.0,64,16.00949137958228,-6.424799325494298,36.5004166609305,32.7637614714766
27,raw/keeper_6e87fc8bc37b4a89aeda/12-09-26_99.7wt_glycerol_D3/map-data-2026.09.12-16.21.01.539.jpk-force-map,0.3,275.0,64,13.773342950303222,-7.2668735350705855,32.7054207332192,29.24879848230788
27,raw/keeper_6e87fc8bc37b4a89aeda/12-09-26_99.7wt_glycerol_D3/map-data-2026.09.12-16.21.01.539.jpk-force-map,0.3,280.0,64,12.639670320106255,-8.44069779575367,37.67332970243607,35.19308211377156
27,raw/keeper_6e87fc8bc37b4a89aeda/12-09-26_99.7wt_glycerol_D3/map-data-2026.09.12-16.21.01.539.jpk-force-map,0.3,285.0,64,6.249373066198172,-7.487885604674798,27.23269633965056,25.326578374916696
27,raw/keeper_6e87fc8bc37b4a89aeda/12-09-26_99.7wt_glycerol_D3/map-data-2026.09.12-16.21.01.539.jpk-force-map,0.3,290.0,64,4.6315448355471185,-10.895886747689348,22.28157037092239,24.637459047310617
27,raw/keeper_6e87fc8bc37b4a89aeda/12-09-26_99.7wt_glycerol_D3/map-data-2026.09.12-16.21.01.539.jpk-force-map,0.3,295.0,64,5.538241052432326,-17.511130881286782,26.1679532983292,32.0933347052069
27,raw/keeper_6e87fc8bc37b4a89aeda/12-09-26_99.7wt_glycerol_D3/map-data-2026.09.12-16.21.01.539.jpk-force-map,0.3,300.0,64,9.050908143701994,-16.696873708057613,28.541952621546933,35.16264836410441
28,raw/keeper_6e87fc8bc37b4a89aeda/12-09-26_99.7wt_glycerol_D3/map-data-2026.09.12-16.23.29.925.jpk-force-map,0.9,5.0,64,2601.1329798247125,1895.9611927127144,3554.6115206363284,1183.2426942870568
28,raw/keeper_6e87fc8bc37b4a89aeda/12-09-26_99.7wt_glycerol_D3/map-data-2026.09.12-16.23.29.925.jpk-force-map,0.9,10.0,64,2276.672019433664,1336.4639942625688,2976.194885498402,1226.5548326941205
28,raw/keeper_6e87fc8bc37b4a89aeda/12-09-26_99.7wt_glycerol_D3/map-data-2026.09.12-16.23.29.925.jpk-force-map,0.9,15.0,64,1921.9564451254694,1228.7877837513984,2449.727907715401,979.2837852978172
28,raw/keeper_6e87fc8bc37b4a89aeda/12-09-26_99.7wt_glycerol_D3/map-data-2026.09.12-16.23.29.925.jpk-force-map,0.9,20.0,64,1679.1363160537824,1094.3051452318255,2082.98088532048,730.9587574620809
28,raw/keeper_6e87fc8bc37b4a89aeda/12-09-26_99.7wt_glycerol_D3/map-data-2026.09.12-16.23.29.925.jpk-force-map,0.9,25.0,64,1507.4304486864196,972.9085087531341,1843.1706954360084,549.3154998094889
28,raw/keeper_6e87fc8bc37b4a89aeda/12-09-26_99.7wt_glycerol_D3/map-data-2026.09.12-16.23.29.925.jpk-force-map,0.9,30.0,64,1285.546242923332,881.470257120785,1544.3130886570807,463.3931888532946
28,raw/keeper_6e87fc8bc37b4a89aeda/12-09-26_99.7wt_glycerol_D3/map-data-2026.09.12-16.23.29.925.jpk-force-map,0.9,35.0,64,1139.0357680584998,812.3259932916045,1386.9221680677128,415.5730973327409
28,raw/keeper_6e87fc8bc37b4a89aeda/12-09-26_99.7wt_glycerol_D3/map-data-2026.09.12-16.23.29.925.jpk-force-map,0.9,40.0,64,1014.0126200780227,739.2364320732847,1210.3078529243726,348.1195528037271
28,raw/keeper_6e87fc8bc37b4a89aeda/12-09-26_99.7wt_glycerol_D3/map-data-2026.09.12-16.23.29.925.jpk-force-map,0.9,45.0,64,938.8148538867596,647.3491730493025,1089.045480449585,282.30486200980124
28,raw/keeper_6e87fc8bc37b4a89aeda/12-09-26_99.7wt_glycerol_D3/map-data-2026.09.12-16.23.29.925.jpk-force-map,0.9,50.0,64,838.8923813172137,606.3656657244654,972.5456032899671,280.5601410745002
28,raw/keeper_6e87fc8bc37b4a89aeda/12-09-26_99.7wt_glycerol_D3/map-data-2026.09.12-16.23.29.925.jpk-force-map,0.9,55.0,64,772.4181139353557,537.7326124215001,856.8939717789005,207.62486169527867
28,raw/keeper_6e87fc8bc37b4a89aeda/12-09-26_99.7wt_glycerol_D3/map-data-2026.09.12-16.23.29.925.jpk-force-map,0.9,60.0,64,669.0139225913333,512.1708518229282,770.7678711534172,195.59996891931536
28,raw/keeper_6e87fc8bc37b4a89aeda/12-09-26_99.7wt_glycerol_D3/map-data-2026.09.12-16.23.29.925.jpk-force-map,0.9,65.0,64,601.8690310300562,458.9452888080051,718.069928893716,180.56063657384516
28,raw/keeper_6e87fc8bc37b4a89aeda/12-09-26_99.7wt_glycerol_D3/map-data-2026.09.12-16.23.29.925.jpk-force-map,0.9,70.0,64,567.1663752520956,438.37370406182464,628.7924181618,148.33660131821236
28,raw/keeper_6e87fc8bc37b4a89aeda/12-09-26_99.7wt_glycerol_D3/map-data-2026.09.12-16.23.29.925.jpk-force-map,0.9,75.0,64,521.1532859873446,395.41701787853265,583.0961018184012,121.08741563584937
28,raw/keeper_6e87fc8bc37b4a89aeda/12-09-26_99.7wt_glycerol_D3/map-data-2026.09.12-16.23.29.925.jpk-force-map,0.9,80.0,64,499.36810640528665,370.77409756333884,556.4756205088895,102.99846928219497
28,raw/keeper_6e87fc8bc37b4a89aeda/12-09-26_99.7wt_glycerol_D3/map-data-2026.09.12-16.23.29.925.jpk-force-map,0.9,85.0,64,460.5196187486446,345.19405459454117,512.7148745233458,89.06671418146178
28,raw/keeper_6e87fc8bc37b4a89aeda/12-09-26_99.7wt_glycerol_D3/map-data-2026.09.12-16.23.29.925.jpk-force-map,0.9,90.0,64,420.7541960850863,333.63356599781514,464.54324785180887,99.08997997872952
28,raw/keeper_6e87fc8bc37b4a89aeda/12-09-26_99.7wt_glycerol_D3/map-data-2026.09.12-16.23.29.925.jpk-force-map,0.9,95.0,64,394.4597241458629,314.50724113768206,460.53907741999024,107.80606832965192
28,raw/keeper_6e87fc8bc37b4a89aeda/12-09-26_99.7wt_glycerol_D3/map-data-2026.09.12-16.23.29.925.jpk-force-map,0.9,100.0,64,355.2990362313777,301.1389682470337,410.40799816433673,80.36666557108242
28,raw/keeper_6e87fc8bc37b4a89aeda/12-09-26_99.7wt_glycerol_D3/map-data-2026.09.12-16.23.29.925.jpk-force-map,0.9,105.0,64,335.9920083245296,289.3567883082254,367.05131989735196,64.36900171370507
28,raw/keeper_6e87fc8bc37b4a89aeda/12-09-26_99.7wt_glycerol_D3/map-data-2026.09.12-16.23.29.925.jpk-force-map,0.9,110.0,64,321.8446844561469,277.0585435301287,361.6777444341098,62.53162855585078
28,raw/keeper_6e87fc8bc37b4a89aeda/12-09-26_99.7wt_glycerol_D3/map-data-2026.09.12-16.23.29.925.jpk-force-map,0.9,115.0,64,303.8284067980801,235.9281808091167,335.643259893857,78.44037379031052
28,raw/keeper_6e87fc8bc37b4a89aeda/12-09-26_99.7wt_glycerol_D3/map-data-2026.09.12-16.23.29.925.jpk-force-map,0.9,120.0,64,277.4957299238862,226.96764904020415,323.56958922396745,72.3728813708493
28,raw/keeper_6e87fc8bc37b4a89aeda/12-09-26_99.7wt_glycerol_D3/map-data-2026.09.12-16.23.29.925.jpk-force-map,0.9,125.0,64,250.3583471102047,209.36137030916163,307.829098029403,71.67224192331247
28,raw/keeper_6e87fc8bc37b4a89aeda/12-09-26_99.7wt_glycerol_D3/map-data-2026.09.12-16.23.29.925.jpk-force-map,0.9,130.0,64,240.4337288838442,201.19972096081042,286.19729320254487,61.562464692367016
28,raw/keeper_6e87fc8bc37b4a89aeda/12-09-26_99.7wt_glycerol_D3/map-data-2026.09.12-16.23.29.925.jpk-force-map,0.9,135.0,64,221.57147534135902,192.57602550277696,251.98463311158469,43.47270775458024
28,raw/keeper_6e87fc8bc37b4a89aeda/12-09-26_99.7wt_glycerol_D3/map-data-2026.09.12-16.23.29.925.jpk-force-map,0.9,140.0,64,207.11516533368672,178.13971261414608,241.9416143788204,47.76055043161717
28,raw/keeper_6e87fc8bc37b4a89aeda/12-09-26_99.7wt_glycerol_D3/map-data-2026.09.12-16.23.29.925.jpk-force-map,0.9,145.0,64,204.34635130846658,173.73425782416496,231.5479253712996,45.623531339794795
28,raw/keeper_6e87fc8bc37b4a89aeda/12-09-26_99.7wt_glycerol_D3/map-data-2026.09.12-16.23.29.925.jpk-force-map,0.9,150.0,64,192.14434784313846,157.02630037738476,221.41174690334887,45.462470729168615
28,raw/keeper_6e87fc8bc37b4a89aeda/12-09-26_99.7wt_glycerol_D3/map-data-2026.09.12-16.23.29.925.jpk-force-map,0.9,155.0,64,167.16065640698065,147.40736304984307,208.34020839595763,47.302324765728855
28,raw/keeper_6e87fc8bc37b4a89aeda/12-09-26_99.7wt_glycerol_D3/map-data-2026.09.12-16.23.29.925.jpk-force-map,0.9,160.0,64,171.25605644609112,134.94789046399805,201.87143860324278,48.1890055530371
28,raw/keeper_6e87fc8bc37b4a89aeda/12-09-26_99.7wt_glycerol_D3/map-data-2026.09.12-16.23.29.925.jpk-force-map,0.9,165.0,64,154.03558791481464,121.81864693123714,195.04870157911083,60.10515723959366
28,raw/keeper_6e87fc8bc37b4a89aeda/12-09-26_99.7wt_glycerol_D3/map-data-2026.09.12-16.23.29.925.jpk-force-map,0.9,170.0,64,146.0289038133187,117.73948316110815,185.13966520068612,50.39929653772155
28,raw/keeper_6e87fc8bc37b4a89aeda/12-09-26_99.7wt_glycerol_D3/map-data-2026.09.12-16.23.29.925.jpk-force-map,0.9,175.0,64,149.1893929762842,108.12496110467177,184.66210351355352,53.93368898289235
28,raw/keeper_6e87fc8bc37b4a89aeda/12-09-26_99.7wt_glycerol_D3/map-data-2026.09.12-16.23.29.925.jpk-force-map,0.9,180.0,64,124.29299633733334,102.29725057096996,178.47501642004505,60.48163672397139
28,raw/keeper_6e87fc8bc37b4a89aeda/12-09-26_99.7wt_glycerol_D3/map-data-2026.09.12-16.23.29.925.jpk-force-map,0.9,185.0,64,123.21800622216938,86.44059549889161,152.0832179888506,49.786101923771795
28,raw/keeper_6e87fc8bc37b4a89aeda/12-09-26_99.7wt_glycerol_D3/map-data-2026.09.12-16.23.29.925.jpk-force-map,0.9,190.0,64,108.9577574462588,68.0884921548518,151.14126587360602,63.435110541522
28,raw/keeper_6e87fc8bc37b4a89aeda/12-09-26_99.7wt_glycerol_D3/map-data-2026.09.12-16.23.29.925.jpk-force-map,0.9,195.0,64,108.68137638590336,70.88645690994215,131.24792641269258,52.4271324033378
28,raw/keeper_6e87fc8bc37b4a89aeda/12-09-26_99.7wt_glycerol_D3/map-data-2026.09.12-16.23.29.925.jpk-force-map,0.9,200.0,64,99.08774610006449,67.36505868218964,117.86953898917355,39.6386939385973
28,raw/keeper_6e87fc8bc37b4a89aeda/12-09-26_99.7wt_glycerol_D3/map-data-2026.09.12-16.23.29.925.jpk-force-map,0.9,205.0,64,98.70400685297457,64.9212351185406,124.9071829144207,44.92937656531052
28,raw/keeper_6e87fc8bc37b4a89aeda/12-09-26_99.7wt_glycerol_D3/map-data-2026.09.12-16.23.29.925.jpk-force-map,0.9,210.0,64,103.50901468468118,63.93969467193832,136.64192975313279,57.558031703510885
28,raw/keeper_6e87fc8bc37b4a89aeda/12-09-26_99.7wt_glycerol_D3/map-data-2026.09.12-16.23.29.925.jpk-force-map,0.9,215.0,64,77.04190813036908,47.58205129605365,108.77733604910782,47.13603220298068
28,raw/keeper_6e87fc8bc37b4a89aeda/12-09-26_99.7wt_glycerol_D3/map-data-2026.09.12-16.23.29.925.jpk-force-map,0.9,220.0,64,76.10477719295477,31.365116728801354,109.20741493328035,58.360927567402435
28,raw/keeper_6e87fc8bc37b4a89aeda/12-09-26_99.7wt_glycerol_D3/map-data-2026.09.12-16.23.29.925.jpk-force-map,0.9,225.0,64,64.74538638489898,16.90909665450383,107.68158670431784,68.86796471228051
28,raw/keeper_6e87fc8bc37b4a89aeda/12-09-26_99.7wt_glycerol_D3/map-data-2026.09.12-16.23.29.925.jpk-force-map,0.9,230.0,64,67.84551970306896,44.87962372982201,89.66244284774729,33.70534091133124
28,raw/keeper_6e87fc8bc37b4a89aeda/12-09-26_99.7wt_glycerol_D3/map-data-2026.09.12-16.23.29.925.jpk-force-map,0.9,235.0,64,48.445348628655964,19.09315648207109,84.26221008165713,46.25426404677301
28,raw/keeper_6e87fc8bc37b4a89aeda/12-09-26_99.7wt_glycerol_D3/map-data-2026.09.12-16.23.29.925.jpk-force-map,0.9,240.0,64,46.957195170778874,20.901495791310683,79.99249381388499,46.110692402864245
28,raw/keeper_6e87fc8bc37b4a89aeda/12-09-26_99.7wt_glycerol_D3/map-data-2026.09.12-16.23.29.925.jpk-force-map,0.9,245.0,64,52.57945063137943,20.71908627959086,74.85047571127446,40.11595604999953
28,raw/keeper_6e87fc8bc37b4a89aeda/12-09-26_99.7wt_glycerol_D3/map-data-2026.09.12-16.23.29.925.jpk-force-map,0.9,250.0,64,43.05677946803799,0.9924667929223436,70.08379707169928,50.535646613912476
28,raw/keeper_6e87fc8bc37b4a89aeda/12-09-26_99.7wt_glycerol_D3/map-data-2026.09.12-16.23.29.925.jpk-force-map,0.9,255.0,64,35.57591853484082,7.343200566904708,60.89866634314681,39.84254356610727
28,raw/keeper_6e87fc8bc37b4a89aeda/12-09-26_99.7wt_glycerol_D3/map-data-2026.09.12-16.23.29.925.jpk-force-map,0.9,260.0,64,23.667145400841676,-4.12861812003693,49.60416262434189,40.276279765960254
28,raw/keeper_6e87fc8bc37b4a89aeda/12-09-26_99.7wt_glycerol_D3/map-data-2026.09.12-16.23.29.925.jpk-force-map,0.9,265.0,64,21.097755834529373,3.7641884356999746,48.246868524168654,30.718977028564318
28,raw/keeper_6e87fc8bc37b4a89aeda/12-09-26_99.7wt_glycerol_D3/map-data-2026.09.12-16.23.29.925.jpk-force-map,0.9,270.0,64,12.212772419244427,-13.097789903514848,51.82220264342033,50.95653628343797
28,raw/keeper_6e87fc8bc37b4a89aeda/12-09-26_99.7wt_glycerol_D3/map-data-2026.09.12-16.23.29.925.jpk-force-map,0.9,275.0,64,9.47807112650686,-30.724728458455008,30.874831108426342,51.946947276430826
28,raw/keeper_6e87fc8bc37b4a89aeda/12-09-26_99.7wt_glycerol_D3/map-data-2026.09.12-16.23.29.925.jpk-force-map,0.9,280.0,64,2.0079957148473304,-20.56716947507534,19.206048254356478,28.68593377398107
28,raw/keeper_6e87fc8bc37b4a89aeda/12-09-26_99.7wt_glycerol_D3/map-data-2026.09.12-16.23.29.925.jpk-force-map,0.9,285.0,64,-6.340925742107683,-35.897943392179805,32.148135651863484,52.0931963042892
28,raw/keeper_6e87fc8bc37b4a89aeda/12-09-26_99.7wt_glycerol_D3/map-data-2026.09.12-16.23.29.925.jpk-force-map,0.9,290.0,64,-0.48158761913513737,-30.381753843843406,28.06605598036584,45.230545414919334
28,raw/keeper_6e87fc8bc37b4a89aeda/12-09-26_99.7wt_glycerol_D3/map-data-2026.09.12-16.23.29.925.jpk-force-map,0.9,295.0,64,-14.300756610257345,-35.758974183795814,11.260018214840828,36.332124760706385
28,raw/keeper_6e87fc8bc37b4a89aeda/12-09-26_99.7wt_glycerol_D3/map-data-2026.09.12-16.23.29.925.jpk-force-map,0.9,300.0,64,0.9700176659124828,-31.243924578189905,28.4865173603104,45.621689103131985
29,raw/keeper_6e87fc8bc37b4a89aeda/12-09-26_99.7wt_glycerol_D3/map-data-2026.09.12-16.24.53.504.jpk-force-map,0.9,5.0,64,2700.9535283873465,1831.3335855484167,3401.1352142012497,1285.2520544235
29,raw/keeper_6e87fc8bc37b4a89aeda/12-09-26_99.7wt_glycerol_D3/map-data-2026.09.12-16.24.53.504.jpk-force-map,0.9,10.0,64,2253.6906410182096,1265.7667727243672,2856.121115602595,1271.7847149038419
29,raw/keeper_6e87fc8bc37b4a89aeda/12-09-26_99.7wt_glycerol_D3/map-data-2026.09.12-16.24.53.504.jpk-force-map,0.9,15.0,64,1897.5853746261757,1162.5451151492255,2517.9265911202483,1022.1961583490868
29,raw/keeper_6e87fc8bc37b4a89aeda/12-09-26_99.7wt_glycerol_D3/map-data-2026.09.12-16.24.53.504.jpk-force-map,0.9,20.0,64,1699.8183902671437,1017.5521184321653,2098.980204180516,755.0615257404263
29,raw/keeper_6e87fc8bc37b4a89aeda/12-09-26_99.7wt_glycerol_D3/map-data-2026.09.12-16.24.53.504.jpk-force-map,0.9,25.0,64,1459.9755290332528,889.8721286957652,1776.0275186235472,601.9289928736192
29,raw/keeper_6e87fc8bc37b4a89aeda/12-09-26_99.7wt_glycerol_D3/map-data-2026.09.12-16.24.53.504.jpk-force-map,0.9,30.0,64,1274.5886500697027,807.2323112244567,1511.2542888430048,464.18905965471185
29,raw/keeper_6e87fc8bc37b4a89aeda/12-09-26_99.7wt_glycerol_D3/map-data-2026.09.12-16.24.53.504.jpk-force-map,0.9,35.0,64,1152.1089467604104,755.6381370383076,1360.2426646069293,381.36165716544724
29,raw/keeper_6e87fc8bc37b4a89aeda/12-09-26_99.7wt_glycerol_D3/map-data-2026.09.12-16.24.53.504.jpk-force-map,0.9,40.0,64,1015.7504807257858,686.9396250631534,1173.7017182712275,308.54248782228393
29,raw/keeper_6e87fc8bc37b4a89aeda/12-09-26_99.7wt_glycerol_D3/map-data-2026.09.12-16.24.53.504.jpk-force-map,0.9,45.0,64,895.0477045155405,627.6779971076813,1035.7396224575004,266.3329649025457
29,raw/keeper_6e87fc8bc37b4a89aeda/12-09-26_99.7wt_glycerol_D3/map-data-2026.09.12-16.24.53.504.jpk-force-map,0.9,50.0,64,821.9759452064255,583.2500647241608,946.6933294499772,269.52342404437815
29,raw/keeper_6e87fc8bc37b4a89aeda/12-09-26_99.7wt_glycerol_D3/map-data-2026.09.12-16.24.53.504.jpk-force-map,0.9,55.0,64,719.063762515405,506.4621879328656,841.0079174626308,225.50305617472705
29,raw/keeper_6e87fc8bc37b4a89aeda/12-09-26_99.7wt_glycerol_D3/map-data-2026.09.12-16.24.53.504.jpk-force-map,0.9,60.0,64,664.8842607111474,498.74465024402116,770.5850143159191,176.01171211697894
29,raw/keeper_6e87fc8bc37b4a89aeda/12-09-26_99.7wt_glycerol_D3/map-data-2026.09.12-16.24.53.504.jpk-force-map,0.9,65.0,64,624.7044984037558,447.131738078058,707.4408139859647,155.4940346367606
29,raw/keeper_6e87fc8bc37b4a89aeda/12-09-26_99.7wt_glycerol_D3/map-data-2026.09.12-16.24.53.504.jpk-force-map,0.9,70.0,64,560.3509362651946,426.5449939582873,650.3146198892225,156.87667009680837
29,raw/keeper_6e87fc8bc37b4a89aeda/12-09-26_99.7wt_glycerol_D3/map-data-2026.09.12-16.24.53.504.jpk-force-map,0.9,75.0,64,510.51476895444307,398.2389642656132,593.0300724670474,131.24278208340715
29,raw/keeper_6e87fc8bc37b4a89aeda/12-09-26_99.7wt_glycerol_D3/map-data-2026.09.12-16.24.53.504.jpk-force-map,0.9,80.0,64,458.63110871940376,380.50445214486064,535.3465518698963,116.7643739569786
29,raw/keeper_6e87fc8bc37b4a89aeda/12-09-26_99.7wt_glycerol_D3/map-data-2026.09.12-16.24.53.504.jpk-force-map,0.9,85.0,64,416.96582720593915,329.8320341434579,489.50386059134314,127.72369248411344
29,raw/keeper_6e87fc8bc37b4a89aeda/12-09-26_99.7wt_glycerol_D3/map-data-2026.09.12-16.24.53.504.jpk-force-map,0.9,90.0,64,387.2404328194808,315.5661606600783,472.6779665315584,115.43400889183921
29,raw/keeper_6e87fc8bc37b4a89aeda/12-09-26_99.7wt_glycerol_D3/map-data-2026.09.12-16.24.53.504.jpk-force-map,0.9,95.0,64,382.1439176890718,322.00323659303695,436.86524698390997,88.17092046346204
29,raw/keeper_6e87fc8bc37b4a89aeda/12-09-26_99.7wt_glycerol_D3/map-data-2026.09.12-16.24.53.504.jpk-force-map,0.9,100.0,64,361.2376007199308,289.1891736824241,394.23061879319965,71.62078211253623
29,raw/keeper_6e87fc8bc37b4a89aeda/12-09-26_99.7wt_glycerol_D3/map-data-2026.09.12-16.24.53.504.jpk-force-map,0.9,105.0,64,319.1221106622809,257.0452544902096,365.2269431305878,78.66434064217738
29,raw/keeper_6e87fc8bc37b4a89aeda/12-09-26_99.7wt_glycerol_D3/map-data-2026.09.12-16.24.53.504.jpk-force-map,0.9,110.0,64,292.74794846407696,249.71827362466502,334.3420471921555,64.69733741329911
29,raw/keeper_6e87fc8bc37b4a89aeda/12-09-26_99.7wt_glycerol_D3/map-data-2026.09.12-16.24.53.504.jpk-force-map,0.9,115.0,64,283.69583088401197,243.79679035378504,333.2244948575898,67.84903589574975
29,raw/keeper_6e87fc8bc37b4a89aeda/12-09-26_99.7wt_glycerol_D3/map-data-2026.09.12-16.24.53.504.jpk-force-map,0.9,120.0,64,265.5236022056164,230.54961849183027,312.24508154278976,57.827047382568075
29,raw/keeper_6e87fc8bc37b4a89aeda/12-09-26_99.7wt_glycerol_D3/map-data-2026.09.12-16.24.53.504.jpk-force-map,0.9,125.0,64,250.1351481145743,206.6854012343208,298.2554482949839,70.84903232982144
29,raw/keeper_6e87fc8bc37b4a89aeda/12-09-26_99.7wt_glycerol_D3/map-data-2026.09.12-16.24.53.504.jpk-force-map,0.9,130.0,64,247.7415741466607,208.08554748727005,277.96031916345464,52.09351562531079
29,raw/keeper_6e87fc8bc37b4a89aeda/12-09-26_99.7wt_glycerol_D3/map-data-2026.09.12-16.24.53.504.jpk-force-map,0.9,135.0,64,211.53674870311033,173.6458612801338,250.00127344977352,56.6872187146576
29,raw/keeper_6e87fc8bc37b4a89aeda/12-09-26_99.7wt_glycerol_D3/map-data-2026.09.12-16.24.53.504.jpk-force-map,0.9,140.0,64,199.21184662216547,161.55295560178826,235.8065744679699,56.14562569899542
29,raw/keeper_6e87fc8bc37b4a89aeda/12-09-26_99.7wt_glycerol_D3/map-data-2026.09.12-16.24.53.504.jpk-force-map,0.9,145.0,64,194.9750419343236,159.38029429775085,236.96764994397827,57.66679735607356
29,raw/keeper_6e87fc8bc37b4a89aeda/12-09-26_99.7wt_glycerol_D3/map-data-2026.09.12-16.24.53.504.jpk-force-map,0.9,150.0,64,164.93438228006164,131.92747225624078,212.6331359013246,62.63307438807318
29,raw/keeper_6e87fc8bc37b4a89aeda/12-09-26_99.7wt_glycerol_D3/map-data-2026.09.12-16.24.53.504.jpk-force-map,0.9,155.0,64,166.35528776263698,130.00881743984496,200.69720843583505,52.69165302493802
29,raw/keeper_6e87fc8bc37b4a89aeda/12-09-26_99.7wt_glycerol_D3/map-data-2026.09.12-16.24.53.504.jpk-force-map,0.9,160.0,64,149.60570416706526,114.28831508051086,186.57910985161877,52.39488098016378
29,raw/keeper_6e87fc8bc37b4a89aeda/12-09-26_99.7wt_glycerol_D3/map-data-2026.09.12-16.24.53.504.jpk-force-map,0.9,165.0,64,142.12280541643472,116.42315250487042,175.5809180417251,43.07370385660737
29,raw/keeper_6e87fc8bc37b4a89aeda/12-09-26_99.7wt_glycerol_D3/map-data-2026.09.12-16.24.53.504.jpk-force-map,0.9,170.0,64,130.9804835840876,101.72121922598917,180.9070935401146,57.84271867577824
29,raw/keeper_6e87fc8bc37b4a89aeda/12-09-26_99.7wt_glycerol_D3/map-data-2026.09.12-16.24.53.504.jpk-force-map,0.9,175.0,64,136.91676174088656,111.6154607184953,170.17830782196287,44.23315848576425
29,raw/keeper_6e87fc8bc37b4a89aeda/12-09-26_99.7wt_glycerol_D3/map-data-2026.09.12-16.24.53.504.jpk-force-map,0.9,180.0,64,130.71806902858054,100.56657198708812,173.98095799076492,51.754642332006426
29,raw/keeper_6e87fc8bc37b4a89aeda/12-09-26_99.7wt_glycerol_D3/map-data-2026.09.12-16.24.53.504.jpk-force-map,0.9,185.0,64,123.27418702636948,85.51119335686495,163.3573683847537,58.2429752946822
29,raw/keeper_6e87fc8bc37b4a89aeda/12-09-26_99.7wt_glycerol_D3/map-data-2026.09.12-16.24.53.504.jpk-force-map,0.9,190.0,64,118.98526060157309,88.43151827987589,141.77346883520175,36.491465950447285
29,raw/keeper_6e87fc8bc37b4a89aeda/12-09-26_99.7wt_glycerol_D3/map-data-2026.09.12-16.24.53.504.jpk-force-map,0.9,195.0,64,109.56169694950412,78.50134990034363,136.54465296402608,45.5575055778052
29,raw/keeper_6e87fc8bc37b4a89aeda/12-09-26_99.7wt_glycerol_D3/map-data-2026.09.12-16.24.53.504.jpk-force-map,0.9,200.0,64,97.10478406116732,68.36287681682754,140.8327924268057,50.406542668594554
29,raw/keeper_6e87fc8bc37b4a89aeda/12-09-26_99.7wt_glycerol_D3/map-data-2026.09.12-16.24.53.504.jpk-force-map,0.9,205.0,64,91.18426171232892,63.35487420379942,115.7804530513369,40.86260228779124
29,raw/keeper_6e87fc8bc37b4a89aeda/12-09-26_99.7wt_glycerol_D3/map-data-2026.09.12-16.24.53.504.jpk-force-map,0.9,210.0,64,92.02659272003736,46.06113536683924,130.46029340706804,62.756848128647746
29,raw/keeper_6e87fc8bc37b4a89aeda/12-09-26_99.7wt_glycerol_D3/map-data-2026.09.12-16.24.53.504.jpk-force-map,0.9,215.0,64,64.70661815080038,43.54668403312081,85.11839990467462,31.01466829449598
29,raw/keeper_6e87fc8bc37b4a89aeda/12-09-26_99.7wt_glycerol_D3/map-data-2026.09.12-16.24.53.504.jpk-force-map,0.9,220.0,64,64.93276618304192,37.86099115014268,83.22714793409061,39.15742803284802
29,raw/keeper_6e87fc8bc37b4a89aeda/12-09-26_99.7wt_glycerol_D3/map-data-2026.09.12-16.24.53.504.jpk-force-map,0.9,225.0,64,87.15582799895608,36.96199059340246,115.43011412900904,57.64739246322737
29,raw/keeper_6e87fc8bc37b4a89aeda/12-09-26_99.7wt_glycerol_D3/map-data-2026.09.12-16.24.53.504.jpk-force-map,0.9,230.0,64,51.309824099895295,19.903246898516628,90.61858513072914,56.15977407656457
29,raw/keeper_6e87fc8bc37b4a89aeda/12-09-26_99.7wt_glycerol_D3/map-data-2026.09.12-16.24.53.504.jpk-force-map,0.9,235.0,64,53.800020435869804,11.394903504547406,86.02331510225778,52.476062209097485
29,raw/keeper_6e87fc8bc37b4a89aeda/12-09-26_99.7wt_glycerol_D3/map-data-2026.09.12-16.24.53.504.jpk-force-map,0.9,240.0,64,43.25476254388332,14.238470637567726,89.07088764150575,48.752361524473386
29,raw/keeper_6e87fc8bc37b4a89aeda/12-09-26_99.7wt_glycerol_D3/map-data-2026.09.12-16.24.53.504.jpk-force-map,0.9,245.0,64,30.863523706814295,1.0943742322131655,70.62565769752263,51.435100242081866
29,raw/keeper_6e87fc8bc37b4a89aeda/12-09-26_99.7wt_glycerol_D3/map-data-2026.09.12-16.24.53.504.jpk-force-map,0.9,250.0,64,33.19548269070502,-1.1539513988019765,59.7460155026254,44.95764875729281
29,raw/keeper_6e87fc8bc37b4a89aeda/12-09-26_99.7wt_glycerol_D3/map-data-2026.09.12-16.24.53.504.jpk-force-map,0.9,255.0,64,34.273007651944745,12.912961519068936,60.30748390838687,36.88958557482252
29,raw/keeper_6e87fc8bc37b4a89aeda/12-09-26_99.7wt_glycerol_D3/map-data-2026.09.12-16.24.53.504.jpk-force-map,0.9,260.0,64,25.991648955098494,5.583777159876718,63.44211101433165,36.38820244471734
29,raw/keeper_6e87fc8bc37b4a89aeda/12-09-26_99.7wt_glycerol_D3/map-data-2026.09.12-16.24.53.504.jpk-force-map,0.9,265.0,64,16.261832821272346,-11.218889094691463,58.43561605485202,49.216727979237106
29,raw/keeper_6e87fc8bc37b4a89aeda/12-09-26_99.7wt_glycerol_D3/map-data-2026.09.12-16.24.53.504.jpk-force-map,0.9,270.0,64,40.07922998067797,-0.3801523570546192,69.5800336913072,51.97394218432723
29,raw/keeper_6e87fc8bc37b4a89aeda/12-09-26_99.7wt_glycerol_D3/map-data-2026.09.12-16.24.53.504.jpk-force-map,0.9,275.0,64,13.007073892486439,-9.051612267612114,49.50635567134995,39.99655455110452
29,raw/keeper_6e87fc8bc37b4a89aeda/12-09-26_99.7wt_glycerol_D3/map-data-2026.09.12-16.24.53.504.jpk-force-map,0.9,280.0,64,9.49806824554807,-24.65440996064133,42.06401445793038,49.48291889541141
29,raw/keeper_6e87fc8bc37b4a89aeda/12-09-26_99.7wt_glycerol_D3/map-data-2026.09.12-16.24.53.504.jpk-force-map,0.9,285.0,64,11.111224406961021,-24.585811724195164,39.85977526748595,51.1165652415329
29,raw/keeper_6e87fc8bc37b4a89aeda/12-09-26_99.7wt_glycerol_D3/map-data-2026.09.12-16.24.53.504.jpk-force-map,0.9,290.0,64,-0.9564322163564475,-24.01962154633153,29.102054198542426,39.75406707998912
29,raw/keeper_6e87fc8bc37b4a89aeda/12-09-26_99.7wt_glycerol_D3/map-data-2026.09.12-16.24.53.504.jpk-force-map,0.9,295.0,64,6.567222882941788,-29.877468583377123,35.95210294656783,46.48203818774235
29,raw/keeper_6e87fc8bc37b4a89aeda/12-09-26_99.7wt_glycerol_D3/map-data-2026.09.12-16.24.53.504.jpk-force-map,0.9,300.0,64,-16.64714599239626,-51.902439633907164,19.526938229628687,53.02919990784513
30,raw/keeper_6e87fc8bc37b4a89aeda/12-09-26_99.7wt_glycerol_D3/map-data-2026.09.12-16.26.39.509.jpk-force-map,0.3,5.0,64,1620.7442479918054,939.8948142883463,2242.061032304963,1014.3070868807595
30,raw/keeper_6e87fc8bc37b4a89aeda/12-09-26_99.7wt_glycerol_D3/map-data-2026.09.12-16.26.39.509.jpk-force-map,0.3,10.0,64,1097.4059743900948,667.6192933563132,1605.777564122799,713.3189238436238
30,raw/keeper_6e87fc8bc37b4a89aeda/12-09-26_99.7wt_glycerol_D3/map-data-2026.09.12-16.26.39.509.jpk-force-map,0.3,15.0,64,1058.7068935433244,612.0780656131558,1452.254114520998,656.7734590993675
30,raw/keeper_6e87fc8bc37b4a89aeda/12-09-26_99.7wt_glycerol_D3/map-data-2026.09.12-16.26.39.509.jpk-force-map,0.3,20.0,64,934.5090947586109,546.0351942413721,1209.6991999328359,483.20396328132205
30,raw/keeper_6e87fc8bc37b4a89aeda/12-09-26_99.7wt_glycerol_D3/map-data-2026.09.12-16.26.39.509.jpk-force-map,0.3,25.0,64,771.7636266191894,447.13256645912884,995.7524173299416,365.4804226651497
30,raw/keeper_6e87fc8bc37b4a89aeda/12-09-26_99.7wt_glycerol_D3/map-data-2026.09.12-16.26.39.509.jpk-force-map,0.3,30.0,64,685.3346698743379,428.23309375514674,842.8446039721023,331.4570380163798
30,raw/keeper_6e87fc8bc37b4a89aeda/12-09-26_99.7wt_glycerol_D3/map-data-2026.09.12-16.26.39.509.jpk-force-map,0.3,35.0,64,579.8678428000596,363.468132725552,728.1104541994581,261.9986487352991
30,raw/keeper_6e87fc8bc37b4a89aeda/12-09-26_99.7wt_glycerol_D3/map-data-2026.09.12-16.26.39.509.jpk-force-map,0.3,40.0,64,506.8985707969846,325.97288838564845,640.9562166921573,234.6157166712278
30,raw/keeper_6e87fc8bc37b4a89aeda/12-09-26_99.7wt_glycerol_D3/map-data-2026.09.12-16.26.39.509.jpk-force-map,0.3,45.0,64,444.86422714145027,285.40386981323763,543.4255370712239,184.25680196115218
30,raw/keeper_6e87fc8bc37b4a89aeda/12-09-26_99.7wt_glycerol_D3/map-data-2026.09.12-16.26.39.509.jpk-force-map,0.3,50.0,64,402.4169207622081,272.2297942969419,479.69358380414116,158.03123665802048
30,raw/keeper_6e87fc8bc37b4a89aeda/12-09-26_99.7wt_glycerol_D3/map-data-2026.09.12-16.26.39.509.jpk-force-map,0.3,55.0,64,367.9755363738775,251.67869541463432,422.55081380217854,120.0084544672723
30,raw/keeper_6e87fc8bc37b4a89aeda/12-09-26_99.7wt_glycerol_D3/map-data-2026.09.12-16.26.39.509.jpk-force-map,0.3,60.0,64,327.03008487541837,237.7831082697604,389.1385769205715,109.69052905660331
30,raw/keeper_6e87fc8bc37b4a89aeda/12-09-26_99.7wt_glycerol_D3/map-data-2026.09.12-16.26.39.509.jpk-force-map,0.3,65.0,64,285.01459698059705,213.88129907927288,349.1651974730795,102.1556091643019
30,raw/keeper_6e87fc8bc37b4a89aeda/12-09-26_99.7wt_glycerol_D3/map-data-2026.09.12-16.26.39.509.jpk-force-map,0.3,70.0,64,251.26206115523593,190.50054158211796,304.50632073091947,84.69685512820432
30,raw/keeper_6e87fc8bc37b4a89aeda/12-09-26_99.7wt_glycerol_D3/map-data-2026.09.12-16.26.39.509.jpk-force-map,0.3,75.0,64,232.16050488911043,163.37975124127843,272.58579106198204,79.62048603324413
30,raw/keeper_6e87fc8bc37b4a89aeda/12-09-26_99.7wt_glycerol_D3/map-data-2026.09.12-16.26.39.509.jpk-force-map,0.3,80.0,64,214.37357281421674,172.35462228652108,252.2670613537545,58.16272746565714
30,raw/keeper_6e87fc8bc37b4a89aeda/12-09-26_99.7wt_glycerol_D3/map-data-2026.09.12-16.26.39.509.jpk-force-map,0.3,85.0,64,191.8748920485321,161.6836824185208,219.1343285291382,41.28160059434291
30,raw/keeper_6e87fc8bc37b4a89aeda/12-09-26_99.7wt_glycerol_D3/map-data-2026.09.12-16.26.39.509.jpk-force-map,0.3,90.0,64,175.78706895492496,136.183934426885,195.00696774077994,39.76192728974984
30,raw/keeper_6e87fc8bc37b4a89aeda/12-09-26_99.7wt_glycerol_D3/map-data-2026.09.12-16.26.39.509.jpk-force-map,0.3,95.0,64,158.76993484120936,129.5011109655573,197.53118568731867,48.17321144404921
30,raw/keeper_6e87fc8bc37b4a89aeda/12-09-26_99.7wt_glycerol_D3/map-data-2026.09.12-16.26.39.509.jpk-force-map,0.3,100.0,64,153.47631471889017,121.4690038490082,177.2414576003697,42.965675098710385
30,raw/keeper_6e87fc8bc37b4a89aeda/12-09-26_99.7wt_glycerol_D3/map-data-2026.09.12-16.26.39.509.jpk-force-map,0.3,105.0,64,142.19523905723753,110.43471119206305,167.53860527038785,38.57093356892885
30,raw/keeper_6e87fc8bc37b4a89aeda/12-09-26_99.7wt_glycerol_D3/map-data-2026.09.12-16.26.39.509.jpk-force-map,0.3,110.0,64,122.01175084257738,103.056138753449,152.9724105137159,41.44649305722709
30,raw/keeper_6e87fc8bc37b4a89aeda/12-09-26_99.7wt_glycerol_D3/map-data-2026.09.12-16.26.39.509.jpk-force-map,0.3,115.0,64,109.49280877968283,73.6892594104844,138.9803915284273,49.925325889156554
30,raw/keeper_6e87fc8bc37b4a89aeda/12-09-26_99.7wt_glycerol_D3/map-data-2026.09.12-16.26.39.509.jpk-force-map,0.3,120.0,64,103.72686233859608,70.86583850509757,127.61883864577737,41.930436346926136
30,raw/keeper_6e87fc8bc37b4a89aeda/12-09-26_99.7wt_glycerol_D3/map-data-2026.09.12-16.26.39.509.jpk-force-map,0.3,125.0,64,99.87374719497987,78.60451647886075,126.61742533729375,36.06671986550859
30,raw/keeper_6e87fc8bc37b4a89aeda/12-09-26_99.7wt_glycerol_D3/map-data-2026.09.12-16.26.39.509.jpk-force-map,0.3,130.0,64,88.21484692708096,62.87469483248407,112.68328533739927,37.50115902050892
30,raw/keeper_6e87fc8bc37b4a89aeda/12-09-26_99.7wt_glycerol_D3/map-data-2026.09.12-16.26.39.509.jpk-force-map,0.3,135.0,64,98.83679633857258,69.82965804308611,117.56521663531095,36.768489218198084
30,raw/keeper_6e87fc8bc37b4a89aeda/12-09-26_99.7wt_glycerol_D3/map-data-2026.09.12-16.26.39.509.jpk-force-map,0.3,140.0,64,86.49338822451357,68.6596857543812,107.64786331093856,29.097464881260255
30,raw/keeper_6e87fc8bc37b4a89aeda/12-09-26_99.7wt_glycerol_D3/map-data-2026.09.12-16.26.39.509.jpk-force-map,0.3,145.0,64,92.45428586672696,58.260728243251776,114.26358790555699,37.883116088563824
30,raw/keeper_6e87fc8bc37b4a89aeda/12-09-26_99.7wt_glycerol_D3/map-data-2026.09.12-16.26.39.509.jpk-force-map,0.3,150.0,64,73.95545966748344,62.548660610764024,100.72077512335822,33.81297665874035
30,raw/keeper_6e87fc8bc37b4a89aeda/12-09-26_99.7wt_glycerol_D3/map-data-2026.09.12-16.26.39.509.jpk-force-map,0.3,155.0,64,73.55178957183757,51.60091720806286,89.68381507936597,26.8262572709306
30,raw/keeper_6e87fc8bc37b4a89aeda/12-09-26_99.7wt_glycerol_D3/map-data-2026.09.12-16.26.39.509.jpk-force-map,0.3,160.0,64,79.29823592252528,55.89744817108607,92.49944920268932,27.644013843900254
30,raw/keeper_6e87fc8bc37b4a89aeda/12-09-26_99.7wt_glycerol_D3/map-data-2026.09.12-16.26.39.509.jpk-force-map,0.3,165.0,64,70.72517111551917,50.51600308767476,92.62113838194321,31.78008078309074
30,raw/keeper_6e87fc8bc37b4a89aeda/12-09-26_99.7wt_glycerol_D3/map-data-2026.09.12-16.26.39.509.jpk-force-map,0.3,170.0,64,69.07705727293241,44.98064480136704,94.55893708487797,38.22299647124413
30,raw/keeper_6e87fc8bc37b4a89aeda/12-09-26_99.7wt_glycerol_D3/map-data-2026.09.12-16.26.39.509.jpk-force-map,0.3,175.0,64,55.17639215209607,37.20833455614218,81.04826548821377,33.89415788767506
30,raw/keeper_6e87fc8bc37b4a89aeda/12-09-26_99.7wt_glycerol_D3/map-data-2026.09.12-16.26.39.509.jpk-force-map,0.3,180.0,64,56.6699466545531,31.10680265959311,84.51657277315934,38.67358299577141
30,raw/keeper_6e87fc8bc37b4a89aeda/12-09-26_99.7wt_glycerol_D3/map-data-2026.09.12-16.26.39.509.jpk-force-map,0.3,185.0,64,47.89011793235505,24.841499825409183,64.63120233814385,29.228533879018485
30,raw/keeper_6e87fc8bc37b4a89aeda/12-09-26_99.7wt_glycerol_D3/map-data-2026.09.12-16.26.39.509.jpk-force-map,0.3,190.0,64,57.89112946103543,23.54783367526011,76.62417212414705,38.21968044525088
30,raw/keeper_6e87fc8bc37b4a89aeda/12-09-26_99.7wt_glycerol_D3/map-data-2026.09.12-16.26.39.509.jpk-force-map,0.3,195.0,64,38.236264342692095,12.443708494072876,67.29730539443472,43.12052123099374
30,raw/keeper_6e87fc8bc37b4a89aeda/12-09-26_99.7wt_glycerol_D3/map-data-2026.09.12-16.26.39.509.jpk-force-map,0.3,200.0,64,45.4722889666978,18.176006096077018,72.29598872041997,40.85786159877871
30,raw/keeper_6e87fc8bc37b4a89aeda/12-09-26_99.7wt_glycerol_D3/map-data-2026.09.12-16.26.39.509.jpk-force-map,0.3,205.0,64,36.2499390766486,14.749747434269075,66.17055802998757,37.24196860365287
30,raw/keeper_6e87fc8bc37b4a89aeda/12-09-26_99.7wt_glycerol_D3/map-data-2026.09.12-16.26.39.509.jpk-force-map,0.3,210.0,64,34.475729067512965,12.584417302705017,59.03179362746693,33.444013499946706
30,raw/keeper_6e87fc8bc37b4a89aeda/12-09-26_99.7wt_glycerol_D3/map-data-2026.09.12-16.26.39.509.jpk-force-map,0.3,215.0,64,31.267094396731597,6.3148068869555605,47.945503490727354,33.57139802437982
30,raw/keeper_6e87fc8bc37b4a89aeda/12-09-26_99.7wt_glycerol_D3/map-data-2026.09.12-16.26.39.509.jpk-force-map,0.3,220.0,64,37.17570462577633,13.21504724404178,58.40425354752365,36.398690912116145
30,raw/keeper_6e87fc8bc37b4a89aeda/12-09-26_99.7wt_glycerol_D3/map-data-2026.09.12-16.26.39.509.jpk-force-map,0.3,225.0,64,35.16712904417981,8.224167267740272,60.40400687071892,39.09572538622702
30,raw/keeper_6e87fc8bc37b4a89aeda/12-09-26_99.7wt_glycerol_D3/map-data-2026.09.12-16.26.39.509.jpk-force-map,0.3,230.0,64,28.506149991680648,2.119678050769447,48.926845125873186,33.903172565743674
30,raw/keeper_6e87fc8bc37b4a89aeda/12-09-26_99.7wt_glycerol_D3/map-data-2026.09.12-16.26.39.509.jpk-force-map,0.3,235.0,64,26.060189204869715,-5.655407271041262,49.556157941307546,45.934525451603996
30,raw/keeper_6e87fc8bc37b4a89aeda/12-09-26_99.7wt_glycerol_D3/map-data-2026.09.12-16.26.39.509.jpk-force-map,0.3,240.0,64,23.321843035422354,3.1489580984640506,44.53717927909569,30.931792207832586
30,raw/keeper_6e87fc8bc37b4a89aeda/12-09-26_99.7wt_glycerol_D3/map-data-2026.09.12-16.26.39.509.jpk-force-map,0.3,245.0,64,30.121791296305013,2.9265543486611056,39.46575581131162,23.727811709607963
30,raw/keeper_6e87fc8bc37b4a89aeda/12-09-26_99.7wt_glycerol_D3/map-data-2026.09.12-16.26.39.509.jpk-force-map,0.3,250.0,64,20.287284362791695,-0.08819773257414543,41.94655002213618,31.16948986362479
30,raw/keeper_6e87fc8bc37b4a89aeda/12-09-26_99.7wt_glycerol_D3/map-data-2026.09.12-16.26.39.509.jpk-force-map,0.3,255.0,64,27.950604510573164,2.3031478902593907,51.734228573735,37.28333295751824
30,raw/keeper_6e87fc8bc37b4a89aeda/12-09-26_99.7wt_glycerol_D3/map-data-2026.09.12-16.26.39.509.jpk-force-map,0.3,260.0,64,12.50254011769871,-8.74573255733682,37.1340701931734,34.335901676220935
30,raw/keeper_6e87fc8bc37b4a89aeda/12-09-26_99.7wt_glycerol_D3/map-data-2026.09.12-16.26.39.509.jpk-force-map,0.3,265.0,64,24.018842868125,-1.2930448643464034,42.46131430314391,30.22277672426997
30,raw/keeper_6e87fc8bc37b4a89aeda/12-09-26_99.7wt_glycerol_D3/map-data-2026.09.12-16.26.39.509.jpk-force-map,0.3,270.0,64,7.939568667165663,-9.715717088006702,32.23882681145943,30.902193605452517
30,raw/keeper_6e87fc8bc37b4a89aeda/12-09-26_99.7wt_glycerol_D3/map-data-2026.09.12-16.26.39.509.jpk-force-map,0.3,275.0,64,17.2617219085865,-5.630207918877362,35.50747769079789,28.9343409655718
30,raw/keeper_6e87fc8bc37b4a89aeda/12-09-26_99.7wt_glycerol_D3/map-data-2026.09.12-16.26.39.509.jpk-force-map,0.3,280.0,64,6.924271691940782,-19.264034929289753,29.05592994053776,35.95277138713468
30,raw/keeper_6e87fc8bc37b4a89aeda/12-09-26_99.7wt_glycerol_D3/map-data-2026.09.12-16.26.39.509.jpk-force-map,0.3,285.0,64,9.21096793414046,-22.088416756718118,28.7808908575163,37.77078877845375
30,raw/keeper_6e87fc8bc37b4a89aeda/12-09-26_99.7wt_glycerol_D3/map-data-2026.09.12-16.26.39.509.jpk-force-map,0.3,290.0,64,12.262442148230466,-10.046945259038136,37.05216815673495,35.709915468687164
30,raw/keeper_6e87fc8bc37b4a89aeda/12-09-26_99.7wt_glycerol_D3/map-data-2026.09.12-16.26.39.509.jpk-force-map,0.3,295.0,64,4.8319302164971525,-18.70046243560938,24.642530976090676,34.014492786478506
30,raw/keeper_6e87fc8bc37b4a89aeda/12-09-26_99.7wt_glycerol_D3/map-data-2026.09.12-16.26.39.509.jpk-force-map,0.3,300.0,64,9.4089841452288,-14.871179815390969,32.81605930899283,35.06353603165432
31,raw/keeper_6e87fc8bc37b4a89aeda/12-09-26_99.7wt_glycerol_D3/map-data-2026.09.12-16.29.17.790.jpk-force-map,0.1,5.0,64,999.8475025842471,436.67708850756145,1606.0873289402957,865.1184142613417
31,raw/keeper_6e87fc8bc37b4a89aeda/12-09-26_99.7wt_glycerol_D3/map-data-2026.09.12-16.29.17.790.jpk-force-map,0.1,10.0,64,655.6083477010811,400.66602139639656,1045.8427982236035,526.4629224567246
31,raw/keeper_6e87fc8bc37b4a89aeda/12-09-26_99.7wt_glycerol_D3/map-data-2026.09.12-16.29.17.790.jpk-force-map,0.1,15.0,64,646.073366795033,380.2236806648318,943.9339589689616,431.56764166936915
31,raw/keeper_6e87fc8bc37b4a89aeda/12-09-26_99.7wt_glycerol_D3/map-data-2026.09.12-16.29.17.790.jpk-force-map,0.1,20.0,64,594.9142252118581,347.6671448614091,818.0984922269585,337.8325524058336
31,raw/keeper_6e87fc8bc37b4a89aeda/12-09-26_99.7wt_glycerol_D3/map-data-2026.09.12-16.29.17.790.jpk-force-map,0.1,25.0,64,486.9541367916445,280.3994292388139,659.5352964495095,270.2758426237128
31,raw/keeper_6e87fc8bc37b4a89aeda/12-09-26_99.7wt_glycerol_D3/map-data-2026.09.12-16.29.17.790.jpk-force-map,0.1,30.0,64,440.49436788606744,239.74473949609396,545.9688823366803,207.34874726428185
31,raw/keeper_6e87fc8bc37b4a89aeda/12-09-26_99.7wt_glycerol_D3/map-data-2026.09.12-16.29.17.790.jpk-force-map,0.1,35.0,64,339.31474420395955,221.81507736275543,461.25247091407823,179.40877195973815
31,raw/keeper_6e87fc8bc37b4a89aeda/12-09-26_99.7wt_glycerol_D3/map-data-2026.09.12-16.29.17.790.jpk-force-map,0.1,40.0,64,287.62050158449676,196.36554583161234,385.07299859999756,143.3364025684643
31,raw/keeper_6e87fc8bc37b4a89aeda/12-09-26_99.7wt_glycerol_D3/map-data-2026.09.12-16.29.17.790.jpk-force-map,0.1,45.0,64,269.7977834473588,159.92795359106745,332.8880810210573,135.17261676900196
31,raw/keeper_6e87fc8bc37b4a89aeda/12-09-26_99.7wt_glycerol_D3/map-data-2026.09.12-16.29.17.790.jpk-force-map,0.1,50.0,64,225.64387952195352,151.85590193929966,303.1264615303864,115.00911542796622
31,raw/keeper_6e87fc8bc37b4a89aeda/12-09-26_99.7wt_glycerol_D3/map-data-2026.09.12-16.29.17.790.jpk-force-map,0.1,55.0,64,209.8593764411139,130.34747618908034,250.64224987067988,92.40408555635243
31,raw/keeper_6e87fc8bc37b4a89aeda/12-09-26_99.7wt_glycerol_D3/map-data-2026.09.12-16.29.17.790.jpk-force-map,0.1,60.0,64,180.7058963457161,118.61148677876255,218.31076863648633,78.00027573318354
31,raw/keeper_6e87fc8bc37b4a89aeda/12-09-26_99.7wt_glycerol_D3/map-data-2026.09.12-16.29.17.790.jpk-force-map,0.1,65.0,64,147.66376355877782,97.65770357428127,190.76125795643108,67.02521222337187
31,raw/keeper_6e87fc8bc37b4a89aeda/12-09-26_99.7wt_glycerol_D3/map-data-2026.09.12-16.29.17.790.jpk-force-map,0.1,70.0,64,139.0768979231383,87.62682890801075,182.2338617978407,70.66903352630246
31,raw/keeper_6e87fc8bc37b4a89aeda/12-09-26_99.7wt_glycerol_D3/map-data-2026.09.12-16.29.17.790.jpk-force-map,0.1,75.0,64,126.09167672329112,79.43765245668723,159.48304668573286,57.25701023283485
31,raw/keeper_6e87fc8bc37b4a89aeda/12-09-26_99.7wt_glycerol_D3/map-data-2026.09.12-16.29.17.790.jpk-force-map,0.1,80.0,64,103.70830660261771,71.11457648913026,131.69650304616943,45.12018315724942
31,raw/keeper_6e87fc8bc37b4a89aeda/12-09-26_99.7wt_glycerol_D3/map-data-2026.09.12-16.29.17.790.jpk-force-map,0.1,85.0,64,98.78684496002225,70.87327736711082,119.73275026052212,36.0351562106881
31,raw/keeper_6e87fc8bc37b4a89aeda/12-09-26_99.7wt_glycerol_D3/map-data-2026.09.12-16.29.17.790.jpk-force-map,0.1,90.0,64,84.31431525099102,54.07289744429646,108.12356114066264,43.727501366603086
31,raw/keeper_6e87fc8bc37b4a89aeda/12-09-26_99.7wt_glycerol_D3/map-data-2026.09.12-16.29.17.790.jpk-force-map,0.1,95.0,64,70.40049543875418,46.66678133508987,92.87479694953535,35.207107675561595
31,raw/keeper_6e87fc8bc37b4a89aeda/12-09-26_99.7wt_glycerol_D3/map-data-2026.09.12-16.29.17.790.jpk-force-map,0.1,100.0,64,71.82136778608756,49.49210751693735,92.74732567041058,32.24606840611789
31,raw/keeper_6e87fc8bc37b4a89aeda/12-09-26_99.7wt_glycerol_D3/map-data-2026.09.12-16.29.17.790.jpk-force-map,0.1,105.0,64,66.6500167097715,44.92430660476333,86.69853679661804,31.051513027749653
31,raw/keeper_6e87fc8bc37b4a89aeda/12-09-26_99.7wt_glycerol_D3/map-data-2026.09.12-16.29.17.790.jpk-force-map,0.1,110.0,64,58.811742479904666,39.98258276118577,78.91506825837374,30.04395695221438
31,raw/keeper_6e87fc8bc37b4a89aeda/12-09-26_99.7wt_glycerol_D3/map-data-2026.09.12-16.29.17.790.jpk-force-map,0.1,115.0,64,53.59201394907128,38.86805401752733,77.08538985275811,30.58125141566553
31,raw/keeper_6e87fc8bc37b4a89aeda/12-09-26_99.7wt_glycerol_D3/map-data-2026.09.12-16.29.17.790.jpk-force-map,0.1,120.0,64,56.074473205848065,39.27980911242081,69.40131875916094,23.609957689509468
31,raw/keeper_6e87fc8bc37b4a89aeda/12-09-26_99.7wt_glycerol_D3/map-data-2026.09.12-16.29.17.790.jpk-force-map,0.1,125.0,64,49.237612284464106,26.171059727343696,65.318153908462,29.380285053710264
31,raw/keeper_6e87fc8bc37b4a89aeda/12-09-26_99.7wt_glycerol_D3/map-data-2026.09.12-16.29.17.790.jpk-force-map,0.1,130.0,64,41.75446501951253,24.01889257098894,61.940280984980525,29.215932980245128
31,raw/keeper_6e87fc8bc37b4a89aeda/12-09-26_99.7wt_glycerol_D3/map-data-2026.09.12-16.29.17.790.jpk-force-map,0.1,135.0,64,46.66363348702173,28.84041832124072,65.64516561984514,27.07805417798139
31,raw/keeper_6e87fc8bc37b4a89aeda/12-09-26_99.7wt_glycerol_D3/map-data-2026.09.12-16.29.17.790.jpk-force-map,0.1,140.0,64,41.23700850002665,21.132299325167573,58.30021716888175,28.805998478076692
31,raw/keeper_6e87fc8bc37b4a89aeda/12-09-26_99.7wt_glycerol_D3/map-data-2026.09.12-16.29.17.790.jpk-force-map,0.1,145.0,64,37.421220207445856,21.87447906145531,50.89077925158165,21.498115832076333
31,raw/keeper_6e87fc8bc37b4a89aeda/12-09-26_99.7wt_glycerol_D3/map-data-2026.09.12-16.29.17.790.jpk-force-map,0.1,150.0,64,31.200707937743054,16.980826171397332,43.44307012882478,20.039334589973343
31,raw/keeper_6e87fc8bc37b4a89aeda/12-09-26_99.7wt_glycerol_D3/map-data-2026.09.12-16.29.17.790.jpk-force-map,0.1,155.0,64,29.53586079753179,10.746223139686622,44.32465811546383,25.21356329645269
31,raw/keeper_6e87fc8bc37b4a89aeda/12-09-26_99.7wt_glycerol_D3/map-data-2026.09.12-16.29.17.790.jpk-force-map,0.1,160.0,64,26.773905767576103,13.536309990795335,46.86719156747163,27.54495063776195
31,raw/keeper_6e87fc8bc37b4a89aeda/12-09-26_99.7wt_glycerol_D3/map-data-2026.09.12-16.29.17.790.jpk-force-map,0.1,165.0,64,30.463879543171075,11.004031896440761,47.536945946765215,27.014312789452568
31,raw/keeper_6e87fc8bc37b4a89aeda/12-09-26_99.7wt_glycerol_D3/map-data-2026.09.12-16.29.17.790.jpk-force-map,0.1,170.0,64,24.528197820743152,11.817717486731366,41.15449346159567,23.10658494380834
31,raw/keeper_6e87fc8bc37b4a89aeda/12-09-26_99.7wt_glycerol_D3/map-data-2026.09.12-16.29.17.790.jpk-force-map,0.1,175.0,64,25.738098077045777,5.734252581330309,42.91373462478709,28.668837817752024
31,raw/keeper_6e87fc8bc37b4a89aeda/12-09-26_99.7wt_glycerol_D3/map-data-2026.09.12-16.29.17.790.jpk-force-map,0.1,180.0,64,15.412278330629345,-1.9134857185158936,32.64766600498578,25.753731649094977
31,raw/keeper_6e87fc8bc37b4a89aeda/12-09-26_99.7wt_glycerol_D3/map-data-2026.09.12-16.29.17.790.jpk-force-map,0.1,185.0,64,26.574696687746368,11.123368473454134,37.35483374845682,21.244157367343142
31,raw/keeper_6e87fc8bc37b4a89aeda/12-09-26_99.7wt_glycerol_D3/map-data-2026.09.12-16.29.17.790.jpk-force-map,0.1,190.0,64,21.878604399186656,0.33022582993683386,36.96334085454776,28.193246000923438
31,raw/keeper_6e87fc8bc37b4a89aeda/12-09-26_99.7wt_glycerol_D3/map-data-2026.09.12-16.29.17.790.jpk-force-map,0.1,195.0,64,18.538141164848234,4.262235986705043,34.29900224993618,22.68662867419409
31,raw/keeper_6e87fc8bc37b4a89aeda/12-09-26_99.7wt_glycerol_D3/map-data-2026.09.12-16.29.17.790.jpk-force-map,0.1,200.0,64,19.332260394255236,0.30569746644020546,31.294430972057416,21.4524774891545
31,raw/keeper_6e87fc8bc37b4a89aeda/12-09-26_99.7wt_glycerol_D3/map-data-2026.09.12-16.29.17.790.jpk-force-map,0.1,205.0,64,9.097330618891926,-7.138747834899053,26.969577660233647,25.82722461035764
31,raw/keeper_6e87fc8bc37b4a89aeda/12-09-26_99.7wt_glycerol_D3/map-data-2026.09.12-16.29.17.790.jpk-force-map,0.1,210.0,64,12.226772059336485,-4.05729450986795,30.3765764621531,25.77217857887782
31,raw/keeper_6e87fc8bc37b4a89aeda/12-09-26_99.7wt_glycerol_D3/map-data-2026.09.12-16.29.17.790.jpk-force-map,0.1,215.0,64,6.656505794718896,-4.246968923576671,23.86164927619046,19.979179422149013
31,raw/keeper_6e87fc8bc37b4a89aeda/12-09-26_99.7wt_glycerol_D3/map-data-2026.09.12-16.29.17.790.jpk-force-map,0.1,220.0,64,15.020951112934853,1.2420414418375256,25.836194963411693,18.703123493824734
31,raw/keeper_6e87fc8bc37b4a89aeda/12-09-26_99.7wt_glycerol_D3/map-data-2026.09.12-16.29.17.790.jpk-force-map,0.1,225.0,64,14.982729610341526,-1.8078008615430967,29.505641456080124,23.75849109082911
31,raw/keeper_6e87fc8bc37b4a89aeda/12-09-26_99.7wt_glycerol_D3/map-data-2026.09.12-16.29.17.790.jpk-force-map,0.1,230.0,64,9.032733463015557,-3.8624344306592056,26.56604010555919,23.15057755531279
31,raw/keeper_6e87fc8bc37b4a89aeda/12-09-26_99.7wt_glycerol_D3/map-data-2026.09.12-16.29.17.790.jpk-force-map,0.1,235.0,64,19.664938232160225,-6.347685331641943,31.964384162809743,26.41538936885056
31,raw/keeper_6e87fc8bc37b4a89aeda/12-09-26_99.7wt_glycerol_D3/map-data-2026.09.12-16.29.17.790.jpk-force-map,0.1,240.0,64,5.706485247847624,-8.14571129655544,26.992855168313646,27.70188463826383
31,raw/keeper_6e87fc8bc37b4a89aeda/12-09-26_99.7wt_glycerol_D3/map-data-2026.09.12-16.29.17.790.jpk-force-map,0.1,245.0,64,6.357708742595719,-11.001488766553368,23.699526816887726,26.060132450824923
31,raw/keeper_6e87fc8bc37b4a89aeda/12-09-26_99.7wt_glycerol_D3/map-data-2026.09.12-16.29.17.790.jpk-force-map,0.1,250.0,64,9.43453141744195,-6.438782397963608,24.48619061665908,23.7037152540608
31,raw/keeper_6e87fc8bc37b4a89aeda/12-09-26_99.7wt_glycerol_D3/map-data-2026.09.12-16.29.17.790.jpk-force-map,0.1,255.0,64,7.826345542451912,-3.6064978151232037,19.696019089924633,17.474793776641068
31,raw/keeper_6e87fc8bc37b4a89aeda/12-09-26_99.7wt_glycerol_D3/map-data-2026.09.12-16.29.17.790.jpk-force-map,0.1,260.0,64,4.275722030533029,-7.768284313222723,19.98224960120846,20.582769842298557
31,raw/keeper_6e87fc8bc37b4a89aeda/12-09-26_99.7wt_glycerol_D3/map-data-2026.09.12-16.29.17.790.jpk-force-map,0.1,265.0,64,2.721579736582487,-6.901458077259008,19.942760675578075,19.27303782778096
31,raw/keeper_6e87fc8bc37b4a89aeda/12-09-26_99.7wt_glycerol_D3/map-data-2026.09.12-16.29.17.790.jpk-force-map,0.1,270.0,64,4.840909867301527,-11.782312479779016,20.92467389366338,24.701396941082415
31,raw/keeper_6e87fc8bc37b4a89aeda/12-09-26_99.7wt_glycerol_D3/map-data-2026.09.12-16.29.17.790.jpk-force-map,0.1,275.0,64,-0.5849861443528667,-14.832759501342203,11.131577729862526,18.696417752373875
31,raw/keeper_6e87fc8bc37b4a89aeda/12-09-26_99.7wt_glycerol_D3/map-data-2026.09.12-16.29.17.790.jpk-force-map,0.1,280.0,64,3.947202665602073,-10.649882421188543,16.542504895573195,21.595729812042187
31,raw/keeper_6e87fc8bc37b4a89aeda/12-09-26_99.7wt_glycerol_D3/map-data-2026.09.12-16.29.17.790.jpk-force-map,0.1,285.0,64,8.647585968106547,-3.505385621660542,20.802669929603006,18.10469133633173
31,raw/keeper_6e87fc8bc37b4a89aeda/12-09-26_99.7wt_glycerol_D3/map-data-2026.09.12-16.29.17.790.jpk-force-map,0.1,290.0,64,5.116611655178717,-8.593774333767653,19.237245085470278,20.359760953495798
31,raw/keeper_6e87fc8bc37b4a89aeda/12-09-26_99.7wt_glycerol_D3/map-data-2026.09.12-16.29.17.790.jpk-force-map,0.1,295.0,64,1.8352285587881538,-18.31697170284049,14.50359399917454,24.39443118677419
31,raw/keeper_6e87fc8bc37b4a89aeda/12-09-26_99.7wt_glycerol_D3/map-data-2026.09.12-16.29.17.790.jpk-force-map,0.1,300.0,64,-1.825370824048456,-10.31047812899074,14.313994139763306,18.993189797148347
32,raw/keeper_6e87fc8bc37b4a89aeda/12-09-26_99.7wt_glycerol_D3/map-data-2026.09.12-16.35.11.254.jpk-force-map,2.7,5.0,64,4692.821425902801,2779.3893864802576,5973.029200152658,2529.05992472639
32,raw/keeper_6e87fc8bc37b4a89aeda/12-09-26_99.7wt_glycerol_D3/map-data-2026.09.12-16.35.11.254.jpk-force-map,2.7,10.0,64,4107.748119293943,2298.8245860204806,4969.3121059253035,1885.4000957074525
32,raw/keeper_6e87fc8bc37b4a89aeda/12-09-26_99.7wt_glycerol_D3/map-data-2026.09.12-16.35.11.254.jpk-force-map,2.7,15.0,64,3504.5206261464036,2095.4164425448193,4215.540543385491,1380.7321593802005
32,raw/keeper_6e87fc8bc37b4a89aeda/12-09-26_99.7wt_glycerol_D3/map-data-2026.09.12-16.35.11.254.jpk-force-map,2.7,20.0,64,2999.086765623002,1912.0019720453292,3638.8319223253584,1119.4889996186746
32,raw/keeper_6e87fc8bc37b4a89aeda/12-09-26_99.7wt_glycerol_D3/map-data-2026.09.12-16.35.11.254.jpk-force-map,2.7,25.0,64,2597.914255472492,1756.279543472882,3195.967829562396,961.6394320587467
32,raw/keeper_6e87fc8bc37b4a89aeda/12-09-26_99.7wt_glycerol_D3/map-data-2026.09.12-16.35.11.254.jpk-force-map,2.7,30.0,64,2285.566678339852,1614.9054951384344,2806.1245737165987,812.0013519462651
32,raw/keeper_6e87fc8bc37b4a89aeda/12-09-26_99.7wt_glycerol_D3/map-data-2026.09.12-16.35.11.254.jpk-force-map,2.7,35.0,64,2079.381254784431,1457.3874014871258,2472.209664655816,650.626357492924
32,raw/keeper_6e87fc8bc37b4a89aeda/12-09-26_99.7wt_glycerol_D3/map-data-2026.09.12-16.35.11.254.jpk-force-map,2.7,40.0,64,1897.6579242403282,1317.6971536517817,2204.4010146863297,560.99768743989
32,raw/keeper_6e87fc8bc37b4a89aeda/12-09-26_99.7wt_glycerol_D3/map-data-2026.09.12-16.35.11.254.jpk-force-map,2.7,45.0,64,1728.1830693396078,1215.54891226777,2020.0916524002087,475.0845139775415
32,raw/keeper_6e87fc8bc37b4a89aeda/12-09-26_99.7wt_glycerol_D3/map-data-2026.09.12-16.35.11.254.jpk-force-map,2.7,50.0,64,1580.7090050459701,1135.6093354366674,1825.895562037891,415.4048397175523
32,raw/keeper_6e87fc8bc37b4a89aeda/12-09-26_99.7wt_glycerol_D3/map-data-2026.09.12-16.35.11.254.jpk-force-map,2.7,55.0,64,1455.6538152856865,1044.9468378253919,1655.8358452499783,376.0467307042539
32,raw/keeper_6e87fc8bc37b4a89aeda/12-09-26_99.7wt_glycerol_D3/map-data-2026.09.12-16.35.11.254.jpk-force-map,2.7,60.0,64,1303.1633071759122,1004.2935811819236,1509.1764523201055,367.6978860912402
32,raw/keeper_6e87fc8bc37b4a89aeda/12-09-26_99.7wt_glycerol_D3/map-data-2026.09.12-16.35.11.254.jpk-force-map,2.7,65.0,64,1175.2075908002023,946.8282478749268,1376.434143023886,308.32311428049616
32,raw/keeper_6e87fc8bc37b4a89aeda/12-09-26_99.7wt_glycerol_D3/map-data-2026.09.12-16.35.11.254.jpk-force-map,2.7,70.0,64,1083.9068918446064,893.5776346164322,1222.8657040461476,260.7338918585052
32,raw/keeper_6e87fc8bc37b4a89aeda/12-09-26_99.7wt_glycerol_D3/map-data-2026.09.12-16.35.11.254.jpk-force-map,2.7,75.0,64,1003.9860778447503,818.4515399553871,1160.1315440622707,250.10172999950026
32,raw/keeper_6e87fc8bc37b4a89aeda/12-09-26_99.7wt_glycerol_D3/map-data-2026.09.12-16.35.11.254.jpk-force-map,2.7,80.0,64,951.7346495496598,754.1717865702059,1065.0758931199107,199.01075956600042
32,raw/keeper_6e87fc8bc37b4a89aeda/12-09-26_99.7wt_glycerol_D3/map-data-2026.09.12-16.35.11.254.jpk-force-map,2.7,85.0,64,867.3258988566346,703.3669435708758,1009.6885702958377,242.1992224851125
32,raw/keeper_6e87fc8bc37b4a89aeda/12-09-26_99.7wt_glycerol_D3/map-data-2026.09.12-16.35.11.254.jpk-force-map,2.7,90.0,64,794.8641428002005,658.2496407443114,929.2571919070009,202.71198496334046
32,raw/keeper_6e87fc8bc37b4a89aeda/12-09-26_99.7wt_glycerol_D3/map-data-2026.09.12-16.35.11.254.jpk-force-map,2.7,95.0,64,762.5463132860491,599.9400877207651,853.4156162315701,182.42733813936908
32,raw/keeper_6e87fc8bc37b4a89aeda/12-09-26_99.7wt_glycerol_D3/map-data-2026.09.12-16.35.11.254.jpk-force-map,2.7,100.0,64,699.4839321544259,550.4072818418346,792.0850899849493,168.9219994181495
32,raw/keeper_6e87fc8bc37b4a89aeda/12-09-26_99.7wt_glycerol_D3/map-data-2026.09.12-16.35.11.254.jpk-force-map,2.7,105.0,64,643.4663190252556,532.7803101516515,746.6589418438771,160.1844674324738
32,raw/keeper_6e87fc8bc37b4a89aeda/12-09-26_99.7wt_glycerol_D3/map-data-2026.09.12-16.35.11.254.jpk-force-map,2.7,110.0,64,576.3808389543537,489.26065619286044,678.1814999250021,143.1973505451685
32,raw/keeper_6e87fc8bc37b4a89aeda/12-09-26_99.7wt_glycerol_D3/map-data-2026.09.12-16.35.11.254.jpk-force-map,2.7,115.0,64,543.481403090617,465.22684447879146,621.5614715137563,118.01770896646386
32,raw/keeper_6e87fc8bc37b4a89aeda/12-09-26_99.7wt_glycerol_D3/map-data-2026.09.12-16.35.11.254.jpk-force-map,2.7,120.0,64,514.3030052926192,435.31055795845157,581.8777355075584,113.8135038339113
32,raw/keeper_6e87fc8bc37b4a89aeda/12-09-26_99.7wt_glycerol_D3/map-data-2026.09.12-16.35.11.254.jpk-force-map,2.7,125.0,64,483.766973758209,401.5799742314579,544.2518968918935,94.38127219532325
32,raw/keeper_6e87fc8bc37b4a89aeda/12-09-26_99.7wt_glycerol_D3/map-data-2026.09.12-16.35.11.254.jpk-force-map,2.7,130.0,64,452.48216857419084,376.1606123389016,510.47162686829233,104.31485791185345
32,raw/keeper_6e87fc8bc37b4a89aeda/12-09-26_99.7wt_glycerol_D3/map-data-2026.09.12-16.35.11.254.jpk-force-map,2.7,135.0,64,417.9192938180632,344.2237055762005,476.19962155744287,105.5036655118353
32,raw/keeper_6e87fc8bc37b4a89aeda/12-09-26_99.7wt_glycerol_D3/map-data-2026.09.12-16.35.11.254.jpk-force-map,2.7,140.0,64,376.9429768409178,321.7565529940583,448.1265906084634,98.52566604422877
32,raw/keeper_6e87fc8bc37b4a89aeda/12-09-26_99.7wt_glycerol_D3/map-data-2026.09.12-16.35.11.254.jpk-force-map,2.7,145.0,64,348.76740059922355,268.4390148288798,403.12767172068146,94.10147329100079
32,raw/keeper_6e87fc8bc37b4a89aeda/12-09-26_99.7wt_glycerol_D3/map-data-2026.09.12-16.35.11.254.jpk-force-map,2.7,150.0,64,309.92799199911394,249.74714270497114,368.7665491742696,89.61543051221939
32,raw/keeper_6e87fc8bc37b4a89aeda/12-09-26_99.7wt_glycerol_D3/map-data-2026.09.12-16.35.11.254.jpk-force-map,2.7,155.0,64,286.49584174034646,228.0077477446791,342.1244388350077,84.93126132115891
32,raw/keeper_6e87fc8bc37b4a89aeda/12-09-26_99.7wt_glycerol_D3/map-data-2026.09.12-16.35.11.254.jpk-force-map,2.7,160.0,64,263.29898484083833,207.813954469502,327.1782491136847,88.76340833732378
32,raw/keeper_6e87fc8bc37b4a89aeda/12-09-26_99.7wt_glycerol_D3/map-data-2026.09.12-16.35.11.254.jpk-force-map,2.7,165.0,64,241.89348543862525,178.2928802740781,293.28134303536,89.30389601098838
32,raw/keeper_6e87fc8bc37b4a89aeda/12-09-26_99.7wt_glycerol_D3/map-data-2026.09.12-16.35.11.254.jpk-force-map,2.7,170.0,64,216.7577363731697,165.67931224150266,262.8071667154828,76.15590207601043
32,raw/keeper_6e87fc8bc37b4a89aeda/12-09-26_99.7wt_glycerol_D3/map-data-2026.09.12-16.35.11.254.jpk-force-map,2.7,175.0,64,199.0509915858993,149.29464707509936,245.3778136134739,70.32406857043424
32,raw/keeper_6e87fc8bc37b4a89aeda/12-09-26_99.7wt_glycerol_D3/map-data-2026.09.12-16.35.11.254.jpk-force-map,2.7,180.0,64,179.23351526342066,131.650594167243,222.18566191844633,66.54040922323003
32,raw/keeper_6e87fc8bc37b4a89aeda/12-09-26_99.7wt_glycerol_D3/map-data-2026.09.12-16.35.11.254.jpk-force-map,2.7,185.0,64,166.80771636809118,124.7912509836068,204.67604697451833,62.15903005004161
32,raw/keeper_6e87fc8bc37b4a89aeda/12-09-26_99.7wt_glycerol_D3/map-data-2026.09.12-16.35.11.254.jpk-force-map,2.7,190.0,64,151.3719948531674,106.67069671638774,188.80073676073266,62.014672385157404
32,raw/keeper_6e87fc8bc37b4a89aeda/12-09-26_99.7wt_glycerol_D3/map-data-2026.09.12-16.35.11.254.jpk-force-map,2.7,195.0,64,128.38874429649348,81.6477317336784,171.71329794556482,68.28864268976793
32,raw/keeper_6e87fc8bc37b4a89aeda/12-09-26_99.7wt_glycerol_D3/map-data-2026.09.12-16.35.11.254.jpk-force-map,2.7,200.0,64,110.18960980092888,73.0465185378977,144.05053100555216,52.242785921296
32,raw/keeper_6e87fc8bc37b4a89aeda/12-09-26_99.7wt_glycerol_D3/map-data-2026.09.12-16.35.11.254.jpk-force-map,2.7,205.0,64,81.47817041236146,46.419468166497,118.3750999564883,53.83452752413097
32,raw/keeper_6e87fc8bc37b4a89aeda/12-09-26_99.7wt_glycerol_D3/map-data-2026.09.12-16.35.11.254.jpk-force-map,2.7,210.0,64,60.52789954362067,24.711700795475902,94.26589728119495,52.39925322184312
32,raw/keeper_6e87fc8bc37b4a89aeda/12-09-26_99.7wt_glycerol_D3/map-data-2026.09.12-16.35.11.254.jpk-force-map,2.7,215.0,64,29.708280033542128,0.5394997397723957,58.49270807822971,43.336873504654896
32,raw/keeper_6e87fc8bc37b4a89aeda/12-09-26_99.7wt_glycerol_D3/map-data-2026.09.12-16.35.11.254.jpk-force-map,2.7,220.0,64,19.662419953706042,-14.779610571859765,53.110086693697895,51.81656604702658
32,raw/keeper_6e87fc8bc37b4a89aeda/12-09-26_99.7wt_glycerol_D3/map-data-2026.09.12-16.35.11.254.jpk-force-map,2.7,225.0,64,7.307928100923669,-19.668682514598895,33.412883018842415,39.26265659101823
32,raw/keeper_6e87fc8bc37b4a89aeda/12-09-26_99.7wt_glycerol_D3/map-data-2026.09.12-16.35.11.254.jpk-force-map,2.7,230.0,64,1.313994621619182,-23.496821968939962,31.468440699722507,41.80712930630627
32,raw/keeper_6e87fc8bc37b4a89aeda/12-09-26_99.7wt_glycerol_D3/map-data-2026.09.12-16.35.11.254.jpk-force-map,2.7,235.0,64,-7.173117365513376,-40.46870162477559,12.408394609038567,44.282039165213064
32,raw/keeper_6e87fc8bc37b4a89aeda/12-09-26_99.7wt_glycerol_D3/map-data-2026.09.12-16.35.11.254.jpk-force-map,2.7,240.0,64,-15.288004602435741,-53.924782908895054,4.912341167008856,37.29706376144403
32,raw/keeper_6e87fc8bc37b4a89aeda/12-09-26_99.7wt_glycerol_D3/map-data-2026.09.12-16.35.11.254.jpk-force-map,2.7,245.0,64,-30.10842122582749,-85.01727942740104,-6.177419886415896,43.029465613548226
32,raw/keeper_6e87fc8bc37b4a89aeda/12-09-26_99.7wt_glycerol_D3/map-data-2026.09.12-16.35.11.254.jpk-force-map,2.7,250.0,64,-55.935156077414455,-106.82120527308366,-19.101001250808643,73.32566160961306
32,raw/keeper_6e87fc8bc37b4a89aeda/12-09-26_99.7wt_glycerol_D3/map-data-2026.09.12-16.35.11.254.jpk-force-map,2.7,255.0,64,-88.93509113262184,-132.8151902628007,-35.22238206158076,70.69622493944364
32,raw/keeper_6e87fc8bc37b4a89aeda/12-09-26_99.7wt_glycerol_D3/map-data-2026.09.12-16.35.11.254.jpk-force-map,2.7,260.0,64,-87.6689272340122,-163.91201093049472,-53.157445239497264,71.63716573725583
32,raw/keeper_6e87fc8bc37b4a89aeda/12-09-26_99.7wt_glycerol_D3/map-data-2026.09.12-16.35.11.254.jpk-force-map,2.7,265.0,64,-108.1790792400061,-158.0993355132224,-77.9422672320648,58.69783580826674
32,raw/keeper_6e87fc8bc37b4a89aeda/12-09-26_99.7wt_glycerol_D3/map-data-2026.09.12-16.35.11.254.jpk-force-map,2.7,270.0,64,-123.51672043618511,-180.53076001979474,-81.42951959209202,65.53879743132832
32,raw/keeper_6e87fc8bc37b4a89aeda/12-09-26_99.7wt_glycerol_D3/map-data-2026.09.12-16.35.11.254.jpk-force-map,2.7,275.0,64,-141.27855256464255,-188.05839963204215,-104.75292826773742,65.6148203976068
32,raw/keeper_6e87fc8bc37b4a89aeda/12-09-26_99.7wt_glycerol_D3/map-data-2026.09.12-16.35.11.254.jpk-force-map,2.7,280.0,64,-150.49140920762383,-212.01829490319193,-103.10685224258381,78.51887763529483
32,raw/keeper_6e87fc8bc37b4a89aeda/12-09-26_99.7wt_glycerol_D3/map-data-2026.09.12-16.35.11.254.jpk-force-map,2.7,285.0,64,-161.6694839669728,-219.8003469098053,-109.36540377104268,86.63137556606854
32,raw/keeper_6e87fc8bc37b4a89aeda/12-09-26_99.7wt_glycerol_D3/map-data-2026.09.12-16.35.11.254.jpk-force-map,2.7,290.0,64,-189.14477998692482,-236.06959374165857,-144.91034085384746,67.14146963836166
32,raw/keeper_6e87fc8bc37b4a89aeda/12-09-26_99.7wt_glycerol_D3/map-data-2026.09.12-16.35.11.254.jpk-force-map,2.7,295.0,64,-209.5768653608368,-266.1407958059895,-174.7758558983776,61.096845516672744
32,raw/keeper_6e87fc8bc37b4a89aeda/12-09-26_99.7wt_glycerol_D3/map-data-2026.09.12-16.35.11.254.jpk-force-map,2.7,300.0,64,-224.03869238643836,-278.226188068026,-180.0394803421349,79.395119081515
