acquisition_order,variant,baseline_method,no_slip_correction_applied_to_pixels,distance_nm,predicted_force_pN
1,primary,linear_drift_corrected,False,40.0,221.17222584689318
1,primary,linear_drift_corrected,False,45.0,159.6390455578625
1,primary,linear_drift_corrected,False,50.0,114.13783036451545
1,primary,linear_drift_corrected,False,55.0,80.82838897540012
1,primary,linear_drift_corrected,False,60.0,56.379493006596554
1,primary,linear_drift_corrected,False,65.0,38.69561277454893
1,primary,linear_drift_corrected,False,70.0,25.799606687553762
1,primary,linear_drift_corrected,False,75.0,16.498738874755862
1,primary,linear_drift_corrected,False,80.0,9.768949007091944
1,primary,linear_drift_corrected,False,85.0,4.918942544892313
1,primary,linear_drift_corrected,False,90.0,1.4321535545795916
1,primary,linear_drift_corrected,False,95.0,-1.0821769977226854
1,primary,linear_drift_corrected,False,100.0,-2.879538296267369
1,primary,linear_drift_corrected,False,105.0,-4.175644419220291
1,primary,linear_drift_corrected,False,110.0,-5.0999383262925555
1,primary,linear_drift_corrected,False,115.0,-5.764369843511606
1,primary,linear_drift_corrected,False,120.0,-6.238672104112332
1,primary,linear_drift_corrected,False,125.0,-6.577663846188907
1,primary,linear_drift_corrected,False,130.0,-6.819737645761544
1,primary,linear_drift_corrected,False,135.0,-6.991529965056908
1,primary,linear_drift_corrected,False,140.0,-7.114073253675177
1,primary,linear_drift_corrected,False,145.0,-7.200209115975172
1,primary,linear_drift_corrected,False,150.0,-7.26124327628477
1,primary,linear_drift_corrected,False,155.0,-7.30382590470237
1,primary,linear_drift_corrected,False,160.0,-7.333499837980059
1,primary,linear_drift_corrected,False,165.0,-7.353892899529211
1,primary,linear_drift_corrected,False,170.0,-7.367686360302156
1,primary,linear_drift_corrected,False,175.0,-7.376857566631041
1,primary,linear_drift_corrected,False,180.0,-7.382691932180192
1,primary,linear_drift_corrected,False,185.0,-7.3862547739262405
1,primary,linear_drift_corrected,False,190.0,-7.388176092155574
1,primary,linear_drift_corrected,False,195.0,-7.388999692948584
1,primary,linear_drift_corrected,False,200.0,-7.389054870354937
1,primary,linear_drift_corrected,False,205.0,-7.388600122315797
1,primary,linear_drift_corrected,False,210.0,-7.387811372149289
1,primary,linear_drift_corrected,False,215.0,-7.386808693335179
1,primary,linear_drift_corrected,False,220.0,-7.38568451672759
1,primary,linear_drift_corrected,False,225.0,-7.38449242572186
1,primary,linear_drift_corrected,False,230.0,-7.383278959733661
1,primary,linear_drift_corrected,False,235.0,-7.382068593172856
1,primary,linear_drift_corrected,False,240.0,-7.380881280605529
1,primary,linear_drift_corrected,False,245.0,-7.379728027900604
1,primary,linear_drift_corrected,False,250.0,-7.378615942675958
1,constant_baseline,far_constant_referenced,False,40.0,298.0068061007848
1,constant_baseline,far_constant_referenced,False,45.0,235.2497506609701
1,constant_baseline,far_constant_referenced,False,50.0,188.71352165244713
1,constant_baseline,far_constant_referenced,False,55.0,154.30194221335324
1,constant_baseline,far_constant_referenced,False,60.0,129.0596273963017
1,constant_baseline,far_constant_referenced,False,65.0,110.54806697794685
1,constant_baseline,far_constant_referenced,False,70.0,97.07025776496607
1,constant_baseline,far_constant_referenced,False,75.0,87.24030020790397
1,constant_baseline,far_constant_referenced,False,80.0,80.1199789087988
1,constant_baseline,far_constant_referenced,False,85.0,74.94517427984279
1,constant_baseline,far_constant_referenced,False,90.0,71.21011983767187
1,constant_baseline,far_constant_referenced,False,95.0,68.50186685544158
1,constant_baseline,far_constant_referenced,False,100.0,66.55224825117617
1,constant_baseline,far_constant_referenced,False,105.0,65.14093821674498
1,constant_baseline,far_constant_referenced,False,110.0,64.1272387904143
1,constant_baseline,far_constant_referenced,False,115.0,63.39453057829908
1,constant_baseline,far_constant_referenced,False,120.0,62.86947799576857
1,constant_baseline,far_constant_referenced,False,125.0,62.49065613112369
1,constant_baseline,far_constant_referenced,False,130.0,62.219998281312115
1,constant_baseline,far_constant_referenced,False,135.0,62.02525058883675
1,constant_baseline,far_constant_referenced,False,140.0,61.8867077156906
1,constant_baseline,far_constant_referenced,False,145.0,61.78746844426695
1,constant_baseline,far_constant_referenced,False,150.0,61.717353296428776
1,constant_baseline,far_constant_referenced,False,155.0,61.66752033571278
1,constant_baseline,far_constant_referenced,False,160.0,61.63272099720256
1,constant_baseline,far_constant_referenced,False,165.0,61.608336940419946
1,constant_baseline,far_constant_referenced,False,170.0,61.59166789023658
1,constant_baseline,far_constant_referenced,False,175.0,61.580306202812174
1,constant_baseline,far_constant_referenced,False,180.0,61.57286672095939
1,constant_baseline,far_constant_referenced,False,185.0,61.568097611008945
1,constant_baseline,far_constant_referenced,False,190.0,61.56529141002421
1,constant_baseline,far_constant_referenced,False,195.0,61.563799808483935
1,constant_baseline,far_constant_referenced,False,200.0,61.56326390768227
1,constant_baseline,far_constant_referenced,False,205.0,61.56335039324711
1,constant_baseline,far_constant_referenced,False,210.0,61.56387803999648
1,constant_baseline,far_constant_referenced,False,215.0,61.56467840929023
1,constant_baseline,far_constant_referenced,False,220.0,61.56566089499014
1,constant_baseline,far_constant_referenced,False,225.0,61.56674213658426
1,constant_baseline,far_constant_referenced,False,230.0,61.56787804559718
1,constant_baseline,far_constant_referenced,False,235.0,61.569028606585185
1,constant_baseline,far_constant_referenced,False,240.0,61.570173498225174
1,constant_baseline,far_constant_referenced,False,245.0,61.57129458729061
1,constant_baseline,far_constant_referenced,False,250.0,61.572383521123726
1,lower_plus_10nm,linear_drift_corrected,False,50.0,101.75622208977019
1,lower_plus_10nm,linear_drift_corrected,False,55.0,76.95269928125545
1,lower_plus_10nm,linear_drift_corrected,False,60.0,57.53471679839248
1,lower_plus_10nm,linear_drift_corrected,False,65.0,42.44901528256132
1,lower_plus_10nm,linear_drift_corrected,False,70.0,30.734439209379744
1,lower_plus_10nm,linear_drift_corrected,False,75.0,21.66748338055899
1,lower_plus_10nm,linear_drift_corrected,False,80.0,14.66884219697395
1,lower_plus_10nm,linear_drift_corrected,False,85.0,9.27890575585428
1,lower_plus_10nm,linear_drift_corrected,False,90.0,5.135711190419938
1,lower_plus_10nm,linear_drift_corrected,False,95.0,1.9558962495757903
1,lower_plus_10nm,linear_drift_corrected,False,100.0,-0.48129471419729253
1,lower_plus_10nm,linear_drift_corrected,False,105.0,-2.347166164208402
1,lower_plus_10nm,linear_drift_corrected,False,110.0,-3.77234719414363
1,lower_plus_10nm,linear_drift_corrected,False,115.0,-4.860098055098451
1,lower_plus_10nm,linear_drift_corrected,False,120.0,-5.6913880008259685
1,lower_plus_10nm,linear_drift_corrected,False,125.0,-6.3261760496763415
1,lower_plus_10nm,linear_drift_corrected,False,130.0,-6.81052505300362
1,lower_plus_10nm,linear_drift_corrected,False,135.0,-7.179781667824821
1,lower_plus_10nm,linear_drift_corrected,False,140.0,-7.461043544813403
1,lower_plus_10nm,linear_drift_corrected,False,145.0,-7.675067827681557
1,lower_plus_10nm,linear_drift_corrected,False,150.0,-7.837743954073946
1,lower_plus_10nm,linear_drift_corrected,False,155.0,-7.961228036337541
1,lower_plus_10nm,linear_drift_corrected,False,160.0,-8.05455910428815
1,lower_plus_10nm,linear_drift_corrected,False,165.0,-8.12520014145157
1,lower_plus_10nm,linear_drift_corrected,False,170.0,-8.178565711469204
1,lower_plus_10nm,linear_drift_corrected,False,175.0,-8.218765681922031
1,lower_plus_10nm,linear_drift_corrected,False,180.0,-8.248940568438597
1,lower_plus_10nm,linear_drift_corrected,False,185.0,-8.271489118343656
1,lower_plus_10nm,linear_drift_corrected,False,190.0,-8.288242675615031
1,lower_plus_10nm,linear_drift_corrected,False,195.0,-8.300598712544389
1,lower_plus_10nm,linear_drift_corrected,False,200.0,-8.309623050439
1,lower_plus_10nm,linear_drift_corrected,False,205.0,-8.316119273162668
1,lower_plus_10nm,linear_drift_corrected,False,210.0,-8.320706750621458
1,lower_plus_10nm,linear_drift_corrected,False,215.0,-8.323873554989664
1,lower_plus_10nm,linear_drift_corrected,False,220.0,-8.325974550004544
1,lower_plus_10nm,linear_drift_corrected,False,225.0,-8.327279590236692
1,lower_plus_10nm,linear_drift_corrected,False,230.0,-8.327993625267606
1,lower_plus_10nm,linear_drift_corrected,False,235.0,-8.328272075933501
1,lower_plus_10nm,linear_drift_corrected,False,240.0,-8.328232590648394
1,lower_plus_10nm,linear_drift_corrected,False,245.0,-8.327964030915169
1,lower_plus_10nm,linear_drift_corrected,False,250.0,-8.327533336538874
1,upper_200nm,linear_drift_corrected,False,40.0,222.6179837878223
1,upper_200nm,linear_drift_corrected,False,45.0,159.51655244902403
1,upper_200nm,linear_drift_corrected,False,50.0,113.53834780241885
1,upper_200nm,linear_drift_corrected,False,55.0,79.92399463005101
1,upper_200nm,linear_drift_corrected,False,60.0,55.53322193741354
1,upper_200nm,linear_drift_corrected,False,65.0,37.9768077314055
1,upper_200nm,linear_drift_corrected,False,70.0,25.292109686614523
1,upper_200nm,linear_drift_corrected,False,75.0,16.194326349583683
1,upper_200nm,linear_drift_corrected,False,80.0,9.681937660906804
1,upper_200nm,linear_drift_corrected,False,85.0,5.007416803599315
1,upper_200nm,linear_drift_corrected,False,90.0,1.6790200573723544
1,upper_200nm,linear_drift_corrected,False,95.0,-0.6987659340176169
1,upper_200nm,linear_drift_corrected,False,100.0,-2.3987882126255373
1,upper_200nm,linear_drift_corrected,False,105.0,-3.6027677107922
1,upper_200nm,linear_drift_corrected,False,110.0,-4.462218919808246
1,upper_200nm,linear_drift_corrected,False,115.0,-5.073736015327706
1,upper_200nm,linear_drift_corrected,False,120.0,-5.505936822144875
1,upper_200nm,linear_drift_corrected,False,125.0,-5.813382027097729
1,upper_200nm,linear_drift_corrected,False,130.0,-6.030664548471208
1,upper_200nm,linear_drift_corrected,False,135.0,-6.18372353357204
1,upper_200nm,linear_drift_corrected,False,140.0,-6.291793573624741
1,upper_200nm,linear_drift_corrected,False,145.0,-6.3672887948513495
1,upper_200nm,linear_drift_corrected,False,150.0,-6.419947630341952
1,upper_200nm,linear_drift_corrected,False,155.0,-6.456518621838317
1,upper_200nm,linear_drift_corrected,False,160.0,-6.481436968221723
1,upper_200nm,linear_drift_corrected,False,165.0,-6.498337245397906
1,upper_200nm,linear_drift_corrected,False,170.0,-6.50955951292322
1,upper_200nm,linear_drift_corrected,False,175.0,-6.516723012276123
1,upper_200nm,linear_drift_corrected,False,180.0,-6.5211303221154076
1,upper_200nm,linear_drift_corrected,False,185.0,-6.5235950740329764
1,upper_200nm,linear_drift_corrected,False,190.0,-6.524716204586254
1,upper_200nm,linear_drift_corrected,False,195.0,-6.52494142477121
1,upper_200nm,linear_drift_corrected,False,200.0,-6.524553278108897
1,common_80_250nm,linear_drift_corrected,False,80.0,20.42170197139048
1,common_80_250nm,linear_drift_corrected,False,85.0,13.725681115279631
1,common_80_250nm,linear_drift_corrected,False,90.0,8.537948103862036
1,common_80_250nm,linear_drift_corrected,False,95.0,4.5387622655030455
1,common_80_250nm,linear_drift_corrected,False,100.0,1.453067434896063
1,common_80_250nm,linear_drift_corrected,False,105.0,-0.9302274463834506
1,common_80_250nm,linear_drift_corrected,False,110.0,-2.7688018271401935
1,common_80_250nm,linear_drift_corrected,False,115.0,-4.185626711683782
1,common_80_250nm,linear_drift_corrected,False,120.0,-5.276369685200082
1,common_80_250nm,linear_drift_corrected,False,125.0,-6.111058860255981
1,common_80_250nm,linear_drift_corrected,False,130.0,-6.753553693299548
1,common_80_250nm,linear_drift_corrected,False,135.0,-7.247654352963061
1,common_80_250nm,linear_drift_corrected,False,140.0,-7.627280113182804
1,common_80_250nm,linear_drift_corrected,False,145.0,-7.918668589874227
1,common_80_250nm,linear_drift_corrected,False,150.0,-8.141675616994954
1,common_80_250nm,linear_drift_corrected,False,155.0,-8.312017995191018
1,common_80_250nm,linear_drift_corrected,False,160.0,-8.442532026730772
1,common_80_250nm,linear_drift_corrected,False,165.0,-8.54237803037917
1,common_80_250nm,linear_drift_corrected,False,170.0,-8.618627681630324
1,common_80_250nm,linear_drift_corrected,False,175.0,-8.676736493882226
1,common_80_250nm,linear_drift_corrected,False,180.0,-8.720737591016718
1,common_80_250nm,linear_drift_corrected,False,185.0,-8.754078387412495
1,common_80_250nm,linear_drift_corrected,False,190.0,-8.779297816965158
1,common_80_250nm,linear_drift_corrected,False,195.0,-8.798286208945054
1,common_80_250nm,linear_drift_corrected,False,200.0,-8.812500215367896
1,common_80_250nm,linear_drift_corrected,False,205.0,-8.82305599896848
1,common_80_250nm,linear_drift_corrected,False,210.0,-8.830779726107176
1,common_80_250nm,linear_drift_corrected,False,215.0,-8.836400849379794
1,common_80_250nm,linear_drift_corrected,False,220.0,-8.840420345146248
1,common_80_250nm,linear_drift_corrected,False,225.0,-8.843223466048775
1,common_80_250nm,linear_drift_corrected,False,230.0,-8.845106137196654
1,common_80_250nm,linear_drift_corrected,False,235.0,-8.84628942800554
1,common_80_250nm,linear_drift_corrected,False,240.0,-8.846950512641255
1,common_80_250nm,linear_drift_corrected,False,245.0,-8.847229675355281
1,common_80_250nm,linear_drift_corrected,False,250.0,-8.847226748861608
1,no_slip_hydrodynamic,linear_then_no_slip_corrected,True,40.0,207.8760463597595
1,no_slip_hydrodynamic,linear_then_no_slip_corrected,True,45.0,145.625764569537
1,no_slip_hydrodynamic,linear_then_no_slip_corrected,True,50.0,100.69869761150423
1,no_slip_hydrodynamic,linear_then_no_slip_corrected,True,55.0,68.46855384366232
1,no_slip_hydrodynamic,linear_then_no_slip_corrected,True,60.0,45.554771743081005
1,no_slip_hydrodynamic,linear_then_no_slip_corrected,True,65.0,29.23831105747756
1,no_slip_hydrodynamic,linear_then_no_slip_corrected,True,70.0,17.65925679673498
1,no_slip_hydrodynamic,linear_then_no_slip_corrected,True,75.0,9.46540440292672
1,no_slip_hydrodynamic,linear_then_no_slip_corrected,True,80.0,3.6838159828896053
1,no_slip_hydrodynamic,linear_then_no_slip_corrected,True,85.0,-0.37594690404705133
1,no_slip_hydrodynamic,linear_then_no_slip_corrected,True,90.0,-3.236614981504643
1,no_slip_hydrodynamic,linear_then_no_slip_corrected,True,95.0,-5.249121554053262
1,no_slip_hydrodynamic,linear_then_no_slip_corrected,True,100.0,-6.662795704412346
1,no_slip_hydrodynamic,linear_then_no_slip_corrected,True,105.0,-7.653281515573239
1,no_slip_hydrodynamic,linear_then_no_slip_corrected,True,110.0,-8.345068452523162
1,no_slip_hydrodynamic,linear_then_no_slip_corrected,True,115.0,-8.829595557059479
1,no_slip_hydrodynamic,linear_then_no_slip_corrected,True,120.0,-9.168258648170745
1,no_slip_hydrodynamic,linear_then_no_slip_corrected,True,125.0,-9.404386713775498
1,no_slip_hydrodynamic,linear_then_no_slip_corrected,True,130.0,-9.56825415543168
1,no_slip_hydrodynamic,linear_then_no_slip_corrected,True,135.0,-9.681498205175346
1,no_slip_hydrodynamic,linear_then_no_slip_corrected,True,140.0,-9.759675248410911
1,no_slip_hydrodynamic,linear_then_no_slip_corrected,True,145.0,-9.813286164577978
1,no_slip_hydrodynamic,linear_then_no_slip_corrected,True,150.0,-9.849721287991798
1,no_slip_hydrodynamic,linear_then_no_slip_corrected,True,155.0,-9.87411481757037
1,no_slip_hydrodynamic,linear_then_no_slip_corrected,True,160.0,-9.890172491483796
1,no_slip_hydrodynamic,linear_then_no_slip_corrected,True,165.0,-9.900503786088267
1,no_slip_hydrodynamic,linear_then_no_slip_corrected,True,170.0,-9.906877957627371
1,no_slip_hydrodynamic,linear_then_no_slip_corrected,True,175.0,-9.910534727173737
1,no_slip_hydrodynamic,linear_then_no_slip_corrected,True,180.0,-9.912327865614321
1,no_slip_hydrodynamic,linear_then_no_slip_corrected,True,185.0,-9.912877827772066
1,no_slip_hydrodynamic,linear_then_no_slip_corrected,True,190.0,-9.912610000180445
1,no_slip_hydrodynamic,linear_then_no_slip_corrected,True,195.0,-9.911811790263451
1,no_slip_hydrodynamic,linear_then_no_slip_corrected,True,200.0,-9.910681716162026
1,no_slip_hydrodynamic,linear_then_no_slip_corrected,True,205.0,-9.909353325779128
1,no_slip_hydrodynamic,linear_then_no_slip_corrected,True,210.0,-9.907923031150268
1,no_slip_hydrodynamic,linear_then_no_slip_corrected,True,215.0,-9.906453369817669
1,no_slip_hydrodynamic,linear_then_no_slip_corrected,True,220.0,-9.904984932613687
1,no_slip_hydrodynamic,linear_then_no_slip_corrected,True,225.0,-9.903543987981534
1,no_slip_hydrodynamic,linear_then_no_slip_corrected,True,230.0,-9.90214639426642
1,no_slip_hydrodynamic,linear_then_no_slip_corrected,True,235.0,-9.900802594304785
1,no_slip_hydrodynamic,linear_then_no_slip_corrected,True,240.0,-9.899517563113942
1,no_slip_hydrodynamic,linear_then_no_slip_corrected,True,245.0,-9.898293170770456
1,no_slip_hydrodynamic,linear_then_no_slip_corrected,True,250.0,-9.897129315459873
2,primary,linear_drift_corrected,False,45.0,199.2729418623664
2,primary,linear_drift_corrected,False,50.0,148.32309922133038
2,primary,linear_drift_corrected,False,55.0,111.22157621538736
2,primary,linear_drift_corrected,False,60.0,84.27573009839445
2,primary,linear_drift_corrected,False,65.0,64.91783724835328
2,primary,linear_drift_corrected,False,70.0,50.96084563671253
2,primary,linear_drift_corrected,False,75.0,40.919835373273976
2,primary,linear_drift_corrected,False,80.0,33.77098999757109
2,primary,linear_drift_corrected,False,85.0,28.64181419762935
2,primary,linear_drift_corrected,False,90.0,24.97532490580737
2,primary,linear_drift_corrected,False,95.0,22.372575372506272
2,primary,linear_drift_corrected,False,100.0,20.512202285671385
2,primary,linear_drift_corrected,False,105.0,19.18831168417632
2,primary,linear_drift_corrected,False,110.0,18.25004343013331
2,primary,linear_drift_corrected,False,115.0,17.581505188468196
2,primary,linear_drift_corrected,False,120.0,17.107876973167492
2,primary,linear_drift_corrected,False,125.0,16.772948672295783
2,primary,linear_drift_corrected,False,130.0,16.535356945389417
2,primary,linear_drift_corrected,False,135.0,16.368140637339575
2,primary,linear_drift_corrected,False,140.0,16.25051364939071
2,primary,linear_drift_corrected,False,145.0,16.167794872017897
2,primary,linear_drift_corrected,False,150.0,16.11031611781499
2,primary,linear_drift_corrected,False,155.0,16.07042802310737
2,primary,linear_drift_corrected,False,160.0,16.042942085737455
2,primary,linear_drift_corrected,False,165.0,16.02440660858269
2,primary,linear_drift_corrected,False,170.0,16.012020097034508
2,primary,linear_drift_corrected,False,175.0,16.003961080710514
2,primary,linear_drift_corrected,False,180.0,15.998998923290587
2,primary,linear_drift_corrected,False,185.0,15.996121199335448
2,primary,linear_drift_corrected,False,190.0,15.994696465399416
2,primary,linear_drift_corrected,False,195.0,15.994279836539494
2,primary,linear_drift_corrected,False,200.0,15.994521527633067
2,primary,linear_drift_corrected,False,205.0,15.995203293298015
2,primary,linear_drift_corrected,False,210.0,15.996168049930372
2,primary,linear_drift_corrected,False,215.0,15.99729850437343
2,primary,linear_drift_corrected,False,220.0,15.99852237459441
2,primary,linear_drift_corrected,False,225.0,15.999786954931988
2,primary,linear_drift_corrected,False,230.0,16.001055596546713
2,primary,linear_drift_corrected,False,235.0,16.00230678465018
2,primary,linear_drift_corrected,False,240.0,16.003524971669904
2,primary,linear_drift_corrected,False,245.0,16.00470082805119
2,primary,linear_drift_corrected,False,250.0,16.005829924835915
2,constant_baseline,far_constant_referenced,False,45.0,230.15478515234054
2,constant_baseline,far_constant_referenced,False,50.0,180.05472982790693
2,constant_baseline,far_constant_referenced,False,55.0,143.54415226222804
2,constant_baseline,far_constant_referenced,False,60.0,116.77076622490344
2,constant_baseline,far_constant_referenced,False,65.0,97.35605399345968
2,constant_baseline,far_constant_referenced,False,70.0,83.26931267350938
2,constant_baseline,far_constant_referenced,False,75.0,73.07528876524148
2,constant_baseline,far_constant_referenced,False,80.0,65.74224264388127
2,constant_baseline,far_constant_referenced,False,85.0,60.43783515790823
2,constant_baseline,far_constant_referenced,False,90.0,56.64575667642188
2,constant_baseline,far_constant_referenced,False,95.0,53.909714761432355
2,constant_baseline,far_constant_referenced,False,100.0,51.95097264974411
2,constant_baseline,far_constant_referenced,False,105.0,50.54607186072941
2,constant_baseline,far_constant_referenced,False,110.0,49.53836171966874
2,constant_baseline,far_constant_referenced,False,115.0,48.81990709641248
2,constant_baseline,far_constant_referenced,False,120.0,48.3040429346882
2,constant_baseline,far_constant_referenced,False,125.0,47.93786128776567
2,constant_baseline,far_constant_referenced,False,130.0,47.67579964487016
2,constant_baseline,far_constant_referenced,False,135.0,47.489701956408624
2,constant_baseline,far_constant_referenced,False,140.0,47.35762182924596
2,constant_baseline,far_constant_referenced,False,145.0,47.2639630952278
2,constant_baseline,far_constant_referenced,False,150.0,47.198248641807794
2,constant_baseline,far_constant_referenced,False,155.0,47.15195190611677
2,constant_baseline,far_constant_referenced,False,160.0,47.11991417696566
2,constant_baseline,far_constant_referenced,False,165.0,47.0977515072737
2,constant_baseline,far_constant_referenced,False,170.0,47.08271412683285
2,constant_baseline,far_constant_referenced,False,175.0,47.07270732606336
2,constant_baseline,far_constant_referenced,False,180.0,47.06621845526485
2,constant_baseline,far_constant_referenced,False,185.0,47.06225822033838
2,constant_baseline,far_constant_referenced,False,190.0,47.06000875476652
2,constant_baseline,far_constant_referenced,False,195.0,47.05898319202717
2,constant_baseline,far_constant_referenced,False,200.0,47.05877323642981
2,constant_baseline,far_constant_referenced,False,205.0,47.05912157369739
2,constant_baseline,far_constant_referenced,False,210.0,47.059838126389344
2,constant_baseline,far_constant_referenced,False,215.0,47.060784745730096
2,constant_baseline,far_constant_referenced,False,220.0,47.06187571000112
2,constant_baseline,far_constant_referenced,False,225.0,47.06303937807983
2,constant_baseline,far_constant_referenced,False,230.0,47.064235942516355
2,constant_baseline,far_constant_referenced,False,235.0,47.06543295574027
2,constant_baseline,far_constant_referenced,False,240.0,47.06661134739654
2,constant_baseline,far_constant_referenced,False,245.0,47.06775846737541
2,constant_baseline,far_constant_referenced,False,250.0,47.06886584473521
2,lower_plus_10nm,linear_drift_corrected,False,55.0,117.93250519043266
2,lower_plus_10nm,linear_drift_corrected,False,60.0,85.82569815167608
2,lower_plus_10nm,linear_drift_corrected,False,65.0,63.80814763198542
2,lower_plus_10nm,linear_drift_corrected,False,70.0,48.698191845108354
2,lower_plus_10nm,linear_drift_corrected,False,75.0,38.35455499641954
2,lower_plus_10nm,linear_drift_corrected,False,80.0,31.288485964530167
2,lower_plus_10nm,linear_drift_corrected,False,85.0,26.46992675653177
2,lower_plus_10nm,linear_drift_corrected,False,90.0,23.189044672176713
2,lower_plus_10nm,linear_drift_corrected,False,95.0,20.958974529642212
2,lower_plus_10nm,linear_drift_corrected,False,100.0,19.44818845783803
2,lower_plus_10nm,linear_drift_corrected,False,105.0,18.422566600879698
2,lower_plus_10nm,linear_drift_corrected,False,110.0,17.727377480056457
2,lower_plus_10nm,linear_drift_corrected,False,115.0,17.25702476665749
2,lower_plus_10nm,linear_drift_corrected,False,120.0,16.93951715977898
2,lower_plus_10nm,linear_drift_corrected,False,125.0,16.725815541887208
2,lower_plus_10nm,linear_drift_corrected,False,130.0,16.582636258093096
2,lower_plus_10nm,linear_drift_corrected,False,135.0,16.487333419509763
2,lower_plus_10nm,linear_drift_corrected,False,140.0,16.424153485761217
2,lower_plus_10nm,linear_drift_corrected,False,145.0,16.382691831829305
2,lower_plus_10nm,linear_drift_corrected,False,150.0,16.355879182549508
2,lower_plus_10nm,linear_drift_corrected,False,155.0,16.338916697771918
2,lower_plus_10nm,linear_drift_corrected,False,160.0,16.328550269817306
2,lower_plus_10nm,linear_drift_corrected,False,165.0,16.322585886250156
2,lower_plus_10nm,linear_drift_corrected,False,170.0,16.31953018899023
2,lower_plus_10nm,linear_drift_corrected,False,175.0,16.318361065729757
2,lower_plus_10nm,linear_drift_corrected,False,180.0,16.318407506980513
2,lower_plus_10nm,linear_drift_corrected,False,185.0,16.319219265276754
2,lower_plus_10nm,linear_drift_corrected,False,190.0,16.32049568518089
2,lower_plus_10nm,linear_drift_corrected,False,195.0,16.322037315977113
2,lower_plus_10nm,linear_drift_corrected,False,200.0,16.32371390520462
2,lower_plus_10nm,linear_drift_corrected,False,205.0,16.325439608037296
2,lower_plus_10nm,linear_drift_corrected,False,210.0,16.327159356495855
2,lower_plus_10nm,linear_drift_corrected,False,215.0,16.328839891145904
2,lower_plus_10nm,linear_drift_corrected,False,220.0,16.330461505097418
2,lower_plus_10nm,linear_drift_corrected,False,225.0,16.332013423531695
2,lower_plus_10nm,linear_drift_corrected,False,230.0,16.333490691076463
2,lower_plus_10nm,linear_drift_corrected,False,235.0,16.3348921550711
2,lower_plus_10nm,linear_drift_corrected,False,240.0,16.33621883953404
2,lower_plus_10nm,linear_drift_corrected,False,245.0,16.337473220901362
2,lower_plus_10nm,linear_drift_corrected,False,250.0,16.33865862733709
2,upper_200nm,linear_drift_corrected,False,45.0,198.15295023916678
2,upper_200nm,linear_drift_corrected,False,50.0,148.70143859106395
2,upper_200nm,linear_drift_corrected,False,55.0,112.16409683959373
2,upper_200nm,linear_drift_corrected,False,60.0,85.31230639955848
2,upper_200nm,linear_drift_corrected,False,65.0,65.6383600010189
2,upper_200nm,linear_drift_corrected,False,70.0,51.28178133426554
2,upper_200nm,linear_drift_corrected,False,75.0,40.82291956634468
2,upper_200nm,linear_drift_corrected,False,80.0,33.2275860390731
2,upper_200nm,linear_drift_corrected,False,85.0,27.71547960361005
2,upper_200nm,linear_drift_corrected,False,90.0,23.725634369961305
2,upper_200nm,linear_drift_corrected,False,95.0,20.837620434160016
2,upper_200nm,linear_drift_corrected,False,100.0,18.75206827444521
2,upper_200nm,linear_drift_corrected,False,105.0,17.24536430514927
2,upper_200nm,linear_drift_corrected,False,110.0,16.159399423491553
2,upper_200nm,linear_drift_corrected,False,115.0,15.376206614678903
2,upper_200nm,linear_drift_corrected,False,120.0,14.812823049154165
2,upper_200nm,linear_drift_corrected,False,125.0,14.407329318101324
2,upper_200nm,linear_drift_corrected,False,130.0,14.11636925444335
2,upper_200nm,linear_drift_corrected,False,135.0,13.907545381858379
2,upper_200nm,linear_drift_corrected,False,140.0,13.758259298361779
2,upper_200nm,linear_drift_corrected,False,145.0,13.651596259086993
2,upper_200nm,linear_drift_corrected,False,150.0,13.575799691618919
2,upper_200nm,linear_drift_corrected,False,155.0,13.522053149786025
2,upper_200nm,linear_drift_corrected,False,160.0,13.484250557465108
2,upper_200nm,linear_drift_corrected,False,165.0,13.457803996503525
2,upper_200nm,linear_drift_corrected,False,170.0,13.439547909443895
2,upper_200nm,linear_drift_corrected,False,175.0,13.427099493686868
2,upper_200nm,linear_drift_corrected,False,180.0,13.418821575925948
2,upper_200nm,linear_drift_corrected,False,185.0,13.413479968901433
2,upper_200nm,linear_drift_corrected,False,190.0,13.410230917171798
2,upper_200nm,linear_drift_corrected,False,195.0,13.408437762601594
2,upper_200nm,linear_drift_corrected,False,200.0,13.407667999703314
2,common_80_250nm,linear_drift_corrected,False,80.0,36.217823227643784
2,common_80_250nm,linear_drift_corrected,False,85.0,28.68678093168704
2,common_80_250nm,linear_drift_corrected,False,90.0,23.980604835045032
2,common_80_250nm,linear_drift_corrected,False,95.0,21.04434592770928
2,common_80_250nm,linear_drift_corrected,False,100.0,19.215195482333655
2,common_80_250nm,linear_drift_corrected,False,105.0,18.077656906467954
2,common_80_250nm,linear_drift_corrected,False,110.0,17.3717001315451
2,common_80_250nm,linear_drift_corrected,False,115.0,16.934792261782643
2,common_80_250nm,linear_drift_corrected,False,120.0,16.665437918645285
2,common_80_250nm,linear_drift_corrected,False,125.0,16.50030799817853
2,common_80_250nm,linear_drift_corrected,False,130.0,16.400018435992827
2,common_80_250nm,linear_drift_corrected,False,135.0,16.339772750814713
2,common_80_250nm,linear_drift_corrected,False,140.0,16.304295057927135
2,common_80_250nm,linear_drift_corrected,False,145.0,16.28407727279063
2,common_80_250nm,linear_drift_corrected,False,150.0,16.273208356091953
2,common_80_250nm,linear_drift_corrected,False,155.0,16.268019367986025
2,common_80_250nm,linear_drift_corrected,False,160.0,16.26623803843428
2,common_80_250nm,linear_drift_corrected,False,165.0,16.266461438592714
2,common_80_250nm,linear_drift_corrected,False,170.0,16.26782718803194
2,common_80_250nm,linear_drift_corrected,False,175.0,16.269808541979074
2,common_80_250nm,linear_drift_corrected,False,180.0,16.272086758333828
2,common_80_250nm,linear_drift_corrected,False,185.0,16.274471661194983
2,common_80_250nm,linear_drift_corrected,False,190.0,16.276852250146778
2,common_80_250nm,linear_drift_corrected,False,195.0,16.27916602832227
2,common_80_250nm,linear_drift_corrected,False,200.0,16.281380084909216
2,common_80_250nm,linear_drift_corrected,False,205.0,16.283478980710875
2,common_80_250nm,linear_drift_corrected,False,210.0,16.285457873182754
2,common_80_250nm,linear_drift_corrected,False,215.0,16.28731797376347
2,common_80_250nm,linear_drift_corrected,False,220.0,16.289063776574853
2,common_80_250nm,linear_drift_corrected,False,225.0,16.2907014351089
2,common_80_250nm,linear_drift_corrected,False,230.0,16.292237799195775
2,common_80_250nm,linear_drift_corrected,False,235.0,16.293679855776197
2,common_80_250nm,linear_drift_corrected,False,240.0,16.295034414543483
2,common_80_250nm,linear_drift_corrected,False,245.0,16.296307940835657
2,common_80_250nm,linear_drift_corrected,False,250.0,16.297506476391007
2,no_slip_hydrodynamic,linear_then_no_slip_corrected,True,45.0,192.7550321516713
2,no_slip_hydrodynamic,linear_then_no_slip_corrected,True,50.0,142.0628076223884
2,no_slip_hydrodynamic,linear_then_no_slip_corrected,True,55.0,105.47595010659815
2,no_slip_hydrodynamic,linear_then_no_slip_corrected,True,60.0,79.1999513033447
2,no_slip_hydrodynamic,linear_then_no_slip_corrected,True,65.0,60.40972318661722
2,no_slip_hydrodynamic,linear_then_no_slip_corrected,True,70.0,47.085906253908014
2,no_slip_hydrodynamic,linear_then_no_slip_corrected,True,75.0,37.59910991888003
2,no_slip_hydrodynamic,linear_then_no_slip_corrected,True,80.0,30.861859530558
2,no_slip_hydrodynamic,linear_then_no_slip_corrected,True,85.0,26.08848717343534
2,no_slip_hydrodynamic,linear_then_no_slip_corrected,True,90.0,22.729294851983333
2,no_slip_hydrodynamic,linear_then_no_slip_corrected,True,95.0,20.35225415658915
2,no_slip_hydrodynamic,linear_then_no_slip_corrected,True,100.0,18.67304176430388
2,no_slip_hydrodynamic,linear_then_no_slip_corrected,True,105.0,17.48893794276526
2,no_slip_hydrodynamic,linear_then_no_slip_corrected,True,110.0,16.65925984479639
2,no_slip_hydrodynamic,linear_then_no_slip_corrected,True,115.0,16.074691779497147
2,no_slip_hydrodynamic,linear_then_no_slip_corrected,True,120.0,15.663645199404694
2,no_slip_hydrodynamic,linear_then_no_slip_corrected,True,125.0,15.375341709900635
2,no_slip_hydrodynamic,linear_then_no_slip_corrected,True,130.0,15.174620130288265
2,no_slip_hydrodynamic,linear_then_no_slip_corrected,True,135.0,15.034305476002277
2,no_slip_hydrodynamic,linear_then_no_slip_corrected,True,140.0,14.936630700882684
2,no_slip_hydrodynamic,linear_then_no_slip_corrected,True,145.0,14.869025109962395
2,no_slip_hydrodynamic,linear_then_no_slip_corrected,True,150.0,14.822788905435985
2,no_slip_hydrodynamic,linear_then_no_slip_corrected,True,155.0,14.7912227962003
2,no_slip_hydrodynamic,linear_then_no_slip_corrected,True,160.0,14.769953196389842
2,no_slip_hydrodynamic,linear_then_no_slip_corrected,True,165.0,14.755893533813985
2,no_slip_hydrodynamic,linear_then_no_slip_corrected,True,170.0,14.746910350882796
2,no_slip_hydrodynamic,linear_then_no_slip_corrected,True,175.0,14.741367377670095
2,no_slip_hydrodynamic,linear_then_no_slip_corrected,True,180.0,14.738200492540491
2,no_slip_hydrodynamic,linear_then_no_slip_corrected,True,185.0,14.736662464195886
2,no_slip_hydrodynamic,linear_then_no_slip_corrected,True,190.0,14.736239314746642
2,no_slip_hydrodynamic,linear_then_no_slip_corrected,True,195.0,14.73653951287422
2,no_slip_hydrodynamic,linear_then_no_slip_corrected,True,200.0,14.737311342608237
2,no_slip_hydrodynamic,linear_then_no_slip_corrected,True,205.0,14.738380332206829
2,no_slip_hydrodynamic,linear_then_no_slip_corrected,True,210.0,14.739628416896704
2,no_slip_hydrodynamic,linear_then_no_slip_corrected,True,215.0,14.740967106462088
2,no_slip_hydrodynamic,linear_then_no_slip_corrected,True,220.0,14.742341562014765
2,no_slip_hydrodynamic,linear_then_no_slip_corrected,True,225.0,14.743715320889892
2,no_slip_hydrodynamic,linear_then_no_slip_corrected,True,230.0,14.745065157216121
2,no_slip_hydrodynamic,linear_then_no_slip_corrected,True,235.0,14.746374632216021
2,no_slip_hydrodynamic,linear_then_no_slip_corrected,True,240.0,14.747635086935343
2,no_slip_hydrodynamic,linear_then_no_slip_corrected,True,245.0,14.748841947828504
2,no_slip_hydrodynamic,linear_then_no_slip_corrected,True,250.0,14.749993488773283
3,primary,linear_drift_corrected,False,50.0,192.06432991471289
3,primary,linear_drift_corrected,False,55.0,155.43331608944146
3,primary,linear_drift_corrected,False,60.0,127.39788470820957
3,primary,linear_drift_corrected,False,65.0,106.02879729802272
3,primary,linear_drift_corrected,False,70.0,89.79715088184588
3,primary,linear_drift_corrected,False,75.0,77.50374129572964
3,primary,linear_drift_corrected,False,80.0,68.21587530905651
3,primary,linear_drift_corrected,False,85.0,61.232836412610546
3,primary,linear_drift_corrected,False,90.0,55.972615021392784
3,primary,linear_drift_corrected,False,95.0,52.0158225693364
3,primary,linear_drift_corrected,False,100.0,49.04310190295114
3,primary,linear_drift_corrected,False,105.0,46.81205916974491
3,primary,linear_drift_corrected,False,110.0,45.13920783353914
3,primary,linear_drift_corrected,False,115.0,43.88595657888966
3,primary,linear_drift_corrected,False,120.0,42.94781132014222
3,primary,linear_drift_corrected,False,125.0,42.24610119039772
3,primary,linear_drift_corrected,False,130.0,41.72290969116493
3,primary,linear_drift_corrected,False,135.0,41.332150808833674
3,primary,linear_drift_corrected,False,140.0,41.04038468536784
3,primary,linear_drift_corrected,False,145.0,40.82277220829987
3,primary,linear_drift_corrected,False,150.0,40.660677357625914
3,primary,linear_drift_corrected,False,155.0,40.54012497188945
3,primary,linear_drift_corrected,False,160.0,40.45063969694707
3,primary,linear_drift_corrected,False,165.0,40.38437274702148
3,primary,linear_drift_corrected,False,170.0,40.335445646071065
3,primary,linear_drift_corrected,False,175.0,40.29952969773973
3,primary,linear_drift_corrected,False,180.0,40.273253580960635
3,primary,linear_drift_corrected,False,185.0,40.25412202747241
3,primary,linear_drift_corrected,False,190.0,40.24030695640231
3,primary,linear_drift_corrected,False,195.0,40.23044118798235
3,primary,linear_drift_corrected,False,200.0,40.22350285148845
3,primary,linear_drift_corrected,False,205.0,40.21872870292494
3,primary,linear_drift_corrected,False,210.0,40.21554913774115
3,primary,linear_drift_corrected,False,215.0,40.21353948015351
3,primary,linear_drift_corrected,False,220.0,40.21238736627844
3,primary,linear_drift_corrected,False,225.0,40.21185515583347
3,primary,linear_drift_corrected,False,230.0,40.21176405090972
3,primary,linear_drift_corrected,False,235.0,40.21198579723664
3,primary,linear_drift_corrected,False,240.0,40.212425573753485
3,primary,linear_drift_corrected,False,245.0,40.21301350873859
3,primary,linear_drift_corrected,False,250.0,40.21369832943113
3,constant_baseline,far_constant_referenced,False,50.0,214.70610080705003
3,constant_baseline,far_constant_referenced,False,55.0,180.19389604320665
3,constant_baseline,far_constant_referenced,False,60.0,153.20024332232322
3,constant_baseline,far_constant_referenced,False,65.0,132.23646089081313
3,constant_baseline,far_constant_referenced,False,70.0,115.95687206272159
3,constant_baseline,far_constant_referenced,False,75.0,103.35321551924245
3,constant_baseline,far_constant_referenced,False,80.0,93.62054994432756
3,constant_baseline,far_constant_referenced,False,85.0,86.12122872262668
3,constant_baseline,far_constant_referenced,False,90.0,80.35338363146485
3,constant_baseline,far_constant_referenced,False,95.0,75.92413749074058
3,constant_baseline,far_constant_referenced,False,100.0,72.52731650498828
3,constant_baseline,far_constant_referenced,False,105.0,69.92520953882156
3,constant_baseline,far_constant_referenced,False,110.0,67.93644206605109
3,constant_baseline,far_constant_referenced,False,115.0,66.41755056677145
3,constant_baseline,far_constant_referenced,False,120.0,65.25596805301892
3,constant_baseline,far_constant_referenced,False,125.0,64.3682891165606
3,constant_baseline,far_constant_referenced,False,130.0,63.69040495659945
3,constant_baseline,far_constant_referenced,False,135.0,63.173097668527824
3,constant_baseline,far_constant_referenced,False,140.0,62.77861899212128
3,constant_baseline,far_constant_referenced,False,145.0,62.4780415571101
3,constant_baseline,far_constant_referenced,False,150.0,62.24921325307327
3,constant_baseline,far_constant_referenced,False,155.0,62.07518056882865
3,constant_baseline,far_constant_referenced,False,160.0,61.9433320872322
3,constant_baseline,far_constant_referenced,False,165.0,61.84325318246495
3,constant_baseline,far_constant_referenced,False,170.0,61.767383998376935
3,constant_baseline,far_constant_referenced,False,175.0,61.70998395655334
3,constant_baseline,far_constant_referenced,False,180.0,61.66666452206536
3,constant_baseline,far_constant_referenced,False,185.0,61.63407205901882
3,constant_baseline,far_constant_referenced,False,190.0,61.60964478367511
3,constant_baseline,far_constant_referenced,False,195.0,61.59142658983269
3,constant_baseline,far_constant_referenced,False,200.0,61.577924496500536
3,constant_baseline,far_constant_referenced,False,205.0,61.56801180513703
3,constant_baseline,far_constant_referenced,False,210.0,61.56081930503846
3,constant_baseline,far_constant_referenced,False,215.0,61.55566140249134
3,constant_baseline,far_constant_referenced,False,220.0,61.55203872386548
3,constant_baseline,far_constant_referenced,False,225.0,61.54957087549653
3,constant_baseline,far_constant_referenced,False,230.0,61.54796836563983
3,constant_baseline,far_constant_referenced,False,235.0,61.54701112284834
3,constant_baseline,far_constant_referenced,False,240.0,61.54653206581085
3,constant_baseline,far_constant_referenced,False,245.0,61.54640454051764
3,constant_baseline,far_constant_referenced,False,250.0,61.546532717442105
3,lower_plus_10nm,linear_drift_corrected,False,60.0,123.6865693633538
3,lower_plus_10nm,linear_drift_corrected,False,65.0,104.29990283169838
3,lower_plus_10nm,linear_drift_corrected,False,70.0,89.30719444892246
3,lower_plus_10nm,linear_drift_corrected,False,75.0,77.74799475208539
3,lower_plus_10nm,linear_drift_corrected,False,80.0,68.85875066740398
3,lower_plus_10nm,linear_drift_corrected,False,85.0,62.03732874387828
3,lower_plus_10nm,linear_drift_corrected,False,90.0,56.81202807078368
3,lower_plus_10nm,linear_drift_corrected,False,95.0,52.822933680675334
3,lower_plus_10nm,linear_drift_corrected,False,100.0,49.773773647491836
3,lower_plus_10nm,linear_drift_corrected,False,105.0,47.44554130497359
3,lower_plus_10nm,linear_drift_corrected,False,110.0,45.669410044592944
3,lower_plus_10nm,linear_drift_corrected,False,115.0,44.31555314070754
3,lower_plus_10nm,linear_drift_corrected,False,120.0,43.28433346796898
3,lower_plus_10nm,linear_drift_corrected,False,125.0,42.49940758463783
3,lower_plus_10nm,linear_drift_corrected,False,130.0,41.902357588858614
3,lower_plus_10nm,linear_drift_corrected,False,135.0,41.44853061712885
3,lower_plus_10nm,linear_drift_corrected,False,140.0,41.10382571367387
3,lower_plus_10nm,linear_drift_corrected,False,145.0,40.842219413714055
3,lower_plus_10nm,linear_drift_corrected,False,150.0,40.64386456983539
3,lower_plus_10nm,linear_drift_corrected,False,155.0,40.49363230783836
3,lower_plus_10nm,linear_drift_corrected,False,160.0,40.37999548097575
3,lower_plus_10nm,linear_drift_corrected,False,165.0,40.29429105486049
3,lower_plus_10nm,linear_drift_corrected,False,170.0,40.22970432211414
3,lower_plus_10nm,linear_drift_corrected,False,175.0,40.181105065198125
3,lower_plus_10nm,linear_drift_corrected,False,180.0,40.144644032307696
3,lower_plus_10nm,linear_drift_corrected,False,185.0,40.11739149644186
3,lower_plus_10nm,linear_drift_corrected,False,190.0,40.097118380721504
3,lower_plus_10nm,linear_drift_corrected,False,195.0,40.08212933894025
3,lower_plus_10nm,linear_drift_corrected,False,200.0,40.07113549781667
3,lower_plus_10nm,linear_drift_corrected,False,205.0,40.06315746306749
3,lower_plus_10nm,linear_drift_corrected,False,210.0,40.05745140987462
3,lower_plus_10nm,linear_drift_corrected,False,215.0,40.05345277609608
3,lower_plus_10nm,linear_drift_corrected,False,220.0,40.050733374739146
3,lower_plus_10nm,linear_drift_corrected,False,225.0,40.048968734131535
3,lower_plus_10nm,linear_drift_corrected,False,230.0,40.04791323170827
3,lower_plus_10nm,linear_drift_corrected,False,235.0,40.0473824872968
3,lower_plus_10nm,linear_drift_corrected,False,240.0,40.047236228423365
3,lower_plus_10nm,linear_drift_corrected,False,245.0,40.04736626159212
3,lower_plus_10nm,linear_drift_corrected,False,250.0,40.04769366477547
3,upper_200nm,linear_drift_corrected,False,50.0,191.7609869324661
3,upper_200nm,linear_drift_corrected,False,55.0,155.45182541609978
3,upper_200nm,linear_drift_corrected,False,60.0,127.57688360999398
3,upper_200nm,linear_drift_corrected,False,65.0,106.26391514556644
3,upper_200nm,linear_drift_corrected,False,70.0,90.02390357511383
3,upper_200nm,linear_drift_corrected,False,75.0,77.68495328243989
3,upper_200nm,linear_drift_corrected,False,80.0,68.33258809907912
3,upper_200nm,linear_drift_corrected,False,85.0,61.25822755505301
3,upper_200nm,linear_drift_corrected,False,90.0,55.916043937021385
3,upper_200nm,linear_drift_corrected,False,95.0,51.88762635600532
3,upper_200nm,linear_drift_corrected,False,100.0,48.85352936903041
3,upper_200nm,linear_drift_corrected,False,105.0,46.570674558527514
3,upper_200nm,linear_drift_corrected,False,110.0,44.8545973297728
3,upper_200nm,linear_drift_corrected,False,115.0,43.56781891295352
3,upper_200nm,linear_drift_corrected,False,120.0,42.60187919834141
3,upper_200nm,linear_drift_corrected,False,125.0,41.87694813843825
3,upper_200nm,linear_drift_corrected,False,130.0,41.333292971469035
3,upper_200nm,linear_drift_corrected,False,135.0,40.92590422593623
3,upper_200nm,linear_drift_corrected,False,140.0,40.62089310385265
3,upper_200nm,linear_drift_corrected,False,145.0,40.39276034501478
3,upper_200nm,linear_drift_corrected,False,150.0,40.22232973535017
3,upper_200nm,linear_drift_corrected,False,155.0,40.09518691160103
3,upper_200nm,linear_drift_corrected,False,160.0,40.000501353666856
3,upper_200nm,linear_drift_corrected,False,165.0,39.93013838510544
3,upper_200nm,linear_drift_corrected,False,170.0,39.87799031325934
3,upper_200nm,linear_drift_corrected,False,175.0,39.839481566511914
3,upper_200nm,linear_drift_corrected,False,180.0,39.811218639724174
3,upper_200nm,linear_drift_corrected,False,185.0,39.79053601080091
3,upper_200nm,linear_drift_corrected,False,190.0,39.77551123653236
3,upper_200nm,linear_drift_corrected,False,195.0,39.76470288050074
3,upper_200nm,linear_drift_corrected,False,200.0,39.757030729215444
3,common_80_250nm,linear_drift_corrected,False,80.0,65.7899713012009
3,common_80_250nm,linear_drift_corrected,False,85.0,60.43792269201177
3,common_80_250nm,linear_drift_corrected,False,90.0,56.144966087036465
3,common_80_250nm,linear_drift_corrected,False,95.0,52.762732394394654
3,common_80_250nm,linear_drift_corrected,False,100.0,50.057147657212994
3,common_80_250nm,linear_drift_corrected,False,105.0,47.925433064398376
3,common_80_250nm,linear_drift_corrected,False,110.0,46.22893532022089
3,common_80_250nm,linear_drift_corrected,False,115.0,44.891026525681596
3,common_80_250nm,linear_drift_corrected,False,120.0,43.831197212322195
3,common_80_250nm,linear_drift_corrected,False,125.0,42.99412489543199
3,common_80_250nm,linear_drift_corrected,False,130.0,42.33392722549346
3,common_80_250nm,linear_drift_corrected,False,135.0,41.81152785007835
3,common_80_250nm,linear_drift_corrected,False,140.0,41.40127834276936
3,common_80_250nm,linear_drift_corrected,False,145.0,41.0760056627163
3,common_80_250nm,linear_drift_corrected,False,150.0,40.82168335171932
3,common_80_250nm,linear_drift_corrected,False,155.0,40.619882694081774
3,common_80_250nm,linear_drift_corrected,False,160.0,40.46239441331881
3,common_80_250nm,linear_drift_corrected,False,165.0,40.33774537397879
3,common_80_250nm,linear_drift_corrected,False,170.0,40.24034605596621
3,common_80_250nm,linear_drift_corrected,False,175.0,40.163641243088115
3,common_80_250nm,linear_drift_corrected,False,180.0,40.10366130885801
3,common_80_250nm,linear_drift_corrected,False,185.0,40.05670321095395
3,common_80_250nm,linear_drift_corrected,False,190.0,40.01998811567757
3,common_80_250nm,linear_drift_corrected,False,195.0,39.99145289078735
3,common_80_250nm,linear_drift_corrected,False,200.0,39.9691744467084
3,common_80_250nm,linear_drift_corrected,False,205.0,39.95202332754832
3,common_80_250nm,linear_drift_corrected,False,210.0,39.9386811005832
3,common_80_250nm,linear_drift_corrected,False,215.0,39.928543725009334
3,common_80_250nm,linear_drift_corrected,False,220.0,39.920737541843145
3,common_80_250nm,linear_drift_corrected,False,225.0,39.914880629622346
3,common_80_250nm,linear_drift_corrected,False,230.0,39.91046720756144
3,common_80_250nm,linear_drift_corrected,False,235.0,39.907228181598
3,common_80_250nm,linear_drift_corrected,False,240.0,39.90487831846869
3,common_80_250nm,linear_drift_corrected,False,245.0,39.90322900003212
3,common_80_250nm,linear_drift_corrected,False,250.0,39.90212181579348
3,no_slip_hydrodynamic,linear_then_no_slip_corrected,True,50.0,170.19879896585476
3,no_slip_hydrodynamic,linear_then_no_slip_corrected,True,55.0,133.28834925139807
3,no_slip_hydrodynamic,linear_then_no_slip_corrected,True,60.0,106.22152095980397
3,no_slip_hydrodynamic,linear_then_no_slip_corrected,True,65.0,86.593620609917
3,no_slip_hydrodynamic,linear_then_no_slip_corrected,True,70.0,72.35181329801787
3,no_slip_hydrodynamic,linear_then_no_slip_corrected,True,75.0,62.04528113813822
3,no_slip_hydrodynamic,linear_then_no_slip_corrected,True,80.0,54.63107980263355
3,no_slip_hydrodynamic,linear_then_no_slip_corrected,True,85.0,49.26781747515271
3,no_slip_hydrodynamic,linear_then_no_slip_corrected,True,90.0,45.43355529932609
3,no_slip_hydrodynamic,linear_then_no_slip_corrected,True,95.0,42.6669994173231
3,no_slip_hydrodynamic,linear_then_no_slip_corrected,True,100.0,40.68635501139494
3,no_slip_hydrodynamic,linear_then_no_slip_corrected,True,105.0,39.265699508801625
3,no_slip_hydrodynamic,linear_then_no_slip_corrected,True,110.0,38.24665384414465
3,no_slip_hydrodynamic,linear_then_no_slip_corrected,True,115.0,37.52008669769161
3,no_slip_hydrodynamic,linear_then_no_slip_corrected,True,120.0,36.99837260803115
3,no_slip_hydrodynamic,linear_then_no_slip_corrected,True,125.0,36.628015847880754
3,no_slip_hydrodynamic,linear_then_no_slip_corrected,True,130.0,36.36294647265487
3,no_slip_hydrodynamic,linear_then_no_slip_corrected,True,135.0,36.17469500396405
3,no_slip_hydrodynamic,linear_then_no_slip_corrected,True,140.0,36.041069831587365
3,no_slip_hydrodynamic,linear_then_no_slip_corrected,True,145.0,35.9463007388144
3,no_slip_hydrodynamic,linear_then_no_slip_corrected,True,150.0,35.879793099534
3,no_slip_hydrodynamic,linear_then_no_slip_corrected,True,155.0,35.83292490098365
3,no_slip_hydrodynamic,linear_then_no_slip_corrected,True,160.0,35.80047942684316
3,no_slip_hydrodynamic,linear_then_no_slip_corrected,True,165.0,35.77802333447312
3,no_slip_hydrodynamic,linear_then_no_slip_corrected,True,170.0,35.762775824047864
3,no_slip_hydrodynamic,linear_then_no_slip_corrected,True,175.0,35.752618411704105
3,no_slip_hydrodynamic,linear_then_no_slip_corrected,True,180.0,35.74602127275168
3,no_slip_hydrodynamic,linear_then_no_slip_corrected,True,185.0,35.741983752684895
3,no_slip_hydrodynamic,linear_then_no_slip_corrected,True,190.0,35.739678608099055
3,no_slip_hydrodynamic,linear_then_no_slip_corrected,True,195.0,35.73861330233842
3,no_slip_hydrodynamic,linear_then_no_slip_corrected,True,200.0,35.73837476372406
3,no_slip_hydrodynamic,linear_then_no_slip_corrected,True,205.0,35.738702622556445
3,no_slip_hydrodynamic,linear_then_no_slip_corrected,True,210.0,35.73940450569026
3,no_slip_hydrodynamic,linear_then_no_slip_corrected,True,215.0,35.7403405745868
3,no_slip_hydrodynamic,linear_then_no_slip_corrected,True,220.0,35.74142401193646
3,no_slip_hydrodynamic,linear_then_no_slip_corrected,True,225.0,35.742582256939954
3,no_slip_hydrodynamic,linear_then_no_slip_corrected,True,230.0,35.74377494859524
3,no_slip_hydrodynamic,linear_then_no_slip_corrected,True,235.0,35.74496917801067
3,no_slip_hydrodynamic,linear_then_no_slip_corrected,True,240.0,35.74614557420071
3,no_slip_hydrodynamic,linear_then_no_slip_corrected,True,245.0,35.74729126551781
3,no_slip_hydrodynamic,linear_then_no_slip_corrected,True,250.0,35.74839761484503
4,primary,linear_drift_corrected,False,50.0,158.02874870428423
4,primary,linear_drift_corrected,False,55.0,116.74628669498665
4,primary,linear_drift_corrected,False,60.0,86.06367876824052
4,primary,linear_drift_corrected,False,65.0,63.152814882186945
4,primary,linear_drift_corrected,False,70.0,46.10146419978679
4,primary,linear_drift_corrected,False,75.0,33.556630824340516
4,primary,linear_drift_corrected,False,80.0,24.258725747105302
4,primary,linear_drift_corrected,False,85.0,17.387564190908208
4,primary,linear_drift_corrected,False,90.0,12.358710383195914
4,primary,linear_drift_corrected,False,95.0,8.648518702569847
4,primary,linear_drift_corrected,False,100.0,5.918365414130932
4,primary,linear_drift_corrected,False,105.0,3.9259501103707093
4,primary,linear_drift_corrected,False,110.0,2.460136973349555
4,primary,linear_drift_corrected,False,115.0,1.3847109922825425
4,primary,linear_drift_corrected,False,120.0,0.6014315063289883
4,primary,linear_drift_corrected,False,125.0,0.0265460192866267
4,primary,linear_drift_corrected,False,130.0,-0.39399873161652055
4,primary,linear_drift_corrected,False,135.0,-0.6995821741237647
4,primary,linear_drift_corrected,False,140.0,-0.923149875001321
4,primary,linear_drift_corrected,False,145.0,-1.0860010981883037
4,primary,linear_drift_corrected,False,150.0,-1.2038272413724722
4,primary,linear_drift_corrected,False,155.0,-1.289529055955842
4,primary,linear_drift_corrected,False,160.0,-1.3514650546388192
4,primary,linear_drift_corrected,False,165.0,-1.3958646441391955
4,primary,linear_drift_corrected,False,170.0,-1.4277632884251337
4,primary,linear_drift_corrected,False,175.0,-1.4504301342273473
4,primary,linear_drift_corrected,False,180.0,-1.4663298159170466
4,primary,linear_drift_corrected,False,185.0,-1.4774209288795621
4,primary,linear_drift_corrected,False,190.0,-1.4849766195538538
4,primary,linear_drift_corrected,False,195.0,-1.4899674227391768
4,primary,linear_drift_corrected,False,200.0,-1.4931510391373095
4,primary,linear_drift_corrected,False,205.0,-1.4950197338349402
4,primary,linear_drift_corrected,False,210.0,-1.4959525957662476
4,primary,linear_drift_corrected,False,215.0,-1.4962398716390939
4,primary,linear_drift_corrected,False,220.0,-1.4960693332448418
4,primary,linear_drift_corrected,False,225.0,-1.4955867884675806
4,primary,linear_drift_corrected,False,230.0,-1.4949012852029817
4,primary,linear_drift_corrected,False,235.0,-1.4940825142620575
4,primary,linear_drift_corrected,False,240.0,-1.4931848350034616
4,primary,linear_drift_corrected,False,245.0,-1.4922475787715592
4,primary,linear_drift_corrected,False,250.0,-1.4912951047380618
4,constant_baseline,far_constant_referenced,False,50.0,225.16906733227256
4,constant_baseline,far_constant_referenced,False,55.0,188.258373006456
4,constant_baseline,far_constant_referenced,False,60.0,159.17333991463835
4,constant_baseline,far_constant_referenced,False,65.0,136.3538918129874
4,constant_baseline,far_constant_referenced,False,70.0,118.59477632758035
4,constant_baseline,far_constant_referenced,False,75.0,104.74375919250465
4,constant_baseline,far_constant_referenced,False,80.0,93.96577533627419
4,constant_baseline,far_constant_referenced,False,85.0,85.59872748675167
4,constant_baseline,far_constant_referenced,False,90.0,79.11649080592179
4,constant_baseline,far_constant_referenced,False,95.0,74.10676404409345
4,constant_baseline,far_constant_referenced,False,100.0,70.25344257765315
4,constant_baseline,far_constant_referenced,False,105.0,67.2771907969208
4,constant_baseline,far_constant_referenced,False,110.0,64.98108937230177
4,constant_baseline,far_constant_referenced,False,115.0,63.2115762688353
4,constant_baseline,far_constant_referenced,False,120.0,61.849189892808795
4,constant_baseline,far_constant_referenced,False,125.0,60.80301038740432
4,constant_baseline,far_constant_referenced,False,130.0,60.00101928181104
4,constant_baseline,far_constant_referenced,False,135.0,59.3841233149905
4,constant_baseline,far_constant_referenced,False,140.0,58.910008069186205
4,constant_baseline,far_constant_referenced,False,145.0,58.54594541080431
4,constant_baseline,far_constant_referenced,False,150.0,58.26664702340114
4,constant_baseline,far_constant_referenced,False,155.0,58.05319269509888
4,constant_baseline,far_constant_referenced,False,160.0,57.88998649251358
4,constant_baseline,far_constant_referenced,False,165.0,57.76499355385908
4,constant_baseline,far_constant_referenced,False,170.0,57.66940735328043
4,constant_baseline,far_constant_referenced,False,175.0,57.59643455622119
4,constant_baseline,far_constant_referenced,False,180.0,57.54083810278241
4,constant_baseline,far_constant_referenced,False,185.0,57.49875342355955
4,constant_baseline,far_constant_referenced,False,190.0,57.46685926265818
4,constant_baseline,far_constant_referenced,False,195.0,57.4427373841454
4,constant_baseline,far_constant_referenced,False,200.0,57.424576394304935
4,constant_baseline,far_constant_referenced,False,205.0,57.41098125338494
4,constant_baseline,far_constant_referenced,False,210.0,57.40087831848605
4,constant_baseline,far_constant_referenced,False,215.0,57.39348642547011
4,constant_baseline,far_constant_referenced,False,220.0,57.388105610572666
4,constant_baseline,far_constant_referenced,False,225.0,57.384255444773
4,constant_baseline,far_constant_referenced,False,230.0,57.38156767495678
4,constant_baseline,far_constant_referenced,False,235.0,57.37975953694303
4,constant_baseline,far_constant_referenced,False,240.0,57.3786164777012
4,constant_baseline,far_constant_referenced,False,245.0,57.37797659631419
4,constant_baseline,far_constant_referenced,False,250.0,57.3777019669964
4,lower_plus_10nm,linear_drift_corrected,False,60.0,76.28157691453276
4,lower_plus_10nm,linear_drift_corrected,False,65.0,59.083639758104795
4,lower_plus_10nm,linear_drift_corrected,False,70.0,45.558918100513225
4,lower_plus_10nm,linear_drift_corrected,False,75.0,34.995101821557846
4,lower_plus_10nm,linear_drift_corrected,False,80.0,26.71540968978418
4,lower_plus_10nm,linear_drift_corrected,False,85.0,20.243593245071196
4,lower_plus_10nm,linear_drift_corrected,False,90.0,15.196844242709808
4,lower_plus_10nm,linear_drift_corrected,False,95.0,11.295930903811346
4,lower_plus_10nm,linear_drift_corrected,False,100.0,8.259052227798719
4,lower_plus_10nm,linear_drift_corrected,False,105.0,5.898675156413348
4,lower_plus_10nm,linear_drift_corrected,False,110.0,4.066780399355417
4,lower_plus_10nm,linear_drift_corrected,False,115.0,2.6544334026419607
4,lower_plus_10nm,linear_drift_corrected,False,120.0,1.5608613625019547
4,lower_plus_10nm,linear_drift_corrected,False,125.0,0.7133795603187343
4,lower_plus_10nm,linear_drift_corrected,False,130.0,0.05737048517776078
4,lower_plus_10nm,linear_drift_corrected,False,135.0,-0.4479375707898692
4,lower_plus_10nm,linear_drift_corrected,False,140.0,-0.8374679795053934
4,lower_plus_10nm,linear_drift_corrected,False,145.0,-1.1386519017705217
4,lower_plus_10nm,linear_drift_corrected,False,150.0,-1.3712305101622466
4,lower_plus_10nm,linear_drift_corrected,False,155.0,-1.5501910810741233
4,lower_plus_10nm,linear_drift_corrected,False,160.0,-1.6874411565373375
4,lower_plus_10nm,linear_drift_corrected,False,165.0,-1.7932083594663752
4,lower_plus_10nm,linear_drift_corrected,False,170.0,-1.874561462639692
4,lower_plus_10nm,linear_drift_corrected,False,175.0,-1.936964316332906
4,lower_plus_10nm,linear_drift_corrected,False,180.0,-1.9844350016232317
4,lower_plus_10nm,linear_drift_corrected,False,185.0,-2.0207626959646037
4,lower_plus_10nm,linear_drift_corrected,False,190.0,-2.048465446658241
4,lower_plus_10nm,linear_drift_corrected,False,195.0,-2.069501630499607
4,lower_plus_10nm,linear_drift_corrected,False,200.0,-2.0852860884406073
4,lower_plus_10nm,linear_drift_corrected,False,205.0,-2.097144412692413
4,lower_plus_10nm,linear_drift_corrected,False,210.0,-2.1059932806327293
4,lower_plus_10nm,linear_drift_corrected,False,215.0,-2.1125262597715766
4,lower_plus_10nm,linear_drift_corrected,False,220.0,-2.1172534185150926
4,lower_plus_10nm,linear_drift_corrected,False,225.0,-2.120620754198065
4,lower_plus_10nm,linear_drift_corrected,False,230.0,-2.1229647485627314
4,lower_plus_10nm,linear_drift_corrected,False,235.0,-2.1245290693720986
4,lower_plus_10nm,linear_drift_corrected,False,240.0,-2.12549588528334
4,lower_plus_10nm,linear_drift_corrected,False,245.0,-2.126013009130436
4,lower_plus_10nm,linear_drift_corrected,False,250.0,-2.126202484261989
4,upper_200nm,linear_drift_corrected,False,50.0,160.89058722075512
4,upper_200nm,linear_drift_corrected,False,55.0,116.38919398495221
4,upper_200nm,linear_drift_corrected,False,60.0,84.0514241608976
4,upper_200nm,linear_drift_corrected,False,65.0,60.82854419543777
4,upper_200nm,linear_drift_corrected,False,70.0,44.04627157245423
4,upper_200nm,linear_drift_corrected,False,75.0,31.979041475313018
4,upper_200nm,linear_drift_corrected,False,80.0,23.364585573675292
4,upper_200nm,linear_drift_corrected,False,85.0,17.179174606660315
4,upper_200nm,linear_drift_corrected,False,90.0,12.761608081148287
4,upper_200nm,linear_drift_corrected,False,95.0,9.61629548902439
4,upper_200nm,linear_drift_corrected,False,100.0,7.3665538948112665
4,upper_200nm,linear_drift_corrected,False,105.0,5.767442168279368
4,upper_200nm,linear_drift_corrected,False,110.0,4.630190240129686
4,upper_200nm,linear_drift_corrected,False,115.0,3.8191851501828245
4,upper_200nm,linear_drift_corrected,False,120.0,3.2452931018649256
4,upper_200nm,linear_drift_corrected,False,125.0,2.837724511567317
4,upper_200nm,linear_drift_corrected,False,130.0,2.548192425419421
4,upper_200nm,linear_drift_corrected,False,135.0,2.3445490726884035
4,upper_200nm,linear_drift_corrected,False,140.0,2.200461612464672
4,upper_200nm,linear_drift_corrected,False,145.0,2.098906918885241
4,upper_200nm,linear_drift_corrected,False,150.0,2.0281412855208303
4,upper_200nm,linear_drift_corrected,False,155.0,1.9786243198342837
4,upper_200nm,linear_drift_corrected,False,160.0,1.9443408032858032
4,upper_200nm,linear_drift_corrected,False,165.0,1.9209339676145776
4,upper_200nm,linear_drift_corrected,False,170.0,1.9050453393168816
4,upper_200nm,linear_drift_corrected,False,175.0,1.89453177151741
4,upper_200nm,linear_drift_corrected,False,180.0,1.887786812151725
4,upper_200nm,linear_drift_corrected,False,185.0,1.8836357098367
4,upper_200nm,linear_drift_corrected,False,190.0,1.8813209745759767
4,upper_200nm,linear_drift_corrected,False,195.0,1.8802559574725854
4,upper_200nm,linear_drift_corrected,False,200.0,1.8800347394119297
4,common_80_250nm,linear_drift_corrected,False,80.0,16.750761405563914
4,common_80_250nm,linear_drift_corrected,False,85.0,15.351034439347726
4,common_80_250nm,linear_drift_corrected,False,90.0,14.00065549386701
4,common_80_250nm,linear_drift_corrected,False,95.0,12.700640388362833
4,common_80_250nm,linear_drift_corrected,False,100.0,11.453217062276808
4,common_80_250nm,linear_drift_corrected,False,105.0,10.275046408144059
4,common_80_250nm,linear_drift_corrected,False,110.0,9.1471443374796
4,common_80_250nm,linear_drift_corrected,False,115.0,8.069019483257906
4,common_80_250nm,linear_drift_corrected,False,120.0,7.040037847042981
4,common_80_250nm,linear_drift_corrected,False,125.0,6.066534358140386
4,common_80_250nm,linear_drift_corrected,False,130.0,5.150131037528073
4,common_80_250nm,linear_drift_corrected,False,135.0,4.278640208270675
4,common_80_250nm,linear_drift_corrected,False,140.0,3.450894402398607
4,common_80_250nm,linear_drift_corrected,False,145.0,2.6656812720431926
4,common_80_250nm,linear_drift_corrected,False,150.0,1.9322507324103384
4,common_80_250nm,linear_drift_corrected,False,155.0,1.241474229472745
4,common_80_250nm,linear_drift_corrected,False,160.0,0.5877225127762884
4,common_80_250nm,linear_drift_corrected,False,165.0,-0.030319790179239803
4,common_80_250nm,linear_drift_corrected,False,170.0,-0.6134854278528561
4,common_80_250nm,linear_drift_corrected,False,175.0,-1.152715827444739
4,common_80_250nm,linear_drift_corrected,False,180.0,-1.6617011194927196
4,common_80_250nm,linear_drift_corrected,False,185.0,-2.1416740939513756
4,common_80_250nm,linear_drift_corrected,False,190.0,-2.5938519448406394
4,common_80_250nm,linear_drift_corrected,False,195.0,-3.0161186991381834
4,common_80_250nm,linear_drift_corrected,False,200.0,-3.4079725211871787
4,common_80_250nm,linear_drift_corrected,False,205.0,-3.776820705188653
4,common_80_250nm,linear_drift_corrected,False,210.0,-4.123706941622945
4,common_80_250nm,linear_drift_corrected,False,215.0,-4.449653335826643
4,common_80_250nm,linear_drift_corrected,False,220.0,-4.751041078876225
4,common_80_250nm,linear_drift_corrected,False,225.0,-5.032165777931391
4,common_80_250nm,linear_drift_corrected,False,230.0,-5.29623185865942
4,common_80_250nm,linear_drift_corrected,False,235.0,-5.544070849894629
4,common_80_250nm,linear_drift_corrected,False,240.0,-5.776492557726417
4,common_80_250nm,linear_drift_corrected,False,245.0,-5.989376671071864
4,common_80_250nm,linear_drift_corrected,False,250.0,-6.189182520166469
4,no_slip_hydrodynamic,linear_then_no_slip_corrected,True,50.0,137.73203106021333
4,no_slip_hydrodynamic,linear_then_no_slip_corrected,True,55.0,94.31083029554158
4,no_slip_hydrodynamic,linear_then_no_slip_corrected,True,60.0,63.826267193312745
4,no_slip_hydrodynamic,linear_then_no_slip_corrected,True,65.0,42.49841107402727
4,no_slip_hydrodynamic,linear_then_no_slip_corrected,True,70.0,27.62023207668868
4,no_slip_hydrodynamic,linear_then_no_slip_corrected,True,75.0,17.266209701770592
4,no_slip_hydrodynamic,linear_then_no_slip_corrected,True,80.0,10.074820001563008
4,no_slip_hydrodynamic,linear_then_no_slip_corrected,True,85.0,5.088148570036095
4,no_slip_hydrodynamic,linear_then_no_slip_corrected,True,90.0,1.6350095653297059
4,no_slip_hydrodynamic,linear_then_no_slip_corrected,True,95.0,-0.7533307071168194
4,no_slip_hydrodynamic,linear_then_no_slip_corrected,True,100.0,-2.4033690683173887
4,no_slip_hydrodynamic,linear_then_no_slip_corrected,True,105.0,-3.542065700302461
4,no_slip_hydrodynamic,linear_then_no_slip_corrected,True,110.0,-4.326940805061253
4,no_slip_hydrodynamic,linear_then_no_slip_corrected,True,115.0,-4.867186670574436
4,no_slip_hydrodynamic,linear_then_no_slip_corrected,True,120.0,-5.238422499901274
4,no_slip_hydrodynamic,linear_then_no_slip_corrected,True,125.0,-5.492977056710373
4,no_slip_hydrodynamic,linear_then_no_slip_corrected,True,130.0,-5.667039207255015
4,no_slip_hydrodynamic,linear_then_no_slip_corrected,True,135.0,-5.785622304001452
4,no_slip_hydrodynamic,linear_then_no_slip_corrected,True,140.0,-5.866006560365521
4,no_slip_hydrodynamic,linear_then_no_slip_corrected,True,145.0,-5.920123829493055
4,no_slip_hydrodynamic,linear_then_no_slip_corrected,True,150.0,-5.956208546589394
4,no_slip_hydrodynamic,linear_then_no_slip_corrected,True,155.0,-5.979940028203415
4,no_slip_hydrodynamic,linear_then_no_slip_corrected,True,160.0,-5.995232499454796
4,no_slip_hydrodynamic,linear_then_no_slip_corrected,True,165.0,-6.004781295010063
4,no_slip_hydrodynamic,linear_then_no_slip_corrected,True,170.0,-6.010440372812016
4,no_slip_hydrodynamic,linear_then_no_slip_corrected,True,175.0,-6.013483166200101
4,no_slip_hydrodynamic,linear_then_no_slip_corrected,True,180.0,-6.0147827778708285
4,no_slip_hydrodynamic,linear_then_no_slip_corrected,True,185.0,-6.014936421455501
4,no_slip_hydrodynamic,linear_then_no_slip_corrected,True,190.0,-6.014351334329874
4,no_slip_hydrodynamic,linear_then_no_slip_corrected,True,195.0,-6.013303902581079
4,no_slip_hydrodynamic,linear_then_no_slip_corrected,True,200.0,-6.011980634801
4,no_slip_hydrodynamic,linear_then_no_slip_corrected,True,205.0,-6.010507543807366
4,no_slip_hydrodynamic,linear_then_no_slip_corrected,True,210.0,-6.008967495692974
4,no_slip_hydrodynamic,linear_then_no_slip_corrected,True,215.0,-6.007414669468296
4,no_slip_hydrodynamic,linear_then_no_slip_corrected,True,220.0,-6.005883731297941
4,no_slip_hydrodynamic,linear_then_no_slip_corrected,True,225.0,-6.004396139036149
4,no_slip_hydrodynamic,linear_then_no_slip_corrected,True,230.0,-6.002964467832429
4,no_slip_hydrodynamic,linear_then_no_slip_corrected,True,235.0,-6.0015953719451085
4,no_slip_hydrodynamic,linear_then_no_slip_corrected,True,240.0,-6.000291607420423
4,no_slip_hydrodynamic,linear_then_no_slip_corrected,True,245.0,-5.9990534086844995
4,no_slip_hydrodynamic,linear_then_no_slip_corrected,True,250.0,-5.997879421188826
5,primary,linear_drift_corrected,False,55.0,116.57059265861116
5,primary,linear_drift_corrected,False,60.0,103.14897769027044
5,primary,linear_drift_corrected,False,65.0,91.53752189718965
5,primary,linear_drift_corrected,False,70.0,81.54016884469151
5,primary,linear_drift_corrected,False,75.0,72.96800665801466
5,primary,linear_drift_corrected,False,80.0,65.64402651586147
5,primary,linear_drift_corrected,False,85.0,59.42567382385023
5,primary,linear_drift_corrected,False,90.0,54.14050569352571
5,primary,linear_drift_corrected,False,95.0,49.65872116702276
5,primary,linear_drift_corrected,False,100.0,45.86574933901821
5,primary,linear_drift_corrected,False,105.0,42.66128422767012
5,primary,linear_drift_corrected,False,110.0,39.958104389015666
5,primary,linear_drift_corrected,False,115.0,37.68079918402027
5,primary,linear_drift_corrected,False,120.0,35.76448485869423
5,primary,linear_drift_corrected,False,125.0,34.15356489690423
5,primary,linear_drift_corrected,False,130.0,32.800568168860366
5,primary,linear_drift_corrected,False,135.0,31.665083408250652
5,primary,linear_drift_corrected,False,140.0,30.71279806780197
5,primary,linear_drift_corrected,False,145.0,29.915372815736895
5,primary,linear_drift_corrected,False,150.0,29.24893961446423
5,primary,linear_drift_corrected,False,155.0,28.690558276405866
5,primary,linear_drift_corrected,False,160.0,28.222920859976075
5,primary,linear_drift_corrected,False,165.0,27.831443833219947
5,primary,linear_drift_corrected,False,170.0,27.503851889974776
5,primary,linear_drift_corrected,False,175.0,27.22982185081846
5,primary,linear_drift_corrected,False,180.0,27.000678966414497
5,primary,linear_drift_corrected,False,185.0,26.80913862814695
5,primary,linear_drift_corrected,False,190.0,26.649087214227645
5,primary,linear_drift_corrected,False,195.0,26.51539651518651
5,primary,linear_drift_corrected,False,200.0,26.403766863568737
5,primary,linear_drift_corrected,False,205.0,26.310594723044826
5,primary,linear_drift_corrected,False,210.0,26.233007174189304
5,primary,linear_drift_corrected,False,215.0,26.168387410734
5,primary,linear_drift_corrected,False,220.0,26.114487176137295
5,primary,linear_drift_corrected,False,225.0,26.06955329394067
5,primary,linear_drift_corrected,False,230.0,26.03211738064776
5,primary,linear_drift_corrected,False,235.0,26.00094986960881
5,primary,linear_drift_corrected,False,240.0,25.97502139656392
5,primary,linear_drift_corrected,False,245.0,25.95347038295982
5,primary,linear_drift_corrected,False,250.0,25.935575833268516
5,constant_baseline,far_constant_referenced,False,55.0,161.16857680156073
5,constant_baseline,far_constant_referenced,False,60.0,141.14801637799457
5,constant_baseline,far_constant_referenced,False,65.0,124.58304566437843
5,constant_baseline,far_constant_referenced,False,70.0,111.10807445642763
5,constant_baseline,far_constant_referenced,False,75.0,100.039211325454
5,constant_baseline,far_constant_referenced,False,80.0,91.00782182539749
5,constant_baseline,far_constant_referenced,False,85.0,83.70515105392957
5,constant_baseline,far_constant_referenced,False,90.0,77.75246051506183
5,constant_baseline,far_constant_referenced,False,95.0,72.94410295883858
5,constant_baseline,far_constant_referenced,False,100.0,69.06406513143422
5,constant_baseline,far_constant_referenced,False,105.0,65.9164449450156
5,constant_baseline,far_constant_referenced,False,110.0,63.393431247187905
5,constant_baseline,far_constant_referenced,False,115.0,61.35678777788982
5,constant_baseline,far_constant_referenced,False,120.0,59.7104211217857
5,constant_baseline,far_constant_referenced,False,125.0,58.39764787047472
5,constant_baseline,far_constant_referenced,False,130.0,57.33669069848541
5,constant_baseline,far_constant_referenced,False,135.0,56.48368285440904
5,constant_baseline,far_constant_referenced,False,140.0,55.80215469199068
5,constant_baseline,far_constant_referenced,False,145.0,55.252273239530936
5,constant_baseline,far_constant_referenced,False,150.0,54.81239935640899
5,constant_baseline,far_constant_referenced,False,155.0,54.46008001800969
5,constant_baseline,far_constant_referenced,False,160.0,54.17623101291999
5,constant_baseline,far_constant_referenced,False,165.0,53.95032065962345
5,constant_baseline,far_constant_referenced,False,170.0,53.768908833779015
5,constant_baseline,far_constant_referenced,False,175.0,53.623132693831465
5,constant_baseline,far_constant_referenced,False,180.0,53.507491392292124
5,constant_baseline,far_constant_referenced,False,185.0,53.41452832375748
5,constant_baseline,far_constant_referenced,False,190.0,53.34024747564086
5,constant_baseline,far_constant_referenced,False,195.0,53.2812350539806
5,constant_baseline,far_constant_referenced,False,200.0,53.23392760360319
5,constant_baseline,far_constant_referenced,False,205.0,53.19638992006801
5,constant_baseline,far_constant_referenced,False,210.0,53.16656085721976
5,constant_baseline,far_constant_referenced,False,215.0,53.14275494584957
5,constant_baseline,far_constant_referenced,False,220.0,53.12404258394748
5,constant_baseline,far_constant_referenced,False,225.0,53.1092040876028
5,constant_baseline,far_constant_referenced,False,230.0,53.097471375993095
5,constant_baseline,far_constant_referenced,False,235.0,53.08834416851916
5,constant_baseline,far_constant_referenced,False,240.0,53.08116990498267
5,constant_baseline,far_constant_referenced,False,245.0,53.07560025449394
5,constant_baseline,far_constant_referenced,False,250.0,53.07132799249366
5,lower_plus_10nm,linear_drift_corrected,False,65.0,76.93653917941401
5,lower_plus_10nm,linear_drift_corrected,False,70.0,71.95750093674715
5,lower_plus_10nm,linear_drift_corrected,False,75.0,67.33715601496581
5,lower_plus_10nm,linear_drift_corrected,False,80.0,63.06427956736624
5,lower_plus_10nm,linear_drift_corrected,False,85.0,59.146428502194645
5,lower_plus_10nm,linear_drift_corrected,False,90.0,55.571803112038786
5,lower_plus_10nm,linear_drift_corrected,False,95.0,52.2933399366605
5,lower_plus_10nm,linear_drift_corrected,False,100.0,49.293450736969845
5,lower_plus_10nm,linear_drift_corrected,False,105.0,46.55436244253352
5,lower_plus_10nm,linear_drift_corrected,False,110.0,44.09383957057206
5,lower_plus_10nm,linear_drift_corrected,False,115.0,41.85453137777186
5,lower_plus_10nm,linear_drift_corrected,False,120.0,39.81989037531016
5,lower_plus_10nm,linear_drift_corrected,False,125.0,37.97405484220681
5,lower_plus_10nm,linear_drift_corrected,False,130.0,36.31615352187767
5,lower_plus_10nm,linear_drift_corrected,False,135.0,34.82542171950425
5,lower_plus_10nm,linear_drift_corrected,False,140.0,33.47731530057817
5,lower_plus_10nm,linear_drift_corrected,False,145.0,32.25956699835211
5,lower_plus_10nm,linear_drift_corrected,False,150.0,31.163196173162344
5,lower_plus_10nm,linear_drift_corrected,False,155.0,30.18795143251708
5,lower_plus_10nm,linear_drift_corrected,False,160.0,29.30878557915358
5,lower_plus_10nm,linear_drift_corrected,False,165.0,28.516909968394614
5,lower_plus_10nm,linear_drift_corrected,False,170.0,27.804241547406583
5,lower_plus_10nm,linear_drift_corrected,False,175.0,27.170636699668833
5,lower_plus_10nm,linear_drift_corrected,False,180.0,26.603432289952906
5,lower_plus_10nm,linear_drift_corrected,False,185.0,26.09351398548487
5,lower_plus_10nm,linear_drift_corrected,False,190.0,25.635392462480024
5,lower_plus_10nm,linear_drift_corrected,False,195.0,25.22597274784873
5,lower_plus_10nm,linear_drift_corrected,False,200.0,24.86270597208191
5,lower_plus_10nm,linear_drift_corrected,False,205.0,24.536536597570603
5,lower_plus_10nm,linear_drift_corrected,False,210.0,24.243832053773076
5,lower_plus_10nm,linear_drift_corrected,False,215.0,23.981296726245013
5,lower_plus_10nm,linear_drift_corrected,False,220.0,23.749246164314698
5,lower_plus_10nm,linear_drift_corrected,False,225.0,23.54157239967079
5,lower_plus_10nm,linear_drift_corrected,False,230.0,23.355346405809055
5,lower_plus_10nm,linear_drift_corrected,False,235.0,23.18842956058032
5,lower_plus_10nm,linear_drift_corrected,False,240.0,23.03994975154377
5,lower_plus_10nm,linear_drift_corrected,False,245.0,22.908157228167344
5,lower_plus_10nm,linear_drift_corrected,False,250.0,22.790036978111573
5,upper_200nm,linear_drift_corrected,False,55.0,124.27006479610706
5,upper_200nm,linear_drift_corrected,False,60.0,105.88772501552106
5,upper_200nm,linear_drift_corrected,False,65.0,91.01883521263655
5,upper_200nm,linear_drift_corrected,False,70.0,79.02985643972694
5,upper_200nm,linear_drift_corrected,False,75.0,69.43522802499672
5,upper_200nm,linear_drift_corrected,False,80.0,61.72684083465906
5,upper_200nm,linear_drift_corrected,False,85.0,55.61011503936173
5,upper_200nm,linear_drift_corrected,False,90.0,50.70322844687925
5,upper_200nm,linear_drift_corrected,False,95.0,46.83668434062017
5,upper_200nm,linear_drift_corrected,False,100.0,43.74319960248714
5,upper_200nm,linear_drift_corrected,False,105.0,41.305406087896905
5,upper_200nm,linear_drift_corrected,False,110.0,39.36497025628971
5,upper_200nm,linear_drift_corrected,False,115.0,37.83437448652842
5,upper_200nm,linear_drift_corrected,False,120.0,36.62165872930883
5,upper_200nm,linear_drift_corrected,False,125.0,35.66361911172754
5,upper_200nm,linear_drift_corrected,False,130.0,34.90783065871898
5,upper_200nm,linear_drift_corrected,False,135.0,34.30963630586518
5,upper_200nm,linear_drift_corrected,False,140.0,33.839720106797444
5,upper_200nm,linear_drift_corrected,False,145.0,33.467020122254425
5,upper_200nm,linear_drift_corrected,False,150.0,33.17549828762829
5,upper_200nm,linear_drift_corrected,False,155.0,32.94408397883449
5,upper_200nm,linear_drift_corrected,False,160.0,32.76338690444555
5,upper_200nm,linear_drift_corrected,False,165.0,32.62028661973719
5,upper_200nm,linear_drift_corrected,False,170.0,32.508387876040246
5,upper_200nm,linear_drift_corrected,False,175.0,32.42019228041541
5,upper_200nm,linear_drift_corrected,False,180.0,32.351157254442576
5,upper_200nm,linear_drift_corrected,False,185.0,32.29704560160134
5,upper_200nm,linear_drift_corrected,False,190.0,32.25467689729892
5,upper_200nm,linear_drift_corrected,False,195.0,32.22168940366476
5,upper_200nm,linear_drift_corrected,False,200.0,32.195881721334565
5,common_80_250nm,linear_drift_corrected,False,80.0,53.81869164711116
5,common_80_250nm,linear_drift_corrected,False,85.0,52.13645753320968
5,common_80_250nm,linear_drift_corrected,False,90.0,50.49256923994176
5,common_80_250nm,linear_drift_corrected,False,95.0,48.89696542942674
5,common_80_250nm,linear_drift_corrected,False,100.0,47.32397690457915
5,common_80_250nm,linear_drift_corrected,False,105.0,45.81525850989148
5,common_80_250nm,linear_drift_corrected,False,110.0,44.32654775897848
5,common_80_250nm,linear_drift_corrected,False,115.0,42.902761241558366
5,common_80_250nm,linear_drift_corrected,False,120.0,41.51129202300167
5,common_80_250nm,linear_drift_corrected,False,125.0,40.16288578851337
5,common_80_250nm,linear_drift_corrected,False,130.0,38.86900256484117
5,common_80_250nm,linear_drift_corrected,False,135.0,37.596257396369985
5,common_80_250nm,linear_drift_corrected,False,140.0,36.3985484762542
5,common_80_250nm,linear_drift_corrected,False,145.0,35.22156106338781
5,common_80_250nm,linear_drift_corrected,False,150.0,34.096785568785485
5,common_80_250nm,linear_drift_corrected,False,155.0,33.01279358986846
5,common_80_250nm,linear_drift_corrected,False,160.0,31.959016704847983
5,common_80_250nm,linear_drift_corrected,False,165.0,30.964481515802575
5,common_80_250nm,linear_drift_corrected,False,170.0,29.988980829924245
5,common_80_250nm,linear_drift_corrected,False,175.0,29.07017655077202
5,common_80_250nm,linear_drift_corrected,False,180.0,28.178426246585374
5,common_80_250nm,linear_drift_corrected,False,185.0,27.322733142508113
5,common_80_250nm,linear_drift_corrected,False,190.0,26.51010264622188
5,common_80_250nm,linear_drift_corrected,False,195.0,25.714540290367303
5,common_80_250nm,linear_drift_corrected,False,200.0,24.976212599699625
5,common_80_250nm,linear_drift_corrected,False,205.0,24.253190115320393
5,common_80_250nm,linear_drift_corrected,False,210.0,23.568794742331455
5,common_80_250nm,linear_drift_corrected,False,215.0,22.913415485794786
5,common_80_250nm,linear_drift_corrected,False,220.0,22.279862717472557
5,common_80_250nm,linear_drift_corrected,False,225.0,21.687278662062454
5,common_80_250nm,linear_drift_corrected,False,230.0,21.10785736158715
5,common_80_250nm,linear_drift_corrected,False,235.0,20.5669904207868
5,common_80_250nm,linear_drift_corrected,False,240.0,20.04395933193964
5,common_80_250nm,linear_drift_corrected,False,245.0,19.54498411855694
5,common_80_250nm,linear_drift_corrected,False,250.0,19.07384982580868
5,no_slip_hydrodynamic,linear_then_no_slip_corrected,True,55.0,113.15016586750083
5,no_slip_hydrodynamic,linear_then_no_slip_corrected,True,60.0,99.2173614320571
5,no_slip_hydrodynamic,linear_then_no_slip_corrected,True,65.0,87.32734997352703
5,no_slip_hydrodynamic,linear_then_no_slip_corrected,True,70.0,77.22895865153811
5,no_slip_hydrodynamic,linear_then_no_slip_corrected,True,75.0,68.68707880338266
5,no_slip_hydrodynamic,linear_then_no_slip_corrected,True,80.0,61.48693266467616
5,no_slip_hydrodynamic,linear_then_no_slip_corrected,True,85.0,55.446790422874614
5,no_slip_hydrodynamic,linear_then_no_slip_corrected,True,90.0,50.38210479987787
5,no_slip_hydrodynamic,linear_then_no_slip_corrected,True,95.0,46.14457808157242
5,no_slip_hydrodynamic,linear_then_no_slip_corrected,True,100.0,42.60575016903785
5,no_slip_hydrodynamic,linear_then_no_slip_corrected,True,105.0,39.65517319631752
5,no_slip_hydrodynamic,linear_then_no_slip_corrected,True,110.0,37.19847308563509
5,no_slip_hydrodynamic,linear_then_no_slip_corrected,True,115.0,35.15542725331885
5,no_slip_hydrodynamic,linear_then_no_slip_corrected,True,120.0,33.45813885338121
5,no_slip_hydrodynamic,linear_then_no_slip_corrected,True,125.0,32.04935347165364
5,no_slip_hydrodynamic,linear_then_no_slip_corrected,True,130.0,30.88094040052013
5,no_slip_hydrodynamic,linear_then_no_slip_corrected,True,135.0,29.912544705603228
5,no_slip_hydrodynamic,linear_then_no_slip_corrected,True,140.0,29.11040607554885
5,no_slip_hydrodynamic,linear_then_no_slip_corrected,True,145.0,28.446334281630904
5,no_slip_hydrodynamic,linear_then_no_slip_corrected,True,150.0,27.896827734096
5,no_slip_hydrodynamic,linear_then_no_slip_corrected,True,155.0,27.4423201970949
5,no_slip_hydrodynamic,linear_then_no_slip_corrected,True,160.0,27.06654055189575
5,no_slip_hydrodynamic,linear_then_no_slip_corrected,True,165.0,26.755971106146184
5,no_slip_hydrodynamic,linear_then_no_slip_corrected,True,170.0,26.49939100459812
5,no_slip_hydrodynamic,linear_then_no_slip_corrected,True,175.0,26.28749257830516
5,no_slip_hydrodynamic,linear_then_no_slip_corrected,True,180.0,26.11255982557229
5,no_slip_hydrodynamic,linear_then_no_slip_corrected,True,185.0,25.968199554110114
5,no_slip_hydrodynamic,linear_then_no_slip_corrected,True,190.0,25.849229986901733
5,no_slip_hydrodynamic,linear_then_no_slip_corrected,True,195.0,25.751216753287665
5,no_slip_hydrodynamic,linear_then_no_slip_corrected,True,200.0,25.670407575695823
5,no_slip_hydrodynamic,linear_then_no_slip_corrected,True,205.0,25.60381724328756
5,no_slip_hydrodynamic,linear_then_no_slip_corrected,True,210.0,25.54897573205964
5,no_slip_hydrodynamic,linear_then_no_slip_corrected,True,215.0,25.503839763417353
5,no_slip_hydrodynamic,linear_then_no_slip_corrected,True,220.0,25.46671942821081
5,no_slip_hydrodynamic,linear_then_no_slip_corrected,True,225.0,25.436217343408504
5,no_slip_hydrodynamic,linear_then_no_slip_corrected,True,230.0,25.41117822439936
5,no_slip_hydrodynamic,linear_then_no_slip_corrected,True,235.0,25.390647106521797
5,no_slip_hydrodynamic,linear_then_no_slip_corrected,True,240.0,25.373834744087812
5,no_slip_hydrodynamic,linear_then_no_slip_corrected,True,245.0,25.360088962165268
5,no_slip_hydrodynamic,linear_then_no_slip_corrected,True,250.0,25.3488709429583
6,primary,linear_drift_corrected,False,65.0,98.21665403312151
6,primary,linear_drift_corrected,False,70.0,85.35155891821682
6,primary,linear_drift_corrected,False,75.0,74.25599943357926
6,primary,linear_drift_corrected,False,80.0,64.71900571223595
6,primary,linear_drift_corrected,False,85.0,56.56307132983324
6,primary,linear_drift_corrected,False,90.0,49.61467007667682
6,primary,linear_drift_corrected,False,95.0,43.68358402852206
6,primary,linear_drift_corrected,False,100.0,38.63101939397423
6,primary,linear_drift_corrected,False,105.0,34.334535282211824
6,primary,linear_drift_corrected,False,110.0,30.68680443664298
6,primary,linear_drift_corrected,False,115.0,27.594261951929475
6,primary,linear_drift_corrected,False,120.0,24.975726227928163
6,primary,linear_drift_corrected,False,125.0,22.774229945641082
6,primary,linear_drift_corrected,False,130.0,20.91197294135673
6,primary,linear_drift_corrected,False,135.0,19.338055000626458
6,primary,linear_drift_corrected,False,140.0,18.008918258081426
6,primary,linear_drift_corrected,False,145.0,16.887324555620882
6,primary,linear_drift_corrected,False,150.0,15.941503707778457
6,primary,linear_drift_corrected,False,155.0,15.144399779909396
6,primary,linear_drift_corrected,False,160.0,14.47557577092358
6,primary,linear_drift_corrected,False,165.0,13.913361865961063
6,primary,linear_drift_corrected,False,170.0,13.43969108030597
6,primary,linear_drift_corrected,False,175.0,13.040809715504693
6,primary,linear_drift_corrected,False,180.0,12.705062031530169
6,primary,linear_drift_corrected,False,185.0,12.422579081695527
6,primary,linear_drift_corrected,False,190.0,12.185011556835004
6,primary,linear_drift_corrected,False,195.0,11.985615449216663
6,primary,linear_drift_corrected,False,200.0,11.818778806389707
6,primary,linear_drift_corrected,False,205.0,11.678460181454456
6,primary,linear_drift_corrected,False,210.0,11.56049749298992
6,primary,linear_drift_corrected,False,215.0,11.461374357808053
6,primary,linear_drift_corrected,False,220.0,11.37812138825821
6,primary,linear_drift_corrected,False,225.0,11.308232258434835
6,primary,linear_drift_corrected,False,230.0,11.249592402340992
6,primary,linear_drift_corrected,False,235.0,11.200691246318108
6,primary,linear_drift_corrected,False,240.0,11.159690581960014
6,primary,linear_drift_corrected,False,245.0,11.1253061926794
6,primary,linear_drift_corrected,False,250.0,11.096491592124428
6,constant_baseline,far_constant_referenced,False,65.0,160.92428949740656
6,constant_baseline,far_constant_referenced,False,70.0,149.14476448888544
6,constant_baseline,far_constant_referenced,False,75.0,139.29850086774977
6,constant_baseline,far_constant_referenced,False,80.0,131.09611834684682
6,constant_baseline,far_constant_referenced,False,85.0,124.29485395830439
6,constant_baseline,far_constant_referenced,False,90.0,118.6837866912622
6,constant_baseline,far_constant_referenced,False,95.0,114.04077563602513
6,constant_baseline,far_constant_referenced,False,100.0,110.2059982180317
6,constant_baseline,far_constant_referenced,False,105.0,107.04396234073396
6,constant_baseline,far_constant_referenced,False,110.0,104.44041885154454
6,constant_baseline,far_constant_referenced,False,115.0,102.30198838674463
6,constant_baseline,far_constant_referenced,False,120.0,100.55427773291919
6,constant_baseline,far_constant_referenced,False,125.0,99.11850941393155
6,constant_baseline,far_constant_referenced,False,130.0,97.9400296398997
6,constant_baseline,far_constant_referenced,False,135.0,96.9734974337762
6,constant_baseline,far_constant_referenced,False,140.0,96.1813724212313
6,constant_baseline,far_constant_referenced,False,145.0,95.53301342386538
6,constant_baseline,far_constant_referenced,False,150.0,95.00541675875915
6,constant_baseline,far_constant_referenced,False,155.0,94.57333403089783
6,constant_baseline,far_constant_referenced,False,160.0,94.21967339267724
6,constant_baseline,far_constant_referenced,False,165.0,93.93036378514807
6,constant_baseline,far_constant_referenced,False,170.0,93.693830392738
6,constant_baseline,far_constant_referenced,False,175.0,93.50055858529801
6,constant_baseline,far_constant_referenced,False,180.0,93.34376876371633
6,constant_baseline,far_constant_referenced,False,185.0,93.21565631575204
6,constant_baseline,far_constant_referenced,False,190.0,93.11104391615058
6,constant_baseline,far_constant_referenced,False,195.0,93.02568130345024
6,constant_baseline,far_constant_referenced,False,200.0,92.95608055958941
6,constant_baseline,far_constant_referenced,False,205.0,92.89938046202121
6,constant_baseline,far_constant_referenced,False,210.0,92.85351568658167
6,constant_baseline,far_constant_referenced,False,215.0,92.81621077634618
6,constant_baseline,far_constant_referenced,False,220.0,92.78588145472561
6,constant_baseline,far_constant_referenced,False,225.0,92.7612574322033
6,constant_baseline,far_constant_referenced,False,230.0,92.7412974318275
6,constant_baseline,far_constant_referenced,False,235.0,92.72514816554596
6,constant_baseline,far_constant_referenced,False,240.0,92.71218579853918
6,constant_baseline,far_constant_referenced,False,245.0,92.70175159038763
6,constant_baseline,far_constant_referenced,False,250.0,92.6933640761451
6,lower_plus_10nm,linear_drift_corrected,False,75.0,69.73454043098681
6,lower_plus_10nm,linear_drift_corrected,False,80.0,61.947743294968966
6,lower_plus_10nm,linear_drift_corrected,False,85.0,55.07237404639448
6,lower_plus_10nm,linear_drift_corrected,False,90.0,49.06565699545467
6,lower_plus_10nm,linear_drift_corrected,False,95.0,43.84103291312123
6,lower_plus_10nm,linear_drift_corrected,False,100.0,39.260077323147044
6,lower_plus_10nm,linear_drift_corrected,False,105.0,35.29717818273437
6,lower_plus_10nm,linear_drift_corrected,False,110.0,31.857165145146322
6,lower_plus_10nm,linear_drift_corrected,False,115.0,28.85582057580725
6,lower_plus_10nm,linear_drift_corrected,False,120.0,26.280189912483884
6,lower_plus_10nm,linear_drift_corrected,False,125.0,24.0445833754332
6,lower_plus_10nm,linear_drift_corrected,False,130.0,22.10092876864587
6,lower_plus_10nm,linear_drift_corrected,False,135.0,20.44415246066002
6,lower_plus_10nm,linear_drift_corrected,False,140.0,19.0043740701849
6,lower_plus_10nm,linear_drift_corrected,False,145.0,17.76010938423155
6,lower_plus_10nm,linear_drift_corrected,False,150.0,16.697666609502928
6,lower_plus_10nm,linear_drift_corrected,False,155.0,15.776244874485627
6,lower_plus_10nm,linear_drift_corrected,False,160.0,14.984194298376526
6,lower_plus_10nm,linear_drift_corrected,False,165.0,14.306229206968755
6,lower_plus_10nm,linear_drift_corrected,False,170.0,13.719146105391651
6,lower_plus_10nm,linear_drift_corrected,False,175.0,13.216952752799163
6,lower_plus_10nm,linear_drift_corrected,False,180.0,12.785847380244912
6,lower_plus_10nm,linear_drift_corrected,False,185.0,12.412976117378435
6,lower_plus_10nm,linear_drift_corrected,False,190.0,12.095477905206288
6,lower_plus_10nm,linear_drift_corrected,False,195.0,11.822059845191784
6,lower_plus_10nm,linear_drift_corrected,False,200.0,11.58580855264007
6,lower_plus_10nm,linear_drift_corrected,False,205.0,11.385523140231152
6,lower_plus_10nm,linear_drift_corrected,False,210.0,11.212474925739867
6,lower_plus_10nm,linear_drift_corrected,False,215.0,11.063489607774112
6,lower_plus_10nm,linear_drift_corrected,False,220.0,10.936975639422114
6,lower_plus_10nm,linear_drift_corrected,False,225.0,10.827654859147225
6,lower_plus_10nm,linear_drift_corrected,False,230.0,10.733950315435376
6,lower_plus_10nm,linear_drift_corrected,False,235.0,10.654104732460128
6,lower_plus_10nm,linear_drift_corrected,False,240.0,10.585172396271885
6,lower_plus_10nm,linear_drift_corrected,False,245.0,10.52635092715289
6,lower_plus_10nm,linear_drift_corrected,False,250.0,10.476061375418249
6,upper_200nm,linear_drift_corrected,False,65.0,101.76296197051914
6,upper_200nm,linear_drift_corrected,False,70.0,86.43195365101275
6,upper_200nm,linear_drift_corrected,False,75.0,73.70319903121904
6,upper_200nm,linear_drift_corrected,False,80.0,63.169108673809944
6,upper_200nm,linear_drift_corrected,False,85.0,54.542110406306236
6,upper_200nm,linear_drift_corrected,False,90.0,47.4385789390155
6,upper_200nm,linear_drift_corrected,False,95.0,41.59626687306414
6,upper_200nm,linear_drift_corrected,False,100.0,36.80049290915018
6,upper_200nm,linear_drift_corrected,False,105.0,32.890918691126274
6,upper_200nm,linear_drift_corrected,False,110.0,29.70069301836795
6,upper_200nm,linear_drift_corrected,False,115.0,27.09018538914063
6,upper_200nm,linear_drift_corrected,False,120.0,24.956650324668892
6,upper_200nm,linear_drift_corrected,False,125.0,23.21943940350331
6,upper_200nm,linear_drift_corrected,False,130.0,21.810873287627714
6,upper_200nm,linear_drift_corrected,False,135.0,20.661424764465213
6,upper_200nm,linear_drift_corrected,False,140.0,19.724230144251965
6,upper_200nm,linear_drift_corrected,False,145.0,18.96072455668483
6,upper_200nm,linear_drift_corrected,False,150.0,18.34475067022334
6,upper_200nm,linear_drift_corrected,False,155.0,17.842906065201923
6,upper_200nm,linear_drift_corrected,False,160.0,17.434336874307117
6,upper_200nm,linear_drift_corrected,False,165.0,17.101947116710193
6,upper_200nm,linear_drift_corrected,False,170.0,16.833419635919604
6,upper_200nm,linear_drift_corrected,False,175.0,16.615638364887868
6,upper_200nm,linear_drift_corrected,False,180.0,16.43856839122189
6,upper_200nm,linear_drift_corrected,False,185.0,16.294711483302507
6,upper_200nm,linear_drift_corrected,False,190.0,16.17835337949358
6,upper_200nm,linear_drift_corrected,False,195.0,16.084444891571852
6,upper_200nm,linear_drift_corrected,False,200.0,16.00822861268729
6,common_80_250nm,linear_drift_corrected,False,80.0,59.67275795072022
6,common_80_250nm,linear_drift_corrected,False,85.0,53.56134078615203
6,common_80_250nm,linear_drift_corrected,False,90.0,48.14860721087668
6,common_80_250nm,linear_drift_corrected,False,95.0,43.367615637637044
6,common_80_250nm,linear_drift_corrected,False,100.0,39.13994122374958
6,common_80_250nm,linear_drift_corrected,False,105.0,35.43282328380771
6,common_80_250nm,linear_drift_corrected,False,110.0,32.156079411976926
6,common_80_250nm,linear_drift_corrected,False,115.0,29.301765495685046
6,common_80_250nm,linear_drift_corrected,False,120.0,26.77751885033185
6,common_80_250nm,linear_drift_corrected,False,125.0,24.59204476243528
6,common_80_250nm,linear_drift_corrected,False,130.0,22.656893467132644
6,common_80_250nm,linear_drift_corrected,False,135.0,20.990917548642155
6,common_80_250nm,linear_drift_corrected,False,140.0,19.517698926251757
6,common_80_250nm,linear_drift_corrected,False,145.0,18.247573053329447
6,common_80_250nm,linear_drift_corrected,False,150.0,17.129540068775192
6,common_80_250nm,linear_drift_corrected,False,155.0,16.163805198601658
6,common_80_250nm,linear_drift_corrected,False,160.0,15.31744630449285
6,common_80_250nm,linear_drift_corrected,False,165.0,14.584724558213999
6,common_80_250nm,linear_drift_corrected,False,170.0,13.94530757977456
6,common_80_250nm,linear_drift_corrected,False,175.0,13.39033023171053
6,common_80_250nm,linear_drift_corrected,False,180.0,12.908036520646974
6,common_80_250nm,linear_drift_corrected,False,185.0,12.488268684796857
6,common_80_250nm,linear_drift_corrected,False,190.0,12.124968899635594
6,common_80_250nm,linear_drift_corrected,False,195.0,11.807830419937195
6,common_80_250nm,linear_drift_corrected,False,200.0,11.534467033671602
6,common_80_250nm,linear_drift_corrected,False,205.0,11.295094509631458
6,common_80_250nm,linear_drift_corrected,False,210.0,11.089597425861273
6,common_80_250nm,linear_drift_corrected,False,215.0,10.909070828469043
6,common_80_250nm,linear_drift_corrected,False,220.0,10.75472080821033
6,common_80_250nm,linear_drift_corrected,False,225.0,10.61901121358113
6,common_80_250nm,linear_drift_corrected,False,230.0,10.502832086820822
6,common_80_250nm,linear_drift_corrected,False,235.0,10.400969271633288
6,common_80_250nm,linear_drift_corrected,False,240.0,10.31350277524664
6,common_80_250nm,linear_drift_corrected,False,245.0,10.237102731470834
6,common_80_250nm,linear_drift_corrected,False,250.0,10.171299653949255
6,no_slip_hydrodynamic,linear_then_no_slip_corrected,True,65.0,90.28869675727445
6,no_slip_hydrodynamic,linear_then_no_slip_corrected,True,70.0,77.55264219753705
6,no_slip_hydrodynamic,linear_then_no_slip_corrected,True,75.0,66.71472709572323
6,no_slip_hydrodynamic,linear_then_no_slip_corrected,True,80.0,57.52222289914428
6,no_slip_hydrodynamic,linear_then_no_slip_corrected,True,85.0,49.75230611369895
6,no_slip_hydrodynamic,linear_then_no_slip_corrected,True,90.0,43.196017979415714
6,no_slip_hydrodynamic,linear_then_no_slip_corrected,True,95.0,37.6754735961548
6,no_slip_hydrodynamic,linear_then_no_slip_corrected,True,100.0,33.03556074461265
6,no_slip_hydrodynamic,linear_then_no_slip_corrected,True,105.0,29.14199671054609
6,no_slip_hydrodynamic,linear_then_no_slip_corrected,True,110.0,25.879230849485744
6,no_slip_hydrodynamic,linear_then_no_slip_corrected,True,115.0,23.148336385046143
6,no_slip_hydrodynamic,linear_then_no_slip_corrected,True,120.0,20.86498361938548
6,no_slip_hydrodynamic,linear_then_no_slip_corrected,True,125.0,18.957549780517013
6,no_slip_hydrodynamic,linear_then_no_slip_corrected,True,130.0,17.365394843258038
6,no_slip_hydrodynamic,linear_then_no_slip_corrected,True,135.0,16.037314914746453
6,no_slip_hydrodynamic,linear_then_no_slip_corrected,True,140.0,14.930172981103714
6,no_slip_hydrodynamic,linear_then_no_slip_corrected,True,145.0,14.00769932348894
6,no_slip_hydrodynamic,linear_then_no_slip_corrected,True,150.0,13.239449494157913
6,no_slip_hydrodynamic,linear_then_no_slip_corrected,True,155.0,12.599905472891535
6,no_slip_hydrodynamic,linear_then_no_slip_corrected,True,160.0,12.067704816808579
6,no_slip_hydrodynamic,linear_then_no_slip_corrected,True,165.0,11.624982770646007
6,no_slip_hydrodynamic,linear_then_no_slip_corrected,True,170.0,11.25681305822886
6,no_slip_hydrodynamic,linear_then_no_slip_corrected,True,175.0,10.950734172879857
6,no_slip_hydrodynamic,linear_then_no_slip_corrected,True,180.0,10.696349247796256
6,no_slip_hydrodynamic,linear_then_no_slip_corrected,True,185.0,10.48498889811338
6,no_slip_hydrodynamic,linear_then_no_slip_corrected,True,190.0,10.309427707959642
6,no_slip_hydrodynamic,linear_then_no_slip_corrected,True,195.0,10.163646241908317
6,no_slip_hydrodynamic,linear_then_no_slip_corrected,True,200.0,10.042631565479462
6,no_slip_hydrodynamic,linear_then_no_slip_corrected,True,205.0,9.942210252639434
6,no_slip_hydrodynamic,linear_then_no_slip_corrected,True,210.0,9.858908737849434
6,no_slip_hydrodynamic,linear_then_no_slip_corrected,True,215.0,9.789836640260267
6,no_slip_hydrodynamic,linear_then_no_slip_corrected,True,220.0,9.732589355692241
6,no_slip_hydrodynamic,linear_then_no_slip_corrected,True,225.0,9.68516678737979
6,no_slip_hydrodynamic,linear_then_no_slip_corrected,True,230.0,9.645905579040825
6,no_slip_hydrodynamic,linear_then_no_slip_corrected,True,235.0,9.6134226335186
6,no_slip_hydrodynamic,linear_then_no_slip_corrected,True,240.0,9.586568056401617
6,no_slip_hydrodynamic,linear_then_no_slip_corrected,True,245.0,9.56438596527463
6,no_slip_hydrodynamic,linear_then_no_slip_corrected,True,250.0,9.546081859357157
7,primary,linear_drift_corrected,False,55.0,113.5736099391755
7,primary,linear_drift_corrected,False,60.0,69.68651034180085
7,primary,linear_drift_corrected,False,65.0,44.12158150942896
7,primary,linear_drift_corrected,False,70.0,29.2557918689202
7,primary,linear_drift_corrected,False,75.0,20.636801900346953
7,primary,linear_drift_corrected,False,80.0,15.651882815661661
7,primary,linear_drift_corrected,False,85.0,12.775388116962306
7,primary,linear_drift_corrected,False,90.0,11.119669295033532
7,primary,linear_drift_corrected,False,95.0,10.169612268747647
7,primary,linear_drift_corrected,False,100.0,9.626844990763667
7,primary,linear_drift_corrected,False,105.0,9.31877977532468
7,primary,linear_drift_corrected,False,110.0,9.145843481367645
7,primary,linear_drift_corrected,False,115.0,9.050264127169969
7,primary,linear_drift_corrected,False,120.0,8.99884420160671
7,primary,linear_drift_corrected,False,125.0,8.972540775198752
7,primary,linear_drift_corrected,False,130.0,8.960398883307994
7,primary,linear_drift_corrected,False,135.0,8.956132388284825
7,primary,linear_drift_corrected,False,140.0,8.956147482553929
7,primary,linear_drift_corrected,False,145.0,8.958400815637352
7,primary,linear_drift_corrected,False,150.0,8.961740241766075
7,primary,linear_drift_corrected,False,155.0,8.965524762593686
7,primary,linear_drift_corrected,False,160.0,8.969405288987105
7,primary,linear_drift_corrected,False,165.0,8.973196653820322
7,primary,linear_drift_corrected,False,170.0,8.976808896848034
7,primary,linear_drift_corrected,False,175.0,8.980203600396418
7,primary,linear_drift_corrected,False,180.0,8.983370392146652
7,primary,linear_drift_corrected,False,185.0,8.986313612491644
7,primary,linear_drift_corrected,False,190.0,8.989044827651023
7,primary,linear_drift_corrected,False,195.0,8.991578692095082
7,primary,linear_drift_corrected,False,200.0,8.993930716034736
7,primary,linear_drift_corrected,False,205.0,8.99611610943406
7,primary,linear_drift_corrected,False,210.0,8.99814920046477
7,primary,linear_drift_corrected,False,215.0,9.000043215461357
7,primary,linear_drift_corrected,False,220.0,9.001810209785187
7,primary,linear_drift_corrected,False,225.0,9.003461093849312
7,primary,linear_drift_corrected,False,230.0,9.005005624107653
7,primary,linear_drift_corrected,False,235.0,9.00645286239046
7,primary,linear_drift_corrected,False,240.0,9.007810668506528
7,primary,linear_drift_corrected,False,245.0,9.009086238156755
7,primary,linear_drift_corrected,False,250.0,9.010286066680534
7,constant_baseline,far_constant_referenced,False,55.0,184.57706392480873
7,constant_baseline,far_constant_referenced,False,60.0,143.5906772588715
7,constant_baseline,far_constant_referenced,False,65.0,115.66131487198808
7,constant_baseline,far_constant_referenced,False,70.0,96.69344934878096
7,constant_baseline,far_constant_referenced,False,75.0,83.91190399825535
7,constant_baseline,far_constant_referenced,False,80.0,75.26213716280465
7,constant_baseline,far_constant_referenced,False,85.0,69.42116189609499
7,constant_baseline,far_constant_referenced,False,90.0,65.48946666343639
7,constant_baseline,far_constant_referenced,False,95.0,62.852677508580726
7,constant_baseline,far_constant_referenced,False,100.0,61.07816847312647
7,constant_baseline,far_constant_referenced,False,105.0,59.88601591316399
7,constant_baseline,far_constant_referenced,False,110.0,59.08865293302126
7,constant_baseline,far_constant_referenced,False,115.0,58.55586019125161
7,constant_baseline,far_constant_referenced,False,120.0,58.19954147167472
7,constant_baseline,far_constant_referenced,False,125.0,57.96200724491054
7,constant_baseline,far_constant_referenced,False,130.0,57.804946771501804
7,constant_baseline,far_constant_referenced,False,135.0,57.70120663836989
7,constant_baseline,far_constant_referenced,False,140.0,57.63308369881808
7,constant_baseline,far_constant_referenced,False,145.0,57.58882627583414
7,constant_baseline,far_constant_referenced,False,150.0,57.560656589376336
7,constant_baseline,far_constant_referenced,False,155.0,57.542992964413585
7,constant_baseline,far_constant_referenced,False,160.0,57.53230465477288
7,constant_baseline,far_constant_referenced,False,165.0,57.52623478698021
7,constant_baseline,far_constant_referenced,False,170.0,57.523192923336566
7,constant_baseline,far_constant_referenced,False,175.0,57.522081435288804
7,constant_baseline,far_constant_referenced,False,180.0,57.52220074390951
7,constant_baseline,far_constant_referenced,False,185.0,57.52309125329498
7,constant_baseline,far_constant_referenced,False,190.0,57.524438978472915
7,constant_baseline,far_constant_referenced,False,195.0,57.52603842610409
7,constant_baseline,far_constant_referenced,False,200.0,57.5277599705837
7,constant_baseline,far_constant_referenced,False,205.0,57.52952208435663
7,constant_baseline,far_constant_referenced,False,210.0,57.53126988347029
7,constant_baseline,far_constant_referenced,False,215.0,57.53297153218441
7,constant_baseline,far_constant_referenced,False,220.0,57.534608976716534
7,constant_baseline,far_constant_referenced,False,225.0,57.536173028570964
7,constant_baseline,far_constant_referenced,False,230.0,57.537659108272784
7,constant_baseline,far_constant_referenced,False,235.0,57.53906688224604
7,constant_baseline,far_constant_referenced,False,240.0,57.540398159817734
7,constant_baseline,far_constant_referenced,False,245.0,57.54165592407085
7,constant_baseline,far_constant_referenced,False,250.0,57.54284375387286
7,lower_plus_10nm,linear_drift_corrected,False,65.0,37.17812060087466
7,lower_plus_10nm,linear_drift_corrected,False,70.0,25.001449706259574
7,lower_plus_10nm,linear_drift_corrected,False,75.0,18.09757062325076
7,lower_plus_10nm,linear_drift_corrected,False,80.0,14.197357941619378
7,lower_plus_10nm,linear_drift_corrected,False,85.0,11.996346771278525
7,lower_plus_10nm,linear_drift_corrected,False,90.0,10.757549211146682
7,lower_plus_10nm,linear_drift_corrected,False,95.0,10.063303058887936
7,lower_plus_10nm,linear_drift_corrected,False,100.0,9.676718258391077
7,lower_plus_10nm,linear_drift_corrected,False,105.0,9.463607413044043
7,lower_plus_10nm,linear_drift_corrected,False,110.0,9.348046196402164
7,lower_plus_10nm,linear_drift_corrected,False,115.0,9.287127085374975
7,lower_plus_10nm,linear_drift_corrected,False,120.0,9.256640502853493
7,lower_plus_10nm,linear_drift_corrected,False,125.0,9.242968461519233
7,lower_plus_10nm,linear_drift_corrected,False,130.0,9.238399269642668
7,lower_plus_10nm,linear_drift_corrected,False,135.0,9.238663153066634
7,lower_plus_10nm,linear_drift_corrected,False,140.0,9.241383349711604
7,lower_plus_10nm,linear_drift_corrected,False,145.0,9.245249063267599
7,lower_plus_10nm,linear_drift_corrected,False,150.0,9.249547981960566
7,lower_plus_10nm,linear_drift_corrected,False,155.0,9.253902363400359
7,lower_plus_10nm,linear_drift_corrected,False,160.0,9.258120292438878
7,lower_plus_10nm,linear_drift_corrected,False,165.0,9.262112152592115
7,lower_plus_10nm,linear_drift_corrected,False,170.0,9.26584339977018
7,lower_plus_10nm,linear_drift_corrected,False,175.0,9.269308552354344
7,lower_plus_10nm,linear_drift_corrected,False,180.0,9.272517010751441
7,lower_plus_10nm,linear_drift_corrected,False,185.0,9.275484838823887
7,lower_plus_10nm,linear_drift_corrected,False,190.0,9.278230552588848
7,lower_plus_10nm,linear_drift_corrected,False,195.0,9.28077293177632
7,lower_plus_10nm,linear_drift_corrected,False,200.0,9.283129939375542
7,lower_plus_10nm,linear_drift_corrected,False,205.0,9.285318238976762
7,lower_plus_10nm,linear_drift_corrected,False,210.0,9.287353030629342
7,lower_plus_10nm,linear_drift_corrected,False,215.0,9.289248045829034
7,lower_plus_10nm,linear_drift_corrected,False,220.0,9.291015532999266
7,lower_plus_10nm,linear_drift_corrected,False,225.0,9.29266680891899
7,lower_plus_10nm,linear_drift_corrected,False,230.0,9.294211667054133
7,lower_plus_10nm,linear_drift_corrected,False,235.0,9.295659026426645
7,lower_plus_10nm,linear_drift_corrected,False,240.0,9.297016903507778
7,lower_plus_10nm,linear_drift_corrected,False,245.0,9.298292514727136
7,lower_plus_10nm,linear_drift_corrected,False,250.0,9.299492367589547
7,upper_200nm,linear_drift_corrected,False,55.0,114.51537023591685
7,upper_200nm,linear_drift_corrected,False,60.0,69.72744460971447
7,upper_200nm,linear_drift_corrected,False,65.0,43.51524704496125
7,upper_200nm,linear_drift_corrected,False,70.0,28.23216834058119
7,upper_200nm,linear_drift_corrected,False,75.0,19.348148722796978
7,upper_200nm,linear_drift_corrected,False,80.0,14.196861327682145
7,upper_200nm,linear_drift_corrected,False,85.0,11.218230388897778
7,upper_200nm,linear_drift_corrected,False,90.0,9.50082085219947
7,upper_200nm,linear_drift_corrected,False,95.0,8.511634947860806
7,upper_200nm,linear_drift_corrected,False,100.0,7.944295338384337
7,upper_200nm,linear_drift_corrected,False,105.0,7.620924669900086
7,upper_200nm,linear_drift_corrected,False,110.0,7.438375350772359
7,upper_200nm,linear_drift_corrected,False,115.0,7.336900368692567
7,upper_200nm,linear_drift_corrected,False,120.0,7.281932129408687
7,upper_200nm,linear_drift_corrected,False,125.0,7.253551344213624
7,upper_200nm,linear_drift_corrected,False,130.0,7.240145708967059
7,upper_200nm,linear_drift_corrected,False,135.0,7.235108510131413
7,upper_200nm,linear_drift_corrected,False,140.0,7.23465539161648
7,upper_200nm,linear_drift_corrected,False,145.0,7.236625247650546
7,upper_200nm,linear_drift_corrected,False,150.0,7.239793566310895
7,upper_200nm,linear_drift_corrected,False,155.0,7.243474849220639
7,upper_200nm,linear_drift_corrected,False,160.0,7.247293285153392
7,upper_200nm,linear_drift_corrected,False,165.0,7.2510480267323
7,upper_200nm,linear_drift_corrected,False,170.0,7.25463826663341
7,upper_200nm,linear_drift_corrected,False,175.0,7.258019777203696
7,upper_200nm,linear_drift_corrected,False,180.0,7.261178672277248
7,upper_200nm,linear_drift_corrected,False,185.0,7.264117174718134
7,upper_200nm,linear_drift_corrected,False,190.0,7.266845577898811
7,upper_200nm,linear_drift_corrected,False,195.0,7.269377773156418
7,upper_200nm,linear_drift_corrected,False,200.0,7.271728824919395
7,common_80_250nm,linear_drift_corrected,False,80.0,11.117619010055753
7,common_80_250nm,linear_drift_corrected,False,85.0,10.253830121375998
7,common_80_250nm,linear_drift_corrected,False,90.0,9.806309742634204
7,common_80_250nm,linear_drift_corrected,False,95.0,9.577108134265151
7,common_80_250nm,linear_drift_corrected,False,100.0,9.462814821164613
7,common_80_250nm,linear_drift_corrected,False,105.0,9.408620408741982
7,common_80_250nm,linear_drift_corrected,False,110.0,9.385544510332757
7,common_80_250nm,linear_drift_corrected,False,115.0,9.378343326928668
7,common_80_250nm,linear_drift_corrected,False,120.0,9.37895527798587
7,common_80_250nm,linear_drift_corrected,False,125.0,9.383223254842251
7,common_80_250nm,linear_drift_corrected,False,130.0,9.389014008936005
7,common_80_250nm,linear_drift_corrected,False,135.0,9.395250895261574
7,common_80_250nm,linear_drift_corrected,False,140.0,9.401410586234832
7,common_80_250nm,linear_drift_corrected,False,145.0,9.4072535717114
7,common_80_250nm,linear_drift_corrected,False,150.0,9.412687383770727
7,common_80_250nm,linear_drift_corrected,False,155.0,9.417692470030964
7,common_80_250nm,linear_drift_corrected,False,160.0,9.422283154777364
7,common_80_250nm,linear_drift_corrected,False,165.0,9.42648828681935
7,common_80_250nm,linear_drift_corrected,False,170.0,9.43034144738672
7,common_80_250nm,linear_drift_corrected,False,175.0,9.433876294631595
7,common_80_250nm,linear_drift_corrected,False,180.0,9.437124521104442
7,common_80_250nm,linear_drift_corrected,False,185.0,9.440114987768153
7,common_80_250nm,linear_drift_corrected,False,190.0,9.44287356248817
7,common_80_250nm,linear_drift_corrected,False,195.0,9.445423244820498
7,common_80_250nm,linear_drift_corrected,False,200.0,9.447784335239879
7,common_80_250nm,linear_drift_corrected,False,205.0,9.449975040250646
7,common_80_250nm,linear_drift_corrected,False,210.0,9.452011225425007
7,common_80_250nm,linear_drift_corrected,False,215.0,9.45390705685059
7,common_80_250nm,linear_drift_corrected,False,220.0,9.4556751268193
7,common_80_250nm,linear_drift_corrected,False,225.0,9.45732665354424
7,common_80_250nm,linear_drift_corrected,False,230.0,9.458871654260166
7,common_80_250nm,linear_drift_corrected,False,235.0,9.46031909466512
7,common_80_250nm,linear_drift_corrected,False,240.0,9.461677017786666
7,common_80_250nm,linear_drift_corrected,False,245.0,9.46295265515834
7,common_80_250nm,linear_drift_corrected,False,250.0,9.464152522872553
7,no_slip_hydrodynamic,linear_then_no_slip_corrected,True,55.0,106.93516248606079
7,no_slip_hydrodynamic,linear_then_no_slip_corrected,True,60.0,64.89772626974147
7,no_slip_hydrodynamic,linear_then_no_slip_corrected,True,65.0,40.52333369180304
7,no_slip_hydrodynamic,linear_then_no_slip_corrected,True,70.0,26.44092793380386
7,no_slip_hydrodynamic,linear_then_no_slip_corrected,True,75.0,18.32782674300066
7,no_slip_hydrodynamic,linear_then_no_slip_corrected,True,80.0,13.664887839300349
7,no_slip_hydrodynamic,linear_then_no_slip_corrected,True,85.0,10.990999958674987
7,no_slip_hydrodynamic,linear_then_no_slip_corrected,True,90.0,9.46161729009365
7,no_slip_hydrodynamic,linear_then_no_slip_corrected,True,95.0,8.589756815540607
7,no_slip_hydrodynamic,linear_then_no_slip_corrected,True,100.0,8.095093975721209
7,no_slip_hydrodynamic,linear_then_no_slip_corrected,True,105.0,7.816468796422139
7,no_slip_hydrodynamic,linear_then_no_slip_corrected,True,110.0,7.661325877039946
7,no_slip_hydrodynamic,linear_then_no_slip_corrected,True,115.0,7.5765624170358405
7,no_slip_hydrodynamic,linear_then_no_slip_corrected,True,120.0,7.531744739184483
7,no_slip_hydrodynamic,linear_then_no_slip_corrected,True,125.0,7.509455413466688
7,no_slip_hydrodynamic,linear_then_no_slip_corrected,True,130.0,7.499745483676304
7,no_slip_hydrodynamic,linear_then_no_slip_corrected,True,135.0,7.4969478045613815
7,no_slip_hydrodynamic,linear_then_no_slip_corrected,True,140.0,7.497847531355597
7,no_slip_hydrodynamic,linear_then_no_slip_corrected,True,145.0,7.5006341153560125
7,no_slip_hydrodynamic,linear_then_no_slip_corrected,True,150.0,7.504292364063702
7,no_slip_hydrodynamic,linear_then_no_slip_corrected,True,155.0,7.508266884166447
7,no_slip_hydrodynamic,linear_then_no_slip_corrected,True,160.0,7.5122598700748515
7,no_slip_hydrodynamic,linear_then_no_slip_corrected,True,165.0,7.5161185498277705
7,no_slip_hydrodynamic,linear_then_no_slip_corrected,True,170.0,7.519771012951246
7,no_slip_hydrodynamic,linear_then_no_slip_corrected,True,175.0,7.523189712029156
7,no_slip_hydrodynamic,linear_then_no_slip_corrected,True,180.0,7.526370800325614
7,no_slip_hydrodynamic,linear_then_no_slip_corrected,True,185.0,7.529322524806393
7,no_slip_hydrodynamic,linear_then_no_slip_corrected,True,190.0,7.532058786686
7,no_slip_hydrodynamic,linear_then_no_slip_corrected,True,195.0,7.534595636205239
7,no_slip_hydrodynamic,linear_then_no_slip_corrected,True,200.0,7.536949418966636
7,no_slip_hydrodynamic,linear_then_no_slip_corrected,True,205.0,7.539135840693744
7,no_slip_hydrodynamic,linear_then_no_slip_corrected,True,210.0,7.541169535688513
7,no_slip_hydrodynamic,linear_then_no_slip_corrected,True,215.0,7.543063907513361
7,no_slip_hydrodynamic,linear_then_no_slip_corrected,True,220.0,7.544831113944134
7,no_slip_hydrodynamic,linear_then_no_slip_corrected,True,225.0,7.5464821253134575
7,no_slip_hydrodynamic,linear_then_no_slip_corrected,True,230.0,7.548026748181265
7,no_slip_hydrodynamic,linear_then_no_slip_corrected,True,235.0,7.549474030963232
7,no_slip_hydrodynamic,linear_then_no_slip_corrected,True,240.0,7.5508318633168665
7,no_slip_hydrodynamic,linear_then_no_slip_corrected,True,245.0,7.55210744842926
7,no_slip_hydrodynamic,linear_then_no_slip_corrected,True,250.0,7.553307286060601
8,primary,linear_drift_corrected,False,60.0,92.26444524675308
8,primary,linear_drift_corrected,False,65.0,67.91937532025067
8,primary,linear_drift_corrected,False,70.0,50.26198516341089
8,primary,linear_drift_corrected,False,75.0,37.33924790993568
8,primary,linear_drift_corrected,False,80.0,28.01922075911003
8,primary,linear_drift_corrected,False,85.0,21.223089686519565
8,primary,linear_drift_corrected,False,90.0,16.333770180612827
8,primary,linear_drift_corrected,False,95.0,12.780818360228803
8,primary,linear_drift_corrected,False,100.0,10.228532224894181
8,primary,linear_drift_corrected,False,105.0,8.37899000782739
8,primary,linear_drift_corrected,False,110.0,7.051655691128749
8,primary,linear_drift_corrected,False,115.0,6.092209815607802
8,primary,linear_drift_corrected,False,120.0,5.404274664489298
8,primary,linear_drift_corrected,False,125.0,4.908341961444813
8,primary,linear_drift_corrected,False,130.0,4.553199867030817
8,primary,linear_drift_corrected,False,135.0,4.298029177590199
8,primary,linear_drift_corrected,False,140.0,4.115699381459438
8,primary,linear_drift_corrected,False,145.0,3.985306478616105
8,primary,linear_drift_corrected,False,150.0,3.892507749478129
8,primary,linear_drift_corrected,False,155.0,3.826619547811277
8,primary,linear_drift_corrected,False,160.0,3.7800724620914226
8,primary,linear_drift_corrected,False,165.0,3.7474168931157084
8,primary,linear_drift_corrected,False,170.0,3.7246648378375133
8,primary,linear_drift_corrected,False,175.0,3.709042794480475
8,primary,linear_drift_corrected,False,180.0,3.698453911097316
8,primary,linear_drift_corrected,False,185.0,3.69149089588288
8,primary,linear_drift_corrected,False,190.0,3.6870542781402493
8,primary,linear_drift_corrected,False,195.0,3.6844331136825583
8,primary,linear_drift_corrected,False,200.0,3.683053221487414
8,primary,linear_drift_corrected,False,205.0,3.682557859013438
8,primary,linear_drift_corrected,False,210.0,3.682649014295021
8,primary,linear_drift_corrected,False,215.0,3.6831496089064455
8,primary,linear_drift_corrected,False,220.0,3.6839064727542006
8,primary,linear_drift_corrected,False,225.0,3.684833289064959
8,primary,linear_drift_corrected,False,230.0,3.685852622575128
8,primary,linear_drift_corrected,False,235.0,3.686923605239567
8,primary,linear_drift_corrected,False,240.0,3.6880084468397887
8,primary,linear_drift_corrected,False,245.0,3.689088355129011
8,primary,linear_drift_corrected,False,250.0,3.690146360555372
8,constant_baseline,far_constant_referenced,False,60.0,169.01820834315643
8,constant_baseline,far_constant_referenced,False,65.0,149.84302030996272
8,constant_baseline,far_constant_referenced,False,70.0,134.48075923456818
8,constant_baseline,far_constant_referenced,False,75.0,122.02389626067432
8,constant_baseline,far_constant_referenced,False,80.0,112.11879450293347
8,constant_baseline,far_constant_referenced,False,85.0,104.12574986187362
8,constant_baseline,far_constant_referenced,False,90.0,97.79197194576889
8,constant_baseline,far_constant_referenced,False,95.0,92.70482604617798
8,constant_baseline,far_constant_referenced,False,100.0,88.68227093763696
8,constant_baseline,far_constant_referenced,False,105.0,85.46344082115958
8,constant_baseline,far_constant_referenced,False,110.0,82.92121517738437
8,constant_baseline,far_constant_referenced,False,115.0,80.89308744919313
8,constant_baseline,far_constant_referenced,False,120.0,79.29211462659161
8,constant_baseline,far_constant_referenced,False,125.0,78.01816565886209
8,constant_baseline,far_constant_referenced,False,130.0,77.01262455241627
8,constant_baseline,far_constant_referenced,False,135.0,76.21430272178868
8,constant_baseline,far_constant_referenced,False,140.0,75.58407905185044
8,constant_baseline,far_constant_referenced,False,145.0,75.08480182241571
8,constant_baseline,far_constant_referenced,False,150.0,74.69054942584462
8,constant_baseline,far_constant_referenced,False,155.0,74.37888151799353
8,constant_baseline,far_constant_referenced,False,160.0,74.13271354121642
8,constant_baseline,far_constant_referenced,False,165.0,73.93855103437976
8,constant_baseline,far_constant_referenced,False,170.0,73.78517901520776
8,constant_baseline,far_constant_referenced,False,175.0,73.66451514791578
8,constant_baseline,far_constant_referenced,False,180.0,73.5692206538721
8,constant_baseline,far_constant_referenced,False,185.0,73.49447346984934
8,constant_baseline,far_constant_referenced,False,190.0,73.43548364253674
8,constant_baseline,far_constant_referenced,False,195.0,73.38938566132056
8,constant_baseline,far_constant_referenced,False,200.0,73.35306001365939
8,constant_baseline,far_constant_referenced,False,205.0,73.32481115566135
8,constant_baseline,far_constant_referenced,False,210.0,73.30261142969131
8,constant_baseline,far_constant_referenced,False,215.0,73.28546240057615
8,constant_baseline,far_constant_referenced,False,220.0,73.27204849945616
8,constant_baseline,far_constant_referenced,False,225.0,73.26178509538978
8,constant_baseline,far_constant_referenced,False,230.0,73.25382121313496
8,constant_baseline,far_constant_referenced,False,235.0,73.24781362662748
8,constant_baseline,far_constant_referenced,False,240.0,73.24322172111758
8,constant_baseline,far_constant_referenced,False,245.0,73.23982732014272
8,constant_baseline,far_constant_referenced,False,250.0,73.23730440714165
8,lower_plus_10nm,linear_drift_corrected,False,70.0,44.02331538412406
8,lower_plus_10nm,linear_drift_corrected,False,75.0,35.237176642864206
8,lower_plus_10nm,linear_drift_corrected,False,80.0,28.29603237948728
8,lower_plus_10nm,linear_drift_corrected,False,85.0,22.85054443160557
8,lower_plus_10nm,linear_drift_corrected,False,90.0,18.551292581395156
8,lower_plus_10nm,linear_drift_corrected,False,95.0,15.175633116345406
8,lower_plus_10nm,linear_drift_corrected,False,100.0,12.540581654136323
8,lower_plus_10nm,linear_drift_corrected,False,105.0,10.468728540103587
8,lower_plus_10nm,linear_drift_corrected,False,110.0,8.84782439558298
8,lower_plus_10nm,linear_drift_corrected,False,115.0,7.58625418747134
8,lower_plus_10nm,linear_drift_corrected,False,120.0,6.596823291037554
8,lower_plus_10nm,linear_drift_corrected,False,125.0,5.824560147090065
8,lower_plus_10nm,linear_drift_corrected,False,130.0,5.224687933530168
8,lower_plus_10nm,linear_drift_corrected,False,135.0,4.755094972315333
8,lower_plus_10nm,linear_drift_corrected,False,140.0,4.389277162736423
8,lower_plus_10nm,linear_drift_corrected,False,145.0,4.1056307380808095
8,lower_plus_10nm,linear_drift_corrected,False,150.0,3.88400827630616
8,lower_plus_10nm,linear_drift_corrected,False,155.0,3.711738805523529
8,lower_plus_10nm,linear_drift_corrected,False,160.0,3.5784721422989207
8,lower_plus_10nm,linear_drift_corrected,False,165.0,3.474619280054232
8,lower_plus_10nm,linear_drift_corrected,False,170.0,3.3941516446585154
8,lower_plus_10nm,linear_drift_corrected,False,175.0,3.3321308177629705
8,lower_plus_10nm,linear_drift_corrected,False,180.0,3.28400731932092
8,lower_plus_10nm,linear_drift_corrected,False,185.0,3.2469218623006313
8,lower_plus_10nm,linear_drift_corrected,False,190.0,3.2185247873339655
8,lower_plus_10nm,linear_drift_corrected,False,195.0,3.1966626322713743
8,lower_plus_10nm,linear_drift_corrected,False,200.0,3.179982849624457
8,lower_plus_10nm,linear_drift_corrected,False,205.0,3.167370363085809
8,lower_plus_10nm,linear_drift_corrected,False,210.0,3.15780823416332
8,lower_plus_10nm,linear_drift_corrected,False,215.0,3.1506585924286474
8,lower_plus_10nm,linear_drift_corrected,False,220.0,3.145393918277271
8,lower_plus_10nm,linear_drift_corrected,False,225.0,3.141535453075002
8,lower_plus_10nm,linear_drift_corrected,False,230.0,3.138783663948954
8,lower_plus_10nm,linear_drift_corrected,False,235.0,3.1368901420518522
8,lower_plus_10nm,linear_drift_corrected,False,240.0,3.1356305492929883
8,lower_plus_10nm,linear_drift_corrected,False,245.0,3.1348651861235024
8,lower_plus_10nm,linear_drift_corrected,False,250.0,3.1344779419716926
8,upper_200nm,linear_drift_corrected,False,60.0,92.69009683509907
8,upper_200nm,linear_drift_corrected,False,65.0,67.87327590996841
8,upper_200nm,linear_drift_corrected,False,70.0,49.97073133594266
8,upper_200nm,linear_drift_corrected,False,75.0,37.06651762523606
8,upper_200nm,linear_drift_corrected,False,80.0,27.750408412837864
8,upper_200nm,linear_drift_corrected,False,85.0,21.100447500034623
8,upper_200nm,linear_drift_corrected,False,90.0,16.310465653411093
8,upper_200nm,linear_drift_corrected,False,95.0,12.882370187964945
8,upper_200nm,linear_drift_corrected,False,100.0,10.432856658280443
8,upper_200nm,linear_drift_corrected,False,105.0,8.675236484856224
8,upper_200nm,linear_drift_corrected,False,110.0,7.426302114257833
8,upper_200nm,linear_drift_corrected,False,115.0,6.532126365466953
8,upper_200nm,linear_drift_corrected,False,120.0,5.89446670922359
8,upper_200nm,linear_drift_corrected,False,125.0,5.441560396138977
8,upper_200nm,linear_drift_corrected,False,130.0,5.118145316682692
8,upper_200nm,linear_drift_corrected,False,135.0,4.889427075275362
8,upper_200nm,linear_drift_corrected,False,140.0,4.726985692370902
8,upper_200nm,linear_drift_corrected,False,145.0,4.6119866369677185
8,upper_200nm,linear_drift_corrected,False,150.0,4.531297269379388
8,upper_200nm,linear_drift_corrected,False,155.0,4.474449996814583
8,upper_200nm,linear_drift_corrected,False,160.0,4.4349388018796425
8,upper_200nm,linear_drift_corrected,False,165.0,4.407584004845505
8,upper_200nm,linear_drift_corrected,False,170.0,4.388817132993537
8,upper_200nm,linear_drift_corrected,False,175.0,4.376264410116124
8,upper_200nm,linear_drift_corrected,False,180.0,4.367963924828366
8,upper_200nm,linear_drift_corrected,False,185.0,4.362714657695997
8,upper_200nm,linear_drift_corrected,False,190.0,4.359585962000304
8,upper_200nm,linear_drift_corrected,False,195.0,4.357912885560107
8,upper_200nm,linear_drift_corrected,False,200.0,4.357274136425084
8,common_80_250nm,linear_drift_corrected,False,80.0,24.02391671515685
8,common_80_250nm,linear_drift_corrected,False,85.0,20.582490937987586
8,common_80_250nm,linear_drift_corrected,False,90.0,17.673666428262116
8,common_80_250nm,linear_drift_corrected,False,95.0,15.221003253998676
8,common_80_250nm,linear_drift_corrected,False,100.0,13.157276684508288
8,common_80_250nm,linear_drift_corrected,False,105.0,11.423911093459784
8,common_80_250nm,linear_drift_corrected,False,110.0,9.970252619516675
8,common_80_250nm,linear_drift_corrected,False,115.0,8.752771016524022
8,common_80_250nm,linear_drift_corrected,False,120.0,7.734251610331556
8,common_80_250nm,linear_drift_corrected,False,125.0,6.883016465040975
8,common_80_250nm,linear_drift_corrected,False,130.0,6.17219811887697
8,common_80_250nm,linear_drift_corrected,False,135.0,5.579078185179242
8,common_80_250nm,linear_drift_corrected,False,140.0,5.084495573502751
8,common_80_250nm,linear_drift_corrected,False,145.0,4.672324142599583
8,common_80_250nm,linear_drift_corrected,False,150.0,4.329016525803228
8,common_80_250nm,linear_drift_corrected,False,155.0,4.043209115656318
8,common_80_250nm,linear_drift_corrected,False,160.0,3.805382343853783
8,common_80_250nm,linear_drift_corrected,False,165.0,3.6075701408655734
8,common_80_250nm,linear_drift_corrected,False,170.0,3.443112588786917
8,common_80_250nm,linear_drift_corrected,False,175.0,3.3064461376656022
8,common_80_250nm,linear_drift_corrected,False,180.0,3.1929262344365763
8,common_80_250nm,linear_drift_corrected,False,185.0,3.09867774426888
8,common_80_250nm,linear_drift_corrected,False,190.0,3.020469081187294
8,common_80_250nm,linear_drift_corrected,False,195.0,2.9556064803732913
8,common_80_250nm,linear_drift_corrected,False,200.0,2.9018453227129277
8,common_80_250nm,linear_drift_corrected,False,205.0,2.8573158551548343
8,common_80_250nm,linear_drift_corrected,False,210.0,2.8204610357429507
8,common_80_250nm,linear_drift_corrected,False,215.0,2.7899845705640773
8,common_80_250nm,linear_drift_corrected,False,220.0,2.764807504011097
8,common_80_250nm,linear_drift_corrected,False,225.0,2.7440319774539668
8,common_80_250nm,linear_drift_corrected,False,230.0,2.7269123721003057
8,common_80_250nm,linear_drift_corrected,False,235.0,2.712842529508488
8,common_80_250nm,linear_drift_corrected,False,240.0,2.701282955986131
8,common_80_250nm,linear_drift_corrected,False,245.0,2.691805539534762
8,common_80_250nm,linear_drift_corrected,False,250.0,2.6840542938458047
8,no_slip_hydrodynamic,linear_then_no_slip_corrected,True,60.0,76.26426009882967
8,no_slip_hydrodynamic,linear_then_no_slip_corrected,True,65.0,49.028978595718286
8,no_slip_hydrodynamic,linear_then_no_slip_corrected,True,70.0,31.349112295978287
8,no_slip_hydrodynamic,linear_then_no_slip_corrected,True,75.0,19.890557138332824
8,no_slip_hydrodynamic,linear_then_no_slip_corrected,True,80.0,12.483982842393143
8,no_slip_hydrodynamic,linear_then_no_slip_corrected,True,85.0,7.727072492212235
8,no_slip_hydrodynamic,linear_then_no_slip_corrected,True,90.0,4.65844903302825
8,no_slip_hydrodynamic,linear_then_no_slip_corrected,True,95.0,2.6830853181972687
8,no_slip_hydrodynamic,linear_then_no_slip_corrected,True,100.0,1.4155238760803905
8,no_slip_hydrodynamic,linear_then_no_slip_corrected,True,105.0,0.6053267907094129
8,no_slip_hydrodynamic,linear_then_no_slip_corrected,True,110.0,0.08637118661074372
8,no_slip_hydrodynamic,linear_then_no_slip_corrected,True,115.0,-0.24481128957294374
8,no_slip_hydrodynamic,linear_then_no_slip_corrected,True,120.0,-0.45470487361028716
8,no_slip_hydrodynamic,linear_then_no_slip_corrected,True,125.0,-0.5869995875969115
8,no_slip_hydrodynamic,linear_then_no_slip_corrected,True,130.0,-0.6699036520620759
8,no_slip_hydrodynamic,linear_then_no_slip_corrected,True,135.0,-0.7211543470043392
8,no_slip_hydrodynamic,linear_then_no_slip_corrected,True,140.0,-0.752078645986176
8,no_slip_hydrodynamic,linear_then_no_slip_corrected,True,145.0,-0.7702100424272896
8,no_slip_hydrodynamic,linear_then_no_slip_corrected,True,150.0,-0.780281107841273
8,no_slip_hydrodynamic,linear_then_no_slip_corrected,True,155.0,-0.7852907383146236
8,no_slip_hydrodynamic,linear_then_no_slip_corrected,True,160.0,-0.7871358519968886
8,no_slip_hydrodynamic,linear_then_no_slip_corrected,True,165.0,-0.7870882070538721
8,no_slip_hydrodynamic,linear_then_no_slip_corrected,True,170.0,-0.7859186209989281
8,no_slip_hydrodynamic,linear_then_no_slip_corrected,True,175.0,-0.784112840477231
8,no_slip_hydrodynamic,linear_then_no_slip_corrected,True,180.0,-0.7819756514918983
8,no_slip_hydrodynamic,linear_then_no_slip_corrected,True,185.0,-0.7797022093058226
8,no_slip_hydrodynamic,linear_then_no_slip_corrected,True,190.0,-0.7774059772594073
8,no_slip_hydrodynamic,linear_then_no_slip_corrected,True,195.0,-0.7751536321317208
8,no_slip_hydrodynamic,linear_then_no_slip_corrected,True,200.0,-0.7729836857647367
8,no_slip_hydrodynamic,linear_then_no_slip_corrected,True,205.0,-0.7709163294570545
8,no_slip_hydrodynamic,linear_then_no_slip_corrected,True,210.0,-0.7689596412440188
8,no_slip_hydrodynamic,linear_then_no_slip_corrected,True,215.0,-0.7671148656879172
8,no_slip_hydrodynamic,linear_then_no_slip_corrected,True,220.0,-0.7653796720877696
8,no_slip_hydrodynamic,linear_then_no_slip_corrected,True,225.0,-0.7637493436247363
8,no_slip_hydrodynamic,linear_then_no_slip_corrected,True,230.0,-0.7622180016949173
8,no_slip_hydrodynamic,linear_then_no_slip_corrected,True,235.0,-0.7607793223471659
8,no_slip_hydrodynamic,linear_then_no_slip_corrected,True,240.0,-0.7594270463951944
8,no_slip_hydrodynamic,linear_then_no_slip_corrected,True,245.0,-0.758155046620731
8,no_slip_hydrodynamic,linear_then_no_slip_corrected,True,250.0,-0.7569575175029384
9,primary,linear_drift_corrected,False,65.0,66.43475737875357
9,primary,linear_drift_corrected,False,70.0,58.843266065081494
9,primary,linear_drift_corrected,False,75.0,52.207015282197716
9,primary,linear_drift_corrected,False,80.0,46.36356350870071
9,primary,linear_drift_corrected,False,85.0,41.2375506793515
9,primary,linear_drift_corrected,False,90.0,36.818630108424834
9,primary,linear_drift_corrected,False,95.0,32.95898758266667
9,primary,linear_drift_corrected,False,100.0,29.59756903954959
9,primary,linear_drift_corrected,False,105.0,26.71017411878849
9,primary,linear_drift_corrected,False,110.0,24.21161092672761
9,primary,linear_drift_corrected,False,115.0,22.045890643484643
9,primary,linear_drift_corrected,False,120.0,20.187541635257567
9,primary,linear_drift_corrected,False,125.0,18.59189749162028
9,primary,linear_drift_corrected,False,130.0,17.213095500769036
9,primary,linear_drift_corrected,False,135.0,16.029234051968924
9,primary,linear_drift_corrected,False,140.0,15.019544967539119
9,primary,linear_drift_corrected,False,145.0,14.14880943687011
9,primary,linear_drift_corrected,False,150.0,13.399866187828497
9,primary,linear_drift_corrected,False,155.0,12.764956606052497
9,primary,linear_drift_corrected,False,160.0,12.218120337197186
9,primary,linear_drift_corrected,False,165.0,11.747850728473633
9,primary,linear_drift_corrected,False,170.0,11.349097602806502
9,primary,linear_drift_corrected,False,175.0,11.007021933880617
9,primary,linear_drift_corrected,False,180.0,10.713063809956997
9,primary,linear_drift_corrected,False,185.0,10.463113943423405
9,primary,linear_drift_corrected,False,190.0,10.24975695198605
9,primary,linear_drift_corrected,False,195.0,10.066508372385133
9,primary,linear_drift_corrected,False,200.0,9.910218122587455
9,primary,linear_drift_corrected,False,205.0,9.777469517898549
9,primary,linear_drift_corrected,False,210.0,9.663503918772708
9,primary,linear_drift_corrected,False,215.0,9.565994347851134
9,primary,linear_drift_corrected,False,220.0,9.483590934958668
9,primary,linear_drift_corrected,False,225.0,9.412879371411435
9,primary,linear_drift_corrected,False,230.0,9.35228779733737
9,primary,linear_drift_corrected,False,235.0,9.301161318705184
9,primary,linear_drift_corrected,False,240.0,9.257404235003838
9,primary,linear_drift_corrected,False,245.0,9.21993517386572
9,primary,linear_drift_corrected,False,250.0,9.188233149474595
9,constant_baseline,far_constant_referenced,False,65.0,129.43357408228522
9,constant_baseline,far_constant_referenced,False,70.0,123.22040986671064
9,constant_baseline,far_constant_referenced,False,75.0,117.5106594505104
9,constant_baseline,far_constant_referenced,False,80.0,112.35083222959383
9,constant_baseline,far_constant_referenced,False,85.0,107.63061206007725
9,constant_baseline,far_constant_referenced,False,90.0,103.3244643180291
9,constant_baseline,far_constant_referenced,False,95.0,99.47521088207444
9,constant_baseline,far_constant_referenced,False,100.0,95.98102516713075
9,constant_baseline,far_constant_referenced,False,105.0,92.81415653617131
9,constant_baseline,far_constant_referenced,False,110.0,89.99507091153626
9,constant_baseline,far_constant_referenced,False,115.0,87.45669579669692
9,constant_baseline,far_constant_referenced,False,120.0,85.16701271008885
9,constant_baseline,far_constant_referenced,False,125.0,83.13308463034804
9,constant_baseline,far_constant_referenced,False,130.0,81.31429624761415
9,constant_baseline,far_constant_referenced,False,135.0,79.67936765762367
9,constant_baseline,far_constant_referenced,False,140.0,78.22800871848787
9,constant_baseline,far_constant_referenced,False,145.0,76.93792558056009
9,constant_baseline,far_constant_referenced,False,150.0,75.78116913094158
9,constant_baseline,far_constant_referenced,False,155.0,74.75389545568743
9,constant_baseline,far_constant_referenced,False,160.0,73.8455924740216
9,constant_baseline,far_constant_referenced,False,165.0,73.03264324071289
9,constant_baseline,far_constant_referenced,False,170.0,72.30987782607926
9,constant_baseline,far_constant_referenced,False,175.0,71.6738471819174
9,constant_baseline,far_constant_referenced,False,180.0,71.10533663085005
9,constant_baseline,far_constant_referenced,False,185.0,70.59905937645857
9,constant_baseline,far_constant_referenced,False,190.0,70.155467599056
9,constant_baseline,far_constant_referenced,False,195.0,69.75934463019196
9,constant_baseline,far_constant_referenced,False,200.0,69.4058746231996
9,constant_baseline,far_constant_referenced,False,205.0,69.09741691027625
9,constant_baseline,far_constant_referenced,False,210.0,68.8221585830533
9,constant_baseline,far_constant_referenced,False,215.0,68.57669468565132
9,constant_baseline,far_constant_referenced,False,220.0,68.36197664839285
9,constant_baseline,far_constant_referenced,False,225.0,68.17110078918988
9,constant_baseline,far_constant_referenced,False,230.0,68.00096680452391
9,constant_baseline,far_constant_referenced,False,235.0,67.85176243015825
9,constant_baseline,far_constant_referenced,False,240.0,67.71961767391872
9,constant_baseline,far_constant_referenced,False,245.0,67.60187679476479
9,constant_baseline,far_constant_referenced,False,250.0,67.49834648466103
9,lower_plus_10nm,linear_drift_corrected,False,75.0,43.89550925296288
9,lower_plus_10nm,linear_drift_corrected,False,80.0,40.61939166365994
9,lower_plus_10nm,linear_drift_corrected,False,85.0,37.58437602220063
9,lower_plus_10nm,linear_drift_corrected,False,90.0,34.800444909286654
9,lower_plus_10nm,linear_drift_corrected,False,95.0,32.23183096873091
9,lower_plus_10nm,linear_drift_corrected,False,100.0,29.8674348010992
9,lower_plus_10nm,linear_drift_corrected,False,105.0,27.69572039666066
9,lower_plus_10nm,linear_drift_corrected,False,110.0,25.70496582861837
9,lower_plus_10nm,linear_drift_corrected,False,115.0,23.883464663362872
9,lower_plus_10nm,linear_drift_corrected,False,120.0,22.237831158668413
9,lower_plus_10nm,linear_drift_corrected,False,125.0,20.73626486017737
9,lower_plus_10nm,linear_drift_corrected,False,130.0,19.368066530782187
9,lower_plus_10nm,linear_drift_corrected,False,135.0,18.123010373250207
9,lower_plus_10nm,linear_drift_corrected,False,140.0,16.99138519306787
9,lower_plus_10nm,linear_drift_corrected,False,145.0,15.964019480520879
9,lower_plus_10nm,linear_drift_corrected,False,150.0,15.041543871896758
9,lower_plus_10nm,linear_drift_corrected,False,155.0,14.206656368646007
9,lower_plus_10nm,linear_drift_corrected,False,160.0,13.450316971216923
9,lower_plus_10nm,linear_drift_corrected,False,165.0,12.765692512390743
9,lower_plus_10nm,linear_drift_corrected,False,170.0,12.14645670060082
9,lower_plus_10nm,linear_drift_corrected,False,175.0,11.586767729192248
9,lower_plus_10nm,linear_drift_corrected,False,180.0,11.085558352180815
9,lower_plus_10nm,linear_drift_corrected,False,185.0,10.634455613345095
9,lower_plus_10nm,linear_drift_corrected,False,190.0,10.227137733035402
9,lower_plus_10nm,linear_drift_corrected,False,195.0,9.859551981212476
9,lower_plus_10nm,linear_drift_corrected,False,200.0,9.527992147677862
9,lower_plus_10nm,linear_drift_corrected,False,205.0,9.229073598471746
9,lower_plus_10nm,linear_drift_corrected,False,210.0,8.961576861674576
9,lower_plus_10nm,linear_drift_corrected,False,215.0,8.721799842147512
9,lower_plus_10nm,linear_drift_corrected,False,220.0,8.505704122671748
9,lower_plus_10nm,linear_drift_corrected,False,225.0,8.311025578829597
9,lower_plus_10nm,linear_drift_corrected,False,230.0,8.135706929246897
9,lower_plus_10nm,linear_drift_corrected,False,235.0,7.9778803060818735
9,lower_plus_10nm,linear_drift_corrected,False,240.0,7.836594103059035
9,lower_plus_10nm,linear_drift_corrected,False,245.0,7.710358541082127
9,lower_plus_10nm,linear_drift_corrected,False,250.0,7.596718913948923
9,upper_200nm,linear_drift_corrected,False,65.0,62.33501706296167
9,upper_200nm,linear_drift_corrected,False,70.0,56.80058499766155
9,upper_200nm,linear_drift_corrected,False,75.0,51.67646409197904
9,upper_200nm,linear_drift_corrected,False,80.0,47.01276109788086
9,upper_200nm,linear_drift_corrected,False,85.0,42.722543612281285
9,upper_200nm,linear_drift_corrected,False,90.0,38.78670198686085
9,upper_200nm,linear_drift_corrected,False,95.0,35.185116098537904
9,upper_200nm,linear_drift_corrected,False,100.0,31.946055059420203
9,upper_200nm,linear_drift_corrected,False,105.0,28.994310433453066
9,upper_200nm,linear_drift_corrected,False,110.0,26.309281090424502
9,upper_200nm,linear_drift_corrected,False,115.0,23.871280587765973
9,upper_200nm,linear_drift_corrected,False,120.0,21.69603166508881
9,upper_200nm,linear_drift_corrected,False,125.0,19.726283878286715
9,upper_200nm,linear_drift_corrected,False,130.0,17.94470849304077
9,upper_200nm,linear_drift_corrected,False,135.0,16.335476607978066
9,upper_200nm,linear_drift_corrected,False,140.0,14.907295604659982
9,upper_200nm,linear_drift_corrected,False,145.0,13.619628399424824
9,upper_200nm,linear_drift_corrected,False,150.0,12.45944664144652
9,upper_200nm,linear_drift_corrected,False,155.0,11.41518870403132
9,upper_200nm,linear_drift_corrected,False,160.0,10.491702773210257
9,upper_200nm,linear_drift_corrected,False,165.0,9.661544676393797
9,upper_200nm,linear_drift_corrected,False,170.0,8.915515164450463
9,upper_200nm,linear_drift_corrected,False,175.0,8.245624575117128
9,upper_200nm,linear_drift_corrected,False,180.0,7.654602713452114
9,upper_200nm,linear_drift_corrected,False,185.0,7.124398206280546
9,upper_200nm,linear_drift_corrected,False,190.0,6.648759047207722
9,upper_200nm,linear_drift_corrected,False,195.0,6.222349779643798
9,upper_200nm,linear_drift_corrected,False,200.0,5.846728111098626
9,common_80_250nm,linear_drift_corrected,False,80.0,38.164026443372855
9,common_80_250nm,linear_drift_corrected,False,85.0,35.64088110638392
9,common_80_250nm,linear_drift_corrected,False,90.0,33.280926739834094
9,common_80_250nm,linear_drift_corrected,False,95.0,31.079214905248463
9,common_80_250nm,linear_drift_corrected,False,100.0,29.029897179675977
9,common_80_250nm,linear_drift_corrected,False,105.0,27.12647491609075
9,common_80_250nm,linear_drift_corrected,False,110.0,25.36200575059481
9,common_80_250nm,linear_drift_corrected,False,115.0,23.72927454905213
9,common_80_250nm,linear_drift_corrected,False,120.0,22.22093434948028
9,common_80_250nm,linear_drift_corrected,False,125.0,20.829621620579026
9,common_80_250nm,linear_drift_corrected,False,130.0,19.548049397967212
9,common_80_250nm,linear_drift_corrected,False,135.0,18.36908135354711
9,common_80_250nm,linear_drift_corrected,False,140.0,17.285789481096693
9,common_80_250nm,linear_drift_corrected,False,145.0,16.291497780643667
9,common_80_250nm,linear_drift_corrected,False,150.0,15.379814063882725
9,common_80_250nm,linear_drift_corrected,False,155.0,14.544651767617431
9,common_80_250nm,linear_drift_corrected,False,160.0,13.780243445168832
9,common_80_250nm,linear_drift_corrected,False,165.0,13.08114740432655
9,common_80_250nm,linear_drift_corrected,False,170.0,12.442248774058125
9,common_80_250nm,linear_drift_corrected,False,175.0,11.858756110870342
9,common_80_250nm,linear_drift_corrected,False,180.0,11.32619449956018
9,common_80_250nm,linear_drift_corrected,False,185.0,10.84229186934429
9,common_80_250nm,linear_drift_corrected,False,190.0,10.400982719074896
9,common_80_250nm,linear_drift_corrected,False,195.0,9.998701033713008
9,common_80_250nm,linear_drift_corrected,False,200.0,9.632155518624547
9,common_80_250nm,linear_drift_corrected,False,205.0,9.298306319595326
9,common_80_250nm,linear_drift_corrected,False,210.0,8.994350263770272
9,common_80_250nm,linear_drift_corrected,False,215.0,8.717706151120446
9,common_80_250nm,linear_drift_corrected,False,220.0,8.466000285435282
9,common_80_250nm,linear_drift_corrected,False,225.0,8.237052389953522
9,common_80_250nm,linear_drift_corrected,False,230.0,8.028862016038987
9,common_80_250nm,linear_drift_corrected,False,235.0,7.839595522857612
9,common_80_250nm,linear_drift_corrected,False,240.0,7.667573680977935
9,common_80_250nm,linear_drift_corrected,False,245.0,7.511259932435963
9,common_80_250nm,linear_drift_corrected,False,250.0,7.369249323394517
9,no_slip_hydrodynamic,linear_then_no_slip_corrected,True,65.0,58.63859541793277
9,no_slip_hydrodynamic,linear_then_no_slip_corrected,True,70.0,51.16470769818709
9,no_slip_hydrodynamic,linear_then_no_slip_corrected,True,75.0,44.70374140886556
9,no_slip_hydrodynamic,linear_then_no_slip_corrected,True,80.0,39.140067836096875
9,no_slip_hydrodynamic,linear_then_no_slip_corrected,True,85.0,34.39326941582663
9,no_slip_hydrodynamic,linear_then_no_slip_corrected,True,90.0,30.32766772542892
9,no_slip_hydrodynamic,linear_then_no_slip_corrected,True,95.0,26.854266018699427
9,no_slip_hydrodynamic,linear_then_no_slip_corrected,True,100.0,23.893387275718418
9,no_slip_hydrodynamic,linear_then_no_slip_corrected,True,105.0,21.374346371701353
9,no_slip_hydrodynamic,linear_then_no_slip_corrected,True,110.0,19.234914576515663
9,no_slip_hydrodynamic,linear_then_no_slip_corrected,True,115.0,17.420662481831634
9,no_slip_hydrodynamic,linear_then_no_slip_corrected,True,120.0,15.892949313003026
9,no_slip_hydrodynamic,linear_then_no_slip_corrected,True,125.0,14.600014469499605
9,no_slip_hydrodynamic,linear_then_no_slip_corrected,True,130.0,13.506194332944304
9,no_slip_hydrodynamic,linear_then_no_slip_corrected,True,135.0,12.581706154032418
9,no_slip_hydrodynamic,linear_then_no_slip_corrected,True,140.0,11.801007732609246
9,no_slip_hydrodynamic,linear_then_no_slip_corrected,True,145.0,11.142248772621818
9,no_slip_hydrodynamic,linear_then_no_slip_corrected,True,150.0,10.586778450596203
9,no_slip_hydrodynamic,linear_then_no_slip_corrected,True,155.0,10.12115406338674
9,no_slip_hydrodynamic,linear_then_no_slip_corrected,True,160.0,9.729052605408679
9,no_slip_hydrodynamic,linear_then_no_slip_corrected,True,165.0,9.398595010570096
9,no_slip_hydrodynamic,linear_then_no_slip_corrected,True,170.0,9.120244931202883
9,no_slip_hydrodynamic,linear_then_no_slip_corrected,True,175.0,8.885910973589477
9,no_slip_hydrodynamic,linear_then_no_slip_corrected,True,180.0,8.688734785597791
9,no_slip_hydrodynamic,linear_then_no_slip_corrected,True,185.0,8.522908490318962
9,no_slip_hydrodynamic,linear_then_no_slip_corrected,True,190.0,8.384176150097979
9,no_slip_hydrodynamic,linear_then_no_slip_corrected,True,195.0,8.267707383926442
9,no_slip_hydrodynamic,linear_then_no_slip_corrected,True,200.0,8.169772831420685
9,no_slip_hydrodynamic,linear_then_no_slip_corrected,True,205.0,8.087469120272555
9,no_slip_hydrodynamic,linear_then_no_slip_corrected,True,210.0,8.018341674676064
9,no_slip_hydrodynamic,linear_then_no_slip_corrected,True,215.0,7.96031648080907
9,no_slip_hydrodynamic,linear_then_no_slip_corrected,True,220.0,7.911641979273087
9,no_slip_hydrodynamic,linear_then_no_slip_corrected,True,225.0,7.871012233150039
9,no_slip_hydrodynamic,linear_then_no_slip_corrected,True,230.0,7.83703057995271
9,no_slip_hydrodynamic,linear_then_no_slip_corrected,True,235.0,7.80854999662935
9,no_slip_hydrodynamic,linear_then_no_slip_corrected,True,240.0,7.784702073978875
9,no_slip_hydrodynamic,linear_then_no_slip_corrected,True,245.0,7.764753672690332
9,no_slip_hydrodynamic,linear_then_no_slip_corrected,True,250.0,7.748086113606773
10,primary,linear_drift_corrected,False,60.0,95.69421556652007
10,primary,linear_drift_corrected,False,65.0,84.35267477544839
10,primary,linear_drift_corrected,False,70.0,74.59978060269809
10,primary,linear_drift_corrected,False,75.0,66.24759751743386
10,primary,linear_drift_corrected,False,80.0,59.120395842493906
10,primary,linear_drift_corrected,False,85.0,53.05721055223637
10,primary,linear_drift_corrected,False,90.0,47.912923514617646
10,primary,linear_drift_corrected,False,95.0,43.558341962420386
10,primary,linear_drift_corrected,False,100.0,39.88975444650421
10,primary,linear_drift_corrected,False,105.0,36.79436660545757
10,primary,linear_drift_corrected,False,110.0,34.18649686042655
10,primary,linear_drift_corrected,False,115.0,31.992202358799243
10,primary,linear_drift_corrected,False,120.0,30.147975616116447
10,primary,linear_drift_corrected,False,125.0,28.59949311022246
10,primary,linear_drift_corrected,False,130.0,27.300447794123045
10,primary,linear_drift_corrected,False,135.0,26.21148263364487
10,primary,linear_drift_corrected,False,140.0,25.29923197533754
10,primary,linear_drift_corrected,False,145.0,24.535470642413777
10,primary,linear_drift_corrected,False,150.0,23.896366234958144
10,primary,linear_drift_corrected,False,155.0,23.361827477892625
10,primary,linear_drift_corrected,False,160.0,22.914940086871205
10,primary,linear_drift_corrected,False,165.0,22.5414811119944
10,primary,linear_drift_corrected,False,170.0,22.229502779730296
10,primary,linear_drift_corrected,False,175.0,21.969643726689878
10,primary,linear_drift_corrected,False,180.0,21.752679790011644
10,primary,linear_drift_corrected,False,185.0,21.571515665566654
10,primary,linear_drift_corrected,False,190.0,21.420297435521746
10,primary,linear_drift_corrected,False,195.0,21.294120735937195
10,primary,linear_drift_corrected,False,200.0,21.188878482337216
10,primary,linear_drift_corrected,False,205.0,21.10113255159183
10,primary,linear_drift_corrected,False,210.0,21.028005779993737
10,primary,linear_drift_corrected,False,215.0,20.967091153682404
10,primary,linear_drift_corrected,False,220.0,20.916375521502815
10,primary,linear_drift_corrected,False,225.0,20.874175556094915
10,primary,linear_drift_corrected,False,230.0,20.839084031576
10,primary,linear_drift_corrected,False,235.0,20.80992478106756
10,primary,linear_drift_corrected,False,240.0,20.785714949988982
10,primary,linear_drift_corrected,False,245.0,20.76563337670584
10,primary,linear_drift_corrected,False,250.0,20.749033050431503
10,constant_baseline,far_constant_referenced,False,60.0,149.61304645599665
10,constant_baseline,far_constant_referenced,False,65.0,138.4501135414814
10,constant_baseline,far_constant_referenced,False,70.0,128.74542452565996
10,constant_baseline,far_constant_referenced,False,75.0,120.39930972205048
10,constant_baseline,far_constant_referenced,False,80.0,113.19441269286668
10,constant_baseline,far_constant_referenced,False,85.0,106.99439368974285
10,constant_baseline,far_constant_referenced,False,90.0,101.67409625963404
10,constant_baseline,far_constant_referenced,False,95.0,97.12009136983458
10,constant_baseline,far_constant_referenced,False,100.0,93.23065405745686
10,constant_baseline,far_constant_referenced,False,105.0,89.93393410475844
10,constant_baseline,far_constant_referenced,False,110.0,87.12983257906126
10,constant_baseline,far_constant_referenced,False,115.0,84.74431248856848
10,constant_baseline,far_constant_referenced,False,120.0,82.71768172842988
10,constant_baseline,far_constant_referenced,False,125.0,80.99807723084265
10,constant_baseline,far_constant_referenced,False,130.0,79.5406112614218
10,constant_baseline,far_constant_referenced,False,135.0,78.31188138702562
10,constant_baseline,far_constant_referenced,False,140.0,77.27460627277333
10,constant_baseline,far_constant_referenced,False,145.0,76.39654884128251
10,constant_baseline,far_constant_referenced,False,150.0,75.65384371884237
10,constant_baseline,far_constant_referenced,False,155.0,75.02607420875451
10,constant_baseline,far_constant_referenced,False,160.0,74.49580463677897
10,constant_baseline,far_constant_referenced,False,165.0,74.04945301451873
10,constant_baseline,far_constant_referenced,False,170.0,73.67434444912331
10,constant_baseline,far_constant_referenced,False,175.0,73.35755430820241
10,constant_baseline,far_constant_referenced,False,180.0,73.09016574106259
10,constant_baseline,far_constant_referenced,False,185.0,72.86459715449315
10,constant_baseline,far_constant_referenced,False,190.0,72.6744083749675
10,constant_baseline,far_constant_referenced,False,195.0,72.51435317336106
10,constant_baseline,far_constant_referenced,False,200.0,72.38032325492065
10,constant_baseline,far_constant_referenced,False,205.0,72.26731101432134
10,constant_baseline,far_constant_referenced,False,210.0,72.17207471204844
10,constant_baseline,far_constant_referenced,False,215.0,72.09186483271242
10,constant_baseline,far_constant_referenced,False,220.0,72.02435082577604
10,constant_baseline,far_constant_referenced,False,225.0,71.96755844034186
10,constant_baseline,far_constant_referenced,False,230.0,71.9201697185
10,constant_baseline,far_constant_referenced,False,235.0,71.8803036305142
10,constant_baseline,far_constant_referenced,False,240.0,71.84678526356045
10,constant_baseline,far_constant_referenced,False,245.0,71.81862750464693
10,constant_baseline,far_constant_referenced,False,250.0,71.79499445590373
10,lower_plus_10nm,linear_drift_corrected,False,70.0,56.1821241247208
10,lower_plus_10nm,linear_drift_corrected,False,75.0,53.897656570272474
10,lower_plus_10nm,linear_drift_corrected,False,80.0,51.662315043589174
10,lower_plus_10nm,linear_drift_corrected,False,85.0,49.523090028183084
10,lower_plus_10nm,linear_drift_corrected,False,90.0,47.45817644951435
10,lower_plus_10nm,linear_drift_corrected,False,95.0,45.46087005289442
10,lower_plus_10nm,linear_drift_corrected,False,100.0,43.531974409711474
10,lower_plus_10nm,linear_drift_corrected,False,105.0,41.710863503576284
10,lower_plus_10nm,linear_drift_corrected,False,110.0,39.957440180159864
10,lower_plus_10nm,linear_drift_corrected,False,115.0,38.27134716494453
10,lower_plus_10nm,linear_drift_corrected,False,120.0,36.65935289917399
10,lower_plus_10nm,linear_drift_corrected,False,125.0,35.14186949510706
10,lower_plus_10nm,linear_drift_corrected,False,130.0,33.6874708798705
10,lower_plus_10nm,linear_drift_corrected,False,135.0,32.29521057790329
10,lower_plus_10nm,linear_drift_corrected,False,140.0,30.976809761962254
10,lower_plus_10nm,linear_drift_corrected,False,145.0,29.736242213979057
10,lower_plus_10nm,linear_drift_corrected,False,150.0,28.55155258528265
10,lower_plus_10nm,linear_drift_corrected,False,155.0,27.421548677862464
10,lower_plus_10nm,linear_drift_corrected,False,160.0,26.36126313406415
10,lower_plus_10nm,linear_drift_corrected,False,165.0,25.362186852361972
10,lower_plus_10nm,linear_drift_corrected,False,170.0,24.410898672394573
10,lower_plus_10nm,linear_drift_corrected,False,175.0,23.506157789250203
10,lower_plus_10nm,linear_drift_corrected,False,180.0,22.66468341101492
10,lower_plus_10nm,linear_drift_corrected,False,185.0,21.86961040784507
10,lower_plus_10nm,linear_drift_corrected,False,190.0,21.11436894377117
10,lower_plus_10nm,linear_drift_corrected,False,195.0,20.397781275348407
10,lower_plus_10nm,linear_drift_corrected,False,200.0,19.73691825673798
10,lower_plus_10nm,linear_drift_corrected,False,205.0,19.110154708295134
10,lower_plus_10nm,linear_drift_corrected,False,210.0,18.51595081883169
10,lower_plus_10nm,linear_drift_corrected,False,215.0,17.956002813472292
10,lower_plus_10nm,linear_drift_corrected,False,220.0,17.438506902055675
10,lower_plus_10nm,linear_drift_corrected,False,225.0,16.948130465917636
10,lower_plus_10nm,linear_drift_corrected,False,230.0,16.483973389777223
10,lower_plus_10nm,linear_drift_corrected,False,235.0,16.04980388606665
10,lower_plus_10nm,linear_drift_corrected,False,240.0,15.646799646827583
10,lower_plus_10nm,linear_drift_corrected,False,245.0,15.265421712030982
10,lower_plus_10nm,linear_drift_corrected,False,250.0,14.904912681189316
10,upper_200nm,linear_drift_corrected,False,60.0,104.23857717907724
10,upper_200nm,linear_drift_corrected,False,65.0,86.55865879510601
10,upper_200nm,linear_drift_corrected,False,70.0,72.8955968451747
10,upper_200nm,linear_drift_corrected,False,75.0,62.36959124210183
10,upper_200nm,linear_drift_corrected,False,80.0,54.28129187032617
10,upper_200nm,linear_drift_corrected,False,85.0,48.07945758317504
10,upper_200nm,linear_drift_corrected,False,90.0,43.33255477275446
10,upper_200nm,linear_drift_corrected,False,95.0,39.704642499286166
10,upper_200nm,linear_drift_corrected,False,100.0,36.93538570370838
10,upper_200nm,linear_drift_corrected,False,105.0,34.82741996814435
10,upper_200nm,linear_drift_corrected,False,110.0,33.220649081115155
10,upper_200nm,linear_drift_corrected,False,115.0,31.99689583337933
10,upper_200nm,linear_drift_corrected,False,120.0,31.065547427654362
10,upper_200nm,linear_drift_corrected,False,125.0,30.357236711322514
10,upper_200nm,linear_drift_corrected,False,130.0,29.81892940077561
10,upper_200nm,linear_drift_corrected,False,135.0,29.410121068967108
10,upper_200nm,linear_drift_corrected,False,140.0,29.099903460856737
10,upper_200nm,linear_drift_corrected,False,145.0,28.8647077240181
10,upper_200nm,linear_drift_corrected,False,150.0,28.686572233427587
10,upper_200nm,linear_drift_corrected,False,155.0,28.55181543722842
10,upper_200nm,linear_drift_corrected,False,160.0,28.45002047168985
10,upper_200nm,linear_drift_corrected,False,165.0,28.373259194378985
10,upper_200nm,linear_drift_corrected,False,170.0,28.315499727740658
10,upper_200nm,linear_drift_corrected,False,175.0,28.272154449223873
10,upper_200nm,linear_drift_corrected,False,180.0,28.239740380041244
10,upper_200nm,linear_drift_corrected,False,185.0,28.21564180488827
10,upper_200nm,linear_drift_corrected,False,190.0,28.19778166378689
10,upper_200nm,linear_drift_corrected,False,195.0,28.184638425065632
10,upper_200nm,linear_drift_corrected,False,200.0,28.175056331924377
10,common_80_250nm,linear_drift_corrected,False,80.0,45.42180698487336
10,common_80_250nm,linear_drift_corrected,False,85.0,44.192688405672115
10,common_80_250nm,linear_drift_corrected,False,90.0,42.974098456800085
10,common_80_250nm,linear_drift_corrected,False,95.0,41.76768737550059
10,common_80_250nm,linear_drift_corrected,False,100.0,40.57459245635232
10,common_80_250nm,linear_drift_corrected,False,105.0,39.39544006892565
10,common_80_250nm,linear_drift_corrected,False,110.0,38.230320046888444
10,common_80_250nm,linear_drift_corrected,False,115.0,37.08665269250072
10,common_80_250nm,linear_drift_corrected,False,120.0,35.95887505147253
10,common_80_250nm,linear_drift_corrected,False,125.0,34.84588273918561
10,common_80_250nm,linear_drift_corrected,False,130.0,33.7510880812645
10,common_80_250nm,linear_drift_corrected,False,135.0,32.679831997098766
10,common_80_250nm,linear_drift_corrected,False,140.0,31.62385170205414
10,common_80_250nm,linear_drift_corrected,False,145.0,30.5975903950521
10,common_80_250nm,linear_drift_corrected,False,150.0,29.570710714194306
10,common_80_250nm,linear_drift_corrected,False,155.0,28.57877311120724
10,common_80_250nm,linear_drift_corrected,False,160.0,27.602924566760187
10,common_80_250nm,linear_drift_corrected,False,165.0,26.63188902774806
10,common_80_250nm,linear_drift_corrected,False,170.0,25.707513651401143
10,common_80_250nm,linear_drift_corrected,False,175.0,24.782811165940373
10,common_80_250nm,linear_drift_corrected,False,180.0,23.884754709031654
10,common_80_250nm,linear_drift_corrected,False,185.0,23.0114637092297
10,common_80_250nm,linear_drift_corrected,False,190.0,22.137939522657334
10,common_80_250nm,linear_drift_corrected,False,195.0,21.312192584022263
10,common_80_250nm,linear_drift_corrected,False,200.0,20.489499041816778
10,common_80_250nm,linear_drift_corrected,False,205.0,19.684431437024912
10,common_80_250nm,linear_drift_corrected,False,210.0,18.911540223260992
10,common_80_250nm,linear_drift_corrected,False,215.0,18.138508600427464
10,common_80_250nm,linear_drift_corrected,False,220.0,17.40303062623711
10,common_80_250nm,linear_drift_corrected,False,225.0,16.678480097955017
10,common_80_250nm,linear_drift_corrected,False,230.0,15.962847148488505
10,common_80_250nm,linear_drift_corrected,False,235.0,15.285176945796556
10,common_80_250nm,linear_drift_corrected,False,240.0,14.607417223494297
10,common_80_250nm,linear_drift_corrected,False,245.0,13.957183031227162
10,common_80_250nm,linear_drift_corrected,False,250.0,13.324525887535687
10,no_slip_hydrodynamic,linear_then_no_slip_corrected,True,60.0,88.18191600132938
10,no_slip_hydrodynamic,linear_then_no_slip_corrected,True,65.0,76.31938929091262
10,no_slip_hydrodynamic,linear_then_no_slip_corrected,True,70.0,66.37921027046059
10,no_slip_hydrodynamic,linear_then_no_slip_corrected,True,75.0,58.08441220222632
10,no_slip_hydrodynamic,linear_then_no_slip_corrected,True,80.0,51.233527661199744
10,no_slip_hydrodynamic,linear_then_no_slip_corrected,True,85.0,45.54893644045869
10,no_slip_hydrodynamic,linear_then_no_slip_corrected,True,90.0,40.84425153681849
10,no_slip_hydrodynamic,linear_then_no_slip_corrected,True,95.0,36.95930587864693
10,no_slip_hydrodynamic,linear_then_no_slip_corrected,True,100.0,33.757573956670385
10,no_slip_hydrodynamic,linear_then_no_slip_corrected,True,105.0,31.133176587049398
10,no_slip_hydrodynamic,linear_then_no_slip_corrected,True,110.0,28.983083305389673
10,no_slip_hydrodynamic,linear_then_no_slip_corrected,True,115.0,27.21699716184222
10,no_slip_hydrodynamic,linear_then_no_slip_corrected,True,120.0,25.767990339556334
10,no_slip_hydrodynamic,linear_then_no_slip_corrected,True,125.0,24.580358851505636
10,no_slip_hydrodynamic,linear_then_no_slip_corrected,True,130.0,23.60831436607412
10,no_slip_hydrodynamic,linear_then_no_slip_corrected,True,135.0,22.818287095927207
10,no_slip_hydrodynamic,linear_then_no_slip_corrected,True,140.0,22.171596734820604
10,no_slip_hydrodynamic,linear_then_no_slip_corrected,True,145.0,21.642613490681303
10,no_slip_hydrodynamic,linear_then_no_slip_corrected,True,150.0,21.21020884725266
10,no_slip_hydrodynamic,linear_then_no_slip_corrected,True,155.0,20.85698660326094
10,no_slip_hydrodynamic,linear_then_no_slip_corrected,True,160.0,20.56987562370807
10,no_slip_hydrodynamic,linear_then_no_slip_corrected,True,165.0,20.336156181502577
10,no_slip_hydrodynamic,linear_then_no_slip_corrected,True,170.0,20.145357425940055
10,no_slip_hydrodynamic,linear_then_no_slip_corrected,True,175.0,19.98970164512675
10,no_slip_hydrodynamic,linear_then_no_slip_corrected,True,180.0,19.862806098393012
10,no_slip_hydrodynamic,linear_then_no_slip_corrected,True,185.0,19.7595334677458
10,no_slip_hydrodynamic,linear_then_no_slip_corrected,True,190.0,19.676000470127015
10,no_slip_hydrodynamic,linear_then_no_slip_corrected,True,195.0,19.60797771925045
10,no_slip_hydrodynamic,linear_then_no_slip_corrected,True,200.0,19.552638363306865
10,no_slip_hydrodynamic,linear_then_no_slip_corrected,True,205.0,19.507665914556167
10,no_slip_hydrodynamic,linear_then_no_slip_corrected,True,210.0,19.471162832981634
10,no_slip_hydrodynamic,linear_then_no_slip_corrected,True,215.0,19.441723374545692
10,no_slip_hydrodynamic,linear_then_no_slip_corrected,True,220.0,19.417939745085253
10,no_slip_hydrodynamic,linear_then_no_slip_corrected,True,225.0,19.3987005966368
10,no_slip_hydrodynamic,linear_then_no_slip_corrected,True,230.0,19.383170026712996
10,no_slip_hydrodynamic,linear_then_no_slip_corrected,True,235.0,19.37066388144912
10,no_slip_hydrodynamic,linear_then_no_slip_corrected,True,240.0,19.36063815060448
10,no_slip_hydrodynamic,linear_then_no_slip_corrected,True,245.0,19.352667466668283
10,no_slip_hydrodynamic,linear_then_no_slip_corrected,True,250.0,19.34630725860491
11,primary,linear_drift_corrected,False,70.0,49.29500283421828
11,primary,linear_drift_corrected,False,75.0,35.98734483080881
11,primary,linear_drift_corrected,False,80.0,27.974871646115545
11,primary,linear_drift_corrected,False,85.0,23.12999103192538
11,primary,linear_drift_corrected,False,90.0,20.22844067496753
11,primary,linear_drift_corrected,False,95.0,18.479908179706594
11,primary,linear_drift_corrected,False,100.0,17.435342832175422
11,primary,linear_drift_corrected,False,105.0,16.81007071286157
11,primary,linear_drift_corrected,False,110.0,16.438550769685463
11,primary,linear_drift_corrected,False,115.0,16.218757865806715
11,primary,linear_drift_corrected,False,120.0,16.089934568893153
11,primary,linear_drift_corrected,False,125.0,16.015638156544814
11,primary,linear_drift_corrected,False,130.0,15.973649070199093
11,primary,linear_drift_corrected,False,135.0,15.950997783648884
11,primary,linear_drift_corrected,False,140.0,15.93959585187018
11,primary,linear_drift_corrected,False,145.0,15.93485584735623
11,primary,linear_drift_corrected,False,150.0,15.933864045679721
11,primary,linear_drift_corrected,False,155.0,15.934996733808552
11,primary,linear_drift_corrected,False,160.0,15.937242469685488
11,primary,linear_drift_corrected,False,165.0,15.940033452000344
11,primary,linear_drift_corrected,False,170.0,15.943032379339725
11,primary,linear_drift_corrected,False,175.0,15.946051648150709
11,primary,linear_drift_corrected,False,180.0,15.94898914302485
11,primary,linear_drift_corrected,False,185.0,15.95179189403471
11,primary,linear_drift_corrected,False,190.0,15.954437598891102
11,primary,linear_drift_corrected,False,195.0,15.956919065088314
11,primary,linear_drift_corrected,False,200.0,15.959239335935397
11,primary,linear_drift_corrected,False,205.0,15.961405331333914
11,primary,linear_drift_corrected,False,210.0,15.963426708938696
11,primary,linear_drift_corrected,False,215.0,15.96531361694198
11,primary,linear_drift_corrected,False,220.0,15.96707632289908
11,primary,linear_drift_corrected,False,225.0,15.968724606647413
11,primary,linear_drift_corrected,False,230.0,15.970267637490668
11,primary,linear_drift_corrected,False,235.0,15.971713873713714
11,primary,linear_drift_corrected,False,240.0,15.973071053259988
11,primary,linear_drift_corrected,False,245.0,15.974346229774415
11,primary,linear_drift_corrected,False,250.0,15.975545740470208
11,constant_baseline,far_constant_referenced,False,70.0,143.34972444833883
11,constant_baseline,far_constant_referenced,False,75.0,136.6438306456652
11,constant_baseline,far_constant_referenced,False,80.0,130.72747837880326
11,constant_baseline,far_constant_referenced,False,85.0,125.44720941372182
11,constant_baseline,far_constant_referenced,False,90.0,120.84082666917229
11,constant_baseline,far_constant_referenced,False,95.0,116.75472156713445
11,constant_baseline,far_constant_referenced,False,100.0,113.18101873586797
11,constant_baseline,far_constant_referenced,False,105.0,110.04856281551199
11,constant_baseline,far_constant_referenced,False,110.0,107.29732274642947
11,constant_baseline,far_constant_referenced,False,115.0,104.91374599643248
11,constant_baseline,far_constant_referenced,False,120.0,102.81437573511413
11,constant_baseline,far_constant_referenced,False,125.0,101.0055074135837
11,constant_baseline,far_constant_referenced,False,130.0,99.4196544094298
11,constant_baseline,far_constant_referenced,False,135.0,98.04491685574158
11,constant_baseline,far_constant_referenced,False,140.0,96.85196443739368
11,constant_baseline,far_constant_referenced,False,145.0,95.8106384939376
11,constant_baseline,far_constant_referenced,False,150.0,94.91625676832062
11,constant_baseline,far_constant_referenced,False,155.0,94.1328520697831
11,constant_baseline,far_constant_referenced,False,160.0,93.46086064122159
11,constant_baseline,far_constant_referenced,False,165.0,92.87516917650632
11,constant_baseline,far_constant_referenced,False,170.0,92.36895000341023
11,constant_baseline,far_constant_referenced,False,175.0,91.93195295137149
11,constant_baseline,far_constant_referenced,False,180.0,91.55119205821367
11,constant_baseline,far_constant_referenced,False,185.0,91.22569407237506
11,constant_baseline,far_constant_referenced,False,190.0,90.94125527486716
11,constant_baseline,far_constant_referenced,False,195.0,90.69757280495422
11,constant_baseline,far_constant_referenced,False,200.0,90.48592979365843
11,constant_baseline,far_constant_referenced,False,205.0,90.30312147751033
11,constant_baseline,far_constant_referenced,False,210.0,90.14583895394807
11,constant_baseline,far_constant_referenced,False,215.0,90.0088219939789
11,constant_baseline,far_constant_referenced,False,220.0,89.89207572286539
11,constant_baseline,far_constant_referenced,False,225.0,89.79018532698046
11,constant_baseline,far_constant_referenced,False,230.0,89.70291310094781
11,constant_baseline,far_constant_referenced,False,235.0,89.62733056955993
11,constant_baseline,far_constant_referenced,False,240.0,89.56204697300204
11,constant_baseline,far_constant_referenced,False,245.0,89.50604748684857
11,constant_baseline,far_constant_referenced,False,250.0,89.4572584432298
11,lower_plus_10nm,linear_drift_corrected,False,80.0,30.828502781361095
11,lower_plus_10nm,linear_drift_corrected,False,85.0,24.941533745186007
11,lower_plus_10nm,linear_drift_corrected,False,90.0,21.346043609718194
11,lower_plus_10nm,linear_drift_corrected,False,95.0,19.146723521477263
11,lower_plus_10nm,linear_drift_corrected,False,100.0,17.804684937088886
11,lower_plus_10nm,linear_drift_corrected,False,105.0,16.991086788843077
11,lower_plus_10nm,linear_drift_corrected,False,110.0,16.497038443771167
11,lower_plus_10nm,linear_drift_corrected,False,115.0,16.1982704732573
11,lower_plus_10nm,linear_drift_corrected,False,120.0,16.01912339128175
11,lower_plus_10nm,linear_drift_corrected,False,125.0,15.912789709051438
11,lower_plus_10nm,linear_drift_corrected,False,130.0,15.850376802350791
11,lower_plus_10nm,linear_drift_corrected,False,135.0,15.814623129223001
11,lower_plus_10nm,linear_drift_corrected,False,140.0,15.79506375696104
11,lower_plus_10nm,linear_drift_corrected,False,145.0,15.785091515821886
11,lower_plus_10nm,linear_drift_corrected,False,150.0,15.780805991841397
11,lower_plus_10nm,linear_drift_corrected,False,155.0,15.779854468106649
11,lower_plus_10nm,linear_drift_corrected,False,160.0,15.780798558153649
11,lower_plus_10nm,linear_drift_corrected,False,165.0,15.782764803645259
11,lower_plus_10nm,linear_drift_corrected,False,170.0,15.78524469025899
11,lower_plus_10nm,linear_drift_corrected,False,175.0,15.78794107070339
11,lower_plus_10nm,linear_drift_corrected,False,180.0,15.790675130819114
11,lower_plus_10nm,linear_drift_corrected,False,185.0,15.793350352209876
11,lower_plus_10nm,linear_drift_corrected,False,190.0,15.795916114112513
11,lower_plus_10nm,linear_drift_corrected,False,195.0,15.7983479767856
11,lower_plus_10nm,linear_drift_corrected,False,200.0,15.800636945392169
11,lower_plus_10nm,linear_drift_corrected,False,205.0,15.802783441553489
11,lower_plus_10nm,linear_drift_corrected,False,210.0,15.804792703216023
11,lower_plus_10nm,linear_drift_corrected,False,215.0,15.806672075228326
11,lower_plus_10nm,linear_drift_corrected,False,220.0,15.808430084704643
11,lower_plus_10nm,linear_drift_corrected,False,225.0,15.8100754704917
11,lower_plus_10nm,linear_drift_corrected,False,230.0,15.811616715849832
11,lower_plus_10nm,linear_drift_corrected,False,235.0,15.81306184230013
11,lower_plus_10nm,linear_drift_corrected,False,240.0,15.814418331826028
11,lower_plus_10nm,linear_drift_corrected,False,245.0,15.815693078234856
11,lower_plus_10nm,linear_drift_corrected,False,250.0,15.816892385727396
11,upper_200nm,linear_drift_corrected,False,70.0,49.72387732569775
11,upper_200nm,linear_drift_corrected,False,75.0,36.31786555067325
11,upper_200nm,linear_drift_corrected,False,80.0,27.972287023503608
11,upper_200nm,linear_drift_corrected,False,85.0,22.787531584542894
11,upper_200nm,linear_drift_corrected,False,90.0,19.572297772704275
11,upper_200nm,linear_drift_corrected,False,95.0,17.58196439387617
11,upper_200nm,linear_drift_corrected,False,100.0,16.352278194236696
11,upper_200nm,linear_drift_corrected,False,105.0,15.595835312098782
11,upper_200nm,linear_drift_corrected,False,110.0,15.130510840859468
11,upper_200nm,linear_drift_corrected,False,115.0,14.84547459516507
11,upper_200nm,linear_drift_corrected,False,120.0,14.671947166425158
11,upper_200nm,linear_drift_corrected,False,125.0,14.567268831553434
11,upper_200nm,linear_drift_corrected,False,130.0,14.505002629515193
11,upper_200nm,linear_drift_corrected,False,135.0,14.468780502739504
11,upper_200nm,linear_drift_corrected,False,140.0,14.448516829270078
11,upper_200nm,linear_drift_corrected,False,145.0,14.437906382910493
11,upper_200nm,linear_drift_corrected,False,150.0,14.433093699541258
11,upper_200nm,linear_drift_corrected,False,155.0,14.431722306701204
11,upper_200nm,linear_drift_corrected,False,160.0,14.43234737157907
11,upper_200nm,linear_drift_corrected,False,165.0,14.434087591183612
11,upper_200nm,linear_drift_corrected,False,170.0,14.436409412969564
11,upper_200nm,linear_drift_corrected,False,175.0,14.438994124929769
11,upper_200nm,linear_drift_corrected,False,180.0,14.44165306421669
11,upper_200nm,linear_drift_corrected,False,185.0,14.444277504193218
11,upper_200nm,linear_drift_corrected,False,190.0,14.446808812481391
11,upper_200nm,linear_drift_corrected,False,195.0,14.449217430691668
11,upper_200nm,linear_drift_corrected,False,200.0,14.451491060723912
11,common_80_250nm,linear_drift_corrected,False,80.0,30.828502781361095
11,common_80_250nm,linear_drift_corrected,False,85.0,24.941533745186007
11,common_80_250nm,linear_drift_corrected,False,90.0,21.346043609718194
11,common_80_250nm,linear_drift_corrected,False,95.0,19.146723521477263
11,common_80_250nm,linear_drift_corrected,False,100.0,17.804684937088886
11,common_80_250nm,linear_drift_corrected,False,105.0,16.991086788843077
11,common_80_250nm,linear_drift_corrected,False,110.0,16.497038443771167
11,common_80_250nm,linear_drift_corrected,False,115.0,16.1982704732573
11,common_80_250nm,linear_drift_corrected,False,120.0,16.01912339128175
11,common_80_250nm,linear_drift_corrected,False,125.0,15.912789709051438
11,common_80_250nm,linear_drift_corrected,False,130.0,15.850376802350791
11,common_80_250nm,linear_drift_corrected,False,135.0,15.814623129223001
11,common_80_250nm,linear_drift_corrected,False,140.0,15.79506375696104
11,common_80_250nm,linear_drift_corrected,False,145.0,15.785091515821886
11,common_80_250nm,linear_drift_corrected,False,150.0,15.780805991841397
11,common_80_250nm,linear_drift_corrected,False,155.0,15.779854468106649
11,common_80_250nm,linear_drift_corrected,False,160.0,15.780798558153649
11,common_80_250nm,linear_drift_corrected,False,165.0,15.782764803645259
11,common_80_250nm,linear_drift_corrected,False,170.0,15.78524469025899
11,common_80_250nm,linear_drift_corrected,False,175.0,15.78794107070339
11,common_80_250nm,linear_drift_corrected,False,180.0,15.790675130819114
11,common_80_250nm,linear_drift_corrected,False,185.0,15.793350352209876
11,common_80_250nm,linear_drift_corrected,False,190.0,15.795916114112513
11,common_80_250nm,linear_drift_corrected,False,195.0,15.7983479767856
11,common_80_250nm,linear_drift_corrected,False,200.0,15.800636945392169
11,common_80_250nm,linear_drift_corrected,False,205.0,15.802783441553489
11,common_80_250nm,linear_drift_corrected,False,210.0,15.804792703216023
11,common_80_250nm,linear_drift_corrected,False,215.0,15.806672075228326
11,common_80_250nm,linear_drift_corrected,False,220.0,15.808430084704643
11,common_80_250nm,linear_drift_corrected,False,225.0,15.8100754704917
11,common_80_250nm,linear_drift_corrected,False,230.0,15.811616715849832
11,common_80_250nm,linear_drift_corrected,False,235.0,15.81306184230013
11,common_80_250nm,linear_drift_corrected,False,240.0,15.814418331826028
11,common_80_250nm,linear_drift_corrected,False,245.0,15.815693078234856
11,common_80_250nm,linear_drift_corrected,False,250.0,15.816892385727396
11,no_slip_hydrodynamic,linear_then_no_slip_corrected,True,70.0,29.95771827678592
11,no_slip_hydrodynamic,linear_then_no_slip_corrected,True,75.0,21.720275974394735
11,no_slip_hydrodynamic,linear_then_no_slip_corrected,True,80.0,16.979240578934302
11,no_slip_hydrodynamic,linear_then_no_slip_corrected,True,85.0,14.256752571202757
11,no_slip_hydrodynamic,linear_then_no_slip_corrected,True,90.0,12.697349008847224
11,no_slip_hydrodynamic,linear_then_no_slip_corrected,True,95.0,11.807056384139273
11,no_slip_hydrodynamic,linear_then_no_slip_corrected,True,100.0,11.301133710290477
11,no_slip_hydrodynamic,linear_then_no_slip_corrected,True,105.0,11.015659596001543
11,no_slip_hydrodynamic,linear_then_no_slip_corrected,True,110.0,10.856486080487734
11,no_slip_hydrodynamic,linear_then_no_slip_corrected,True,115.0,10.769233629133497
11,no_slip_hydrodynamic,linear_then_no_slip_corrected,True,120.0,10.722886501583664
11,no_slip_hydrodynamic,linear_then_no_slip_corrected,True,125.0,10.69966185770513
11,no_slip_hydrodynamic,linear_then_no_slip_corrected,True,130.0,10.689382337838966
11,no_slip_hydrodynamic,linear_then_no_slip_corrected,True,135.0,10.686239067731057
11,no_slip_hydrodynamic,linear_then_no_slip_corrected,True,140.0,10.686929797308869
11,no_slip_hydrodynamic,linear_then_no_slip_corrected,True,145.0,10.689588559980807
11,no_slip_hydrodynamic,linear_then_no_slip_corrected,True,150.0,10.693170741384185
11,no_slip_hydrodynamic,linear_then_no_slip_corrected,True,155.0,10.697100081026745
11,no_slip_hydrodynamic,linear_then_no_slip_corrected,True,160.0,10.70106626914541
11,no_slip_hydrodynamic,linear_then_no_slip_corrected,True,165.0,10.704909073950347
11,no_slip_hydrodynamic,linear_then_no_slip_corrected,True,170.0,10.708552142131934
11,no_slip_hydrodynamic,linear_then_no_slip_corrected,True,175.0,10.711965285434681
11,no_slip_hydrodynamic,linear_then_no_slip_corrected,True,180.0,10.715143090731605
11,no_slip_hydrodynamic,linear_then_no_slip_corrected,True,185.0,10.71809287749404
11,no_slip_hydrodynamic,linear_then_no_slip_corrected,True,190.0,10.720828002651361
11,no_slip_hydrodynamic,linear_then_no_slip_corrected,True,195.0,10.723364189954221
11,no_slip_hydrodynamic,linear_then_no_slip_corrected,True,200.0,10.725717580768064
11,no_slip_hydrodynamic,linear_then_no_slip_corrected,True,205.0,10.72790377129707
11,no_slip_hydrodynamic,linear_then_no_slip_corrected,True,210.0,10.729937330045535
11,no_slip_hydrodynamic,linear_then_no_slip_corrected,True,215.0,10.731831621358578
11,no_slip_hydrodynamic,linear_then_no_slip_corrected,True,220.0,10.733598779886485
11,no_slip_hydrodynamic,linear_then_no_slip_corrected,True,225.0,10.735249762461596
11,no_slip_hydrodynamic,linear_then_no_slip_corrected,True,230.0,10.73679436402352
11,no_slip_hydrodynamic,linear_then_no_slip_corrected,True,235.0,10.738241636817676
11,no_slip_hydrodynamic,linear_then_no_slip_corrected,True,240.0,10.739599463295505
11,no_slip_hydrodynamic,linear_then_no_slip_corrected,True,245.0,10.740875044952974
11,no_slip_hydrodynamic,linear_then_no_slip_corrected,True,250.0,10.742074880553856
12,primary,linear_drift_corrected,False,60.0,46.8857340057195
12,primary,linear_drift_corrected,False,65.0,23.315356248515425
12,primary,linear_drift_corrected,False,70.0,8.211176533104076
12,primary,linear_drift_corrected,False,75.0,-1.4819255025044953
12,primary,linear_drift_corrected,False,80.0,-7.688559843825804
12,primary,linear_drift_corrected,False,85.0,-11.655024124921813
12,primary,linear_drift_corrected,False,90.0,-14.185296995784888
12,primary,linear_drift_corrected,False,95.0,-15.795437397135238
12,primary,linear_drift_corrected,False,100.0,-16.81696799356167
12,primary,linear_drift_corrected,False,105.0,-17.465569885993705
12,primary,linear_drift_corrected,False,110.0,-17.876092297050896
12,primary,linear_drift_corrected,False,115.0,-18.13482803884056
12,primary,linear_drift_corrected,False,120.0,-18.296938794641775
12,primary,linear_drift_corrected,False,125.0,-18.3975123064142
12,primary,linear_drift_corrected,False,130.0,-18.45916865465484
12,primary,linear_drift_corrected,False,135.0,-18.49633888415814
12,primary,linear_drift_corrected,False,140.0,-18.518070601357547
12,primary,linear_drift_corrected,False,145.0,-18.53012415951534
12,primary,linear_drift_corrected,False,150.0,-18.53616001126374
12,primary,linear_drift_corrected,False,155.0,-18.538484485580774
12,primary,linear_drift_corrected,False,160.0,-18.538584563288502
12,primary,linear_drift_corrected,False,165.0,-18.537382702204663
12,primary,linear_drift_corrected,False,170.0,-18.535451055053834
12,primary,linear_drift_corrected,False,175.0,-18.533144816240434
12,primary,linear_drift_corrected,False,180.0,-18.530681715967948
12,primary,linear_drift_corrected,False,185.0,-18.52819145795054
12,primary,linear_drift_corrected,False,190.0,-18.525752660306196
12,primary,linear_drift_corrected,False,195.0,-18.523407348207552
12,primary,linear_drift_corrected,False,200.0,-18.521176740926414
12,primary,linear_drift_corrected,False,205.0,-18.519069433235252
12,primary,linear_drift_corrected,False,210.0,-18.517086463350527
12,primary,linear_drift_corrected,False,215.0,-18.515224534353354
12,primary,linear_drift_corrected,False,220.0,-18.513478129606387
12,primary,linear_drift_corrected,False,225.0,-18.511840443406847
12,primary,linear_drift_corrected,False,230.0,-18.510304281073132
12,primary,linear_drift_corrected,False,235.0,-18.508862481809643
12,primary,linear_drift_corrected,False,240.0,-18.507508152565975
12,primary,linear_drift_corrected,False,245.0,-18.506234803639362
12,primary,linear_drift_corrected,False,250.0,-18.505036395298898
12,constant_baseline,far_constant_referenced,False,60.0,132.72325612643064
12,constant_baseline,far_constant_referenced,False,65.0,122.41055187230369
12,constant_baseline,far_constant_referenced,False,70.0,113.37809935244877
12,constant_baseline,far_constant_referenced,False,75.0,105.50153488648436
12,constant_baseline,far_constant_referenced,False,80.0,98.72209352010151
12,constant_baseline,far_constant_referenced,False,85.0,92.84524762008104
12,constant_baseline,far_constant_referenced,False,90.0,87.7659954782507
12,constant_baseline,far_constant_referenced,False,95.0,83.38792368036884
12,constant_baseline,far_constant_referenced,False,100.0,79.63781665151677
12,constant_baseline,far_constant_referenced,False,105.0,76.43690644669718
12,constant_baseline,far_constant_referenced,False,110.0,73.69105009969172
12,constant_baseline,far_constant_referenced,False,115.0,71.3397357687612
12,constant_baseline,far_constant_referenced,False,120.0,69.32953914312395
12,constant_baseline,far_constant_referenced,False,125.0,67.62697499425109
12,constant_baseline,far_constant_referenced,False,130.0,66.17623868564559
12,constant_baseline,far_constant_referenced,False,135.0,64.93849678441381
12,constant_baseline,far_constant_referenced,False,140.0,63.883707617994816
12,constant_baseline,far_constant_referenced,False,145.0,62.98746199128846
12,constant_baseline,far_constant_referenced,False,150.0,62.23126320888499
12,constant_baseline,far_constant_referenced,False,155.0,61.58738776869235
12,constant_baseline,far_constant_referenced,False,160.0,61.039657743344456
12,constant_baseline,far_constant_referenced,False,165.0,60.574121389775655
12,constant_baseline,far_constant_referenced,False,170.0,60.18110309874576
12,constant_baseline,far_constant_referenced,False,175.0,59.8486042892062
12,constant_baseline,far_constant_referenced,False,180.0,59.56604545020651
12,constant_baseline,far_constant_referenced,False,185.0,59.32611396708626
12,constant_baseline,far_constant_referenced,False,190.0,59.12253281536687
12,constant_baseline,far_constant_referenced,False,195.0,58.95163925781526
12,constant_baseline,far_constant_referenced,False,200.0,58.80657477058955
12,constant_baseline,far_constant_referenced,False,205.0,58.68348365938687
12,constant_baseline,far_constant_referenced,False,210.0,58.57911813180984
12,constant_baseline,far_constant_referenced,False,215.0,58.491033351728305
12,constant_baseline,far_constant_referenced,False,220.0,58.416892329845666
12,constant_baseline,far_constant_referenced,False,225.0,58.354032970568866
12,constant_baseline,far_constant_referenced,False,230.0,58.30078470425507
12,constant_baseline,far_constant_referenced,False,235.0,58.25571762867795
12,constant_baseline,far_constant_referenced,False,240.0,58.21791340651086
12,constant_baseline,far_constant_referenced,False,245.0,58.1860016542137
12,constant_baseline,far_constant_referenced,False,250.0,58.159007915255216
12,lower_plus_10nm,linear_drift_corrected,False,70.0,11.896103818705217
12,lower_plus_10nm,linear_drift_corrected,False,75.0,-0.3723109326268279
12,lower_plus_10nm,linear_drift_corrected,False,80.0,-7.727491285211158
12,lower_plus_10nm,linear_drift_corrected,False,85.0,-12.116368431099653
12,lower_plus_10nm,linear_drift_corrected,False,90.0,-14.740787160152635
12,lower_plus_10nm,linear_drift_corrected,False,95.0,-16.29859568064026
12,lower_plus_10nm,linear_drift_corrected,False,100.0,-17.22716132379518
12,lower_plus_10nm,linear_drift_corrected,False,105.0,-17.774507144089906
12,lower_plus_10nm,linear_drift_corrected,False,110.0,-18.098220969847173
12,lower_plus_10nm,linear_drift_corrected,False,115.0,-18.28697260726029
12,lower_plus_10nm,linear_drift_corrected,False,120.0,-18.39643191052627
12,lower_plus_10nm,linear_drift_corrected,False,125.0,-18.458488705815057
12,lower_plus_10nm,linear_drift_corrected,False,130.0,-18.492737169206688
12,lower_plus_10nm,linear_drift_corrected,False,135.0,-18.51060160071955
12,lower_plus_10nm,linear_drift_corrected,False,140.0,-18.518941487324767
12,lower_plus_10nm,linear_drift_corrected,False,145.0,-18.521821986987852
12,lower_plus_10nm,linear_drift_corrected,False,150.0,-18.52161983881348
12,lower_plus_10nm,linear_drift_corrected,False,155.0,-18.519761892513586
12,lower_plus_10nm,linear_drift_corrected,False,160.0,-18.51705375406182
12,lower_plus_10nm,linear_drift_corrected,False,165.0,-18.513981433748256
12,lower_plus_10nm,linear_drift_corrected,False,170.0,-18.51080437837601
12,lower_plus_10nm,linear_drift_corrected,False,175.0,-18.50767621098475
12,lower_plus_10nm,linear_drift_corrected,False,180.0,-18.504670781272143
12,lower_plus_10nm,linear_drift_corrected,False,185.0,-18.501826072362263
12,lower_plus_10nm,linear_drift_corrected,False,190.0,-18.49915453752449
12,lower_plus_10nm,linear_drift_corrected,False,195.0,-18.496656962630265
12,lower_plus_10nm,linear_drift_corrected,False,200.0,-18.494326894912586
12,lower_plus_10nm,linear_drift_corrected,False,205.0,-18.492154769919633
12,lower_plus_10nm,linear_drift_corrected,False,210.0,-18.490129677311145
12,lower_plus_10nm,linear_drift_corrected,False,215.0,-18.488240461769696
12,lower_plus_10nm,linear_drift_corrected,False,220.0,-18.486476360873738
12,lower_plus_10nm,linear_drift_corrected,False,225.0,-18.484827216469107
12,lower_plus_10nm,linear_drift_corrected,False,230.0,-18.48328366369283
12,lower_plus_10nm,linear_drift_corrected,False,235.0,-18.48183710427518
12,lower_plus_10nm,linear_drift_corrected,False,240.0,-18.480479725405086
12,lower_plus_10nm,linear_drift_corrected,False,245.0,-18.479204501690795
12,lower_plus_10nm,linear_drift_corrected,False,250.0,-18.478004815491396
12,upper_200nm,linear_drift_corrected,False,60.0,47.17446439877804
12,upper_200nm,linear_drift_corrected,False,65.0,23.176859488999803
12,upper_200nm,linear_drift_corrected,False,70.0,7.925895040337561
12,upper_200nm,linear_drift_corrected,False,75.0,-1.742571817213225
12,upper_200nm,linear_drift_corrected,False,80.0,-7.8595685580528265
12,upper_200nm,linear_drift_corrected,False,85.0,-11.722917235735945
12,upper_200nm,linear_drift_corrected,False,90.0,-14.158974928347948
12,upper_200nm,linear_drift_corrected,False,95.0,-15.692478043518978
12,upper_200nm,linear_drift_corrected,False,100.0,-16.655957404670076
12,upper_200nm,linear_drift_corrected,False,105.0,-17.259821570926
12,upper_200nm,linear_drift_corrected,False,110.0,-17.63705300897921
12,upper_200nm,linear_drift_corrected,False,115.0,-17.87156974138996
12,upper_200nm,linear_drift_corrected,False,120.0,-18.016352168358186
12,upper_200nm,linear_drift_corrected,False,125.0,-18.10494670542418
12,upper_200nm,linear_drift_corrected,False,130.0,-18.158348847817305
12,upper_200nm,linear_drift_corrected,False,135.0,-18.189781033868556
12,upper_200nm,linear_drift_corrected,False,140.0,-18.20756130478749
12,upper_200nm,linear_drift_corrected,False,145.0,-18.216914958828447
12,upper_200nm,linear_drift_corrected,False,150.0,-18.22111818719171
12,upper_200nm,linear_drift_corrected,False,155.0,-18.222219729380914
12,upper_200nm,linear_drift_corrected,False,160.0,-18.22149606800698
12,upper_200nm,linear_drift_corrected,False,165.0,-18.219738420519214
12,upper_200nm,linear_drift_corrected,False,170.0,-18.217433584679917
12,upper_200nm,linear_drift_corrected,False,175.0,-18.214877819981425
12,upper_200nm,linear_drift_corrected,False,180.0,-18.21224849831796
12,upper_200nm,linear_drift_corrected,False,185.0,-18.209649132971176
12,upper_200nm,linear_drift_corrected,False,190.0,-18.20713763420633
12,upper_200nm,linear_drift_corrected,False,195.0,-18.204744003162777
12,upper_200nm,linear_drift_corrected,False,200.0,-18.202481380591415
12,common_80_250nm,linear_drift_corrected,False,80.0,-7.545853749380326
12,common_80_250nm,linear_drift_corrected,False,85.0,-12.01497040763212
12,common_80_250nm,linear_drift_corrected,False,90.0,-14.680356485052258
12,common_80_250nm,linear_drift_corrected,False,95.0,-16.271703562757782
12,common_80_250nm,linear_drift_corrected,False,100.0,-17.21738482925474
12,common_80_250nm,linear_drift_corrected,False,105.0,-17.77836306684274
12,common_80_250nm,linear_drift_corrected,False,110.0,-18.109376140048038
12,common_80_250nm,linear_drift_corrected,False,115.0,-18.303288878538126
12,common_80_250nm,linear_drift_corrected,False,120.0,-18.415781840777672
12,common_80_250nm,linear_drift_corrected,False,125.0,-18.479786355264636
12,common_80_250nm,linear_drift_corrected,False,130.0,-18.51527209437282
12,common_80_250nm,linear_drift_corrected,False,135.0,-18.533869688453724
12,common_80_250nm,linear_drift_corrected,False,140.0,-18.54270696218818
12,common_80_250nm,linear_drift_corrected,False,145.0,-18.545862836506355
12,common_80_250nm,linear_drift_corrected,False,150.0,-18.545858363802907
12,common_80_250nm,linear_drift_corrected,False,155.0,-18.544103647481
12,common_80_250nm,linear_drift_corrected,False,160.0,-18.54147301453822
12,common_80_250nm,linear_drift_corrected,False,165.0,-18.538439650908487
12,common_80_250nm,linear_drift_corrected,False,170.0,-18.535292442773684
12,common_80_250nm,linear_drift_corrected,False,175.0,-18.532179638242496
12,common_80_250nm,linear_drift_corrected,False,180.0,-18.52918527965068
12,common_80_250nm,linear_drift_corrected,False,185.0,-18.526346594986183
12,common_80_250nm,linear_drift_corrected,False,190.0,-18.523679154769706
12,common_80_250nm,linear_drift_corrected,False,195.0,-18.521183927986566
12,common_80_250nm,linear_drift_corrected,False,200.0,-18.518855373868004
12,common_80_250nm,linear_drift_corrected,False,205.0,-18.5166841570666
12,common_80_250nm,linear_drift_corrected,False,210.0,-18.514659620974935
12,common_80_250nm,linear_drift_corrected,False,215.0,-18.512770752302526
12,common_80_250nm,linear_drift_corrected,False,220.0,-18.511006854179097
12,common_80_250nm,linear_drift_corrected,False,225.0,-18.50935784095344
12,common_80_250nm,linear_drift_corrected,False,230.0,-18.50781436212899
12,common_80_250nm,linear_drift_corrected,False,235.0,-18.50636785276403
12,common_80_250nm,linear_drift_corrected,False,240.0,-18.50501050190606
12,common_80_250nm,linear_drift_corrected,False,245.0,-18.503735300797945
12,common_80_250nm,linear_drift_corrected,False,250.0,-18.50253562564785
12,no_slip_hydrodynamic,linear_then_no_slip_corrected,True,60.0,42.27044693775652
12,no_slip_hydrodynamic,linear_then_no_slip_corrected,True,65.0,18.509859206262785
12,no_slip_hydrodynamic,linear_then_no_slip_corrected,True,70.0,3.8318886356248214
12,no_slip_hydrodynamic,linear_then_no_slip_corrected,True,75.0,-5.251498227734931
12,no_slip_hydrodynamic,linear_then_no_slip_corrected,True,80.0,-10.859332995559722
12,no_slip_hydrodynamic,linear_then_no_slip_corrected,True,85.0,-14.314009362820318
12,no_slip_hydrodynamic,linear_then_no_slip_corrected,True,90.0,-16.436063379592213
12,no_slip_hydrodynamic,linear_then_no_slip_corrected,True,95.0,-17.735171950366446
12,no_slip_hydrodynamic,linear_then_no_slip_corrected,True,100.0,-18.5310842592987
12,no_slip_hydrodynamic,linear_then_no_slip_corrected,True,105.0,-19.016964594892872
12,no_slip_hydrodynamic,linear_then_no_slip_corrected,True,110.0,-19.31211428590446
12,no_slip_hydrodynamic,linear_then_no_slip_corrected,True,115.0,-19.489835367733193
12,no_slip_hydrodynamic,linear_then_no_slip_corrected,True,120.0,-19.595826524876355
12,no_slip_hydrodynamic,linear_then_no_slip_corrected,True,125.0,-19.658176114591022
12,no_slip_hydrodynamic,linear_then_no_slip_corrected,True,130.0,-19.693914567543825
12,no_slip_hydrodynamic,linear_then_no_slip_corrected,True,135.0,-19.71351241288258
12,no_slip_hydrodynamic,linear_then_no_slip_corrected,True,140.0,-19.723355993715312
12,no_slip_hydrodynamic,linear_then_no_slip_corrected,True,145.0,-19.727441242664508
12,no_slip_hydrodynamic,linear_then_no_slip_corrected,True,150.0,-19.728164327171967
12,no_slip_hydrodynamic,linear_then_no_slip_corrected,True,155.0,-19.726972637687382
12,no_slip_hydrodynamic,linear_then_no_slip_corrected,True,160.0,-19.724740889412928
12,no_slip_hydrodynamic,linear_then_no_slip_corrected,True,165.0,-19.721989597190028
12,no_slip_hydrodynamic,linear_then_no_slip_corrected,True,170.0,-19.719035772508807
12,no_slip_hydrodynamic,linear_then_no_slip_corrected,True,175.0,-19.716056760978418
12,no_slip_hydrodynamic,linear_then_no_slip_corrected,True,180.0,-19.713151795128915
12,no_slip_hydrodynamic,linear_then_no_slip_corrected,True,185.0,-19.71037294988886
12,no_slip_hydrodynamic,linear_then_no_slip_corrected,True,190.0,-19.707744657283506
12,no_slip_hydrodynamic,linear_then_no_slip_corrected,True,195.0,-19.70527539450267
12,no_slip_hydrodynamic,linear_then_no_slip_corrected,True,200.0,-19.70296384234397
12,no_slip_hydrodynamic,linear_then_no_slip_corrected,True,205.0,-19.700803753667174
12,no_slip_hydrodynamic,linear_then_no_slip_corrected,True,210.0,-19.698786408576616
12,no_slip_hydrodynamic,linear_then_no_slip_corrected,True,215.0,-19.696902178430378
12,no_slip_hydrodynamic,linear_then_no_slip_corrected,True,220.0,-19.69514126065747
12,no_slip_hydrodynamic,linear_then_no_slip_corrected,True,225.0,-19.69349413849258
12,no_slip_hydrodynamic,linear_then_no_slip_corrected,True,230.0,-19.691951847161864
12,no_slip_hydrodynamic,linear_then_no_slip_corrected,True,235.0,-19.6905060678407
12,no_slip_hydrodynamic,linear_then_no_slip_corrected,True,240.0,-19.68914916660551
12,no_slip_hydrodynamic,linear_then_no_slip_corrected,True,245.0,-19.6878741592888
12,no_slip_hydrodynamic,linear_then_no_slip_corrected,True,250.0,-19.68667468126908
13,primary,linear_drift_corrected,False,65.0,83.20793888513177
13,primary,linear_drift_corrected,False,70.0,73.16990257809812
13,primary,linear_drift_corrected,False,75.0,64.7217751227561
13,primary,linear_drift_corrected,False,80.0,57.63651112755592
13,primary,linear_drift_corrected,False,85.0,51.71203535385264
13,primary,linear_drift_corrected,False,90.0,46.77092839283219
13,primary,linear_drift_corrected,False,95.0,42.67459431907898
13,primary,linear_drift_corrected,False,100.0,39.270072159679614
13,primary,linear_drift_corrected,False,105.0,36.44507251023584
13,primary,linear_drift_corrected,False,110.0,34.104207959638074
13,primary,linear_drift_corrected,False,115.0,32.16684945729813
13,primary,linear_drift_corrected,False,120.0,30.565126302020474
13,primary,linear_drift_corrected,False,125.0,29.24210782153909
13,primary,linear_drift_corrected,False,130.0,28.15018172940973
13,primary,linear_drift_corrected,False,135.0,27.24962907921944
13,primary,linear_drift_corrected,False,140.0,26.507386431427395
13,primary,linear_drift_corrected,False,145.0,25.897602212690217
13,primary,linear_drift_corrected,False,150.0,25.39596447745272
13,primary,linear_drift_corrected,False,155.0,24.982860687455513
13,primary,linear_drift_corrected,False,160.0,24.642821091810017
13,primary,linear_drift_corrected,False,165.0,24.36304741467413
13,primary,linear_drift_corrected,False,170.0,24.13295998481919
13,primary,linear_drift_corrected,False,175.0,23.943819163220123
13,primary,linear_drift_corrected,False,180.0,23.788409629012392
13,primary,linear_drift_corrected,False,185.0,23.66077761070598
13,primary,linear_drift_corrected,False,190.0,23.556012550088465
13,primary,linear_drift_corrected,False,195.0,23.47018760957007
13,primary,linear_drift_corrected,False,200.0,23.399988562549265
13,primary,linear_drift_corrected,False,205.0,23.34242882902153
13,primary,linear_drift_corrected,False,210.0,23.295268305071108
13,primary,linear_drift_corrected,False,215.0,23.256661255715223
13,primary,linear_drift_corrected,False,220.0,23.225087258635494
13,primary,linear_drift_corrected,False,225.0,23.19929416016035
13,primary,linear_drift_corrected,False,230.0,23.17825097497725
13,primary,linear_drift_corrected,False,235.0,23.161109011228927
13,primary,linear_drift_corrected,False,240.0,23.147169795349505
13,primary,linear_drift_corrected,False,245.0,23.135860054167683
13,primary,linear_drift_corrected,False,250.0,23.126744529320305
13,constant_baseline,far_constant_referenced,False,65.0,147.96880678627707
13,constant_baseline,far_constant_referenced,False,70.0,141.53750472968466
13,constant_baseline,far_constant_referenced,False,75.0,135.6139645212323
13,constant_baseline,far_constant_referenced,False,80.0,130.23769464388656
13,constant_baseline,far_constant_referenced,False,85.0,125.34377697759439
13,constant_baseline,far_constant_referenced,False,90.0,120.87653789362201
13,constant_baseline,far_constant_referenced,False,95.0,116.84176380764126
13,constant_baseline,far_constant_referenced,False,100.0,113.21225690422753
13,constant_baseline,far_constant_referenced,False,105.0,109.92046042133438
13,constant_baseline,far_constant_referenced,False,110.0,106.95334064701271
13,constant_baseline,far_constant_referenced,False,115.0,104.31141902450841
13,constant_baseline,far_constant_referenced,False,120.0,101.92648672295552
13,constant_baseline,far_constant_referenced,False,125.0,99.77691716585731
13,constant_baseline,far_constant_referenced,False,130.0,97.88006427214815
13,constant_baseline,far_constant_referenced,False,135.0,96.17353177292257
13,constant_baseline,far_constant_referenced,False,140.0,94.64017784001858
13,constant_baseline,far_constant_referenced,False,145.0,93.28518712041227
13,constant_baseline,far_constant_referenced,False,150.0,92.07522324023758
13,constant_baseline,far_constant_referenced,False,155.0,90.99048732299059
13,constant_baseline,far_constant_referenced,False,160.0,90.02961300066384
13,constant_baseline,far_constant_referenced,False,165.0,89.1774979499421
13,constant_baseline,far_constant_referenced,False,170.0,88.41481073982655
13,constant_baseline,far_constant_referenced,False,175.0,87.73710914115456
13,constant_baseline,far_constant_referenced,False,180.0,87.13998732484957
13,constant_baseline,far_constant_referenced,False,185.0,86.60615264041323
13,constant_baseline,far_constant_referenced,False,190.0,86.13010334562283
13,constant_baseline,far_constant_referenced,False,195.0,85.71320641598855
13,constant_baseline,far_constant_referenced,False,200.0,85.34080473945578
13,constant_baseline,far_constant_referenced,False,205.0,85.00838297087847
13,constant_baseline,far_constant_referenced,False,210.0,84.71715306568488
13,constant_baseline,far_constant_referenced,False,215.0,84.45801966857299
13,constant_baseline,far_constant_referenced,False,220.0,84.2268314736829
13,constant_baseline,far_constant_referenced,False,225.0,84.0234100027471
13,constant_baseline,far_constant_referenced,False,230.0,83.84344225622102
13,constant_baseline,far_constant_referenced,False,235.0,83.68294650842212
13,constant_baseline,far_constant_referenced,False,240.0,83.54109738073042
13,constant_baseline,far_constant_referenced,False,245.0,83.41630340835557
13,constant_baseline,far_constant_referenced,False,250.0,83.30504616699366
13,lower_plus_10nm,linear_drift_corrected,False,75.0,57.44605113068765
13,lower_plus_10nm,linear_drift_corrected,False,80.0,53.224355218797506
13,lower_plus_10nm,linear_drift_corrected,False,85.0,49.49316415260232
13,lower_plus_10nm,linear_drift_corrected,False,90.0,46.125991421568955
13,lower_plus_10nm,linear_drift_corrected,False,95.0,43.17308315426692
13,lower_plus_10nm,linear_drift_corrected,False,100.0,40.52035068690337
13,lower_plus_10nm,linear_drift_corrected,False,105.0,38.20176982873599
13,lower_plus_10nm,linear_drift_corrected,False,110.0,36.129815835801324
13,lower_plus_10nm,linear_drift_corrected,False,115.0,34.32285345704125
13,lower_plus_10nm,linear_drift_corrected,False,120.0,32.71548338581741
13,lower_plus_10nm,linear_drift_corrected,False,125.0,31.315537989893308
13,lower_plus_10nm,linear_drift_corrected,False,130.0,30.07524705179599
13,lower_plus_10nm,linear_drift_corrected,False,135.0,28.995690892003097
13,lower_plus_10nm,linear_drift_corrected,False,140.0,28.042688477677235
13,lower_plus_10nm,linear_drift_corrected,False,145.0,27.213267848943683
13,lower_plus_10nm,linear_drift_corrected,False,150.0,26.48345279103454
13,lower_plus_10nm,linear_drift_corrected,False,155.0,25.84807479802793
13,lower_plus_10nm,linear_drift_corrected,False,160.0,25.29065629283588
13,lower_plus_10nm,linear_drift_corrected,False,165.0,24.80505884532254
13,lower_plus_10nm,linear_drift_corrected,False,170.0,24.38021115240251
13,lower_plus_10nm,linear_drift_corrected,False,175.0,24.009779830175074
13,lower_plus_10nm,linear_drift_corrected,False,180.0,23.68652322637128
13,lower_plus_10nm,linear_drift_corrected,False,185.0,23.404374167211902
13,lower_plus_10nm,linear_drift_corrected,False,190.0,23.158757103710084
13,lower_plus_10nm,linear_drift_corrected,False,195.0,22.94412095143318
13,lower_plus_10nm,linear_drift_corrected,False,200.0,22.75771261432381
13,lower_plus_10nm,linear_drift_corrected,False,205.0,22.594609424587574
13,lower_plus_10nm,linear_drift_corrected,False,210.0,22.45327866281464
13,lower_plus_10nm,linear_drift_corrected,False,215.0,22.32945240791969
13,lower_plus_10nm,linear_drift_corrected,False,220.0,22.222395078728386
13,lower_plus_10nm,linear_drift_corrected,False,225.0,22.12846896148692
13,lower_plus_10nm,linear_drift_corrected,False,230.0,22.047442604189186
13,lower_plus_10nm,linear_drift_corrected,False,235.0,21.976256407900348
13,lower_plus_10nm,linear_drift_corrected,False,240.0,21.914983516439875
13,lower_plus_10nm,linear_drift_corrected,False,245.0,21.86107782673217
13,lower_plus_10nm,linear_drift_corrected,False,250.0,21.814783751575373
13,upper_200nm,linear_drift_corrected,False,65.0,86.48103735894414
13,upper_200nm,linear_drift_corrected,False,70.0,74.15214712001858
13,upper_200nm,linear_drift_corrected,False,75.0,64.28560244662896
13,upper_200nm,linear_drift_corrected,False,80.0,56.358712529597256
13,upper_200nm,linear_drift_corrected,False,85.0,50.06847550412451
13,upper_200nm,linear_drift_corrected,False,90.0,45.02227012980188
13,upper_200nm,linear_drift_corrected,False,95.0,41.04580958522989
13,upper_200nm,linear_drift_corrected,False,100.0,37.864278003537194
13,upper_200nm,linear_drift_corrected,False,105.0,35.357001885807655
13,upper_200nm,linear_drift_corrected,False,110.0,33.36118321715971
13,upper_200nm,linear_drift_corrected,False,115.0,31.786836372080998
13,upper_200nm,linear_drift_corrected,False,120.0,30.539402892360304
13,upper_200nm,linear_drift_corrected,False,125.0,29.55389186853922
13,upper_200nm,linear_drift_corrected,False,130.0,28.776393064227726
13,upper_200nm,linear_drift_corrected,False,135.0,28.160983501258123
13,upper_200nm,linear_drift_corrected,False,140.0,27.67751432582202
13,upper_200nm,linear_drift_corrected,False,145.0,27.294041154006305
13,upper_200nm,linear_drift_corrected,False,150.0,26.994068899712452
13,upper_200nm,linear_drift_corrected,False,155.0,26.75592720638429
13,upper_200nm,linear_drift_corrected,False,160.0,26.569957681085373
13,upper_200nm,linear_drift_corrected,False,165.0,26.422665569111025
13,upper_200nm,linear_drift_corrected,False,170.0,26.307472778302486
13,upper_200nm,linear_drift_corrected,False,175.0,26.216666560251642
13,upper_200nm,linear_drift_corrected,False,180.0,26.145574292464133
13,upper_200nm,linear_drift_corrected,False,185.0,26.089837358831083
13,upper_200nm,linear_drift_corrected,False,190.0,26.046184173108777
13,upper_200nm,linear_drift_corrected,False,195.0,26.012185107948593
13,upper_200nm,linear_drift_corrected,False,200.0,25.985575581632684
13,common_80_250nm,linear_drift_corrected,False,80.0,46.95752031989767
13,common_80_250nm,linear_drift_corrected,False,85.0,44.85410864216989
13,common_80_250nm,linear_drift_corrected,False,90.0,42.8812261404466
13,common_80_250nm,linear_drift_corrected,False,95.0,41.03561523483421
13,common_80_250nm,linear_drift_corrected,False,100.0,39.31318256137088
13,common_80_250nm,linear_drift_corrected,False,105.0,37.70921280306331
13,common_80_250nm,linear_drift_corrected,False,110.0,36.21854545549551
13,common_80_250nm,linear_drift_corrected,False,115.0,34.83572169673913
13,common_80_250nm,linear_drift_corrected,False,120.0,33.55510631900887
13,common_80_250nm,linear_drift_corrected,False,125.0,32.370988417699344
13,common_80_250nm,linear_drift_corrected,False,130.0,31.27766378402925
13,common_80_250nm,linear_drift_corrected,False,135.0,30.269501474054405
13,common_80_250nm,linear_drift_corrected,False,140.0,29.340996701249306
13,common_80_250nm,linear_drift_corrected,False,145.0,28.488571767131127
13,common_80_250nm,linear_drift_corrected,False,150.0,27.705082191643015
13,common_80_250nm,linear_drift_corrected,False,155.0,26.98562708020223
13,common_80_250nm,linear_drift_corrected,False,160.0,26.325542610739145
13,common_80_250nm,linear_drift_corrected,False,165.0,25.720410421828916
13,common_80_250nm,linear_drift_corrected,False,170.0,25.16606151147006
13,common_80_250nm,linear_drift_corrected,False,175.0,24.658576203740573
13,common_80_250nm,linear_drift_corrected,False,180.0,24.19428097104511
13,common_80_250nm,linear_drift_corrected,False,185.0,23.769742788905965
13,common_80_250nm,linear_drift_corrected,False,190.0,23.381761600293856
13,common_80_250nm,linear_drift_corrected,False,195.0,23.02736137709157
13,common_80_250nm,linear_drift_corrected,False,200.0,22.70378018701824
13,common_80_250nm,linear_drift_corrected,False,205.0,22.40845960465919
13,common_80_250nm,linear_drift_corrected,False,210.0,22.139033744487033
13,common_80_250nm,linear_drift_corrected,False,215.0,21.89331814120203
13,common_80_250nm,linear_drift_corrected,False,220.0,21.669298657608337
13,common_80_250nm,linear_drift_corrected,False,225.0,21.465120561820967
13,common_80_250nm,linear_drift_corrected,False,230.0,21.27907788312651
13,common_80_250nm,linear_drift_corrected,False,235.0,21.10960312859446
13,common_80_250nm,linear_drift_corrected,False,240.0,20.955257419896043
13,common_80_250nm,linear_drift_corrected,False,245.0,20.814721091126096
13,common_80_250nm,linear_drift_corrected,False,250.0,20.686784773188844
13,no_slip_hydrodynamic,linear_then_no_slip_corrected,True,65.0,69.24905814716949
13,no_slip_hydrodynamic,linear_then_no_slip_corrected,True,70.0,57.91544620974847
13,no_slip_hydrodynamic,linear_then_no_slip_corrected,True,75.0,49.12569592989871
13,no_slip_hydrodynamic,linear_then_no_slip_corrected,True,80.0,42.32794982699967
13,no_slip_hydrodynamic,linear_then_no_slip_corrected,True,85.0,37.08303690644625
13,no_slip_hydrodynamic,linear_then_no_slip_corrected,True,90.0,33.04412655237094
13,no_slip_hydrodynamic,linear_then_no_slip_corrected,True,95.0,29.949792381390328
13,no_slip_hydrodynamic,linear_then_no_slip_corrected,True,100.0,27.571527116828197
13,no_slip_hydrodynamic,linear_then_no_slip_corrected,True,105.0,25.74580443009672
13,no_slip_hydrodynamic,linear_then_no_slip_corrected,True,110.0,24.345723271853245
13,no_slip_hydrodynamic,linear_then_no_slip_corrected,True,115.0,23.273066433958473
13,no_slip_hydrodynamic,linear_then_no_slip_corrected,True,120.0,22.45198265149479
13,no_slip_hydrodynamic,linear_then_no_slip_corrected,True,125.0,21.82399831099627
13,no_slip_hydrodynamic,linear_then_no_slip_corrected,True,130.0,21.344141925723818
13,no_slip_hydrodynamic,linear_then_no_slip_corrected,True,135.0,20.979025521657057
13,no_slip_hydrodynamic,linear_then_no_slip_corrected,True,140.0,20.700183464257094
13,no_slip_hydrodynamic,linear_then_no_slip_corrected,True,145.0,20.487450264186766
13,no_slip_hydrodynamic,linear_then_no_slip_corrected,True,150.0,20.325342433714535
13,no_slip_hydrodynamic,linear_then_no_slip_corrected,True,155.0,20.201979237338872
13,no_slip_hydrodynamic,linear_then_no_slip_corrected,True,160.0,20.10824973580396
13,no_slip_hydrodynamic,linear_then_no_slip_corrected,True,165.0,20.03717078729686
13,no_slip_hydrodynamic,linear_then_no_slip_corrected,True,170.0,19.983402046391888
13,no_slip_hydrodynamic,linear_then_no_slip_corrected,True,175.0,19.942980552092116
13,no_slip_hydrodynamic,linear_then_no_slip_corrected,True,180.0,19.91255421355753
13,no_slip_hydrodynamic,linear_then_no_slip_corrected,True,185.0,19.889752015551853
13,no_slip_hydrodynamic,linear_then_no_slip_corrected,True,190.0,19.872758611725214
13,no_slip_hydrodynamic,linear_then_no_slip_corrected,True,195.0,19.860184863018688
13,no_slip_hydrodynamic,linear_then_no_slip_corrected,True,200.0,19.850968401357438
13,no_slip_hydrodynamic,linear_then_no_slip_corrected,True,205.0,19.844297288659952
13,no_slip_hydrodynamic,linear_then_no_slip_corrected,True,210.0,19.839553065344763
13,no_slip_hydrodynamic,linear_then_no_slip_corrected,True,215.0,19.83627699360813
13,no_slip_hydrodynamic,linear_then_no_slip_corrected,True,220.0,19.834083494257182
13,no_slip_hydrodynamic,linear_then_no_slip_corrected,True,225.0,19.83270103079874
13,no_slip_hydrodynamic,linear_then_no_slip_corrected,True,230.0,19.83192279617521
13,no_slip_hydrodynamic,linear_then_no_slip_corrected,True,235.0,19.831591521917044
13,no_slip_hydrodynamic,linear_then_no_slip_corrected,True,240.0,19.831587827296794
13,no_slip_hydrodynamic,linear_then_no_slip_corrected,True,245.0,19.83182128731164
13,no_slip_hydrodynamic,linear_then_no_slip_corrected,True,250.0,19.832223844255903
14,primary,linear_drift_corrected,False,65.0,53.3436699769435
14,primary,linear_drift_corrected,False,70.0,35.95227300083179
14,primary,linear_drift_corrected,False,75.0,23.89794392696117
14,primary,linear_drift_corrected,False,80.0,15.559487480163694
14,primary,linear_drift_corrected,False,85.0,9.800945748433893
14,primary,linear_drift_corrected,False,90.0,5.829585234056459
14,primary,linear_drift_corrected,False,95.0,3.0940253893332295
14,primary,linear_drift_corrected,False,100.0,1.211772201603535
14,primary,linear_drift_corrected,False,105.0,-0.08195918107695999
14,primary,linear_drift_corrected,False,110.0,-0.9701714856152492
14,primary,linear_drift_corrected,False,115.0,-1.5791857891792327
14,primary,linear_drift_corrected,False,120.0,-1.9961121570032905
14,primary,linear_drift_corrected,False,125.0,-2.2809744370428926
14,primary,linear_drift_corrected,False,130.0,-2.4751063610049053
14,primary,linear_drift_corrected,False,135.0,-2.6069558785306026
14,primary,linear_drift_corrected,False,140.0,-2.696092700399632
14,primary,linear_drift_corrected,False,145.0,-2.7559726338684
14,primary,linear_drift_corrected,False,150.0,-2.7958430032845563
14,primary,linear_drift_corrected,False,155.0,-2.8220553105143438
14,primary,linear_drift_corrected,False,160.0,-2.8389691508715056
14,primary,linear_drift_corrected,False,165.0,-2.849574447682207
14,primary,linear_drift_corrected,False,170.0,-2.85591965963323
14,primary,linear_drift_corrected,False,175.0,-2.8594063864039323
14,primary,linear_drift_corrected,False,180.0,-2.860992005902144
14,primary,linear_drift_corrected,False,185.0,-2.8613290173131247
14,primary,linear_drift_corrected,False,190.0,-2.860860832906024
14,primary,linear_drift_corrected,False,195.0,-2.8598876089519782
14,primary,linear_drift_corrected,False,200.0,-2.8586114690991815
14,primary,linear_drift_corrected,False,205.0,-2.8571675564436285
14,primary,linear_drift_corrected,False,210.0,-2.855645342547234
14,primary,linear_drift_corrected,False,215.0,-2.8541032396818897
14,primary,linear_drift_corrected,False,220.0,-2.8525786115857272
14,primary,linear_drift_corrected,False,225.0,-2.8510946236793413
14,primary,linear_drift_corrected,False,230.0,-2.849664923506322
14,primary,linear_drift_corrected,False,235.0,-2.848296832459254
14,primary,linear_drift_corrected,False,240.0,-2.846993516816199
14,primary,linear_drift_corrected,False,245.0,-2.8457554596042978
14,primary,linear_drift_corrected,False,250.0,-2.8445814540855547
14,constant_baseline,far_constant_referenced,False,65.0,146.89659287030733
14,constant_baseline,far_constant_referenced,False,70.0,140.89392161895174
14,constant_baseline,far_constant_referenced,False,75.0,135.38486484714412
14,constant_baseline,far_constant_referenced,False,80.0,130.31478361462365
14,constant_baseline,far_constant_referenced,False,85.0,125.66292240785975
14,constant_baseline,far_constant_referenced,False,90.0,121.4740017900712
14,constant_baseline,far_constant_referenced,False,95.0,117.64973951750795
14,constant_baseline,far_constant_referenced,False,100.0,114.16635646835519
14,constant_baseline,far_constant_referenced,False,105.0,111.02227184190735
14,constant_baseline,far_constant_referenced,False,110.0,108.19817503192456
14,constant_baseline,far_constant_referenced,False,115.0,105.63929694408932
14,constant_baseline,far_constant_referenced,False,120.0,103.32459525605381
14,constant_baseline,far_constant_referenced,False,125.0,101.26485218372851
14,constant_baseline,far_constant_referenced,False,130.0,99.41157686350097
14,constant_baseline,far_constant_referenced,False,135.0,97.74093052142392
14,constant_baseline,far_constant_referenced,False,140.0,96.2435822347852
14,constant_baseline,far_constant_referenced,False,145.0,94.91540493879205
14,constant_baseline,far_constant_referenced,False,150.0,93.72107768096151
14,constant_baseline,far_constant_referenced,False,155.0,92.6482193169155
14,constant_baseline,far_constant_referenced,False,160.0,91.69732804223409
14,constant_baseline,far_constant_referenced,False,165.0,90.849568025741
14,constant_baseline,far_constant_referenced,False,170.0,90.0892385436248
14,constant_baseline,far_constant_referenced,False,175.0,89.40894915653215
14,constant_baseline,far_constant_referenced,False,180.0,88.81037167119935
14,constant_baseline,far_constant_referenced,False,185.0,88.274121463629
14,constant_baseline,far_constant_referenced,False,190.0,87.7940539110189
14,constant_baseline,far_constant_referenced,False,195.0,87.36864995646667
14,constant_baseline,far_constant_referenced,False,200.0,86.99180645409804
14,constant_baseline,far_constant_referenced,False,205.0,86.65467229265575
14,constant_baseline,far_constant_referenced,False,210.0,86.35325345141176
14,constant_baseline,far_constant_referenced,False,215.0,86.08868456390626
14,constant_baseline,far_constant_referenced,False,220.0,85.85252512034529
14,constant_baseline,far_constant_referenced,False,225.0,85.64146712846225
14,constant_baseline,far_constant_referenced,False,230.0,85.45415042396404
14,constant_baseline,far_constant_referenced,False,235.0,85.28905044976746
14,constant_baseline,far_constant_referenced,False,240.0,85.1415373478319
14,constant_baseline,far_constant_referenced,False,245.0,85.00980902598377
14,constant_baseline,far_constant_referenced,False,250.0,84.89394787127921
14,lower_plus_10nm,linear_drift_corrected,False,75.0,27.51417890438516
14,lower_plus_10nm,linear_drift_corrected,False,80.0,16.59540518488945
14,lower_plus_10nm,linear_drift_corrected,False,85.0,9.608203311646605
14,lower_plus_10nm,linear_drift_corrected,False,90.0,5.12379756763606
14,lower_plus_10nm,linear_drift_corrected,False,95.0,2.250899800871319
14,lower_plus_10nm,linear_drift_corrected,False,100.0,0.41362585950230635
14,lower_plus_10nm,linear_drift_corrected,False,105.0,-0.7588540970340696
14,lower_plus_10nm,linear_drift_corrected,False,110.0,-1.5037061967326675
14,lower_plus_10nm,linear_drift_corrected,False,115.0,-1.9778158093684437
14,lower_plus_10nm,linear_drift_corrected,False,120.0,-2.2785544002432125
14,lower_plus_10nm,linear_drift_corrected,False,125.0,-2.4684306859115295
14,lower_plus_10nm,linear_drift_corrected,False,130.0,-2.5874601352362165
14,lower_plus_10nm,linear_drift_corrected,False,135.0,-2.661236058471427
14,lower_plus_10nm,linear_drift_corrected,False,140.0,-2.706523117893323
14,lower_plus_10nm,linear_drift_corrected,False,145.0,-2.733724931805866
14,lower_plus_10nm,linear_drift_corrected,False,150.0,-2.7494968755581612
14,lower_plus_10nm,linear_drift_corrected,False,155.0,-2.7580783619773834
14,lower_plus_10nm,linear_drift_corrected,False,160.0,-2.762178240949074
14,lower_plus_10nm,linear_drift_corrected,False,165.0,-2.763548770564494
14,lower_plus_10nm,linear_drift_corrected,False,170.0,-2.7632705686062358
14,lower_plus_10nm,linear_drift_corrected,False,175.0,-2.7620265360538307
14,lower_plus_10nm,linear_drift_corrected,False,180.0,-2.7602438749002762
14,lower_plus_10nm,linear_drift_corrected,False,185.0,-2.7581903021346625
14,lower_plus_10nm,linear_drift_corrected,False,190.0,-2.756032279879168
14,lower_plus_10nm,linear_drift_corrected,False,195.0,-2.7538673604110673
14,lower_plus_10nm,linear_drift_corrected,False,200.0,-2.7517525921470467
14,lower_plus_10nm,linear_drift_corrected,False,205.0,-2.749719421486637
14,lower_plus_10nm,linear_drift_corrected,False,210.0,-2.747783950312067
14,lower_plus_10nm,linear_drift_corrected,False,215.0,-2.745952660570085
14,lower_plus_10nm,linear_drift_corrected,False,220.0,-2.7442259349863756
14,lower_plus_10nm,linear_drift_corrected,False,225.0,-2.742600881488916
14,lower_plus_10nm,linear_drift_corrected,False,230.0,-2.7410727955911143
14,lower_plus_10nm,linear_drift_corrected,False,235.0,-2.739636167647802
14,lower_plus_10nm,linear_drift_corrected,False,240.0,-2.7382851662263255
14,lower_plus_10nm,linear_drift_corrected,False,245.0,-2.7370139554121193
14,lower_plus_10nm,linear_drift_corrected,False,250.0,-2.7358169160672263
14,upper_200nm,linear_drift_corrected,False,65.0,53.47231195153466
14,upper_200nm,linear_drift_corrected,False,70.0,35.89196420495714
14,upper_200nm,linear_drift_corrected,False,75.0,23.775159937408418
14,upper_200nm,linear_drift_corrected,False,80.0,15.440890612011273
14,upper_200nm,linear_drift_corrected,False,85.0,9.718018289080687
14,upper_200nm,linear_drift_corrected,False,90.0,5.7939107952264415
14,upper_200nm,linear_drift_corrected,False,95.0,3.1065575113772765
14,upper_200nm,linear_drift_corrected,False,100.0,1.2683027905461906
14,upper_200nm,linear_drift_corrected,False,105.0,0.0123119618146319
14,upper_200nm,linear_drift_corrected,False,110.0,-0.8447859936110611
14,upper_200nm,linear_drift_corrected,False,115.0,-1.4288448764489228
14,upper_200nm,linear_drift_corrected,False,120.0,-1.825572577703947
14,upper_200nm,linear_drift_corrected,False,125.0,-2.0950309608357665
14,upper_200nm,linear_drift_corrected,False,130.0,-2.277527482814561
14,upper_200nm,linear_drift_corrected,False,135.0,-2.4006565682786936
14,upper_200nm,linear_drift_corrected,False,140.0,-2.483300493517436
14,upper_200nm,linear_drift_corrected,False,145.0,-2.5383731163628473
14,upper_200nm,linear_drift_corrected,False,150.0,-2.5747013752629924
14,upper_200nm,linear_drift_corrected,False,155.0,-2.5983147975159193
14,upper_200nm,linear_drift_corrected,False,160.0,-2.6133288849638907
14,upper_200nm,linear_drift_corrected,False,165.0,-2.622550058572399
14,upper_200nm,linear_drift_corrected,False,170.0,-2.627889791716804
14,upper_200nm,linear_drift_corrected,False,175.0,-2.630648032566264
14,upper_200nm,linear_drift_corrected,False,180.0,-2.6317071135577543
14,upper_200nm,linear_drift_corrected,False,185.0,-2.631660982403888
14,upper_200nm,linear_drift_corrected,False,190.0,-2.6309176057477934
14,upper_200nm,linear_drift_corrected,False,195.0,-2.629747620777002
14,upper_200nm,linear_drift_corrected,False,200.0,-2.6283309820460596
14,common_80_250nm,linear_drift_corrected,False,80.0,17.06784553081508
14,common_80_250nm,linear_drift_corrected,False,85.0,9.759596532778769
14,common_80_250nm,linear_drift_corrected,False,90.0,5.127696109737772
14,common_80_250nm,linear_drift_corrected,False,95.0,2.1965279945229907
14,common_80_250nm,linear_drift_corrected,False,100.0,0.34436798413732106
14,common_80_250nm,linear_drift_corrected,False,105.0,-0.8241095265769891
14,common_80_250nm,linear_drift_corrected,False,110.0,-1.5598566694947547
14,common_80_250nm,linear_drift_corrected,False,115.0,-2.021978245770616
14,common_80_250nm,linear_drift_corrected,False,120.0,-2.3112499672716176
14,common_80_250nm,linear_drift_corrected,False,125.0,-2.4914522974971027
14,common_80_250nm,linear_drift_corrected,False,130.0,-2.602923796450386
14,common_80_250nm,linear_drift_corrected,False,135.0,-2.6711599438531954
14,common_80_250nm,linear_drift_corrected,False,140.0,-2.7122632759431817
14,common_80_250nm,linear_drift_corrected,False,145.0,-2.736385890378112
14,common_80_250nm,linear_drift_corrected,False,150.0,-2.7499335185704847
14,common_80_250nm,linear_drift_corrected,False,155.0,-2.756963289343235
14,common_80_250nm,linear_drift_corrected,False,160.0,-2.760000156180332
14,common_80_250nm,linear_drift_corrected,False,165.0,-2.7606277120892777
14,common_80_250nm,linear_drift_corrected,False,170.0,-2.759835588901721
14,common_80_250nm,linear_drift_corrected,False,175.0,-2.7582390992978367
14,common_80_250nm,linear_drift_corrected,False,180.0,-2.756218033373832
14,common_80_250nm,linear_drift_corrected,False,185.0,-2.7540043114727633
14,common_80_250nm,linear_drift_corrected,False,190.0,-2.7517372931773125
14,common_80_250nm,linear_drift_corrected,False,195.0,-2.7494986388734737
14,common_80_250nm,linear_drift_corrected,False,200.0,-2.747334250635681
14,common_80_250nm,linear_drift_corrected,False,205.0,-2.7452680542199888
14,common_80_250nm,linear_drift_corrected,False,210.0,-2.7433105852794104
14,common_80_250nm,linear_drift_corrected,False,215.0,-2.7414645369875865
14,common_80_250nm,linear_drift_corrected,False,220.0,-2.73972797306305
14,common_80_250nm,linear_drift_corrected,False,225.0,-2.738096378207959
14,common_80_250nm,linear_drift_corrected,False,230.0,-2.7365639800629658
14,common_80_250nm,linear_drift_corrected,False,235.0,-2.7351245025159088
14,common_80_250nm,linear_drift_corrected,False,240.0,-2.7337716075272516
14,common_80_250nm,linear_drift_corrected,False,245.0,-2.7324991444869533
14,common_80_250nm,linear_drift_corrected,False,250.0,-2.731301282057321
14,no_slip_hydrodynamic,linear_then_no_slip_corrected,True,65.0,44.84685901980765
14,no_slip_hydrodynamic,linear_then_no_slip_corrected,True,70.0,27.24089580391231
14,no_slip_hydrodynamic,linear_then_no_slip_corrected,True,75.0,15.7991811805868
14,no_slip_hydrodynamic,linear_then_no_slip_corrected,True,80.0,8.359263589786394
14,no_slip_hydrodynamic,linear_then_no_slip_corrected,True,85.0,3.5432134970333697
14,no_slip_hydrodynamic,linear_then_no_slip_corrected,True,90.0,0.4330643302840729
14,no_slip_hydrodynamic,linear_then_no_slip_corrected,True,95.0,-1.5804650671883707
14,no_slip_hydrodynamic,linear_then_no_slip_corrected,True,100.0,-2.879454469210533
14,no_slip_hydrodynamic,linear_then_no_slip_corrected,True,105.0,-3.7135170792765844
14,no_slip_hydrodynamic,linear_then_no_slip_corrected,True,110.0,-4.250741768501124
14,no_slip_hydrodynamic,linear_then_no_slip_corrected,True,115.0,-4.595358937193865
14,no_slip_hydrodynamic,linear_then_no_slip_corrected,True,120.0,-4.814395878866172
14,no_slip_hydrodynamic,linear_then_no_slip_corrected,True,125.0,-4.953792890497171
14,no_slip_hydrodynamic,linear_then_no_slip_corrected,True,130.0,-5.041715335642179
14,no_slip_hydrodynamic,linear_then_no_slip_corrected,True,135.0,-5.09619573493317
14,no_slip_hydrodynamic,linear_then_no_slip_corrected,True,140.0,-5.129561027063136
14,no_slip_hydrodynamic,linear_then_no_slip_corrected,True,145.0,-5.149419761344702
14,no_slip_hydrodynamic,linear_then_no_slip_corrected,True,150.0,-5.160610128250371
14,no_slip_hydrodynamic,linear_then_no_slip_corrected,True,155.0,-5.1663908325050825
14,no_slip_hydrodynamic,linear_then_no_slip_corrected,True,160.0,-5.168802522918874
14,no_slip_hydrodynamic,linear_then_no_slip_corrected,True,165.0,-5.169124646367157
14,no_slip_hydrodynamic,linear_then_no_slip_corrected,True,170.0,-5.168202131906418
14,no_slip_hydrodynamic,linear_then_no_slip_corrected,True,175.0,-5.1665684165788885
14,no_slip_hydrodynamic,linear_then_no_slip_corrected,True,180.0,-5.164549526544541
14,no_slip_hydrodynamic,linear_then_no_slip_corrected,True,185.0,-5.162353418956907
14,no_slip_hydrodynamic,linear_then_no_slip_corrected,True,190.0,-5.160109943297757
14,no_slip_hydrodynamic,linear_then_no_slip_corrected,True,195.0,-5.157893501972414
14,no_slip_hydrodynamic,linear_then_no_slip_corrected,True,200.0,-5.155747340058685
14,no_slip_hydrodynamic,linear_then_no_slip_corrected,True,205.0,-5.1536960584432885
14,no_slip_hydrodynamic,linear_then_no_slip_corrected,True,210.0,-5.151750142260724
14,no_slip_hydrodynamic,linear_then_no_slip_corrected,True,215.0,-5.149912477079274
14,no_slip_hydrodynamic,linear_then_no_slip_corrected,True,220.0,-5.148182122955993
14,no_slip_hydrodynamic,linear_then_no_slip_corrected,True,225.0,-5.146555027573307
14,no_slip_hydrodynamic,linear_then_no_slip_corrected,True,230.0,-5.145025767257707
14,no_slip_hydrodynamic,linear_then_no_slip_corrected,True,235.0,-5.143588527929095
14,no_slip_hydrodynamic,linear_then_no_slip_corrected,True,240.0,-5.142237212387718
14,no_slip_hydrodynamic,linear_then_no_slip_corrected,True,245.0,-5.1409658336836275
14,no_slip_hydrodynamic,linear_then_no_slip_corrected,True,250.0,-5.139768720174347
15,primary,linear_drift_corrected,False,75.0,-9.490050017777278
15,primary,linear_drift_corrected,False,80.0,-13.497064699287566
15,primary,linear_drift_corrected,False,85.0,-15.763249784956855
15,primary,linear_drift_corrected,False,90.0,-17.04103082033422
15,primary,linear_drift_corrected,False,95.0,-17.758535340525803
15,primary,linear_drift_corrected,False,100.0,-18.158526163130542
15,primary,linear_drift_corrected,False,105.0,-18.37980276893478
15,primary,linear_drift_corrected,False,110.0,-18.500318901404217
15,primary,linear_drift_corrected,False,115.0,-18.56423453959103
15,primary,linear_drift_corrected,False,120.0,-18.5965322095663
15,primary,linear_drift_corrected,False,125.0,-18.611319896824508
15,primary,linear_drift_corrected,False,130.0,-18.616544343462284
15,primary,linear_drift_corrected,False,135.0,-18.61666504824701
15,primary,linear_drift_corrected,False,140.0,-18.614170432050383
15,primary,linear_drift_corrected,False,145.0,-18.610436951138787
15,primary,linear_drift_corrected,False,150.0,-18.60621534371099
15,primary,linear_drift_corrected,False,155.0,-18.60190551958689
15,primary,linear_drift_corrected,False,160.0,-18.59771404540264
15,primary,linear_drift_corrected,False,165.0,-18.593737990392185
15,primary,linear_drift_corrected,False,170.0,-18.590016173694007
15,primary,linear_drift_corrected,False,175.0,-18.586556522039267
15,primary,linear_drift_corrected,False,180.0,-18.58335127093727
15,primary,linear_drift_corrected,False,185.0,-18.58038531025149
15,primary,linear_drift_corrected,False,190.0,-18.57764068099057
15,primary,linear_drift_corrected,False,195.0,-18.57509892967338
15,primary,linear_drift_corrected,False,200.0,-18.572742284723933
15,primary,linear_drift_corrected,False,205.0,-18.570554194038316
15,primary,linear_drift_corrected,False,210.0,-18.56851952375276
15,primary,linear_drift_corrected,False,215.0,-18.56662458015818
15,primary,linear_drift_corrected,False,220.0,-18.56485703529699
15,primary,linear_drift_corrected,False,225.0,-18.563205890152233
15,primary,linear_drift_corrected,False,230.0,-18.56166104623772
15,primary,linear_drift_corrected,False,235.0,-18.5602136951151
15,primary,linear_drift_corrected,False,240.0,-18.558855822817424
15,primary,linear_drift_corrected,False,245.0,-18.557580214370176
15,primary,linear_drift_corrected,False,250.0,-18.55638036311347
15,constant_baseline,far_constant_referenced,False,75.0,120.22259100975393
15,constant_baseline,far_constant_referenced,False,80.0,119.23927201807729
15,constant_baseline,far_constant_referenced,False,85.0,118.25467295571332
15,constant_baseline,far_constant_referenced,False,90.0,117.27060160698272
15,constant_baseline,far_constant_referenced,False,95.0,116.28844571706111
15,constant_baseline,far_constant_referenced,False,100.0,115.30925668280983
15,constant_baseline,far_constant_referenced,False,105.0,114.33379273282117
15,constant_baseline,far_constant_referenced,False,110.0,113.36253355021734
15,constant_baseline,far_constant_referenced,False,115.0,112.39567363201263
15,constant_baseline,far_constant_referenced,False,120.0,111.43505403786102
15,constant_baseline,far_constant_referenced,False,125.0,110.48158510733776
15,constant_baseline,far_constant_referenced,False,130.0,109.5331993799102
15,constant_baseline,far_constant_referenced,False,135.0,108.59109044460874
15,constant_baseline,far_constant_referenced,False,140.0,107.6587791317725
15,constant_baseline,far_constant_referenced,False,145.0,106.73082709810473
15,constant_baseline,far_constant_referenced,False,150.0,105.81302720103827
15,constant_baseline,far_constant_referenced,False,155.0,104.9023416433865
15,constant_baseline,far_constant_referenced,False,160.0,103.99866795394516
15,constant_baseline,far_constant_referenced,False,165.0,103.10592230671737
15,constant_baseline,far_constant_referenced,False,170.0,102.21797750184888
15,constant_baseline,far_constant_referenced,False,175.0,101.34335371464802
15,constant_baseline,far_constant_referenced,False,180.0,100.47275067248071
15,constant_baseline,far_constant_referenced,False,185.0,99.61586450932143
15,constant_baseline,far_constant_referenced,False,190.0,98.7642367814683
15,constant_baseline,far_constant_referenced,False,195.0,97.92405324690947
15,constant_baseline,far_constant_referenced,False,200.0,97.09305662266749
15,constant_baseline,far_constant_referenced,False,205.0,96.2678035667515
15,constant_baseline,far_constant_referenced,False,210.0,95.45911076720733
15,constant_baseline,far_constant_referenced,False,215.0,94.65027755859359
15,constant_baseline,far_constant_referenced,False,220.0,93.8614886386221
15,constant_baseline,far_constant_referenced,False,225.0,93.07666180679993
15,constant_baseline,far_constant_referenced,False,230.0,92.3003145436015
15,constant_baseline,far_constant_referenced,False,235.0,91.54864327281211
15,constant_baseline,far_constant_referenced,False,240.0,90.7968824824124
15,constant_baseline,far_constant_referenced,False,245.0,90.04503940502812
15,constant_baseline,far_constant_referenced,False,250.0,89.29312055733125
15,lower_plus_10nm,linear_drift_corrected,False,85.0,-18.802863111163685
15,lower_plus_10nm,linear_drift_corrected,False,90.0,-18.775670193909637
15,lower_plus_10nm,linear_drift_corrected,False,95.0,-18.752656829113633
15,lower_plus_10nm,linear_drift_corrected,False,100.0,-18.733008391440503
15,lower_plus_10nm,linear_drift_corrected,False,105.0,-18.71609947080558
15,lower_plus_10nm,linear_drift_corrected,False,110.0,-18.701443482349593
15,lower_plus_10nm,linear_drift_corrected,False,115.0,-18.68865726478644
15,lower_plus_10nm,linear_drift_corrected,False,120.0,-18.67743578032939
15,lower_plus_10nm,linear_drift_corrected,False,125.0,-18.6675337514405
15,lower_plus_10nm,linear_drift_corrected,False,130.0,-18.65875214291979
15,lower_plus_10nm,linear_drift_corrected,False,135.0,-18.650928081426784
15,lower_plus_10nm,linear_drift_corrected,False,140.0,-18.64392724858336
15,lower_plus_10nm,linear_drift_corrected,False,145.0,-18.637638077528493
15,lower_plus_10nm,linear_drift_corrected,False,150.0,-18.63196728032939
15,lower_plus_10nm,linear_drift_corrected,False,155.0,-18.626836368547682
15,lower_plus_10nm,linear_drift_corrected,False,160.0,-18.6221789226905
15,lower_plus_10nm,linear_drift_corrected,False,165.0,-18.617938431844543
15,lower_plus_10nm,linear_drift_corrected,False,170.0,-18.6140665713713
15,lower_plus_10nm,linear_drift_corrected,False,175.0,-18.610521820011932
15,lower_plus_10nm,linear_drift_corrected,False,180.0,-18.607268342057786
15,lower_plus_10nm,linear_drift_corrected,False,185.0,-18.60427507807308
15,lower_plus_10nm,linear_drift_corrected,False,190.0,-18.601515000858786
15,lower_plus_10nm,linear_drift_corrected,False,195.0,-18.598964503209075
15,lower_plus_10nm,linear_drift_corrected,False,200.0,-18.5966028914405
15,lower_plus_10nm,linear_drift_corrected,False,205.0,-18.594411964313792
15,lower_plus_10nm,linear_drift_corrected,False,210.0,-18.59237566128177
15,lower_plus_10nm,linear_drift_corrected,False,215.0,-18.590479767319355
15,lower_plus_10nm,linear_drift_corrected,False,220.0,-18.588711664167775
15,lower_plus_10nm,linear_drift_corrected,False,225.0,-18.587060119835563
15,lower_plus_10nm,linear_drift_corrected,False,230.0,-18.585515109776985
15,lower_plus_10nm,linear_drift_corrected,False,235.0,-18.5840676644147
15,lower_plus_10nm,linear_drift_corrected,False,240.0,-18.582709738662725
15,lower_plus_10nm,linear_drift_corrected,False,245.0,-18.58143409989531
15,lower_plus_10nm,linear_drift_corrected,False,250.0,-18.580234231440503
15,upper_200nm,linear_drift_corrected,False,75.0,-9.023570601810448
15,upper_200nm,linear_drift_corrected,False,80.0,-13.816383039476293
15,upper_200nm,linear_drift_corrected,False,85.0,-16.57110440652989
15,upper_200nm,linear_drift_corrected,False,90.0,-18.15042524233861
15,upper_200nm,linear_drift_corrected,False,95.0,-19.052195345668867
15,upper_200nm,linear_drift_corrected,False,100.0,-19.5654828220663
15,upper_200nm,linear_drift_corrected,False,105.0,-19.85562644576444
15,upper_200nm,linear_drift_corrected,False,110.0,-20.017851928537972
15,upper_200nm,linear_drift_corrected,False,115.0,-20.106948874157723
15,upper_200nm,linear_drift_corrected,False,120.0,-20.154406648992044
15,upper_200nm,linear_drift_corrected,False,125.0,-20.17829836497164
15,upper_200nm,linear_drift_corrected,False,130.0,-20.18897762392495
15,upper_200nm,linear_drift_corrected,False,135.0,-20.192359939427096
15,upper_200nm,linear_drift_corrected,False,140.0,-20.19181189014156
15,upper_200nm,linear_drift_corrected,False,145.0,-20.189238142550536
15,upper_200nm,linear_drift_corrected,False,150.0,-20.18570653569291
15,upper_200nm,linear_drift_corrected,False,155.0,-20.181807237155105
15,upper_200nm,linear_drift_corrected,False,160.0,-20.17785886841999
15,upper_200nm,linear_drift_corrected,False,165.0,-20.174026395682386
15,upper_200nm,linear_drift_corrected,False,170.0,-20.170389480670796
15,upper_200nm,linear_drift_corrected,False,175.0,-20.166980059733536
15,upper_200nm,linear_drift_corrected,False,180.0,-20.16380450041832
15,upper_200nm,linear_drift_corrected,False,185.0,-20.160856065145815
15,upper_200nm,linear_drift_corrected,False,190.0,-20.158121755175546
15,upper_200nm,linear_drift_corrected,False,195.0,-20.155586060001657
15,upper_200nm,linear_drift_corrected,False,200.0,-20.153232957239823
15,common_80_250nm,linear_drift_corrected,False,80.0,-18.021660454296036
15,common_80_250nm,linear_drift_corrected,False,85.0,-18.324053668161724
15,common_80_250nm,linear_drift_corrected,False,90.0,-18.469872215142118
15,common_80_250nm,linear_drift_corrected,False,95.0,-18.536203848321414
15,common_80_250nm,linear_drift_corrected,False,100.0,-18.562701392853505
15,common_80_250nm,linear_drift_corrected,False,105.0,-18.569646176964223
15,common_80_250nm,linear_drift_corrected,False,110.0,-18.567319587154042
15,common_80_250nm,linear_drift_corrected,False,115.0,-18.560905636498305
15,common_80_250nm,linear_drift_corrected,False,120.0,-18.552977312377795
15,common_80_250nm,linear_drift_corrected,False,125.0,-18.54477704563491
15,common_80_250nm,linear_drift_corrected,False,130.0,-18.536874765693685
15,common_80_250nm,linear_drift_corrected,False,135.0,-18.529505030994642
15,common_80_250nm,linear_drift_corrected,False,140.0,-18.52273891947661
15,common_80_250nm,linear_drift_corrected,False,145.0,-18.51657100838143
15,common_80_250nm,linear_drift_corrected,False,150.0,-18.510962810316833
15,common_80_250nm,linear_drift_corrected,False,155.0,-18.50586425161282
15,common_80_250nm,linear_drift_corrected,False,160.0,-18.501223525657075
15,common_80_250nm,linear_drift_corrected,False,165.0,-18.49699166756362
15,common_80_250nm,linear_drift_corrected,False,170.0,-18.493124258532923
15,common_80_250nm,linear_drift_corrected,False,175.0,-18.489581800930182
15,common_80_250nm,linear_drift_corrected,False,180.0,-18.48632950678967
15,common_80_250nm,linear_drift_corrected,False,185.0,-18.48333685715825
15,common_80_250nm,linear_drift_corrected,False,190.0,-18.48057713024138
15,common_80_250nm,linear_drift_corrected,False,195.0,-18.478026796793905
15,common_80_250nm,linear_drift_corrected,False,200.0,-18.475665269867847
15,common_80_250nm,linear_drift_corrected,False,205.0,-18.473474386578857
15,common_80_250nm,linear_drift_corrected,False,210.0,-18.47143810619758
15,common_80_250nm,linear_drift_corrected,False,215.0,-18.469542223938696
15,common_80_250nm,linear_drift_corrected,False,220.0,-18.467774126834275
15,common_80_250nm,linear_drift_corrected,False,225.0,-18.466122585626604
15,common_80_250nm,linear_drift_corrected,False,230.0,-18.46457757718246
15,common_80_250nm,linear_drift_corrected,False,235.0,-18.463130132654342
15,common_80_250nm,linear_drift_corrected,False,240.0,-18.46177220733338
15,common_80_250nm,linear_drift_corrected,False,245.0,-18.46049656878867
15,common_80_250nm,linear_drift_corrected,False,250.0,-18.459296700448927
15,no_slip_hydrodynamic,linear_then_no_slip_corrected,True,75.0,-13.516769960854713
15,no_slip_hydrodynamic,linear_then_no_slip_corrected,True,80.0,-16.43969806017438
15,no_slip_hydrodynamic,linear_then_no_slip_corrected,True,85.0,-18.045555590870755
15,no_slip_hydrodynamic,linear_then_no_slip_corrected,True,90.0,-18.92611163388025
15,no_slip_hydrodynamic,linear_then_no_slip_corrected,True,95.0,-19.403630987893216
15,no_slip_hydrodynamic,linear_then_no_slip_corrected,True,100.0,-19.66108150263183
15,no_slip_hydrodynamic,linear_then_no_slip_corrected,True,105.0,-19.797476100062198
15,no_slip_hydrodynamic,linear_then_no_slip_corrected,True,110.0,-19.867326766581215
15,no_slip_hydrodynamic,linear_then_no_slip_corrected,True,115.0,-19.901351788179937
15,no_slip_hydrodynamic,linear_then_no_slip_corrected,True,120.0,-19.91598415475334
15,no_slip_hydrodynamic,linear_then_no_slip_corrected,True,125.0,-19.920358531578177
15,no_slip_hydrodynamic,linear_then_no_slip_corrected,True,130.0,-19.91948223670826
15,no_slip_hydrodynamic,linear_then_no_slip_corrected,True,135.0,-19.916017082610704
15,no_slip_hydrodynamic,linear_then_no_slip_corrected,True,140.0,-19.911427630547323
15,no_slip_hydrodynamic,linear_then_no_slip_corrected,True,145.0,-19.906472865092393
15,no_slip_hydrodynamic,linear_then_no_slip_corrected,True,150.0,-19.901537277731403
15,no_slip_hydrodynamic,linear_then_no_slip_corrected,True,155.0,-19.8968136770596
15,no_slip_hydrodynamic,linear_then_no_slip_corrected,True,160.0,-19.89238129784605
15,no_slip_hydrodynamic,linear_then_no_slip_corrected,True,165.0,-19.888265018225837
15,no_slip_hydrodynamic,linear_then_no_slip_corrected,True,170.0,-19.884461895436015
15,no_slip_hydrodynamic,linear_then_no_slip_corrected,True,175.0,-19.880954997921425
15,no_slip_hydrodynamic,linear_then_no_slip_corrected,True,180.0,-19.877722398655013
15,no_slip_hydrodynamic,linear_then_no_slip_corrected,True,185.0,-19.874740665878928
15,no_slip_hydrodynamic,linear_then_no_slip_corrected,True,190.0,-19.871986939525538
15,no_slip_hydrodynamic,linear_then_no_slip_corrected,True,195.0,-19.869439980153835
15,no_slip_hydrodynamic,linear_then_no_slip_corrected,True,200.0,-19.867080352245665
15,no_slip_hydrodynamic,linear_then_no_slip_corrected,True,205.0,-19.86489054721293
15,no_slip_hydrodynamic,linear_then_no_slip_corrected,True,210.0,-19.862854887794825
15,no_slip_hydrodynamic,linear_then_no_slip_corrected,True,215.0,-19.860959437615815
15,no_slip_hydrodynamic,linear_then_no_slip_corrected,True,220.0,-19.859191516742403
15,no_slip_hydrodynamic,linear_then_no_slip_corrected,True,225.0,-19.857540073144648
15,no_slip_hydrodynamic,linear_then_no_slip_corrected,True,230.0,-19.8559951187561
15,no_slip_hydrodynamic,linear_then_no_slip_corrected,True,235.0,-19.85454770415937
15,no_slip_hydrodynamic,linear_then_no_slip_corrected,True,240.0,-19.853189795409715
15,no_slip_hydrodynamic,linear_then_no_slip_corrected,True,245.0,-19.85191416603849
15,no_slip_hydrodynamic,linear_then_no_slip_corrected,True,250.0,-19.850714302776403
16,primary,linear_drift_corrected,False,70.0,32.66099908192031
16,primary,linear_drift_corrected,False,75.0,21.85311426118515
16,primary,linear_drift_corrected,False,80.0,14.87624564343007
16,primary,linear_drift_corrected,False,85.0,10.382574787646002
16,primary,linear_drift_corrected,False,90.0,7.5052923169351775
16,primary,linear_drift_corrected,False,95.0,5.655337900786135
16,primary,linear_drift_corrected,False,100.0,4.468490282626098
16,primary,linear_drift_corrected,False,105.0,3.708946353295466
16,primary,linear_drift_corrected,False,110.0,3.2261707193877953
16,primary,linear_drift_corrected,False,115.0,2.918562748419417
16,primary,linear_drift_corrected,False,120.0,2.723568568563753
16,primary,linear_drift_corrected,False,125.0,2.6008377216923217
16,primary,linear_drift_corrected,False,130.0,2.524679234207345
16,primary,linear_drift_corrected,False,135.0,2.477808409192166
16,primary,linear_drift_corrected,False,140.0,2.4496124680650295
16,primary,linear_drift_corrected,False,145.0,2.433267364167893
16,primary,linear_drift_corrected,False,150.0,2.4244435638484667
16,primary,linear_drift_corrected,False,155.0,2.4202416325041214
16,primary,linear_drift_corrected,False,160.0,2.418893540648309
16,primary,linear_drift_corrected,False,165.0,2.419272205369851
16,primary,linear_drift_corrected,False,170.0,2.420670977658581
16,primary,linear_drift_corrected,False,175.0,2.4226233708319196
16,primary,linear_drift_corrected,False,180.0,2.4248522028905883
16,primary,linear_drift_corrected,False,185.0,2.4271865953014977
16,primary,linear_drift_corrected,False,190.0,2.429524722503301
16,primary,linear_drift_corrected,False,195.0,2.4318035393403745
16,primary,linear_drift_corrected,False,200.0,2.4339903322499596
16,primary,linear_drift_corrected,False,205.0,2.436068850339261
16,primary,linear_drift_corrected,False,210.0,2.438033162604024
16,primary,linear_drift_corrected,False,215.0,2.4398827030631156
16,primary,linear_drift_corrected,False,220.0,2.4416209774337445
16,primary,linear_drift_corrected,False,225.0,2.4432533404821535
16,primary,linear_drift_corrected,False,230.0,2.4447860646736004
16,primary,linear_drift_corrected,False,235.0,2.4462255996921844
16,primary,linear_drift_corrected,False,240.0,2.4475784367518862
16,primary,linear_drift_corrected,False,245.0,2.448850805956988
16,primary,linear_drift_corrected,False,250.0,2.4500485830351244
16,constant_baseline,far_constant_referenced,False,70.0,140.2059750434048
16,constant_baseline,far_constant_referenced,False,75.0,136.22809391310355
16,constant_baseline,far_constant_referenced,False,80.0,132.5259246689169
16,constant_baseline,far_constant_referenced,False,85.0,129.09105785125018
16,constant_baseline,far_constant_referenced,False,90.0,125.92538107795829
16,constant_baseline,far_constant_referenced,False,95.0,123.02056770514508
16,constant_baseline,far_constant_referenced,False,100.0,120.34579781376029
16,constant_baseline,far_constant_referenced,False,105.0,117.88802763168309
16,constant_baseline,far_constant_referenced,False,110.0,115.6340355189904
16,constant_baseline,far_constant_referenced,False,115.0,113.57063979311647
16,constant_baseline,far_constant_referenced,False,120.0,111.6848714509186
16,constant_baseline,far_constant_referenced,False,125.0,109.982408615771
16,constant_baseline,far_constant_referenced,False,130.0,108.43025987486818
16,constant_baseline,far_constant_referenced,False,135.0,107.01694153121475
16,constant_baseline,far_constant_referenced,False,140.0,105.73155050364528
16,constant_baseline,far_constant_referenced,False,145.0,104.56379075128868
16,constant_baseline,far_constant_referenced,False,150.0,103.50398548525607
16,constant_baseline,far_constant_referenced,False,155.0,102.54942041007251
16,constant_baseline,far_constant_referenced,False,160.0,101.68840186075086
16,constant_baseline,far_constant_referenced,False,165.0,100.90845849803856
16,constant_baseline,far_constant_referenced,False,170.0,100.20247870935829
16,constant_baseline,far_constant_referenced,False,175.0,99.56389317809592
16,constant_baseline,far_constant_referenced,False,180.0,98.98664749957753
16,constant_baseline,far_constant_referenced,False,185.0,98.46624192145515
16,constant_baseline,far_constant_referenced,False,190.0,98.00084142909223
16,constant_baseline,far_constant_referenced,False,195.0,97.5805076613416
16,constant_baseline,far_constant_referenced,False,200.0,97.20106236378602
16,constant_baseline,far_constant_referenced,False,205.0,96.85868786395682
16,constant_baseline,far_constant_referenced,False,210.0,96.54990030090708
16,constant_baseline,far_constant_referenced,False,215.0,96.27152407251931
16,constant_baseline,far_constant_referenced,False,220.0,96.02294253078709
16,constant_baseline,far_constant_referenced,False,225.0,95.79949094351929
16,constant_baseline,far_constant_referenced,False,230.0,95.59808749879632
16,constant_baseline,far_constant_referenced,False,235.0,95.41661843556642
16,constant_baseline,far_constant_referenced,False,240.0,95.25316490404174
16,constant_baseline,far_constant_referenced,False,245.0,95.10598614619825
16,constant_baseline,far_constant_referenced,False,250.0,94.97406466862128
16,lower_plus_10nm,linear_drift_corrected,False,80.0,13.73202907742434
16,lower_plus_10nm,linear_drift_corrected,False,85.0,10.05548637071075
16,lower_plus_10nm,linear_drift_corrected,False,90.0,7.566454293653165
16,lower_plus_10nm,linear_drift_corrected,False,95.0,5.876601400229403
16,lower_plus_10nm,linear_drift_corrected,False,100.0,4.731041945697147
16,lower_plus_10nm,linear_drift_corrected,False,105.0,3.95573619240308
16,lower_plus_10nm,linear_drift_corrected,False,110.0,3.4320222669634557
16,lower_plus_10nm,linear_drift_corrected,False,115.0,3.079091651379396
16,lower_plus_10nm,linear_drift_corrected,False,120.0,2.8425646604613224
16,lower_plus_10nm,linear_drift_corrected,False,125.0,2.684205983965304
16,lower_plus_10nm,linear_drift_corrected,False,130.0,2.57864447369051
16,lower_plus_10nm,linear_drift_corrected,False,135.0,2.5087850940667087
16,lower_plus_10nm,linear_drift_corrected,False,140.0,2.463021488646355
16,lower_plus_10nm,linear_drift_corrected,False,145.0,2.433480381392342
16,lower_plus_10nm,linear_drift_corrected,False,150.0,2.414870068440538
16,lower_plus_10nm,linear_drift_corrected,False,155.0,2.4035269092168003
16,lower_plus_10nm,linear_drift_corrected,False,160.0,2.3969904088070146
16,lower_plus_10nm,linear_drift_corrected,False,165.0,2.3936263216738
16,lower_plus_10nm,linear_drift_corrected,False,170.0,2.392333128517423
16,lower_plus_10nm,linear_drift_corrected,False,175.0,2.3923705207209656
16,lower_plus_10nm,linear_drift_corrected,False,180.0,2.393245745561037
16,lower_plus_10nm,linear_drift_corrected,False,185.0,2.39462676828626
16,lower_plus_10nm,linear_drift_corrected,False,190.0,2.396291322153305
16,lower_plus_10nm,linear_drift_corrected,False,195.0,2.3980975582155466
16,lower_plus_10nm,linear_drift_corrected,False,200.0,2.399953648637671
16,lower_plus_10nm,linear_drift_corrected,False,205.0,2.401801286076786
16,lower_plus_10nm,linear_drift_corrected,False,210.0,2.403604667338145
16,lower_plus_10nm,linear_drift_corrected,False,215.0,2.405342788020757
16,lower_plus_10nm,linear_drift_corrected,False,220.0,2.4070036797812655
16,lower_plus_10nm,linear_drift_corrected,False,225.0,2.4085823855999355
16,lower_plus_10nm,linear_drift_corrected,False,230.0,2.41007792005292
16,lower_plus_10nm,linear_drift_corrected,False,235.0,2.411491766230684
16,lower_plus_10nm,linear_drift_corrected,False,240.0,2.4128268807469877
16,lower_plus_10nm,linear_drift_corrected,False,245.0,2.414087080094995
16,lower_plus_10nm,linear_drift_corrected,False,250.0,2.415276456298197
16,upper_200nm,linear_drift_corrected,False,70.0,32.29459145510673
16,upper_200nm,linear_drift_corrected,False,75.0,22.124236408786082
16,upper_200nm,linear_drift_corrected,False,80.0,15.289923084063059
16,upper_200nm,linear_drift_corrected,False,85.0,10.706758793120379
16,upper_200nm,linear_drift_corrected,False,90.0,7.658808277997555
16,upper_200nm,linear_drift_corrected,False,95.0,5.61860417231803
16,upper_200nm,linear_drift_corrected,False,100.0,4.256147528345275
16,upper_200nm,linear_drift_corrected,False,105.0,3.353436654053441
16,upper_200nm,linear_drift_corrected,False,110.0,2.751813563189245
16,upper_200nm,linear_drift_corrected,False,115.0,2.3522222491682245
16,upper_200nm,linear_drift_corrected,False,120.0,2.089139919587853
16,upper_200nm,linear_drift_corrected,False,125.0,1.9153017496954519
16,upper_200nm,linear_drift_corrected,False,130.0,1.8012057022046388
16,upper_200nm,linear_drift_corrected,False,135.0,1.7272872010990958
16,upper_200nm,linear_drift_corrected,False,140.0,1.6795433669120883
16,upper_200nm,linear_drift_corrected,False,145.0,1.6492354685118789
16,upper_200nm,linear_drift_corrected,False,150.0,1.6305549974099955
16,upper_200nm,linear_drift_corrected,False,155.0,1.6193787377548816
16,upper_200nm,linear_drift_corrected,False,160.0,1.6131381375347278
16,upper_200nm,linear_drift_corrected,False,165.0,1.6101251620611385
16,upper_200nm,linear_drift_corrected,False,170.0,1.609139880720831
16,upper_200nm,linear_drift_corrected,False,175.0,1.6094395450266725
16,upper_200nm,linear_drift_corrected,False,180.0,1.6105325310428948
16,upper_200nm,linear_drift_corrected,False,185.0,1.612079120193693
16,upper_200nm,linear_drift_corrected,False,190.0,1.6138729346244731
16,upper_200nm,linear_drift_corrected,False,195.0,1.6157799246305915
16,upper_200nm,linear_drift_corrected,False,200.0,1.6177106559631769
16,common_80_250nm,linear_drift_corrected,False,80.0,13.73202907742434
16,common_80_250nm,linear_drift_corrected,False,85.0,10.05548637071075
16,common_80_250nm,linear_drift_corrected,False,90.0,7.566454293653165
16,common_80_250nm,linear_drift_corrected,False,95.0,5.876601400229403
16,common_80_250nm,linear_drift_corrected,False,100.0,4.731041945697147
16,common_80_250nm,linear_drift_corrected,False,105.0,3.95573619240308
16,common_80_250nm,linear_drift_corrected,False,110.0,3.4320222669634557
16,common_80_250nm,linear_drift_corrected,False,115.0,3.079091651379396
16,common_80_250nm,linear_drift_corrected,False,120.0,2.8425646604613224
16,common_80_250nm,linear_drift_corrected,False,125.0,2.684205983965304
16,common_80_250nm,linear_drift_corrected,False,130.0,2.57864447369051
16,common_80_250nm,linear_drift_corrected,False,135.0,2.5087850940667087
16,common_80_250nm,linear_drift_corrected,False,140.0,2.463021488646355
16,common_80_250nm,linear_drift_corrected,False,145.0,2.433480381392342
16,common_80_250nm,linear_drift_corrected,False,150.0,2.414870068440538
16,common_80_250nm,linear_drift_corrected,False,155.0,2.4035269092168003
16,common_80_250nm,linear_drift_corrected,False,160.0,2.3969904088070146
16,common_80_250nm,linear_drift_corrected,False,165.0,2.3936263216738
16,common_80_250nm,linear_drift_corrected,False,170.0,2.392333128517423
16,common_80_250nm,linear_drift_corrected,False,175.0,2.3923705207209656
16,common_80_250nm,linear_drift_corrected,False,180.0,2.393245745561037
16,common_80_250nm,linear_drift_corrected,False,185.0,2.39462676828626
16,common_80_250nm,linear_drift_corrected,False,190.0,2.396291322153305
16,common_80_250nm,linear_drift_corrected,False,195.0,2.3980975582155466
16,common_80_250nm,linear_drift_corrected,False,200.0,2.399953648637671
16,common_80_250nm,linear_drift_corrected,False,205.0,2.401801286076786
16,common_80_250nm,linear_drift_corrected,False,210.0,2.403604667338145
16,common_80_250nm,linear_drift_corrected,False,215.0,2.405342788020757
16,common_80_250nm,linear_drift_corrected,False,220.0,2.4070036797812655
16,common_80_250nm,linear_drift_corrected,False,225.0,2.4085823855999355
16,common_80_250nm,linear_drift_corrected,False,230.0,2.41007792005292
16,common_80_250nm,linear_drift_corrected,False,235.0,2.411491766230684
16,common_80_250nm,linear_drift_corrected,False,240.0,2.4128268807469877
16,common_80_250nm,linear_drift_corrected,False,245.0,2.414087080094995
16,common_80_250nm,linear_drift_corrected,False,250.0,2.415276456298197
16,no_slip_hydrodynamic,linear_then_no_slip_corrected,True,70.0,28.98047334935479
16,no_slip_hydrodynamic,linear_then_no_slip_corrected,True,75.0,17.718622464857667
16,no_slip_hydrodynamic,linear_then_no_slip_corrected,True,80.0,11.009101727417962
16,no_slip_hydrodynamic,linear_then_no_slip_corrected,True,85.0,7.002586808286364
16,no_slip_hydrodynamic,linear_then_no_slip_corrected,True,90.0,4.631376204488653
16,no_slip_hydrodynamic,linear_then_no_slip_corrected,True,95.0,3.2202238832411405
16,no_slip_hydrodynamic,linear_then_no_slip_corrected,True,100.0,2.387117186408542
16,no_slip_hydrodynamic,linear_then_no_slip_corrected,True,105.0,1.8957249408726353
16,no_slip_hydrodynamic,linear_then_no_slip_corrected,True,110.0,1.6075523650401489
16,no_slip_hydrodynamic,linear_then_no_slip_corrected,True,115.0,1.4403500775432552
16,no_slip_hydrodynamic,linear_then_no_slip_corrected,True,120.0,1.3441126748373113
16,no_slip_hydrodynamic,linear_then_no_slip_corrected,True,125.0,1.290297207386133
16,no_slip_hydrodynamic,linear_then_no_slip_corrected,True,130.0,1.2610259895467175
16,no_slip_hydrodynamic,linear_then_no_slip_corrected,True,135.0,1.246235119345653
16,no_slip_hydrodynamic,linear_then_no_slip_corrected,True,140.0,1.2397646889049567
16,no_slip_hydrodynamic,linear_then_no_slip_corrected,True,145.0,1.2380288046415997
16,no_slip_hydrodynamic,linear_then_no_slip_corrected,True,150.0,1.238931744007803
16,no_slip_hydrodynamic,linear_then_no_slip_corrected,True,155.0,1.2412162704726701
16,no_slip_hydrodynamic,linear_then_no_slip_corrected,True,160.0,1.2441857662124656
16,no_slip_hydrodynamic,linear_then_no_slip_corrected,True,165.0,1.247418451794317
16,no_slip_hydrodynamic,linear_then_no_slip_corrected,True,170.0,1.250691267598746
16,no_slip_hydrodynamic,linear_then_no_slip_corrected,True,175.0,1.2538792492294124
16,no_slip_hydrodynamic,linear_then_no_slip_corrected,True,180.0,1.2569201351091006
16,no_slip_hydrodynamic,linear_then_no_slip_corrected,True,185.0,1.259787108042249
16,no_slip_hydrodynamic,linear_then_no_slip_corrected,True,190.0,1.262471785647448
16,no_slip_hydrodynamic,linear_then_no_slip_corrected,True,195.0,1.2649775762598485
16,no_slip_hydrodynamic,linear_then_no_slip_corrected,True,200.0,1.2673125259959759
16,no_slip_hydrodynamic,linear_then_no_slip_corrected,True,205.0,1.2694876296671753
16,no_slip_hydrodynamic,linear_then_no_slip_corrected,True,210.0,1.2715145328208775
16,no_slip_hydrodynamic,linear_then_no_slip_corrected,True,215.0,1.2734048361840216
16,no_slip_hydrodynamic,linear_then_no_slip_corrected,True,220.0,1.275169619772819
16,no_slip_hydrodynamic,linear_then_no_slip_corrected,True,225.0,1.2768191745741075
16,no_slip_hydrodynamic,linear_then_no_slip_corrected,True,230.0,1.2783629924534332
16,no_slip_hydrodynamic,linear_then_no_slip_corrected,True,235.0,1.2798097136565734
16,no_slip_hydrodynamic,linear_then_no_slip_corrected,True,240.0,1.2811671974485412
16,no_slip_hydrodynamic,linear_then_no_slip_corrected,True,245.0,1.2824425051434212
16,no_slip_hydrodynamic,linear_then_no_slip_corrected,True,250.0,1.2836422248500161
17,primary,linear_drift_corrected,False,80.0,42.217441844086736
17,primary,linear_drift_corrected,False,85.0,38.65075357010941
17,primary,linear_drift_corrected,False,90.0,35.67124216622871
17,primary,linear_drift_corrected,False,95.0,33.1881256713384
17,primary,linear_drift_corrected,False,100.0,31.122884212876226
17,primary,linear_drift_corrected,False,105.0,29.40816710749204
17,primary,linear_drift_corrected,False,110.0,27.99132679820577
17,primary,linear_drift_corrected,False,115.0,26.817499310508474
17,primary,linear_drift_corrected,False,120.0,25.846055728018577
17,primary,linear_drift_corrected,False,125.0,25.04286169974313
17,primary,linear_drift_corrected,False,130.0,24.379329724112043
17,primary,linear_drift_corrected,False,135.0,23.831581251842778
17,primary,linear_drift_corrected,False,140.0,23.379715395504846
17,primary,linear_drift_corrected,False,145.0,23.007177361648225
17,primary,linear_drift_corrected,False,150.0,22.70021755325849
17,primary,linear_drift_corrected,False,155.0,22.447431435436286
17,primary,linear_drift_corrected,False,160.0,22.239370239855756
17,primary,linear_drift_corrected,False,165.0,22.068213070966593
17,primary,linear_drift_corrected,False,170.0,21.927957834330567
17,primary,linear_drift_corrected,False,175.0,21.81265320492975
17,primary,linear_drift_corrected,False,180.0,21.7178995863411
17,primary,linear_drift_corrected,False,185.0,21.64008443828215
17,primary,linear_drift_corrected,False,190.0,21.57622519911215
17,primary,linear_drift_corrected,False,195.0,21.523860396742638
17,primary,linear_drift_corrected,False,200.0,21.480959326193673
17,primary,linear_drift_corrected,False,205.0,21.445847202493812
17,primary,linear_drift_corrected,False,210.0,21.417143189470842
17,primary,linear_drift_corrected,False,215.0,21.393709125811505
17,primary,linear_drift_corrected,False,220.0,21.37460712743694
17,primary,linear_drift_corrected,False,225.0,21.35906454760473
17,primary,linear_drift_corrected,False,230.0,21.34648868259374
17,primary,linear_drift_corrected,False,235.0,21.336300607534117
17,primary,linear_drift_corrected,False,240.0,21.328068073563962
17,primary,linear_drift_corrected,False,245.0,21.32143936313523
17,primary,linear_drift_corrected,False,250.0,21.316124953814708
17,constant_baseline,far_constant_referenced,False,80.0,137.06157409059824
17,constant_baseline,far_constant_referenced,False,85.0,133.97828819720777
17,constant_baseline,far_constant_referenced,False,90.0,131.063577063354
17,constant_baseline,far_constant_referenced,False,95.0,128.31457047772903
17,constant_baseline,far_constant_referenced,False,100.0,125.72734743930013
17,constant_baseline,far_constant_referenced,False,105.0,123.30814697023544
17,constant_baseline,far_constant_referenced,False,110.0,121.03961966088997
17,constant_baseline,far_constant_referenced,False,115.0,118.91584555675357
17,constant_baseline,far_constant_referenced,False,120.0,116.93060004430956
17,constant_baseline,far_constant_referenced,False,125.0,115.07746526250034
17,constant_baseline,far_constant_referenced,False,130.0,113.34992423449675
17,constant_baseline,far_constant_referenced,False,135.0,111.7414398715209
17,constant_baseline,far_constant_referenced,False,140.0,110.24552067557703
17,constant_baseline,far_constant_referenced,False,145.0,108.8557747411763
17,constant_baseline,far_constant_referenced,False,150.0,107.56595348458347
17,constant_baseline,far_constant_referenced,False,155.0,106.36998638887968
17,constant_baseline,far_constant_referenced,False,160.0,105.2620079311899
17,constant_baseline,far_constant_referenced,False,165.0,104.23637774788969
17,constant_baseline,far_constant_referenced,False,170.0,103.2876949910617
17,constant_baseline,far_constant_referenced,False,175.0,102.4108077333702
17,constant_baseline,far_constant_referenced,False,180.0,101.60118273817926
17,constant_baseline,far_constant_referenced,False,185.0,100.85754840172349
17,constant_baseline,far_constant_referenced,False,190.0,100.17115016404227
17,constant_baseline,far_constant_referenced,False,195.0,99.53791369427489
17,constant_baseline,far_constant_referenced,False,200.0,98.95400745842653
17,constant_baseline,far_constant_referenced,False,205.0,98.41583531075524
17,constant_baseline,far_constant_referenced,False,210.0,97.92002810127076
17,constant_baseline,far_constant_referenced,False,215.0,97.463434564191
17,constant_baseline,far_constant_referenced,False,220.0,97.04311171223182
17,constant_baseline,far_constant_referenced,False,225.0,96.65631492620277
17,constant_baseline,far_constant_referenced,False,230.0,96.30048789817212
17,constant_baseline,far_constant_referenced,False,235.0,95.97325255908171
17,constant_baseline,far_constant_referenced,False,240.0,95.67239909779083
17,constant_baseline,far_constant_referenced,False,245.0,95.3958761577712
17,constant_baseline,far_constant_referenced,False,250.0,95.14178127974968
17,lower_plus_10nm,linear_drift_corrected,False,90.0,35.33703428814076
17,lower_plus_10nm,linear_drift_corrected,False,95.0,33.07920602899966
17,lower_plus_10nm,linear_drift_corrected,False,100.0,31.16955928268773
17,lower_plus_10nm,linear_drift_corrected,False,105.0,29.557417871280922
17,lower_plus_10nm,linear_drift_corrected,False,110.0,28.198631227144755
17,lower_plus_10nm,linear_drift_corrected,False,115.0,27.054985969319212
17,lower_plus_10nm,linear_drift_corrected,False,120.0,26.093588107977205
17,lower_plus_10nm,linear_drift_corrected,False,125.0,25.286252144457098
17,lower_plus_10nm,linear_drift_corrected,False,130.0,24.60892004869739
17,lower_plus_10nm,linear_drift_corrected,False,135.0,24.04112351052816
17,lower_plus_10nm,linear_drift_corrected,False,140.0,23.565496124770473
17,lower_plus_10nm,linear_drift_corrected,False,145.0,23.16733758219569
17,lower_plus_10nm,linear_drift_corrected,False,150.0,22.83422893778285
17,lower_plus_10nm,linear_drift_corrected,False,155.0,22.55569987992039
17,lower_plus_10nm,linear_drift_corrected,False,160.0,22.32367271091552
17,lower_plus_10nm,linear_drift_corrected,False,165.0,22.129728349485315
17,lower_plus_10nm,linear_drift_corrected,False,170.0,21.967694911046426
17,lower_plus_10nm,linear_drift_corrected,False,175.0,21.832387339372403
17,lower_plus_10nm,linear_drift_corrected,False,180.0,21.719452935016413
17,lower_plus_10nm,linear_drift_corrected,False,185.0,21.62524014999046
17,lower_plus_10nm,linear_drift_corrected,False,190.0,21.546687407828546
17,lower_plus_10nm,linear_drift_corrected,False,195.0,21.481229080520237
17,lower_plus_10nm,linear_drift_corrected,False,200.0,21.426716108872263
17,lower_plus_10nm,linear_drift_corrected,False,205.0,21.381349081569347
17,lower_plus_10nm,linear_drift_corrected,False,210.0,21.34362188615568
17,lower_plus_10nm,linear_drift_corrected,False,215.0,21.312274311015635
17,lower_plus_10nm,linear_drift_corrected,False,220.0,21.286252211819065
17,lower_plus_10nm,linear_drift_corrected,False,225.0,21.26469392156961
17,lower_plus_10nm,linear_drift_corrected,False,230.0,21.24688106517084
17,lower_plus_10nm,linear_drift_corrected,False,235.0,21.23213881914365
17,lower_plus_10nm,linear_drift_corrected,False,240.0,21.21995768362137
17,lower_plus_10nm,linear_drift_corrected,False,245.0,21.209911690788008
17,lower_plus_10nm,linear_drift_corrected,False,250.0,21.201644799692282
17,upper_200nm,linear_drift_corrected,False,80.0,42.00347860364483
17,upper_200nm,linear_drift_corrected,False,85.0,38.59200059928214
17,upper_200nm,linear_drift_corrected,False,90.0,35.71464800955417
17,upper_200nm,linear_drift_corrected,False,95.0,33.29366948466884
17,upper_200nm,linear_drift_corrected,False,100.0,31.260892072641838
17,upper_200nm,linear_drift_corrected,False,105.0,29.55708542480153
17,upper_200nm,linear_drift_corrected,False,110.0,28.131172279626636
17,upper_200nm,linear_drift_corrected,False,115.0,26.939376928491804
17,upper_200nm,linear_drift_corrected,False,120.0,25.944372691042684
17,upper_200nm,linear_drift_corrected,False,125.0,25.114466929191646
17,upper_200nm,linear_drift_corrected,False,130.0,24.422846033270627
17,upper_200nm,linear_drift_corrected,False,135.0,23.846891614999393
17,upper_200nm,linear_drift_corrected,False,140.0,23.367571602639178
17,upper_200nm,linear_drift_corrected,False,145.0,22.96890506848694
17,upper_200nm,linear_drift_corrected,False,150.0,22.6374966630272
17,upper_200nm,linear_drift_corrected,False,155.0,22.36223611792334
17,upper_200nm,linear_drift_corrected,False,160.0,22.13361635858273
17,upper_200nm,linear_drift_corrected,False,165.0,21.94381979073704
17,upper_200nm,linear_drift_corrected,False,170.0,21.78632383431916
17,upper_200nm,linear_drift_corrected,False,175.0,21.65569044106246
17,upper_200nm,linear_drift_corrected,False,180.0,21.547388673282786
17,upper_200nm,linear_drift_corrected,False,185.0,21.457645458188452
17,upper_200nm,linear_drift_corrected,False,190.0,21.383320301037724
17,upper_200nm,linear_drift_corrected,False,195.0,21.321800290969467
17,upper_200nm,linear_drift_corrected,False,200.0,21.27091223849149
17,common_80_250nm,linear_drift_corrected,False,80.0,42.217441844086736
17,common_80_250nm,linear_drift_corrected,False,85.0,38.65075357010941
17,common_80_250nm,linear_drift_corrected,False,90.0,35.67124216622871
17,common_80_250nm,linear_drift_corrected,False,95.0,33.1881256713384
17,common_80_250nm,linear_drift_corrected,False,100.0,31.122884212876226
17,common_80_250nm,linear_drift_corrected,False,105.0,29.40816710749204
17,common_80_250nm,linear_drift_corrected,False,110.0,27.99132679820577
17,common_80_250nm,linear_drift_corrected,False,115.0,26.817499310508474
17,common_80_250nm,linear_drift_corrected,False,120.0,25.846055728018577
17,common_80_250nm,linear_drift_corrected,False,125.0,25.04286169974313
17,common_80_250nm,linear_drift_corrected,False,130.0,24.379329724112043
17,common_80_250nm,linear_drift_corrected,False,135.0,23.831581251842778
17,common_80_250nm,linear_drift_corrected,False,140.0,23.379715395504846
17,common_80_250nm,linear_drift_corrected,False,145.0,23.007177361648225
17,common_80_250nm,linear_drift_corrected,False,150.0,22.70021755325849
17,common_80_250nm,linear_drift_corrected,False,155.0,22.447431435436286
17,common_80_250nm,linear_drift_corrected,False,160.0,22.239370239855756
17,common_80_250nm,linear_drift_corrected,False,165.0,22.068213070966593
17,common_80_250nm,linear_drift_corrected,False,170.0,21.927957834330567
17,common_80_250nm,linear_drift_corrected,False,175.0,21.81265320492975
17,common_80_250nm,linear_drift_corrected,False,180.0,21.7178995863411
17,common_80_250nm,linear_drift_corrected,False,185.0,21.64008443828215
17,common_80_250nm,linear_drift_corrected,False,190.0,21.57622519911215
17,common_80_250nm,linear_drift_corrected,False,195.0,21.523860396742638
17,common_80_250nm,linear_drift_corrected,False,200.0,21.480959326193673
17,common_80_250nm,linear_drift_corrected,False,205.0,21.445847202493812
17,common_80_250nm,linear_drift_corrected,False,210.0,21.417143189470842
17,common_80_250nm,linear_drift_corrected,False,215.0,21.393709125811505
17,common_80_250nm,linear_drift_corrected,False,220.0,21.37460712743694
17,common_80_250nm,linear_drift_corrected,False,225.0,21.35906454760473
17,common_80_250nm,linear_drift_corrected,False,230.0,21.34648868259374
17,common_80_250nm,linear_drift_corrected,False,235.0,21.336300607534117
17,common_80_250nm,linear_drift_corrected,False,240.0,21.328068073563962
17,common_80_250nm,linear_drift_corrected,False,245.0,21.32143936313523
17,common_80_250nm,linear_drift_corrected,False,250.0,21.316124953814708
17,no_slip_hydrodynamic,linear_then_no_slip_corrected,True,80.0,35.74694825698057
17,no_slip_hydrodynamic,linear_then_no_slip_corrected,True,85.0,32.1226828969328
17,no_slip_hydrodynamic,linear_then_no_slip_corrected,True,90.0,29.31590624655044
17,no_slip_hydrodynamic,linear_then_no_slip_corrected,True,95.0,27.126277336316267
17,no_slip_hydrodynamic,linear_then_no_slip_corrected,True,100.0,25.42145668218025
17,no_slip_hydrodynamic,linear_then_no_slip_corrected,True,105.0,24.09649061417801
17,no_slip_hydrodynamic,linear_then_no_slip_corrected,True,110.0,23.075766267340928
17,no_slip_hydrodynamic,linear_then_no_slip_corrected,True,115.0,22.282934885678532
17,no_slip_hydrodynamic,linear_then_no_slip_corrected,True,120.0,21.668011229170457
17,no_slip_hydrodynamic,linear_then_no_slip_corrected,True,125.0,21.191784973690627
17,no_slip_hydrodynamic,linear_then_no_slip_corrected,True,130.0,20.82612646332978
17,no_slip_hydrodynamic,linear_then_no_slip_corrected,True,135.0,20.54300226714608
17,no_slip_hydrodynamic,linear_then_no_slip_corrected,True,140.0,20.32411962209111
17,no_slip_hydrodynamic,linear_then_no_slip_corrected,True,145.0,20.15519847877533
17,no_slip_hydrodynamic,linear_then_no_slip_corrected,True,150.0,20.026001487713607
17,no_slip_hydrodynamic,linear_then_no_slip_corrected,True,155.0,19.92639375573892
17,no_slip_hydrodynamic,linear_then_no_slip_corrected,True,160.0,19.849770388111118
17,no_slip_hydrodynamic,linear_then_no_slip_corrected,True,165.0,19.790988571248914
17,no_slip_hydrodynamic,linear_then_no_slip_corrected,True,170.0,19.746359745161953
17,no_slip_hydrodynamic,linear_then_no_slip_corrected,True,175.0,19.71224673216831
17,no_slip_hydrodynamic,linear_then_no_slip_corrected,True,180.0,19.686281434262437
17,no_slip_hydrodynamic,linear_then_no_slip_corrected,True,185.0,19.666623552404964
17,no_slip_hydrodynamic,linear_then_no_slip_corrected,True,190.0,19.651952635159336
17,no_slip_hydrodynamic,linear_then_no_slip_corrected,True,195.0,19.640970188539562
17,no_slip_hydrodynamic,linear_then_no_slip_corrected,True,200.0,19.63283225593802
17,no_slip_hydrodynamic,linear_then_no_slip_corrected,True,205.0,19.62688447012777
17,no_slip_hydrodynamic,linear_then_no_slip_corrected,True,210.0,19.622657598889976
17,no_slip_hydrodynamic,linear_then_no_slip_corrected,True,215.0,19.619691105527725
17,no_slip_hydrodynamic,linear_then_no_slip_corrected,True,220.0,19.617686828473147
17,no_slip_hydrodynamic,linear_then_no_slip_corrected,True,225.0,19.616414412912594
17,no_slip_hydrodynamic,linear_then_no_slip_corrected,True,230.0,19.61570918810858
17,no_slip_hydrodynamic,linear_then_no_slip_corrected,True,235.0,19.61540970123092
17,no_slip_hydrodynamic,linear_then_no_slip_corrected,True,240.0,19.61541232442811
17,no_slip_hydrodynamic,linear_then_no_slip_corrected,True,245.0,19.615637530861196
17,no_slip_hydrodynamic,linear_then_no_slip_corrected,True,250.0,19.61602896199715
18,primary,linear_drift_corrected,False,80.0,28.176446932614574
18,primary,linear_drift_corrected,False,85.0,25.11365257862297
18,primary,linear_drift_corrected,False,90.0,22.59756151320275
18,primary,linear_drift_corrected,False,95.0,20.55225650539367
18,primary,linear_drift_corrected,False,100.0,18.880728788778093
18,primary,linear_drift_corrected,False,105.0,17.51460232798163
18,primary,linear_drift_corrected,False,110.0,16.399984029170234
18,primary,linear_drift_corrected,False,115.0,15.500904373123582
18,primary,linear_drift_corrected,False,120.0,14.768277536254628
18,primary,linear_drift_corrected,False,125.0,14.172033954536971
18,primary,linear_drift_corrected,False,130.0,13.688166259960125
18,primary,linear_drift_corrected,False,135.0,13.298450891831777
18,primary,linear_drift_corrected,False,140.0,12.9818154520706
18,primary,linear_drift_corrected,False,145.0,12.7248265274488
18,primary,linear_drift_corrected,False,150.0,12.517173446132709
18,primary,linear_drift_corrected,False,155.0,12.35003828863134
18,primary,linear_drift_corrected,False,160.0,12.214589317662867
18,primary,linear_drift_corrected,False,165.0,12.104946111230701
18,primary,linear_drift_corrected,False,170.0,12.016760537936232
18,primary,linear_drift_corrected,False,175.0,11.94586316011372
18,primary,linear_drift_corrected,False,180.0,11.888600806958141
18,primary,linear_drift_corrected,False,185.0,11.842424862859458
18,primary,linear_drift_corrected,False,190.0,11.805520506045466
18,primary,linear_drift_corrected,False,195.0,11.775942379151056
18,primary,linear_drift_corrected,False,200.0,11.752192599026554
18,primary,linear_drift_corrected,False,205.0,11.733172869252467
18,primary,linear_drift_corrected,False,210.0,11.718131369498911
18,primary,linear_drift_corrected,False,215.0,11.706168743843627
18,primary,linear_drift_corrected,False,220.0,11.696675624099282
18,primary,linear_drift_corrected,False,225.0,11.689182444175929
18,primary,linear_drift_corrected,False,230.0,11.683375405172644
18,primary,linear_drift_corrected,False,235.0,11.678846626396409
18,primary,linear_drift_corrected,False,240.0,11.675348920793843
18,primary,linear_drift_corrected,False,245.0,11.672688428795649
18,primary,linear_drift_corrected,False,250.0,11.670717960612034
18,constant_baseline,far_constant_referenced,False,80.0,141.65956301549178
18,constant_baseline,far_constant_referenced,False,85.0,138.1957982212297
18,constant_baseline,far_constant_referenced,False,90.0,134.95446262368802
18,constant_baseline,far_constant_referenced,False,95.0,131.9285821966916
18,constant_baseline,far_constant_referenced,False,100.0,129.1100660547968
18,constant_baseline,far_constant_referenced,False,105.0,126.49001707355853
18,constant_baseline,far_constant_referenced,False,110.0,124.0589912185456
18,constant_baseline,far_constant_referenced,False,115.0,121.80721393531417
18,constant_baseline,far_constant_referenced,False,120.0,119.72963800705358
18,constant_baseline,far_constant_referenced,False,125.0,117.81086120690887
18,constant_baseline,far_constant_referenced,False,130.0,116.04108625805537
18,constant_baseline,far_constant_referenced,False,135.0,114.41073151432266
18,constant_baseline,far_constant_referenced,False,140.0,112.91050255569522
18,constant_baseline,far_constant_referenced,False,145.0,111.53144628620076
18,constant_baseline,far_constant_referenced,False,150.0,110.26499019189467
18,constant_baseline,far_constant_referenced,False,155.0,109.1029691200115
18,constant_baseline,far_constant_referenced,False,160.0,108.03764166508948
18,constant_baseline,far_constant_referenced,False,165.0,107.0616979927471
18,constant_baseline,far_constant_referenced,False,170.0,106.1682606967142
18,constant_baseline,far_constant_referenced,False,175.0,105.35088006982456
18,constant_baseline,far_constant_referenced,False,180.0,104.60352497489777
18,constant_baseline,far_constant_referenced,False,185.0,103.92057032639826
18,constant_baseline,far_constant_referenced,False,190.0,103.29678203775009
18,constant_baseline,far_constant_referenced,False,195.0,102.72730015123445
18,constant_baseline,far_constant_referenced,False,200.0,102.2076207463308
18,constant_baseline,far_constant_referenced,False,205.0,101.73357711688404
18,constant_baseline,far_constant_referenced,False,210.0,101.30132061622881
18,constant_baseline,far_constant_referenced,False,215.0,100.90730149100705
18,constant_baseline,far_constant_referenced,False,220.0,100.54824995752719
18,constant_baseline,far_constant_referenced,False,225.0,100.2211577178483
18,constant_baseline,far_constant_referenced,False,230.0,99.92326006511037
18,constant_baseline,far_constant_referenced,False,235.0,99.65201868785073
18,constant_baseline,far_constant_referenced,False,240.0,99.40510525011028
18,constant_baseline,far_constant_referenced,False,245.0,99.18038579710908
18,constant_baseline,far_constant_referenced,False,250.0,98.97590601431614
18,lower_plus_10nm,linear_drift_corrected,False,90.0,18.246023324473892
18,lower_plus_10nm,linear_drift_corrected,False,95.0,17.935785806105358
18,lower_plus_10nm,linear_drift_corrected,False,100.0,17.624285517945697
18,lower_plus_10nm,linear_drift_corrected,False,105.0,17.312160155006307
18,lower_plus_10nm,linear_drift_corrected,False,110.0,17.00048569068974
18,lower_plus_10nm,linear_drift_corrected,False,115.0,16.68945408258446
18,lower_plus_10nm,linear_drift_corrected,False,120.0,16.379143580735317
18,lower_plus_10nm,linear_drift_corrected,False,125.0,16.069617939755393
18,lower_plus_10nm,linear_drift_corrected,False,130.0,15.762542103353947
18,lower_plus_10nm,linear_drift_corrected,False,135.0,15.45698693491017
18,lower_plus_10nm,linear_drift_corrected,False,140.0,15.152412313292427
18,lower_plus_10nm,linear_drift_corrected,False,145.0,14.851744046181327
18,lower_plus_10nm,linear_drift_corrected,False,150.0,14.552197510285577
18,lower_plus_10nm,linear_drift_corrected,False,155.0,14.255487059112227
18,lower_plus_10nm,linear_drift_corrected,False,160.0,13.961502450116203
18,lower_plus_10nm,linear_drift_corrected,False,165.0,13.669501720588848
18,lower_plus_10nm,linear_drift_corrected,False,170.0,13.381392726717102
18,lower_plus_10nm,linear_drift_corrected,False,175.0,13.094808976476997
18,lower_plus_10nm,linear_drift_corrected,False,180.0,12.81266228967402
18,lower_plus_10nm,linear_drift_corrected,False,185.0,12.532178578839115
18,lower_plus_10nm,linear_drift_corrected,False,190.0,12.255835176677461
18,lower_plus_10nm,linear_drift_corrected,False,195.0,11.982121920754647
18,lower_plus_10nm,linear_drift_corrected,False,200.0,11.712014377767456
18,lower_plus_10nm,linear_drift_corrected,False,205.0,11.44802663162941
18,lower_plus_10nm,linear_drift_corrected,False,210.0,11.183884261396674
18,lower_plus_10nm,linear_drift_corrected,False,215.0,10.919601482094336
18,lower_plus_10nm,linear_drift_corrected,False,220.0,10.66398122291617
18,lower_plus_10nm,linear_drift_corrected,False,225.0,10.412228295121203
18,lower_plus_10nm,linear_drift_corrected,False,230.0,10.160368833052605
18,lower_plus_10nm,linear_drift_corrected,False,235.0,9.908411823383627
18,lower_plus_10nm,linear_drift_corrected,False,240.0,9.66927847144078
18,lower_plus_10nm,linear_drift_corrected,False,245.0,9.430062832513372
18,lower_plus_10nm,linear_drift_corrected,False,250.0,9.190771423273365
18,upper_200nm,linear_drift_corrected,False,80.0,30.639397570195698
18,upper_200nm,linear_drift_corrected,False,85.0,25.436275159632352
18,upper_200nm,linear_drift_corrected,False,90.0,21.808558835705472
18,upper_200nm,linear_drift_corrected,False,95.0,19.27296867413999
18,upper_200nm,linear_drift_corrected,False,100.0,17.502914249334616
18,upper_200nm,linear_drift_corrected,False,105.0,16.268759786147104
18,upper_200nm,linear_drift_corrected,False,110.0,15.409334869337876
18,upper_200nm,linear_drift_corrected,False,115.0,14.811686595024996
18,upper_200nm,linear_drift_corrected,False,120.0,14.396747653872444
18,upper_200nm,linear_drift_corrected,False,125.0,14.109589552341465
18,upper_200nm,linear_drift_corrected,False,130.0,13.911272625988325
18,upper_200nm,linear_drift_corrected,False,135.0,13.774456668863602
18,upper_200nm,linear_drift_corrected,False,140.0,13.680462205129562
18,upper_200nm,linear_drift_corrected,False,145.0,13.61624578812467
18,upper_200nm,linear_drift_corrected,False,150.0,13.572705571216746
18,upper_200nm,linear_drift_corrected,False,155.0,13.543494703355126
18,upper_200nm,linear_drift_corrected,False,160.0,13.524190909074
18,upper_200nm,linear_drift_corrected,False,165.0,13.5117565019413
18,upper_200nm,linear_drift_corrected,False,170.0,13.503986532532481
18,upper_200nm,linear_drift_corrected,False,175.0,13.499402708085988
18,upper_200nm,linear_drift_corrected,False,180.0,13.496981622698138
18,upper_200nm,linear_drift_corrected,False,185.0,13.496014135134072
18,upper_200nm,linear_drift_corrected,False,190.0,13.496010122896163
18,upper_200nm,linear_drift_corrected,False,195.0,13.496631950514528
18,upper_200nm,linear_drift_corrected,False,200.0,13.497649433060857
18,common_80_250nm,linear_drift_corrected,False,80.0,28.176446932614574
18,common_80_250nm,linear_drift_corrected,False,85.0,25.11365257862297
18,common_80_250nm,linear_drift_corrected,False,90.0,22.59756151320275
18,common_80_250nm,linear_drift_corrected,False,95.0,20.55225650539367
18,common_80_250nm,linear_drift_corrected,False,100.0,18.880728788778093
18,common_80_250nm,linear_drift_corrected,False,105.0,17.51460232798163
18,common_80_250nm,linear_drift_corrected,False,110.0,16.399984029170234
18,common_80_250nm,linear_drift_corrected,False,115.0,15.500904373123582
18,common_80_250nm,linear_drift_corrected,False,120.0,14.768277536254628
18,common_80_250nm,linear_drift_corrected,False,125.0,14.172033954536971
18,common_80_250nm,linear_drift_corrected,False,130.0,13.688166259960125
18,common_80_250nm,linear_drift_corrected,False,135.0,13.298450891831777
18,common_80_250nm,linear_drift_corrected,False,140.0,12.9818154520706
18,common_80_250nm,linear_drift_corrected,False,145.0,12.7248265274488
18,common_80_250nm,linear_drift_corrected,False,150.0,12.517173446132709
18,common_80_250nm,linear_drift_corrected,False,155.0,12.35003828863134
18,common_80_250nm,linear_drift_corrected,False,160.0,12.214589317662867
18,common_80_250nm,linear_drift_corrected,False,165.0,12.104946111230701
18,common_80_250nm,linear_drift_corrected,False,170.0,12.016760537936232
18,common_80_250nm,linear_drift_corrected,False,175.0,11.94586316011372
18,common_80_250nm,linear_drift_corrected,False,180.0,11.888600806958141
18,common_80_250nm,linear_drift_corrected,False,185.0,11.842424862859458
18,common_80_250nm,linear_drift_corrected,False,190.0,11.805520506045466
18,common_80_250nm,linear_drift_corrected,False,195.0,11.775942379151056
18,common_80_250nm,linear_drift_corrected,False,200.0,11.752192599026554
18,common_80_250nm,linear_drift_corrected,False,205.0,11.733172869252467
18,common_80_250nm,linear_drift_corrected,False,210.0,11.718131369498911
18,common_80_250nm,linear_drift_corrected,False,215.0,11.706168743843627
18,common_80_250nm,linear_drift_corrected,False,220.0,11.696675624099282
18,common_80_250nm,linear_drift_corrected,False,225.0,11.689182444175929
18,common_80_250nm,linear_drift_corrected,False,230.0,11.683375405172644
18,common_80_250nm,linear_drift_corrected,False,235.0,11.678846626396409
18,common_80_250nm,linear_drift_corrected,False,240.0,11.675348920793843
18,common_80_250nm,linear_drift_corrected,False,245.0,11.672688428795649
18,common_80_250nm,linear_drift_corrected,False,250.0,11.670717960612034
18,no_slip_hydrodynamic,linear_then_no_slip_corrected,True,80.0,15.631839994487667
18,no_slip_hydrodynamic,linear_then_no_slip_corrected,True,85.0,12.231600763284899
18,no_slip_hydrodynamic,linear_then_no_slip_corrected,True,90.0,10.250277651300472
18,no_slip_hydrodynamic,linear_then_no_slip_corrected,True,95.0,9.096906411649636
18,no_slip_hydrodynamic,linear_then_no_slip_corrected,True,100.0,8.426806959105328
18,no_slip_hydrodynamic,linear_then_no_slip_corrected,True,105.0,8.039612100737461
18,no_slip_hydrodynamic,linear_then_no_slip_corrected,True,110.0,7.818042734271569
18,no_slip_hydrodynamic,linear_then_no_slip_corrected,True,115.0,7.692635112996636
18,no_slip_hydrodynamic,linear_then_no_slip_corrected,True,120.0,7.622866037190126
18,no_slip_hydrodynamic,linear_then_no_slip_corrected,True,125.0,7.58533077729495
18,no_slip_hydrodynamic,linear_then_no_slip_corrected,True,130.0,7.566379524499224
18,no_slip_hydrodynamic,linear_then_no_slip_corrected,True,135.0,7.55798804384149
18,no_slip_hydrodynamic,linear_then_no_slip_corrected,True,140.0,7.55548577695871
18,no_slip_hydrodynamic,linear_then_no_slip_corrected,True,145.0,7.5562088581279285
18,no_slip_hydrodynamic,linear_then_no_slip_corrected,True,150.0,7.5586247429339135
18,no_slip_hydrodynamic,linear_then_no_slip_corrected,True,155.0,7.56185329010364
18,no_slip_hydrodynamic,linear_then_no_slip_corrected,True,160.0,7.565395813595474
18,no_slip_hydrodynamic,linear_then_no_slip_corrected,True,165.0,7.568983234207833
18,no_slip_hydrodynamic,linear_then_no_slip_corrected,True,170.0,7.572473051733918
18,no_slip_hydrodynamic,linear_then_no_slip_corrected,True,175.0,7.575794577081463
18,no_slip_hydrodynamic,linear_then_no_slip_corrected,True,180.0,7.578917218717447
18,no_slip_hydrodynamic,linear_then_no_slip_corrected,True,185.0,7.5818338670640495
18,no_slip_hydrodynamic,linear_then_no_slip_corrected,True,190.0,7.5845491579432975
18,no_slip_hydrodynamic,linear_then_no_slip_corrected,True,195.0,7.587073547887262
18,no_slip_hydrodynamic,linear_then_no_slip_corrected,True,200.0,7.589419893495629
18,no_slip_hydrodynamic,linear_then_no_slip_corrected,True,205.0,7.5916018955707205
18,no_slip_hydrodynamic,linear_then_no_slip_corrected,True,210.0,7.593632973833996
18,no_slip_hydrodynamic,linear_then_no_slip_corrected,True,215.0,7.595525803236743
18,no_slip_hydrodynamic,linear_then_no_slip_corrected,True,220.0,7.597292089169464
18,no_slip_hydrodynamic,linear_then_no_slip_corrected,True,225.0,7.598942547449177
18,no_slip_hydrodynamic,linear_then_no_slip_corrected,True,230.0,7.600486903116435
18,no_slip_hydrodynamic,linear_then_no_slip_corrected,True,235.0,7.601933867081043
18,no_slip_hydrodynamic,linear_then_no_slip_corrected,True,240.0,7.60329158186349
18,no_slip_hydrodynamic,linear_then_no_slip_corrected,True,245.0,7.60456709715756
18,no_slip_hydrodynamic,linear_then_no_slip_corrected,True,250.0,7.6057668933475915
19,primary,linear_drift_corrected,False,25.0,803.4658150120747
19,primary,linear_drift_corrected,False,30.0,559.3529720225209
19,primary,linear_drift_corrected,False,35.0,389.1946487497711
19,primary,linear_drift_corrected,False,40.0,271.3581471647934
19,primary,linear_drift_corrected,False,45.0,190.7268719914725
19,primary,linear_drift_corrected,False,50.0,135.58143042021095
19,primary,linear_drift_corrected,False,55.0,98.03188208651177
19,primary,linear_drift_corrected,False,60.0,72.72301687965499
19,primary,linear_drift_corrected,False,65.0,55.623977182511
19,primary,linear_drift_corrected,False,70.0,44.101293833021664
19,primary,linear_drift_corrected,False,75.0,36.40303038886506
19,primary,linear_drift_corrected,False,80.0,31.236262440112245
19,primary,linear_drift_corrected,False,85.0,27.774194838558408
19,primary,linear_drift_corrected,False,90.0,25.47297649286695
19,primary,linear_drift_corrected,False,95.0,23.93474409441999
19,primary,linear_drift_corrected,False,100.0,22.90838569447821
19,primary,linear_drift_corrected,False,105.0,22.22945098281682
19,primary,linear_drift_corrected,False,110.0,21.777867483220096
19,primary,linear_drift_corrected,False,115.0,21.478526271616172
19,primary,linear_drift_corrected,False,120.0,21.282229056050898
19,primary,linear_drift_corrected,False,125.0,21.153112605050584
19,primary,linear_drift_corrected,False,130.0,21.068869824572623
19,primary,linear_drift_corrected,False,135.0,21.01484291113452
19,primary,linear_drift_corrected,False,140.0,20.98041534731673
19,primary,linear_drift_corrected,False,145.0,20.958990838108615
19,primary,linear_drift_corrected,False,150.0,20.94623189668963
19,primary,linear_drift_corrected,False,155.0,20.93901920954832
19,primary,linear_drift_corrected,False,160.0,20.935421331750327
19,primary,linear_drift_corrected,False,165.0,20.934170815192385
19,primary,linear_drift_corrected,False,170.0,20.934365133755957
19,primary,linear_drift_corrected,False,175.0,20.9354509086236
19,primary,linear_drift_corrected,False,180.0,20.937068431474728
19,primary,linear_drift_corrected,False,185.0,20.938966065340537
19,primary,linear_drift_corrected,False,190.0,20.940993709754697
19,primary,linear_drift_corrected,False,195.0,20.943056806800815
19,primary,linear_drift_corrected,False,200.0,20.945092005907544
19,primary,linear_drift_corrected,False,205.0,20.947064771227854
19,primary,linear_drift_corrected,False,210.0,20.948955863409424
19,primary,linear_drift_corrected,False,215.0,20.9507545121586
19,primary,linear_drift_corrected,False,220.0,20.952457634272974
19,primary,linear_drift_corrected,False,225.0,20.954065916485405
19,primary,linear_drift_corrected,False,230.0,20.955581955401666
19,primary,linear_drift_corrected,False,235.0,20.95701004558024
19,primary,linear_drift_corrected,False,240.0,20.958355081788557
19,primary,linear_drift_corrected,False,245.0,20.959622088525695
19,primary,linear_drift_corrected,False,250.0,20.960816190822673
19,constant_baseline,far_constant_referenced,False,25.0,859.0298553162919
19,constant_baseline,far_constant_referenced,False,30.0,645.8058747132762
19,constant_baseline,far_constant_referenced,False,35.0,490.29377680274445
19,constant_baseline,far_constant_referenced,False,40.0,377.8087291424767
19,constant_baseline,far_constant_referenced,False,45.0,296.99159626471885
19,constant_baseline,far_constant_referenced,False,50.0,239.26082663541717
19,constant_baseline,far_constant_referenced,False,55.0,198.25887610967322
19,constant_baseline,far_constant_referenced,False,60.0,169.27588024267357
19,constant_baseline,far_constant_referenced,False,65.0,148.819933359378
19,constant_baseline,far_constant_referenced,False,70.0,134.42632023468667
19,constant_baseline,far_constant_referenced,False,75.0,124.32405737257815
19,constant_baseline,far_constant_referenced,False,80.0,117.24858290795356
19,constant_baseline,far_constant_referenced,False,85.0,112.30169151978318
19,constant_baseline,far_constant_referenced,False,90.0,108.84816071740549
19,constant_baseline,far_constant_referenced,False,95.0,106.44032763431288
19,constant_baseline,far_constant_referenced,False,100.0,104.76693025063848
19,constant_baseline,far_constant_referenced,False,105.0,103.60237460483307
19,constant_baseline,far_constant_referenced,False,110.0,102.79254310769032
19,constant_baseline,far_constant_referenced,False,115.0,102.2301821289109
19,constant_baseline,far_constant_referenced,False,120.0,101.84031942395247
19,constant_baseline,far_constant_referenced,False,125.0,101.57059616410434
19,constant_baseline,far_constant_referenced,False,130.0,101.38447457923029
19,constant_baseline,far_constant_referenced,False,135.0,101.25647476353139
19,constant_baseline,far_constant_referenced,False,140.0,101.16891936013847
19,constant_baseline,far_constant_referenced,False,145.0,101.10940760550244
19,constant_baseline,far_constant_referenced,False,150.0,101.06919657730124
19,constant_baseline,far_constant_referenced,False,155.0,101.04233987235865
19,constant_baseline,far_constant_referenced,False,160.0,101.02469965350396
19,constant_baseline,far_constant_referenced,False,165.0,101.01339924093963
19,constant_baseline,far_constant_referenced,False,170.0,101.00644093631244
19,constant_baseline,far_constant_referenced,False,175.0,101.00243931961506
19,constant_baseline,far_constant_referenced,False,180.0,101.00043520615039
19,constant_baseline,far_constant_referenced,False,185.0,100.99977336696429
19,constant_baseline,far_constant_referenced,False,190.0,100.9999858824821
19,constant_baseline,far_constant_referenced,False,195.0,101.00076025948302
19,constant_baseline,far_constant_referenced,False,200.0,101.00188375359461
19,constant_baseline,far_constant_referenced,False,205.0,101.00321171307276
19,constant_baseline,far_constant_referenced,False,210.0,101.00464660475468
19,constant_baseline,far_constant_referenced,False,215.0,101.0061234210353
19,constant_baseline,far_constant_referenced,False,220.0,101.00759953652357
19,constant_baseline,far_constant_referenced,False,225.0,101.00904785037429
19,constant_baseline,far_constant_referenced,False,230.0,101.01045143663137
19,constant_baseline,far_constant_referenced,False,235.0,101.01180027736235
19,constant_baseline,far_constant_referenced,False,240.0,101.01308946252603
19,constant_baseline,far_constant_referenced,False,245.0,101.01431718630403
19,constant_baseline,far_constant_referenced,False,250.0,101.01548366039762
19,lower_plus_10nm,linear_drift_corrected,False,35.0,372.92281472903176
19,lower_plus_10nm,linear_drift_corrected,False,40.0,268.10339698247293
19,lower_plus_10nm,linear_drift_corrected,False,45.0,193.68450013577913
19,lower_plus_10nm,linear_drift_corrected,False,50.0,141.1688361762449
19,lower_plus_10nm,linear_drift_corrected,False,55.0,104.29988037867994
19,lower_plus_10nm,linear_drift_corrected,False,60.0,78.52736370479832
19,lower_plus_10nm,linear_drift_corrected,False,65.0,60.57590042244856
19,lower_plus_10nm,linear_drift_corrected,False,70.0,48.108552851551075
19,lower_plus_10nm,linear_drift_corrected,False,75.0,39.470432621482175
19,lower_plus_10nm,linear_drift_corrected,False,80.0,33.49694298431514
19,lower_plus_10nm,linear_drift_corrected,False,85.0,29.372676956281666
19,lower_plus_10nm,linear_drift_corrected,False,90.0,26.52902622311081
19,lower_plus_10nm,linear_drift_corrected,False,95.0,24.570740986117034
19,lower_plus_10nm,linear_drift_corrected,False,100.0,23.22375191674899
19,lower_plus_10nm,linear_drift_corrected,False,105.0,22.29837700292297
19,lower_plus_10nm,linear_drift_corrected,False,110.0,21.663529304831393
19,lower_plus_10nm,linear_drift_corrected,False,115.0,21.22871814760837
19,lower_plus_10nm,linear_drift_corrected,False,120.0,20.93153208724388
19,lower_plus_10nm,linear_drift_corrected,False,125.0,20.72895670918763
19,lower_plus_10nm,linear_drift_corrected,False,130.0,20.59136411982619
19,lower_plus_10nm,linear_drift_corrected,False,135.0,20.4983580604679
19,lower_plus_10nm,linear_drift_corrected,False,140.0,20.43590489034132
19,lower_plus_10nm,linear_drift_corrected,False,145.0,20.39435410754043
19,lower_plus_10nm,linear_drift_corrected,False,150.0,20.367073458175955
19,lower_plus_10nm,linear_drift_corrected,False,155.0,20.34950827158378
19,lower_plus_10nm,linear_drift_corrected,False,160.0,20.33853341775562
19,lower_plus_10nm,linear_drift_corrected,False,165.0,20.332007003345883
19,lower_plus_10nm,linear_drift_corrected,False,170.0,20.328463093518565
19,lower_plus_10nm,linear_drift_corrected,False,175.0,20.326900211391315
19,lower_plus_10nm,linear_drift_corrected,False,180.0,20.326635803242365
19,lower_plus_10nm,linear_drift_corrected,False,185.0,20.32720612654342
19,lower_plus_10nm,linear_drift_corrected,False,190.0,20.32829740868007
19,lower_plus_10nm,linear_drift_corrected,False,195.0,20.32969852895747
19,lower_plus_10nm,linear_drift_corrected,False,200.0,20.33126851151349
19,lower_plus_10nm,linear_drift_corrected,False,205.0,20.332914207549283
19,lower_plus_10nm,linear_drift_corrected,False,210.0,20.334574985351203
19,lower_plus_10nm,linear_drift_corrected,False,215.0,20.33621223829574
19,lower_plus_10nm,linear_drift_corrected,False,220.0,20.337802203890934
19,lower_plus_10nm,linear_drift_corrected,False,225.0,20.33933105704034
19,lower_plus_10nm,linear_drift_corrected,False,230.0,20.34079156435349
19,lower_plus_10nm,linear_drift_corrected,False,235.0,20.342180809096394
19,lower_plus_10nm,linear_drift_corrected,False,240.0,20.343498649694578
19,lower_plus_10nm,linear_drift_corrected,False,245.0,20.34474668019603
19,lower_plus_10nm,linear_drift_corrected,False,250.0,20.345927533661925
19,upper_200nm,linear_drift_corrected,False,25.0,805.3507708035352
19,upper_200nm,linear_drift_corrected,False,30.0,559.4009090576219
19,upper_200nm,linear_drift_corrected,False,35.0,388.25501683314405
19,upper_200nm,linear_drift_corrected,False,40.0,270.5100127816504
19,upper_200nm,linear_drift_corrected,False,45.0,189.9446596380392
19,upper_200nm,linear_drift_corrected,False,50.0,134.9588029036956
19,upper_200nm,linear_drift_corrected,False,55.0,97.84671333773026
19,upper_200nm,linear_drift_corrected,False,60.0,72.76716207520278
19,upper_200nm,linear_drift_corrected,False,65.0,55.87967828433575
19,upper_200nm,linear_drift_corrected,False,70.0,44.603862386174754
19,upper_200nm,linear_drift_corrected,False,75.0,37.03825510598068
19,upper_200nm,linear_drift_corrected,False,80.0,31.989514693215188
19,upper_200nm,linear_drift_corrected,False,85.0,28.6298692491619
19,upper_200nm,linear_drift_corrected,False,90.0,26.387051105198907
19,upper_200nm,linear_drift_corrected,False,95.0,24.900192840569346
19,upper_200nm,linear_drift_corrected,False,100.0,23.912682251781426
19,upper_200nm,linear_drift_corrected,False,105.0,23.25667286388823
19,upper_200nm,linear_drift_corrected,False,110.0,22.825167533114772
19,upper_200nm,linear_drift_corrected,False,115.0,22.53982073745622
19,upper_200nm,linear_drift_corrected,False,120.0,22.35233813643471
19,upper_200nm,linear_drift_corrected,False,125.0,22.230280081557034
19,upper_200nm,linear_drift_corrected,False,130.0,22.150910770341937
19,upper_200nm,linear_drift_corrected,False,135.0,22.100119191488236
19,upper_200nm,linear_drift_corrected,False,140.0,22.068105915080903
19,upper_200nm,linear_drift_corrected,False,145.0,22.048342633292968
19,upper_200nm,linear_drift_corrected,False,150.0,22.036729048085306
19,upper_200nm,linear_drift_corrected,False,155.0,22.03032836271214
19,upper_200nm,linear_drift_corrected,False,160.0,22.02729365036882
19,upper_200nm,linear_drift_corrected,False,165.0,22.026432596541046
19,upper_200nm,linear_drift_corrected,False,170.0,22.026896479766425
19,upper_200nm,linear_drift_corrected,False,175.0,22.028172810389155
19,upper_200nm,linear_drift_corrected,False,180.0,22.02991833474669
19,upper_200nm,linear_drift_corrected,False,185.0,22.031904527800577
19,upper_200nm,linear_drift_corrected,False,190.0,22.03399573940621
19,upper_200nm,linear_drift_corrected,False,195.0,22.03610054337647
19,upper_200nm,linear_drift_corrected,False,200.0,22.03816458814086
19,common_80_250nm,linear_drift_corrected,False,80.0,36.8225767486138
19,common_80_250nm,linear_drift_corrected,False,85.0,33.57444296295253
19,common_80_250nm,linear_drift_corrected,False,90.0,30.919293954003933
19,common_80_250nm,linear_drift_corrected,False,95.0,28.73365365433164
19,common_80_250nm,linear_drift_corrected,False,100.0,26.938259269090725
19,common_80_250nm,linear_drift_corrected,False,105.0,25.466150455561102
19,common_80_250nm,linear_drift_corrected,False,110.0,24.26567695546708
19,common_80_250nm,linear_drift_corrected,False,115.0,23.288287920310967
19,common_80_250nm,linear_drift_corrected,False,120.0,22.489229762406225
19,common_80_250nm,linear_drift_corrected,False,125.0,21.836716919026244
19,common_80_250nm,linear_drift_corrected,False,130.0,21.304447295999132
19,common_80_250nm,linear_drift_corrected,False,135.0,20.874097698098474
19,common_80_250nm,linear_drift_corrected,False,140.0,20.523507996866
19,common_80_250nm,linear_drift_corrected,False,145.0,20.2379112017351
19,common_80_250nm,linear_drift_corrected,False,150.0,20.005469004229404
19,common_80_250nm,linear_drift_corrected,False,155.0,19.81707098374833
19,common_80_250nm,linear_drift_corrected,False,160.0,19.664770543144535
19,common_80_250nm,linear_drift_corrected,False,165.0,19.540971651345824
19,common_80_250nm,linear_drift_corrected,False,170.0,19.4404415759644
19,common_80_250nm,linear_drift_corrected,False,175.0,19.358895840575503
19,common_80_250nm,linear_drift_corrected,False,180.0,19.293315680328764
19,common_80_250nm,linear_drift_corrected,False,185.0,19.240262008060306
19,common_80_250nm,linear_drift_corrected,False,190.0,19.197327406878365
19,common_80_250nm,linear_drift_corrected,False,195.0,19.162637670444678
19,common_80_250nm,linear_drift_corrected,False,200.0,19.134735477663735
19,common_80_250nm,linear_drift_corrected,False,205.0,19.112417951197155
19,common_80_250nm,linear_drift_corrected,False,210.0,19.094471832941757
19,common_80_250nm,linear_drift_corrected,False,215.0,19.08008127269668
19,common_80_250nm,linear_drift_corrected,False,220.0,19.068580100817215
19,common_80_250nm,linear_drift_corrected,False,225.0,19.05949305168895
19,common_80_250nm,linear_drift_corrected,False,230.0,19.0523035797719
19,common_80_250nm,linear_drift_corrected,False,235.0,19.04663114755613
19,common_80_250nm,linear_drift_corrected,False,240.0,19.042187350321512
19,common_80_250nm,linear_drift_corrected,False,245.0,19.03874542481586
19,common_80_250nm,linear_drift_corrected,False,250.0,19.036128348122126
19,no_slip_hydrodynamic,linear_then_no_slip_corrected,True,25.0,782.6753371791929
19,no_slip_hydrodynamic,linear_then_no_slip_corrected,True,30.0,537.135562053131
19,no_slip_hydrodynamic,linear_then_no_slip_corrected,True,35.0,368.9099453930814
19,no_slip_hydrodynamic,linear_then_no_slip_corrected,True,40.0,253.6304087464118
19,no_slip_hydrodynamic,linear_then_no_slip_corrected,True,45.0,175.86017870937926
19,no_slip_hydrodynamic,linear_then_no_slip_corrected,True,50.0,123.20551018301491
19,no_slip_hydrodynamic,linear_then_no_slip_corrected,True,55.0,88.02241685425706
19,no_slip_hydrodynamic,linear_then_no_slip_corrected,True,60.0,64.44881261078531
19,no_slip_hydrodynamic,linear_then_no_slip_corrected,True,65.0,48.796469895866416
19,no_slip_hydrodynamic,linear_then_no_slip_corrected,True,70.0,38.38725886558758
19,no_slip_hydrodynamic,linear_then_no_slip_corrected,True,75.0,31.500947215458112
19,no_slip_hydrodynamic,linear_then_no_slip_corrected,True,80.0,26.946074296745856
19,no_slip_hydrodynamic,linear_then_no_slip_corrected,True,85.0,23.939002659391125
19,no_slip_hydrodynamic,linear_then_no_slip_corrected,True,90.0,21.95881553863277
19,no_slip_hydrodynamic,linear_then_no_slip_corrected,True,95.0,20.65367331079335
19,no_slip_hydrodynamic,linear_then_no_slip_corrected,True,100.0,19.798177604354912
19,no_slip_hydrodynamic,linear_then_no_slip_corrected,True,105.0,19.235684791080267
19,no_slip_hydrodynamic,linear_then_no_slip_corrected,True,110.0,18.869253335939273
19,no_slip_hydrodynamic,linear_then_no_slip_corrected,True,115.0,18.629491171150164
19,no_slip_hydrodynamic,linear_then_no_slip_corrected,True,120.0,18.474863223253163
19,no_slip_hydrodynamic,linear_then_no_slip_corrected,True,125.0,18.374815267737464
19,no_slip_hydrodynamic,linear_then_no_slip_corrected,True,130.0,18.31135843110407
19,no_slip_hydrodynamic,linear_then_no_slip_corrected,True,135.0,18.271340391838898
19,no_slip_hydrodynamic,linear_then_no_slip_corrected,True,140.0,18.24686669084444
19,no_slip_hydrodynamic,linear_then_no_slip_corrected,True,145.0,18.232341019604036
19,no_slip_hydrodynamic,linear_then_no_slip_corrected,True,150.0,18.224299740221014
19,no_slip_hydrodynamic,linear_then_no_slip_corrected,True,155.0,18.22037531272473
19,no_slip_hydrodynamic,linear_then_no_slip_corrected,True,160.0,18.2190594537111
19,no_slip_hydrodynamic,linear_then_no_slip_corrected,True,165.0,18.219360680481902
19,no_slip_hydrodynamic,linear_then_no_slip_corrected,True,170.0,18.22063058040575
19,no_slip_hydrodynamic,linear_then_no_slip_corrected,True,175.0,18.22246173333361
19,no_slip_hydrodynamic,linear_then_no_slip_corrected,True,180.0,18.224581859409298
19,no_slip_hydrodynamic,linear_then_no_slip_corrected,True,185.0,18.226829724157636
19,no_slip_hydrodynamic,linear_then_no_slip_corrected,True,190.0,18.229096163303595
19,no_slip_hydrodynamic,linear_then_no_slip_corrected,True,195.0,18.231322428862534
19,no_slip_hydrodynamic,linear_then_no_slip_corrected,True,200.0,18.233469135337188
19,no_slip_hydrodynamic,linear_then_no_slip_corrected,True,205.0,18.235518940553035
19,no_slip_hydrodynamic,linear_then_no_slip_corrected,True,210.0,18.237461748077067
19,no_slip_hydrodynamic,linear_then_no_slip_corrected,True,215.0,18.239296161405925
19,no_slip_hydrodynamic,linear_then_no_slip_corrected,True,220.0,18.241023590352192
19,no_slip_hydrodynamic,linear_then_no_slip_corrected,True,225.0,18.242648351453035
19,no_slip_hydrodynamic,linear_then_no_slip_corrected,True,230.0,18.244175666700688
19,no_slip_hydrodynamic,linear_then_no_slip_corrected,True,235.0,18.2456114440528
19,no_slip_hydrodynamic,linear_then_no_slip_corrected,True,240.0,18.246961671286304
19,no_slip_hydrodynamic,linear_then_no_slip_corrected,True,245.0,18.24823222662064
19,no_slip_hydrodynamic,linear_then_no_slip_corrected,True,250.0,18.249428745765595
20,primary,linear_drift_corrected,False,25.0,762.9432065519535
20,primary,linear_drift_corrected,False,30.0,521.4346697283571
20,primary,linear_drift_corrected,False,35.0,354.3729241246794
20,primary,linear_drift_corrected,False,40.0,239.95961902319786
20,primary,linear_drift_corrected,False,45.0,161.71104859034307
20,primary,linear_drift_corrected,False,50.0,108.90376210471561
20,primary,linear_drift_corrected,False,55.0,73.1847672987818
20,primary,linear_drift_corrected,False,60.0,49.21586862007973
20,primary,linear_drift_corrected,False,65.0,33.18665808100432
20,primary,linear_drift_corrected,False,70.0,22.459145712941023
20,primary,linear_drift_corrected,False,75.0,15.347796023347316
20,primary,linear_drift_corrected,False,80.0,10.60294933897059
20,primary,linear_drift_corrected,False,85.0,7.460602363385991
20,primary,linear_drift_corrected,False,90.0,5.3769329987066925
20,primary,linear_drift_corrected,False,95.0,3.9959630475755556
20,primary,linear_drift_corrected,False,100.0,3.086601439050036
20,primary,linear_drift_corrected,False,105.0,2.4847426969029422
20,primary,linear_drift_corrected,False,110.0,2.090232312337387
20,primary,linear_drift_corrected,False,115.0,1.8310325192945656
20,primary,linear_drift_corrected,False,120.0,1.6617850108488827
20,primary,linear_drift_corrected,False,125.0,1.5522089904101346
20,primary,linear_drift_corrected,False,130.0,1.481471652745355
20,primary,linear_drift_corrected,False,135.0,1.436803806922368
20,primary,linear_drift_corrected,False,140.0,1.4088723219732724
20,primary,linear_drift_corrected,False,145.0,1.392017273862381
20,primary,linear_drift_corrected,False,150.0,1.3823469126322803
20,primary,linear_drift_corrected,False,155.0,1.3772772847407841
20,primary,linear_drift_corrected,False,160.0,1.37519905361646
20,primary,linear_drift_corrected,False,165.0,1.3749555660616766
20,primary,linear_drift_corrected,False,170.0,1.3758605301034639
20,primary,linear_drift_corrected,False,175.0,1.3774360125223863
20,primary,linear_drift_corrected,False,180.0,1.379381756689201
20,primary,linear_drift_corrected,False,185.0,1.3815103515073055
20,primary,linear_drift_corrected,False,190.0,1.3836949214372187
20,primary,linear_drift_corrected,False,195.0,1.3858651261779704
20,primary,linear_drift_corrected,False,200.0,1.3879739694458104
20,primary,linear_drift_corrected,False,205.0,1.389997253495557
20,primary,linear_drift_corrected,False,210.0,1.3919225626557643
20,primary,linear_drift_corrected,False,215.0,1.393744594940589
20,primary,linear_drift_corrected,False,220.0,1.3954639555444353
20,primary,linear_drift_corrected,False,225.0,1.397083056792983
20,primary,linear_drift_corrected,False,230.0,1.3986065771582485
20,primary,linear_drift_corrected,False,235.0,1.4000397747636681
20,primary,linear_drift_corrected,False,240.0,1.40138822857241
20,primary,linear_drift_corrected,False,245.0,1.4026576109086781
20,primary,linear_drift_corrected,False,250.0,1.4038533142565321
20,constant_baseline,far_constant_referenced,False,25.0,902.770682863684
20,constant_baseline,far_constant_referenced,False,30.0,674.6710920702866
20,constant_baseline,far_constant_referenced,False,35.0,509.9483184201698
20,constant_baseline,far_constant_referenced,False,40.0,391.96430880229696
20,constant_baseline,far_constant_referenced,False,45.0,307.90619796561117
20,constant_baseline,far_constant_referenced,False,50.0,248.34335346463374
20,constant_baseline,far_constant_referenced,False,55.0,206.33863942094615
20,constant_baseline,far_constant_referenced,False,60.0,176.83839367276306
20,constant_baseline,far_constant_referenced,False,65.0,156.1926829245987
20,constant_baseline,far_constant_referenced,False,70.0,141.78597350885497
20,constant_baseline,far_constant_referenced,False,75.0,131.75701484062589
20,constant_baseline,far_constant_referenced,False,80.0,124.78927276939606
20,constant_baseline,far_constant_referenced,False,85.0,119.9562018756172
20,constant_baseline,far_constant_referenced,False,90.0,116.6084035564771
20,constant_baseline,far_constant_referenced,False,95.0,114.29222369138755
20,constant_baseline,far_constant_referenced,False,100.0,112.69157147304338
20,constant_baseline,far_constant_referenced,False,105.0,111.58665007806813
20,constant_baseline,far_constant_referenced,False,110.0,110.82486077486514
20,constant_baseline,far_constant_referenced,False,115.0,110.3003872401587
20,constant_baseline,far_constant_referenced,False,120.0,109.93992325572681
20,constant_baseline,far_constant_referenced,False,125.0,109.69272326186976
20,constant_baseline,far_constant_referenced,False,130.0,109.52368127600094
20,constant_baseline,far_constant_referenced,False,135.0,109.4085241949818
20,constant_baseline,far_constant_referenced,False,140.0,109.33047760554355
20,constant_baseline,far_constant_referenced,False,145.0,109.27795513594215
20,constant_baseline,far_constant_referenced,False,150.0,109.2429582602183
20,constant_baseline,far_constant_referenced,False,155.0,109.21996871219613
20,constant_baseline,far_constant_referenced,False,160.0,109.2051821903614
20,constant_baseline,far_constant_referenced,False,165.0,109.19597837436643
20,constant_baseline,far_constant_referenced,False,170.0,109.19055448971753
20,constant_baseline,far_constant_referenced,False,175.0,109.18767522266843
20,constant_baseline,far_constant_referenced,False,180.0,109.18648703563153
20,constant_baseline,far_constant_referenced,False,185.0,109.18640836708944
20,constant_baseline,far_constant_referenced,False,190.0,109.18704387352713
20,constant_baseline,far_constant_referenced,False,195.0,109.18812502321772
20,constant_baseline,far_constant_referenced,False,200.0,109.18947045129246
20,constant_baseline,far_constant_referenced,False,205.0,109.19095860705158
20,constant_baseline,far_constant_referenced,False,210.0,109.19250889439189
20,constant_baseline,far_constant_referenced,False,215.0,109.19406867866783
20,constant_baseline,far_constant_referenced,False,220.0,109.19560434422914
20,constant_baseline,far_constant_referenced,False,225.0,109.19709514768181
20,constant_baseline,far_constant_referenced,False,230.0,109.19852899969774
20,constant_baseline,far_constant_referenced,False,235.0,109.19989957631064
20,constant_baseline,far_constant_referenced,False,240.0,109.20120434598869
20,constant_baseline,far_constant_referenced,False,245.0,109.20244322689204
20,constant_baseline,far_constant_referenced,False,250.0,109.20361767725196
20,lower_plus_10nm,linear_drift_corrected,False,35.0,350.19724288793
20,lower_plus_10nm,linear_drift_corrected,False,40.0,238.7845951615139
20,lower_plus_10nm,linear_drift_corrected,False,45.0,162.36039848362492
20,lower_plus_10nm,linear_drift_corrected,False,50.0,110.13382012960672
20,lower_plus_10nm,linear_drift_corrected,False,55.0,74.54421511574809
20,lower_plus_10nm,linear_drift_corrected,False,60.0,50.49344999370496
20,lower_plus_10nm,linear_drift_corrected,False,65.0,34.270965307313965
20,lower_plus_10nm,linear_drift_corrected,False,70.0,23.330408142764025
20,lower_plus_10nm,linear_drift_corrected,False,75.0,15.997689250045127
20,lower_plus_10nm,linear_drift_corrected,False,80.0,11.087401456511701
20,lower_plus_10nm,linear_drift_corrected,False,85.0,7.794329182218146
20,lower_plus_10nm,linear_drift_corrected,False,90.0,5.597187080444092
20,lower_plus_10nm,linear_drift_corrected,False,95.0,4.1328440313350505
20,lower_plus_10nm,linear_drift_corrected,False,100.0,3.154932800513735
20,lower_plus_10nm,linear_drift_corrected,False,105.0,2.505289684186488
20,lower_plus_10nm,linear_drift_corrected,False,110.0,2.074823717469253
20,lower_plus_10nm,linear_drift_corrected,False,115.0,1.7892614121821597
20,lower_plus_10nm,linear_drift_corrected,False,120.0,1.6011663038627653
20,lower_plus_10nm,linear_drift_corrected,False,125.0,1.478057950500721
20,lower_plus_10nm,linear_drift_corrected,False,130.0,1.3977058823297779
20,lower_plus_10nm,linear_drift_corrected,False,135.0,1.3459742935590866
20,lower_plus_10nm,linear_drift_corrected,False,140.0,1.3132504662098778
20,lower_plus_10nm,linear_drift_corrected,False,145.0,1.2929203528384114
20,lower_plus_10nm,linear_drift_corrected,False,150.0,1.2808006720651692
20,lower_plus_10nm,linear_drift_corrected,False,155.0,1.2740696696845035
20,lower_plus_10nm,linear_drift_corrected,False,160.0,1.270778441094446
20,lower_plus_10nm,linear_drift_corrected,False,165.0,1.269705042253089
20,lower_plus_10nm,linear_drift_corrected,False,170.0,1.2700351202249647
20,lower_plus_10nm,linear_drift_corrected,False,175.0,1.2712064566666037
20,lower_plus_10nm,linear_drift_corrected,False,180.0,1.2728727647860656
20,lower_plus_10nm,linear_drift_corrected,False,185.0,1.274808531210293
20,lower_plus_10nm,linear_drift_corrected,False,190.0,1.2768599357487211
20,lower_plus_10nm,linear_drift_corrected,False,195.0,1.2789363782650929
20,lower_plus_10nm,linear_drift_corrected,False,200.0,1.280982247372009
20,lower_plus_10nm,linear_drift_corrected,False,205.0,1.2829615747955871
20,lower_plus_10nm,linear_drift_corrected,False,210.0,1.284856288064095
20,lower_plus_10nm,linear_drift_corrected,False,215.0,1.2866579095088857
20,lower_plus_10nm,linear_drift_corrected,False,220.0,1.2883628324055871
20,lower_plus_10nm,linear_drift_corrected,False,225.0,1.2899720874931704
20,lower_plus_10nm,linear_drift_corrected,False,230.0,1.29148895052686
20,lower_plus_10nm,linear_drift_corrected,False,235.0,1.2929175312279335
20,lower_plus_10nm,linear_drift_corrected,False,240.0,1.2942628257607063
20,lower_plus_10nm,linear_drift_corrected,False,245.0,1.2955300597557566
20,lower_plus_10nm,linear_drift_corrected,False,250.0,1.2967242945300164
20,upper_200nm,linear_drift_corrected,False,25.0,761.0841982056334
20,upper_200nm,linear_drift_corrected,False,30.0,522.0837043521706
20,upper_200nm,linear_drift_corrected,False,35.0,355.62889970605465
20,upper_200nm,linear_drift_corrected,False,40.0,241.01410635129875
20,upper_200nm,linear_drift_corrected,False,45.0,162.59375269714312
20,upper_200nm,linear_drift_corrected,False,50.0,109.0601169334087
20,upper_200nm,linear_drift_corrected,False,55.0,72.90595835369602
20,upper_200nm,linear_drift_corrected,False,60.0,48.48387297424743
20,upper_200nm,linear_drift_corrected,False,65.0,32.02826975986853
20,upper_200nm,linear_drift_corrected,False,70.0,21.046411144727678
20,upper_200nm,linear_drift_corrected,False,75.0,13.676800021683775
20,upper_200nm,linear_drift_corrected,False,80.0,8.754773292539008
20,upper_200nm,linear_drift_corrected,False,85.0,5.48164549182059
20,upper_200nm,linear_drift_corrected,False,90.0,3.2961733275295204
20,upper_200nm,linear_drift_corrected,False,95.0,1.845915601515997
20,upper_200nm,linear_drift_corrected,False,100.0,0.8835711022994925
20,upper_200nm,linear_drift_corrected,False,105.0,0.24418643645009008
20,upper_200nm,linear_drift_corrected,False,110.0,-0.17682959619342653
20,upper_200nm,linear_drift_corrected,False,115.0,-0.45489622662637086
20,upper_200nm,linear_drift_corrected,False,120.0,-0.6377725205310498
20,upper_200nm,linear_drift_corrected,False,125.0,-0.7566450925900529
20,upper_200nm,linear_drift_corrected,False,130.0,-0.8339142284908483
20,upper_200nm,linear_drift_corrected,False,135.0,-0.883391332485648
20,upper_200nm,linear_drift_corrected,False,140.0,-0.9144857563240832
20,upper_200nm,linear_drift_corrected,False,145.0,-0.9336442671397257
20,upper_200nm,linear_drift_corrected,False,150.0,-0.9448836853789283
20,upper_200nm,linear_drift_corrected,False,155.0,-0.9510197161261845
20,upper_200nm,linear_drift_corrected,False,160.0,-0.9538864187598741
20,upper_200nm,linear_drift_corrected,False,165.0,-0.9546353419279265
20,upper_200nm,linear_drift_corrected,False,170.0,-0.9540953343120799
20,upper_200nm,linear_drift_corrected,False,175.0,-0.9527723035985937
20,upper_200nm,linear_drift_corrected,False,180.0,-0.9509934592476201
20,upper_200nm,linear_drift_corrected,False,185.0,-0.9489854003143463
20,upper_200nm,linear_drift_corrected,False,190.0,-0.9468809510570202
20,upper_200nm,linear_drift_corrected,False,195.0,-0.9447665722029064
20,upper_200nm,linear_drift_corrected,False,200.0,-0.9426962559133919
20,common_80_250nm,linear_drift_corrected,False,80.0,5.600582710675609
20,common_80_250nm,linear_drift_corrected,False,85.0,3.7444312821381587
20,common_80_250nm,linear_drift_corrected,False,90.0,2.7147516692692424
20,common_80_250nm,linear_drift_corrected,False,95.0,2.147455711480883
20,common_80_250nm,linear_drift_corrected,False,100.0,1.8376399980076246
20,common_80_250nm,linear_drift_corrected,False,105.0,1.6702095116059597
20,common_80_250nm,linear_drift_corrected,False,110.0,1.581785582496542
20,common_80_250nm,linear_drift_corrected,False,115.0,1.537036513100528
20,common_80_250nm,linear_drift_corrected,False,120.0,1.5161445475767894
20,common_80_250nm,linear_drift_corrected,False,125.0,1.5080821746139228
20,common_80_250nm,linear_drift_corrected,False,130.0,1.506819682555135
20,common_80_250nm,linear_drift_corrected,False,135.0,1.509039220976887
20,common_80_250nm,linear_drift_corrected,False,140.0,1.5129109916119718
20,common_80_250nm,linear_drift_corrected,False,145.0,1.5174498583750304
20,common_80_250nm,linear_drift_corrected,False,150.0,1.5221420767728218
20,common_80_250nm,linear_drift_corrected,False,155.0,1.526727054259872
20,common_80_250nm,linear_drift_corrected,False,160.0,1.5310795651267444
20,common_80_250nm,linear_drift_corrected,False,165.0,1.5351494787673312
20,common_80_250nm,linear_drift_corrected,False,170.0,1.538926001525433
20,common_80_250nm,linear_drift_corrected,False,175.0,1.5424176355170467
20,common_80_250nm,linear_drift_corrected,False,180.0,1.5456414971172572
20,common_80_250nm,linear_drift_corrected,False,185.0,1.5486182386184995
20,common_80_250nm,linear_drift_corrected,False,190.0,1.5513690960459614
20,common_80_250nm,linear_drift_corrected,False,195.0,1.5539144457896217
20,common_80_250nm,linear_drift_corrected,False,200.0,1.5562731583565457
20,common_80_250nm,linear_drift_corrected,False,205.0,1.5584624366486037
20,common_80_250nm,linear_drift_corrected,False,210.0,1.560497792720721
20,common_80_250nm,linear_drift_corrected,False,215.0,1.5623930361986744
20,common_80_250nm,linear_drift_corrected,False,220.0,1.5641608576193993
20,common_80_250nm,linear_drift_corrected,False,225.0,1.5658122445534408
20,common_80_250nm,linear_drift_corrected,False,230.0,1.5673571666763761
20,common_80_250nm,linear_drift_corrected,False,235.0,1.568804562910537
20,common_80_250nm,linear_drift_corrected,False,240.0,1.5701624612154743
20,common_80_250nm,linear_drift_corrected,False,245.0,1.5714380846487
20,common_80_250nm,linear_drift_corrected,False,250.0,1.5726379445365652
20,no_slip_hydrodynamic,linear_then_no_slip_corrected,True,25.0,751.694094748907
20,no_slip_hydrodynamic,linear_then_no_slip_corrected,True,30.0,510.0768778466861
20,no_slip_hydrodynamic,linear_then_no_slip_corrected,True,35.0,344.46102826249347
20,no_slip_hydrodynamic,linear_then_no_slip_corrected,True,40.0,231.1376245944479
20,no_slip_hydrodynamic,linear_then_no_slip_corrected,True,45.0,154.65296915931856
20,no_slip_hydrodynamic,linear_then_no_slip_corrected,True,50.0,102.91655116490637
20,no_slip_hydrodynamic,linear_then_no_slip_corrected,True,55.0,68.41428046676445
20,no_slip_hydrodynamic,linear_then_no_slip_corrected,True,60.0,45.28114146281136
20,no_slip_hydrodynamic,linear_then_no_slip_corrected,True,65.0,29.961450558048906
20,no_slip_hydrodynamic,linear_then_no_slip_corrected,True,70.0,19.760993926567036
20,no_slip_hydrodynamic,linear_then_no_slip_corrected,True,75.0,13.032449957690336
20,no_slip_hydrodynamic,linear_then_no_slip_corrected,True,80.0,8.575016350620105
20,no_slip_hydrodynamic,linear_then_no_slip_corrected,True,85.0,5.641738849273884
20,no_slip_hydrodynamic,linear_then_no_slip_corrected,True,90.0,3.706561657658546
20,no_slip_hydrodynamic,linear_then_no_slip_corrected,True,95.0,2.4356116893729545
20,no_slip_hydrodynamic,linear_then_no_slip_corrected,True,100.0,1.600763050545703
20,no_slip_hydrodynamic,linear_then_no_slip_corrected,True,105.0,1.0540101912610451
20,no_slip_hydrodynamic,linear_then_no_slip_corrected,True,110.0,0.697004491817299
20,no_slip_hydrodynamic,linear_then_no_slip_corrected,True,115.0,0.4644537560627244
20,no_slip_hydrodynamic,linear_then_no_slip_corrected,True,120.0,0.3141135884163172
20,no_slip_hydrodynamic,linear_then_no_slip_corrected,True,125.0,0.21727516328395044
20,no_slip_hydrodynamic,linear_then_no_slip_corrected,True,130.0,0.1558457576489441
20,no_slip_hydrodynamic,linear_then_no_slip_corrected,True,135.0,0.11723933705016748
20,no_slip_hydrodynamic,linear_then_no_slip_corrected,True,140.0,0.09373248780845371
20,no_slip_hydrodynamic,linear_then_no_slip_corrected,True,145.0,0.0798274148617738
20,no_slip_hydrodynamic,linear_then_no_slip_corrected,True,150.0,0.07224321882623985
20,no_slip_hydrodynamic,linear_then_no_slip_corrected,True,155.0,0.06859333637265275
20,no_slip_hydrodynamic,linear_then_no_slip_corrected,True,160.0,0.0674902095190047
20,no_slip_hydrodynamic,linear_then_no_slip_corrected,True,165.0,0.06791519993245632
20,no_slip_hydrodynamic,linear_then_no_slip_corrected,True,170.0,0.06928124607874295
20,no_slip_hydrodynamic,linear_then_no_slip_corrected,True,175.0,0.07116810032077436
20,no_slip_hydrodynamic,linear_then_no_slip_corrected,True,180.0,0.07333160118936716
20,no_slip_hydrodynamic,linear_then_no_slip_corrected,True,185.0,0.07560449749349868
20,no_slip_hydrodynamic,linear_then_no_slip_corrected,True,190.0,0.07789047169927067
20,no_slip_hydrodynamic,linear_then_no_slip_corrected,True,195.0,0.080127970611268
20,no_slip_hydrodynamic,linear_then_no_slip_corrected,True,200.0,0.08228336948995363
20,no_slip_hydrodynamic,linear_then_no_slip_corrected,True,205.0,0.08433830159747058
20,no_slip_hydrodynamic,linear_then_no_slip_corrected,True,210.0,0.08628491420424599
20,no_slip_hydrodynamic,linear_then_no_slip_corrected,True,215.0,0.08812172092106466
20,no_slip_hydrodynamic,linear_then_no_slip_corrected,True,220.0,0.08985081529742965
20,no_slip_hydrodynamic,linear_then_no_slip_corrected,True,225.0,0.09147668770861159
20,no_slip_hydrodynamic,linear_then_no_slip_corrected,True,230.0,0.09300473177707899
20,no_slip_hydrodynamic,linear_then_no_slip_corrected,True,235.0,0.09444102273983611
20,no_slip_hydrodynamic,linear_then_no_slip_corrected,True,240.0,0.09579156889792158
20,no_slip_hydrodynamic,linear_then_no_slip_corrected,True,245.0,0.09706236068198917
20,no_slip_hydrodynamic,linear_then_no_slip_corrected,True,250.0,0.09825901940781066
21,primary,linear_drift_corrected,False,25.0,829.1999099739811
21,primary,linear_drift_corrected,False,30.0,576.9659906747461
21,primary,linear_drift_corrected,False,35.0,399.796636760068
21,primary,linear_drift_corrected,False,40.0,276.66474246645396
21,primary,linear_drift_corrected,False,45.0,191.2915100610031
21,primary,linear_drift_corrected,False,50.0,132.37474012400975
21,primary,linear_drift_corrected,False,55.0,91.92446599026549
21,primary,linear_drift_corrected,False,60.0,64.36380086584478
21,primary,linear_drift_corrected,False,65.0,45.60136589965051
21,primary,linear_drift_corrected,False,70.0,32.84675459744123
21,primary,linear_drift_corrected,False,75.0,24.19982432183586
21,primary,linear_drift_corrected,False,80.0,18.3667689292435
21,primary,linear_drift_corrected,False,85.0,14.432351455055622
21,primary,linear_drift_corrected,False,90.0,11.776516642516677
21,primary,linear_drift_corrected,False,95.0,9.986851627162975
21,primary,linear_drift_corrected,False,100.0,8.785601829473134
21,primary,linear_drift_corrected,False,105.0,7.980292565645152
21,primary,linear_drift_corrected,False,110.0,7.43977905794906
21,primary,linear_drift_corrected,False,115.0,7.07794642027417
21,primary,linear_drift_corrected,False,120.0,6.836942114147089
21,primary,linear_drift_corrected,False,125.0,6.677208004207167
21,primary,linear_drift_corrected,False,130.0,6.571497696883439
21,primary,linear_drift_corrected,False,135.0,6.5020864565553085
21,primary,linear_drift_corrected,False,140.0,6.45706924796744
21,primary,linear_drift_corrected,False,145.0,6.428402586838838
21,primary,linear_drift_corrected,False,150.0,6.410482378231665
21,primary,linear_drift_corrected,False,155.0,6.399699492435373
21,primary,linear_drift_corrected,False,160.0,6.393633665469142
21,primary,linear_drift_corrected,False,165.0,6.39067325559976
21,primary,linear_drift_corrected,False,170.0,6.389685266532557
21,primary,linear_drift_corrected,False,175.0,6.389951602055274
21,primary,linear_drift_corrected,False,180.0,6.390994780229656
21,primary,linear_drift_corrected,False,185.0,6.392504775733588
21,primary,linear_drift_corrected,False,190.0,6.394263760019446
21,primary,linear_drift_corrected,False,195.0,6.396138896543941
21,primary,linear_drift_corrected,False,200.0,6.398045104694317
21,primary,linear_drift_corrected,False,205.0,6.399930337800903
21,primary,linear_drift_corrected,False,210.0,6.401760426733871
21,primary,linear_drift_corrected,False,215.0,6.403517196746269
21,primary,linear_drift_corrected,False,220.0,6.40519148217554
21,primary,linear_drift_corrected,False,225.0,6.406780014580516
21,primary,linear_drift_corrected,False,230.0,6.408282547526939
21,primary,linear_drift_corrected,False,235.0,6.40970133394421
21,primary,linear_drift_corrected,False,240.0,6.411039932406379
21,primary,linear_drift_corrected,False,245.0,6.412302582302339
21,primary,linear_drift_corrected,False,250.0,6.413493700178834
21,constant_baseline,far_constant_referenced,False,25.0,884.8163926085684
21,constant_baseline,far_constant_referenced,False,30.0,674.9072970322446
21,constant_baseline,far_constant_referenced,False,35.0,518.8307294722002
21,constant_baseline,far_constant_referenced,False,40.0,404.1725498123372
21,constant_baseline,far_constant_referenced,False,45.0,320.3444643491201
21,constant_baseline,far_constant_referenced,False,50.0,259.2218912441811
21,constant_baseline,far_constant_referenced,False,55.0,214.9760975735084
21,constant_baseline,far_constant_referenced,False,60.0,183.15788403934897
21,constant_baseline,far_constant_referenced,False,65.0,160.23546639886405
21,constant_baseline,far_constant_referenced,False,70.0,143.78458432742815
21,constant_baseline,far_constant_referenced,False,75.0,132.08904357475743
21,constant_baseline,far_constant_referenced,False,80.0,123.72378824066698
21,constant_baseline,far_constant_referenced,False,85.0,117.75590992094101
21,constant_baseline,far_constant_referenced,False,90.0,113.52702731471122
21,constant_baseline,far_constant_referenced,False,95.0,110.52209319875786
21,constant_baseline,far_constant_referenced,False,100.0,108.38553407143523
21,constant_baseline,far_constant_referenced,False,105.0,106.87333457519128
21,constant_baseline,far_constant_referenced,False,110.0,105.80453355221965
21,constant_baseline,far_constant_referenced,False,115.0,105.04656780765727
21,constant_baseline,far_constant_referenced,False,120.0,104.51060190940407
21,constant_baseline,far_constant_referenced,False,125.0,104.13401526305087
21,constant_baseline,far_constant_referenced,False,130.0,103.86792988433967
21,constant_baseline,far_constant_referenced,False,135.0,103.68047339651775
21,constant_baseline,far_constant_referenced,False,140.0,103.54960357545188
21,constant_baseline,far_constant_referenced,False,145.0,103.45796958791948
21,constant_baseline,far_constant_referenced,False,150.0,103.39406370017582
21,constant_baseline,far_constant_referenced,False,155.0,103.34997900120277
21,constant_baseline,far_constant_referenced,False,160.0,103.31976692625054
21,constant_baseline,far_constant_referenced,False,165.0,103.29922680199951
21,constant_baseline,far_constant_referenced,False,170.0,103.28553463182644
21,constant_baseline,far_constant_referenced,False,175.0,103.27666559982956
21,constant_baseline,far_constant_referenced,False,180.0,103.2710948255796
21,constant_baseline,far_constant_referenced,False,185.0,103.26782130139345
21,constant_baseline,far_constant_referenced,False,190.0,103.26616197184804
21,constant_baseline,far_constant_referenced,False,195.0,103.2655705823121
21,constant_baseline,far_constant_referenced,False,200.0,103.26570032586866
21,constant_baseline,far_constant_referenced,False,205.0,103.26631414961673
21,constant_baseline,far_constant_referenced,False,210.0,103.26723188722997
21,constant_baseline,far_constant_referenced,False,215.0,103.26833298774355
21,constant_baseline,far_constant_referenced,False,220.0,103.269538317594
21,constant_baseline,far_constant_referenced,False,225.0,103.27079166824646
21,constant_baseline,far_constant_referenced,False,230.0,103.27205366615827
21,constant_baseline,far_constant_referenced,False,235.0,103.27330030110335
21,constant_baseline,far_constant_referenced,False,240.0,103.27451648737913
21,constant_baseline,far_constant_referenced,False,245.0,103.27569135835114
21,constant_baseline,far_constant_referenced,False,250.0,103.27681965468331
21,lower_plus_10nm,linear_drift_corrected,False,35.0,384.75752192789224
21,lower_plus_10nm,linear_drift_corrected,False,40.0,272.8836732853925
21,lower_plus_10nm,linear_drift_corrected,False,45.0,193.24934111811842
21,lower_plus_10nm,linear_drift_corrected,False,50.0,136.88814994304678
21,lower_plus_10nm,linear_drift_corrected,False,55.0,97.21468876979874
21,lower_plus_10nm,linear_drift_corrected,False,60.0,69.38686207363605
21,lower_plus_10nm,linear_drift_corrected,False,65.0,49.936749790344486
21,lower_plus_10nm,linear_drift_corrected,False,70.0,36.38185731489819
21,lower_plus_10nm,linear_drift_corrected,False,75.0,26.957905893691294
21,lower_plus_10nm,linear_drift_corrected,False,80.0,20.418715832618645
21,lower_plus_10nm,linear_drift_corrected,False,85.0,15.888516141434398
21,lower_plus_10nm,linear_drift_corrected,False,90.0,12.754363648387853
21,lower_plus_10nm,linear_drift_corrected,False,95.0,10.588657856790535
21,lower_plus_10nm,linear_drift_corrected,False,100.0,9.093854029931382
21,lower_plus_10nm,linear_drift_corrected,False,105.0,8.06331384775982
21,lower_plus_10nm,linear_drift_corrected,False,110.0,7.3537496194220795
21,lower_plus_10nm,linear_drift_corrected,False,115.0,6.8659194007158115
21,lower_plus_10nm,linear_drift_corrected,False,120.0,6.53115104910793
21,lower_plus_10nm,linear_drift_corrected,False,125.0,6.3019609235079574
21,lower_plus_10nm,linear_drift_corrected,False,130.0,6.145536560737275
21,lower_plus_10nm,linear_drift_corrected,False,135.0,6.039216031230045
21,lower_plus_10nm,linear_drift_corrected,False,140.0,5.967355922959066
21,lower_plus_10nm,linear_drift_corrected,False,145.0,5.919163312053935
21,lower_plus_10nm,linear_drift_corrected,False,150.0,5.88719602407651
21,lower_plus_10nm,linear_drift_corrected,False,155.0,5.866325723165026
21,lower_plus_10nm,linear_drift_corrected,False,160.0,5.853021291951864
21,lower_plus_10nm,linear_drift_corrected,False,165.0,5.84485373572666
21,lower_plus_10nm,linear_drift_corrected,False,170.0,5.840154233568515
21,lower_plus_10nm,linear_drift_corrected,False,175.0,5.837778028793853
21,lower_plus_10nm,linear_drift_corrected,False,180.0,5.836941444280356
21,lower_plus_10nm,linear_drift_corrected,False,185.0,5.837109408167745
21,lower_plus_10nm,linear_drift_corrected,False,190.0,5.837917861701615
21,lower_plus_10nm,linear_drift_corrected,False,195.0,5.8391202514758795
21,lower_plus_10nm,linear_drift_corrected,False,200.0,5.840550647211498
21,lower_plus_10nm,linear_drift_corrected,False,205.0,5.8420983335221015
21,lower_plus_10nm,linear_drift_corrected,False,210.0,5.843690318267176
21,lower_plus_10nm,linear_drift_corrected,False,215.0,5.845279301334021
21,lower_plus_10nm,linear_drift_corrected,False,220.0,5.8468354083170135
21,lower_plus_10nm,linear_drift_corrected,False,225.0,5.8483405188563475
21,lower_plus_10nm,linear_drift_corrected,False,230.0,5.849784382126624
21,lower_plus_10nm,linear_drift_corrected,False,235.0,5.851161962414048
21,lower_plus_10nm,linear_drift_corrected,False,240.0,5.852471630626662
21,lower_plus_10nm,linear_drift_corrected,False,245.0,5.8537139369312
21,lower_plus_10nm,linear_drift_corrected,False,250.0,5.854890793465024
21,upper_200nm,linear_drift_corrected,False,25.0,827.7247785257897
21,upper_200nm,linear_drift_corrected,False,30.0,577.1095360544547
21,upper_200nm,linear_drift_corrected,False,35.0,400.64992313427206
21,upper_200nm,linear_drift_corrected,False,40.0,277.290900091413
21,upper_200nm,linear_drift_corrected,False,45.0,191.90433647212623
21,upper_200nm,linear_drift_corrected,False,50.0,132.8331563621745
21,upper_200nm,linear_drift_corrected,False,55.0,92.17248715286574
21,upper_200nm,linear_drift_corrected,False,60.0,64.30806145501947
21,upper_200nm,linear_drift_corrected,False,65.0,45.318903179151874
21,upper_200nm,linear_drift_corrected,False,70.0,32.416213096909495
21,upper_200nm,linear_drift_corrected,False,75.0,23.64497250285789
21,upper_200nm,linear_drift_corrected,False,80.0,17.695546148936078
21,upper_200nm,linear_drift_corrected,False,85.0,13.667940519925196
21,upper_200nm,linear_drift_corrected,False,90.0,10.955737120998542
21,upper_200nm,linear_drift_corrected,False,95.0,9.124106964060067
21,upper_200nm,linear_drift_corrected,False,100.0,7.888262962201726
21,upper_200nm,linear_drift_corrected,False,105.0,7.055891205722636
21,upper_200nm,linear_drift_corrected,False,110.0,6.497101119390089
21,upper_200nm,linear_drift_corrected,False,115.0,6.123351430191866
21,upper_200nm,linear_drift_corrected,False,120.0,5.8731010262622085
21,upper_200nm,linear_drift_corrected,False,125.0,5.706211741813266
21,upper_200nm,linear_drift_corrected,False,130.0,5.595511198315586
21,upper_200nm,linear_drift_corrected,False,135.0,5.522853996746132
21,upper_200nm,linear_drift_corrected,False,140.0,5.4755024175198574
21,upper_200nm,linear_drift_corrected,False,145.0,5.445040470992952
21,upper_200nm,linear_drift_corrected,False,150.0,5.425871124236455
21,upper_200nm,linear_drift_corrected,False,155.0,5.414229180773422
21,upper_200nm,linear_drift_corrected,False,160.0,5.407594730015965
21,upper_200nm,linear_drift_corrected,False,165.0,5.4041988048192
21,upper_200nm,linear_drift_corrected,False,170.0,5.402908247712755
21,upper_200nm,linear_drift_corrected,False,175.0,5.402964393285172
21,upper_200nm,linear_drift_corrected,False,180.0,5.403866704968306
21,upper_200nm,linear_drift_corrected,False,185.0,5.405273530840678
21,upper_200nm,linear_drift_corrected,False,190.0,5.40696091693953
21,upper_200nm,linear_drift_corrected,False,195.0,5.4087863678827794
21,upper_200nm,linear_drift_corrected,False,200.0,5.410658101377628
21,common_80_250nm,linear_drift_corrected,False,80.0,24.17599631485401
21,common_80_250nm,linear_drift_corrected,False,85.0,17.163814298137375
21,common_80_250nm,linear_drift_corrected,False,90.0,12.80812853466418
21,common_80_250nm,linear_drift_corrected,False,95.0,10.107172599131523
21,common_80_250nm,linear_drift_corrected,False,100.0,8.435194652103549
21,common_80_250nm,linear_drift_corrected,False,105.0,7.402849738011038
21,common_80_250nm,linear_drift_corrected,False,110.0,6.767178456893595
21,common_80_250nm,linear_drift_corrected,False,115.0,6.376215357661308
21,common_80_250nm,linear_drift_corrected,False,120.0,6.136840825666583
21,common_80_250nm,linear_drift_corrected,False,125.0,5.991240564784231
21,common_80_250nm,linear_drift_corrected,False,130.0,5.90354799158103
21,common_80_250nm,linear_drift_corrected,False,135.0,5.851530313557586
21,common_80_250nm,linear_drift_corrected,False,140.0,5.821418642374787
21,common_80_250nm,linear_drift_corrected,False,145.0,5.804730162562034
21,common_80_250nm,linear_drift_corrected,False,150.0,5.796148564125432
21,common_80_250nm,linear_drift_corrected,False,155.0,5.792434926675013
21,common_80_250nm,linear_drift_corrected,False,160.0,5.791604539739241
21,common_80_250nm,linear_drift_corrected,False,165.0,5.792440461395854
21,common_80_250nm,linear_drift_corrected,False,170.0,5.794200496381801
21,common_80_250nm,linear_drift_corrected,False,175.0,5.796435499311259
21,common_80_250nm,linear_drift_corrected,False,180.0,5.798877194519852
21,common_80_250nm,linear_drift_corrected,False,185.0,5.801367695438586
21,common_80_250nm,linear_drift_corrected,False,190.0,5.803815733534427
21,common_80_250nm,linear_drift_corrected,False,195.0,5.8061725853418205
21,common_80_250nm,linear_drift_corrected,False,200.0,5.808414046239819
21,common_80_250nm,linear_drift_corrected,False,205.0,5.81053044969411
21,common_80_250nm,linear_drift_corrected,False,210.0,5.812520556009012
21,common_80_250nm,linear_drift_corrected,False,215.0,5.814387835314621
21,common_80_250nm,linear_drift_corrected,False,220.0,5.8161382531518155
21,common_80_250nm,linear_drift_corrected,False,225.0,5.817778853878419
21,common_80_250nm,linear_drift_corrected,False,230.0,5.819317083818568
21,common_80_250nm,linear_drift_corrected,False,235.0,5.82076032125824
21,common_80_250nm,linear_drift_corrected,False,240.0,5.822115626527563
21,common_80_250nm,linear_drift_corrected,False,245.0,5.823389625052702
21,common_80_250nm,linear_drift_corrected,False,250.0,5.824588460264904
21,no_slip_hydrodynamic,linear_then_no_slip_corrected,True,25.0,784.6200221936851
21,no_slip_hydrodynamic,linear_then_no_slip_corrected,True,30.0,532.4162227350139
21,no_slip_hydrodynamic,linear_then_no_slip_corrected,True,35.0,359.70479246909616
21,no_slip_hydrodynamic,linear_then_no_slip_corrected,True,40.0,241.6149556366638
21,no_slip_hydrodynamic,linear_then_no_slip_corrected,True,45.0,161.91604949140262
21,no_slip_hydrodynamic,linear_then_no_slip_corrected,True,50.0,108.02351304925418
21,no_slip_hydrodynamic,linear_then_no_slip_corrected,True,55.0,72.07320975122536
21,no_slip_hydrodynamic,linear_then_no_slip_corrected,True,60.0,47.969156590032135
21,no_slip_hydrodynamic,linear_then_no_slip_corrected,True,65.0,32.011957404483304
21,no_slip_hydrodynamic,linear_then_no_slip_corrected,True,70.0,21.38255421524843
21,no_slip_hydrodynamic,linear_then_no_slip_corrected,True,75.0,14.374029110249122
21,no_slip_hydrodynamic,linear_then_no_slip_corrected,True,80.0,9.728915723133614
21,no_slip_hydrodynamic,linear_then_no_slip_corrected,True,85.0,6.673616862131639
21,no_slip_hydrodynamic,linear_then_no_slip_corrected,True,90.0,4.656812615495924
21,no_slip_hydrodynamic,linear_then_no_slip_corrected,True,95.0,3.3329213360239196
21,no_slip_hydrodynamic,linear_then_no_slip_corrected,True,100.0,2.462689543233049
21,no_slip_hydrodynamic,linear_then_no_slip_corrected,True,105.0,1.893022942622844
21,no_slip_hydrodynamic,linear_then_no_slip_corrected,True,110.0,1.5207067298780397
21,no_slip_hydrodynamic,linear_then_no_slip_corrected,True,115.0,1.2782511445857845
21,no_slip_hydrodynamic,linear_then_no_slip_corrected,True,120.0,1.1212920112297686
21,no_slip_hydrodynamic,linear_then_no_slip_corrected,True,125.0,1.0201747864519806
21,no_slip_hydrodynamic,linear_then_no_slip_corrected,True,130.0,0.9558851943414456
21,no_slip_hydrodynamic,linear_then_no_slip_corrected,True,135.0,0.915430961672344
21,no_slip_hydrodynamic,linear_then_no_slip_corrected,True,140.0,0.8906884440421825
21,no_slip_hydrodynamic,linear_then_no_slip_corrected,True,145.0,0.8759855136387729
21,no_slip_hydrodynamic,linear_then_no_slip_corrected,True,150.0,0.8678675377525777
21,no_slip_hydrodynamic,linear_then_no_slip_corrected,True,155.0,0.8638713829849759
21,no_slip_hydrodynamic,linear_then_no_slip_corrected,True,160.0,0.8625394845425418
21,no_slip_hydrodynamic,linear_then_no_slip_corrected,True,165.0,0.8628127429138919
21,no_slip_hydrodynamic,linear_then_no_slip_corrected,True,170.0,0.8640822072476482
21,no_slip_hydrodynamic,linear_then_no_slip_corrected,True,175.0,0.8659035280356574
21,no_slip_hydrodynamic,linear_then_no_slip_corrected,True,180.0,0.8680253381665359
21,no_slip_hydrodynamic,linear_then_no_slip_corrected,True,185.0,0.8702699307220841
21,no_slip_hydrodynamic,linear_then_no_slip_corrected,True,190.0,0.8725379088002764
21,no_slip_hydrodynamic,linear_then_no_slip_corrected,True,195.0,0.8747631834711187
21,no_slip_hydrodynamic,linear_then_no_slip_corrected,True,200.0,0.876910814246175
21,no_slip_hydrodynamic,linear_then_no_slip_corrected,True,205.0,0.8789604668009104
21,no_slip_hydrodynamic,linear_then_no_slip_corrected,True,210.0,0.8809037263112954
21,no_slip_hydrodynamic,linear_then_no_slip_corrected,True,215.0,0.8827382528566275
21,no_slip_hydrodynamic,linear_then_no_slip_corrected,True,220.0,0.8844658998853466
21,no_slip_hydrodynamic,linear_then_no_slip_corrected,True,225.0,0.886090787507997
21,no_slip_hydrodynamic,linear_then_no_slip_corrected,True,230.0,0.8876182068021319
21,no_slip_hydrodynamic,linear_then_no_slip_corrected,True,235.0,0.8890540723978546
21,no_slip_hydrodynamic,linear_then_no_slip_corrected,True,240.0,0.8904043488258285
21,no_slip_hydrodynamic,linear_then_no_slip_corrected,True,245.0,0.8916749568676935
21,no_slip_hydrodynamic,linear_then_no_slip_corrected,True,250.0,0.8928714991692062
22,primary,linear_drift_corrected,False,20.0,1222.2593006770803
22,primary,linear_drift_corrected,False,25.0,842.7321001636041
22,primary,linear_drift_corrected,False,30.0,578.4177818492961
22,primary,linear_drift_corrected,False,35.0,395.20162361114035
22,primary,linear_drift_corrected,False,40.0,269.9529488369757
22,primary,linear_drift_corrected,False,45.0,184.14490704218596
22,primary,linear_drift_corrected,False,50.0,125.89736845471072
22,primary,linear_drift_corrected,False,55.0,86.5751935654785
22,primary,linear_drift_corrected,False,60.0,60.02492865837023
22,primary,linear_drift_corrected,False,65.0,42.28760548856519
22,primary,linear_drift_corrected,False,70.0,30.390385418406687
22,primary,linear_drift_corrected,False,75.0,22.447185437803327
22,primary,linear_drift_corrected,False,80.0,17.166585810322516
22,primary,linear_drift_corrected,False,85.0,13.642574810224401
22,primary,linear_drift_corrected,False,90.0,11.309723480518462
22,primary,linear_drift_corrected,False,95.0,9.759514204930413
22,primary,linear_drift_corrected,False,100.0,8.731598753955616
22,primary,linear_drift_corrected,False,105.0,8.054062131259348
22,primary,linear_drift_corrected,False,110.0,7.6055083506689165
22,primary,linear_drift_corrected,False,115.0,7.311186774743352
22,primary,linear_drift_corrected,False,120.0,7.118126076587916
22,primary,linear_drift_corrected,False,125.0,6.992010745934082
22,primary,linear_drift_corrected,False,130.0,6.910759861776121
22,primary,linear_drift_corrected,False,135.0,6.858549619787937
22,primary,linear_drift_corrected,False,140.0,6.825726441105955
22,primary,linear_drift_corrected,False,145.0,6.805555126278023
22,primary,linear_drift_corrected,False,150.0,6.793596070734384
22,primary,linear_drift_corrected,False,155.0,6.787068830753347
22,primary,linear_drift_corrected,False,160.0,6.7839522266036765
22,primary,linear_drift_corrected,False,165.0,6.783031706634952
22,primary,linear_drift_corrected,False,170.0,6.783477612968467
22,primary,linear_drift_corrected,False,175.0,6.784738969268455
22,primary,linear_drift_corrected,False,180.0,6.786482167759414
22,primary,linear_drift_corrected,False,185.0,6.7884688928793375
22,primary,linear_drift_corrected,False,190.0,6.790560201920564
22,primary,linear_drift_corrected,False,195.0,6.792667160314256
22,primary,linear_drift_corrected,False,200.0,6.794733120840771
22,primary,linear_drift_corrected,False,205.0,6.796728331051445
22,primary,linear_drift_corrected,False,210.0,6.798634317592358
22,primary,linear_drift_corrected,False,215.0,6.800443555021454
22,primary,linear_drift_corrected,False,220.0,6.8021542371788355
22,primary,linear_drift_corrected,False,225.0,6.8037675020392
22,primary,linear_drift_corrected,False,230.0,6.805287149910726
22,primary,linear_drift_corrected,False,235.0,6.806717723152409
22,primary,linear_drift_corrected,False,240.0,6.808064419646138
22,primary,linear_drift_corrected,False,245.0,6.8093326234883325
22,primary,linear_drift_corrected,False,250.0,6.8105275344883855
22,constant_baseline,far_constant_referenced,False,20.0,1170.5523392421208
22,constant_baseline,far_constant_referenced,False,25.0,886.289604461949
22,constant_baseline,far_constant_referenced,False,30.0,674.1228138637592
22,constant_baseline,far_constant_referenced,False,35.0,516.925808239497
22,constant_baseline,far_constant_referenced,False,40.0,401.4309198661165
22,constant_baseline,far_constant_referenced,False,45.0,317.44716912764443
22,constant_baseline,far_constant_referenced,False,50.0,256.5576347884296
22,constant_baseline,far_constant_referenced,False,55.0,212.53395504829
22,constant_baseline,far_constant_referenced,False,60.0,180.85366572101765
22,constant_baseline,far_constant_referenced,False,65.0,158.26729482058303
22,constant_baseline,far_constant_referenced,False,70.0,142.10609381625704
22,constant_baseline,far_constant_referenced,False,75.0,130.5747347733735
22,constant_baseline,far_constant_referenced,False,80.0,122.38096914757912
22,constant_baseline,far_constant_referenced,False,85.0,116.58358266819562
22,constant_baseline,far_constant_referenced,False,90.0,112.4660434295542
22,constant_baseline,far_constant_referenced,False,95.0,109.54712383989158
22,constant_baseline,far_constant_referenced,False,100.0,107.48797098701557
22,constant_baseline,far_constant_referenced,False,105.0,106.03451859692231
22,constant_baseline,far_constant_referenced,False,110.0,105.00670690896553
22,constant_baseline,far_constant_referenced,False,115.0,104.28114939549494
22,constant_baseline,far_constant_referenced,False,120.0,103.77238979784892
22,constant_baseline,far_constant_referenced,False,125.0,103.41409765780442
22,constant_baseline,far_constant_referenced,False,130.0,103.16210850518823
22,constant_baseline,far_constant_referenced,False,135.0,102.98556434037673
22,constant_baseline,far_constant_referenced,False,140.0,102.8627267419421
22,constant_baseline,far_constant_referenced,False,145.0,102.77703110505149
22,constant_baseline,far_constant_referenced,False,150.0,102.71758509356489
22,constant_baseline,far_constant_referenced,False,155.0,102.67677293353442
22,constant_baseline,far_constant_referenced,False,160.0,102.64900698010864
22,constant_baseline,far_constant_referenced,False,165.0,102.63028444626951
22,constant_baseline,far_constant_referenced,False,170.0,102.61790529743398
22,constant_baseline,far_constant_referenced,False,175.0,102.61000608781355
22,constant_baseline,far_constant_referenced,False,180.0,102.60516552099634
22,constant_baseline,far_constant_referenced,False,185.0,102.6024278350706
22,constant_baseline,far_constant_referenced,False,190.0,102.60113471629865
22,constant_baseline,far_constant_referenced,False,195.0,102.60083337556519
22,constant_baseline,far_constant_referenced,False,200.0,102.60117471937211
22,constant_baseline,far_constant_referenced,False,205.0,102.60193553103984
22,constant_baseline,far_constant_referenced,False,210.0,102.60296230797694
22,constant_baseline,far_constant_referenced,False,215.0,102.60414628432164
22,constant_baseline,far_constant_referenced,False,220.0,102.60541017514937
22,constant_baseline,far_constant_referenced,False,225.0,102.6067048734865
22,constant_baseline,far_constant_referenced,False,230.0,102.60799845406964
22,constant_baseline,far_constant_referenced,False,235.0,102.60926819406929
22,constant_baseline,far_constant_referenced,False,240.0,102.61050028913358
22,constant_baseline,far_constant_referenced,False,245.0,102.61168689278661
22,constant_baseline,far_constant_referenced,False,250.0,102.6128241435702
22,lower_plus_10nm,linear_drift_corrected,False,30.0,544.146279584114
22,lower_plus_10nm,linear_drift_corrected,False,35.0,386.0460073728073
22,lower_plus_10nm,linear_drift_corrected,False,40.0,273.0667270001719
22,lower_plus_10nm,linear_drift_corrected,False,45.0,192.86373361311288
22,lower_plus_10nm,linear_drift_corrected,False,50.0,136.25154127436502
22,lower_plus_10nm,linear_drift_corrected,False,55.0,96.48753549275524
22,lower_plus_10nm,linear_drift_corrected,False,60.0,68.67485395789659
22,lower_plus_10nm,linear_drift_corrected,False,65.0,49.289989945115735
22,lower_plus_10nm,linear_drift_corrected,False,70.0,35.818426128342246
22,lower_plus_10nm,linear_drift_corrected,False,75.0,26.47855304577321
22,lower_plus_10nm,linear_drift_corrected,False,80.0,20.015726335572676
22,lower_plus_10nm,linear_drift_corrected,False,85.0,15.550841129424654
22,lower_plus_10nm,linear_drift_corrected,False,90.0,12.470423114277635
22,lower_plus_10nm,linear_drift_corrected,False,95.0,10.347739246549772
22,lower_plus_10nm,linear_drift_corrected,False,100.0,8.886697006636798
22,lower_plus_10nm,linear_drift_corrected,False,105.0,7.882247669743014
22,lower_plus_10nm,linear_drift_corrected,False,110.0,7.192603562625984
22,lower_plus_10nm,linear_drift_corrected,False,115.0,6.719834014409318
22,lower_plus_10nm,linear_drift_corrected,False,120.0,6.396360846391168
22,lower_plus_10nm,linear_drift_corrected,False,125.0,6.175584814967745
22,lower_plus_10nm,linear_drift_corrected,False,130.0,6.025392456060522
22,lower_plus_10nm,linear_drift_corrected,False,135.0,5.923664996839827
22,lower_plus_10nm,linear_drift_corrected,False,140.0,5.855175538587707
22,lower_plus_10nm,linear_drift_corrected,False,145.0,5.8094471943291826
22,lower_plus_10nm,linear_drift_corrected,False,150.0,5.779275522833936
22,lower_plus_10nm,linear_drift_corrected,False,155.0,5.759709735354674
22,lower_plus_10nm,linear_drift_corrected,False,160.0,5.747350507438158
22,lower_plus_10nm,linear_drift_corrected,False,165.0,5.739866164795227
22,lower_plus_10nm,linear_drift_corrected,False,170.0,5.735659426972633
22,lower_plus_10nm,linear_drift_corrected,False,175.0,5.73363791911154
22,lower_plus_10nm,linear_drift_corrected,False,180.0,5.73305618420898
22,lower_plus_10nm,linear_drift_corrected,False,185.0,5.733406950972821
22,lower_plus_10nm,linear_drift_corrected,False,190.0,5.734346326033607
22,lower_plus_10nm,linear_drift_corrected,False,195.0,5.735642346489591
22,lower_plus_10nm,linear_drift_corrected,False,200.0,5.737139614952471
22,lower_plus_10nm,linear_drift_corrected,False,205.0,5.73873500402825
22,lower_plus_10nm,linear_drift_corrected,False,210.0,5.740360977714085
22,lower_plus_10nm,linear_drift_corrected,False,215.0,5.741974152329213
22,lower_plus_10nm,linear_drift_corrected,False,220.0,5.743547460209363
22,lower_plus_10nm,linear_drift_corrected,False,225.0,5.745064789500863
22,lower_plus_10nm,linear_drift_corrected,False,230.0,5.746517324696757
22,lower_plus_10nm,linear_drift_corrected,False,235.0,5.74790105447705
22,lower_plus_10nm,linear_drift_corrected,False,240.0,5.749215079988612
22,lower_plus_10nm,linear_drift_corrected,False,245.0,5.750460471368128
22,lower_plus_10nm,linear_drift_corrected,False,250.0,5.7516394992193876
22,upper_200nm,linear_drift_corrected,False,20.0,1222.7410300401184
22,upper_200nm,linear_drift_corrected,False,25.0,842.5843977813249
22,upper_200nm,linear_drift_corrected,False,30.0,577.8435223969485
22,upper_200nm,linear_drift_corrected,False,35.0,394.8167704149606
22,upper_200nm,linear_drift_corrected,False,40.0,269.63512132742386
22,upper_200nm,linear_drift_corrected,False,45.0,183.98221524520804
22,upper_200nm,linear_drift_corrected,False,50.0,126.04730525183273
22,upper_200nm,linear_drift_corrected,False,55.0,86.88203844136248
22,upper_200nm,linear_drift_corrected,False,60.0,60.52633801082487
22,upper_200nm,linear_drift_corrected,False,65.0,42.91504549837888
22,upper_200nm,linear_drift_corrected,False,70.0,31.10793756201427
22,upper_200nm,linear_drift_corrected,False,75.0,23.26415117220377
22,upper_200nm,linear_drift_corrected,False,80.0,18.034389778963973
22,upper_200nm,linear_drift_corrected,False,85.0,14.558263809215
22,upper_200nm,linear_drift_corrected,False,90.0,12.257286440328897
22,upper_200nm,linear_drift_corrected,False,95.0,10.72766435318806
22,upper_200nm,linear_drift_corrected,False,100.0,9.719928570350634
22,upper_200nm,linear_drift_corrected,False,105.0,9.052765359415398
22,upper_200nm,linear_drift_corrected,False,110.0,8.613199126473944
22,upper_200nm,linear_drift_corrected,False,115.0,8.324941932707091
22,upper_200nm,linear_drift_corrected,False,120.0,8.135656818080147
22,upper_200nm,linear_drift_corrected,False,125.0,8.013065736685471
22,upper_200nm,linear_drift_corrected,False,130.0,7.933634457821387
22,upper_200nm,linear_drift_corrected,False,135.0,7.882939020398037
22,upper_200nm,linear_drift_corrected,False,140.0,7.85114673150437
22,upper_200nm,linear_drift_corrected,False,145.0,7.831605350074636
22,upper_200nm,linear_drift_corrected,False,150.0,7.820218702763723
22,upper_200nm,linear_drift_corrected,False,155.0,7.813987921007696
22,upper_200nm,linear_drift_corrected,False,160.0,7.811112351331663
22,upper_200nm,linear_drift_corrected,False,165.0,7.810356783827066
22,upper_200nm,linear_drift_corrected,False,170.0,7.8109032771954885
22,upper_200nm,linear_drift_corrected,False,175.0,7.812251705494821
22,upper_200nm,linear_drift_corrected,False,180.0,7.814042102126997
22,upper_200nm,linear_drift_corrected,False,185.0,7.816065802090516
22,upper_200nm,linear_drift_corrected,False,190.0,7.818182512454814
22,upper_200nm,linear_drift_corrected,False,195.0,7.820304990989988
22,upper_200nm,linear_drift_corrected,False,200.0,7.822383765152887
22,common_80_250nm,linear_drift_corrected,False,80.0,27.78611619479211
22,common_80_250nm,linear_drift_corrected,False,85.0,21.852540799605364
22,common_80_250nm,linear_drift_corrected,False,90.0,17.41213507125354
22,common_80_250nm,linear_drift_corrected,False,95.0,14.094258314739843
22,common_80_250nm,linear_drift_corrected,False,100.0,11.618470970332645
22,common_80_250nm,linear_drift_corrected,False,105.0,9.773270551969382
22,common_80_250nm,linear_drift_corrected,False,110.0,8.405860554228147
22,common_80_250nm,linear_drift_corrected,False,115.0,7.387508777275109
22,common_80_250nm,linear_drift_corrected,False,120.0,6.6298585837371125
22,common_80_250nm,linear_drift_corrected,False,125.0,6.066741902259056
22,common_80_250nm,linear_drift_corrected,False,130.0,5.648665005986821
22,common_80_250nm,linear_drift_corrected,False,135.0,5.339201891796325
22,common_80_250nm,linear_drift_corrected,False,140.0,5.110570441010394
22,common_80_250nm,linear_drift_corrected,False,145.0,4.941287356796152
22,common_80_250nm,linear_drift_corrected,False,150.0,4.816178112015195
22,common_80_250nm,linear_drift_corrected,False,155.0,4.723923238111142
22,common_80_250nm,linear_drift_corrected,False,160.0,4.65608361721983
22,common_80_250nm,linear_drift_corrected,False,165.0,4.606561916684519
22,common_80_250nm,linear_drift_corrected,False,170.0,4.570431687801009
22,common_80_250nm,linear_drift_corrected,False,175.0,4.544180835134793
22,common_80_250nm,linear_drift_corrected,False,180.0,4.525246702182297
22,common_80_250nm,linear_drift_corrected,False,185.0,4.511722025023313
22,common_80_250nm,linear_drift_corrected,False,190.0,4.5021977402612166
22,common_80_250nm,linear_drift_corrected,False,195.0,4.495640288880919
22,common_80_250nm,linear_drift_corrected,False,200.0,4.491217188195149
22,common_80_250nm,linear_drift_corrected,False,205.0,4.488355247306348
22,common_80_250nm,linear_drift_corrected,False,210.0,4.4866293901605365
22,common_80_250nm,linear_drift_corrected,False,215.0,4.48572484362354
22,common_80_250nm,linear_drift_corrected,False,220.0,4.485414213205954
22,common_80_250nm,linear_drift_corrected,False,225.0,4.485521134922173
22,common_80_250nm,linear_drift_corrected,False,230.0,4.485915642016339
22,common_80_250nm,linear_drift_corrected,False,235.0,4.486506347715153
22,common_80_250nm,linear_drift_corrected,False,240.0,4.487226446948834
22,common_80_250nm,linear_drift_corrected,False,245.0,4.488027357061005
22,common_80_250nm,linear_drift_corrected,False,250.0,4.4888755112360395
22,no_slip_hydrodynamic,linear_then_no_slip_corrected,True,20.0,1167.4464441860555
22,no_slip_hydrodynamic,linear_then_no_slip_corrected,True,25.0,788.286641815574
22,no_slip_hydrodynamic,linear_then_no_slip_corrected,True,30.0,528.9513293506901
22,no_slip_hydrodynamic,linear_then_no_slip_corrected,True,35.0,353.26547504227847
22,no_slip_hydrodynamic,linear_then_no_slip_corrected,True,40.0,234.58360855367337
22,no_slip_hydrodynamic,linear_then_no_slip_corrected,True,45.0,155.4627275564182
22,no_slip_hydrodynamic,linear_then_no_slip_corrected,True,50.0,102.66136112502562
22,no_slip_hydrodynamic,linear_then_no_slip_corrected,True,55.0,67.71119371779979
22,no_slip_hydrodynamic,linear_then_no_slip_corrected,True,60.0,44.689683768790935
22,no_slip_hydrodynamic,linear_then_no_slip_corrected,True,65.0,29.513805672019284
22,no_slip_hydrodynamic,linear_then_no_slip_corrected,True,70.0,19.610490725934476
22,no_slip_hydrodynamic,linear_then_no_slip_corrected,True,75.0,13.112790174067646
22,no_slip_hydrodynamic,linear_then_no_slip_corrected,True,80.0,8.873895032722794
22,no_slip_hydrodynamic,linear_then_no_slip_corrected,True,85.0,6.1136396539915605
22,no_slip_hydrodynamic,linear_then_no_slip_corrected,True,90.0,4.311967552121198
22,no_slip_hydrodynamic,linear_then_no_slip_corrected,True,95.0,3.147031092092522
22,no_slip_hydrodynamic,linear_then_no_slip_corrected,True,100.0,2.3890017865591506
22,no_slip_hydrodynamic,linear_then_no_slip_corrected,True,105.0,1.899182100299669
22,no_slip_hydrodynamic,linear_then_no_slip_corrected,True,110.0,1.5836163634810592
22,no_slip_hydrodynamic,linear_then_no_slip_corrected,True,115.0,1.380460795902362
22,no_slip_hydrodynamic,linear_then_no_slip_corrected,True,120.0,1.2515870493369965
22,no_slip_hydrodynamic,linear_then_no_slip_corrected,True,125.0,1.1698157192397776
22,no_slip_hydrodynamic,linear_then_no_slip_corrected,True,130.0,1.1189062157699157
22,no_slip_hydrodynamic,linear_then_no_slip_corrected,True,135.0,1.0878335487709365
22,no_slip_hydrodynamic,linear_then_no_slip_corrected,True,140.0,1.0694105824949525
22,no_slip_hydrodynamic,linear_then_no_slip_corrected,True,145.0,1.059203808599281
22,no_slip_hydrodynamic,linear_then_no_slip_corrected,True,150.0,1.0540819003203825
22,no_slip_hydrodynamic,linear_then_no_slip_corrected,True,155.0,1.0521875568380878
22,no_slip_hydrodynamic,linear_then_no_slip_corrected,True,160.0,1.0522661303808345
22,no_slip_hydrodynamic,linear_then_no_slip_corrected,True,165.0,1.0535146025289104
22,no_slip_hydrodynamic,linear_then_no_slip_corrected,True,170.0,1.055444640473216
22,no_slip_hydrodynamic,linear_then_no_slip_corrected,True,175.0,1.0577190114166286
22,no_slip_hydrodynamic,linear_then_no_slip_corrected,True,180.0,1.0601457706473592
22,no_slip_hydrodynamic,linear_then_no_slip_corrected,True,185.0,1.0626000639944593
22,no_slip_hydrodynamic,linear_then_no_slip_corrected,True,190.0,1.0650080445857948
22,no_slip_hydrodynamic,linear_then_no_slip_corrected,True,195.0,1.0673299698043104
22,no_slip_hydrodynamic,linear_then_no_slip_corrected,True,200.0,1.0695420528044657
22,no_slip_hydrodynamic,linear_then_no_slip_corrected,True,205.0,1.071635695297037
22,no_slip_hydrodynamic,linear_then_no_slip_corrected,True,210.0,1.0736085583313857
22,no_slip_hydrodynamic,linear_then_no_slip_corrected,True,215.0,1.0754630188314063
22,no_slip_hydrodynamic,linear_then_no_slip_corrected,True,220.0,1.0772042170023841
22,no_slip_hydrodynamic,linear_then_no_slip_corrected,True,225.0,1.0788381609391409
22,no_slip_hydrodynamic,linear_then_no_slip_corrected,True,230.0,1.0803717220460514
22,no_slip_hydrodynamic,linear_then_no_slip_corrected,True,235.0,1.0818116988156123
22,no_slip_hydrodynamic,linear_then_no_slip_corrected,True,240.0,1.0831647475189823
22,no_slip_hydrodynamic,linear_then_no_slip_corrected,True,245.0,1.0844372185819502
22,no_slip_hydrodynamic,linear_then_no_slip_corrected,True,250.0,1.0856350155402505
23,primary,linear_drift_corrected,False,25.0,772.6786644343427
23,primary,linear_drift_corrected,False,30.0,518.650600994994
23,primary,linear_drift_corrected,False,35.0,345.31874656547075
23,primary,linear_drift_corrected,False,40.0,228.2765449907313
23,primary,linear_drift_corrected,False,45.0,149.6910403520459
23,primary,linear_drift_corrected,False,50.0,97.14230551076228
23,primary,linear_drift_corrected,False,55.0,62.328902721546854
23,primary,linear_drift_corrected,False,60.0,39.21195371714821
23,primary,linear_drift_corrected,False,65.0,24.0371270682386
23,primary,linear_drift_corrected,False,70.0,14.023084080057338
23,primary,linear_drift_corrected,False,75.0,7.465690817113166
23,primary,linear_drift_corrected,False,80.0,3.1671165234440943
23,primary,linear_drift_corrected,False,85.0,0.35475653193127066
23,primary,linear_drift_corrected,False,90.0,-1.4779732964176397
23,primary,linear_drift_corrected,False,95.0,-2.6764589030690265
23,primary,linear_drift_corrected,False,100.0,-3.4524814009461666
23,primary,linear_drift_corrected,False,105.0,-3.958281030729222
23,primary,linear_drift_corrected,False,110.0,-4.284529119519456
23,primary,linear_drift_corrected,False,115.0,-4.495147824597925
23,primary,linear_drift_corrected,False,120.0,-4.62996988570912
23,primary,linear_drift_corrected,False,125.0,-4.7155006787119085
23,primary,linear_drift_corrected,False,130.0,-4.769262142839388
23,primary,linear_drift_corrected,False,135.0,-4.802190497568071
23,primary,linear_drift_corrected,False,140.0,-4.821941491408212
23,primary,linear_drift_corrected,False,145.0,-4.8330763113214585
23,primary,linear_drift_corrected,False,150.0,-4.8388328193723495
23,primary,linear_drift_corrected,False,155.0,-4.841163482356683
23,primary,linear_drift_corrected,False,160.0,-4.841386372106148
23,primary,linear_drift_corrected,False,165.0,-4.84034079020722
23,primary,linear_drift_corrected,False,170.0,-4.838552820454556
23,primary,linear_drift_corrected,False,175.0,-4.836375678844457
23,primary,linear_drift_corrected,False,180.0,-4.83401208105638
23,primary,linear_drift_corrected,False,185.0,-4.831603016784735
23,primary,linear_drift_corrected,False,190.0,-4.829224022593253
23,primary,linear_drift_corrected,False,195.0,-4.8269230343979475
23,primary,linear_drift_corrected,False,200.0,-4.824724600039264
23,primary,linear_drift_corrected,False,205.0,-4.822640218829455
23,primary,linear_drift_corrected,False,210.0,-4.820673779270161
23,primary,linear_drift_corrected,False,215.0,-4.818823374379013
23,primary,linear_drift_corrected,False,220.0,-4.817085135354548
23,primary,linear_drift_corrected,False,225.0,-4.81545305338708
23,primary,linear_drift_corrected,False,230.0,-4.813920799802598
23,primary,linear_drift_corrected,False,235.0,-4.812481689516657
23,primary,linear_drift_corrected,False,240.0,-4.811129212363536
23,primary,linear_drift_corrected,False,245.0,-4.809857142809511
23,primary,linear_drift_corrected,False,250.0,-4.808659600464681
23,constant_baseline,far_constant_referenced,False,25.0,884.4700971707316
23,constant_baseline,far_constant_referenced,False,30.0,655.7717367551932
23,constant_baseline,far_constant_referenced,False,35.0,491.8323432562846
23,constant_baseline,far_constant_referenced,False,40.0,375.21019287149073
23,constant_baseline,far_constant_referenced,False,45.0,292.7760428313127
23,constant_baseline,far_constant_referenced,False,50.0,234.83110721166005
23,constant_baseline,far_constant_referenced,False,55.0,194.29791503530151
23,constant_baseline,far_constant_referenced,False,60.0,166.06280774470935
23,constant_baseline,far_constant_referenced,False,65.0,146.46362019186117
23,constant_baseline,far_constant_referenced,False,70.0,132.8985810526839
23,constant_baseline,far_constant_referenced,False,75.0,123.53226637327874
23,constant_baseline,far_constant_referenced,False,80.0,117.07764805684933
23,constant_baseline,far_constant_referenced,False,85.0,112.63673188674697
23,constant_baseline,far_constant_referenced,False,90.0,109.58794104263671
23,constant_baseline,far_constant_referenced,False,95.0,107.495079676311
23,constant_baseline,far_constant_referenced,False,100.0,106.0600500034547
23,constant_baseline,far_constant_referenced,False,105.0,105.07728178645564
23,constant_baseline,far_constant_referenced,False,110.0,104.40516096413025
23,constant_baseline,far_constant_referenced,False,115.0,103.9462431883216
23,constant_baseline,far_constant_referenced,False,120.0,103.63353744471632
23,constant_baseline,far_constant_referenced,False,125.0,103.42102228526477
23,constant_baseline,far_constant_referenced,False,130.0,103.27710140449597
23,constant_baseline,far_constant_referenced,False,135.0,103.18009419271058
23,constant_baseline,far_constant_referenced,False,140.0,103.11513192211432
23,constant_baseline,far_constant_referenced,False,145.0,103.07202319696029
23,constant_baseline,far_constant_referenced,False,150.0,103.04378691747156
23,constant_baseline,far_constant_referenced,False,155.0,103.02564451292854
23,constant_baseline,far_constant_referenced,False,160.0,103.01432794159739
23,constant_baseline,far_constant_referenced,False,165.0,103.00760467715413
23,constant_baseline,far_constant_referenced,False,170.0,103.0039517406727
23,constant_baseline,far_constant_referenced,False,175.0,103.00233207662967
23,constant_baseline,far_constant_referenced,False,180.0,103.00204118553799
23,constant_baseline,far_constant_referenced,False,185.0,103.00260197447689
23,constant_baseline,far_constant_referenced,False,190.0,103.00369269269403
23,constant_baseline,far_constant_referenced,False,195.0,103.00509756370828
23,constant_baseline,far_constant_referenced,False,200.0,103.00667302100803
23,constant_baseline,far_constant_referenced,False,205.0,103.00832486684803
23,constant_baseline,far_constant_referenced,False,210.0,103.00999109798671
23,constant_baseline,far_constant_referenced,False,215.0,103.01163294651607
23,constant_baseline,far_constant_referenced,False,220.0,103.01322665624848
23,constant_baseline,far_constant_referenced,False,225.0,103.01475848737488
23,constant_baseline,far_constant_referenced,False,230.0,103.01622132105307
23,constant_baseline,far_constant_referenced,False,235.0,103.01761235790838
23,constant_baseline,far_constant_referenced,False,240.0,103.01893156370377
23,constant_baseline,far_constant_referenced,False,245.0,103.0201806246874
23,constant_baseline,far_constant_referenced,False,250.0,103.02136225003278
23,lower_plus_10nm,linear_drift_corrected,False,35.0,336.6967535600198
23,lower_plus_10nm,linear_drift_corrected,False,40.0,227.08351163138502
23,lower_plus_10nm,linear_drift_corrected,False,45.0,152.1787308396342
23,lower_plus_10nm,linear_drift_corrected,False,50.0,100.92350491128926
23,lower_plus_10nm,linear_drift_corrected,False,55.0,66.07015466963125
23,lower_plus_10nm,linear_drift_corrected,False,60.0,42.60410903289674
23,lower_plus_10nm,linear_drift_corrected,False,65.0,26.749910586073565
23,lower_plus_10nm,linear_drift_corrected,False,70.0,16.08736040819628
23,lower_plus_10nm,linear_drift_corrected,False,75.0,8.965302920880047
23,lower_plus_10nm,linear_drift_corrected,False,80.0,4.18644060761431
23,lower_plus_10nm,linear_drift_corrected,False,85.0,0.9924278856485271
23,lower_plus_10nm,linear_drift_corrected,False,90.0,-1.1320061405685253
23,lower_plus_10nm,linear_drift_corrected,False,95.0,-2.551179995932169
23,lower_plus_10nm,linear_drift_corrected,False,100.0,-3.4950048984549142
23,lower_plus_10nm,linear_drift_corrected,False,105.0,-4.120179480644246
23,lower_plus_10nm,linear_drift_corrected,False,110.0,-4.535467881979789
23,lower_plus_10nm,linear_drift_corrected,False,115.0,-4.8095511033703096
23,lower_plus_10nm,linear_drift_corrected,False,120.0,-4.989541107260068
23,lower_plus_10nm,linear_drift_corrected,False,125.0,-5.107624192655975
23,lower_plus_10nm,linear_drift_corrected,False,130.0,-5.184166639012049
23,lower_plus_10nm,linear_drift_corrected,False,135.0,-5.233242980501079
23,lower_plus_10nm,linear_drift_corrected,False,140.0,-5.264320615243731
23,lower_plus_10nm,linear_drift_corrected,False,145.0,-5.28340009212284
23,lower_plus_10nm,linear_drift_corrected,False,150.0,-5.2946572491492425
23,lower_plus_10nm,linear_drift_corrected,False,155.0,-5.300853471348194
23,lower_plus_10nm,linear_drift_corrected,False,160.0,-5.303737662503017
23,lower_plus_10nm,linear_drift_corrected,False,165.0,-5.304532803915157
23,lower_plus_10nm,linear_drift_corrected,False,170.0,-5.30403018475145
23,lower_plus_10nm,linear_drift_corrected,False,175.0,-5.30272731100323
23,lower_plus_10nm,linear_drift_corrected,False,180.0,-5.300971753052664
23,lower_plus_10nm,linear_drift_corrected,False,185.0,-5.298980639461422
23,lower_plus_10nm,linear_drift_corrected,False,190.0,-5.296886982288629
23,lower_plus_10nm,linear_drift_corrected,False,195.0,-5.294782055290499
23,lower_plus_10nm,linear_drift_corrected,False,200.0,-5.29271852032359
23,lower_plus_10nm,linear_drift_corrected,False,205.0,-5.290725690310617
23,lower_plus_10nm,linear_drift_corrected,False,210.0,-5.288821925353146
23,lower_plus_10nm,linear_drift_corrected,False,215.0,-5.28701468473462
23,lower_plus_10nm,linear_drift_corrected,False,220.0,-5.285305471073384
23,lower_plus_10nm,linear_drift_corrected,False,225.0,-5.283693350510776
23,lower_plus_10nm,linear_drift_corrected,False,230.0,-5.282174695382775
23,lower_plus_10nm,linear_drift_corrected,False,235.0,-5.280744768201072
23,lower_plus_10nm,linear_drift_corrected,False,240.0,-5.279398569671731
23,lower_plus_10nm,linear_drift_corrected,False,245.0,-5.278130766575607
23,lower_plus_10nm,linear_drift_corrected,False,250.0,-5.276936110282274
23,upper_200nm,linear_drift_corrected,False,25.0,771.3947214017941
23,upper_200nm,linear_drift_corrected,False,30.0,518.9692178739155
23,upper_200nm,linear_drift_corrected,False,35.0,345.94276492110504
23,upper_200nm,linear_drift_corrected,False,40.0,229.21800949617185
23,upper_200nm,linear_drift_corrected,False,45.0,150.26402145759639
23,upper_200nm,linear_drift_corrected,False,50.0,97.58576042331086
23,upper_200nm,linear_drift_corrected,False,55.0,62.37702231729075
23,upper_200nm,linear_drift_corrected,False,60.0,39.06968020447856
23,upper_200nm,linear_drift_corrected,False,65.0,23.629673724389136
23,upper_200nm,linear_drift_corrected,False,70.0,13.457429590018744
23,upper_200nm,linear_drift_corrected,False,75.0,6.761487526921152
23,upper_200nm,linear_drift_corrected,False,80.0,2.3615824373281447
23,upper_200nm,linear_drift_corrected,False,85.0,-0.5205274342561701
23,upper_200nm,linear_drift_corrected,False,90.0,-2.4112278601346118
23,upper_200nm,linear_drift_corrected,False,95.0,-3.6439902871582937
23,upper_200nm,linear_drift_corrected,False,100.0,-4.451159723083901
23,upper_200nm,linear_drift_corrected,False,105.0,-4.974462830258382
23,upper_200nm,linear_drift_corrected,False,110.0,-5.315729563293582
23,upper_200nm,linear_drift_corrected,False,115.0,-5.535273862963218
23,upper_200nm,linear_drift_corrected,False,120.0,-5.677059869829368
23,upper_200nm,linear_drift_corrected,False,125.0,-5.767156742855387
23,upper_200nm,linear_drift_corrected,False,130.0,-5.82413152517951
23,upper_200nm,linear_drift_corrected,False,135.0,-5.8593397847840745
23,upper_200nm,linear_drift_corrected,False,140.0,-5.880593547972485
23,upper_200nm,linear_drift_corrected,False,145.0,-5.892820265284089
23,upper_200nm,linear_drift_corrected,False,150.0,-5.899288764908418
23,upper_200nm,linear_drift_corrected,False,155.0,-5.902124277100199
23,upper_200nm,linear_drift_corrected,False,160.0,-5.902681948590797
23,upper_200nm,linear_drift_corrected,False,165.0,-5.9018688212500265
23,upper_200nm,linear_drift_corrected,False,170.0,-5.90023726303673
23,upper_200nm,linear_drift_corrected,False,175.0,-5.898166991538525
23,upper_200nm,linear_drift_corrected,False,180.0,-5.89587584279666
23,upper_200nm,linear_drift_corrected,False,185.0,-5.893516427787402
23,upper_200nm,linear_drift_corrected,False,190.0,-5.8911701595621055
23,upper_200nm,linear_drift_corrected,False,195.0,-5.888892012313994
23,upper_200nm,linear_drift_corrected,False,200.0,-5.886708450677989
23,common_80_250nm,linear_drift_corrected,False,80.0,6.605767861424412
23,common_80_250nm,linear_drift_corrected,False,85.0,2.6799646983486474
23,common_80_250nm,linear_drift_corrected,False,90.0,0.0012108157766119731
23,common_80_250nm,linear_drift_corrected,False,95.0,-1.824141149795449
23,common_80_250nm,linear_drift_corrected,False,100.0,-3.06628036463275
23,common_80_250nm,linear_drift_corrected,False,105.0,-3.910310331676474
23,common_80_250nm,linear_drift_corrected,False,110.0,-4.482857802254851
23,common_80_250nm,linear_drift_corrected,False,115.0,-4.870445944364813
23,common_80_250nm,linear_drift_corrected,False,120.0,-5.131531308894507
23,common_80_250nm,linear_drift_corrected,False,125.0,-5.307387784532436
23,common_80_250nm,linear_drift_corrected,False,130.0,-5.425302142794604
23,common_80_250nm,linear_drift_corrected,False,135.0,-5.503876513872863
23,common_80_250nm,linear_drift_corrected,False,140.0,-5.555784902679082
23,common_80_250nm,linear_drift_corrected,False,145.0,-5.589656181984497
23,common_80_250nm,linear_drift_corrected,False,150.0,-5.611360371404792
23,common_80_250nm,linear_drift_corrected,False,155.0,-5.624886833462538
23,common_80_250nm,linear_drift_corrected,False,160.0,-5.632926210067205
23,common_80_250nm,linear_drift_corrected,False,165.0,-5.6373346356382505
23,common_80_250nm,linear_drift_corrected,False,170.0,-5.63936100007033
23,common_80_250nm,linear_drift_corrected,False,175.0,-5.639838149376834
23,common_80_250nm,linear_drift_corrected,False,180.0,-5.639326820880978
23,common_80_250nm,linear_drift_corrected,False,185.0,-5.638202946855454
23,common_80_250nm,linear_drift_corrected,False,190.0,-5.636717125973452
23,common_80_250nm,linear_drift_corrected,False,195.0,-5.6350351103142335
23,common_80_250nm,linear_drift_corrected,False,200.0,-5.6332650456777476
23,common_80_250nm,linear_drift_corrected,False,205.0,-5.631476588013368
23,common_80_250nm,linear_drift_corrected,False,210.0,-5.629714762199078
23,common_80_250nm,linear_drift_corrected,False,215.0,-5.628006036328034
23,common_80_250nm,linear_drift_corrected,False,220.0,-5.626365550130746
23,common_80_250nm,linear_drift_corrected,False,225.0,-5.624801008897599
23,common_80_250nm,linear_drift_corrected,False,230.0,-5.623315306317826
23,common_80_250nm,linear_drift_corrected,False,235.0,-5.621908284224564
23,common_80_250nm,linear_drift_corrected,False,240.0,-5.620577907124561
23,common_80_250nm,linear_drift_corrected,False,245.0,-5.619321005218088
23,common_80_250nm,linear_drift_corrected,False,250.0,-5.61813390937434
23,no_slip_hydrodynamic,linear_then_no_slip_corrected,True,25.0,761.2796701812302
23,no_slip_hydrodynamic,linear_then_no_slip_corrected,True,30.0,506.86668236838466
23,no_slip_hydrodynamic,linear_then_no_slip_corrected,True,35.0,335.3855208830073
23,no_slip_hydrodynamic,linear_then_no_slip_corrected,True,40.0,219.79785791520467
23,no_slip_hydrodynamic,linear_then_no_slip_corrected,True,45.0,142.63370195151853
23,no_slip_hydrodynamic,linear_then_no_slip_corrected,True,50.0,91.51317015079424
23,no_slip_hydrodynamic,linear_then_no_slip_corrected,True,55.0,57.6586945447127
23,no_slip_hydrodynamic,linear_then_no_slip_corrected,True,60.0,35.448257555704615
23,no_slip_hydrodynamic,linear_then_no_slip_corrected,True,65.0,20.87843252984369
23,no_slip_hydrodynamic,linear_then_no_slip_corrected,True,70.0,11.332776232449532
23,no_slip_hydrodynamic,linear_then_no_slip_corrected,True,75.0,5.134789761054698
23,no_slip_hydrodynamic,linear_then_no_slip_corrected,True,80.0,1.085955470904059
23,no_slip_hydrodynamic,linear_then_no_slip_corrected,True,85.0,-1.5452157247922198
23,no_slip_hydrodynamic,linear_then_no_slip_corrected,True,90.0,-3.2497755310532574
23,no_slip_hydrodynamic,linear_then_no_slip_corrected,True,95.0,-4.357276500060854
23,no_slip_hydrodynamic,linear_then_no_slip_corrected,True,100.0,-5.07132728324125
23,no_slip_hydrodynamic,linear_then_no_slip_corrected,True,105.0,-5.532242313225217
23,no_slip_hydrodynamic,linear_then_no_slip_corrected,True,110.0,-5.829051069647
23,no_slip_hydrodynamic,linear_then_no_slip_corrected,True,115.0,-6.0179569623593006
23,no_slip_hydrodynamic,linear_then_no_slip_corrected,True,120.0,-6.138341042130344
23,no_slip_hydrodynamic,linear_then_no_slip_corrected,True,125.0,-6.213989499302646
23,no_slip_hydrodynamic,linear_then_no_slip_corrected,True,130.0,-6.2607544235337755
23,no_slip_hydrodynamic,linear_then_no_slip_corrected,True,135.0,-6.289152843232975
23,no_slip_hydrodynamic,linear_then_no_slip_corrected,True,140.0,-6.305639184777265
23,no_slip_hydrodynamic,linear_then_no_slip_corrected,True,145.0,-6.314641238634309
23,no_slip_hydrodynamic,linear_then_no_slip_corrected,True,150.0,-6.318932756516545
23,no_slip_hydrodynamic,linear_then_no_slip_corrected,True,155.0,-6.320252728626352
23,no_slip_hydrodynamic,linear_then_no_slip_corrected,True,160.0,-6.319803717710717
23,no_slip_hydrodynamic,linear_then_no_slip_corrected,True,165.0,-6.318298176453643
23,no_slip_hydrodynamic,linear_then_no_slip_corrected,True,170.0,-6.316202271508399
23,no_slip_hydrodynamic,linear_then_no_slip_corrected,True,175.0,-6.313815543422587
23,no_slip_hydrodynamic,linear_then_no_slip_corrected,True,180.0,-6.31131279743308
23,no_slip_hydrodynamic,linear_then_no_slip_corrected,True,185.0,-6.308808371969486
23,no_slip_hydrodynamic,linear_then_no_slip_corrected,True,190.0,-6.306366717143485
23,no_slip_hydrodynamic,linear_then_no_slip_corrected,True,195.0,-6.304022444180951
23,no_slip_hydrodynamic,linear_then_no_slip_corrected,True,200.0,-6.301795364006418
23,no_slip_hydrodynamic,linear_then_no_slip_corrected,True,205.0,-6.299691850382597
23,no_slip_hydrodynamic,linear_then_no_slip_corrected,True,210.0,-6.297712319963516
23,no_slip_hydrodynamic,linear_then_no_slip_corrected,True,215.0,-6.295853443574251
23,no_slip_hydrodynamic,linear_then_no_slip_corrected,True,220.0,-6.2941093347566595
23,no_slip_hydrodynamic,linear_then_no_slip_corrected,True,225.0,-6.292473417657287
23,no_slip_hydrodynamic,linear_then_no_slip_corrected,True,230.0,-6.290938585933812
23,no_slip_hydrodynamic,linear_then_no_slip_corrected,True,235.0,-6.289497734396952
23,no_slip_hydrodynamic,linear_then_no_slip_corrected,True,240.0,-6.2881441102965505
23,no_slip_hydrodynamic,linear_then_no_slip_corrected,True,245.0,-6.286871265923546
23,no_slip_hydrodynamic,linear_then_no_slip_corrected,True,250.0,-6.285673212017163
24,primary,linear_drift_corrected,False,20.0,1195.0034858647807
24,primary,linear_drift_corrected,False,25.0,804.266208024139
24,primary,linear_drift_corrected,False,30.0,537.3334218298837
24,primary,linear_drift_corrected,False,35.0,356.1998568133625
24,primary,linear_drift_corrected,False,40.0,233.8496062202958
24,primary,linear_drift_corrected,False,45.0,152.16800728026053
24,primary,linear_drift_corrected,False,50.0,97.55676358376085
24,primary,linear_drift_corrected,False,55.0,61.441711166089625
24,primary,linear_drift_corrected,False,60.0,37.5641597072398
24,primary,linear_drift_corrected,False,65.0,21.840199092392044
24,primary,linear_drift_corrected,False,70.0,11.544984854419308
24,primary,linear_drift_corrected,False,75.0,4.780839318989831
24,primary,linear_drift_corrected,False,80.0,0.3772527149482281
24,primary,linear_drift_corrected,False,85.0,-2.504483924643597
24,primary,linear_drift_corrected,False,90.0,-4.3809408742650895
24,primary,linear_drift_corrected,False,95.0,-5.600537942984399
24,primary,linear_drift_corrected,False,100.0,-6.394698225153874
24,primary,linear_drift_corrected,False,105.0,-6.9066756590270195
24,primary,linear_drift_corrected,False,110.0,-7.238590184320313
24,primary,linear_drift_corrected,False,115.0,-7.4515682830471475
24,primary,linear_drift_corrected,False,120.0,-7.58778052069544
24,primary,linear_drift_corrected,False,125.0,-7.674235321683009
24,primary,linear_drift_corrected,False,130.0,-7.728138326524043
24,primary,linear_drift_corrected,False,135.0,-7.761364776937291
24,primary,linear_drift_corrected,False,140.0,-7.781063767950363
24,primary,linear_drift_corrected,False,145.0,-7.792233028996446
24,primary,linear_drift_corrected,False,150.0,-7.797955618118086
24,primary,linear_drift_corrected,False,155.0,-7.800247084575989
24,primary,linear_drift_corrected,False,160.0,-7.800448712487428
24,primary,linear_drift_corrected,False,165.0,-7.7993644075855455
24,primary,linear_drift_corrected,False,170.0,-7.797559192407766
24,primary,linear_drift_corrected,False,175.0,-7.795361303019113
24,primary,linear_drift_corrected,False,180.0,-7.792986533999865
24,primary,linear_drift_corrected,False,185.0,-7.790567911784393
24,primary,linear_drift_corrected,False,190.0,-7.788181331842717
24,primary,linear_drift_corrected,False,195.0,-7.785875451997214
24,primary,linear_drift_corrected,False,200.0,-7.783673049286758
24,primary,linear_drift_corrected,False,205.0,-7.781586142165458
24,primary,linear_drift_corrected,False,210.0,-7.779617770790157
24,primary,linear_drift_corrected,False,215.0,-7.777766095864799
24,primary,linear_drift_corrected,False,220.0,-7.776026945121705
24,primary,linear_drift_corrected,False,225.0,-7.774394220160344
24,primary,linear_drift_corrected,False,230.0,-7.772861524117612
24,primary,linear_drift_corrected,False,235.0,-7.77142211045451
24,primary,linear_drift_corrected,False,240.0,-7.770069420995491
24,primary,linear_drift_corrected,False,245.0,-7.768797209095814
24,primary,linear_drift_corrected,False,250.0,-7.76759956564436
24,constant_baseline,far_constant_referenced,False,20.0,1207.164766884772
24,constant_baseline,far_constant_referenced,False,25.0,894.9637069024176
24,constant_baseline,far_constant_referenced,False,30.0,667.2579234653923
24,constant_baseline,far_constant_referenced,False,35.0,502.878808611302
24,constant_baseline,far_constant_referenced,False,40.0,385.1082825881494
24,constant_baseline,far_constant_referenced,False,45.0,301.3074121602482
24,constant_baseline,far_constant_referenced,False,50.0,241.95432011278618
24,constant_baseline,far_constant_referenced,False,55.0,200.11721028655919
24,constant_baseline,far_constant_referenced,False,60.0,170.74855871416304
24,constant_baseline,far_constant_referenced,False,65.0,150.20462363895194
24,constant_baseline,far_constant_referenced,False,70.0,135.8756274344437
24,constant_baseline,far_constant_referenced,False,75.0,125.90537267568243
24,constant_baseline,far_constant_referenced,False,80.0,118.98157658706862
24,constant_baseline,far_constant_referenced,False,85.0,114.18115635550444
24,constant_baseline,far_constant_referenced,False,90.0,110.85746357406656
24,constant_baseline,far_constant_referenced,False,95.0,108.55898597099306
24,constant_baseline,far_constant_referenced,False,100.0,106.97127515222522
24,constant_baseline,far_constant_referenced,False,105.0,105.87577829899529
24,constant_baseline,far_constant_referenced,False,110.0,105.12082964074798
24,constant_baseline,far_constant_referenced,False,115.0,104.60130694973371
24,constant_baseline,far_constant_referenced,False,120.0,104.24441700644435
24,constant_baseline,far_constant_referenced,False,125.0,103.9997913377236
24,constant_baseline,far_constant_referenced,False,130.0,103.8325998745891
24,constant_baseline,far_constant_referenced,False,135.0,103.71877061335503
24,constant_baseline,far_constant_referenced,False,140.0,103.64167522078925
24,constant_baseline,far_constant_referenced,False,145.0,103.58983312920205
24,constant_baseline,far_constant_referenced,False,150.0,103.55532224868028
24,constant_baseline,far_constant_referenced,False,155.0,103.53267940696173
24,constant_baseline,far_constant_referenced,False,160.0,103.51813993233209
24,constant_baseline,far_constant_referenced,False,165.0,103.50911195818294
24,constant_baseline,far_constant_referenced,False,170.0,103.50381310526909
24,constant_baseline,far_constant_referenced,False,175.0,103.50101945517872
24,constant_baseline,far_constant_referenced,False,180.0,103.49989215585951
24,constant_baseline,far_constant_referenced,False,185.0,103.49985768479485
24,constant_baseline,far_constant_referenced,False,190.0,103.500525191224
24,constant_baseline,far_constant_referenced,False,195.0,103.50162945581833
24,constant_baseline,far_constant_referenced,False,200.0,103.50299204205052
24,constant_baseline,far_constant_referenced,False,205.0,103.50449245736715
24,constant_baseline,far_constant_referenced,False,210.0,103.50605140811795
24,constant_baseline,far_constant_referenced,False,215.0,103.50761731075931
24,constant_baseline,far_constant_referenced,False,220.0,103.50915729476442
24,constant_baseline,far_constant_referenced,False,225.0,103.51065114454452
24,constant_baseline,far_constant_referenced,False,230.0,103.51208714436467
24,constant_baseline,far_constant_referenced,False,235.0,103.51345923451095
24,constant_baseline,far_constant_referenced,False,240.0,103.51476507023904
24,constant_baseline,far_constant_referenced,False,245.0,103.51600470165651
24,constant_baseline,far_constant_referenced,False,250.0,103.51717968014766
24,lower_plus_10nm,linear_drift_corrected,False,30.0,530.1014589364436
24,lower_plus_10nm,linear_drift_corrected,False,35.0,357.4600425190256
24,lower_plus_10nm,linear_drift_corrected,False,40.0,239.33157246653417
24,lower_plus_10nm,linear_drift_corrected,False,45.0,158.4334835025485
24,lower_plus_10nm,linear_drift_corrected,False,50.0,103.61437184033899
24,lower_plus_10nm,linear_drift_corrected,False,55.0,66.5891583235189
24,lower_plus_10nm,linear_drift_corrected,False,60.0,41.62629280660939
24,lower_plus_10nm,linear_drift_corrected,False,65.0,24.966637535189236
24,lower_plus_10nm,linear_drift_corrected,False,70.0,13.791326773895792
24,lower_plus_10nm,linear_drift_corrected,False,75.0,6.349276173555353
24,lower_plus_10nm,linear_drift_corrected,False,80.0,1.3960454106989602
24,lower_plus_10nm,linear_drift_corrected,False,85.0,-1.904988463238582
24,lower_plus_10nm,linear_drift_corrected,False,90.0,-4.085669129586296
24,lower_plus_10nm,linear_drift_corrected,False,95.0,-5.536261665576038
24,lower_plus_10nm,linear_drift_corrected,False,100.0,-6.494914732323652
24,lower_plus_10nm,linear_drift_corrected,False,105.0,-7.127860402669894
24,lower_plus_10nm,linear_drift_corrected,False,110.0,-7.546207663611678
24,lower_plus_10nm,linear_drift_corrected,False,115.0,-7.819669802438047
24,lower_plus_10nm,linear_drift_corrected,False,120.0,-7.999281096953304
24,lower_plus_10nm,linear_drift_corrected,False,125.0,-8.115988956159654
24,lower_plus_10nm,linear_drift_corrected,False,130.0,-8.1912417361133
24,lower_plus_10nm,linear_drift_corrected,False,135.0,-8.239398396066811
24,lower_plus_10nm,linear_drift_corrected,False,140.0,-8.269386277377906
24,lower_plus_10nm,linear_drift_corrected,False,145.0,-8.28775203419636
24,lower_plus_10nm,linear_drift_corrected,False,150.0,-8.29843984031607
24,lower_plus_10nm,linear_drift_corrected,False,155.0,-8.304163097630754
24,lower_plus_10nm,linear_drift_corrected,False,160.0,-8.306736352655912
24,lower_plus_10nm,linear_drift_corrected,False,165.0,-8.307273735353931
24,lower_plus_10nm,linear_drift_corrected,False,170.0,-8.306585960607185
24,lower_plus_10nm,linear_drift_corrected,False,175.0,-8.305154245785818
24,lower_plus_10nm,linear_drift_corrected,False,180.0,-8.303302466498765
24,lower_plus_10nm,linear_drift_corrected,False,185.0,-8.301242986306313
24,lower_plus_10nm,linear_drift_corrected,False,190.0,-8.299100058609294
24,lower_plus_10nm,linear_drift_corrected,False,195.0,-8.296960747411967
24,lower_plus_10nm,linear_drift_corrected,False,200.0,-8.294872064256424
24,lower_plus_10nm,linear_drift_corrected,False,205.0,-8.29286214605274
24,lower_plus_10nm,linear_drift_corrected,False,210.0,-8.290946430771891
24,lower_plus_10nm,linear_drift_corrected,False,215.0,-8.289130251568496
24,lower_plus_10nm,linear_drift_corrected,False,220.0,-8.287415247348543
24,lower_plus_10nm,linear_drift_corrected,False,225.0,-8.285798955007683
24,lower_plus_10nm,linear_drift_corrected,False,230.0,-8.284277319366359
24,lower_plus_10nm,linear_drift_corrected,False,235.0,-8.282845446812523
24,lower_plus_10nm,linear_drift_corrected,False,240.0,-8.281497818284315
24,lower_plus_10nm,linear_drift_corrected,False,245.0,-8.28022903765437
24,lower_plus_10nm,linear_drift_corrected,False,250.0,-8.279033723597005
24,upper_200nm,linear_drift_corrected,False,20.0,1193.6803534148114
24,upper_200nm,linear_drift_corrected,False,25.0,804.2764905214968
24,upper_200nm,linear_drift_corrected,False,30.0,538.2171672928406
24,upper_200nm,linear_drift_corrected,False,35.0,356.9129646398234
24,upper_200nm,linear_drift_corrected,False,40.0,234.53399732742957
24,upper_200nm,linear_drift_corrected,False,45.0,152.40481571773805
24,upper_200nm,linear_drift_corrected,False,50.0,97.47550665716068
24,upper_200nm,linear_drift_corrected,False,55.0,61.095828705680354
24,upper_200nm,linear_drift_corrected,False,60.0,36.93687532172087
24,upper_200nm,linear_drift_corrected,False,65.0,21.071717287476112
24,upper_200nm,linear_drift_corrected,False,70.0,10.605981691466626
24,upper_200nm,linear_drift_corrected,False,75.0,3.7497547501488935
24,upper_200nm,linear_drift_corrected,False,80.0,-0.7426400482577744
24,upper_200nm,linear_drift_corrected,False,85.0,-3.6833372575065075
24,upper_200nm,linear_drift_corrected,False,90.0,-5.598707930107178
24,upper_200nm,linear_drift_corrected,False,95.0,-6.851865177415319
24,upper_200nm,linear_drift_corrected,False,100.0,-7.663179606711385
24,upper_200nm,linear_drift_corrected,False,105.0,-8.19203257191863
24,upper_200nm,linear_drift_corrected,False,110.0,-8.533494988822628
24,upper_200nm,linear_drift_corrected,False,115.0,-8.75389006757877
24,upper_200nm,linear_drift_corrected,False,120.0,-8.895190273284324
24,upper_200nm,linear_drift_corrected,False,125.0,-8.984862610634659
24,upper_200nm,linear_drift_corrected,False,130.0,-9.041380480295864
24,upper_200nm,linear_drift_corrected,False,135.0,-9.076061955093719
24,upper_200nm,linear_drift_corrected,False,140.0,-9.096964263278426
24,upper_200nm,linear_drift_corrected,False,145.0,-9.10886163554489
24,upper_200nm,linear_drift_corrected,False,150.0,-9.115105655341093
24,upper_200nm,linear_drift_corrected,False,155.0,-9.117760678990203
24,upper_200nm,linear_drift_corrected,False,160.0,-9.118189891629564
24,upper_200nm,linear_drift_corrected,False,165.0,-9.117282234848485
24,upper_200nm,linear_drift_corrected,False,170.0,-9.115581538468094
24,upper_200nm,linear_drift_corrected,False,175.0,-9.11346176289711
24,upper_200nm,linear_drift_corrected,False,180.0,-9.111136325062542
24,upper_200nm,linear_drift_corrected,False,185.0,-9.108751538714614
24,upper_200nm,linear_drift_corrected,False,190.0,-9.10638877079511
24,upper_200nm,linear_drift_corrected,False,195.0,-9.104098052080534
24,upper_200nm,linear_drift_corrected,False,200.0,-9.101906515256326
24,common_80_250nm,linear_drift_corrected,False,80.0,-3.620775475477897
24,common_80_250nm,linear_drift_corrected,False,85.0,-5.589918405665417
24,common_80_250nm,linear_drift_corrected,False,90.0,-6.68714606513943
24,common_80_250nm,linear_drift_corrected,False,95.0,-7.293990122177002
24,common_80_250nm,linear_drift_corrected,False,100.0,-7.628205531453418
24,common_80_250nm,linear_drift_corrected,False,105.0,-7.810077468547554
24,common_80_250nm,linear_drift_corrected,False,110.0,-7.907038179704999
24,common_80_250nm,linear_drift_corrected,False,115.0,-7.956887239076886
24,common_80_250nm,linear_drift_corrected,False,120.0,-7.980737822087201
24,common_80_250nm,linear_drift_corrected,False,125.0,-7.990539459517385
24,common_80_250nm,linear_drift_corrected,False,130.0,-7.992823648686598
24,common_80_250nm,linear_drift_corrected,False,135.0,-7.991212057235721
24,common_80_250nm,linear_drift_corrected,False,140.0,-7.98769561774363
24,common_80_250nm,linear_drift_corrected,False,145.0,-7.9833586259444465
24,common_80_250nm,linear_drift_corrected,False,150.0,-7.978784493913999
24,common_80_250nm,linear_drift_corrected,False,155.0,-7.974269467411111
24,common_80_250nm,linear_drift_corrected,False,160.0,-7.969957801065059
24,common_80_250nm,linear_drift_corrected,False,165.0,-7.9659111780476755
24,common_80_250nm,linear_drift_corrected,False,170.0,-7.962147986827642
24,common_80_250nm,linear_drift_corrected,False,175.0,-7.9586642310993305
24,common_80_250nm,linear_drift_corrected,False,180.0,-7.9554449461003935
24,common_80_250nm,linear_drift_corrected,False,185.0,-7.952470828101422
24,common_80_250nm,linear_drift_corrected,False,190.0,-7.949721455352356
24,common_80_250nm,linear_drift_corrected,False,195.0,-7.9471769635628355
24,common_80_250nm,linear_drift_corrected,False,200.0,-7.944818743787564
24,common_80_250nm,linear_drift_corrected,False,205.0,-7.942629747423454
24,common_80_250nm,linear_drift_corrected,False,210.0,-7.940594554021667
24,common_80_250nm,linear_drift_corrected,False,215.0,-7.938699302832541
24,common_80_250nm,linear_drift_corrected,False,220.0,-7.936931651844737
24,common_80_250nm,linear_drift_corrected,False,225.0,-7.9352802962605145
24,common_80_250nm,linear_drift_corrected,False,230.0,-7.933735392120335
24,common_80_250nm,linear_drift_corrected,False,235.0,-7.932288006195539
24,common_80_250nm,linear_drift_corrected,False,240.0,-7.9309301137976895
24,common_80_250nm,linear_drift_corrected,False,245.0,-7.92965449374738
24,common_80_250nm,linear_drift_corrected,False,250.0,-7.928454635795916
24,no_slip_hydrodynamic,linear_then_no_slip_corrected,True,20.0,1166.1147959224984
24,no_slip_hydrodynamic,linear_then_no_slip_corrected,True,25.0,777.8234069923485
24,no_slip_hydrodynamic,linear_then_no_slip_corrected,True,30.0,513.8885182439406
24,no_slip_hydrodynamic,linear_then_no_slip_corrected,True,35.0,336.0561131191092
24,no_slip_hydrodynamic,linear_then_no_slip_corrected,True,40.0,217.67768754510698
24,no_slip_hydrodynamic,linear_then_no_slip_corrected,True,45.0,138.94346097913413
24,no_slip_hydrodynamic,linear_then_no_slip_corrected,True,50.0,86.89022433401419
24,no_slip_hydrodynamic,linear_then_no_slip_corrected,True,55.0,52.806707172727265
24,no_slip_hydrodynamic,linear_then_no_slip_corrected,True,60.0,30.4899319528036
24,no_slip_hydrodynamic,linear_then_no_slip_corrected,True,65.0,15.916143320848091
24,no_slip_hydrodynamic,linear_then_no_slip_corrected,True,70.0,6.463491111406357
24,no_slip_hydrodynamic,linear_then_no_slip_corrected,True,75.0,0.33039595597917426
24,no_slip_hydrodynamic,linear_then_no_slip_corrected,True,80.0,-3.648670701841028
24,no_slip_hydrodynamic,linear_then_no_slip_corrected,True,85.0,-6.216917287322549
24,no_slip_hydrodynamic,linear_then_no_slip_corrected,True,90.0,-7.873161339077596
24,no_slip_hydrodynamic,linear_then_no_slip_corrected,True,95.0,-8.942426531748438
24,no_slip_hydrodynamic,linear_then_no_slip_corrected,True,100.0,-9.62924918827176
24,no_slip_hydrodynamic,linear_then_no_slip_corrected,True,105.0,-10.068730720195768
24,no_slip_hydrodynamic,linear_then_no_slip_corrected,True,110.0,-10.350027748006521
24,no_slip_hydrodynamic,linear_then_no_slip_corrected,True,115.0,-10.528719443857819
24,no_slip_hydrodynamic,linear_then_no_slip_corrected,True,120.0,-10.64103333009158
24,no_slip_hydrodynamic,linear_then_no_slip_corrected,True,125.0,-10.711232132562497
24,no_slip_hydrodynamic,linear_then_no_slip_corrected,True,130.0,-10.754308747924766
24,no_slip_hydrodynamic,linear_then_no_slip_corrected,True,135.0,-10.779905619798965
24,no_slip_hydrodynamic,linear_then_no_slip_corrected,True,140.0,-10.79457651923183
24,no_slip_hydrodynamic,linear_then_no_slip_corrected,True,145.0,-10.802326089521328
24,no_slip_hydrodynamic,linear_then_no_slip_corrected,True,150.0,-10.805697926227628
24,no_slip_hydrodynamic,linear_then_no_slip_corrected,True,155.0,-10.806429683616757
24,no_slip_hydrodynamic,linear_then_no_slip_corrected,True,160.0,-10.805570468211034
24,no_slip_hydrodynamic,linear_then_no_slip_corrected,True,165.0,-10.803778385866499
24,no_slip_hydrodynamic,linear_then_no_slip_corrected,True,170.0,-10.801492421018699
24,no_slip_hydrodynamic,linear_then_no_slip_corrected,True,175.0,-10.798975253078073
24,no_slip_hydrodynamic,linear_then_no_slip_corrected,True,180.0,-10.7963846953428
24,no_slip_hydrodynamic,linear_then_no_slip_corrected,True,185.0,-10.793820415492764
24,no_slip_hydrodynamic,linear_then_no_slip_corrected,True,190.0,-10.791338336678555
24,no_slip_hydrodynamic,linear_then_no_slip_corrected,True,195.0,-10.788967325462348
24,no_slip_hydrodynamic,linear_then_no_slip_corrected,True,200.0,-10.78672175098259
24,no_slip_hydrodynamic,linear_then_no_slip_corrected,True,205.0,-10.784606030558995
24,no_slip_hydrodynamic,linear_then_no_slip_corrected,True,210.0,-10.782618322608991
24,no_slip_hydrodynamic,linear_then_no_slip_corrected,True,215.0,-10.780753815160132
24,no_slip_hydrodynamic,linear_then_no_slip_corrected,True,220.0,-10.779006057695874
24,no_slip_hydrodynamic,linear_then_no_slip_corrected,True,225.0,-10.777367671187621
24,no_slip_hydrodynamic,linear_then_no_slip_corrected,True,230.0,-10.775831152011554
24,no_slip_hydrodynamic,linear_then_no_slip_corrected,True,235.0,-10.774389211838983
24,no_slip_hydrodynamic,linear_then_no_slip_corrected,True,240.0,-10.77303484907942
24,no_slip_hydrodynamic,linear_then_no_slip_corrected,True,245.0,-10.77176150655696
24,no_slip_hydrodynamic,linear_then_no_slip_corrected,True,250.0,-10.770563126019525
25,primary,linear_drift_corrected,False,20.0,1193.0086416126207
25,primary,linear_drift_corrected,False,25.0,821.0543653619026
25,primary,linear_drift_corrected,False,30.0,562.2291562825746
25,primary,linear_drift_corrected,False,35.0,385.14556426400685
25,primary,linear_drift_corrected,False,40.0,263.7355083210136
25,primary,linear_drift_corrected,False,45.0,181.61397346157844
25,primary,linear_drift_corrected,False,50.0,126.05941381496338
25,primary,linear_drift_corrected,False,55.0,88.81128148353531
25,primary,linear_drift_corrected,False,60.0,63.883204171907785
25,primary,linear_drift_corrected,False,65.0,47.2666065900091
25,primary,linear_drift_corrected,False,70.0,36.23440643643856
25,primary,linear_drift_corrected,False,75.0,28.90436767295674
25,primary,linear_drift_corrected,False,80.0,24.066329969834033
25,primary,linear_drift_corrected,False,85.0,20.857153072765453
25,primary,linear_drift_corrected,False,90.0,18.74925585778176
25,primary,linear_drift_corrected,False,95.0,17.35398218345493
25,primary,linear_drift_corrected,False,100.0,16.439847974800287
25,primary,linear_drift_corrected,False,105.0,15.83759989792226
25,primary,linear_drift_corrected,False,110.0,15.444067104650223
25,primary,linear_drift_corrected,False,115.0,15.186798896481111
25,primary,linear_drift_corrected,False,120.0,15.019705719747579
25,primary,linear_drift_corrected,False,125.0,14.911874126574817
25,primary,linear_drift_corrected,False,130.0,14.842788634339648
25,primary,linear_drift_corrected,False,135.0,14.799298103293921
25,primary,linear_drift_corrected,False,140.0,14.772303018597809
25,primary,linear_drift_corrected,False,145.0,14.75622981343059
25,primary,linear_drift_corrected,False,150.0,14.747066874157767
25,primary,linear_drift_corrected,False,155.0,14.742447034680206
25,primary,linear_drift_corrected,False,160.0,14.740639034178502
25,primary,linear_drift_corrected,False,165.0,14.740621764927463
25,primary,linear_drift_corrected,False,170.0,14.741675778684641
25,primary,linear_drift_corrected,False,175.0,14.74336150874794
25,primary,linear_drift_corrected,False,180.0,14.745386951371325
25,primary,linear_drift_corrected,False,185.0,14.747568599410567
25,primary,linear_drift_corrected,False,190.0,14.749793519944163
25,primary,linear_drift_corrected,False,195.0,14.751989709077009
25,primary,linear_drift_corrected,False,200.0,14.754118120712514
25,primary,linear_drift_corrected,False,205.0,14.75615438769541
25,primary,linear_drift_corrected,False,210.0,14.758089076582541
25,primary,linear_drift_corrected,False,215.0,14.759917556290919
25,primary,linear_drift_corrected,False,220.0,14.761641293353858
25,primary,linear_drift_corrected,False,225.0,14.763263456366932
25,primary,linear_drift_corrected,False,230.0,14.764789094636095
25,primary,linear_drift_corrected,False,235.0,14.766223734528884
25,primary,linear_drift_corrected,False,240.0,14.767573201679994
25,primary,linear_drift_corrected,False,245.0,14.76884325902272
25,primary,linear_drift_corrected,False,250.0,14.770039434306916
25,constant_baseline,far_constant_referenced,False,20.0,1284.1143787659653
25,constant_baseline,far_constant_referenced,False,25.0,915.8157966410106
25,constant_baseline,far_constant_referenced,False,30.0,659.003769496516
25,constant_baseline,far_constant_referenced,False,35.0,480.39635586173665
25,constant_baseline,far_constant_referenced,False,40.0,357.4249816681962
25,constant_baseline,far_constant_referenced,False,45.0,273.3260609995978
25,constant_baseline,far_constant_referenced,False,50.0,215.8946262293466
25,constant_baseline,far_constant_referenced,False,55.0,177.0630125722121
25,constant_baseline,far_constant_referenced,False,60.0,150.8364548012658
25,constant_baseline,far_constant_referenced,False,65.0,133.14894363113734
25,constant_baseline,far_constant_referenced,False,70.0,121.33568777979413
25,constant_baseline,far_constant_referenced,False,75.0,113.4082906975048
25,constant_baseline,far_constant_referenced,False,80.0,108.10572421925347
25,constant_baseline,far_constant_referenced,False,85.0,104.58143880527649
25,constant_baseline,far_constant_referenced,False,90.0,102.22672795506193
25,constant_baseline,far_constant_referenced,False,95.0,100.66135640493347
25,constant_baseline,far_constant_referenced,False,100.0,99.62331553331023
25,constant_baseline,far_constant_referenced,False,105.0,98.93302466253513
25,constant_baseline,far_constant_referenced,False,110.0,98.47741138967373
25,constant_baseline,far_constant_referenced,False,115.0,98.17663823954791
25,constant_baseline,far_constant_referenced,False,120.0,97.97835850601456
25,constant_baseline,far_constant_referenced,False,125.0,97.8492578724311
25,constant_baseline,far_constant_referenced,False,130.0,97.76518967689093
25,constant_baseline,far_constant_referenced,False,135.0,97.71106387355732
25,constant_baseline,far_constant_referenced,False,140.0,97.67694329438301
25,constant_baseline,far_constant_referenced,False,145.0,97.65575024499465
25,constant_baseline,far_constant_referenced,False,150.0,97.64311898677637
25,constant_baseline,far_constant_referenced,False,155.0,97.63607765006151
25,constant_baseline,far_constant_referenced,False,160.0,97.63260227637856
25,constant_baseline,far_constant_referenced,False,165.0,97.63143670110233
25,constant_baseline,far_constant_referenced,False,170.0,97.6317059085628
25,constant_baseline,far_constant_referenced,False,175.0,97.63284415939972
25,constant_baseline,far_constant_referenced,False,180.0,97.63450098559261
25,constant_baseline,far_constant_referenced,False,185.0,97.63642804495242
25,constant_baseline,far_constant_referenced,False,190.0,97.63847670307148
25,constant_baseline,far_constant_referenced,False,195.0,97.64055507577973
25,constant_baseline,far_constant_referenced,False,200.0,97.64260116463613
25,constant_baseline,far_constant_referenced,False,205.0,97.64458194101661
25,constant_baseline,far_constant_referenced,False,210.0,97.64647850358386
25,constant_baseline,far_constant_referenced,False,215.0,97.64828103037274
25,constant_baseline,far_constant_referenced,False,220.0,97.64998706169672
25,constant_baseline,far_constant_referenced,False,225.0,97.65159724807602
25,constant_baseline,far_constant_referenced,False,230.0,97.65311463141462
25,constant_baseline,far_constant_referenced,False,235.0,97.65454374410011
25,constant_baseline,far_constant_referenced,False,240.0,97.65588942931366
25,constant_baseline,far_constant_referenced,False,245.0,97.65715689886073
25,constant_baseline,far_constant_referenced,False,250.0,97.6583513462913
25,lower_plus_10nm,linear_drift_corrected,False,30.0,532.3798453823111
25,lower_plus_10nm,linear_drift_corrected,False,35.0,379.8242967983202
25,lower_plus_10nm,linear_drift_corrected,False,40.0,270.8497613916978
25,lower_plus_10nm,linear_drift_corrected,False,45.0,193.54283789230453
25,lower_plus_10nm,linear_drift_corrected,False,50.0,139.0225987527287
25,lower_plus_10nm,linear_drift_corrected,False,55.0,100.76564757408465
25,lower_plus_10nm,linear_drift_corrected,False,60.0,74.03489305285494
25,lower_plus_10nm,linear_drift_corrected,False,65.0,55.42389848179503
25,lower_plus_10nm,linear_drift_corrected,False,70.0,42.503914763332915
25,lower_plus_10nm,linear_drift_corrected,False,75.0,33.55594421107659
25,lower_plus_10nm,linear_drift_corrected,False,80.0,27.37081214242307
25,lower_plus_10nm,linear_drift_corrected,False,85.0,23.102248961477216
25,lower_plus_10nm,linear_drift_corrected,False,90.0,20.16036536472032
25,lower_plus_10nm,linear_drift_corrected,False,95.0,18.135289136794793
25,lower_plus_10nm,linear_drift_corrected,False,100.0,16.742933428995418
25,lower_plus_10nm,linear_drift_corrected,False,105.0,15.786770056448221
25,lower_plus_10nm,linear_drift_corrected,False,110.0,15.1310424185434
25,lower_plus_10nm,linear_drift_corrected,False,115.0,14.6820797374288
25,lower_plus_10nm,linear_drift_corrected,False,120.0,14.375307600610123
25,lower_plus_10nm,linear_drift_corrected,False,125.0,14.16624193205905
25,lower_plus_10nm,linear_drift_corrected,False,130.0,14.024257086375023
25,lower_plus_10nm,linear_drift_corrected,False,135.0,13.928279903213543
25,lower_plus_10nm,linear_drift_corrected,False,140.0,13.863817786576725
25,lower_plus_10nm,linear_drift_corrected,False,145.0,13.820909214640023
25,lower_plus_10nm,linear_drift_corrected,False,150.0,13.79271126424683
25,lower_plus_10nm,linear_drift_corrected,False,155.0,13.774526630425486
25,lower_plus_10nm,linear_drift_corrected,False,160.0,13.763133652369373
25,lower_plus_10nm,linear_drift_corrected,False,165.0,13.756325133905039
25,lower_plus_10nm,linear_drift_corrected,False,170.0,13.752590980689513
25,lower_plus_10nm,linear_drift_corrected,False,175.0,13.750899865993622
25,lower_plus_10nm,linear_drift_corrected,False,180.0,13.750549067144894
25,lower_plus_10nm,linear_drift_corrected,False,185.0,13.75106121951851
25,lower_plus_10nm,linear_drift_corrected,False,190.0,13.752113354076249
25,lower_plus_10nm,linear_drift_corrected,False,195.0,13.753488144259022
25,lower_plus_10nm,linear_drift_corrected,False,200.0,13.755040428324053
25,lower_plus_10nm,linear_drift_corrected,False,205.0,13.756674235421343
25,lower_plus_10nm,linear_drift_corrected,False,210.0,13.758327032199864
25,lower_plus_10nm,linear_drift_corrected,False,215.0,13.759958931282386
25,lower_plus_10nm,linear_drift_corrected,False,220.0,13.761545308056583
25,lower_plus_10nm,linear_drift_corrected,False,225.0,13.763071757432298
25,lower_plus_10nm,linear_drift_corrected,False,230.0,13.764530656058154
25,lower_plus_10nm,linear_drift_corrected,False,235.0,13.765918825169623
25,lower_plus_10nm,linear_drift_corrected,False,240.0,13.767235947235296
25,lower_plus_10nm,linear_drift_corrected,False,245.0,13.76848349822482
25,lower_plus_10nm,linear_drift_corrected,False,250.0,13.76966403201908
25,upper_200nm,linear_drift_corrected,False,20.0,1192.9583434171045
25,upper_200nm,linear_drift_corrected,False,25.0,821.0339806796848
25,upper_200nm,linear_drift_corrected,False,30.0,562.2287689924844
25,upper_200nm,linear_drift_corrected,False,35.0,385.1585358839025
25,upper_200nm,linear_drift_corrected,False,40.0,263.7575499815563
25,upper_200nm,linear_drift_corrected,False,45.0,181.64214662643425
25,upper_200nm,linear_drift_corrected,False,50.0,126.09173656279775
25,upper_200nm,linear_drift_corrected,False,55.0,88.84640408461128
25,upper_200nm,linear_drift_corrected,False,60.0,63.92020586298311
25,upper_200nm,linear_drift_corrected,False,65.0,47.304870276342534
25,upper_200nm,linear_drift_corrected,False,70.0,36.27350989999958
25,upper_200nm,linear_drift_corrected,False,75.0,28.944033208230806
25,upper_200nm,linear_drift_corrected,False,80.0,24.106367036246013
25,upper_200nm,linear_drift_corrected,False,85.0,20.897438441457282
25,upper_200nm,linear_drift_corrected,False,90.0,18.78970455735183
25,upper_200nm,linear_drift_corrected,False,95.0,17.39453960876531
25,upper_200nm,linear_drift_corrected,False,100.0,16.480477375501
25,upper_200nm,linear_drift_corrected,False,105.0,15.878276886920347
25,upper_200nm,linear_drift_corrected,False,110.0,15.484775639496913
25,upper_200nm,linear_drift_corrected,False,115.0,15.227528230398711
25,upper_200nm,linear_drift_corrected,False,120.0,15.060448864820378
25,upper_200nm,linear_drift_corrected,False,125.0,14.95262635520979
25,upper_200nm,linear_drift_corrected,False,130.0,14.883546906044344
25,upper_200nm,linear_drift_corrected,False,135.0,14.840060340411323
25,upper_200nm,linear_drift_corrected,False,140.0,14.813067898931783
25,upper_200nm,linear_drift_corrected,False,145.0,14.796996424445341
25,upper_200nm,linear_drift_corrected,False,150.0,14.787834635047705
25,upper_200nm,linear_drift_corrected,False,155.0,14.78321555679786
25,upper_200nm,linear_drift_corrected,False,160.0,14.781408058221459
25,upper_200nm,linear_drift_corrected,False,165.0,14.781391121952726
25,upper_200nm,linear_drift_corrected,False,170.0,14.78244535478014
25,upper_200nm,linear_drift_corrected,False,175.0,14.784131230479678
25,upper_200nm,linear_drift_corrected,False,180.0,14.786156768710171
25,upper_200nm,linear_drift_corrected,False,185.0,14.788338480438455
25,upper_200nm,linear_drift_corrected,False,190.0,14.790563442693845
25,upper_200nm,linear_drift_corrected,False,195.0,14.792759659675717
25,upper_200nm,linear_drift_corrected,False,200.0,14.79488808951677
25,common_80_250nm,linear_drift_corrected,False,80.0,28.871647272191147
25,common_80_250nm,linear_drift_corrected,False,85.0,25.573192445006676
25,common_80_250nm,linear_drift_corrected,False,90.0,22.97135176656408
25,common_80_250nm,linear_drift_corrected,False,95.0,20.90608752609925
25,common_80_250nm,linear_drift_corrected,False,100.0,19.27357649033815
25,common_80_250nm,linear_drift_corrected,False,105.0,17.98877666943786
25,common_80_250nm,linear_drift_corrected,False,110.0,16.96978248272756
25,common_80_250nm,linear_drift_corrected,False,115.0,16.174294015732908
25,common_80_250nm,linear_drift_corrected,False,120.0,15.544000225155967
25,common_80_250nm,linear_drift_corrected,False,125.0,15.050068243514309
25,common_80_250nm,linear_drift_corrected,False,130.0,14.661556899914931
25,common_80_250nm,linear_drift_corrected,False,135.0,14.35581436110796
25,common_80_250nm,linear_drift_corrected,False,140.0,14.11713639476814
25,common_80_250nm,linear_drift_corrected,False,145.0,13.928822397045582
25,common_80_250nm,linear_drift_corrected,False,150.0,13.782392839107855
25,common_80_250nm,linear_drift_corrected,False,155.0,13.667250823217131
25,common_80_250nm,linear_drift_corrected,False,160.0,13.577405676187992
25,common_80_250nm,linear_drift_corrected,False,165.0,13.507363023201783
25,common_80_250nm,linear_drift_corrected,False,170.0,13.452544359185998
25,common_80_250nm,linear_drift_corrected,False,175.0,13.410235445118213
25,common_80_250nm,linear_drift_corrected,False,180.0,13.37717918355344
25,common_80_250nm,linear_drift_corrected,False,185.0,13.351753253185288
25,common_80_250nm,linear_drift_corrected,False,190.0,13.332093777732647
25,common_80_250nm,linear_drift_corrected,False,195.0,13.316999579648538
25,common_80_250nm,linear_drift_corrected,False,200.0,13.305523347737354
25,common_80_250nm,linear_drift_corrected,False,205.0,13.296763306186461
25,common_80_250nm,linear_drift_corrected,False,210.0,13.2902596084146
25,common_80_250nm,linear_drift_corrected,False,215.0,13.285393545408237
25,common_80_250nm,linear_drift_corrected,False,220.0,13.281859572901615
25,common_80_250nm,linear_drift_corrected,False,225.0,13.27933707831462
25,common_80_250nm,linear_drift_corrected,False,230.0,13.27759077770512
25,common_80_250nm,linear_drift_corrected,False,235.0,13.276462467902343
25,common_80_250nm,linear_drift_corrected,False,240.0,13.275781529385407
25,common_80_250nm,linear_drift_corrected,False,245.0,13.275464252900996
25,common_80_250nm,linear_drift_corrected,False,250.0,13.275405366402913
25,no_slip_hydrodynamic,linear_then_no_slip_corrected,True,20.0,1180.0223809957445
25,no_slip_hydrodynamic,linear_then_no_slip_corrected,True,25.0,806.9202227724909
25,no_slip_hydrodynamic,linear_then_no_slip_corrected,True,30.0,549.970215386198
25,no_slip_hydrodynamic,linear_then_no_slip_corrected,True,35.0,373.9706831323853
25,no_slip_hydrodynamic,linear_then_no_slip_corrected,True,40.0,254.69949386561657
25,no_slip_hydrodynamic,linear_then_no_slip_corrected,True,45.0,174.03209727841815
25,no_slip_hydrodynamic,linear_then_no_slip_corrected,True,50.0,120.05059544729534
25,no_slip_hydrodynamic,linear_then_no_slip_corrected,True,55.0,83.90162274306712
25,no_slip_hydrodynamic,linear_then_no_slip_corrected,True,60.0,59.94606060336595
25,no_slip_hydrodynamic,linear_then_no_slip_corrected,True,65.0,44.01406090609102
25,no_slip_hydrodynamic,linear_then_no_slip_corrected,True,70.0,33.52787621378262
25,no_slip_hydrodynamic,linear_then_no_slip_corrected,True,75.0,26.583675118487818
25,no_slip_hydrodynamic,linear_then_no_slip_corrected,True,80.0,22.03466915658602
25,no_slip_hydrodynamic,linear_then_no_slip_corrected,True,85.0,19.030751238068966
25,no_slip_hydrodynamic,linear_then_no_slip_corrected,True,90.0,17.069867313644636
25,no_slip_hydrodynamic,linear_then_no_slip_corrected,True,95.0,15.7788777754721
25,no_slip_hydrodynamic,linear_then_no_slip_corrected,True,100.0,14.938475309685245
25,no_slip_hydrodynamic,linear_then_no_slip_corrected,True,105.0,14.387642547513506
25,no_slip_hydrodynamic,linear_then_no_slip_corrected,True,110.0,14.030650319765403
25,no_slip_hydrodynamic,linear_then_no_slip_corrected,True,115.0,13.798326098853927
25,no_slip_hydrodynamic,linear_then_no_slip_corrected,True,120.0,13.649037908067257
25,no_slip_hydrodynamic,linear_then_no_slip_corrected,True,125.0,13.55315992916027
25,no_slip_hydrodynamic,linear_then_no_slip_corrected,True,130.0,13.492638276117265
25,no_slip_hydrodynamic,linear_then_no_slip_corrected,True,135.0,13.454820606564093
25,no_slip_hydrodynamic,linear_then_no_slip_corrected,True,140.0,13.43190229995185
25,no_slip_hydrodynamic,linear_then_no_slip_corrected,True,145.0,13.41849996117906
25,no_slip_hydrodynamic,linear_then_no_slip_corrected,True,150.0,13.411255109576992
25,no_slip_hydrodynamic,linear_then_no_slip_corrected,True,155.0,13.407890808753516
25,no_slip_hydrodynamic,linear_then_no_slip_corrected,True,160.0,13.406972948187628
25,no_slip_hydrodynamic,linear_then_no_slip_corrected,True,165.0,13.407548580262882
25,no_slip_hydrodynamic,linear_then_no_slip_corrected,True,170.0,13.409013789879053
25,no_slip_hydrodynamic,linear_then_no_slip_corrected,True,175.0,13.410977539290329
25,no_slip_hydrodynamic,linear_then_no_slip_corrected,True,180.0,13.413192168587939
25,no_slip_hydrodynamic,linear_then_no_slip_corrected,True,185.0,13.415503405225097
25,no_slip_hydrodynamic,linear_then_no_slip_corrected,True,190.0,13.417815059564958
25,no_slip_hydrodynamic,linear_then_no_slip_corrected,True,195.0,13.42007134111588
25,no_slip_hydrodynamic,linear_then_no_slip_corrected,True,200.0,13.422239390844322
25,no_slip_hydrodynamic,linear_then_no_slip_corrected,True,205.0,13.424303399068556
25,no_slip_hydrodynamic,linear_then_no_slip_corrected,True,210.0,13.42625615172107
25,no_slip_hydrodynamic,linear_then_no_slip_corrected,True,215.0,13.428097296274032
25,no_slip_hydrodynamic,linear_then_no_slip_corrected,True,220.0,13.429829335556413
25,no_slip_hydrodynamic,linear_then_no_slip_corrected,True,225.0,13.431457262428674
25,no_slip_hydrodynamic,linear_then_no_slip_corrected,True,230.0,13.432986705204192
25,no_slip_hydrodynamic,linear_then_no_slip_corrected,True,235.0,13.434423961787834
25,no_slip_hydrodynamic,linear_then_no_slip_corrected,True,240.0,13.435775167035876
25,no_slip_hydrodynamic,linear_then_no_slip_corrected,True,245.0,13.437046410013407
25,no_slip_hydrodynamic,linear_then_no_slip_corrected,True,250.0,13.438243377549561
26,primary,linear_drift_corrected,False,25.0,781.1722246219291
26,primary,linear_drift_corrected,False,30.0,546.1991810598146
26,primary,linear_drift_corrected,False,35.0,379.8091984474233
26,primary,linear_drift_corrected,False,40.0,262.8831850487235
26,primary,linear_drift_corrected,False,45.0,181.25391007224974
26,primary,linear_drift_corrected,False,50.0,124.59669927549164
26,primary,linear_drift_corrected,False,55.0,85.59624666849243
26,primary,linear_drift_corrected,False,60.0,58.75009360011137
26,primary,linear_drift_corrected,False,65.0,40.338027809059376
26,primary,linear_drift_corrected,False,70.0,27.74897204922024
26,primary,linear_drift_corrected,False,75.0,19.163231964574365
26,primary,linear_drift_corrected,False,80.0,13.325181975113956
26,primary,linear_drift_corrected,False,85.0,9.367445603334694
26,primary,linear_drift_corrected,False,90.0,6.679533112795694
26,primary,linear_drift_corrected,False,95.0,4.856737632909765
26,primary,linear_drift_corrected,False,100.0,3.6224746300066544
26,primary,linear_drift_corrected,False,105.0,2.7880855947448295
26,primary,linear_drift_corrected,False,110.0,2.226063264948116
26,primary,linear_drift_corrected,False,115.0,1.8480237714157395
26,primary,linear_drift_corrected,False,120.0,1.5938909255552032
26,primary,linear_drift_corrected,False,125.0,1.4236882657013874
26,primary,linear_drift_corrected,False,130.0,1.3102650427195992
26,primary,linear_drift_corrected,False,135.0,1.2351954071019915
26,primary,linear_drift_corrected,False,140.0,1.186128152101715
26,primary,linear_drift_corrected,False,145.0,1.1543902506954968
26,primary,linear_drift_corrected,False,150.0,1.1342514460033253
26,primary,linear_drift_corrected,False,155.0,1.121869323649356
26,primary,linear_drift_corrected,False,160.0,1.114646358015668
26,primary,linear_drift_corrected,False,165.0,1.1108310617889143
26,primary,linear_drift_corrected,False,170.0,1.109257101971395
26,primary,linear_drift_corrected,False,175.0,1.1091051863779113
26,primary,linear_drift_corrected,False,180.0,1.1098499236966923
26,primary,linear_drift_corrected,False,185.0,1.111141041876155
26,primary,linear_drift_corrected,False,190.0,1.1127465226504736
26,primary,linear_drift_corrected,False,195.0,1.114514845632422
26,primary,linear_drift_corrected,False,200.0,1.1163470924128567
26,primary,linear_drift_corrected,False,205.0,1.118178706321521
26,primary,linear_drift_corrected,False,210.0,1.1199711779577801
26,primary,linear_drift_corrected,False,215.0,1.1217016468537206
26,primary,linear_drift_corrected,False,220.0,1.123357546922602
26,primary,linear_drift_corrected,False,225.0,1.1249331503244802
26,primary,linear_drift_corrected,False,230.0,1.1264267050731374
26,primary,linear_drift_corrected,False,235.0,1.1278392267844766
26,primary,linear_drift_corrected,False,240.0,1.1291734547142243
26,primary,linear_drift_corrected,False,245.0,1.130433016772228
26,primary,linear_drift_corrected,False,250.0,1.131621981192879
26,constant_baseline,far_constant_referenced,False,25.0,901.7048878033863
26,constant_baseline,far_constant_referenced,False,30.0,686.9868498519003
26,constant_baseline,far_constant_referenced,False,35.0,527.7789929636044
26,constant_baseline,far_constant_referenced,False,40.0,410.70640191487723
26,constant_baseline,far_constant_referenced,False,45.0,325.6674581536971
26,constant_baseline,far_constant_referenced,False,50.0,263.7939061822134
26,constant_baseline,far_constant_referenced,False,55.0,219.01231123674154
26,constant_baseline,far_constant_referenced,False,60.0,186.8370147672345
26,constant_baseline,far_constant_referenced,False,65.0,163.80087919469764
26,constant_baseline,far_constant_referenced,False,70.0,147.2961454829824
26,constant_baseline,far_constant_referenced,False,75.0,135.50864020652148
26,constant_baseline,far_constant_referenced,False,80.0,127.1569899708247
26,constant_baseline,far_constant_referenced,False,85.0,121.2120135959197
26,constant_baseline,far_constant_referenced,False,90.0,116.98618851713042
26,constant_baseline,far_constant_referenced,False,95.0,113.99457542360159
26,constant_baseline,far_constant_referenced,False,100.0,111.88158874236036
26,constant_baseline,far_constant_referenced,False,105.0,110.38375347636216
26,constant_baseline,far_constant_referenced,False,110.0,109.32381869028131
26,constant_baseline,far_constant_referenced,False,115.0,108.57866306713728
26,constant_baseline,far_constant_referenced,False,120.0,108.05263362226806
26,constant_baseline,far_constant_referenced,False,125.0,107.68151178808347
26,constant_baseline,far_constant_referenced,False,130.0,107.42074168278131
26,constant_baseline,far_constant_referenced,False,135.0,107.23837758955264
26,constant_baseline,far_constant_referenced,False,140.0,107.1104759708743
26,constant_baseline,far_constant_referenced,False,145.0,107.02115869372595
26,constant_baseline,far_constant_referenced,False,150.0,106.95941083869447
26,constant_baseline,far_constant_referenced,False,155.0,106.91681488407961
26,constant_baseline,far_constant_referenced,False,160.0,106.88763641319105
26,constant_baseline,far_constant_referenced,False,165.0,106.86793355906512
26,constant_baseline,far_constant_referenced,False,170.0,106.8549278132151
26,constant_baseline,far_constant_referenced,False,175.0,106.84650232072289
26,constant_baseline,far_constant_referenced,False,180.0,106.84127290328954
26,constant_baseline,far_constant_referenced,False,185.0,106.83828137671435
26,constant_baseline,far_constant_referenced,False,190.0,106.83680796201655
26,constant_baseline,far_constant_referenced,False,195.0,106.83635706541007
26,constant_baseline,far_constant_referenced,False,200.0,106.83659360057256
26,constant_baseline,far_constant_referenced,False,205.0,106.837287680212
26,constant_baseline,far_constant_referenced,False,210.0,106.83826230315259
26,constant_baseline,far_constant_referenced,False,215.0,106.83940577897853
26,constant_baseline,far_constant_referenced,False,220.0,106.84064273501359
26,constant_baseline,far_constant_referenced,False,225.0,106.8419188248445
26,constant_baseline,far_constant_referenced,False,230.0,106.84319763307896
26,constant_baseline,far_constant_referenced,False,235.0,106.84445648647338
26,constant_baseline,far_constant_referenced,False,240.0,106.84568166894664
26,constant_baseline,far_constant_referenced,False,245.0,106.84686314900027
26,constant_baseline,far_constant_referenced,False,250.0,106.84799628208425
26,lower_plus_10nm,linear_drift_corrected,False,35.0,365.4594935713289
26,lower_plus_10nm,linear_drift_corrected,False,40.0,259.644068228885
26,lower_plus_10nm,linear_drift_corrected,False,45.0,183.7060362198984
26,lower_plus_10nm,linear_drift_corrected,False,50.0,129.5386943127263
26,lower_plus_10nm,linear_drift_corrected,False,55.0,91.09997152391297
26,lower_plus_10nm,linear_drift_corrected,False,60.0,63.94229324605813
26,lower_plus_10nm,linear_drift_corrected,False,65.0,44.84617937166219
26,lower_plus_10nm,linear_drift_corrected,False,70.0,31.450315097000722
26,lower_plus_10nm,linear_drift_corrected,False,75.0,22.06489414125715
26,lower_plus_10nm,linear_drift_corrected,False,80.0,15.502735158371198
26,lower_plus_10nm,linear_drift_corrected,False,85.0,10.922371878766537
26,lower_plus_10nm,linear_drift_corrected,False,90.0,7.729926140715568
26,lower_plus_10nm,linear_drift_corrected,False,95.0,5.5076920953013415
26,lower_plus_10nm,linear_drift_corrected,False,100.0,3.962670140553762
26,lower_plus_10nm,linear_drift_corrected,False,105.0,2.8897729056189165
26,lower_plus_10nm,linear_drift_corrected,False,110.0,2.14568739442684
26,lower_plus_10nm,linear_drift_corrected,False,115.0,1.6310804908092498
26,lower_plus_10nm,linear_drift_corrected,False,120.0,1.2753779790304656
26,lower_plus_10nm,linear_drift_corrected,False,125.0,1.029800598150234
26,lower_plus_10nm,linear_drift_corrected,False,130.0,0.8607331149977144
26,lower_plus_10nm,linear_drift_corrected,False,135.0,0.7447700893080121
26,lower_plus_10nm,linear_drift_corrected,False,140.0,0.6656247471403639
26,lower_plus_10nm,linear_drift_corrected,False,145.0,0.6119706490523029
26,lower_plus_10nm,linear_drift_corrected,False,150.0,0.5759359025923787
26,lower_plus_10nm,linear_drift_corrected,False,155.0,0.5520533199114304
26,lower_plus_10nm,linear_drift_corrected,False,160.0,0.5365288569328391
26,lower_plus_10nm,linear_drift_corrected,False,165.0,0.526752816386216
26,lower_plus_10nm,linear_drift_corrected,False,170.0,0.5208748682347064
26,lower_plus_10nm,linear_drift_corrected,False,175.0,0.5176334319378021
26,lower_plus_10nm,linear_drift_corrected,False,180.0,0.5161639799860288
26,lower_plus_10nm,linear_drift_corrected,False,185.0,0.5158705877454673
26,lower_plus_10nm,linear_drift_corrected,False,190.0,0.51634372196617
26,lower_plus_10nm,linear_drift_corrected,False,195.0,0.5173030528678085
26,lower_plus_10nm,linear_drift_corrected,False,200.0,0.51855769355416
26,lower_plus_10nm,linear_drift_corrected,False,205.0,0.5199785724217956
26,lower_plus_10nm,linear_drift_corrected,False,210.0,0.521479249634108
26,lower_plus_10nm,linear_drift_corrected,False,215.0,0.523003228119996
26,lower_plus_10nm,linear_drift_corrected,False,220.0,0.5245125654587106
26,lower_plus_10nm,linear_drift_corrected,False,225.0,0.5259840042295857
26,lower_plus_10nm,linear_drift_corrected,False,230.0,0.5274036699142514
26,lower_plus_10nm,linear_drift_corrected,False,235.0,0.5287638903198665
26,lower_plus_10nm,linear_drift_corrected,False,240.0,0.5300611235154264
26,lower_plus_10nm,linear_drift_corrected,False,245.0,0.5312945353619651
26,lower_plus_10nm,linear_drift_corrected,False,250.0,0.5324650270720284
26,upper_200nm,linear_drift_corrected,False,25.0,780.7881943803947
26,upper_200nm,linear_drift_corrected,False,30.0,546.2167125706774
26,upper_200nm,linear_drift_corrected,False,35.0,379.98842269043126
26,upper_200nm,linear_drift_corrected,False,40.0,263.08804820076193
26,upper_200nm,linear_drift_corrected,False,45.0,181.41326457564767
26,upper_200nm,linear_drift_corrected,False,50.0,124.67883700960964
26,upper_200nm,linear_drift_corrected,False,55.0,85.53248663115271
26,upper_200nm,linear_drift_corrected,False,60.0,58.617617561968885
26,upper_200nm,linear_drift_corrected,False,65.0,40.14361626581408
26,upper_200nm,linear_drift_corrected,False,70.0,27.501782763562087
26,upper_200nm,linear_drift_corrected,False,75.0,18.872718314967692
26,upper_200nm,linear_drift_corrected,False,80.0,12.995102986010448
26,upper_200nm,linear_drift_corrected,False,85.0,9.005458587939815
26,upper_200nm,linear_drift_corrected,False,90.0,6.299177314539672
26,upper_200nm,linear_drift_corrected,False,95.0,4.462330167699187
26,upper_200nm,linear_drift_corrected,False,100.0,3.217428398183836
26,upper_200nm,linear_drift_corrected,False,105.0,2.3750524004365157
26,upper_200nm,linear_drift_corrected,False,110.0,1.8060968251081106
26,upper_200nm,linear_drift_corrected,False,115.0,1.4233277123317767
26,upper_200nm,linear_drift_corrected,False,120.0,1.1663029050743288
26,upper_200nm,linear_drift_corrected,False,125.0,0.9939742632131666
26,upper_200nm,linear_drift_corrected,False,130.0,0.8789944101392662
26,upper_200nm,linear_drift_corrected,False,135.0,0.8027890345014836
26,upper_200nm,linear_drift_corrected,False,140.0,0.7527520560086615
26,upper_200nm,linear_drift_corrected,False,145.0,0.7203989246344834
26,upper_200nm,linear_drift_corrected,False,150.0,0.6998722536110425
26,upper_200nm,linear_drift_corrected,False,155.0,0.6872099249612775
26,upper_200nm,linear_drift_corrected,False,160.0,0.6797849622831309
26,upper_200nm,linear_drift_corrected,False,165.0,0.6758228244380469
26,upper_200nm,linear_drift_corrected,False,170.0,0.6741272964373752
26,upper_200nm,linear_drift_corrected,False,175.0,0.6739004235538111
26,upper_200nm,linear_drift_corrected,False,180.0,0.6745970335800188
26,upper_200nm,linear_drift_corrected,False,185.0,0.6758537264306048
26,upper_200nm,linear_drift_corrected,False,190.0,0.6774346158305066
26,upper_200nm,linear_drift_corrected,False,195.0,0.6791845848932165
26,upper_200nm,linear_drift_corrected,False,200.0,0.6810028570869504
26,common_80_250nm,linear_drift_corrected,False,80.0,18.39640216678413
26,common_80_250nm,linear_drift_corrected,False,85.0,14.161714352780269
26,common_80_250nm,linear_drift_corrected,False,90.0,10.86461646930854
26,common_80_250nm,linear_drift_corrected,False,95.0,8.302786006707732
26,common_80_250nm,linear_drift_corrected,False,100.0,6.328555911935248
26,common_80_250nm,linear_drift_corrected,False,105.0,4.796517942108395
26,common_80_250nm,linear_drift_corrected,False,110.0,3.6093574799681702
26,common_80_250nm,linear_drift_corrected,False,115.0,2.690666918446916
26,common_80_250nm,linear_drift_corrected,False,120.0,1.983120738916919
26,common_80_250nm,linear_drift_corrected,False,125.0,1.4379218843480623
26,common_80_250nm,linear_drift_corrected,False,130.0,1.0166480631948656
26,common_80_250nm,linear_drift_corrected,False,135.0,0.6915399124435833
26,common_80_250nm,linear_drift_corrected,False,140.0,0.4410928383924557
26,common_80_250nm,linear_drift_corrected,False,145.0,0.24948444889180232
26,common_80_250nm,linear_drift_corrected,False,150.0,0.10190443229017698
26,common_80_250nm,linear_drift_corrected,False,155.0,-0.011568757117741635
26,common_80_250nm,linear_drift_corrected,False,160.0,-0.09864921390397086
26,common_80_250nm,linear_drift_corrected,False,165.0,-0.1650486676952712
26,common_80_250nm,linear_drift_corrected,False,170.0,-0.21569521326255336
26,common_80_250nm,linear_drift_corrected,False,175.0,-0.25434465703392933
26,common_80_250nm,linear_drift_corrected,False,180.0,-0.28372957555416184
26,common_80_250nm,linear_drift_corrected,False,185.0,-0.3059462623663633
26,common_80_250nm,linear_drift_corrected,False,190.0,-0.32256678184296556
26,common_80_250nm,linear_drift_corrected,False,195.0,-0.3350182432852466
26,common_80_250nm,linear_drift_corrected,False,200.0,-0.3442630418552225
26,common_80_250nm,linear_drift_corrected,False,205.0,-0.35104697861228673
26,common_80_250nm,linear_drift_corrected,False,210.0,-0.35591673603085966
26,common_80_250nm,linear_drift_corrected,False,215.0,-0.3593531362538467
26,common_80_250nm,linear_drift_corrected,False,220.0,-0.3617112992021036
26,common_80_250nm,linear_drift_corrected,False,225.0,-0.36325113128650327
26,common_80_250nm,linear_drift_corrected,False,230.0,-0.3641697197948946
26,common_80_250nm,linear_drift_corrected,False,235.0,-0.3646172335725855
26,common_80_250nm,linear_drift_corrected,False,240.0,-0.36472602016884925
26,common_80_250nm,linear_drift_corrected,False,245.0,-0.36458503646771506
26,common_80_250nm,linear_drift_corrected,False,250.0,-0.36426250537934635
26,no_slip_hydrodynamic,linear_then_no_slip_corrected,True,25.0,738.6284114842098
26,no_slip_hydrodynamic,linear_then_no_slip_corrected,True,30.0,502.8836818564763
26,no_slip_hydrodynamic,linear_then_no_slip_corrected,True,35.0,339.8415828840549
26,no_slip_hydrodynamic,linear_then_no_slip_corrected,True,40.0,228.1373641254027
26,no_slip_hydrodynamic,linear_then_no_slip_corrected,True,45.0,151.76359582097862
26,no_slip_hydrodynamic,linear_then_no_slip_corrected,True,50.0,100.27549514990301
26,no_slip_hydrodynamic,linear_then_no_slip_corrected,True,55.0,65.43754788801743
26,no_slip_hydrodynamic,linear_then_no_slip_corrected,True,60.0,42.08915185879346
26,no_slip_hydrodynamic,linear_then_no_slip_corrected,True,65.0,26.46776386508353
26,no_slip_hydrodynamic,linear_then_no_slip_corrected,True,70.0,16.027561952368334
26,no_slip_hydrodynamic,linear_then_no_slip_corrected,True,75.0,9.102437252101515
26,no_slip_hydrodynamic,linear_then_no_slip_corrected,True,80.0,4.484271906851118
26,no_slip_hydrodynamic,linear_then_no_slip_corrected,True,85.0,1.4308981281946735
26,no_slip_hydrodynamic,linear_then_no_slip_corrected,True,90.0,-0.5955919419536713
26,no_slip_hydrodynamic,linear_then_no_slip_corrected,True,95.0,-1.9362421097833762
26,no_slip_hydrodynamic,linear_then_no_slip_corrected,True,100.0,-2.819919548332732
26,no_slip_hydrodynamic,linear_then_no_slip_corrected,True,105.0,-3.4043719752941337
26,no_slip_hydrodynamic,linear_then_no_slip_corrected,True,110.0,-3.786593426347072
26,no_slip_hydrodynamic,linear_then_no_slip_corrected,True,115.0,-4.037998298236683
26,no_slip_hydrodynamic,linear_then_no_slip_corrected,True,120.0,-4.201714696009842
26,no_slip_hydrodynamic,linear_then_no_slip_corrected,True,125.0,-4.3078061666521155
26,no_slip_hydrodynamic,linear_then_no_slip_corrected,True,130.0,-4.376088317500304
26,no_slip_hydrodynamic,linear_then_no_slip_corrected,True,135.0,-4.419171062458918
26,no_slip_hydrodynamic,linear_then_no_slip_corrected,True,140.0,-4.4460479835732585
26,no_slip_hydrodynamic,linear_then_no_slip_corrected,True,145.0,-4.462149477025269
26,no_slip_hydrodynamic,linear_then_no_slip_corrected,True,150.0,-4.47134936187487
26,no_slip_hydrodynamic,linear_then_no_slip_corrected,True,155.0,-4.476081257240509
26,no_slip_hydrodynamic,linear_then_no_slip_corrected,True,160.0,-4.47794979443697
26,no_slip_hydrodynamic,linear_then_no_slip_corrected,True,165.0,-4.478051037715141
26,no_slip_hydrodynamic,linear_then_no_slip_corrected,True,170.0,-4.477043757351242
26,no_slip_hydrodynamic,linear_then_no_slip_corrected,True,175.0,-4.475404903388171
26,no_slip_hydrodynamic,linear_then_no_slip_corrected,True,180.0,-4.473413383945174
26,no_slip_hydrodynamic,linear_then_no_slip_corrected,True,185.0,-4.471256579921861
26,no_slip_hydrodynamic,linear_then_no_slip_corrected,True,190.0,-4.469052266621647
26,no_slip_hydrodynamic,linear_then_no_slip_corrected,True,195.0,-4.466868800864682
26,no_slip_hydrodynamic,linear_then_no_slip_corrected,True,200.0,-4.464751437350672
26,no_slip_hydrodynamic,linear_then_no_slip_corrected,True,205.0,-4.462721963641891
26,no_slip_hydrodynamic,linear_then_no_slip_corrected,True,210.0,-4.460792866076614
26,no_slip_hydrodynamic,linear_then_no_slip_corrected,True,215.0,-4.458968086048407
26,no_slip_hydrodynamic,linear_then_no_slip_corrected,True,220.0,-4.457247027800512
26,no_slip_hydrodynamic,linear_then_no_slip_corrected,True,225.0,-4.455626782897953
26,no_slip_hydrodynamic,linear_then_no_slip_corrected,True,230.0,-4.454102427350552
26,no_slip_hydrodynamic,linear_then_no_slip_corrected,True,235.0,-4.452668721763067
26,no_slip_hydrodynamic,linear_then_no_slip_corrected,True,240.0,-4.451319895734594
26,no_slip_hydrodynamic,linear_then_no_slip_corrected,True,245.0,-4.450050287891389
26,no_slip_hydrodynamic,linear_then_no_slip_corrected,True,250.0,-4.448854427523664
27,primary,linear_drift_corrected,False,20.0,1190.4632109264164
27,primary,linear_drift_corrected,False,25.0,794.2937628762049
27,primary,linear_drift_corrected,False,30.0,523.9935783383278
27,primary,linear_drift_corrected,False,35.0,342.0184405514475
27,primary,linear_drift_corrected,False,40.0,219.63831270761193
27,primary,linear_drift_corrected,False,45.0,137.91406483248133
27,primary,linear_drift_corrected,False,50.0,83.88503218583737
27,primary,linear_drift_corrected,False,55.0,48.119143962917406
27,primary,linear_drift_corrected,False,60.0,24.62823849898952
27,primary,linear_drift_corrected,False,65.0,9.256509816303591
27,primary,linear_drift_corrected,False,70.0,-0.8129620167962308
27,primary,linear_drift_corrected,False,75.0,-7.358926012119245
27,primary,linear_drift_corrected,False,80.0,-11.623191211160231
27,primary,linear_drift_corrected,False,85.0,-14.399771968392328
27,primary,linear_drift_corrected,False,90.0,-16.19232170427674
27,primary,linear_drift_corrected,False,95.0,-17.35691294041135
27,primary,linear_drift_corrected,False,100.0,-18.10969383412413
27,primary,linear_drift_corrected,False,105.0,-18.593785051085526
27,primary,linear_drift_corrected,False,110.0,-18.905716345692138
27,primary,linear_drift_corrected,False,115.0,-19.104808692366554
27,primary,linear_drift_corrected,False,120.0,-19.231274419471298
27,primary,linear_drift_corrected,False,125.0,-19.311069275596843
27,primary,linear_drift_corrected,False,130.0,-19.360355746179504
27,primary,linear_drift_corrected,False,135.0,-19.390346542899113
27,primary,linear_drift_corrected,False,140.0,-19.40794833134375
27,primary,linear_drift_corrected,False,145.0,-19.417588964197048
27,primary,linear_drift_corrected,False,150.0,-19.42230079567264
27,primary,linear_drift_corrected,False,155.0,-19.423911112585788
27,primary,linear_drift_corrected,False,160.0,-19.423628479701794
27,primary,linear_drift_corrected,False,165.0,-19.422238228492162
27,primary,linear_drift_corrected,False,170.0,-19.420213295906777
27,primary,linear_drift_corrected,False,175.0,-19.41786983538241
27,primary,linear_drift_corrected,False,180.0,-19.41539870919187
27,primary,linear_drift_corrected,False,185.0,-19.412911416350994
27,primary,linear_drift_corrected,False,190.0,-19.4104811653141
27,primary,linear_drift_corrected,False,195.0,-19.408145039271947
27,primary,linear_drift_corrected,False,200.0,-19.405922379630738
27,primary,linear_drift_corrected,False,205.0,-19.403821999102366
27,primary,linear_drift_corrected,False,210.0,-19.401844429329792
27,primary,linear_drift_corrected,False,215.0,-19.39998669210687
27,primary,linear_drift_corrected,False,220.0,-19.39824344403715
27,primary,linear_drift_corrected,False,225.0,-19.396607991068436
27,primary,linear_drift_corrected,False,230.0,-19.395073459135414
27,primary,linear_drift_corrected,False,235.0,-19.393632831919057
27,primary,linear_drift_corrected,False,240.0,-19.39227932050438
27,primary,linear_drift_corrected,False,245.0,-19.391006558611064
27,primary,linear_drift_corrected,False,250.0,-19.389808557420267
27,constant_baseline,far_constant_referenced,False,20.0,1257.0696864134718
27,constant_baseline,far_constant_referenced,False,25.0,922.4092484926817
27,constant_baseline,far_constant_referenced,False,30.0,681.513598267804
27,constant_baseline,far_constant_referenced,False,35.0,509.73876094588104
27,constant_baseline,far_constant_referenced,False,40.0,388.12074294178984
27,constant_baseline,far_constant_referenced,False,45.0,302.5671197575023
27,constant_baseline,far_constant_referenced,False,50.0,242.75042660312357
27,constant_baseline,far_constant_referenced,False,55.0,201.05955103349964
27,constant_baseline,far_constant_referenced,False,60.0,172.122051265186
27,constant_baseline,far_constant_referenced,False,65.0,152.10709421344902
27,constant_baseline,far_constant_referenced,False,70.0,138.30395306568394
27,constant_baseline,far_constant_referenced,False,75.0,128.80761766811003
27,constant_baseline,far_constant_referenced,False,80.0,122.28720615768634
27,constant_baseline,far_constant_referenced,False,85.0,117.81750831407275
27,constant_baseline,far_constant_referenced,False,90.0,114.75789835829983
27,constant_baseline,far_constant_referenced,False,95.0,112.6662075644214
27,constant_baseline,far_constant_referenced,False,100.0,111.23800410878502
27,constant_baseline,far_constant_referenced,False,105.0,110.26479316872921
27,constant_baseline,far_constant_referenced,False,110.0,109.60250960661462
27,constant_baseline,far_constant_referenced,False,115.0,109.15200639112126
27,constant_baseline,far_constant_referenced,False,120.0,108.84622511412326
27,constant_baseline,far_constant_referenced,False,125.0,108.63925682085258
27,constant_baseline,far_constant_referenced,False,130.0,108.49969207915234
27,constant_baseline,far_constant_referenced,False,135.0,108.40605429197954
27,constant_baseline,far_constant_referenced,False,140.0,108.34366708781378
27,constant_baseline,far_constant_referenced,False,145.0,108.30250725334012
27,constant_baseline,far_constant_referenced,False,150.0,108.27573410909257
27,constant_baseline,far_constant_referenced,False,155.0,108.25868273369024
27,constant_baseline,far_constant_referenced,False,160.0,108.24817502885328
27,constant_baseline,far_constant_referenced,False,165.0,108.24205929110548
27,constant_baseline,far_constant_referenced,False,170.0,108.2388526548637
27,constant_baseline,far_constant_referenced,False,175.0,108.23755565372461
27,constant_baseline,far_constant_referenced,False,180.0,108.23749752700661
27,constant_baseline,far_constant_referenced,False,185.0,108.2382258926664
27,constant_baseline,far_constant_referenced,False,190.0,108.23943703514178
27,constant_baseline,far_constant_referenced,False,195.0,108.24092829980314
27,constant_baseline,far_constant_referenced,False,200.0,108.24256560309344
27,constant_baseline,far_constant_referenced,False,205.0,108.24426127504756
27,constant_baseline,far_constant_referenced,False,210.0,108.24595896204985
27,constant_baseline,far_constant_referenced,False,215.0,108.24762335191933
27,constant_baseline,far_constant_referenced,False,220.0,108.24923319110601
27,constant_baseline,far_constant_referenced,False,225.0,108.25077669765257
27,constant_baseline,far_constant_referenced,False,230.0,108.25224782961384
27,constant_baseline,far_constant_referenced,False,235.0,108.25364474293646
27,constant_baseline,far_constant_referenced,False,240.0,108.25496810714382
27,constant_baseline,far_constant_referenced,False,245.0,108.25622010870738
27,constant_baseline,far_constant_referenced,False,250.0,108.25740381204514
27,lower_plus_10nm,linear_drift_corrected,False,30.0,510.106040851004
27,lower_plus_10nm,linear_drift_corrected,False,35.0,339.31024819103646
27,lower_plus_10nm,linear_drift_corrected,False,40.0,222.27135636715832
27,lower_plus_10nm,linear_drift_corrected,False,45.0,142.62709121830113
27,lower_plus_10nm,linear_drift_corrected,False,50.0,88.85313730945289
27,lower_plus_10nm,linear_drift_corrected,False,55.0,52.55442473890368
27,lower_plus_10nm,linear_drift_corrected,False,60.0,28.335899026798366
27,lower_plus_10nm,linear_drift_corrected,False,65.0,12.09576113787055
27,lower_plus_10nm,linear_drift_corrected,False,70.0,1.31224375721958
27,lower_plus_10nm,linear_drift_corrected,False,75.0,-5.867945193138331
27,lower_plus_10nm,linear_drift_corrected,False,80.0,-10.629269969911917
27,lower_plus_10nm,linear_drift_corrected,False,85.0,-13.779724152429763
27,lower_plus_10nm,linear_drift_corrected,False,90.0,-15.86820683288473
27,lower_plus_10nm,linear_drift_corrected,False,95.0,-17.242140777215237
27,lower_plus_10nm,linear_drift_corrected,False,100.0,-18.15164441512306
27,lower_plus_10nm,linear_drift_corrected,False,105.0,-18.74769960325354
27,lower_plus_10nm,linear_drift_corrected,False,110.0,-19.140077940605813
27,lower_plus_10nm,linear_drift_corrected,False,115.0,-19.396469274798818
27,lower_plus_10nm,linear_drift_corrected,False,120.0,-19.563430264690474
27,lower_plus_10nm,linear_drift_corrected,False,125.0,-19.671663775404635
27,lower_plus_10nm,linear_drift_corrected,False,130.0,-19.74085092529403
27,lower_plus_10nm,linear_drift_corrected,False,135.0,-19.78483463282557
27,lower_plus_10nm,linear_drift_corrected,False,140.0,-19.811961362457044
27,lower_plus_10nm,linear_drift_corrected,False,145.0,-19.82834446130903
27,lower_plus_10nm,linear_drift_corrected,False,150.0,-19.83765031300151
27,lower_plus_10nm,linear_drift_corrected,False,155.0,-19.84243961082132
27,lower_plus_10nm,linear_drift_corrected,False,160.0,-19.84435308054072
27,lower_plus_10nm,linear_drift_corrected,False,165.0,-19.844452534618256
27,lower_plus_10nm,linear_drift_corrected,False,170.0,-19.84346303617762
27,lower_plus_10nm,linear_drift_corrected,False,175.0,-19.84181670052344
27,lower_plus_10nm,linear_drift_corrected,False,180.0,-19.83982492520899
27,lower_plus_10nm,linear_drift_corrected,False,185.0,-19.837664398666334
27,lower_plus_10nm,linear_drift_corrected,False,190.0,-19.835456376008416
27,lower_plus_10nm,linear_drift_corrected,False,195.0,-19.833271248184463
27,lower_plus_10nm,linear_drift_corrected,False,200.0,-19.831151156451355
27,lower_plus_10nm,linear_drift_corrected,False,205.0,-19.829120507384353
27,lower_plus_10nm,linear_drift_corrected,False,210.0,-19.827189854807106
27,lower_plus_10nm,linear_drift_corrected,False,215.0,-19.825364168334573
27,lower_plus_10nm,linear_drift_corrected,False,220.0,-19.82364236409234
27,lower_plus_10nm,linear_drift_corrected,False,225.0,-19.82202153973175
27,lower_plus_10nm,linear_drift_corrected,False,230.0,-19.820496844974315
27,lower_plus_10nm,linear_drift_corrected,False,235.0,-19.81906284046017
27,lower_plus_10nm,linear_drift_corrected,False,240.0,-19.817713827900484
27,lower_plus_10nm,linear_drift_corrected,False,245.0,-19.816444069841882
27,lower_plus_10nm,linear_drift_corrected,False,250.0,-19.815248109069877
27,upper_200nm,linear_drift_corrected,False,20.0,1189.6840990407459
27,upper_200nm,linear_drift_corrected,False,25.0,794.5331980065663
27,upper_200nm,linear_drift_corrected,False,30.0,524.7082176170951
27,upper_200nm,linear_drift_corrected,False,35.0,342.61363170906657
27,upper_200nm,linear_drift_corrected,False,40.0,219.8026618762032
27,upper_200nm,linear_drift_corrected,False,45.0,137.87480883860246
27,upper_200nm,linear_drift_corrected,False,50.0,83.4107609440072
27,upper_200nm,linear_drift_corrected,False,55.0,47.30615870469541
27,upper_200nm,linear_drift_corrected,False,60.0,23.63258148544709
27,upper_200nm,linear_drift_corrected,False,65.0,8.040173857474802
27,upper_200nm,linear_drift_corrected,False,70.0,-2.1588210850682366
27,upper_200nm,linear_drift_corrected,False,75.0,-8.8142094997095
27,upper_200nm,linear_drift_corrected,False,80.0,-13.165801553123709
27,upper_200nm,linear_drift_corrected,False,85.0,-15.987210474908775
27,upper_200nm,linear_drift_corrected,False,90.0,-17.825609425778694
27,upper_200nm,linear_drift_corrected,False,95.0,-19.018882404701994
27,upper_200nm,linear_drift_corrected,False,100.0,-19.789851052658474
27,upper_200nm,linear_drift_corrected,False,105.0,-20.28947953110198
27,upper_200nm,linear_drift_corrected,False,110.0,-20.610257604880804
27,upper_200nm,linear_drift_corrected,False,115.0,-20.816164922603132
27,upper_200nm,linear_drift_corrected,False,120.0,-20.947549188187747
27,upper_200nm,linear_drift_corrected,False,125.0,-21.030158913233713
27,upper_200nm,linear_drift_corrected,False,130.0,-21.08180431819257
27,upper_200nm,linear_drift_corrected,False,135.0,-21.113252818697507
27,upper_200nm,linear_drift_corrected,False,140.0,-21.13181819418006
27,upper_200nm,linear_drift_corrected,False,145.0,-21.14221667216826
27,upper_200nm,linear_drift_corrected,False,150.0,-21.147357399937263
27,upper_200nm,linear_drift_corrected,False,155.0,-21.14928902861821
27,upper_200nm,linear_drift_corrected,False,160.0,-21.14922672643959
27,upper_200nm,linear_drift_corrected,False,165.0,-21.147973688873705
27,upper_200nm,linear_drift_corrected,False,170.0,-21.146052218089
27,upper_200nm,linear_drift_corrected,False,175.0,-21.143772474966642
27,upper_200nm,linear_drift_corrected,False,180.0,-21.141344310006694
27,upper_200nm,linear_drift_corrected,False,185.0,-21.138888647750342
27,upper_200nm,linear_drift_corrected,False,190.0,-21.1364776255174
27,upper_200nm,linear_drift_corrected,False,195.0,-21.13415506505603
27,upper_200nm,linear_drift_corrected,False,200.0,-21.13194145886181
27,common_80_250nm,linear_drift_corrected,False,80.0,-10.048438782461595
27,common_80_250nm,linear_drift_corrected,False,85.0,-14.079396437482785
27,common_80_250nm,linear_drift_corrected,False,90.0,-16.47438706965511
27,common_80_250nm,linear_drift_corrected,False,95.0,-17.889054943194363
27,common_80_250nm,linear_drift_corrected,False,100.0,-18.722335958054085
27,common_80_250nm,linear_drift_corrected,False,105.0,-19.212877528064467
27,common_80_250nm,linear_drift_corrected,False,110.0,-19.49835204392757
27,common_80_250nm,linear_drift_corrected,False,115.0,-19.66407910319398
27,common_80_250nm,linear_drift_corrected,False,120.0,-19.75878152732487
27,common_80_250nm,linear_drift_corrected,False,125.0,-19.811630468460613
27,common_80_250nm,linear_drift_corrected,False,130.0,-19.840173484821047
27,common_80_250nm,linear_drift_corrected,False,135.0,-19.854434066266556
27,common_80_250nm,linear_drift_corrected,False,140.0,-19.860556608367073
27,common_80_250nm,linear_drift_corrected,False,145.0,-19.862059072080772
27,common_80_250nm,linear_drift_corrected,False,150.0,-19.861000164868717
27,common_80_250nm,linear_drift_corrected,False,155.0,-19.858612774485266
27,common_80_250nm,linear_drift_corrected,False,160.0,-19.855579701234994
27,common_80_250nm,linear_drift_corrected,False,165.0,-19.852303704174115
27,common_80_250nm,linear_drift_corrected,False,170.0,-19.849004904923667
27,common_80_250nm,linear_drift_corrected,False,175.0,-19.84579910442428
27,common_80_250nm,linear_drift_corrected,False,180.0,-19.84274731825512
27,common_80_250nm,linear_drift_corrected,False,185.0,-19.839873554867864
27,common_80_250nm,linear_drift_corrected,False,190.0,-19.837184353675987
27,common_80_250nm,linear_drift_corrected,False,195.0,-19.834675955684936
27,common_80_250nm,linear_drift_corrected,False,200.0,-19.832339178216568
27,common_80_250nm,linear_drift_corrected,False,205.0,-19.830162995500967
27,common_80_250nm,linear_drift_corrected,False,210.0,-19.828135416901116
27,common_80_250nm,linear_drift_corrected,False,215.0,-19.8262446949199
27,common_80_250nm,linear_drift_corrected,False,220.0,-19.824479679967045
27,common_80_250nm,linear_drift_corrected,False,225.0,-19.822829980836776
27,common_80_250nm,linear_drift_corrected,False,230.0,-19.821286088222923
27,common_80_250nm,linear_drift_corrected,False,235.0,-19.8198393237426
27,common_80_250nm,linear_drift_corrected,False,240.0,-19.818481906147074
27,common_80_250nm,linear_drift_corrected,False,245.0,-19.81720649441078
27,common_80_250nm,linear_drift_corrected,False,250.0,-19.816006760653618
27,no_slip_hydrodynamic,linear_then_no_slip_corrected,True,20.0,1165.5315591562578
27,no_slip_hydrodynamic,linear_then_no_slip_corrected,True,25.0,767.3625857603971
27,no_slip_hydrodynamic,linear_then_no_slip_corrected,True,30.0,500.0670433326948
27,no_slip_hydrodynamic,linear_then_no_slip_corrected,True,35.0,321.14780184194393
27,no_slip_hydrodynamic,linear_then_no_slip_corrected,True,40.0,202.26250773944255
27,no_slip_hydrodynamic,linear_then_no_slip_corrected,True,45.0,123.81527150113766
27,no_slip_hydrodynamic,linear_then_no_slip_corrected,True,50.0,72.55767993652591
27,no_slip_hydrodynamic,linear_then_no_slip_corrected,True,55.0,39.05824495928751
27,no_slip_hydrodynamic,linear_then_no_slip_corrected,True,60.0,17.266541163251425
27,no_slip_hydrodynamic,linear_then_no_slip_corrected,True,65.0,3.1480821471741294
27,no_slip_hydrodynamic,linear_then_no_slip_corrected,True,70.0,-5.938487818301919
27,no_slip_hydrodynamic,linear_then_no_slip_corrected,True,75.0,-11.804832101361054
27,no_slip_hydrodynamic,linear_then_no_slip_corrected,True,80.0,-15.582976396095967
27,no_slip_hydrodynamic,linear_then_no_slip_corrected,True,85.0,-18.010142408791868
27,no_slip_hydrodynamic,linear_then_no_slip_corrected,True,90.0,-19.560800448359664
27,no_slip_hydrodynamic,linear_then_no_slip_corrected,True,95.0,-20.554789935606443
27,no_slip_hydrodynamic,linear_then_no_slip_corrected,True,100.0,-21.19004356418157
27,no_slip_hydrodynamic,linear_then_no_slip_corrected,True,105.0,-21.594387888784475
27,no_slip_hydrodynamic,linear_then_no_slip_corrected,True,110.0,-21.849692541462915
27,no_slip_hydrodynamic,linear_then_no_slip_corrected,True,115.0,-22.010773013867333
27,no_slip_hydrodynamic,linear_then_no_slip_corrected,True,120.0,-22.111452561945125
27,no_slip_hydrodynamic,linear_then_no_slip_corrected,True,125.0,-22.173495875208314
27,no_slip_hydrodynamic,linear_then_no_slip_corrected,True,130.0,-22.210814367482236
27,no_slip_hydrodynamic,linear_then_no_slip_corrected,True,135.0,-22.23267548219928
27,no_slip_hydrodynamic,linear_then_no_slip_corrected,True,140.0,-22.24477769457733
27,no_slip_hydrodynamic,linear_then_no_slip_corrected,True,145.0,-22.250768516348188
27,no_slip_hydrodynamic,linear_then_no_slip_corrected,True,150.0,-22.252966820782248
27,no_slip_hydrodynamic,linear_then_no_slip_corrected,True,155.0,-22.252902808717575
27,no_slip_hydrodynamic,linear_then_no_slip_corrected,True,160.0,-22.2515059050735
27,no_slip_hydrodynamic,linear_then_no_slip_corrected,True,165.0,-22.24936116178152
27,no_slip_hydrodynamic,linear_then_no_slip_corrected,True,170.0,-22.246832412209486
27,no_slip_hydrodynamic,linear_then_no_slip_corrected,True,175.0,-22.244152470277378
27,no_slip_hydrodynamic,linear_then_no_slip_corrected,True,180.0,-22.241455486476376
27,no_slip_hydrodynamic,linear_then_no_slip_corrected,True,185.0,-22.23881988130966
27,no_slip_hydrodynamic,linear_then_no_slip_corrected,True,190.0,-22.236289044607425
27,no_slip_hydrodynamic,linear_then_no_slip_corrected,True,195.0,-22.233886149360238
27,no_slip_hydrodynamic,linear_then_no_slip_corrected,True,200.0,-22.231619516415556
27,no_slip_hydrodynamic,linear_then_no_slip_corrected,True,205.0,-22.22948962632335
27,no_slip_hydrodynamic,linear_then_no_slip_corrected,True,210.0,-22.227492449263124
27,no_slip_hydrodynamic,linear_then_no_slip_corrected,True,215.0,-22.225621747536767
27,no_slip_hydrodynamic,linear_then_no_slip_corrected,True,220.0,-22.22386985551127
27,no_slip_hydrodynamic,linear_then_no_slip_corrected,True,225.0,-22.222228728981392
27,no_slip_hydrodynamic,linear_then_no_slip_corrected,True,230.0,-22.220690398379798
27,no_slip_hydrodynamic,linear_then_no_slip_corrected,True,235.0,-22.219247253832112
27,no_slip_hydrodynamic,linear_then_no_slip_corrected,True,240.0,-22.2178920950945
27,no_slip_hydrodynamic,linear_then_no_slip_corrected,True,245.0,-22.216618233285676
27,no_slip_hydrodynamic,linear_then_no_slip_corrected,True,250.0,-22.215419502960156
28,primary,linear_drift_corrected,False,20.0,1169.1420328555166
28,primary,linear_drift_corrected,False,25.0,781.0867634598086
28,primary,linear_drift_corrected,False,30.0,515.9152394837953
28,primary,linear_drift_corrected,False,35.0,337.3030353959881
28,primary,linear_drift_corrected,False,40.0,216.94076552482514
28,primary,linear_drift_corrected,False,45.0,136.59838607705072
28,primary,linear_drift_corrected,False,50.0,83.35339167099244
28,primary,linear_drift_corrected,False,55.0,48.083773214385154
28,primary,linear_drift_corrected,False,60.0,24.943174335725182
28,primary,linear_drift_corrected,False,65.0,9.75557218374307
28,primary,linear_drift_corrected,False,70.0,-0.19496504292534667
28,primary,linear_drift_corrected,False,75.0,-6.659335464494015
28,primary,linear_drift_corrected,False,80.0,-10.883060576660036
28,primary,linear_drift_corrected,False,85.0,-13.627771781553324
28,primary,linear_drift_corrected,False,90.0,-15.407008642472096
28,primary,linear_drift_corrected,False,95.0,-16.56334181062478
28,primary,linear_drift_corrected,False,100.0,-17.308905531266323
28,primary,linear_drift_corrected,False,105.0,-17.79059366700493
28,primary,linear_drift_corrected,False,110.0,-18.10084722108296
28,primary,linear_drift_corrected,False,115.0,-18.29857650838368
28,primary,linear_drift_corrected,False,120.0,-18.424721365276955
28,primary,linear_drift_corrected,False,125.0,-18.50408337802666
28,primary,linear_drift_corrected,False,130.0,-18.55329435436188
28,primary,linear_drift_corrected,False,135.0,-18.583288299839364
28,primary,linear_drift_corrected,False,140.0,-18.60079945357081
28,primary,linear_drift_corrected,False,145.0,-18.61047905945336
28,primary,linear_drift_corrected,False,150.0,-18.615207275734285
28,primary,linear_drift_corrected,False,155.0,-18.61681485395307
28,primary,linear_drift_corrected,False,160.0,-18.616553429676458
28,primary,linear_drift_corrected,False,165.0,-18.61516837099031
28,primary,linear_drift_corrected,False,170.0,-18.6131521185025
28,primary,linear_drift_corrected,False,175.0,-18.610817305227247
28,primary,linear_drift_corrected,False,180.0,-18.60834779099616
28,primary,linear_drift_corrected,False,185.0,-18.60586541687835
28,primary,linear_drift_corrected,False,190.0,-18.603437925220078
28,primary,linear_drift_corrected,False,195.0,-18.601103015493575
28,primary,linear_drift_corrected,False,200.0,-18.598882037954787
28,primary,linear_drift_corrected,False,205.0,-18.596782430791176
28,primary,linear_drift_corrected,False,210.0,-18.59480549249652
28,primary,linear_drift_corrected,False,215.0,-18.592948304409774
28,primary,linear_drift_corrected,False,220.0,-18.591205272832138
28,primary,linear_drift_corrected,False,225.0,-18.589570073127874
28,primary,linear_drift_corrected,False,230.0,-18.58803570067144
28,primary,linear_drift_corrected,False,235.0,-18.586595153904252
28,primary,linear_drift_corrected,False,240.0,-18.58524172831882
28,primary,linear_drift_corrected,False,245.0,-18.583969010596707
28,primary,linear_drift_corrected,False,250.0,-18.582771040995425
28,constant_baseline,far_constant_referenced,False,20.0,1233.4434573468188
28,constant_baseline,far_constant_referenced,False,25.0,920.6650256589846
28,constant_baseline,far_constant_referenced,False,30.0,690.9076320149803
28,constant_baseline,far_constant_referenced,False,35.0,523.8258973225469
28,constant_baseline,far_constant_referenced,False,40.0,403.2137484178211
28,constant_baseline,far_constant_referenced,False,45.0,316.6772303404397
28,constant_baseline,far_constant_referenced,False,50.0,254.9216521961501
28,constant_baseline,far_constant_referenced,False,55.0,211.06013896266478
28,constant_baseline,far_constant_referenced,False,60.0,180.07240429825032
28,constant_baseline,far_constant_referenced,False,65.0,158.24513360976474
28,constant_baseline,far_constant_referenced,False,70.0,142.89508436802237
28,constant_baseline,far_constant_referenced,False,75.0,132.12727666659467
28,constant_baseline,far_constant_referenced,False,80.0,124.58959877339899
28,constant_baseline,far_constant_referenced,False,85.0,119.32225461215734
28,constant_baseline,far_constant_referenced,False,90.0,115.64685070602812
28,constant_baseline,far_constant_referenced,False,95.0,113.08556474401513
28,constant_baseline,far_constant_referenced,False,100.0,111.30278764001069
28,constant_baseline,far_constant_referenced,False,105.0,110.06441335067838
28,constant_baseline,far_constant_referenced,False,110.0,109.20525221095895
28,constant_baseline,far_constant_referenced,False,115.0,108.6088557628729
28,constant_baseline,far_constant_referenced,False,120.0,108.19551637777995
28,constant_baseline,far_constant_referenced,False,125.0,107.90960290624504
28,constant_baseline,far_constant_referenced,False,130.0,107.71231778205748
28,constant_baseline,far_constant_referenced,False,135.0,107.57662131322533
28,constant_baseline,far_constant_referenced,False,140.0,107.4836798459662
28,constant_baseline,far_constant_referenced,False,145.0,107.42038309508126
28,constant_baseline,far_constant_referenced,False,150.0,107.37763911572031
28,constant_baseline,far_constant_referenced,False,155.0,107.34911267909922
28,constant_baseline,far_constant_referenced,False,160.0,107.33032154096686
28,constant_baseline,far_constant_referenced,False,165.0,107.31822783147119
28,constant_baseline,far_constant_referenced,False,170.0,107.31072273583435
28,constant_baseline,far_constant_referenced,False,175.0,107.30634423915518
28,constant_baseline,far_constant_referenced,False,180.0,107.30408035990975
28,constant_baseline,far_constant_referenced,False,185.0,107.30323203292264
28,constant_baseline,far_constant_referenced,False,190.0,107.30331759763861
28,constant_baseline,far_constant_referenced,False,195.0,107.30400688445488
28,constant_baseline,far_constant_referenced,False,200.0,107.30507518231431
28,constant_baseline,far_constant_referenced,False,205.0,107.3063650971773
28,constant_baseline,far_constant_referenced,False,210.0,107.3077737662186
28,constant_baseline,far_constant_referenced,False,215.0,107.30923250828577
28,constant_baseline,far_constant_referenced,False,220.0,107.31069616594823
28,constant_baseline,far_constant_referenced,False,225.0,107.31213570872424
28,constant_baseline,far_constant_referenced,False,230.0,107.31353310671871
28,constant_baseline,far_constant_referenced,False,235.0,107.31487778387176
28,constant_baseline,far_constant_referenced,False,240.0,107.3161641720237
28,constant_baseline,far_constant_referenced,False,245.0,107.31739012072501
28,constant_baseline,far_constant_referenced,False,250.0,107.31855537129603
28,lower_plus_10nm,linear_drift_corrected,False,30.0,502.35633231122614
28,lower_plus_10nm,linear_drift_corrected,False,35.0,335.1262377972302
28,lower_plus_10nm,linear_drift_corrected,False,40.0,220.6508564111135
28,lower_plus_10nm,linear_drift_corrected,False,45.0,142.26271967871634
28,lower_plus_10nm,linear_drift_corrected,False,50.0,89.17727097527731
28,lower_plus_10nm,linear_drift_corrected,False,55.0,53.31823407030995
28,lower_plus_10nm,linear_drift_corrected,False,60.0,29.16065809543172
28,lower_plus_10nm,linear_drift_corrected,False,65.0,13.035403918586475
28,lower_plus_10nm,linear_drift_corrected,False,70.0,2.2225254380255457
28,lower_plus_10nm,linear_drift_corrected,False,75.0,-4.971400595270266
28,lower_plus_10nm,linear_drift_corrected,False,80.0,-9.76126947574391
28,lower_plus_10nm,linear_drift_corrected,False,85.0,-12.950239077315748
28,lower_plus_10nm,linear_drift_corrected,False,90.0,-15.057809244666174
28,lower_plus_10nm,linear_drift_corrected,False,95.0,-16.459182926553943
28,lower_plus_10nm,linear_drift_corrected,False,100.0,-17.384160932750806
28,lower_plus_10nm,linear_drift_corrected,False,105.0,-17.995184800798654
28,lower_plus_10nm,linear_drift_corrected,False,110.0,-18.398465819642546
28,lower_plus_10nm,linear_drift_corrected,False,115.0,-18.662184488485963
28,lower_plus_10nm,linear_drift_corrected,False,120.0,-18.835244270498325
28,lower_plus_10nm,linear_drift_corrected,False,125.0,-18.947451537087563
28,lower_plus_10nm,linear_drift_corrected,False,130.0,-19.0197951607627
28,lower_plus_10nm,linear_drift_corrected,False,135.0,-19.065943591486796
28,lower_plus_10nm,linear_drift_corrected,False,140.0,-19.094640824289847
28,lower_plus_10nm,linear_drift_corrected,False,145.0,-19.112138499302564
28,lower_plus_10nm,linear_drift_corrected,False,150.0,-19.122227068340113
28,lower_plus_10nm,linear_drift_corrected,False,155.0,-19.12756526637563
28,lower_plus_10nm,linear_drift_corrected,False,160.0,-19.129872361233115
28,lower_plus_10nm,linear_drift_corrected,False,165.0,-19.130238143892058
28,lower_plus_10nm,linear_drift_corrected,False,170.0,-19.12943549979741
28,lower_plus_10nm,linear_drift_corrected,False,175.0,-19.12792411024186
28,lower_plus_10nm,linear_drift_corrected,False,180.0,-19.126021412156557
28,lower_plus_10nm,linear_drift_corrected,False,185.0,-19.12392673047878
28,lower_plus_10nm,linear_drift_corrected,False,190.0,-19.121760969014336
28,lower_plus_10nm,linear_drift_corrected,False,195.0,-19.119606468690037
28,lower_plus_10nm,linear_drift_corrected,False,200.0,-19.11750720197593
28,lower_plus_10nm,linear_drift_corrected,False,205.0,-19.115490554755258
28,lower_plus_10nm,linear_drift_corrected,False,210.0,-19.113570186773565
28,lower_plus_10nm,linear_drift_corrected,False,215.0,-19.111750972091322
28,lower_plus_10nm,linear_drift_corrected,False,220.0,-19.110033960640518
28,lower_plus_10nm,linear_drift_corrected,False,225.0,-19.108416263620754
28,lower_plus_10nm,linear_drift_corrected,False,230.0,-19.106893739237695
28,lower_plus_10nm,linear_drift_corrected,False,235.0,-19.105461252066643
28,lower_plus_10nm,linear_drift_corrected,False,240.0,-19.10411322033389
28,lower_plus_10nm,linear_drift_corrected,False,245.0,-19.102844174559326
28,lower_plus_10nm,linear_drift_corrected,False,250.0,-19.101648674169404
28,upper_200nm,linear_drift_corrected,False,20.0,1168.0113147054515
28,upper_200nm,linear_drift_corrected,False,25.0,781.0485898161206
28,upper_200nm,linear_drift_corrected,False,30.0,516.5923367877891
28,upper_200nm,linear_drift_corrected,False,35.0,337.9066640929192
28,upper_200nm,linear_drift_corrected,False,40.0,217.33356234640735
28,upper_200nm,linear_drift_corrected,False,45.0,136.91098143972758
28,upper_200nm,linear_drift_corrected,False,50.0,83.39541799280269
28,upper_200nm,linear_drift_corrected,False,55.0,47.93460062518572
28,upper_200nm,linear_drift_corrected,False,60.0,24.65665531908335
28,upper_200nm,linear_drift_corrected,False,65.0,9.322066758820487
28,upper_200nm,linear_drift_corrected,False,70.0,-0.701802301499395
28,upper_200nm,linear_drift_corrected,False,75.0,-7.251918015886192
28,upper_200nm,linear_drift_corrected,False,80.0,-11.53447022031793
28,upper_200nm,linear_drift_corrected,False,85.0,-14.31007944783533
28,upper_200nm,linear_drift_corrected,False,90.0,-16.12098185463079
28,upper_200nm,linear_drift_corrected,False,95.0,-17.295167444477457
28,upper_200nm,linear_drift_corrected,False,100.0,-18.05516236416301
28,upper_200nm,linear_drift_corrected,False,105.0,-18.547676757170937
28,upper_200nm,linear_drift_corrected,False,110.0,-18.86345698958141
28,upper_200nm,linear_drift_corrected,False,115.0,-19.066544190122745
28,upper_200nm,linear_drift_corrected,False,120.0,-19.195901459849114
28,upper_200nm,linear_drift_corrected,False,125.0,-19.27740345653448
28,upper_200nm,linear_drift_corrected,False,130.0,-19.32832753700257
28,upper_200nm,linear_drift_corrected,False,135.0,-19.359248873480844
28,upper_200nm,linear_drift_corrected,False,140.0,-19.377532826361826
28,upper_200nm,linear_drift_corrected,False,145.0,-19.387720146932658
28,upper_200nm,linear_drift_corrected,False,150.0,-19.39275155380304
28,upper_200nm,linear_drift_corrected,False,155.0,-19.394612046539454
28,upper_200nm,linear_drift_corrected,False,160.0,-19.394494938303495
28,upper_200nm,linear_drift_corrected,False,165.0,-19.393214734071602
28,upper_200nm,linear_drift_corrected,False,170.0,-19.39127343515871
28,upper_200nm,linear_drift_corrected,False,175.0,-19.388981510087408
28,upper_200nm,linear_drift_corrected,False,180.0,-19.38654659076845
28,upper_200nm,linear_drift_corrected,False,185.0,-19.384085329177637
28,upper_200nm,linear_drift_corrected,False,190.0,-19.38167180925233
28,upper_200nm,linear_drift_corrected,False,195.0,-19.379347505267805
28,upper_200nm,linear_drift_corrected,False,200.0,-19.377132545774394
28,common_80_250nm,linear_drift_corrected,False,80.0,-10.343122326967334
28,common_80_250nm,linear_drift_corrected,False,85.0,-14.001768217067863
28,common_80_250nm,linear_drift_corrected,False,90.0,-16.14906799812496
28,common_80_250nm,linear_drift_corrected,False,95.0,-17.41082923102251
28,common_80_250nm,linear_drift_corrected,False,100.0,-18.14878438837704
28,common_80_250nm,linear_drift_corrected,False,105.0,-18.57722942816837
28,common_80_250nm,linear_drift_corrected,False,110.0,-18.825553097339373
28,common_80_250nm,linear_drift_corrected,False,115.0,-18.967892058942486
28,common_80_250nm,linear_drift_corrected,False,120.0,-19.047739920094088
28,common_80_250nm,linear_drift_corrected,False,125.0,-19.09161257721642
28,common_80_250nm,linear_drift_corrected,False,130.0,-19.114552452232715
28,common_80_250nm,linear_drift_corrected,False,135.0,-19.125364212615043
28,common_80_250nm,linear_drift_corrected,False,140.0,-19.129356323696356
28,common_80_250nm,linear_drift_corrected,False,145.0,-19.129552692337878
28,common_80_250nm,linear_drift_corrected,False,150.0,-19.12769496292632
28,common_80_250nm,linear_drift_corrected,False,155.0,-19.12481108491972
28,common_80_250nm,linear_drift_corrected,False,160.0,-19.12147952729304
28,common_80_250nm,linear_drift_corrected,False,165.0,-19.11801919524494
28,common_80_250nm,linear_drift_corrected,False,170.0,-19.114606650541983
28,common_80_250nm,linear_drift_corrected,False,175.0,-19.111332995446208
28,common_80_250nm,linear_drift_corrected,False,180.0,-19.108239174738003
28,common_80_250nm,linear_drift_corrected,False,185.0,-19.105339805158334
28,common_80_250nm,linear_drift_corrected,False,190.0,-19.102635122445182
28,common_80_250nm,linear_drift_corrected,False,195.0,-19.1001172316662
28,common_80_250nm,linear_drift_corrected,False,200.0,-19.097774738923256
28,common_80_250nm,linear_drift_corrected,False,205.0,-19.095595072128926
28,common_80_250nm,linear_drift_corrected,False,210.0,-19.093565400031103
28,common_80_250nm,linear_drift_corrected,False,215.0,-19.09167340357118
28,common_80_250nm,linear_drift_corrected,False,220.0,-19.08990761596039
28,common_80_250nm,linear_drift_corrected,False,225.0,-19.08825745602312
28,common_80_250nm,linear_drift_corrected,False,230.0,-19.086713277462568
28,common_80_250nm,linear_drift_corrected,False,235.0,-19.08526633758594
28,common_80_250nm,linear_drift_corrected,False,240.0,-19.083908789963935
28,common_80_250nm,linear_drift_corrected,False,245.0,-19.08263331526193
28,common_80_250nm,linear_drift_corrected,False,250.0,-19.081433543463135
28,no_slip_hydrodynamic,linear_then_no_slip_corrected,True,20.0,1143.6195518407105
28,no_slip_hydrodynamic,linear_then_no_slip_corrected,True,25.0,753.9254265444823
28,no_slip_hydrodynamic,linear_then_no_slip_corrected,True,30.0,491.7953903290365
28,no_slip_hydrodynamic,linear_then_no_slip_corrected,True,35.0,316.1571051488017
28,no_slip_hydrodynamic,linear_then_no_slip_corrected,True,40.0,199.36382814124005
28,no_slip_hydrodynamic,linear_then_no_slip_corrected,True,45.0,122.31940230714268
28,no_slip_hydrodynamic,linear_then_no_slip_corrected,True,50.0,71.88763675830724
28,no_slip_hydrodynamic,linear_then_no_slip_corrected,True,55.0,38.911230876897946
28,no_slip_hydrodynamic,linear_then_no_slip_corrected,True,60.0,17.44971851710708
28,no_slip_hydrodynamic,linear_then_no_slip_corrected,True,65.0,3.5574083633654325
28,no_slip_hydrodynamic,linear_then_no_slip_corrected,True,70.0,-5.405200800330487
28,no_slip_hydrodynamic,linear_then_no_slip_corrected,True,75.0,-11.194002198157259
28,no_slip_hydrodynamic,linear_then_no_slip_corrected,True,80.0,-14.92370966623999
28,no_slip_hydrodynamic,linear_then_no_slip_corrected,True,85.0,-17.316476994882898
28,no_slip_hydrodynamic,linear_then_no_slip_corrected,True,90.0,-18.849813074099643
28,no_slip_hydrodynamic,linear_then_no_slip_corrected,True,95.0,-19.833031839157048
28,no_slip_hydrodynamic,linear_then_no_slip_corrected,True,100.0,-20.461591286950863
28,no_slip_hydrodynamic,linear_then_no_slip_corrected,True,105.0,-20.86089205525338
28,no_slip_hydrodynamic,linear_then_no_slip_corrected,True,110.0,-21.1139375345292
28,no_slip_hydrodynamic,linear_then_no_slip_corrected,True,115.0,-21.273619379793658
28,no_slip_hydrodynamic,linear_then_no_slip_corrected,True,120.0,-21.37343328722696
28,no_slip_hydrodynamic,linear_then_no_slip_corrected,True,125.0,-21.43476116893601
28,no_slip_hydrodynamic,linear_then_no_slip_corrected,True,130.0,-21.471814394196876
28,no_slip_hydrodynamic,linear_then_no_slip_corrected,True,135.0,-21.493512391422914
28,no_slip_hydrodynamic,linear_then_no_slip_corrected,True,140.0,-21.505514345313102
28,no_slip_hydrodynamic,linear_then_no_slip_corrected,True,145.0,-21.5114079882912
28,no_slip_hydrodynamic,linear_then_no_slip_corrected,True,150.0,-21.51358157186157
28,no_slip_hydrodynamic,linear_then_no_slip_corrected,True,155.0,-21.513502625694482
28,no_slip_hydrodynamic,linear_then_no_slip_corrected,True,160.0,-21.5120967141802
28,no_slip_hydrodynamic,linear_then_no_slip_corrected,True,165.0,-21.509939639253908
28,no_slip_hydrodynamic,linear_then_no_slip_corrected,True,170.0,-21.50741017576379
28,no_slip_hydrodynamic,linear_then_no_slip_corrected,True,175.0,-21.504729885849624
28,no_slip_hydrodynamic,linear_then_no_slip_corrected,True,180.0,-21.502032510628958
28,no_slip_hydrodynamic,linear_then_no_slip_corrected,True,185.0,-21.499395762136064
28,no_slip_hydrodynamic,linear_then_no_slip_corrected,True,190.0,-21.496865401266675
28,no_slip_hydrodynamic,linear_then_no_slip_corrected,True,195.0,-21.494462821906897
28,no_slip_hydrodynamic,linear_then_no_slip_corrected,True,200.0,-21.492196311303186
28,no_slip_hydrodynamic,linear_then_no_slip_corrected,True,205.0,-21.490066396286736
28,no_slip_hydrodynamic,linear_then_no_slip_corrected,True,210.0,-21.488069402339523
28,no_slip_hydrodynamic,linear_then_no_slip_corrected,True,215.0,-21.48619881846982
28,no_slip_hydrodynamic,linear_then_no_slip_corrected,True,220.0,-21.48444697950684
28,no_slip_hydrodynamic,linear_then_no_slip_corrected,True,225.0,-21.482805877678985
28,no_slip_hydrodynamic,linear_then_no_slip_corrected,True,230.0,-21.481267595670563
28,no_slip_hydrodynamic,linear_then_no_slip_corrected,True,235.0,-21.47982448216886
28,no_slip_hydrodynamic,linear_then_no_slip_corrected,True,240.0,-21.47846933805605
28,no_slip_hydrodynamic,linear_then_no_slip_corrected,True,245.0,-21.47719548551121
28,no_slip_hydrodynamic,linear_then_no_slip_corrected,True,250.0,-21.475996766555596
29,primary,linear_drift_corrected,False,20.0,1191.3293076863526
29,primary,linear_drift_corrected,False,25.0,806.7386968258754
29,primary,linear_drift_corrected,False,30.0,539.405087899408
29,primary,linear_drift_corrected,False,35.0,356.49028653668626
29,primary,linear_drift_corrected,False,40.0,231.1457357265595
29,primary,linear_drift_corrected,False,45.0,146.28635514866977
29,primary,linear_drift_corrected,False,50.0,88.89608497964768
29,primary,linear_drift_corrected,False,55.0,50.36790090354158
29,primary,linear_drift_corrected,False,60.0,24.592543282966442
29,primary,linear_drift_corrected,False,65.0,7.385991826095644
29,primary,linear_drift_corrected,False,70.0,-4.031749543166292
29,primary,linear_drift_corrected,False,75.0,-11.630079311726227
29,primary,linear_drift_corrected,False,80.0,-16.64161525798233
29,primary,linear_drift_corrected,False,85.0,-19.969627782465928
29,primary,linear_drift_corrected,False,90.0,-22.15707815806089
29,primary,linear_drift_corrected,False,95.0,-23.604640437149772
29,primary,linear_drift_corrected,False,100.0,-24.555108305300145
29,primary,linear_drift_corrected,False,105.0,-25.18060548641099
29,primary,linear_drift_corrected,False,110.0,-25.590353307378496
29,primary,linear_drift_corrected,False,115.0,-25.857937996009106
29,primary,linear_drift_corrected,False,120.0,-26.0322543745115
29,primary,linear_drift_corrected,False,125.0,-26.144657927158136
29,primary,linear_drift_corrected,False,130.0,-26.21695697974879
29,primary,linear_drift_corrected,False,135.0,-26.262471874547167
29,primary,linear_drift_corrected,False,140.0,-26.29086612699327
29,primary,linear_drift_corrected,False,145.0,-26.30786419817375
29,primary,linear_drift_corrected,False,150.0,-26.317631285431894
29,primary,linear_drift_corrected,False,155.0,-26.32267740261779
29,primary,linear_drift_corrected,False,160.0,-26.324752692933988
29,primary,linear_drift_corrected,False,165.0,-26.324959254247634
29,primary,linear_drift_corrected,False,170.0,-26.324023435868018
29,primary,linear_drift_corrected,False,175.0,-26.322421706026265
29,primary,linear_drift_corrected,False,180.0,-26.32044850456918
29,primary,linear_drift_corrected,False,185.0,-26.31830410899933
29,primary,linear_drift_corrected,False,190.0,-26.31610226820447
29,primary,linear_drift_corrected,False,195.0,-26.313922205548234
29,primary,linear_drift_corrected,False,200.0,-26.311804370466234
29,primary,linear_drift_corrected,False,205.0,-26.309775000744217
29,primary,linear_drift_corrected,False,210.0,-26.307845227423826
29,primary,linear_drift_corrected,False,215.0,-26.306019788615547
29,primary,linear_drift_corrected,False,220.0,-26.304298233857686
29,primary,linear_drift_corrected,False,225.0,-26.302677413143297
29,primary,linear_drift_corrected,False,230.0,-26.30115274102367
29,primary,linear_drift_corrected,False,235.0,-26.299718693433103
29,primary,linear_drift_corrected,False,240.0,-26.29836965383125
29,primary,linear_drift_corrected,False,245.0,-26.297099857782754
29,primary,linear_drift_corrected,False,250.0,-26.295903866777454
29,constant_baseline,far_constant_referenced,False,20.0,1217.4495820397772
29,constant_baseline,far_constant_referenced,False,25.0,919.7377211569872
29,constant_baseline,far_constant_referenced,False,30.0,698.7495134758472
29,constant_baseline,far_constant_referenced,False,35.0,535.8334935456812
29,constant_baseline,far_constant_referenced,False,40.0,416.53543378621885
29,constant_baseline,far_constant_referenced,False,45.0,329.7415769483249
29,constant_baseline,far_constant_referenced,False,50.0,267.15878549047875
29,constant_baseline,far_constant_referenced,False,55.0,222.12065594752767
29,constant_baseline,far_constant_referenced,False,60.0,189.78846735010427
29,constant_baseline,far_constant_referenced,False,65.0,166.6697910569697
29,constant_baseline,far_constant_referenced,False,70.0,150.24155327382357
29,constant_baseline,far_constant_referenced,False,75.0,138.5802071949183
29,constant_baseline,far_constant_referenced,False,80.0,130.29877981334067
29,constant_baseline,far_constant_referenced,False,85.0,124.430671840632
29,constant_baseline,far_constant_referenced,False,90.0,120.2896831215282
29,constant_baseline,far_constant_referenced,False,95.0,117.37116185305545
29,constant_baseline,far_constant_referenced,False,100.0,115.3092995551033
29,constant_baseline,far_constant_referenced,False,105.0,113.85489311784714
29,constant_baseline,far_constant_referenced,False,110.0,112.83215939037733
29,constant_baseline,far_constant_referenced,False,115.0,112.11488172042624
29,constant_baseline,far_constant_referenced,False,120.0,111.61020261697745
29,constant_baseline,far_constant_referenced,False,125.0,111.25581555255218
29,constant_baseline,far_constant_referenced,False,130.0,111.00778135717432
29,constant_baseline,far_constant_referenced,False,135.0,110.83513520423742
29,constant_baseline,far_constant_referenced,False,140.0,110.71465462403374
29,constant_baseline,far_constant_referenced,False,145.0,110.63095017678219
29,constant_baseline,far_constant_referenced,False,150.0,110.57314935150738
29,constant_baseline,far_constant_referenced,False,155.0,110.53372349362061
29,constant_baseline,far_constant_referenced,False,160.0,110.50690854668612
29,constant_baseline,far_constant_referenced,False,165.0,110.48893216289875
29,constant_baseline,far_constant_referenced,False,170.0,110.477129766939
29,constant_baseline,far_constant_referenced,False,175.0,110.4696729701192
29,constant_baseline,far_constant_referenced,False,180.0,110.46515872241997
29,constant_baseline,far_constant_referenced,False,185.0,110.46266837917804
29,constant_baseline,far_constant_referenced,False,190.0,110.46155952165928
29,constant_baseline,far_constant_referenced,False,195.0,110.46139268147274
29,constant_baseline,far_constant_referenced,False,200.0,110.46183729672624
29,constant_baseline,far_constant_referenced,False,205.0,110.46267483661535
29,constant_baseline,far_constant_referenced,False,210.0,110.46375620229126
29,constant_baseline,far_constant_referenced,False,215.0,110.46498094751303
29,constant_baseline,far_constant_referenced,False,220.0,110.46627596959512
29,constant_baseline,far_constant_referenced,False,225.0,110.46759349789527
29,constant_baseline,far_constant_referenced,False,230.0,110.46890281320654
29,constant_baseline,far_constant_referenced,False,235.0,110.47018449526492
29,constant_baseline,far_constant_referenced,False,240.0,110.47142567465941
29,constant_baseline,far_constant_referenced,False,245.0,110.47261887935633
29,constant_baseline,far_constant_referenced,False,250.0,110.47376057512923
29,lower_plus_10nm,linear_drift_corrected,False,30.0,518.437506384605
29,lower_plus_10nm,linear_drift_corrected,False,35.0,351.56440219842057
29,lower_plus_10nm,linear_drift_corrected,False,40.0,234.41291670169957
29,lower_plus_10nm,linear_drift_corrected,False,45.0,152.70724269711286
29,lower_plus_10nm,linear_drift_corrected,False,50.0,96.1516966392506
29,lower_plus_10nm,linear_drift_corrected,False,55.0,57.17496727190304
29,lower_plus_10nm,linear_drift_corrected,False,60.0,30.371523325599096
29,lower_plus_10nm,linear_drift_corrected,False,65.0,12.007386323215474
29,lower_plus_10nm,linear_drift_corrected,False,70.0,-0.5357678566385431
29,lower_plus_10nm,linear_drift_corrected,False,75.0,-9.078385929917605
29,lower_plus_10nm,linear_drift_corrected,False,80.0,-14.868304756650133
29,lower_plus_10nm,linear_drift_corrected,False,85.0,-18.802668036365972
29,lower_plus_10nm,linear_drift_corrected,False,90.0,-21.47184788253687
29,lower_plus_10nm,linear_drift_corrected,False,95.0,-23.279930856175717
29,lower_plus_10nm,linear_drift_corrected,False,100.0,-24.502816615231303
29,lower_plus_10nm,linear_drift_corrected,False,105.0,-25.326646894558724
29,lower_plus_10nm,linear_drift_corrected,False,110.0,-25.88169107912034
29,lower_plus_10nm,linear_drift_corrected,False,115.0,-26.25542556113922
29,lower_plus_10nm,linear_drift_corrected,False,120.0,-26.506340211433805
29,lower_plus_10nm,linear_drift_corrected,False,125.0,-26.6741520673324
29,lower_plus_10nm,linear_drift_corrected,False,130.0,-26.78571883558906
29,lower_plus_10nm,linear_drift_corrected,False,135.0,-26.859238325883087
29,lower_plus_10nm,linear_drift_corrected,False,140.0,-26.90741106910078
29,lower_plus_10nm,linear_drift_corrected,False,145.0,-26.938534341438558
29,lower_plus_10nm,linear_drift_corrected,False,150.0,-26.958225182656612
29,lower_plus_10nm,linear_drift_corrected,False,155.0,-26.970281787303453
29,lower_plus_10nm,linear_drift_corrected,False,160.0,-26.977237754133945
29,lower_plus_10nm,linear_drift_corrected,False,165.0,-26.980866475480987
29,lower_plus_10nm,linear_drift_corrected,False,170.0,-26.982330965905515
29,lower_plus_10nm,linear_drift_corrected,False,175.0,-26.982403990300615
29,lower_plus_10nm,linear_drift_corrected,False,180.0,-26.98160250755041
29,lower_plus_10nm,linear_drift_corrected,False,185.0,-26.980268668645444
29,lower_plus_10nm,linear_drift_corrected,False,190.0,-26.97863074273398
29,lower_plus_10nm,linear_drift_corrected,False,195.0,-26.976841288718987
29,lower_plus_10nm,linear_drift_corrected,False,200.0,-26.974995682672617
29,lower_plus_10nm,linear_drift_corrected,False,205.0,-26.973154525617115
29,lower_plus_10nm,linear_drift_corrected,False,210.0,-26.97135524535775
29,lower_plus_10nm,linear_drift_corrected,False,215.0,-26.96961942300769
29,lower_plus_10nm,linear_drift_corrected,False,220.0,-26.967959849014004
29,lower_plus_10nm,linear_drift_corrected,False,225.0,-26.966381898232918
29,lower_plus_10nm,linear_drift_corrected,False,230.0,-26.96488677860696
29,lower_plus_10nm,linear_drift_corrected,False,235.0,-26.96347314562259
29,lower_plus_10nm,linear_drift_corrected,False,240.0,-26.962138091775646
29,lower_plus_10nm,linear_drift_corrected,False,245.0,-26.960877929207793
29,lower_plus_10nm,linear_drift_corrected,False,250.0,-26.95968855676552
29,upper_200nm,linear_drift_corrected,False,20.0,1187.3653117359167
29,upper_200nm,linear_drift_corrected,False,25.0,806.339686080253
29,upper_200nm,linear_drift_corrected,False,30.0,541.0115563469117
29,upper_200nm,linear_drift_corrected,False,35.0,358.13325697946703
29,upper_200nm,linear_drift_corrected,False,40.0,232.98227379011033
29,upper_200nm,linear_drift_corrected,False,45.0,147.5154236152063
29,upper_200nm,linear_drift_corrected,False,50.0,89.87583326405473
29,upper_200nm,linear_drift_corrected,False,55.0,50.875262548631355
29,upper_200nm,linear_drift_corrected,False,60.0,24.7523987750418
29,upper_200nm,linear_drift_corrected,False,65.0,7.257904984578769
29,upper_200nm,linear_drift_corrected,False,70.0,-4.425849340396535
29,upper_200nm,linear_drift_corrected,False,75.0,-12.18401122191698
29,upper_200nm,linear_drift_corrected,False,80.0,-17.357711558278034
29,upper_200nm,linear_drift_corrected,False,85.0,-20.774956185397897
29,upper_200nm,linear_drift_corrected,False,90.0,-23.045963621922958
29,upper_200nm,linear_drift_corrected,False,95.0,-24.54684694096902
29,upper_200nm,linear_drift_corrected,False,100.0,-25.537758705050873
29,upper_200nm,linear_drift_corrected,False,105.0,-26.192666953653728
29,upper_200nm,linear_drift_corrected,False,110.0,-26.621735745140786
29,upper_200nm,linear_drift_corrected,False,115.0,-26.90426605069896
29,upper_200nm,linear_drift_corrected,False,120.0,-27.088234505952435
29,upper_200nm,linear_drift_corrected,False,125.0,-27.207935695572576
29,upper_200nm,linear_drift_corrected,False,130.0,-27.28509444400276
29,upper_200nm,linear_drift_corrected,False,135.0,-27.334125458947995
29,upper_200nm,linear_drift_corrected,False,140.0,-27.364942110150782
29,upper_200nm,linear_drift_corrected,False,145.0,-27.383592075914844
29,upper_200nm,linear_drift_corrected,False,150.0,-27.39451398928126
29,upper_200nm,linear_drift_corrected,False,155.0,-27.400362813831823
29,upper_200nm,linear_drift_corrected,False,160.0,-27.402983919955503
29,upper_200nm,linear_drift_corrected,False,165.0,-27.403575849393224
29,upper_200nm,linear_drift_corrected,False,170.0,-27.40289615663591
29,upper_200nm,linear_drift_corrected,False,175.0,-27.401475002211743
29,upper_200nm,linear_drift_corrected,False,180.0,-27.399623886870955
29,upper_200nm,linear_drift_corrected,False,185.0,-27.39756223806855
29,upper_200nm,linear_drift_corrected,False,190.0,-27.395419466446796
29,upper_200nm,linear_drift_corrected,False,195.0,-27.393277588127013
29,upper_200nm,linear_drift_corrected,False,200.0,-27.391187628914977
29,common_80_250nm,linear_drift_corrected,False,80.0,-14.705727096247807
29,common_80_250nm,linear_drift_corrected,False,85.0,-19.599125266041
29,common_80_250nm,linear_drift_corrected,False,90.0,-22.550798918312797
29,common_80_250nm,linear_drift_corrected,False,95.0,-24.322243865778983
29,common_80_250nm,linear_drift_corrected,False,100.0,-25.388758017767387
29,common_80_250nm,linear_drift_corrected,False,105.0,-26.02421962884143
29,common_80_250nm,linear_drift_corrected,False,110.0,-26.40438575544054
29,common_80_250nm,linear_drift_corrected,False,115.0,-26.629179582485307
29,common_80_250nm,linear_drift_corrected,False,120.0,-26.76137944054061
29,common_80_250nm,linear_drift_corrected,False,125.0,-26.837953281700027
29,common_80_250nm,linear_drift_corrected,False,130.0,-26.88125202851673
29,common_80_250nm,linear_drift_corrected,False,135.0,-26.90489404433916
29,common_80_250nm,linear_drift_corrected,False,140.0,-26.916801096786287
29,common_80_250nm,linear_drift_corrected,False,145.0,-26.921949091246475
29,common_80_250nm,linear_drift_corrected,False,150.0,-26.92315169218961
29,common_80_250nm,linear_drift_corrected,False,155.0,-26.922174049963193
29,common_80_250nm,linear_drift_corrected,False,160.0,-26.920018014585164
29,common_80_250nm,linear_drift_corrected,False,165.0,-26.917285531395766
29,common_80_250nm,linear_drift_corrected,False,170.0,-26.914323840468388
29,common_80_250nm,linear_drift_corrected,False,175.0,-26.91132658386371
29,common_80_250nm,linear_drift_corrected,False,180.0,-26.90840423358376
29,common_80_250nm,linear_drift_corrected,False,185.0,-26.905609776602656
29,common_80_250nm,linear_drift_corrected,False,190.0,-26.902969970153467
29,common_80_250nm,linear_drift_corrected,False,195.0,-26.900491821366035
29,common_80_250nm,linear_drift_corrected,False,200.0,-26.89817384457336
29,common_80_250nm,linear_drift_corrected,False,205.0,-26.89600919051646
29,common_80_250nm,linear_drift_corrected,False,210.0,-26.89398867502235
29,common_80_250nm,linear_drift_corrected,False,215.0,-26.89210229883299
29,common_80_250nm,linear_drift_corrected,False,220.0,-26.890339907082442
29,common_80_250nm,linear_drift_corrected,False,225.0,-26.888691822818934
29,common_80_250nm,linear_drift_corrected,False,230.0,-26.88714890570778
29,common_80_250nm,linear_drift_corrected,False,235.0,-26.885702741392397
29,common_80_250nm,linear_drift_corrected,False,240.0,-26.884345603468564
29,common_80_250nm,linear_drift_corrected,False,245.0,-26.883070453321817
29,common_80_250nm,linear_drift_corrected,False,250.0,-26.881870960951474
29,no_slip_hydrodynamic,linear_then_no_slip_corrected,True,20.0,1135.9566891596924
29,no_slip_hydrodynamic,linear_then_no_slip_corrected,True,25.0,752.6726718201015
29,no_slip_hydrodynamic,linear_then_no_slip_corrected,True,30.0,491.31319223270964
29,no_slip_hydrodynamic,linear_then_no_slip_corrected,True,35.0,315.1832098738305
29,no_slip_hydrodynamic,linear_then_no_slip_corrected,True,40.0,197.25185939873774
29,no_slip_hydrodynamic,linear_then_no_slip_corrected,True,45.0,118.566157108716
29,no_slip_hydrodynamic,linear_then_no_slip_corrected,True,50.0,66.59391463611902
29,no_slip_hydrodynamic,linear_then_no_slip_corrected,True,55.0,32.3561809538995
29,no_slip_hydrodynamic,linear_then_no_slip_corrected,True,60.0,9.85078331000392
29,no_slip_hydrodynamic,linear_then_no_slip_corrected,True,65.0,-4.817086779918686
29,no_slip_hydrodynamic,linear_then_no_slip_corrected,True,70.0,-14.390717930997248
29,no_slip_hydrodynamic,linear_then_no_slip_corrected,True,75.0,-20.631434640398616
29,no_slip_hydrodynamic,linear_then_no_slip_corrected,True,80.0,-24.66820582941771
29,no_slip_hydrodynamic,linear_then_no_slip_corrected,True,85.0,-27.290627541266257
29,no_slip_hydrodynamic,linear_then_no_slip_corrected,True,90.0,-28.99118991084273
29,no_slip_hydrodynamic,linear_then_no_slip_corrected,True,95.0,-30.08481436121501
29,no_slip_hydrodynamic,linear_then_no_slip_corrected,True,100.0,-30.792046646888156
29,no_slip_hydrodynamic,linear_then_no_slip_corrected,True,105.0,-31.24729412493802
29,no_slip_hydrodynamic,linear_then_no_slip_corrected,True,110.0,-31.53785645836243
29,no_slip_hydrodynamic,linear_then_no_slip_corrected,True,115.0,-31.723622848389635
29,no_slip_hydrodynamic,linear_then_no_slip_corrected,True,120.0,-31.841223047411454
29,no_slip_hydrodynamic,linear_then_no_slip_corrected,True,125.0,-31.91465501271
29,no_slip_hydrodynamic,linear_then_no_slip_corrected,True,130.0,-31.960067215806085
29,no_slip_hydrodynamic,linear_then_no_slip_corrected,True,135.0,-31.987371692824485
29,no_slip_hydrodynamic,linear_then_no_slip_corrected,True,140.0,-32.00311507627655
29,no_slip_hydrodynamic,linear_then_no_slip_corrected,True,145.0,-32.01161393480177
29,no_slip_hydrodynamic,linear_then_no_slip_corrected,True,150.0,-32.01552068266694
29,no_slip_hydrodynamic,linear_then_no_slip_corrected,True,155.0,-32.016596500265635
29,no_slip_hydrodynamic,linear_then_no_slip_corrected,True,160.0,-32.01597392974574
29,no_slip_hydrodynamic,linear_then_no_slip_corrected,True,165.0,-32.01434452333065
29,no_slip_hydrodynamic,linear_then_no_slip_corrected,True,170.0,-32.01216634280063
29,no_slip_hydrodynamic,linear_then_no_slip_corrected,True,175.0,-32.00972245134755
29,no_slip_hydrodynamic,linear_then_no_slip_corrected,True,180.0,-32.00718080248415
29,no_slip_hydrodynamic,linear_then_no_slip_corrected,True,185.0,-32.00464969294267
29,no_slip_hydrodynamic,linear_then_no_slip_corrected,True,190.0,-32.00218996277787
29,no_slip_hydrodynamic,linear_then_no_slip_corrected,True,195.0,-31.999833519560838
29,no_slip_hydrodynamic,linear_then_no_slip_corrected,True,200.0,-31.997598013008087
29,no_slip_hydrodynamic,linear_then_no_slip_corrected,True,205.0,-31.995489027481135
29,no_slip_hydrodynamic,linear_then_no_slip_corrected,True,210.0,-31.993505625241095
29,no_slip_hydrodynamic,linear_then_no_slip_corrected,True,215.0,-31.99164413990474
29,no_slip_hydrodynamic,linear_then_no_slip_corrected,True,220.0,-31.9898983778544
29,no_slip_hydrodynamic,linear_then_no_slip_corrected,True,225.0,-31.988261269775872
29,no_slip_hydrodynamic,linear_then_no_slip_corrected,True,230.0,-31.986725649506592
29,no_slip_hydrodynamic,linear_then_no_slip_corrected,True,235.0,-31.985284296308336
29,no_slip_hydrodynamic,linear_then_no_slip_corrected,True,240.0,-31.983930310904487
29,no_slip_hydrodynamic,linear_then_no_slip_corrected,True,245.0,-31.982657234095395
29,no_slip_hydrodynamic,linear_then_no_slip_corrected,True,250.0,-31.98145902551251
30,primary,linear_drift_corrected,False,20.0,1152.7317739183106
30,primary,linear_drift_corrected,False,25.0,775.5245125208517
30,primary,linear_drift_corrected,False,30.0,517.1022786301852
30,primary,linear_drift_corrected,False,35.0,340.1572923972113
30,primary,linear_drift_corrected,False,40.0,220.79091144152878
30,primary,linear_drift_corrected,False,45.0,140.1794560073618
30,primary,linear_drift_corrected,False,50.0,86.36826873716493
30,primary,linear_drift_corrected,False,55.0,50.46586513504863
30,primary,linear_drift_corrected,False,60.0,26.67944481809428
30,primary,linear_drift_corrected,False,65.0,10.954404886974743
30,primary,linear_drift_corrected,False,70.0,0.5827471040212835
30,primary,linear_drift_corrected,False,75.0,-6.228297278767661
30,primary,linear_drift_corrected,False,80.0,-10.710153643083743
30,primary,linear_drift_corrected,False,85.0,-13.638060723850664
30,primary,linear_drift_corrected,False,90.0,-15.562114806911358
30,primary,linear_drift_corrected,False,95.0,-16.81285746981167
30,primary,linear_drift_corrected,False,100.0,-17.632410669107376
30,primary,linear_drift_corrected,False,105.0,-18.16376264381418
30,primary,linear_drift_corrected,False,110.0,-18.509593819239342
30,primary,linear_drift_corrected,False,115.0,-18.73262962804923
30,primary,linear_drift_corrected,False,120.0,-18.876165803576562
30,primary,linear_drift_corrected,False,125.0,-18.967655511768022
30,primary,linear_drift_corrected,False,130.0,-19.02528990765643
30,primary,linear_drift_corrected,False,135.0,-19.06104961615717
30,primary,linear_drift_corrected,False,140.0,-19.082546454840873
30,primary,linear_drift_corrected,False,145.0,-19.094989578647933
30,primary,linear_drift_corrected,False,150.0,-19.101544924039477
30,primary,linear_drift_corrected,False,155.0,-19.104460468240962
30,primary,linear_drift_corrected,False,160.0,-19.105051774665935
30,primary,linear_drift_corrected,False,165.0,-19.10426440027122
30,primary,linear_drift_corrected,False,170.0,-19.102648677092834
30,primary,linear_drift_corrected,False,175.0,-19.10058570757469
30,primary,linear_drift_corrected,False,180.0,-19.098301965008698
30,primary,linear_drift_corrected,False,185.0,-19.095944507942416
30,primary,linear_drift_corrected,False,190.0,-19.093601223676345
30,primary,linear_drift_corrected,False,195.0,-19.09132351993534
30,primary,linear_drift_corrected,False,200.0,-19.089141037702447
30,primary,linear_drift_corrected,False,205.0,-19.087067144500217
30,primary,linear_drift_corrected,False,210.0,-19.08510782397654
30,primary,linear_drift_corrected,False,215.0,-19.08326213584061
30,primary,linear_drift_corrected,False,220.0,-19.08152707989203
30,primary,linear_drift_corrected,False,225.0,-19.07989710699098
30,primary,linear_drift_corrected,False,230.0,-19.078366279159162
30,primary,linear_drift_corrected,False,235.0,-19.076928106901267
30,primary,linear_drift_corrected,False,240.0,-19.075576267745355
30,primary,linear_drift_corrected,False,245.0,-19.07430461524443
30,primary,linear_drift_corrected,False,250.0,-19.073107358236676
30,constant_baseline,far_constant_referenced,False,20.0,1223.8631257956915
30,constant_baseline,far_constant_referenced,False,25.0,908.1751788144703
30,constant_baseline,far_constant_referenced,False,30.0,677.8417191729377
30,constant_baseline,far_constant_referenced,False,35.0,511.5855385251476
30,constant_baseline,far_constant_referenced,False,40.0,392.35754897053573
30,constant_baseline,far_constant_referenced,False,45.0,307.3717285766237
30,constant_baseline,far_constant_referenced,False,50.0,247.11876283229267
30,constant_baseline,far_constant_referenced,False,55.0,204.60289073592202
30,constant_baseline,far_constant_referenced,False,60.0,174.7260202146021
30,constant_baseline,far_constant_referenced,False,65.0,153.8043180123012
30,constant_baseline,far_constant_referenced,False,70.0,139.1964127430017
30,constant_baseline,far_constant_referenced,False,75.0,129.0214758064621
30,constant_baseline,far_constant_referenced,False,80.0,121.94825755678048
30,constant_baseline,far_constant_referenced,False,85.0,117.03924664852143
30,constant_baseline,far_constant_referenced,False,90.0,113.63693910366484
30,constant_baseline,far_constant_referenced,False,95.0,111.28173311577906
30,constant_baseline,far_constant_referenced,False,100.0,109.65320057949786
30,constant_baseline,far_constant_referenced,False,105.0,108.52839821472838
30,constant_baseline,far_constant_referenced,False,110.0,107.75245459079777
30,constant_baseline,far_constant_referenced,False,115.0,107.21791767321598
30,constant_baseline,far_constant_referenced,False,120.0,106.85030747110302
30,constant_baseline,far_constant_referenced,False,125.0,106.59803821095453
30,constant_baseline,far_constant_referenced,False,130.0,106.42540371046812
30,constant_baseline,far_constant_referenced,False,135.0,106.3077028725229
30,constant_baseline,far_constant_referenced,False,140.0,106.22785654866163
30,constant_baseline,far_constant_referenced,False,145.0,106.17406167888976
30,constant_baseline,far_constant_referenced,False,150.0,106.13817398714531
30,constant_baseline,far_constant_referenced,False,155.0,106.11457068095108
30,constant_baseline,far_constant_referenced,False,160.0,106.09934341315906
30,constant_baseline,far_constant_referenced,False,165.0,106.08982361213683
30,constant_baseline,far_constant_referenced,False,170.0,106.08417353019979
30,constant_baseline,far_constant_referenced,False,175.0,106.08112936548872
30,constant_baseline,far_constant_referenced,False,180.0,106.07982359142794
30,constant_baseline,far_constant_referenced,False,185.0,106.07966210560396
30,constant_baseline,far_constant_referenced,False,190.0,106.08023931054866
30,constant_baseline,far_constant_referenced,False,195.0,106.08127943563841
30,constant_baseline,far_constant_referenced,False,200.0,106.08259600856928
30,constant_baseline,far_constant_referenced,False,205.0,106.0840638770424
30,constant_baseline,far_constant_referenced,False,210.0,106.08559990654668
30,constant_baseline,far_constant_referenced,False,215.0,106.08714967425512
30,constant_baseline,far_constant_referenced,False,220.0,106.08867830543058
30,constant_baseline,far_constant_referenced,False,225.0,106.09016417053817
30,constant_baseline,far_constant_referenced,False,230.0,106.09159455685885
30,constant_baseline,far_constant_referenced,False,235.0,106.09296270206154
30,constant_baseline,far_constant_referenced,False,240.0,106.09426576648391
30,constant_baseline,far_constant_referenced,False,245.0,106.09550345178236
30,constant_baseline,far_constant_referenced,False,250.0,106.09667706411972
30,lower_plus_10nm,linear_drift_corrected,False,30.0,495.1783654902158
30,lower_plus_10nm,linear_drift_corrected,False,35.0,336.2239741272409
30,lower_plus_10nm,linear_drift_corrected,False,40.0,225.03815525771947
30,lower_plus_10nm,linear_drift_corrected,False,45.0,148.01934551270088
30,lower_plus_10nm,linear_drift_corrected,False,50.0,94.75325242846102
30,lower_plus_10nm,linear_drift_corrected,False,55.0,58.1096886501639
30,lower_plus_10nm,linear_drift_corrected,False,60.0,33.016124713661526
30,lower_plus_10nm,linear_drift_corrected,False,65.0,15.941929853224838
30,lower_plus_10nm,linear_drift_corrected,False,70.0,4.337117692602561
30,lower_plus_10nm,linear_drift_corrected,False,75.0,-3.546056792540938
30,lower_plus_10nm,linear_drift_corrected,False,80.0,-8.88922601839521
30,lower_plus_10nm,linear_drift_corrected,False,85.0,-12.5018188151871
30,lower_plus_10nm,linear_drift_corrected,False,90.0,-14.93313374917954
30,lower_plus_10nm,linear_drift_corrected,False,95.0,-16.57500709294399
30,lower_plus_10nm,linear_drift_corrected,False,100.0,-17.681870219120515
30,lower_plus_10nm,linear_drift_corrected,False,105.0,-18.426640957491443
30,lower_plus_10nm,linear_drift_corrected,False,110.0,-18.925351866126793
30,lower_plus_10nm,linear_drift_corrected,False,115.0,-19.259093953433894
30,lower_plus_10nm,linear_drift_corrected,False,120.0,-19.48218135056042
30,lower_plus_10nm,linear_drift_corrected,False,125.0,-19.630635661645165
30,lower_plus_10nm,linear_drift_corrected,False,130.0,-19.728777392812827
30,lower_plus_10nm,linear_drift_corrected,False,135.0,-19.792907225343182
30,lower_plus_10nm,linear_drift_corrected,False,140.0,-19.834556793425527
30,lower_plus_10nm,linear_drift_corrected,False,145.0,-19.86114877880706
30,lower_plus_10nm,linear_drift_corrected,False,150.0,-19.877692281005675
30,lower_plus_10nm,linear_drift_corrected,False,155.0,-19.887525696005152
30,lower_plus_10nm,linear_drift_corrected,False,160.0,-19.89296456059475
30,lower_plus_10nm,linear_drift_corrected,False,165.0,-19.895548851378745
30,lower_plus_10nm,linear_drift_corrected,False,170.0,-19.896288553657453
30,lower_plus_10nm,linear_drift_corrected,False,175.0,-19.895857265413635
30,lower_plus_10nm,linear_drift_corrected,False,180.0,-19.894698644805946
30,lower_plus_10nm,linear_drift_corrected,False,185.0,-19.89312168800787
30,lower_plus_10nm,linear_drift_corrected,False,190.0,-19.89131880091143
30,lower_plus_10nm,linear_drift_corrected,False,195.0,-19.889414954891308
30,lower_plus_10nm,linear_drift_corrected,False,200.0,-19.88748896168108
30,lower_plus_10nm,linear_drift_corrected,False,205.0,-19.885591919621792
30,lower_plus_10nm,linear_drift_corrected,False,210.0,-19.88375427195511
30,lower_plus_10nm,linear_drift_corrected,False,215.0,-19.881992610571828
30,lower_plus_10nm,linear_drift_corrected,False,220.0,-19.88031513750127
30,lower_plus_10nm,linear_drift_corrected,False,225.0,-19.878724568469334
30,lower_plus_10nm,linear_drift_corrected,False,230.0,-19.877220782956787
30,lower_plus_10nm,linear_drift_corrected,False,235.0,-19.875801198581478
30,lower_plus_10nm,linear_drift_corrected,False,240.0,-19.874462095113746
30,lower_plus_10nm,linear_drift_corrected,False,245.0,-19.87319913697063
30,lower_plus_10nm,linear_drift_corrected,False,250.0,-19.87200782327175
30,upper_200nm,linear_drift_corrected,False,20.0,1152.6886807758588
30,upper_200nm,linear_drift_corrected,False,25.0,775.829648979328
30,upper_200nm,linear_drift_corrected,False,30.0,517.3262237688847
30,upper_200nm,linear_drift_corrected,False,35.0,340.2259413935064
30,upper_200nm,linear_drift_corrected,False,40.0,220.77172248480503
30,upper_200nm,linear_drift_corrected,False,45.0,139.97367877519332
30,upper_200nm,linear_drift_corrected,False,50.0,86.06413088197161
30,upper_200nm,linear_drift_corrected,False,55.0,50.0262133134631
30,upper_200nm,linear_drift_corrected,False,60.0,26.168484108140255
30,upper_200nm,linear_drift_corrected,False,65.0,10.360676321250164
30,upper_200nm,linear_drift_corrected,False,70.0,-0.05432882882579548
30,upper_200nm,linear_drift_corrected,False,75.0,-6.911486409849529
30,upper_200nm,linear_drift_corrected,False,80.0,-11.417417753647486
30,upper_200nm,linear_drift_corrected,False,85.0,-14.369638424217275
30,upper_200nm,linear_drift_corrected,False,90.0,-16.30636796844156
30,upper_200nm,linear_drift_corrected,False,95.0,-17.569482422887937
30,upper_200nm,linear_drift_corrected,False,100.0,-18.396567786860896
30,upper_200nm,linear_drift_corrected,False,105.0,-18.932978635253363
30,upper_200nm,linear_drift_corrected,False,110.0,-19.2828852040999
30,upper_200nm,linear_drift_corrected,False,115.0,-19.508045330107908
30,upper_200nm,linear_drift_corrected,False,120.0,-19.653557222352408
30,upper_200nm,linear_drift_corrected,False,125.0,-19.746077229317898
30,upper_200nm,linear_drift_corrected,False,130.0,-19.804658055450584
30,upper_200nm,linear_drift_corrected,False,135.0,-19.840911530332345
30,upper_200nm,linear_drift_corrected,False,140.0,-19.862857421378475
30,upper_200nm,linear_drift_corrected,False,145.0,-19.875534920400497
30,upper_200nm,linear_drift_corrected,False,150.0,-19.882301658644202
30,upper_200nm,linear_drift_corrected,False,155.0,-19.885331568885753
30,upper_200nm,linear_drift_corrected,False,160.0,-19.886017743279147
30,upper_200nm,linear_drift_corrected,False,165.0,-19.8852884457216
30,upper_200nm,linear_drift_corrected,False,170.0,-19.88371225366453
30,upper_200nm,linear_drift_corrected,False,175.0,-19.881678130897004
30,upper_200nm,linear_drift_corrected,False,180.0,-19.87941083626821
30,upper_200nm,linear_drift_corrected,False,185.0,-19.87706712034404
30,upper_200nm,linear_drift_corrected,False,190.0,-19.874731017778345
30,upper_200nm,linear_drift_corrected,False,195.0,-19.872459635552257
30,upper_200nm,linear_drift_corrected,False,200.0,-19.870280457923815
30,common_80_250nm,linear_drift_corrected,False,80.0,-9.448406520110723
30,common_80_250nm,linear_drift_corrected,False,85.0,-12.404567579989644
30,common_80_250nm,linear_drift_corrected,False,90.0,-14.559577573629358
30,common_80_250nm,linear_drift_corrected,False,95.0,-16.10952959604038
30,common_80_250nm,linear_drift_corrected,False,100.0,-17.235648590661476
30,common_80_250nm,linear_drift_corrected,False,105.0,-18.04437896418649
30,common_80_250nm,linear_drift_corrected,False,110.0,-18.63006994404587
30,common_80_250nm,linear_drift_corrected,False,115.0,-19.049986490166763
30,common_80_250nm,linear_drift_corrected,False,120.0,-19.35296137170076
30,common_80_250nm,linear_drift_corrected,False,125.0,-19.569632556200546
30,common_80_250nm,linear_drift_corrected,False,130.0,-19.725180125462195
30,common_80_250nm,linear_drift_corrected,False,135.0,-19.835936365558613
30,common_80_250nm,linear_drift_corrected,False,140.0,-19.91485034810406
30,common_80_250nm,linear_drift_corrected,False,145.0,-19.970604459897622
30,common_80_250nm,linear_drift_corrected,False,150.0,-20.009842458187304
30,common_80_250nm,linear_drift_corrected,False,155.0,-20.037168465026287
30,common_80_250nm,linear_drift_corrected,False,160.0,-20.055982676901134
30,common_80_250nm,linear_drift_corrected,False,165.0,-20.06871989420456
30,common_80_250nm,linear_drift_corrected,False,170.0,-20.077114706406924
30,common_80_250nm,linear_drift_corrected,False,175.0,-20.08245022461806
30,common_80_250nm,linear_drift_corrected,False,180.0,-20.08560725403275
30,common_80_250nm,linear_drift_corrected,False,185.0,-20.087258687327807
30,common_80_250nm,linear_drift_corrected,False,190.0,-20.087848628822215
30,common_80_250nm,linear_drift_corrected,False,195.0,-20.087727412162806
30,common_80_250nm,linear_drift_corrected,False,200.0,-20.087116432484486
30,common_80_250nm,linear_drift_corrected,False,205.0,-20.086196049808965
30,common_80_250nm,linear_drift_corrected,False,210.0,-20.085074570360216
30,common_80_250nm,linear_drift_corrected,False,215.0,-20.08384317679393
30,common_80_250nm,linear_drift_corrected,False,220.0,-20.08255312628802
30,common_80_250nm,linear_drift_corrected,False,225.0,-20.081249113894312
30,common_80_250nm,linear_drift_corrected,False,230.0,-20.079953914289398
30,common_80_250nm,linear_drift_corrected,False,235.0,-20.078688224930815
30,common_80_250nm,linear_drift_corrected,False,240.0,-20.077460838796874
30,common_80_250nm,linear_drift_corrected,False,245.0,-20.076280188551365
30,common_80_250nm,linear_drift_corrected,False,250.0,-20.075148600796062
30,no_slip_hydrodynamic,linear_then_no_slip_corrected,True,20.0,1138.1431992308571
30,no_slip_hydrodynamic,linear_then_no_slip_corrected,True,25.0,762.2889780041413
30,no_slip_hydrodynamic,linear_then_no_slip_corrected,True,30.0,505.1228150212282
30,no_slip_hydrodynamic,linear_then_no_slip_corrected,True,35.0,330.4733064360352
30,no_slip_hydrodynamic,linear_then_no_slip_corrected,True,40.0,212.46302988167565
30,no_slip_hydrodynamic,linear_then_no_slip_corrected,True,45.0,133.67131936321238
30,no_slip_hydrodynamic,linear_then_no_slip_corrected,True,50.0,80.99560434566762
30,no_slip_hydrodynamic,linear_then_no_slip_corrected,True,55.0,46.16567341608206
30,no_slip_hydrodynamic,linear_then_no_slip_corrected,True,60.0,23.14072989169211
30,no_slip_hydrodynamic,linear_then_no_slip_corrected,True,65.0,7.980798051182894
30,no_slip_hydrodynamic,linear_then_no_slip_corrected,True,70.0,-1.943992797332733
30,no_slip_hydrodynamic,linear_then_no_slip_corrected,True,75.0,-8.463905329285083
30,no_slip_hydrodynamic,linear_then_no_slip_corrected,True,80.0,-12.707832309630321
30,no_slip_hydrodynamic,linear_then_no_slip_corrected,True,85.0,-15.484807437595263
30,no_slip_hydrodynamic,linear_then_no_slip_corrected,True,90.0,-17.292719340691924
30,no_slip_hydrodynamic,linear_then_no_slip_corrected,True,95.0,-18.46759305475486
30,no_slip_hydrodynamic,linear_then_no_slip_corrected,True,100.0,-19.23242640970057
30,no_slip_hydrodynamic,linear_then_no_slip_corrected,True,105.0,-19.725362411523673
30,no_slip_hydrodynamic,linear_then_no_slip_corrected,True,110.0,-20.044796755791197
30,no_slip_hydrodynamic,linear_then_no_slip_corrected,True,115.0,-20.249636609128082
30,no_slip_hydrodynamic,linear_then_no_slip_corrected,True,120.0,-20.380541118498805
30,no_slip_hydrodynamic,linear_then_no_slip_corrected,True,125.0,-20.463523325690346
30,no_slip_hydrodynamic,linear_then_no_slip_corrected,True,130.0,-20.515170666616754
30,no_slip_hydrodynamic,linear_then_no_slip_corrected,True,135.0,-20.54691987786981
30,no_slip_hydrodynamic,linear_then_no_slip_corrected,True,140.0,-20.565656996680943
30,no_slip_hydrodynamic,linear_then_no_slip_corrected,True,145.0,-20.576198350342516
30,no_slip_hydrodynamic,linear_then_no_slip_corrected,True,150.0,-20.581510667874642
30,no_slip_hydrodynamic,linear_then_no_slip_corrected,True,155.0,-20.58353534388454
30,no_slip_hydrodynamic,linear_then_no_slip_corrected,True,160.0,-20.583562306932016
30,no_slip_hydrodynamic,linear_then_no_slip_corrected,True,165.0,-20.58236440228648
30,no_slip_hydrodynamic,linear_then_no_slip_corrected,True,170.0,-20.580484945072648
30,no_slip_hydrodynamic,linear_then_no_slip_corrected,True,175.0,-20.57823860166996
30,no_slip_hydrodynamic,linear_then_no_slip_corrected,True,180.0,-20.575832286286882
30,no_slip_hydrodynamic,linear_then_no_slip_corrected,True,185.0,-20.573393001302556
30,no_slip_hydrodynamic,linear_then_no_slip_corrected,True,190.0,-20.570993021480035
30,no_slip_hydrodynamic,linear_then_no_slip_corrected,True,195.0,-20.568678364393694
30,no_slip_hydrodynamic,linear_then_no_slip_corrected,True,200.0,-20.566470239562886
30,no_slip_hydrodynamic,linear_then_no_slip_corrected,True,205.0,-20.564379602535478
30,no_slip_hydrodynamic,linear_then_no_slip_corrected,True,210.0,-20.56240879088045
30,no_slip_hydrodynamic,linear_then_no_slip_corrected,True,215.0,-20.560555531458355
30,no_slip_hydrodynamic,linear_then_no_slip_corrected,True,220.0,-20.55881534307481
30,no_slip_hydrodynamic,linear_then_no_slip_corrected,True,225.0,-20.55718194236219
30,no_slip_hydrodynamic,linear_then_no_slip_corrected,True,230.0,-20.55564880527948
30,no_slip_hydrodynamic,linear_then_no_slip_corrected,True,235.0,-20.554209103363235
30,no_slip_hydrodynamic,linear_then_no_slip_corrected,True,240.0,-20.55285622649405
30,no_slip_hydrodynamic,linear_then_no_slip_corrected,True,245.0,-20.551583891681663
30,no_slip_hydrodynamic,linear_then_no_slip_corrected,True,250.0,-20.55038616867039
31,primary,linear_drift_corrected,False,20.0,1153.4662332224395
31,primary,linear_drift_corrected,False,25.0,779.484432087439
31,primary,linear_drift_corrected,False,30.0,518.8629750855437
31,primary,linear_drift_corrected,False,35.0,338.5944509483819
31,primary,linear_drift_corrected,False,40.0,215.28003843250966
31,primary,linear_drift_corrected,False,45.0,130.8952383194027
31,primary,linear_drift_corrected,False,50.0,73.80955045132214
31,primary,linear_drift_corrected,False,55.0,35.22263543710816
31,primary,linear_drift_corrected,False,60.0,9.252931952509876
31,primary,linear_drift_corrected,False,65.0,-8.097807996339206
31,primary,linear_drift_corrected,False,70.0,-19.730328505933702
31,primary,linear_drift_corrected,False,75.0,-27.459457059257893
31,primary,linear_drift_corrected,False,80.0,-32.61180782880897
31,primary,linear_drift_corrected,False,85.0,-36.03714402028358
31,primary,linear_drift_corrected,False,90.0,-38.30401987616139
31,primary,linear_drift_corrected,False,95.0,-39.81099352905243
31,primary,linear_drift_corrected,False,100.0,-40.8040250943007
31,primary,linear_drift_corrected,False,105.0,-41.46125594246068
31,primary,linear_drift_corrected,False,110.0,-41.89436077643844
31,primary,linear_drift_corrected,False,115.0,-42.17826887312562
31,primary,linear_drift_corrected,False,120.0,-42.36467320384898
31,primary,linear_drift_corrected,False,125.0,-42.48540639127394
31,primary,linear_drift_corrected,False,130.0,-42.56357705997188
31,primary,linear_drift_corrected,False,135.0,-42.613457195853954
31,primary,linear_drift_corrected,False,140.0,-42.64469805586504
31,primary,linear_drift_corrected,False,145.0,-42.66387458715266
31,primary,linear_drift_corrected,False,150.0,-42.67502728081683
31,primary,linear_drift_corrected,False,155.0,-42.68109844047146
31,primary,linear_drift_corrected,False,160.0,-42.68387133859265
31,primary,linear_drift_corrected,False,165.0,-42.684557082602026
31,primary,linear_drift_corrected,False,170.0,-42.68396536705885
31,primary,linear_drift_corrected,False,175.0,-42.68258657445171
31,primary,linear_drift_corrected,False,180.0,-42.68077598032296
31,primary,linear_drift_corrected,False,185.0,-42.67873936182345
31,primary,linear_drift_corrected,False,190.0,-42.67661381487591
31,primary,linear_drift_corrected,False,195.0,-42.67448566639098
31,primary,linear_drift_corrected,False,200.0,-42.67240302662217
31,primary,linear_drift_corrected,False,205.0,-42.67039794425378
31,primary,linear_drift_corrected,False,210.0,-42.66848480474458
31,primary,linear_drift_corrected,False,215.0,-42.66667064071558
31,primary,linear_drift_corrected,False,220.0,-42.664956914931324
31,primary,linear_drift_corrected,False,225.0,-42.66334130394737
31,primary,linear_drift_corrected,False,230.0,-42.66182023057897
31,primary,linear_drift_corrected,False,235.0,-42.66038864217548
31,primary,linear_drift_corrected,False,240.0,-42.65904124440079
31,primary,linear_drift_corrected,False,245.0,-42.657772607923064
31,primary,linear_drift_corrected,False,250.0,-42.656577369128684
31,constant_baseline,far_constant_referenced,False,20.0,1266.0974899893956
31,constant_baseline,far_constant_referenced,False,25.0,934.5172098244865
31,constant_baseline,far_constant_referenced,False,30.0,693.1164985051603
31,constant_baseline,far_constant_referenced,False,35.0,519.1101606021971
31,constant_baseline,far_constant_referenced,False,40.0,394.4017378427419
31,constant_baseline,far_constant_referenced,False,45.0,305.5363410606549
31,constant_baseline,far_constant_referenced,False,50.0,242.53622938216287
31,constant_baseline,far_constant_referenced,False,55.0,198.0777906252094
31,constant_baseline,far_constant_referenced,False,60.0,166.83052093586812
31,constant_baseline,far_constant_referenced,False,65.0,144.94471742759671
31,constant_baseline,far_constant_referenced,False,70.0,129.66041828232258
31,constant_baseline,far_constant_referenced,False,75.0,119.01213905534054
31,constant_baseline,far_constant_referenced,False,80.0,111.60840307116771
31,constant_baseline,far_constant_referenced,False,85.0,106.4690272538498
31,constant_baseline,far_constant_referenced,False,90.0,102.9063985271697
31,constant_baseline,far_constant_referenced,False,95.0,100.43974976982197
31,constant_baseline,far_constant_referenced,False,100.0,98.73382247543974
31,constant_baseline,far_constant_referenced,False,105.0,97.555309366407
31,constant_baseline,far_constant_referenced,False,110.0,96.74211171438924
31,constant_baseline,far_constant_referenced,False,115.0,96.18174599756213
31,constant_baseline,far_constant_referenced,False,120.0,95.79623396305044
31,constant_baseline,far_constant_referenced,False,125.0,95.53156001033177
31,constant_baseline,far_constant_referenced,False,130.0,95.35033152481168
31,constant_baseline,far_constant_referenced,False,135.0,95.22667760560795
31,constant_baseline,far_constant_referenced,False,140.0,95.14270801472865
31,constant_baseline,far_constant_referenced,False,145.0,95.08605750297586
31,constant_baseline,far_constant_referenced,False,150.0,95.04820648755604
31,constant_baseline,far_constant_referenced,False,155.0,95.02323070769084
31,constant_baseline,far_constant_referenced,False,160.0,95.00705264447197
31,constant_baseline,far_constant_referenced,False,165.0,94.99687419901508
31,constant_baseline,far_constant_referenced,False,170.0,94.99076787213974
31,constant_baseline,far_constant_referenced,False,175.0,94.98740767633349
31,constant_baseline,far_constant_referenced,False,180.0,94.98588300139166
31,constant_baseline,far_constant_referenced,False,185.0,94.98556989712017
31,constant_baseline,far_constant_referenced,False,190.0,94.9860420888132
31,constant_baseline,far_constant_referenced,False,195.0,94.9870094821235
31,constant_baseline,far_constant_referenced,False,200.0,94.98827568263984
31,constant_baseline,far_constant_referenced,False,205.0,94.9897086652
31,constant_baseline,far_constant_referenced,False,210.0,94.99122053473099
31,constant_baseline,far_constant_referenced,False,215.0,94.99275357104764
31,constant_baseline,far_constant_referenced,False,220.0,94.99427061559302
31,constant_baseline,far_constant_referenced,False,225.0,94.99574845705415
31,constant_baseline,far_constant_referenced,False,230.0,94.99717328719888
31,constant_baseline,far_constant_referenced,False,235.0,94.99853758498146
31,constant_baseline,far_constant_referenced,False,240.0,94.9998379852916
31,constant_baseline,far_constant_referenced,False,245.0,95.00107382589314
31,constant_baseline,far_constant_referenced,False,250.0,95.0022461609435
31,lower_plus_10nm,linear_drift_corrected,False,30.0,497.5048479185417
31,lower_plus_10nm,linear_drift_corrected,False,35.0,334.01973570172083
31,lower_plus_10nm,linear_drift_corrected,False,40.0,218.63509753811155
31,lower_plus_10nm,linear_drift_corrected,False,45.0,137.72983212882036
31,lower_plus_10nm,linear_drift_corrected,False,50.0,81.32526782131228
31,lower_plus_10nm,linear_drift_corrected,False,55.0,42.19863252762158
31,lower_plus_10nm,linear_drift_corrected,False,60.0,15.174125376468432
31,lower_plus_10nm,linear_drift_corrected,False,65.0,-3.4238045974669404
31,lower_plus_10nm,linear_drift_corrected,False,70.0,-16.162019305010915
31,lower_plus_10nm,linear_drift_corrected,False,75.0,-24.880502498170745
31,lower_plus_10nm,linear_drift_corrected,False,80.0,-30.841676066503883
31,lower_plus_10nm,linear_drift_corrected,False,85.0,-34.91065143272266
31,lower_plus_10nm,linear_drift_corrected,False,90.0,-37.68391494663816
31,lower_plus_10nm,linear_drift_corrected,False,95.0,-39.57145516478403
31,lower_plus_10nm,linear_drift_corrected,False,100.0,-40.85438417293888
31,lower_plus_10nm,linear_drift_corrected,False,105.0,-41.724876842576165
31,lower_plus_10nm,linear_drift_corrected,False,110.0,-42.31337704330086
31,lower_plus_10nm,linear_drift_corrected,False,115.0,-42.711721855808015
31,lower_plus_10nm,linear_drift_corrected,False,120.0,-42.98066388737982
31,lower_plus_10nm,linear_drift_corrected,False,125.0,-43.161632713991466
31,lower_plus_10nm,linear_drift_corrected,False,130.0,-43.28286072485904
31,lower_plus_10nm,linear_drift_corrected,False,135.0,-43.36357406624728
31,lower_plus_10nm,linear_drift_corrected,False,140.0,-43.41685674110923
31,lower_plus_10nm,linear_drift_corrected,False,145.0,-43.45155878612941
31,lower_plus_10nm,linear_drift_corrected,False,150.0,-43.473766636293135
31,lower_plus_10nm,linear_drift_corrected,False,155.0,-43.487628907410425
31,lower_plus_10nm,linear_drift_corrected,False,160.0,-43.495909297313744
31,lower_plus_10nm,linear_drift_corrected,False,165.0,-43.50048057687348
31,lower_plus_10nm,linear_drift_corrected,False,170.0,-43.50260941480163
31,lower_plus_10nm,linear_drift_corrected,False,175.0,-43.5031504591467
31,lower_plus_10nm,linear_drift_corrected,False,180.0,-43.502678529600374
31,lower_plus_10nm,linear_drift_corrected,False,185.0,-43.50157464833177
31,lower_plus_10nm,linear_drift_corrected,False,190.0,-43.50010117527306
31,lower_plus_10nm,linear_drift_corrected,False,195.0,-43.49842714548139
31,lower_plus_10nm,linear_drift_corrected,False,200.0,-43.49666252528152
31,lower_plus_10nm,linear_drift_corrected,False,205.0,-43.494878172771024
31,lower_plus_10nm,linear_drift_corrected,False,210.0,-43.493118723748985
31,lower_plus_10nm,linear_drift_corrected,False,215.0,-43.49141132416779
31,lower_plus_10nm,linear_drift_corrected,False,220.0,-43.48977146370096
31,lower_plus_10nm,linear_drift_corrected,False,225.0,-43.48820706430293
31,lower_plus_10nm,linear_drift_corrected,False,230.0,-43.48672142424473
31,lower_plus_10nm,linear_drift_corrected,False,235.0,-43.48531442097011
31,lower_plus_10nm,linear_drift_corrected,False,240.0,-43.48398404013338
31,lower_plus_10nm,linear_drift_corrected,False,245.0,-43.48272715960515
31,lower_plus_10nm,linear_drift_corrected,False,250.0,-43.481540064016656
31,upper_200nm,linear_drift_corrected,False,20.0,1152.5403829147047
31,upper_200nm,linear_drift_corrected,False,25.0,779.4716080722806
31,upper_200nm,linear_drift_corrected,False,30.0,519.4658145581092
31,upper_200nm,linear_drift_corrected,False,35.0,339.1181528364848
31,upper_200nm,linear_drift_corrected,False,40.0,215.72465951122064
31,upper_200nm,linear_drift_corrected,False,45.0,131.1981923786912
31,upper_200nm,linear_drift_corrected,False,50.0,73.77654445681034
31,upper_200nm,linear_drift_corrected,False,55.0,35.025471933150705
31,upper_200nm,linear_drift_corrected,False,60.0,8.854216410578275
31,upper_200nm,linear_drift_corrected,False,65.0,-8.64610310117304
31,upper_200nm,linear_drift_corrected,False,70.0,-20.377516846667938
31,upper_200nm,linear_drift_corrected,False,75.0,-28.218031348024404
31,upper_200nm,linear_drift_corrected,False,80.0,-33.42678634943533
31,upper_200nm,linear_drift_corrected,False,85.0,-36.9038957847364
31,upper_200nm,linear_drift_corrected,False,90.0,-39.20855994705365
31,upper_200nm,linear_drift_corrected,False,95.0,-40.73862808246686
31,upper_200nm,linear_drift_corrected,False,100.0,-41.75451721931437
31,upper_200nm,linear_drift_corrected,False,105.0,-42.42342795475962
31,upper_200nm,linear_drift_corrected,False,110.0,-42.86640004806237
31,upper_200nm,linear_drift_corrected,False,115.0,-43.15749435407755
31,upper_200nm,linear_drift_corrected,False,120.0,-43.3481713003277
31,upper_200nm,linear_drift_corrected,False,125.0,-43.472881802757364
31,upper_200nm,linear_drift_corrected,False,130.0,-43.5531507096975
31,upper_200nm,linear_drift_corrected,False,135.0,-43.604707297207206
31,upper_200nm,linear_drift_corrected,False,140.0,-43.63716945292131
31,upper_200nm,linear_drift_corrected,False,145.0,-43.657062246785145
31,upper_200nm,linear_drift_corrected,False,150.0,-43.668847952418766
31,upper_200nm,linear_drift_corrected,False,155.0,-43.67527726996358
31,upper_200nm,linear_drift_corrected,False,160.0,-43.678318247152184
31,upper_200nm,linear_drift_corrected,False,165.0,-43.67919938227346
31,upper_200nm,linear_drift_corrected,False,170.0,-43.67872131400445
31,upper_200nm,linear_drift_corrected,False,175.0,-43.677439622445455
31,upper_200nm,linear_drift_corrected,False,180.0,-43.67568650812252
31,upper_200nm,linear_drift_corrected,False,185.0,-43.673691151652044
31,upper_200nm,linear_drift_corrected,False,190.0,-43.671595690423366
31,upper_200nm,linear_drift_corrected,False,195.0,-43.66948506982952
31,upper_200nm,linear_drift_corrected,False,200.0,-43.667416821521016
31,common_80_250nm,linear_drift_corrected,False,80.0,-25.217099337454563
31,common_80_250nm,linear_drift_corrected,False,85.0,-32.375930752908886
31,common_80_250nm,linear_drift_corrected,False,90.0,-36.83206877875349
31,common_80_250nm,linear_drift_corrected,False,95.0,-39.601288939561805
31,common_80_250nm,linear_drift_corrected,False,100.0,-41.31935499166454
31,common_80_250nm,linear_drift_corrected,False,105.0,-42.38329909430359
31,common_80_250nm,linear_drift_corrected,False,110.0,-43.0406545299457
31,common_80_250nm,linear_drift_corrected,False,115.0,-43.445554399801125
31,common_80_250nm,linear_drift_corrected,False,120.0,-43.693879230653025
31,common_80_250nm,linear_drift_corrected,False,125.0,-43.845009188935094
31,common_80_250nm,linear_drift_corrected,False,130.0,-43.936301179050695
31,common_80_250nm,linear_drift_corrected,False,135.0,-43.99068871560469
31,common_80_250nm,linear_drift_corrected,False,140.0,-44.02235729250714
31,common_80_250nm,linear_drift_corrected,False,145.0,-44.04010129208749
31,common_80_250nm,linear_drift_corrected,False,150.0,-44.049365439055485
31,common_80_250nm,linear_drift_corrected,False,155.0,-44.05351448290097
31,common_80_250nm,linear_drift_corrected,False,160.0,-44.05462255033024
31,common_80_250nm,linear_drift_corrected,False,165.0,-44.053963654623296
31,common_80_250nm,linear_drift_corrected,False,170.0,-44.05231286091313
31,common_80_250nm,linear_drift_corrected,False,175.0,-44.0501488595459
31,common_80_250nm,linear_drift_corrected,False,180.0,-44.04775365846288
31,common_80_250nm,linear_drift_corrected,False,185.0,-44.0452938585455
31,common_80_250nm,linear_drift_corrected,False,190.0,-44.042865335982974
31,common_80_250nm,linear_drift_corrected,False,195.0,-44.040520889020016
31,common_80_250nm,linear_drift_corrected,False,200.0,-44.03828731373927
31,common_80_250nm,linear_drift_corrected,False,205.0,-44.03617592370392
31,common_80_250nm,linear_drift_corrected,False,210.0,-44.03418898955546
31,common_80_250nm,linear_drift_corrected,False,215.0,-44.03232369124836
31,common_80_250nm,linear_drift_corrected,False,220.0,-44.03057457456761
31,common_80_250nm,linear_drift_corrected,False,225.0,-44.028934806674165
31,common_80_250nm,linear_drift_corrected,False,230.0,-44.02739710278808
31,common_80_250nm,linear_drift_corrected,False,235.0,-44.02595419700369
31,common_80_250nm,linear_drift_corrected,False,240.0,-44.02459910067106
31,common_80_250nm,linear_drift_corrected,False,245.0,-44.02332523393563
31,common_80_250nm,linear_drift_corrected,False,250.0,-44.022126482167046
31,no_slip_hydrodynamic,linear_then_no_slip_corrected,True,20.0,1099.329354475871
31,no_slip_hydrodynamic,linear_then_no_slip_corrected,True,25.0,726.0325360358165
31,no_slip_hydrodynamic,linear_then_no_slip_corrected,True,30.0,470.55252268232874
31,no_slip_hydrodynamic,linear_then_no_slip_corrected,True,35.0,297.65249259767546
31,no_slip_hydrodynamic,linear_then_no_slip_corrected,True,40.0,180.903615466362
31,no_slip_hydrodynamic,linear_then_no_slip_corrected,True,45.0,103.04410256659096
31,no_slip_hydrodynamic,linear_then_no_slip_corrected,True,50.0,51.1769200144275
31,no_slip_hydrodynamic,linear_then_no_slip_corrected,True,55.0,16.826544993836357
31,no_slip_hydrodynamic,linear_then_no_slip_corrected,True,60.0,-5.75097092611999
31,no_slip_hydrodynamic,linear_then_no_slip_corrected,True,65.0,-20.626530698029544
31,no_slip_hydrodynamic,linear_then_no_slip_corrected,True,70.0,-30.34267926228175
31,no_slip_hydrodynamic,linear_then_no_slip_corrected,True,75.0,-36.70148909923813
31,no_slip_hydrodynamic,linear_then_no_slip_corrected,True,80.0,-40.854854415264285
31,no_slip_hydrodynamic,linear_then_no_slip_corrected,True,85.0,-43.55156027615986
31,no_slip_hydrodynamic,linear_then_no_slip_corrected,True,90.0,-45.311090987625775
31,no_slip_hydrodynamic,linear_then_no_slip_corrected,True,95.0,-46.45051682300224
31,no_slip_hydrodynamic,linear_then_no_slip_corrected,True,100.0,-47.189466275788554
31,no_slip_hydrodynamic,linear_then_no_slip_corrected,True,105.0,-47.6678102642516
31,no_slip_hydrodynamic,linear_then_no_slip_corrected,True,110.0,-47.97476727856733
31,no_slip_hydrodynamic,linear_then_no_slip_corrected,True,115.0,-48.172264488120625
31,no_slip_hydrodynamic,linear_then_no_slip_corrected,True,120.0,-48.29777265405026
31,no_slip_hydrodynamic,linear_then_no_slip_corrected,True,125.0,-48.37700211847207
31,no_slip_hydrodynamic,linear_then_no_slip_corrected,True,130.0,-48.42640644595729
31,no_slip_hydrodynamic,linear_then_no_slip_corrected,True,135.0,-48.456339082716234
31,no_slip_hydrodynamic,linear_then_no_slip_corrected,True,140.0,-48.474021740034495
31,no_slip_hydrodynamic,linear_then_no_slip_corrected,True,145.0,-48.48378589012407
31,no_slip_hydrodynamic,linear_then_no_slip_corrected,True,150.0,-48.48857443764898
31,no_slip_hydrodynamic,linear_then_no_slip_corrected,True,155.0,-48.49027373052945
31,no_slip_hydrodynamic,linear_then_no_slip_corrected,True,160.0,-48.49004621757886
31,no_slip_hydrodynamic,linear_then_no_slip_corrected,True,165.0,-48.48870194524756
31,no_slip_hydrodynamic,linear_then_no_slip_corrected,True,170.0,-48.486714371397944
31,no_slip_hydrodynamic,linear_then_no_slip_corrected,True,175.0,-48.48439676239305
31,no_slip_hydrodynamic,linear_then_no_slip_corrected,True,180.0,-48.48194494990484
31,no_slip_hydrodynamic,linear_then_no_slip_corrected,True,185.0,-48.47947139612902
31,no_slip_hydrodynamic,linear_then_no_slip_corrected,True,190.0,-48.47705112345781
31,no_slip_hydrodynamic,linear_then_no_slip_corrected,True,195.0,-48.47472178807163
31,no_slip_hydrodynamic,linear_then_no_slip_corrected,True,200.0,-48.47250414633206
31,no_slip_hydrodynamic,linear_then_no_slip_corrected,True,205.0,-48.47040727966234
31,no_slip_hydrodynamic,linear_then_no_slip_corrected,True,210.0,-48.468431975971335
31,no_slip_hydrodynamic,linear_then_no_slip_corrected,True,215.0,-48.46657594938372
31,no_slip_hydrodynamic,linear_then_no_slip_corrected,True,220.0,-48.46483380413151
31,no_slip_hydrodynamic,linear_then_no_slip_corrected,True,225.0,-48.46319915082472
31,no_slip_hydrodynamic,linear_then_no_slip_corrected,True,230.0,-48.461665177810374
31,no_slip_hydrodynamic,linear_then_no_slip_corrected,True,235.0,-48.460224893471754
31,no_slip_hydrodynamic,linear_then_no_slip_corrected,True,240.0,-48.45887164639112
31,no_slip_hydrodynamic,linear_then_no_slip_corrected,True,245.0,-48.45759905500751
31,no_slip_hydrodynamic,linear_then_no_slip_corrected,True,250.0,-48.45640116801881
32,primary,linear_drift_corrected,False,20.0,1168.1353660356801
32,primary,linear_drift_corrected,False,25.0,776.3929625765104
32,primary,linear_drift_corrected,False,30.0,508.9364271093283
32,primary,linear_drift_corrected,False,35.0,328.84051155848533
32,primary,linear_drift_corrected,False,40.0,207.64867775281454
32,primary,linear_drift_corrected,False,45.0,126.72650582044288
32,primary,linear_drift_corrected,False,50.0,73.19353522485214
32,primary,linear_drift_corrected,False,55.0,37.750656313155474
32,primary,linear_drift_corrected,False,60.0,14.479017440914074
32,primary,linear_drift_corrected,False,65.0,-0.7610109893436103
32,primary,linear_drift_corrected,False,70.0,-10.745383802047584
32,primary,linear_drift_corrected,False,75.0,-17.233193688477666
32,primary,linear_drift_corrected,False,80.0,-21.46349614021216
32,primary,linear_drift_corrected,False,85.0,-24.21643171747622
32,primary,linear_drift_corrected,False,90.0,-25.99562755390851
32,primary,linear_drift_corrected,False,95.0,-27.1516149453605
32,primary,linear_drift_corrected,False,100.0,-27.898300706157627
32,primary,linear_drift_corrected,False,105.0,-28.379050817929755
32,primary,linear_drift_corrected,False,110.0,-28.68882700043696
32,primary,linear_drift_corrected,False,115.0,-28.886359251597398
32,primary,linear_drift_corrected,False,120.0,-29.0119977477688
32,primary,linear_drift_corrected,False,125.0,-29.091247853372312
32,primary,linear_drift_corrected,False,130.0,-29.140147064710867
32,primary,linear_drift_corrected,False,135.0,-29.169935200173462
32,primary,linear_drift_corrected,False,140.0,-29.18738018199953
32,primary,linear_drift_corrected,False,145.0,-29.196945572443163
32,primary,linear_drift_corrected,False,150.0,-29.20160836148
32,primary,linear_drift_corrected,False,155.0,-29.203179232620084
32,primary,linear_drift_corrected,False,160.0,-29.202878763221005
32,primary,linear_drift_corrected,False,165.0,-29.201476824183178
32,primary,linear_drift_corrected,False,170.0,-29.19944203300642
32,primary,linear_drift_corrected,False,175.0,-29.197094434734918
32,primary,linear_drift_corrected,False,180.0,-29.1946195492624
32,primary,linear_drift_corrected,False,185.0,-29.192130839751318
32,primary,linear_drift_corrected,False,190.0,-29.189699656966436
32,primary,linear_drift_corrected,False,195.0,-29.187362603939704
32,primary,linear_drift_corrected,False,200.0,-29.185139649247954
32,primary,linear_drift_corrected,False,205.0,-29.183039067866073
32,primary,linear_drift_corrected,False,210.0,-29.18106127367396
32,primary,linear_drift_corrected,False,215.0,-29.179203478909397
32,primary,linear_drift_corrected,False,220.0,-29.177460171767745
32,primary,linear_drift_corrected,False,225.0,-29.175824683942857
32,primary,linear_drift_corrected,False,230.0,-29.174290142494822
32,primary,linear_drift_corrected,False,235.0,-29.17284949628528
32,primary,linear_drift_corrected,False,240.0,-29.171495984216723
32,primary,linear_drift_corrected,False,245.0,-29.17022322143568
32,primary,linear_drift_corrected,False,250.0,-29.169025215997465
32,constant_baseline,far_constant_referenced,False,20.0,1221.1188009711939
32,constant_baseline,far_constant_referenced,False,25.0,907.335827997653
32,constant_baseline,far_constant_referenced,False,30.0,678.3205450092839
32,constant_baseline,far_constant_referenced,False,35.0,512.9920687891745
32,constant_baseline,far_constant_referenced,False,40.0,394.40357365384295
32,constant_baseline,far_constant_referenced,False,45.0,309.86559379281084
32,constant_baseline,far_constant_referenced,False,50.0,249.92622612975998
32,constant_baseline,far_constant_referenced,False,55.0,207.62960921109539
32,constant_baseline,far_constant_referenced,False,60.0,177.90566963877927
32,constant_baseline,far_constant_referenced,False,65.0,157.09035099607522
32,constant_baseline,far_constant_referenced,False,70.0,142.55625359947194
32,constant_baseline,far_constant_referenced,False,75.0,132.43240044602365
32,constant_baseline,far_constant_referenced,False,80.0,125.39446467693391
32,constant_baseline,far_constant_referenced,False,85.0,120.50978048417139
32,constant_baseline,far_constant_referenced,False,90.0,117.12422235992268
32,constant_baseline,far_constant_referenced,False,95.0,114.78053588115958
32,constant_baseline,far_constant_referenced,False,100.0,113.15991908272083
32,constant_baseline,far_constant_referenced,False,105.0,112.04055244234031
32,constant_baseline,far_constant_referenced,False,110.0,111.26833959768136
32,constant_baseline,far_constant_referenced,False,115.0,110.73636226900638
32,constant_baseline,far_constant_referenced,False,120.0,110.37050760226545
32,constant_baseline,far_constant_referenced,False,125.0,110.11944212474408
32,constant_baseline,far_constant_referenced,False,130.0,109.94763291792034
32,constant_baseline,far_constant_referenced,False,135.0,109.83049780827173
32,constant_baseline,far_constant_referenced,False,140.0,109.75103924067196
32,constant_baseline,far_constant_referenced,False,145.0,109.69751011920557
32,constant_baseline,far_constant_referenced,False,150.0,109.66181700366845
32,constant_baseline,far_constant_referenced,False,155.0,109.63833477622596
32,constant_baseline,far_constant_referenced,False,160.0,109.62319041042112
32,constant_baseline,far_constant_referenced,False,165.0,109.61372736864266
32,constant_baseline,far_constant_referenced,False,170.0,109.60811614507273
32,constant_baseline,far_constant_referenced,False,175.0,109.6050985820922
32,constant_baseline,far_constant_referenced,False,180.0,109.60381101817451
32,constant_baseline,far_constant_referenced,False,185.0,109.60366199744007
32,constant_baseline,far_constant_referenced,False,190.0,109.60424773449128
32,constant_baseline,far_constant_referenced,False,195.0,109.60529369935516
32,constant_baseline,far_constant_referenced,False,200.0,109.60661426910737
32,constant_baseline,far_constant_referenced,False,205.0,109.60808487292627
32,constant_baseline,far_constant_referenced,False,210.0,109.60962277435544
32,constant_baseline,far_constant_referenced,False,215.0,109.61117382304617
32,constant_baseline,far_constant_referenced,False,220.0,109.61270333077046
32,constant_baseline,far_constant_referenced,False,225.0,109.61418979565111
32,constant_baseline,far_constant_referenced,False,230.0,109.61562059234119
32,constant_baseline,far_constant_referenced,False,235.0,109.61698901830653
32,constant_baseline,far_constant_referenced,False,240.0,109.6182922748078
32,constant_baseline,far_constant_referenced,False,245.0,109.61953009150682
32,constant_baseline,far_constant_referenced,False,250.0,109.62070379373094
32,lower_plus_10nm,linear_drift_corrected,False,30.0,485.54634149160574
32,lower_plus_10nm,linear_drift_corrected,False,35.0,325.31536314574095
32,lower_plus_10nm,linear_drift_corrected,False,40.0,213.9727593763518
32,lower_plus_10nm,linear_drift_corrected,False,45.0,136.70412029501702
32,lower_plus_10nm,linear_drift_corrected,False,50.0,83.41255488451009
32,lower_plus_10nm,linear_drift_corrected,False,55.0,46.85664517959936
32,lower_plus_10nm,linear_drift_corrected,False,60.0,22.007741425794293
32,lower_plus_10nm,linear_drift_corrected,False,65.0,5.080101543543414
32,lower_plus_10nm,linear_drift_corrected,False,70.0,-6.415264578467156
32,lower_plus_10nm,linear_drift_corrected,False,75.0,-14.200316655050798
32,lower_plus_10nm,linear_drift_corrected,False,80.0,-19.4370132116124
32,lower_plus_10nm,linear_drift_corrected,False,85.0,-22.973974222211336
32,lower_plus_10nm,linear_drift_corrected,False,90.0,-25.358995825691487
32,lower_plus_10nm,linear_drift_corrected,False,95.0,-26.964356947644216
32,lower_plus_10nm,linear_drift_corrected,False,100.0,-28.038134342609837
32,lower_plus_10nm,linear_drift_corrected,False,105.0,-28.75924714105902
32,lower_plus_10nm,linear_drift_corrected,False,110.0,-29.242525525141723
32,lower_plus_10nm,linear_drift_corrected,False,115.0,-29.565470370646928
32,lower_plus_10nm,linear_drift_corrected,False,120.0,-29.779507164570376
32,lower_plus_10nm,linear_drift_corrected,False,125.0,-29.921539237277788
32,lower_plus_10nm,linear_drift_corrected,False,130.0,-30.0152215356246
32,lower_plus_10nm,linear_drift_corrected,False,135.0,-30.076462431883694
32,lower_plus_10nm,linear_drift_corrected,False,140.0,-30.115793803154737
32,lower_plus_10nm,linear_drift_corrected,False,145.0,-30.140747504828692
32,lower_plus_10nm,linear_drift_corrected,False,150.0,-30.156144646181048
32,lower_plus_10nm,linear_drift_corrected,False,155.0,-30.16521341039754
32,lower_plus_10nm,linear_drift_corrected,False,160.0,-30.17008201339865
32,lower_plus_10nm,linear_drift_corrected,False,165.0,-30.172264334885817
32,lower_plus_10nm,linear_drift_corrected,False,170.0,-30.172723470913798
32,lower_plus_10nm,linear_drift_corrected,False,175.0,-30.17209775460422
32,lower_plus_10nm,linear_drift_corrected,False,180.0,-30.170802674553325
32,lower_plus_10nm,linear_drift_corrected,False,185.0,-30.16912970355254
32,lower_plus_10nm,linear_drift_corrected,False,190.0,-30.167259919860314
32,lower_plus_10nm,linear_drift_corrected,False,195.0,-30.1653094701455
32,lower_plus_10nm,linear_drift_corrected,False,200.0,-30.16335046338455
32,lower_plus_10nm,linear_drift_corrected,False,205.0,-30.161430935463777
32,lower_plus_10nm,linear_drift_corrected,False,210.0,-30.15957764205463
32,lower_plus_10nm,linear_drift_corrected,False,215.0,-30.1578050952964
32,lower_plus_10nm,linear_drift_corrected,False,220.0,-30.156119758645993
32,lower_plus_10nm,linear_drift_corrected,False,225.0,-30.154524002648202
32,lower_plus_10nm,linear_drift_corrected,False,230.0,-30.153016611814387
32,lower_plus_10nm,linear_drift_corrected,False,235.0,-30.151594521696133
32,lower_plus_10nm,linear_drift_corrected,False,240.0,-30.150253610896428
32,lower_plus_10nm,linear_drift_corrected,False,245.0,-30.148989440343957
32,lower_plus_10nm,linear_drift_corrected,False,250.0,-30.14779730571369
32,upper_200nm,linear_drift_corrected,False,20.0,1168.1706780359166
32,upper_200nm,linear_drift_corrected,False,25.0,776.561227444307
32,upper_200nm,linear_drift_corrected,False,30.0,509.05809471022616
32,upper_200nm,linear_drift_corrected,False,35.0,328.944941960728
32,upper_200nm,linear_drift_corrected,False,40.0,207.5908383440367
32,upper_200nm,linear_drift_corrected,False,45.0,126.5835857996332
32,upper_200nm,linear_drift_corrected,False,50.0,72.91119410424933
32,upper_200nm,linear_drift_corrected,False,55.0,37.36002302924436
32,upper_200nm,linear_drift_corrected,False,60.0,14.031395742597251
32,upper_200nm,linear_drift_corrected,False,65.0,-1.275178138490439
32,upper_200nm,linear_drift_corrected,False,70.0,-11.305507843736958
32,upper_200nm,linear_drift_corrected,False,75.0,-17.819433015458756
32,upper_200nm,linear_drift_corrected,False,80.0,-22.075433780157176
32,upper_200nm,linear_drift_corrected,False,85.0,-24.841777065333183
32,upper_200nm,linear_drift_corrected,False,90.0,-26.634308917128074
32,upper_200nm,linear_drift_corrected,False,95.0,-27.79928152441581
32,upper_200nm,linear_drift_corrected,False,100.0,-28.550651062927223
32,upper_200nm,linear_drift_corrected,False,105.0,-29.035879106712166
32,upper_200nm,linear_drift_corrected,False,110.0,-29.34854024035701
32,upper_200nm,linear_drift_corrected,False,115.0,-29.54771340547281
32,upper_200nm,linear_drift_corrected,False,120.0,-29.674797807030355
32,upper_200nm,linear_drift_corrected,False,125.0,-29.754802214929
32,upper_200nm,linear_drift_corrected,False,130.0,-29.804395558307466
32,upper_200nm,linear_drift_corrected,False,135.0,-29.834638497510845
32,upper_200nm,linear_drift_corrected,False,140.0,-29.85232088760786
32,upper_200nm,linear_drift_corrected,False,145.0,-29.862101638305475
32,upper_200nm,linear_drift_corrected,False,150.0,-29.866900488589884
32,upper_200nm,linear_drift_corrected,False,155.0,-29.868548975600756
32,upper_200nm,linear_drift_corrected,False,160.0,-29.868314282938247
32,upper_200nm,linear_drift_corrected,False,165.0,-29.866948022103976
32,upper_200nm,linear_drift_corrected,False,170.0,-29.86494255986204
32,upper_200nm,linear_drift_corrected,False,175.0,-29.862614805640664
32,upper_200nm,linear_drift_corrected,False,180.0,-29.860150291753072
32,upper_200nm,linear_drift_corrected,False,185.0,-29.857670761081575
32,upper_200nm,linear_drift_corrected,False,190.0,-29.85524532239181
32,upper_200nm,linear_drift_corrected,False,195.0,-29.8529115517174
32,upper_200nm,linear_drift_corrected,False,200.0,-29.850691322756276
32,common_80_250nm,linear_drift_corrected,False,80.0,-12.890722584567541
32,common_80_250nm,linear_drift_corrected,False,85.0,-19.697968805271714
32,common_80_250nm,linear_drift_corrected,False,90.0,-23.90575711019477
32,common_80_250nm,linear_drift_corrected,False,95.0,-26.50810297568018
32,common_80_250nm,linear_drift_corrected,False,100.0,-28.1159030601545
32,common_80_250nm,linear_drift_corrected,False,105.0,-29.10721515588682
32,common_80_250nm,linear_drift_corrected,False,110.0,-29.716854656631334
32,common_80_250nm,linear_drift_corrected,False,115.0,-30.0904785411831
32,common_80_250nm,linear_drift_corrected,False,120.0,-30.318067183492747
32,common_80_250nm,linear_drift_corrected,False,125.0,-30.455815467797695
32,common_80_250nm,linear_drift_corrected,False,130.0,-30.538459542935595
32,common_80_250nm,linear_drift_corrected,False,135.0,-30.587233256579765
32,common_80_250nm,linear_drift_corrected,False,140.0,-30.615261668098984
32,common_80_250nm,linear_drift_corrected,False,145.0,-30.6306477143475
32,common_80_250nm,linear_drift_corrected,False,150.0,-30.638378735965883
32,common_80_250nm,linear_drift_corrected,False,155.0,-30.641524951428003
32,common_80_250nm,linear_drift_corrected,False,160.0,-30.64199250855429
32,common_80_250nm,linear_drift_corrected,False,165.0,-30.640924657069675
32,common_80_250nm,linear_drift_corrected,False,170.0,-30.639016414196938
32,common_80_250nm,linear_drift_corrected,False,175.0,-30.63668673359505
32,common_80_250nm,linear_drift_corrected,False,180.0,-30.63418497691978
32,common_80_250nm,linear_drift_corrected,False,185.0,-30.631655667444303
32,common_80_250nm,linear_drift_corrected,False,190.0,-30.629182860398032
32,common_80_250nm,linear_drift_corrected,False,195.0,-30.626810225325617
32,common_80_250nm,linear_drift_corrected,False,200.0,-30.624558706750214
32,common_80_250nm,linear_drift_corrected,False,205.0,-30.62243589383706
32,common_80_250nm,linear_drift_corrected,False,210.0,-30.62044170346168
32,common_80_250nm,linear_drift_corrected,False,215.0,-30.618571782475126
32,common_80_250nm,linear_drift_corrected,False,220.0,-30.616819713057392
32,common_80_250nm,linear_drift_corrected,False,225.0,-30.615178074210924
32,common_80_250nm,linear_drift_corrected,False,230.0,-30.613639187356263
32,common_80_250nm,linear_drift_corrected,False,235.0,-30.61219553495814
32,common_80_250nm,linear_drift_corrected,False,240.0,-30.61083996768866
32,common_80_250nm,linear_drift_corrected,False,245.0,-30.60956580211684
32,common_80_250nm,linear_drift_corrected,False,250.0,-30.608366860123578
32,no_slip_hydrodynamic,linear_then_no_slip_corrected,True,20.0,1141.8107218009195
32,no_slip_hydrodynamic,linear_then_no_slip_corrected,True,25.0,748.4579982765065
32,no_slip_hydrodynamic,linear_then_no_slip_corrected,True,30.0,484.27214110951326
32,no_slip_hydrodynamic,linear_then_no_slip_corrected,True,35.0,307.3944282430412
32,no_slip_hydrodynamic,linear_then_no_slip_corrected,True,40.0,189.8554495867193
32,no_slip_hydrodynamic,linear_then_no_slip_corrected,True,45.0,112.29599782458726
32,no_slip_hydrodynamic,linear_then_no_slip_corrected,True,50.0,61.62018558262151
32,no_slip_hydrodynamic,linear_then_no_slip_corrected,True,55.0,28.50259842834747
32,no_slip_hydrodynamic,linear_then_no_slip_corrected,True,60.0,6.960427063130865
32,no_slip_hydrodynamic,linear_then_no_slip_corrected,True,65.0,-6.995656504393612
32,no_slip_hydrodynamic,linear_then_no_slip_corrected,True,70.0,-15.977288379187936
32,no_slip_hydrodynamic,linear_then_no_slip_corrected,True,75.0,-21.77562302832058
32,no_slip_hydrodynamic,linear_then_no_slip_corrected,True,80.0,-25.50979636128428
32,no_slip_hydrodynamic,linear_then_no_slip_corrected,True,85.0,-27.908595497858425
32,no_slip_hydrodynamic,linear_then_no_slip_corrected,True,90.0,-29.441038879597752
32,no_slip_hydrodynamic,linear_then_no_slip_corrected,True,95.0,-30.423280570074088
32,no_slip_hydrodynamic,linear_then_no_slip_corrected,True,100.0,-31.05096570618254
32,no_slip_hydrodynamic,linear_then_no_slip_corrected,True,105.0,-31.450440301112646
32,no_slip_hydrodynamic,linear_then_no_slip_corrected,True,110.0,-31.702623344289464
32,no_slip_hydrodynamic,linear_then_no_slip_corrected,True,115.0,-31.861693048417496
32,no_slip_hydrodynamic,linear_then_no_slip_corrected,True,120.0,-31.961078320566685
32,no_slip_hydrodynamic,linear_then_no_slip_corrected,True,125.0,-32.02228945925331
32,no_slip_hydrodynamic,linear_then_no_slip_corrected,True,130.0,-32.05907466791476
32,no_slip_hydrodynamic,linear_then_no_slip_corrected,True,135.0,-32.080592373573886
32,no_slip_hydrodynamic,linear_then_no_slip_corrected,True,140.0,-32.09247358922566
32,no_slip_hydrodynamic,linear_then_no_slip_corrected,True,145.0,-32.098322350544244
32,no_slip_hydrodynamic,linear_then_no_slip_corrected,True,150.0,-32.100429615205044
32,no_slip_hydrodynamic,linear_then_no_slip_corrected,True,155.0,-32.10030698225577
32,no_slip_hydrodynamic,linear_then_no_slip_corrected,True,160.0,-32.09887235589908
32,no_slip_hydrodynamic,linear_then_no_slip_corrected,True,165.0,-32.096703366830454
32,no_slip_hydrodynamic,linear_then_no_slip_corrected,True,170.0,-32.09415907766743
32,no_slip_hydrodynamic,linear_then_no_slip_corrected,True,175.0,-32.09146912999004
32,no_slip_hydrodynamic,linear_then_no_slip_corrected,True,180.0,-32.088765707599634
32,no_slip_hydrodynamic,linear_then_no_slip_corrected,True,185.0,-32.086125964537445
32,no_slip_hydrodynamic,linear_then_no_slip_corrected,True,190.0,-32.083592475460016
32,no_slip_hydrodynamic,linear_then_no_slip_corrected,True,195.0,-32.081187872411824
32,no_slip_hydrodynamic,linear_then_no_slip_corrected,True,200.0,-32.07892014053555
32,no_slip_hydrodynamic,linear_then_no_slip_corrected,True,205.0,-32.07678954426422
32,no_slip_hydrodynamic,linear_then_no_slip_corrected,True,210.0,-32.074791914490056
32,no_slip_hydrodynamic,linear_then_no_slip_corrected,True,215.0,-32.07292092127005
32,no_slip_hydrodynamic,linear_then_no_slip_corrected,True,220.0,-32.07116884166658
32,no_slip_hydrodynamic,linear_then_no_slip_corrected,True,225.0,-32.06952759459812
32,no_slip_hydrodynamic,linear_then_no_slip_corrected,True,230.0,-32.06798918670548
32,no_slip_hydrodynamic,linear_then_no_slip_corrected,True,235.0,-32.06654599239336
32,no_slip_hydrodynamic,linear_then_no_slip_corrected,True,240.0,-32.06519080164235
32,no_slip_hydrodynamic,linear_then_no_slip_corrected,True,245.0,-32.06391691927985
32,no_slip_hydrodynamic,linear_then_no_slip_corrected,True,250.0,-32.06271817579166
33,primary,linear_drift_corrected,False,20.0,1156.7856449897533
33,primary,linear_drift_corrected,False,25.0,769.7876931813149
33,primary,linear_drift_corrected,False,30.0,505.9868033331337
33,primary,linear_drift_corrected,False,35.0,328.2466385023932
33,primary,linear_drift_corrected,False,40.0,209.23773411021637
33,primary,linear_drift_corrected,False,45.0,129.8318395214968
33,primary,linear_drift_corrected,False,50.0,77.38390616475812
33,primary,linear_drift_corrected,False,55.0,42.82825451847732
33,primary,linear_drift_corrected,False,60.0,20.112402231881457
33,primary,linear_drift_corrected,False,65.0,5.30737160830877
33,primary,linear_drift_corrected,False,70.0,-4.357266141778872
33,primary,linear_drift_corrected,False,75.0,-10.65765759888307
33,primary,linear_drift_corrected,False,80.0,-14.732934152125926
33,primary,linear_drift_corrected,False,85.0,-17.380832134906257
33,primary,linear_drift_corrected,False,90.0,-19.097858823287865
33,primary,linear_drift_corrected,False,95.0,-20.202307601198132
33,primary,linear_drift_corrected,False,100.0,-20.916599365640188
33,primary,linear_drift_corrected,False,105.0,-21.376389532727856
33,primary,linear_drift_corrected,False,110.0,-21.66994352391661
33,primary,linear_drift_corrected,False,115.0,-21.857658377358092
33,primary,linear_drift_corrected,False,120.0,-21.976508467757647
33,primary,linear_drift_corrected,False,125.0,-22.050765572586617
33,primary,linear_drift_corrected,False,130.0,-22.096714765920925
33,primary,linear_drift_corrected,False,135.0,-22.12436278993005
33,primary,linear_drift_corrected,False,140.0,-22.14033357203147
33,primary,linear_drift_corrected,False,145.0,-22.148980333005586
33,primary,linear_drift_corrected,False,150.0,-22.152981469452445
33,primary,linear_drift_corrected,False,155.0,-22.154119930870426
33,primary,linear_drift_corrected,False,160.0,-22.15353808407149
33,primary,linear_drift_corrected,False,165.0,-22.151934605123866
33,primary,linear_drift_corrected,False,170.0,-22.149773677414228
33,primary,linear_drift_corrected,False,175.0,-22.147340996469605
33,primary,linear_drift_corrected,False,180.0,-22.144806468538526
33,primary,linear_drift_corrected,False,185.0,-22.142280109663485
33,primary,linear_drift_corrected,False,190.0,-22.139823464986264
33,primary,linear_drift_corrected,False,195.0,-22.137468977277095
33,primary,linear_drift_corrected,False,200.0,-22.135234778607664
33,primary,linear_drift_corrected,False,205.0,-22.133126628412903
33,primary,linear_drift_corrected,False,210.0,-22.131143776859844
33,primary,linear_drift_corrected,False,215.0,-22.12928265152537
33,primary,linear_drift_corrected,False,220.0,-22.12753711793667
33,primary,linear_drift_corrected,False,225.0,-22.125900162441503
33,primary,linear_drift_corrected,False,230.0,-22.12436464126248
33,primary,linear_drift_corrected,False,235.0,-22.122923350813654
33,primary,linear_drift_corrected,False,240.0,-22.12156940742237
33,primary,linear_drift_corrected,False,245.0,-22.12029635787901
33,primary,linear_drift_corrected,False,250.0,-22.119098166513567
33,constant_baseline,far_constant_referenced,False,20.0,1271.3036686690461
33,constant_baseline,far_constant_referenced,False,25.0,932.3157405805451
33,constant_baseline,far_constant_referenced,False,30.0,688.6185143688826
33,constant_baseline,far_constant_referenced,False,35.0,515.0345393612988
33,constant_baseline,far_constant_referenced,False,40.0,392.25429004550824
33,constant_baseline,far_constant_referenced,False,45.0,306.0743288479153
33,constant_baseline,far_constant_referenced,False,50.0,245.76967229321605
33,constant_baseline,far_constant_referenced,False,55.0,203.77148316980904
33,constant_baseline,far_constant_referenced,False,60.0,174.64342472125537
33,constant_baseline,far_constant_referenced,False,65.0,154.51253715385715
33,constant_baseline,far_constant_referenced,False,70.0,140.6405390691434
33,constant_baseline,far_constant_referenced,False,75.0,131.10458263844316
33,constant_baseline,far_constant_referenced,False,80.0,124.56237655467744
33,constant_baseline,far_constant_referenced,False,85.0,120.08151030369609
33,constant_baseline,far_constant_referenced,False,90.0,117.01688230130506
33,constant_baseline,far_constant_referenced,False,95.0,114.92447576475391
33,constant_baseline,far_constant_referenced,False,100.0,113.49871339297205
33,constant_baseline,far_constant_referenced,False,105.0,112.52658766811686
33,constant_baseline,far_constant_referenced,False,110.0,111.86473203350042
33,constant_baseline,far_constant_referenced,False,115.0,111.4149065987005
33,constant_baseline,far_constant_referenced,False,120.0,111.10985635901943
33,constant_baseline,far_constant_referenced,False,125.0,110.90357376277386
33,constant_baseline,far_constant_referenced,False,130.0,110.76460691011117
33,constant_baseline,far_constant_referenced,False,135.0,110.67146751798855
33,constant_baseline,far_constant_referenced,False,140.0,110.60948328291875
33,constant_baseline,far_constant_referenced,False,145.0,110.56864214902892
33,constant_baseline,far_constant_referenced,False,150.0,110.54214397254475
33,constant_baseline,far_constant_referenced,False,155.0,110.52531314008283
33,constant_baseline,far_constant_referenced,False,160.0,110.51495880929453
33,constant_baseline,far_constant_referenced,False,165.0,110.50893888813785
33,constant_baseline,far_constant_referenced,False,170.0,110.50579836910545
33,constant_baseline,far_constant_referenced,False,175.0,110.50455092959389
33,constant_baseline,far_constant_referenced,False,180.0,110.50452971254782
33,constant_baseline,far_constant_referenced,False,185.0,110.50528541248042
33,constant_baseline,far_constant_referenced,False,190.0,110.50651670027293
33,constant_baseline,far_constant_referenced,False,195.0,110.50802274936804
33,constant_baseline,far_constant_referenced,False,200.0,110.50967086243978
33,constant_baseline,far_constant_referenced,False,205.0,110.51137502845597
33,constant_baseline,far_constant_referenced,False,210.0,110.51307883433239
33,constant_baseline,far_constant_referenced,False,215.0,110.51474746186922
33,constant_baseline,far_constant_referenced,False,220.0,110.51636023581219
33,constant_baseline,far_constant_referenced,False,225.0,110.51790562505725
33,constant_baseline,far_constant_referenced,False,230.0,110.51937809177906
33,constant_baseline,far_constant_referenced,False,235.0,110.52077596671967
33,constant_baseline,far_constant_referenced,False,240.0,110.52210002240064
33,constant_baseline,far_constant_referenced,False,245.0,110.52335252030971
33,constant_baseline,far_constant_referenced,False,250.0,110.52453657934791
33,lower_plus_10nm,linear_drift_corrected,False,30.0,497.0621394734629
33,lower_plus_10nm,linear_drift_corrected,False,35.0,328.3221801059487
33,lower_plus_10nm,linear_drift_corrected,False,40.0,212.86054838133583
33,lower_plus_10nm,linear_drift_corrected,False,45.0,134.9403886872546
33,lower_plus_10nm,linear_drift_corrected,False,50.0,82.21966444408837
33,lower_plus_10nm,linear_drift_corrected,False,55.0,47.06166427589639
33,lower_plus_10nm,linear_drift_corrected,False,60.0,23.484883609148692
33,lower_plus_10nm,linear_drift_corrected,False,65.0,7.865514719029413
33,lower_plus_10nm,linear_drift_corrected,False,70.0,-2.5336574134447147
33,lower_plus_10nm,linear_drift_corrected,False,75.0,-9.396059296161855
33,lower_plus_10nm,linear_drift_corrected,False,80.0,-13.94161146080527
33,lower_plus_10nm,linear_drift_corrected,False,85.0,-16.934197311746548
33,lower_plus_10nm,linear_drift_corrected,False,90.0,-18.908206664603906
33,lower_plus_10nm,linear_drift_corrected,False,95.0,-20.205308462846027
33,lower_plus_10nm,linear_drift_corrected,False,100.0,-21.057209131790746
33,lower_plus_10nm,linear_drift_corrected,False,105.0,-21.61546262434451
33,lower_plus_10nm,linear_drift_corrected,False,110.0,-21.97994180401546
33,lower_plus_10nm,linear_drift_corrected,False,115.0,-22.217542635693526
33,lower_plus_10nm,linear_drift_corrected,False,120.0,-22.371154838155626
33,lower_plus_10nm,linear_drift_corrected,False,125.0,-22.470208994401446
33,lower_plus_10nm,linear_drift_corrected,False,130.0,-22.53307013709692
33,lower_plus_10nm,linear_drift_corrected,False,135.0,-22.572648229280745
33,lower_plus_10nm,linear_drift_corrected,False,140.0,-22.59678134864693
33,lower_plus_10nm,linear_drift_corrected,False,145.0,-22.611112393231274
33,lower_plus_10nm,linear_drift_corrected,False,150.0,-22.61897047194392
33,lower_plus_10nm,linear_drift_corrected,False,155.0,-22.622803098146807
33,lower_plus_10nm,linear_drift_corrected,False,160.0,-22.624029934446252
33,lower_plus_10nm,linear_drift_corrected,False,165.0,-22.62368487536998
33,lower_plus_10nm,linear_drift_corrected,False,170.0,-22.622373065252997
33,lower_plus_10nm,linear_drift_corrected,False,175.0,-22.620521168042213
33,lower_plus_10nm,linear_drift_corrected,False,180.0,-22.618381440741423
33,lower_plus_10nm,linear_drift_corrected,False,185.0,-22.61612383064883
33,lower_plus_10nm,linear_drift_corrected,False,190.0,-22.613848275462704
33,lower_plus_10nm,linear_drift_corrected,False,195.0,-22.6116174602358
33,lower_plus_10nm,linear_drift_corrected,False,200.0,-22.609466626858897
33,lower_plus_10nm,linear_drift_corrected,False,205.0,-22.607414616780353
33,lower_plus_10nm,linear_drift_corrected,False,210.0,-22.605470004407234
33,lower_plus_10nm,linear_drift_corrected,False,215.0,-22.603634475025522
33,lower_plus_10nm,linear_drift_corrected,False,220.0,-22.601906256850256
33,lower_plus_10nm,linear_drift_corrected,False,225.0,-22.600280942756743
33,lower_plus_10nm,linear_drift_corrected,False,230.0,-22.598753282459548
33,lower_plus_10nm,linear_drift_corrected,False,235.0,-22.597317235527093
33,lower_plus_10nm,linear_drift_corrected,False,240.0,-22.595966857452133
33,lower_plus_10nm,linear_drift_corrected,False,245.0,-22.59469617232982
33,lower_plus_10nm,linear_drift_corrected,False,250.0,-22.593499585805155
33,upper_200nm,linear_drift_corrected,False,20.0,1156.017067580205
33,upper_200nm,linear_drift_corrected,False,25.0,770.0688148428555
33,upper_200nm,linear_drift_corrected,False,30.0,506.5419433487448
33,upper_200nm,linear_drift_corrected,False,35.0,329.0233586034034
33,upper_200nm,linear_drift_corrected,False,40.0,209.69595232002416
33,upper_200nm,linear_drift_corrected,False,45.0,129.994482629889
33,upper_200nm,linear_drift_corrected,False,50.0,77.35083614225053
33,upper_200nm,linear_drift_corrected,False,55.0,42.51410432529744
33,upper_200nm,linear_drift_corrected,False,60.0,19.628325629475594
33,upper_200nm,linear_drift_corrected,False,65.0,4.6700613701845874
33,upper_200nm,linear_drift_corrected,False,70.0,-5.125554581346098
33,upper_200nm,linear_drift_corrected,False,75.0,-11.49614719692468
33,upper_200nm,linear_drift_corrected,False,80.0,-15.640586866205261
33,upper_200nm,linear_drift_corrected,False,85.0,-18.338539084000146
33,upper_200nm,linear_drift_corrected,False,90.0,-20.08112048610554
33,upper_200nm,linear_drift_corrected,False,95.0,-21.211527410132245
33,upper_200nm,linear_drift_corrected,False,100.0,-21.942693862715537
33,upper_200nm,linear_drift_corrected,False,105.0,-22.411980509993278
33,upper_200nm,linear_drift_corrected,False,110.0,-22.714228906841193
33,upper_200nm,linear_drift_corrected,False,115.0,-22.90724373852425
33,upper_200nm,linear_drift_corrected,False,120.0,-23.029522184564147
33,upper_200nm,linear_drift_corrected,False,125.0,-23.106583681287475
33,upper_200nm,linear_drift_corrected,False,130.0,-23.15416536524668
33,upper_200nm,linear_drift_corrected,False,135.0,-23.18297469517122
33,upper_200nm,linear_drift_corrected,False,140.0,-23.199827115739694
33,upper_200nm,linear_drift_corrected,False,145.0,-23.208969534232477
33,upper_200nm,linear_drift_corrected,False,150.0,-23.2133485602063
33,upper_200nm,linear_drift_corrected,False,155.0,-23.21475245772452
33,upper_200nm,linear_drift_corrected,False,160.0,-23.214325996475324
33,upper_200nm,linear_drift_corrected,False,165.0,-23.21284212439111
33,upper_200nm,linear_drift_corrected,False,170.0,-23.210759431198568
33,upper_200nm,linear_drift_corrected,False,175.0,-23.208375509828617
33,upper_200nm,linear_drift_corrected,False,180.0,-23.205878078872203
33,upper_200nm,linear_drift_corrected,False,185.0,-23.203374637333358
33,upper_200nm,linear_drift_corrected,False,190.0,-23.200933017589826
33,upper_200nm,linear_drift_corrected,False,195.0,-23.198589858708107
33,upper_200nm,linear_drift_corrected,False,200.0,-23.19636233792953
33,common_80_250nm,linear_drift_corrected,False,80.0,-16.625957510866407
33,common_80_250nm,linear_drift_corrected,False,85.0,-19.218223615666382
33,common_80_250nm,linear_drift_corrected,False,90.0,-20.697190750582536
33,common_80_250nm,linear_drift_corrected,False,95.0,-21.538098936879667
33,common_80_250nm,linear_drift_corrected,False,100.0,-22.01385454853305
33,common_80_250nm,linear_drift_corrected,False,105.0,-22.28097965596856
33,common_80_250nm,linear_drift_corrected,False,110.0,-22.429153643500232
33,common_80_250nm,linear_drift_corrected,False,115.0,-22.509707647308073
33,common_80_250nm,linear_drift_corrected,False,120.0,-22.55198995411573
33,common_80_250nm,linear_drift_corrected,False,125.0,-22.572756121063673
33,common_80_250nm,linear_drift_corrected,False,130.0,-22.581553100332115
33,common_80_250nm,linear_drift_corrected,False,135.0,-22.583804718207293
33,common_80_250nm,linear_drift_corrected,False,140.0,-22.582578998442386
33,common_80_250nm,linear_drift_corrected,False,145.0,-22.579599938433514
33,common_80_250nm,linear_drift_corrected,False,150.0,-22.57582637708451
33,common_80_250nm,linear_drift_corrected,False,155.0,-22.571782897174405
33,common_80_250nm,linear_drift_corrected,False,160.0,-22.567748750480803
33,common_80_250nm,linear_drift_corrected,False,165.0,-22.563865544020196
33,common_80_250nm,linear_drift_corrected,False,170.0,-22.560198486368922
33,common_80_250nm,linear_drift_corrected,False,175.0,-22.556771112706326
33,common_80_250nm,linear_drift_corrected,False,180.0,-22.5535848742281
33,common_80_250nm,linear_drift_corrected,False,185.0,-22.55063009675168
33,common_80_250nm,linear_drift_corrected,False,190.0,-22.54789202943694
33,common_80_250nm,linear_drift_corrected,False,195.0,-22.545354115835693
33,common_80_250nm,linear_drift_corrected,False,200.0,-22.542999708256335
33,common_80_250nm,linear_drift_corrected,False,205.0,-22.540812920643518
33,common_80_250nm,linear_drift_corrected,False,210.0,-22.538779011410238
33,common_80_250nm,linear_drift_corrected,False,215.0,-22.536884513665328
33,common_80_250nm,linear_drift_corrected,False,220.0,-22.53511723263699
33,common_80_250nm,linear_drift_corrected,False,225.0,-22.533466274106278
33,common_80_250nm,linear_drift_corrected,False,230.0,-22.53192152087239
33,common_80_250nm,linear_drift_corrected,False,235.0,-22.53047422270767
33,common_80_250nm,linear_drift_corrected,False,240.0,-22.52911638132112
33,common_80_250nm,linear_drift_corrected,False,245.0,-22.527840790907256
33,common_80_250nm,linear_drift_corrected,False,250.0,-22.526640950165998
33,no_slip_hydrodynamic,linear_then_no_slip_corrected,True,20.0,1143.1170986102802
33,no_slip_hydrodynamic,linear_then_no_slip_corrected,True,25.0,755.704375142908
33,no_slip_hydrodynamic,linear_then_no_slip_corrected,True,30.0,493.63350736594333
33,no_slip_hydrodynamic,linear_then_no_slip_corrected,True,35.0,317.52536121153366
33,no_slip_hydrodynamic,linear_then_no_slip_corrected,True,40.0,200.18349785911974
33,no_slip_hydrodynamic,linear_then_no_slip_corrected,True,45.0,122.73285573748706
33,no_slip_hydrodynamic,linear_then_no_slip_corrected,True,50.0,71.66523298503421
33,no_slip_hydrodynamic,linear_then_no_slip_corrected,True,55.0,38.18424722055783
33,no_slip_hydrodynamic,linear_then_no_slip_corrected,True,60.0,16.408433135727392
33,no_slip_hydrodynamic,linear_then_no_slip_corrected,True,65.0,2.250104439117404
33,no_slip_hydrodynamic,linear_then_no_slip_corrected,True,70.0,-6.941992548111081
33,no_slip_hydrodynamic,linear_then_no_slip_corrected,True,75.0,-12.885694860139363
33,no_slip_hydrodynamic,linear_then_no_slip_corrected,True,80.0,-16.713161545630893
33,no_slip_hydrodynamic,linear_then_no_slip_corrected,True,85.0,-19.18502649856365
33,no_slip_hydrodynamic,linear_then_no_slip_corrected,True,90.0,-20.777464109402853
33,no_slip_hydrodynamic,linear_then_no_slip_corrected,True,95.0,-21.797017523542543
33,no_slip_hydrodynamic,linear_then_no_slip_corrected,True,100.0,-22.450879264004623
33,no_slip_hydrodynamic,linear_then_no_slip_corrected,True,105.0,-22.86928020712332
33,no_slip_hydrodynamic,linear_then_no_slip_corrected,True,110.0,-23.135314749831092
33,no_slip_hydrodynamic,linear_then_no_slip_corrected,True,115.0,-23.3032361410252
33,no_slip_hydrodynamic,linear_then_no_slip_corrected,True,120.0,-23.408817835816226
33,no_slip_hydrodynamic,linear_then_no_slip_corrected,True,125.0,-23.474348697716962
33,no_slip_hydrodynamic,linear_then_no_slip_corrected,True,130.0,-23.51406034280815
33,no_slip_hydrodynamic,linear_then_no_slip_corrected,True,135.0,-23.53755653503831
33,no_slip_hydrodynamic,linear_then_no_slip_corrected,True,140.0,-23.55078878269233
33,no_slip_hydrodynamic,linear_then_no_slip_corrected,True,145.0,-23.55753738612041
33,no_slip_hydrodynamic,linear_then_no_slip_corrected,True,150.0,-23.560262200472483
33,no_slip_hydrodynamic,linear_then_no_slip_corrected,True,155.0,-23.560556857649953
33,no_slip_hydrodynamic,linear_then_no_slip_corrected,True,160.0,-23.559402788284785
33,no_slip_hydrodynamic,linear_then_no_slip_corrected,True,165.0,-23.557413572618554
33,no_slip_hydrodynamic,linear_then_no_slip_corrected,True,170.0,-23.55499629759161
33,no_slip_hydrodynamic,linear_then_no_slip_corrected,True,175.0,-23.55239113862546
33,no_slip_hydrodynamic,linear_then_no_slip_corrected,True,180.0,-23.54974288747368
33,no_slip_hydrodynamic,linear_then_no_slip_corrected,True,185.0,-23.54713952170931
33,no_slip_hydrodynamic,linear_then_no_slip_corrected,True,190.0,-23.54463139541364
33,no_slip_hydrodynamic,linear_then_no_slip_corrected,True,195.0,-23.54224357680226
33,no_slip_hydrodynamic,linear_then_no_slip_corrected,True,200.0,-23.539986466085153
33,no_slip_hydrodynamic,linear_then_no_slip_corrected,True,205.0,-23.537863087070605
33,no_slip_hydrodynamic,linear_then_no_slip_corrected,True,210.0,-23.53587041425522
33,no_slip_hydrodynamic,linear_then_no_slip_corrected,True,215.0,-23.534002614318073
33,no_slip_hydrodynamic,linear_then_no_slip_corrected,True,220.0,-23.532252618238214
33,no_slip_hydrodynamic,linear_then_no_slip_corrected,True,225.0,-23.53061277471958
33,no_slip_hydrodynamic,linear_then_no_slip_corrected,True,230.0,-23.52907531802889
33,no_slip_hydrodynamic,linear_then_no_slip_corrected,True,235.0,-23.52763272657973
33,no_slip_hydrodynamic,linear_then_no_slip_corrected,True,240.0,-23.52627793827814
33,no_slip_hydrodynamic,linear_then_no_slip_corrected,True,245.0,-23.525004325225918
33,no_slip_hydrodynamic,linear_then_no_slip_corrected,True,250.0,-23.523805759615193
34,primary,linear_drift_corrected,False,25.0,726.8864166675968
34,primary,linear_drift_corrected,False,30.0,481.09128977566576
34,primary,linear_drift_corrected,False,35.0,312.64114399501346
34,primary,linear_drift_corrected,False,40.0,197.73342715525325
34,primary,linear_drift_corrected,False,45.0,120.12713032970966
34,primary,linear_drift_corrected,False,50.0,67.81314691449275
34,primary,linear_drift_corrected,False,55.0,32.87979843479552
34,primary,linear_drift_corrected,False,60.0,9.534275868771175
34,primary,linear_drift_corrected,False,65.0,-5.928922948690445
34,primary,linear_drift_corrected,False,70.0,-16.204823244645585
34,primary,linear_drift_corrected,False,75.0,-22.973985273466397
34,primary,linear_drift_corrected,False,80.0,-27.456560746567384
34,primary,linear_drift_corrected,False,85.0,-30.397809294627415
34,primary,linear_drift_corrected,False,90.0,-32.340542704294585
34,primary,linear_drift_corrected,False,95.0,-33.610734362266
34,primary,linear_drift_corrected,False,100.0,-34.447402180419985
34,primary,linear_drift_corrected,False,105.0,-34.991999998552345
34,primary,linear_drift_corrected,False,110.0,-35.349123553651566
34,primary,linear_drift_corrected,False,115.0,-35.57999114128589
34,primary,linear_drift_corrected,False,120.0,-35.73004587447706
34,primary,linear_drift_corrected,False,125.0,-35.82587811920187
34,primary,linear_drift_corrected,False,130.0,-35.88703846275351
34,primary,linear_drift_corrected,False,135.0,-35.92508938053837
34,primary,linear_drift_corrected,False,140.0,-35.94841684326983
34,primary,linear_drift_corrected,False,145.0,-35.96202960183669
34,primary,linear_drift_corrected,False,150.0,-35.96950893973725
34,primary,linear_drift_corrected,False,155.0,-35.97301166426702
34,primary,linear_drift_corrected,False,160.0,-35.97405583880733
34,primary,linear_drift_corrected,False,165.0,-35.97356060061636
34,primary,linear_drift_corrected,False,170.0,-35.97216079926791
34,primary,linear_drift_corrected,False,175.0,-35.9702407053701
34,primary,linear_drift_corrected,False,180.0,-35.96805903043824
34,primary,linear_drift_corrected,False,185.0,-35.96577052108751
34,primary,linear_drift_corrected,False,190.0,-35.96347513903871
34,primary,linear_drift_corrected,False,195.0,-35.96123035206017
34,primary,linear_drift_corrected,False,200.0,-35.95907021435198
34,primary,linear_drift_corrected,False,205.0,-35.95701189835775
34,primary,linear_drift_corrected,False,210.0,-35.95506294616851
34,primary,linear_drift_corrected,False,215.0,-35.95322457556588
34,primary,linear_drift_corrected,False,220.0,-35.951494343783324
34,primary,linear_drift_corrected,False,225.0,-35.94986775160153
34,primary,linear_drift_corrected,False,230.0,-35.948339161329244
34,primary,linear_drift_corrected,False,235.0,-35.94690254032779
34,primary,linear_drift_corrected,False,240.0,-35.94555173443921
34,primary,linear_drift_corrected,False,245.0,-35.944280791747914
34,primary,linear_drift_corrected,False,250.0,-35.943084010417756
34,constant_baseline,far_constant_referenced,False,25.0,850.0465055800134
34,constant_baseline,far_constant_referenced,False,30.0,649.5925848721319
34,constant_baseline,far_constant_referenced,False,35.0,500.98340497873204
34,constant_baseline,far_constant_referenced,False,40.0,391.79958903676356
34,constant_baseline,far_constant_referenced,False,45.0,312.2915333259414
34,constant_baseline,far_constant_referenced,False,50.0,254.82781139936876
34,constant_baseline,far_constant_referenced,False,55.0,213.32072293370382
34,constant_baseline,far_constant_referenced,False,60.0,183.48183478547253
34,constant_baseline,far_constant_referenced,False,65.0,162.17116644103703
34,constant_baseline,far_constant_referenced,False,70.0,146.9954483493549
34,constant_baseline,far_constant_referenced,False,75.0,136.17829295568757
34,constant_baseline,far_constant_referenced,False,80.0,128.48828171872665
34,constant_baseline,far_constant_referenced,False,85.0,123.05144023087672
34,constant_baseline,far_constant_referenced,False,90.0,119.20501374301766
34,constant_baseline,far_constant_referenced,False,95.0,116.48061849137787
34,constant_baseline,far_constant_referenced,False,100.0,114.55422333182871
34,constant_baseline,far_constant_referenced,False,105.0,113.19978868668113
34,constant_baseline,far_constant_referenced,False,110.0,112.24458688611921
34,constant_baseline,far_constant_referenced,False,115.0,111.57085005706958
34,constant_baseline,far_constant_referenced,False,120.0,111.09653335555655
34,constant_baseline,far_constant_referenced,False,125.0,110.76495067748759
34,constant_baseline,far_constant_referenced,False,130.0,110.53216333946722
34,constant_baseline,far_constant_referenced,False,135.0,110.36910900003791
34,constant_baseline,far_constant_referenced,False,140.0,110.25535838146327
34,constant_baseline,far_constant_referenced,False,145.0,110.17676153026002
34,constant_baseline,far_constant_referenced,False,150.0,110.12236075040246
34,constant_baseline,far_constant_referenced,False,155.0,110.08501065266479
34,constant_baseline,far_constant_referenced,False,160.0,110.05967956952229
34,constant_baseline,far_constant_referenced,False,165.0,110.0428179499252
34,constant_baseline,far_constant_referenced,False,170.0,110.03175900161798
34,constant_baseline,far_constant_referenced,False,175.0,110.0247466695833
34,constant_baseline,far_constant_referenced,False,180.0,110.0205544972533
34,constant_baseline,far_constant_referenced,False,185.0,110.01830297989063
34,constant_baseline,far_constant_referenced,False,190.0,110.0173525655252
34,constant_baseline,far_constant_referenced,False,195.0,110.01727979160572
34,constant_baseline,far_constant_referenced,False,200.0,110.01779292376884
34,constant_baseline,far_constant_referenced,False,205.0,110.01868038707488
34,constant_baseline,far_constant_referenced,False,210.0,110.01979463634589
34,constant_baseline,far_constant_referenced,False,215.0,110.02103871563622
34,constant_baseline,far_constant_referenced,False,220.0,110.02234792289553
34,constant_baseline,far_constant_referenced,False,225.0,110.02367553260456
34,constant_baseline,far_constant_referenced,False,230.0,110.02499141898753
34,constant_baseline,far_constant_referenced,False,235.0,110.0262769088821
34,constant_baseline,far_constant_referenced,False,240.0,110.0275209125868
34,constant_baseline,far_constant_referenced,False,245.0,110.02871604923766
34,constant_baseline,far_constant_referenced,False,250.0,110.02985898319376
34,lower_plus_10nm,linear_drift_corrected,False,35.0,305.1217102570761
34,lower_plus_10nm,linear_drift_corrected,False,40.0,195.87801338959255
34,lower_plus_10nm,linear_drift_corrected,False,45.0,121.11566946956873
34,lower_plus_10nm,linear_drift_corrected,False,50.0,69.98348064556308
34,lower_plus_10nm,linear_drift_corrected,False,55.0,35.17600268223608
34,lower_plus_10nm,linear_drift_corrected,False,60.0,11.726447238374355
34,lower_plus_10nm,linear_drift_corrected,False,65.0,-4.113289993368895
34,lower_plus_10nm,linear_drift_corrected,False,70.0,-14.78359690500055
34,lower_plus_10nm,linear_drift_corrected,False,75.0,-21.90878381747983
34,lower_plus_10nm,linear_drift_corrected,False,80.0,-26.69035928409745
34,lower_plus_10nm,linear_drift_corrected,False,85.0,-29.893255053158818
34,lower_plus_10nm,linear_drift_corrected,False,90.0,-32.021017352248194
34,lower_plus_10nm,linear_drift_corrected,False,95.0,-33.44311374301396
34,lower_plus_10nm,linear_drift_corrected,False,100.0,-34.39146784039226
34,lower_plus_10nm,linear_drift_corrected,False,105.0,-35.01841693151954
34,lower_plus_10nm,linear_drift_corrected,False,110.0,-35.43520463512428
34,lower_plus_10nm,linear_drift_corrected,False,115.0,-35.711156493200114
34,lower_plus_10nm,linear_drift_corrected,False,120.0,-35.89194636930275
34,lower_plus_10nm,linear_drift_corrected,False,125.0,-36.0106629681159
34,lower_plus_10nm,linear_drift_corrected,False,130.0,-36.08791636522617
34,lower_plus_10nm,linear_drift_corrected,False,135.0,-36.13731173063637
34,lower_plus_10nm,linear_drift_corrected,False,140.0,-36.16863373015245
34,lower_plus_10nm,linear_drift_corrected,False,145.0,-36.187970940567915
34,lower_plus_10nm,linear_drift_corrected,False,150.0,-36.199347200772245
34,lower_plus_10nm,linear_drift_corrected,False,155.0,-36.20563280741437
34,lower_plus_10nm,linear_drift_corrected,False,160.0,-36.208607475549314
34,lower_plus_10nm,linear_drift_corrected,False,165.0,-36.20944527641691
34,lower_plus_10nm,linear_drift_corrected,False,170.0,-36.20897423357017
34,lower_plus_10nm,linear_drift_corrected,False,175.0,-36.207702399762056
34,lower_plus_10nm,linear_drift_corrected,False,180.0,-36.20596169216064
34,lower_plus_10nm,linear_drift_corrected,False,185.0,-36.20398146192636
34,lower_plus_10nm,linear_drift_corrected,False,190.0,-36.20189827118115
34,lower_plus_10nm,linear_drift_corrected,False,195.0,-36.19979840740363
34,lower_plus_10nm,linear_drift_corrected,False,200.0,-36.19773855533579
34,lower_plus_10nm,linear_drift_corrected,False,205.0,-36.19574920728067
34,lower_plus_10nm,linear_drift_corrected,False,210.0,-36.193847141470656
34,lower_plus_10nm,linear_drift_corrected,False,215.0,-36.19204113447413
34,lower_plus_10nm,linear_drift_corrected,False,220.0,-36.190333061816176
34,lower_plus_10nm,linear_drift_corrected,False,225.0,-36.18872150438404
34,lower_plus_10nm,linear_drift_corrected,False,230.0,-36.18720326924552
34,lower_plus_10nm,linear_drift_corrected,False,235.0,-36.185773701132334
34,lower_plus_10nm,linear_drift_corrected,False,240.0,-36.1844276873304
34,lower_plus_10nm,linear_drift_corrected,False,245.0,-36.18316002499619
34,lower_plus_10nm,linear_drift_corrected,False,250.0,-36.18196548139163
34,upper_200nm,linear_drift_corrected,False,25.0,726.1850161548173
34,upper_200nm,linear_drift_corrected,False,30.0,481.2841931946017
34,upper_200nm,linear_drift_corrected,False,35.0,313.5145440151326
34,upper_200nm,linear_drift_corrected,False,40.0,198.42556862003957
34,upper_200nm,linear_drift_corrected,False,45.0,120.56705822610704
34,upper_200nm,linear_drift_corrected,False,50.0,67.89987770521873
34,upper_200nm,linear_drift_corrected,False,55.0,32.59394318374447
34,upper_200nm,linear_drift_corrected,False,60.0,8.970788942460047
34,upper_200nm,linear_drift_corrected,False,65.0,-6.7724729085589885
34,upper_200nm,linear_drift_corrected,False,70.0,-17.222627644719562
34,upper_200nm,linear_drift_corrected,False,75.0,-24.16456753495148
34,upper_200nm,linear_drift_corrected,False,80.0,-28.74556066568819
34,upper_200nm,linear_drift_corrected,False,85.0,-31.783645143506686
34,upper_200nm,linear_drift_corrected,False,90.0,-33.778729044589475
34,upper_200nm,linear_drift_corrected,False,95.0,-35.09900385421962
34,upper_200nm,linear_drift_corrected,False,100.0,-35.963729915527765
34,upper_200nm,linear_drift_corrected,False,105.0,-36.53320375457204
34,upper_200nm,linear_drift_corrected,False,110.0,-36.90512277282398
34,upper_200nm,linear_drift_corrected,False,115.0,-37.14808852169248
34,upper_200nm,linear_drift_corrected,False,120.0,-37.305736339759136
34,upper_200nm,linear_drift_corrected,False,125.0,-37.40733094663193
34,upper_200nm,linear_drift_corrected,False,130.0,-37.47229103187782
34,upper_200nm,linear_drift_corrected,False,135.0,-37.513062792974424
34,upper_200nm,linear_drift_corrected,False,140.0,-37.5382566015106
34,upper_200nm,linear_drift_corrected,False,145.0,-37.55314491656034
34,upper_200nm,linear_drift_corrected,False,150.0,-37.5615218606178
34,upper_200nm,linear_drift_corrected,False,155.0,-37.565625022173954
34,upper_200nm,linear_drift_corrected,False,160.0,-37.567090429786774
34,upper_200nm,linear_drift_corrected,False,165.0,-37.5668820824835
34,upper_200nm,linear_drift_corrected,False,170.0,-37.565678753905836
34,upper_200nm,linear_drift_corrected,False,175.0,-37.56389451418767
34,upper_200nm,linear_drift_corrected,False,180.0,-37.56180399871176
34,upper_200nm,linear_drift_corrected,False,185.0,-37.559579342788126
34,upper_200nm,linear_drift_corrected,False,190.0,-37.55732606447082
34,upper_200nm,linear_drift_corrected,False,195.0,-37.55511110027347
34,upper_200nm,linear_drift_corrected,False,200.0,-37.552970331384714
34,common_80_250nm,linear_drift_corrected,False,80.0,-25.897533492957294
34,common_80_250nm,linear_drift_corrected,False,85.0,-29.93082068486142
34,common_80_250nm,linear_drift_corrected,False,90.0,-32.42313557997725
34,common_80_250nm,linear_drift_corrected,False,95.0,-33.96015906407656
34,common_80_250nm,linear_drift_corrected,False,100.0,-34.90583788385238
34,common_80_250nm,linear_drift_corrected,False,105.0,-35.48594887119699
34,common_80_250nm,linear_drift_corrected,False,110.0,-35.84021814477202
34,common_80_250nm,linear_drift_corrected,False,115.0,-36.05500186917557
34,common_80_250nm,linear_drift_corrected,False,120.0,-36.184562344708084
34,common_80_250nm,linear_drift_corrected,False,125.0,-36.26172789648779
34,common_80_250nm,linear_drift_corrected,False,130.0,-36.306779240445685
34,common_80_250nm,linear_drift_corrected,False,135.0,-36.33223065239986
34,common_80_250nm,linear_drift_corrected,False,140.0,-36.34577607103042
34,common_80_250nm,linear_drift_corrected,False,145.0,-36.352165586373495
34,common_80_250nm,linear_drift_corrected,False,150.0,-36.35433679863173
34,common_80_250nm,linear_drift_corrected,False,155.0,-36.354055184826265
34,common_80_250nm,linear_drift_corrected,False,160.0,-36.35239570244427
34,common_80_250nm,linear_drift_corrected,False,165.0,-36.35000817549847
34,common_80_250nm,linear_drift_corrected,False,170.0,-36.34727989781236
34,common_80_250nm,linear_drift_corrected,False,175.0,-36.34444124366581
34,common_80_250nm,linear_drift_corrected,False,180.0,-36.34162447777252
34,common_80_250nm,linear_drift_corrected,False,185.0,-36.33890125160586
34,common_80_250nm,linear_drift_corrected,False,190.0,-36.33630811125723
34,common_80_250nm,linear_drift_corrected,False,195.0,-36.33386079030731
34,common_80_250nm,linear_drift_corrected,False,200.0,-36.33156283010783
34,common_80_250nm,linear_drift_corrected,False,205.0,-36.32941123198222
34,common_80_250nm,linear_drift_corrected,False,210.0,-36.327399254663604
34,common_80_250nm,linear_drift_corrected,False,215.0,-36.32551840089961
34,common_80_250nm,linear_drift_corrected,False,220.0,-36.323759591271205
34,common_80_250nm,linear_drift_corrected,False,225.0,-36.322113784725175
34,common_80_250nm,linear_drift_corrected,False,230.0,-36.32057230656012
34,common_80_250nm,linear_drift_corrected,False,235.0,-36.31912703990412
34,common_80_250nm,linear_drift_corrected,False,240.0,-36.31777045899065
34,common_80_250nm,linear_drift_corrected,False,245.0,-36.316495651387406
34,common_80_250nm,linear_drift_corrected,False,250.0,-36.31529629812026
34,no_slip_hydrodynamic,linear_then_no_slip_corrected,True,25.0,716.1105288799577
34,no_slip_hydrodynamic,linear_then_no_slip_corrected,True,30.0,470.04184093509366
34,no_slip_hydrodynamic,linear_then_no_slip_corrected,True,35.0,302.0403165046226
34,no_slip_hydrodynamic,linear_then_no_slip_corrected,True,40.0,188.56329986540763
34,no_slip_hydrodynamic,linear_then_no_slip_corrected,True,45.0,112.37324449352502
34,no_slip_hydrodynamic,linear_then_no_slip_corrected,True,50.0,61.42795211794572
34,no_slip_hydrodynamic,linear_then_no_slip_corrected,True,55.0,27.684107346263843
34,no_slip_hydrodynamic,linear_then_no_slip_corrected,True,60.0,5.280816654863919
34,no_slip_hydrodynamic,linear_then_no_slip_corrected,True,65.0,-9.42424107844056
34,no_slip_hydrodynamic,linear_then_no_slip_corrected,True,70.0,-19.125937640360267
34,no_slip_hydrodynamic,linear_then_no_slip_corrected,True,75.0,-25.478430798055733
34,no_slip_hydrodynamic,linear_then_no_slip_corrected,True,80.0,-29.641640452766744
34,no_slip_hydrodynamic,linear_then_no_slip_corrected,True,85.0,-32.36531397385485
34,no_slip_hydrodynamic,linear_then_no_slip_corrected,True,90.0,-34.13972986869015
34,no_slip_hydrodynamic,linear_then_no_slip_corrected,True,95.0,-35.29999938697249
34,no_slip_hydrodynamic,linear_then_no_slip_corrected,True,100.0,-36.050984522376176
34,no_slip_hydrodynamic,linear_then_no_slip_corrected,True,105.0,-36.54032637629713
34,no_slip_hydrodynamic,linear_then_no_slip_corrected,True,110.0,-36.85587325692177
34,no_slip_hydrodynamic,linear_then_no_slip_corrected,True,115.0,-37.05943836449597
34,no_slip_hydrodynamic,linear_then_no_slip_corrected,True,120.0,-37.1896661354282
34,no_slip_hydrodynamic,linear_then_no_slip_corrected,True,125.0,-37.272175964201764
34,no_slip_hydrodynamic,linear_then_no_slip_corrected,True,130.0,-37.32396593556334
34,no_slip_hydrodynamic,linear_then_no_slip_corrected,True,135.0,-37.35560097044425
34,no_slip_hydrodynamic,linear_then_no_slip_corrected,True,140.0,-37.37450303202733
34,no_slip_hydrodynamic,linear_then_no_slip_corrected,True,145.0,-37.385087463221524
34,no_slip_hydrodynamic,linear_then_no_slip_corrected,True,150.0,-37.39048046274573
34,no_slip_hydrodynamic,linear_then_no_slip_corrected,True,155.0,-37.39257498113456
34,no_slip_hydrodynamic,linear_then_no_slip_corrected,True,160.0,-37.392642242690386
34,no_slip_hydrodynamic,linear_then_no_slip_corrected,True,165.0,-37.3914953532593
34,no_slip_hydrodynamic,linear_then_no_slip_corrected,True,170.0,-37.38964076373039
34,no_slip_hydrodynamic,linear_then_no_slip_corrected,True,175.0,-37.38741991919506
34,no_slip_hydrodynamic,linear_then_no_slip_corrected,True,180.0,-37.385028052285136
34,no_slip_hydrodynamic,linear_then_no_slip_corrected,True,185.0,-37.38260027373763
34,no_slip_hydrodynamic,linear_then_no_slip_corrected,True,190.0,-37.380209150299414
34,no_slip_hydrodynamic,linear_then_no_slip_corrected,True,195.0,-37.377900149260135
34,no_slip_hydrodynamic,linear_then_no_slip_corrected,True,200.0,-37.37569651107145
34,no_slip_hydrodynamic,linear_then_no_slip_corrected,True,205.0,-37.37360869941994
34,no_slip_hydrodynamic,linear_then_no_slip_corrected,True,210.0,-37.371640027430495
34,no_slip_hydrodynamic,linear_then_no_slip_corrected,True,215.0,-37.36978815408326
34,no_slip_hydrodynamic,linear_then_no_slip_corrected,True,220.0,-37.36804895180455
34,no_slip_hydrodynamic,linear_then_no_slip_corrected,True,225.0,-37.36641624690734
34,no_slip_hydrodynamic,linear_then_no_slip_corrected,True,230.0,-37.36488358080599
34,no_slip_hydrodynamic,linear_then_no_slip_corrected,True,235.0,-37.363444203203045
34,no_slip_hydrodynamic,linear_then_no_slip_corrected,True,240.0,-37.36209154939049
34,no_slip_hydrodynamic,linear_then_no_slip_corrected,True,245.0,-37.36081936513849
34,no_slip_hydrodynamic,linear_then_no_slip_corrected,True,250.0,-37.35962174717865
35,primary,linear_drift_corrected,False,20.0,1153.7141186522726
35,primary,linear_drift_corrected,False,25.0,774.7378953857326
35,primary,linear_drift_corrected,False,30.0,513.426078139357
35,primary,linear_drift_corrected,False,35.0,334.53797856595816
35,primary,linear_drift_corrected,False,40.0,213.04065219415764
35,primary,linear_drift_corrected,False,45.0,130.92020489002863
35,primary,linear_drift_corrected,False,50.0,75.80690934109573
35,primary,linear_drift_corrected,False,55.0,38.93652301844293
35,primary,linear_drift_corrected,False,60.0,14.419025182420235
35,primary,linear_drift_corrected,False,65.0,-1.8630024660317588
35,primary,linear_drift_corrected,False,70.0,-12.621460738370505
35,primary,linear_drift_corrected,False,75.0,-19.732116583157193
35,primary,linear_drift_corrected,False,80.0,-24.41059979449353
35,primary,linear_drift_corrected,False,85.0,-27.492840184014163
35,primary,linear_drift_corrected,False,90.0,-29.514198156255326
35,primary,linear_drift_corrected,False,95.0,-30.842171739175818
35,primary,linear_drift_corrected,False,100.0,-31.71007506771843
35,primary,linear_drift_corrected,False,105.0,-32.27821430889435
35,primary,linear_drift_corrected,False,110.0,-32.64766179591661
35,primary,linear_drift_corrected,False,115.0,-32.88802984796977
35,primary,linear_drift_corrected,False,120.0,-33.04294291495095
35,primary,linear_drift_corrected,False,125.0,-33.14253969241734
35,primary,linear_drift_corrected,False,130.0,-33.20559602076086
35,primary,linear_drift_corrected,False,135.0,-33.245125427783925
35,primary,linear_drift_corrected,False,140.0,-33.26918385935365
35,primary,linear_drift_corrected,False,145.0,-33.283371162510825
35,primary,linear_drift_corrected,False,150.0,-33.291128060753344
35,primary,linear_drift_corrected,False,155.0,-33.2948511592274
35,primary,linear_drift_corrected,False,160.0,-33.295998669094246
35,primary,linear_drift_corrected,False,165.0,-33.29558656716976
35,primary,linear_drift_corrected,False,170.0,-33.29422422359895
35,primary,linear_drift_corrected,False,175.0,-33.292334814681105
35,primary,linear_drift_corrected,False,180.0,-33.29016620809824
35,primary,linear_drift_corrected,False,185.0,-33.287888687863145
35,primary,linear_drift_corrected,False,190.0,-33.28559760194177
35,primary,linear_drift_corrected,False,195.0,-33.28335657980138
35,primary,linear_drift_corrected,False,200.0,-33.2811977131688
35,primary,linear_drift_corrected,False,205.0,-33.2791405977453
35,primary,linear_drift_corrected,False,210.0,-33.27719194113747
35,primary,linear_drift_corrected,False,215.0,-33.2753539045957
35,primary,linear_drift_corrected,False,220.0,-33.27362369065856
35,primary,linear_drift_corrected,False,225.0,-33.271997162881405
35,primary,linear_drift_corrected,False,230.0,-33.27046853283534
35,primary,linear_drift_corrected,False,235.0,-33.269031905120386
35,primary,linear_drift_corrected,False,240.0,-33.267681061488624
35,primary,linear_drift_corrected,False,245.0,-33.26641010085519
35,primary,linear_drift_corrected,False,250.0,-33.26521329415524
35,constant_baseline,far_constant_referenced,False,20.0,1184.4286223553318
35,constant_baseline,far_constant_referenced,False,25.0,892.1800385351416
35,constant_baseline,far_constant_referenced,False,30.0,675.0592147922287
35,constant_baseline,far_constant_referenced,False,35.0,516.0083471574457
35,constant_baseline,far_constant_referenced,False,40.0,400.09646522881224
35,constant_baseline,far_constant_referenced,False,45.0,316.07285559931677
35,constant_baseline,far_constant_referenced,False,50.0,255.51194137545042
35,constant_baseline,far_constant_referenced,False,55.0,212.0822193163663
35,constant_baseline,far_constant_referenced,False,60.0,181.17265467326808
35,constant_baseline,far_constant_referenced,False,65.0,159.17880600256854
35,constant_baseline,far_constant_referenced,False,70.0,143.56217992297587
35,constant_baseline,far_constant_referenced,False,75.0,132.50471273810652
35,constant_baseline,far_constant_referenced,False,80.0,124.69396386722924
35,constant_baseline,far_constant_referenced,False,85.0,119.20603377973872
35,constant_baseline,far_constant_referenced,False,90.0,115.34091661293942
35,constant_baseline,far_constant_referenced,False,95.0,112.62019672376651
35,constant_baseline,far_constant_referenced,False,100.0,110.70778941941433
35,constant_baseline,far_constant_referenced,False,105.0,109.36539849674827
35,constant_baseline,far_constant_referenced,False,110.0,108.42772501628316
35,constant_baseline,far_constant_referenced,False,115.0,107.7707432177068
35,constant_baseline,far_constant_referenced,False,120.0,107.31081085856144
35,constant_baseline,far_constant_referenced,False,125.0,106.98945693764976
35,constant_baseline,far_constant_referenced,False,130.0,106.765455696261
35,constant_baseline,far_constant_referenced,False,135.0,106.61035578937944
35,constant_baseline,far_constant_referenced,False,140.0,106.50282535975323
35,constant_baseline,far_constant_referenced,False,145.0,106.42858534473557
35,constant_baseline,far_constant_referenced,False,150.0,106.3776584990775
35,constant_baseline,far_constant_referenced,False,155.0,106.34302729389678
35,constant_baseline,far_constant_referenced,False,160.0,106.3198645129718
35,constant_baseline,far_constant_referenced,False,165.0,106.30454731373585
35,constant_baseline,far_constant_referenced,False,170.0,106.29466932199023
35,constant_baseline,far_constant_referenced,False,175.0,106.2885512053692
35,constant_baseline,far_constant_referenced,False,180.0,106.28501657268528
35,constant_baseline,far_constant_referenced,False,185.0,106.28326127211668
35,constant_baseline,far_constant_referenced,False,190.0,106.2826825995079
35,constant_baseline,far_constant_referenced,False,195.0,106.28288589787212
35,constant_baseline,far_constant_referenced,False,200.0,106.28359803286001
35,constant_baseline,far_constant_referenced,False,205.0,106.28463023797686
35,constant_baseline,far_constant_referenced,False,210.0,106.28585608663164
35,constant_baseline,far_constant_referenced,False,215.0,106.28718204689355
35,constant_baseline,far_constant_referenced,False,220.0,106.28854948347454
35,constant_baseline,far_constant_referenced,False,225.0,106.28991946664237
35,constant_baseline,far_constant_referenced,False,230.0,106.29126670255687
35,constant_baseline,far_constant_referenced,False,235.0,106.29257581321848
35,constant_baseline,far_constant_referenced,False,240.0,106.29383645088726
35,constant_baseline,far_constant_referenced,False,245.0,106.29504369658218
35,constant_baseline,far_constant_referenced,False,250.0,106.29619550377508
35,lower_plus_10nm,linear_drift_corrected,False,30.0,488.6912474400433
35,lower_plus_10nm,linear_drift_corrected,False,35.0,329.3990196881685
35,lower_plus_10nm,linear_drift_corrected,False,40.0,217.33775230369446
35,lower_plus_10nm,linear_drift_corrected,False,45.0,139.04401567383618
35,lower_plus_10nm,linear_drift_corrected,False,50.0,84.66980659064376
35,lower_plus_10nm,linear_drift_corrected,False,55.0,47.18185495614254
35,lower_plus_10nm,linear_drift_corrected,False,60.0,21.40163872299012
35,lower_plus_10nm,linear_drift_corrected,False,65.0,3.7134260774781325
35,lower_plus_10nm,linear_drift_corrected,False,70.0,-8.385831311449593
35,lower_plus_10nm,linear_drift_corrected,False,75.0,-16.641226908908074
35,lower_plus_10nm,linear_drift_corrected,False,80.0,-22.262058881851523
35,lower_plus_10nm,linear_drift_corrected,False,85.0,-26.073036201945897
35,lower_plus_10nm,linear_drift_corrected,False,90.0,-28.659665543937486
35,lower_plus_10nm,linear_drift_corrected,False,95.0,-30.4145772532306
35,lower_plus_10nm,linear_drift_corrected,False,100.0,-31.603417952674942
35,lower_plus_10nm,linear_drift_corrected,False,105.0,-32.407461233037715
35,lower_plus_10nm,linear_drift_corrected,False,110.0,-32.950219377833555
35,lower_plus_10nm,linear_drift_corrected,False,115.0,-33.31474590125475
35,lower_plus_10nm,linear_drift_corrected,False,120.0,-33.55967895004742
35,lower_plus_10nm,linear_drift_corrected,False,125.0,-33.723745503224514
35,lower_plus_10nm,linear_drift_corrected,False,130.0,-33.833081120817084
35,lower_plus_10nm,linear_drift_corrected,False,135.0,-33.905431281679824
35,lower_plus_10nm,linear_drift_corrected,False,140.0,-33.95283538839488
35,lower_plus_10nm,linear_drift_corrected,False,145.0,-33.98334736570588
35,lower_plus_10nm,linear_drift_corrected,False,150.0,-34.002662244445744
35,lower_plus_10nm,linear_drift_corrected,False,155.0,-34.01449668467254
35,lower_plus_10nm,linear_drift_corrected,False,160.0,-34.02135609142454
35,lower_plus_10nm,linear_drift_corrected,False,165.0,-34.02493191500431
35,lower_plus_10nm,linear_drift_corrected,False,170.0,-34.02636341220191
35,lower_plus_10nm,linear_drift_corrected,False,175.0,-34.02640510418447
35,lower_plus_10nm,linear_drift_corrected,False,180.0,-34.025587259918794
35,lower_plus_10nm,linear_drift_corrected,False,185.0,-34.02424772676583
35,lower_plus_10nm,linear_drift_corrected,False,190.0,-34.022610236172056
35,lower_plus_10nm,linear_drift_corrected,False,195.0,-34.02082159688136
35,lower_plus_10nm,linear_drift_corrected,False,200.0,-34.018976758754164
35,lower_plus_10nm,linear_drift_corrected,False,205.0,-34.01713542328425
35,lower_plus_10nm,linear_drift_corrected,False,210.0,-34.01533653057062
35,lower_plus_10nm,linear_drift_corrected,False,215.0,-34.013601828539706
35,lower_plus_10nm,linear_drift_corrected,False,220.0,-34.01194314349009
35,lower_plus_10nm,linear_drift_corrected,False,225.0,-34.010365855565155
35,lower_plus_10nm,linear_drift_corrected,False,230.0,-34.00887120008867
35,lower_plus_10nm,linear_drift_corrected,False,235.0,-34.00745783071187
35,lower_plus_10nm,linear_drift_corrected,False,240.0,-34.00612304578298
35,lower_plus_10nm,linear_drift_corrected,False,245.0,-34.00486311857518
35,lower_plus_10nm,linear_drift_corrected,False,250.0,-34.003673915388
35,upper_200nm,linear_drift_corrected,False,20.0,1153.8420128599453
35,upper_200nm,linear_drift_corrected,False,25.0,774.699356724078
35,upper_200nm,linear_drift_corrected,False,30.0,513.3673156654373
35,upper_200nm,linear_drift_corrected,False,35.0,334.4597711975342
35,upper_200nm,linear_drift_corrected,False,40.0,213.0030355741864
35,upper_200nm,linear_drift_corrected,False,45.0,130.90093102462367
35,upper_200nm,linear_drift_corrected,False,50.0,75.82925534043352
35,upper_200nm,linear_drift_corrected,False,55.0,38.97955812877536
35,upper_200nm,linear_drift_corrected,False,60.0,14.491026461349186
35,upper_200nm,linear_drift_corrected,False,65.0,-1.776350678046601
35,upper_200nm,linear_drift_corrected,False,70.0,-12.51751916336059
35,upper_200nm,linear_drift_corrected,False,75.0,-19.61938012208312
35,upper_200nm,linear_drift_corrected,False,80.0,-24.288359019646972
35,upper_200nm,linear_drift_corrected,False,85.0,-27.365748389420013
35,upper_200nm,linear_drift_corrected,False,90.0,-29.382135685605988
35,upper_200nm,linear_drift_corrected,False,95.0,-30.707565020815487
35,upper_200nm,linear_drift_corrected,False,100.0,-31.572951992999883
35,upper_200nm,linear_drift_corrected,False,105.0,-32.13979996070307
35,upper_200nm,linear_drift_corrected,False,110.0,-32.50800210419378
35,upper_200nm,linear_drift_corrected,False,115.0,-32.74772967427682
35,upper_200nm,linear_drift_corrected,False,120.0,-32.9020365903717
35,upper_200nm,linear_drift_corrected,False,125.0,-33.00132102054599
35,upper_200nm,linear_drift_corrected,False,130.0,-33.06408605821243
35,upper_200nm,linear_drift_corrected,False,135.0,-33.103465116417716
35,upper_200nm,linear_drift_corrected,False,140.0,-33.12738497986929
35,upper_200nm,linear_drift_corrected,False,145.0,-33.141500661062445
35,upper_200nm,linear_drift_corrected,False,150.0,-33.14919218653894
35,upper_200nm,linear_drift_corrected,False,155.0,-33.15288145521511
35,upper_200nm,linear_drift_corrected,False,160.0,-33.15399833684387
35,upper_200nm,linear_drift_corrected,False,165.0,-33.15357036882437
35,upper_200nm,linear_drift_corrected,False,170.0,-33.1521937595706
35,upper_200nm,linear_drift_corrected,False,175.0,-33.150296954169285
35,upper_200nm,linear_drift_corrected,False,180.0,-33.1481217366323
35,upper_200nm,linear_drift_corrected,False,185.0,-33.14584078610128
35,upper_200nm,linear_drift_corrected,False,190.0,-33.14354665002839
35,upper_200nm,linear_drift_corrected,False,195.0,-33.14130403042736
35,upper_200nm,linear_drift_corrected,False,200.0,-33.13914377568534
35,common_80_250nm,linear_drift_corrected,False,80.0,-20.6419592193043
35,common_80_250nm,linear_drift_corrected,False,85.0,-24.371610525118257
35,common_80_250nm,linear_drift_corrected,False,90.0,-27.115492901645037
35,common_80_250nm,linear_drift_corrected,False,95.0,-29.116969552548518
35,common_80_250nm,linear_drift_corrected,False,100.0,-30.58190114899227
35,common_80_250nm,linear_drift_corrected,False,105.0,-31.655711141468142
35,common_80_250nm,linear_drift_corrected,False,110.0,-32.434156535642735
35,common_80_250nm,linear_drift_corrected,False,115.0,-33.0039929149249
35,common_80_250nm,linear_drift_corrected,False,120.0,-33.41919558907054
35,common_80_250nm,linear_drift_corrected,False,125.0,-33.72003645855914
35,common_80_250nm,linear_drift_corrected,False,130.0,-33.939337271186666
35,common_80_250nm,linear_drift_corrected,False,135.0,-34.0978979557718
35,common_80_250nm,linear_drift_corrected,False,140.0,-34.21247187601715
35,common_80_250nm,linear_drift_corrected,False,145.0,-34.295370844717176
35,common_80_250nm,linear_drift_corrected,False,150.0,-34.354560523296314
35,common_80_250nm,linear_drift_corrected,False,155.0,-34.39696254932847
35,common_80_250nm,linear_drift_corrected,False,160.0,-34.42711617206884
35,common_80_250nm,linear_drift_corrected,False,165.0,-34.44819367576738
35,common_80_250nm,linear_drift_corrected,False,170.0,-34.46289995780568
35,common_80_250nm,linear_drift_corrected,False,175.0,-34.472922038619835
35,common_80_250nm,linear_drift_corrected,False,180.0,-34.479565102514435
35,common_80_250nm,linear_drift_corrected,False,185.0,-34.483831713766065
35,common_80_250nm,linear_drift_corrected,False,190.0,-34.48635785065263
35,common_80_250nm,linear_drift_corrected,False,195.0,-34.487675285209434
35,common_80_250nm,linear_drift_corrected,False,200.0,-34.48814989304465
35,common_80_250nm,linear_drift_corrected,False,205.0,-34.48801874326455
35,common_80_250nm,linear_drift_corrected,False,210.0,-34.487494016302264
35,common_80_250nm,linear_drift_corrected,False,215.0,-34.486703407260634
35,common_80_250nm,linear_drift_corrected,False,220.0,-34.48574040306101
35,common_80_250nm,linear_drift_corrected,False,225.0,-34.4846795257141
35,common_80_250nm,linear_drift_corrected,False,230.0,-34.48356518716807
35,common_80_250nm,linear_drift_corrected,False,235.0,-34.48243240304055
35,common_80_250nm,linear_drift_corrected,False,240.0,-34.481305268343164
35,common_80_250nm,linear_drift_corrected,False,245.0,-34.480197415742616
35,common_80_250nm,linear_drift_corrected,False,250.0,-34.479120518409694
35,no_slip_hydrodynamic,linear_then_no_slip_corrected,True,20.0,1126.3414511623935
35,no_slip_hydrodynamic,linear_then_no_slip_corrected,True,25.0,748.0078377869543
35,no_slip_hydrodynamic,linear_then_no_slip_corrected,True,30.0,489.2172129732164
35,no_slip_hydrodynamic,linear_then_no_slip_corrected,True,35.0,314.19278940236063
35,no_slip_hydrodynamic,linear_then_no_slip_corrected,True,40.0,196.04265981008356
35,no_slip_hydrodynamic,linear_then_no_slip_corrected,True,45.0,117.2428014546843
35,no_slip_hydrodynamic,linear_then_no_slip_corrected,True,50.0,64.7751077904611
35,no_slip_hydrodynamic,linear_then_no_slip_corrected,True,55.0,30.01920668069456
35,no_slip_hydrodynamic,linear_then_no_slip_corrected,True,60.0,7.188176318319492
35,no_slip_hydrodynamic,linear_then_no_slip_corrected,True,65.0,-7.853192874167746
35,no_slip_hydrodynamic,linear_then_no_slip_corrected,True,70.0,-17.6809760720861
35,no_slip_hydrodynamic,linear_then_no_slip_corrected,True,75.0,-24.10841004614514
35,no_slip_hydrodynamic,linear_then_no_slip_corrected,True,80.0,-28.308398919742523
35,no_slip_hydrodynamic,linear_then_no_slip_corrected,True,85.0,-31.033191586162044
35,no_slip_hydrodynamic,linear_then_no_slip_corrected,True,90.0,-32.81098217473212
35,no_slip_hydrodynamic,linear_then_no_slip_corrected,True,95.0,-33.96286626832837
35,no_slip_hydrodynamic,linear_then_no_slip_corrected,True,100.0,-34.709233705190485
35,no_slip_hydrodynamic,linear_then_no_slip_corrected,True,105.0,-35.192713660842266
35,no_slip_hydrodynamic,linear_then_no_slip_corrected,True,110.0,-35.50266546874083
35,no_slip_hydrodynamic,linear_then_no_slip_corrected,True,115.0,-35.7021126959434
35,no_slip_hydrodynamic,linear_then_no_slip_corrected,True,120.0,-35.8289818108211
35,no_slip_hydrodynamic,linear_then_no_slip_corrected,True,125.0,-35.9089957276545
35,no_slip_hydrodynamic,linear_then_no_slip_corrected,True,130.0,-35.95894914266631
35,no_slip_hydrodynamic,linear_then_no_slip_corrected,True,135.0,-35.98920409511261
35,no_slip_hydrodynamic,linear_then_no_slip_corrected,True,140.0,-36.007091813206515
35,no_slip_hydrodynamic,linear_then_no_slip_corrected,True,145.0,-36.01700326321479
35,no_slip_hydrodynamic,linear_then_no_slip_corrected,True,150.0,-36.021873522797414
35,no_slip_hydrodynamic,linear_then_no_slip_corrected,True,155.0,-36.02362857493687
35,no_slip_hydrodynamic,linear_then_no_slip_corrected,True,160.0,-36.02343767658705
35,no_slip_hydrodynamic,linear_then_no_slip_corrected,True,165.0,-36.02211465004444
35,no_slip_hydrodynamic,linear_then_no_slip_corrected,True,170.0,-36.02014289187042
35,no_slip_hydrodynamic,linear_then_no_slip_corrected,True,175.0,-36.017833650219764
35,no_slip_hydrodynamic,linear_then_no_slip_corrected,True,180.0,-36.015387357618586
35,no_slip_hydrodynamic,linear_then_no_slip_corrected,True,185.0,-36.01291795753821
35,no_slip_hydrodynamic,linear_then_no_slip_corrected,True,190.0,-36.01049984588743
35,no_slip_hydrodynamic,linear_then_no_slip_corrected,True,195.0,-36.00817219321067
35,no_slip_hydrodynamic,linear_then_no_slip_corrected,True,200.0,-36.00595538946143
35,no_slip_hydrodynamic,linear_then_no_slip_corrected,True,205.0,-36.003859079396506
35,no_slip_hydrodynamic,linear_then_no_slip_corrected,True,210.0,-36.00188421686522
35,no_slip_hydrodynamic,linear_then_no_slip_corrected,True,215.0,-36.00002840474549
35,no_slip_hydrodynamic,linear_then_no_slip_corrected,True,220.0,-35.998286436558416
35,no_slip_hydrodynamic,linear_then_no_slip_corrected,True,225.0,-35.99665186466073
35,no_slip_hydrodynamic,linear_then_no_slip_corrected,True,230.0,-35.99511794635536
35,no_slip_hydrodynamic,linear_then_no_slip_corrected,True,235.0,-35.993677708262894
35,no_slip_hydrodynamic,linear_then_no_slip_corrected,True,240.0,-35.99232448175306
35,no_slip_hydrodynamic,linear_then_no_slip_corrected,True,245.0,-35.99105190873856
35,no_slip_hydrodynamic,linear_then_no_slip_corrected,True,250.0,-35.989854029277765
36,primary,linear_drift_corrected,False,20.0,1200.041000199873
36,primary,linear_drift_corrected,False,25.0,815.4531680031237
36,primary,linear_drift_corrected,False,30.0,548.206562606134
36,primary,linear_drift_corrected,False,35.0,365.5001049391807
36,primary,linear_drift_corrected,False,40.0,240.2772455869862
36,primary,linear_drift_corrected,False,45.0,155.58508547303862
36,primary,linear_drift_corrected,False,50.0,98.28935122467274
36,primary,linear_drift_corrected,False,55.0,59.86978791104476
36,primary,linear_drift_corrected,False,60.0,34.154437175974685
36,primary,linear_drift_corrected,False,65.0,17.01081125001572
36,primary,linear_drift_corrected,False,70.0,5.627279677007763
36,primary,linear_drift_corrected,False,75.0,-1.9370656090029907
36,primary,linear_drift_corrected,False,80.0,-6.930314782912188
36,primary,linear_drift_corrected,False,85.0,-10.242813974139949
36,primary,linear_drift_corrected,False,90.0,-12.418845910691081
36,primary,linear_drift_corrected,False,95.0,-13.8594188322032
36,primary,linear_drift_corrected,False,100.0,-14.803396586367425
36,primary,linear_drift_corrected,False,105.0,-15.425441924756393
36,primary,linear_drift_corrected,False,110.0,-15.832030635542562
36,primary,linear_drift_corrected,False,115.0,-16.097938589207086
36,primary,linear_drift_corrected,False,120.0,-16.270737436446684
36,primary,linear_drift_corrected,False,125.0,-16.382336699961915
36,primary,linear_drift_corrected,False,130.0,-16.4539142579067
36,primary,linear_drift_corrected,False,135.0,-16.499047168071836
36,primary,linear_drift_corrected,False,140.0,-16.527130365552786
36,primary,linear_drift_corrected,False,145.0,-16.543919350415834
36,primary,linear_drift_corrected,False,150.0,-16.5535570993883
36,primary,linear_drift_corrected,False,155.0,-16.55848905042864
36,primary,linear_drift_corrected,False,160.0,-16.560504006317206
36,primary,linear_drift_corrected,False,165.0,-16.56065756398304
36,primary,linear_drift_corrected,False,170.0,-16.55969374879078
36,primary,linear_drift_corrected,False,175.0,-16.558067525247772
36,primary,linear_drift_corrected,False,180.0,-16.55608139186959
36,primary,linear_drift_corrected,False,185.0,-16.553925723374327
36,primary,linear_drift_corrected,False,190.0,-16.551717933151004
36,primary,linear_drift_corrected,False,195.0,-16.549533085310582
36,primary,linear_drift_corrected,False,200.0,-16.547412138385333
36,primary,linear_drift_corrected,False,205.0,-16.545380822013858
36,primary,linear_drift_corrected,False,210.0,-16.54344938577818
36,primary,linear_drift_corrected,False,215.0,-16.541623063982883
36,primary,linear_drift_corrected,False,220.0,-16.539900747053885
36,primary,linear_drift_corrected,False,225.0,-16.5382795245321
36,primary,linear_drift_corrected,False,230.0,-16.53675450635038
36,primary,linear_drift_corrected,False,235.0,-16.53532027636772
36,primary,linear_drift_corrected,False,240.0,-16.53397107998169
36,primary,linear_drift_corrected,False,245.0,-16.532701201304793
36,primary,linear_drift_corrected,False,250.0,-16.53150514423588
36,constant_baseline,far_constant_referenced,False,20.0,1254.4165846262536
36,constant_baseline,far_constant_referenced,False,25.0,937.7434993236544
36,constant_baseline,far_constant_referenced,False,30.0,704.9401008442021
36,constant_baseline,far_constant_referenced,False,35.0,535.4712970684968
36,constant_baseline,far_constant_referenced,False,40.0,412.99186260986414
36,constant_baseline,far_constant_referenced,False,45.0,325.00237101737775
36,constant_baseline,far_constant_referenced,False,50.0,262.12485381577574
36,constant_baseline,far_constant_referenced,False,55.0,217.50157921620456
36,constant_baseline,far_constant_referenced,False,60.0,185.87461636441483
36,constant_baseline,far_constant_referenced,False,65.0,163.53239970624816
36,constant_baseline,far_constant_referenced,False,70.0,147.79723038389233
36,constant_baseline,far_constant_referenced,False,75.0,136.74356556386695
36,constant_baseline,far_constant_referenced,False,80.0,128.99509500018843
36,constant_baseline,far_constant_referenced,False,85.0,123.57318140359088
36,constant_baseline,far_constant_referenced,False,90.0,119.7849757781193
36,constant_baseline,far_constant_referenced,False,95.0,117.14745696021065
36,constant_baseline,far_constant_referenced,False,100.0,115.30803028270842
36,constant_baseline,far_constant_referenced,False,105.0,114.02616919943556
36,constant_baseline,far_constant_referenced,False,110.0,113.13395303396257
36,constant_baseline,far_constant_referenced,False,115.0,112.51377415342014
36,constant_baseline,far_constant_referenced,False,120.0,112.08335910665531
36,constant_baseline,far_constant_referenced,False,125.0,111.78520784158738
36,constant_baseline,far_constant_referenced,False,130.0,111.57916649232985
36,constant_baseline,far_constant_referenced,False,135.0,111.43752770462602
36,constant_baseline,far_constant_referenced,False,140.0,111.34027898740334
36,constant_baseline,far_constant_referenced,False,145.0,111.2738303422082
36,constant_baseline,far_constant_referenced,False,150.0,111.22875904722899
36,constant_baseline,far_constant_referenced,False,155.0,111.1984980753434
36,constant_baseline,far_constant_referenced,False,160.0,111.17847409117915
36,constant_baseline,far_constant_referenced,False,165.0,111.1655049467413
36,constant_baseline,far_constant_referenced,False,170.0,111.15737876122766
36,constant_baseline,far_constant_referenced,False,175.0,111.15257689956236
36,constant_baseline,far_constant_referenced,False,180.0,111.15001007962053
36,constant_baseline,far_constant_referenced,False,185.0,111.14894276062292
36,constant_baseline,far_constant_referenced,False,190.0,111.14887036430247
36,constant_baseline,far_constant_referenced,False,195.0,111.1494453509543
36,constant_baseline,far_constant_referenced,False,200.0,111.15042933821995
36,constant_baseline,far_constant_referenced,False,205.0,111.15165971160376
36,constant_baseline,far_constant_referenced,False,210.0,111.15302635614485
36,constant_baseline,far_constant_referenced,False,215.0,111.1544563638407
36,constant_baseline,far_constant_referenced,False,220.0,111.15589962955048
36,constant_baseline,far_constant_referenced,False,225.0,111.15732454879463
36,constant_baseline,far_constant_referenced,False,230.0,111.15871147589176
36,constant_baseline,far_constant_referenced,False,235.0,111.16004866613314
36,constant_baseline,far_constant_referenced,False,240.0,111.16132970533333
36,constant_baseline,far_constant_referenced,False,245.0,111.16255173468087
36,constant_baseline,far_constant_referenced,False,250.0,111.16371422889432
36,lower_plus_10nm,linear_drift_corrected,False,30.0,518.2343802917629
36,lower_plus_10nm,linear_drift_corrected,False,35.0,359.24717837082426
36,lower_plus_10nm,linear_drift_corrected,False,40.0,246.11686772195242
36,lower_plus_10nm,linear_drift_corrected,False,45.0,166.1493607947225
36,lower_plus_10nm,linear_drift_corrected,False,50.0,109.9460899575974
36,lower_plus_10nm,linear_drift_corrected,False,55.0,70.64025909072022
36,lower_plus_10nm,linear_drift_corrected,False,60.0,43.267707684418305
36,lower_plus_10nm,linear_drift_corrected,False,65.0,24.272893453586093
36,lower_plus_10nm,linear_drift_corrected,False,70.0,11.130112450934629
36,lower_plus_10nm,linear_drift_corrected,False,75.0,2.058064769533914
36,lower_plus_10nm,linear_drift_corrected,False,80.0,-4.191925110500749
36,lower_plus_10nm,linear_drift_corrected,False,85.0,-8.488347671244282
36,lower_plus_10nm,linear_drift_corrected,False,90.0,-11.43931274788791
36,lower_plus_10nm,linear_drift_corrected,False,95.0,-13.464535010988882
36,lower_plus_10nm,linear_drift_corrected,False,100.0,-14.852775708907606
36,lower_plus_10nm,linear_drift_corrected,False,105.0,-15.803198234093596
36,lower_plus_10nm,linear_drift_corrected,False,110.0,-16.45296868623623
36,lower_plus_10nm,linear_drift_corrected,False,115.0,-16.896448120395057
36,lower_plus_10nm,linear_drift_corrected,False,120.0,-17.198492719183854
36,lower_plus_10nm,linear_drift_corrected,False,125.0,-17.403647095515208
36,lower_plus_10nm,linear_drift_corrected,False,130.0,-17.542486577334294
36,lower_plus_10nm,linear_drift_corrected,False,135.0,-17.63598628655782
36,lower_plus_10nm,linear_drift_corrected,False,140.0,-17.698527638815843
36,lower_plus_10nm,linear_drift_corrected,False,145.0,-17.739965509953088
36,lower_plus_10nm,linear_drift_corrected,False,150.0,-17.767048656186855
36,lower_plus_10nm,linear_drift_corrected,False,155.0,-17.784395253728878
36,lower_plus_10nm,linear_drift_corrected,False,160.0,-17.795162629970182
36,lower_plus_10nm,linear_drift_corrected,False,165.0,-17.801506894950055
36,lower_plus_10nm,linear_drift_corrected,False,170.0,-17.80489828707598
36,lower_plus_10nm,linear_drift_corrected,False,175.0,-17.806337463185567
36,lower_plus_10nm,linear_drift_corrected,False,180.0,-17.80650380306517
36,lower_plus_10nm,linear_drift_corrected,False,185.0,-17.805857064230345
36,lower_plus_10nm,linear_drift_corrected,False,190.0,-17.804707034251372
36,lower_plus_10nm,linear_drift_corrected,False,195.0,-17.80326058415424
36,lower_plus_10nm,linear_drift_corrected,False,200.0,-17.801656463807813
36,lower_plus_10nm,linear_drift_corrected,False,205.0,-17.799985454727818
36,lower_plus_10nm,linear_drift_corrected,False,210.0,-17.79830600100336
36,lower_plus_10nm,linear_drift_corrected,False,215.0,-17.796655028941853
36,lower_plus_10nm,linear_drift_corrected,False,220.0,-17.79505502401949
36,lower_plus_10nm,linear_drift_corrected,False,225.0,-17.793518849252877
36,lower_plus_10nm,linear_drift_corrected,False,230.0,-17.792053018498173
36,lower_plus_10nm,linear_drift_corrected,False,235.0,-17.790659913690586
36,lower_plus_10nm,linear_drift_corrected,False,240.0,-17.789339281033726
36,lower_plus_10nm,linear_drift_corrected,False,245.0,-17.788089235534926
36,lower_plus_10nm,linear_drift_corrected,False,250.0,-17.786906930885106
36,upper_200nm,linear_drift_corrected,False,20.0,1200.1601611562364
36,upper_200nm,linear_drift_corrected,False,25.0,814.9889856958778
36,upper_200nm,linear_drift_corrected,False,30.0,547.8569191249597
36,upper_200nm,linear_drift_corrected,False,35.0,365.19317718174943
36,upper_200nm,linear_drift_corrected,False,40.0,240.1274481487424
36,upper_200nm,linear_drift_corrected,False,45.0,155.7757323742518
36,upper_200nm,linear_drift_corrected,False,50.0,98.65903297558327
36,upper_200nm,linear_drift_corrected,False,55.0,60.483853269473585
36,upper_200nm,linear_drift_corrected,False,60.0,34.89696903033496
36,upper_200nm,linear_drift_corrected,False,65.0,17.901984227414008
36,upper_200nm,linear_drift_corrected,False,70.0,6.596235972728561
36,upper_200nm,linear_drift_corrected,False,75.0,-0.8854858622115547
36,upper_200nm,linear_drift_corrected,False,80.0,-5.8356363565785205
36,upper_200nm,linear_drift_corrected,False,85.0,-9.104647094807053
36,upper_200nm,linear_drift_corrected,False,90.0,-11.258028042005364
36,upper_200nm,linear_drift_corrected,False,95.0,-12.677862263371145
36,upper_200nm,linear_drift_corrected,False,100.0,-13.608977710415314
36,upper_200nm,linear_drift_corrected,False,105.0,-14.221559111571741
36,upper_200nm,linear_drift_corrected,False,110.0,-14.62094559321733
36,upper_200nm,linear_drift_corrected,False,115.0,-14.88255259298114
36,upper_200nm,linear_drift_corrected,False,120.0,-15.051528326086265
36,upper_200nm,linear_drift_corrected,False,125.0,-15.161089284966286
36,upper_200nm,linear_drift_corrected,False,130.0,-15.23079691787433
36,upper_200nm,linear_drift_corrected,False,135.0,-15.274954903620475
36,upper_200nm,linear_drift_corrected,False,140.0,-15.302152374954865
36,upper_200nm,linear_drift_corrected,False,145.0,-15.318479357660816
36,upper_200nm,linear_drift_corrected,False,150.0,-15.32770732668475
36,upper_200nm,linear_drift_corrected,False,155.0,-15.332415430124724
36,upper_200nm,linear_drift_corrected,False,160.0,-15.334248253800931
36,upper_200nm,linear_drift_corrected,False,165.0,-15.334287949533396
36,upper_200nm,linear_drift_corrected,False,170.0,-15.333243242186237
36,upper_200nm,linear_drift_corrected,False,175.0,-15.331560393953094
36,upper_200nm,linear_drift_corrected,False,180.0,-15.329538357458452
36,upper_200nm,linear_drift_corrected,False,185.0,-15.32735500439439
36,upper_200nm,linear_drift_corrected,False,190.0,-15.325131289095182
36,upper_200nm,linear_drift_corrected,False,195.0,-15.322933084866364
36,upper_200nm,linear_drift_corrected,False,200.0,-15.320804977939373
36,common_80_250nm,linear_drift_corrected,False,80.0,0.6071835481912231
36,common_80_250nm,linear_drift_corrected,False,85.0,-4.073271372298185
36,common_80_250nm,linear_drift_corrected,False,90.0,-7.648588971881688
36,common_80_250nm,linear_drift_corrected,False,95.0,-10.375678634744139
36,common_80_250nm,linear_drift_corrected,False,100.0,-12.453205509631868
36,common_80_250nm,linear_drift_corrected,False,105.0,-14.034217762615109
36,common_80_250nm,linear_drift_corrected,False,110.0,-15.236266822802387
36,common_80_250nm,linear_drift_corrected,False,115.0,-16.14942345353112
36,common_80_250nm,linear_drift_corrected,False,120.0,-16.84256963832587
36,common_80_250nm,linear_drift_corrected,False,125.0,-17.368302268367632
36,common_80_250nm,linear_drift_corrected,False,130.0,-17.766733784213955
36,common_80_250nm,linear_drift_corrected,False,135.0,-18.068425106749935
36,common_80_250nm,linear_drift_corrected,False,140.0,-18.2963440116034
36,common_80_250nm,linear_drift_corrected,False,145.0,-18.46863073029376
36,common_80_250nm,linear_drift_corrected,False,150.0,-18.59869087230464
36,common_80_250nm,linear_drift_corrected,False,155.0,-18.696715967746112
36,common_80_250nm,linear_drift_corrected,False,160.0,-18.7704514359378
36,common_80_250nm,linear_drift_corrected,False,165.0,-18.82578143641733
36,common_80_250nm,linear_drift_corrected,False,170.0,-18.867174514834996
36,common_80_250nm,linear_drift_corrected,False,175.0,-18.89802295240876
36,common_80_250nm,linear_drift_corrected,False,180.0,-18.920901035004178
36,common_80_250nm,linear_drift_corrected,False,185.0,-18.93776152865962
36,common_80_250nm,linear_drift_corrected,False,190.0,-18.950085092442016
36,common_80_250nm,linear_drift_corrected,False,195.0,-18.95899386725466
36,common_80_250nm,linear_drift_corrected,False,200.0,-18.96533780733246
36,common_80_250nm,linear_drift_corrected,False,205.0,-18.969760279946236
36,common_80_250nm,linear_drift_corrected,False,210.0,-18.97274790123573
36,common_80_250nm,linear_drift_corrected,False,215.0,-18.97466838860258
36,common_80_250nm,linear_drift_corrected,False,220.0,-18.97579930542404
36,common_80_250nm,linear_drift_corrected,False,225.0,-18.97634988503057
36,common_80_250nm,linear_drift_corrected,False,230.0,-18.97647759666062
36,common_80_250nm,linear_drift_corrected,False,235.0,-18.97630071728215
36,common_80_250nm,linear_drift_corrected,False,240.0,-18.975907869841887
36,common_80_250nm,linear_drift_corrected,False,245.0,-18.975364786940176
36,common_80_250nm,linear_drift_corrected,False,250.0,-18.974721089933503
36,no_slip_hydrodynamic,linear_then_no_slip_corrected,True,20.0,1143.2047045436009
36,no_slip_hydrodynamic,linear_then_no_slip_corrected,True,25.0,761.5485144068425
36,no_slip_hydrodynamic,linear_then_no_slip_corrected,True,30.0,500.9534149477419
36,no_slip_hydrodynamic,linear_then_no_slip_corrected,True,35.0,325.35729215588816
36,no_slip_hydrodynamic,linear_then_no_slip_corrected,True,40.0,207.44021612239288
36,no_slip_hydrodynamic,linear_then_no_slip_corrected,True,45.0,128.6761297698567
36,no_slip_hydrodynamic,linear_then_no_slip_corrected,True,50.0,76.69668602316186
36,no_slip_hydrodynamic,linear_then_no_slip_corrected,True,55.0,42.325634518230814
36,no_slip_hydrodynamic,linear_then_no_slip_corrected,True,60.0,19.73473816365022
36,no_slip_hydrodynamic,linear_then_no_slip_corrected,True,65.0,4.994982454569222
36,no_slip_hydrodynamic,linear_then_no_slip_corrected,True,70.0,-4.653912499834796
36,no_slip_hydrodynamic,linear_then_no_slip_corrected,True,75.0,-10.933994688715554
36,no_slip_hydrodynamic,linear_then_no_slip_corrected,True,80.0,-15.011167259395531
36,no_slip_hydrodynamic,linear_then_no_slip_corrected,True,85.0,-17.664489140708834
36,no_slip_hydrodynamic,linear_then_no_slip_corrected,True,90.0,-19.380031020254076
36,no_slip_hydrodynamic,linear_then_no_slip_corrected,True,95.0,-20.49022931309896
36,no_slip_hydrodynamic,linear_then_no_slip_corrected,True,100.0,-21.20863954059523
36,no_slip_hydrodynamic,linear_then_no_slip_corrected,True,105.0,-21.66940694887931
36,no_slip_hydrodynamic,linear_then_no_slip_corrected,True,110.0,-21.965666270331752
36,no_slip_hydrodynamic,linear_then_no_slip_corrected,True,115.0,-22.15511705474469
36,no_slip_hydrodynamic,linear_then_no_slip_corrected,True,120.0,-22.27470715421024
36,no_slip_hydrodynamic,linear_then_no_slip_corrected,True,125.0,-22.35000886050265
36,no_slip_hydrodynamic,linear_then_no_slip_corrected,True,130.0,-22.396552846707234
36,no_slip_hydrodynamic,linear_then_no_slip_corrected,True,135.0,-22.424574744201784
36,no_slip_hydrodynamic,linear_then_no_slip_corrected,True,140.0,-22.440913298797224
36,no_slip_hydrodynamic,linear_then_no_slip_corrected,True,145.0,-22.449755051918352
36,no_slip_hydrodynamic,linear_then_no_slip_corrected,True,150.0,-22.45390470509668
36,no_slip_hydrodynamic,linear_then_no_slip_corrected,True,155.0,-22.455165881153363
36,no_slip_hydrodynamic,linear_then_no_slip_corrected,True,160.0,-22.45464607701964
36,no_slip_hydrodynamic,linear_then_no_slip_corrected,True,165.0,-22.453095698719423
36,no_slip_hydrodynamic,linear_then_no_slip_corrected,True,170.0,-22.450974302408696
36,no_slip_hydrodynamic,linear_then_no_slip_corrected,True,175.0,-22.44856094002043
36,no_slip_hydrodynamic,linear_then_no_slip_corrected,True,180.0,-22.446044302703367
36,no_slip_hydrodynamic,linear_then_no_slip_corrected,True,185.0,-22.443529792928544
36,no_slip_hydrodynamic,linear_then_no_slip_corrected,True,190.0,-22.44107963878511
36,no_slip_hydrodynamic,linear_then_no_slip_corrected,True,195.0,-22.438730952784674
36,no_slip_hydrodynamic,linear_then_no_slip_corrected,True,200.0,-22.436500262826968
36,no_slip_hydrodynamic,linear_then_no_slip_corrected,True,205.0,-22.43439423903589
36,no_slip_hydrodynamic,linear_then_no_slip_corrected,True,210.0,-22.432413205669214
36,no_slip_hydrodynamic,linear_then_no_slip_corrected,True,215.0,-22.43055311221347
36,no_slip_hydrodynamic,linear_then_no_slip_corrected,True,220.0,-22.428808266900276
36,no_slip_hydrodynamic,linear_then_no_slip_corrected,True,225.0,-22.427171859004826
36,no_slip_hydrodynamic,linear_then_no_slip_corrected,True,230.0,-22.425636639474924
36,no_slip_hydrodynamic,linear_then_no_slip_corrected,True,235.0,-22.42419556607132
36,no_slip_hydrodynamic,linear_then_no_slip_corrected,True,240.0,-22.42284178356983
36,no_slip_hydrodynamic,linear_then_no_slip_corrected,True,245.0,-22.421568824465044
36,no_slip_hydrodynamic,linear_then_no_slip_corrected,True,250.0,-22.420370700382136
